ISO-10303-21;
HEADER;
FILE_DESCRIPTION(('Open CASCADE Model'),'2;1');
FILE_NAME('Open CASCADE Shape Model','2026-09-30T08:40:33',('Author'),(
    'Open CASCADE'),'Open CASCADE STEP processor 7.8','build123d',
  'Unknown');
FILE_SCHEMA(('AUTOMOTIVE_DESIGN { 1 0 10303 214 1 1 1 1 }'));
ENDSEC;
DATA;
#1 = APPLICATION_PROTOCOL_DEFINITION('international standard',
  'automotive_design',2000,#2);
#2 = APPLICATION_CONTEXT(
  'core data for automotive mechanical design processes');
#3 = SHAPE_DEFINITION_REPRESENTATION(#4,#10);
#4 = PRODUCT_DEFINITION_SHAPE('','',#5);
#5 = PRODUCT_DEFINITION('design','',#6,#9);
#6 = PRODUCT_DEFINITION_FORMATION('','',#7);
#7 = PRODUCT('SOLID','SOLID','',(#8));
#8 = PRODUCT_CONTEXT('',#2,'mechanical');
#9 = PRODUCT_DEFINITION_CONTEXT('part definition',#2,'design');
#10 = ADVANCED_BREP_SHAPE_REPRESENTATION('',(#11,#15),#3587);
#11 = AXIS2_PLACEMENT_3D('',#12,#13,#14);
#12 = CARTESIAN_POINT('',(0.,0.,0.));
#13 = DIRECTION('',(0.,0.,1.));
#14 = DIRECTION('',(1.,0.,-0.));
#15 = MANIFOLD_SOLID_BREP('',#16);
#16 = CLOSED_SHELL('',(#17,#1347,#1568,#1603,#1829,#2055,#2281,#2507,
    #2733,#2959,#3014,#3064,#3114,#3164,#3214,#3269,#3319,#3387,#3440,
    #3475,#3530,#3580));
#17 = ADVANCED_FACE('',(#18,#105,#312,#519,#726,#933,#1140),#31,.T.);
#18 = FACE_BOUND('',#19,.T.);
#19 = EDGE_LOOP('',(#20,#54,#77,#104));
#20 = ORIENTED_EDGE('',*,*,#21,.T.);
#21 = EDGE_CURVE('',#22,#22,#24,.T.);
#22 = VERTEX_POINT('',#23);
#23 = CARTESIAN_POINT('',(70.65,-1.730425927195E-14,-6.3));
#24 = SURFACE_CURVE('',#25,(#30,#42),.PCURVE_S1.);
#25 = CIRCLE('',#26,70.65);
#26 = AXIS2_PLACEMENT_3D('',#27,#28,#29);
#27 = CARTESIAN_POINT('',(0.,0.,-6.3));
#28 = DIRECTION('',(0.,0.,1.));
#29 = DIRECTION('',(1.,0.,0.));
#30 = PCURVE('',#31,#36);
#31 = CYLINDRICAL_SURFACE('',#32,70.65);
#32 = AXIS2_PLACEMENT_3D('',#33,#34,#35);
#33 = CARTESIAN_POINT('',(0.,0.,-6.3));
#34 = DIRECTION('',(0.,0.,1.));
#35 = DIRECTION('',(1.,0.,0.));
#36 = DEFINITIONAL_REPRESENTATION('',(#37),#41);
#37 = LINE('',#38,#39);
#38 = CARTESIAN_POINT('',(0.,0.));
#39 = VECTOR('',#40,1.);
#40 = DIRECTION('',(1.,0.));
#41 = ( GEOMETRIC_REPRESENTATION_CONTEXT(2) 
PARAMETRIC_REPRESENTATION_CONTEXT() REPRESENTATION_CONTEXT('2D SPACE',''
  ) );
#42 = PCURVE('',#43,#48);
#43 = PLANE('',#44);
#44 = AXIS2_PLACEMENT_3D('',#45,#46,#47);
#45 = CARTESIAN_POINT('',(0.,0.,-6.3));
#46 = DIRECTION('',(0.,0.,1.));
#47 = DIRECTION('',(1.,0.,0.));
#48 = DEFINITIONAL_REPRESENTATION('',(#49),#53);
#49 = CIRCLE('',#50,70.65);
#50 = AXIS2_PLACEMENT_2D('',#51,#52);
#51 = CARTESIAN_POINT('',(0.,0.));
#52 = DIRECTION('',(1.,0.));
#53 = ( GEOMETRIC_REPRESENTATION_CONTEXT(2) 
PARAMETRIC_REPRESENTATION_CONTEXT() REPRESENTATION_CONTEXT('2D SPACE',''
  ) );
#54 = ORIENTED_EDGE('',*,*,#55,.T.);
#55 = EDGE_CURVE('',#22,#56,#58,.T.);
#56 = VERTEX_POINT('',#57);
#57 = CARTESIAN_POINT('',(70.65,-1.730425927195E-14,8.5));
#58 = SEAM_CURVE('',#59,(#63,#70),.PCURVE_S1.);
#59 = LINE('',#60,#61);
#60 = CARTESIAN_POINT('',(70.65,-1.730425927195E-14,-6.3));
#61 = VECTOR('',#62,1.);
#62 = DIRECTION('',(0.,0.,1.));
#63 = PCURVE('',#31,#64);
#64 = DEFINITIONAL_REPRESENTATION('',(#65),#69);
#65 = LINE('',#66,#67);
#66 = CARTESIAN_POINT('',(0.,-0.));
#67 = VECTOR('',#68,1.);
#68 = DIRECTION('',(0.,1.));
#69 = ( GEOMETRIC_REPRESENTATION_CONTEXT(2) 
PARAMETRIC_REPRESENTATION_CONTEXT() REPRESENTATION_CONTEXT('2D SPACE',''
  ) );
#70 = PCURVE('',#31,#71);
#71 = DEFINITIONAL_REPRESENTATION('',(#72),#76);
#72 = LINE('',#73,#74);
#73 = CARTESIAN_POINT('',(6.28318530718,-0.));
#74 = VECTOR('',#75,1.);
#75 = DIRECTION('',(0.,1.));
#76 = ( GEOMETRIC_REPRESENTATION_CONTEXT(2) 
PARAMETRIC_REPRESENTATION_CONTEXT() REPRESENTATION_CONTEXT('2D SPACE',''
  ) );
#77 = ORIENTED_EDGE('',*,*,#78,.F.);
#78 = EDGE_CURVE('',#56,#56,#79,.T.);
#79 = SURFACE_CURVE('',#80,(#85,#92),.PCURVE_S1.);
#80 = CIRCLE('',#81,70.65);
#81 = AXIS2_PLACEMENT_3D('',#82,#83,#84);
#82 = CARTESIAN_POINT('',(0.,0.,8.5));
#83 = DIRECTION('',(0.,0.,1.));
#84 = DIRECTION('',(1.,0.,0.));
#85 = PCURVE('',#31,#86);
#86 = DEFINITIONAL_REPRESENTATION('',(#87),#91);
#87 = LINE('',#88,#89);
#88 = CARTESIAN_POINT('',(0.,14.8));
#89 = VECTOR('',#90,1.);
#90 = DIRECTION('',(1.,0.));
#91 = ( GEOMETRIC_REPRESENTATION_CONTEXT(2) 
PARAMETRIC_REPRESENTATION_CONTEXT() REPRESENTATION_CONTEXT('2D SPACE',''
  ) );
#92 = PCURVE('',#93,#98);
#93 = PLANE('',#94);
#94 = AXIS2_PLACEMENT_3D('',#95,#96,#97);
#95 = CARTESIAN_POINT('',(0.,0.,8.5));
#96 = DIRECTION('',(0.,0.,1.));
#97 = DIRECTION('',(1.,0.,0.));
#98 = DEFINITIONAL_REPRESENTATION('',(#99),#103);
#99 = CIRCLE('',#100,70.65);
#100 = AXIS2_PLACEMENT_2D('',#101,#102);
#101 = CARTESIAN_POINT('',(0.,0.));
#102 = DIRECTION('',(1.,0.));
#103 = ( GEOMETRIC_REPRESENTATION_CONTEXT(2) 
PARAMETRIC_REPRESENTATION_CONTEXT() REPRESENTATION_CONTEXT('2D SPACE',''
  ) );
#104 = ORIENTED_EDGE('',*,*,#55,.F.);
#105 = FACE_BOUND('',#106,.T.);
#106 = EDGE_LOOP('',(#107));
#107 = ORIENTED_EDGE('',*,*,#108,.F.);
#108 = EDGE_CURVE('',#109,#109,#111,.T.);
#109 = VERTEX_POINT('',#110);
#110 = CARTESIAN_POINT('',(43.106755829625,55.975263303044,-1.15));
#111 = SURFACE_CURVE('',#112,(#175,#241),.PCURVE_S1.);
#112 = B_SPLINE_CURVE_WITH_KNOTS('',7,(#113,#114,#115,#116,#117,#118,
    #119,#120,#121,#122,#123,#124,#125,#126,#127,#128,#129,#130,#131,
    #132,#133,#134,#135,#136,#137,#138,#139,#140,#141,#142,#143,#144,
    #145,#146,#147,#148,#149,#150,#151,#152,#153,#154,#155,#156,#157,
    #158,#159,#160,#161,#162,#163,#164,#165,#166,#167,#168,#169,#170,
    #171,#172,#173,#174),.UNSPECIFIED.,.T.,.F.,(8,6,6,6,6,6,6,6,6,6,8),(
    0.,8.23448698034E-02,0.180750850222,0.344501851602,0.442273046251,
    0.531818821968,0.631500614506,0.750063824353,0.844377945319,
    0.948705854368,1.),.UNSPECIFIED.);
#113 = CARTESIAN_POINT('',(43.106755829625,55.975263303044,-1.15));
#114 = CARTESIAN_POINT('',(42.872410391458,56.155733585571,-1.15));
#115 = CARTESIAN_POINT('',(42.639538758756,56.333245871629,
    -1.119070236438));
#116 = CARTESIAN_POINT('',(42.412113952338,56.50480406371,
    -1.058329038025));
#117 = CARTESIAN_POINT('',(42.193988170271,56.667695967186,
    -0.970176329528));
#118 = CARTESIAN_POINT('',(41.98861665216,56.819659896452,
    -0.858213115965));
#119 = CARTESIAN_POINT('',(41.798808068143,56.958999472096,
    -0.727176841027));
#120 = CARTESIAN_POINT('',(41.42058692394,57.234800829137,
    -0.410466210089));
#121 = CARTESIAN_POINT('',(41.237053944334,57.367306652599,
    -0.216931213153));
#122 = CARTESIAN_POINT('',(41.075718954153,57.482833575164,
    -7.474705091384E-03));
#123 = CARTESIAN_POINT('',(40.935981685427,57.582242771227,
    0.213972757334));
#124 = CARTESIAN_POINT('',(40.817078676217,57.666403969359,
    0.444403555416));
#125 = CARTESIAN_POINT('',(40.718267058974,57.736077391016,
    0.681501714358));
#126 = CARTESIAN_POINT('',(40.506933270816,57.884686221566,
    1.326230651683));
#127 = CARTESIAN_POINT('',(40.428893298175,57.939037875388,
    1.742506589432));
#128 = CARTESIAN_POINT('',(40.401910530906,57.957737437618,
    2.164534079512));
#129 = CARTESIAN_POINT('',(40.424901711364,57.941769052074,
    2.587300960632));
#130 = CARTESIAN_POINT('',(40.49848568615,57.890597672005,3.005665040526
    ));
#131 = CARTESIAN_POINT('',(40.624840909574,57.8022032932,3.41338849915)
  );
#132 = CARTESIAN_POINT('',(40.916084258131,57.596131291061,
    4.030835036031));
#133 = CARTESIAN_POINT('',(41.045258628572,57.504372828076,
    4.254835425898));
#134 = CARTESIAN_POINT('',(41.195423598177,57.397159044272,
    4.469251967007));
#135 = CARTESIAN_POINT('',(41.367148183461,57.273758502748,
    4.670714740497));
#136 = CARTESIAN_POINT('',(41.560761245668,57.133514778527,
    4.855140008576));
#137 = CARTESIAN_POINT('',(41.776161041204,56.975971185381,
    5.017554990451));
#138 = CARTESIAN_POINT('',(42.228983567397,56.641044666001,
    5.274723457397));
#139 = CARTESIAN_POINT('',(42.464758617735,56.465165736543,
    5.375002858514));
#140 = CARTESIAN_POINT('',(42.714617052477,56.27688947461,5.444299899157
    ));
#141 = CARTESIAN_POINT('',(42.972047654278,56.080660230132,
    5.477454703543));
#142 = CARTESIAN_POINT('',(43.229977570699,55.881696583682,
    5.472516092749));
#143 = CARTESIAN_POINT('',(43.48149206422,55.68550046581,5.430802365427)
  );
#144 = CARTESIAN_POINT('',(43.986661343076,55.287529258383,5.274797553)
  );
#145 = CARTESIAN_POINT('',(44.233681827013,55.090514422871,
    5.153953534107));
#146 = CARTESIAN_POINT('',(44.459254568373,54.908568363125,
    5.001225567374));
#147 = CARTESIAN_POINT('',(44.662139873403,54.743336535311,
    4.822810938859));
#148 = CARTESIAN_POINT('',(44.84185198052,54.595809594987,4.62451609263)
  );
#149 = CARTESIAN_POINT('',(44.998522145326,54.466374936114,
    4.411828881756));
#150 = CARTESIAN_POINT('',(45.292666942433,54.222135345349,
    3.925988013855));
#151 = CARTESIAN_POINT('',(45.422554461422,54.113358838429,
    3.646254075911));
#152 = CARTESIAN_POINT('',(45.524333600084,54.027610337042,3.35599402601
    ));
#153 = CARTESIAN_POINT('',(45.599552779947,53.963996138105,3.05884014103
    ));
#154 = CARTESIAN_POINT('',(45.649334401806,53.921812241074,
    2.757426976656));
#155 = CARTESIAN_POINT('',(45.674262049507,53.900689107218,
    2.453843248164));
#156 = CARTESIAN_POINT('',(45.674262049507,53.900689107218,
    1.908300159897));
#157 = CARTESIAN_POINT('',(45.658487826504,53.914055861222,
    1.666680701781));
#158 = CARTESIAN_POINT('',(45.626959312828,53.940772348788,
    1.426170090724));
#159 = CARTESIAN_POINT('',(45.579451129031,53.98097990133,1.187832256358
    ));
#160 = CARTESIAN_POINT('',(45.515523645842,54.034951025226,
    0.952906831364));
#161 = CARTESIAN_POINT('',(45.434550877708,54.103056134653,
    0.722953434761));
#162 = CARTESIAN_POINT('',(45.226448860508,54.277169522807,
    0.253374516712));
#163 = CARTESIAN_POINT('',(45.094881354511,54.386811249651,
    1.429843890151E-02));
#164 = CARTESIAN_POINT('',(44.939944426849,54.515250881078,
    -0.213685265891));
#165 = CARTESIAN_POINT('',(44.760654473456,54.662873943345,
    -0.426258625179));
#166 = CARTESIAN_POINT('',(44.556260776624,54.829740051606,
    -0.618223849777));
#167 = CARTESIAN_POINT('',(44.32647582375,55.01538019542,-0.783282237354
    ));
#168 = CARTESIAN_POINT('',(43.946871819705,55.318356672902,
    -0.977693538481));
#169 = CARTESIAN_POINT('',(43.815901869632,55.422347715531,
    -1.033316579204));
#170 = CARTESIAN_POINT('',(43.679923548286,55.529706596243,
    -1.079203500674));
#171 = CARTESIAN_POINT('',(43.539911600746,55.639587006767,
    -1.114361392572));
#172 = CARTESIAN_POINT('',(43.396942419389,55.751087925655,
    -1.138092085205));
#173 = CARTESIAN_POINT('',(43.252162321958,55.863285229316,-1.15));
#174 = CARTESIAN_POINT('',(43.106755829625,55.975263303044,-1.15));
#175 = PCURVE('',#31,#176);
#176 = DEFINITIONAL_REPRESENTATION('',(#177),#240);
#177 = B_SPLINE_CURVE_WITH_KNOTS('',7,(#178,#179,#180,#181,#182,#183,
    #184,#185,#186,#187,#188,#189,#190,#191,#192,#193,#194,#195,#196,
    #197,#198,#199,#200,#201,#202,#203,#204,#205,#206,#207,#208,#209,
    #210,#211,#212,#213,#214,#215,#216,#217,#218,#219,#220,#221,#222,
    #223,#224,#225,#226,#227,#228,#229,#230,#231,#232,#233,#234,#235,
    #236,#237,#238,#239),.UNSPECIFIED.,.T.,.F.,(8,6,6,6,6,6,6,6,6,6,8),(
    0.,8.23448698034E-02,0.180750850222,0.344501851602,0.442273046251,
    0.531818821968,0.631500614506,0.750063824353,0.844377945319,
    0.948705854368,1.),.UNSPECIFIED.);
#178 = CARTESIAN_POINT('',(0.914552528045,5.15));
#179 = CARTESIAN_POINT('',(0.918739117341,5.15));
#180 = CARTESIAN_POINT('',(0.922883633295,5.180929763562));
#181 = CARTESIAN_POINT('',(0.926915765729,5.241670961975));
#182 = CARTESIAN_POINT('',(0.930769003111,5.329823670472));
#183 = CARTESIAN_POINT('',(0.934385108556,5.441786884035));
#184 = CARTESIAN_POINT('',(0.93771790107,5.572823158973));
#185 = CARTESIAN_POINT('',(0.944343520508,5.889533789911));
#186 = CARTESIAN_POINT('',(0.947547550872,6.083068786847));
#187 = CARTESIAN_POINT('',(0.950356192088,6.292525294909));
#188 = CARTESIAN_POINT('',(0.952783490518,6.513972757334));
#189 = CARTESIAN_POINT('',(0.954845401469,6.744403555416));
#190 = CARTESIAN_POINT('',(0.956556729486,6.981501714358));
#191 = CARTESIAN_POINT('',(0.960213538341,7.626230651683));
#192 = CARTESIAN_POINT('',(0.961559621613,8.042506589432));
#193 = CARTESIAN_POINT('',(0.962024299339,8.464534079512));
#194 = CARTESIAN_POINT('',(0.96162808331,8.887300960632));
#195 = CARTESIAN_POINT('',(0.960359460989,9.305665040526));
#196 = CARTESIAN_POINT('',(0.958176829555,9.71338849915));
#197 = CARTESIAN_POINT('',(0.953126936554,10.330835036031));
#198 = CARTESIAN_POINT('',(0.950884228785,10.554835425898));
#199 = CARTESIAN_POINT('',(0.948272620883,10.769251967007));
#200 = CARTESIAN_POINT('',(0.94527952772,10.970714740497));
#201 = CARTESIAN_POINT('',(0.941895717703,11.155140008576));
#202 = CARTESIAN_POINT('',(0.938118486002,11.317554990451));
#203 = CARTESIAN_POINT('',(0.930146420441,11.574723457397));
#204 = CARTESIAN_POINT('',(0.925982994256,11.675002858514));
#205 = CARTESIAN_POINT('',(0.921554871613,11.744299899157));
#206 = CARTESIAN_POINT('',(0.916973371844,11.777454703543));
#207 = CARTESIAN_POINT('',(0.912362701483,11.772516092749));
#208 = CARTESIAN_POINT('',(0.907847725443,11.730802365427));
#209 = CARTESIAN_POINT('',(0.898745112709,11.574797553));
#210 = CARTESIAN_POINT('',(0.894272933721,11.453953534107));
#211 = CARTESIAN_POINT('',(0.890171030735,11.301225567374));
#212 = CARTESIAN_POINT('',(0.886467530317,11.122810938859));
#213 = CARTESIAN_POINT('',(0.883176553557,10.92451609263));
#214 = CARTESIAN_POINT('',(0.880300111701,10.711828881756));
#215 = CARTESIAN_POINT('',(0.874888543868,10.225988013855));
#216 = CARTESIAN_POINT('',(0.872490548335,9.946254075911));
#217 = CARTESIAN_POINT('',(0.870606822909,9.65599402601));
#218 = CARTESIAN_POINT('',(0.869212451761,9.35884014103));
#219 = CARTESIAN_POINT('',(0.868288870826,9.057426976656));
#220 = CARTESIAN_POINT('',(0.867826397285,8.753843248164));
#221 = CARTESIAN_POINT('',(0.867826397285,8.208300159897));
#222 = CARTESIAN_POINT('',(0.868119050994,7.966680701781));
#223 = CARTESIAN_POINT('',(0.86870398722,7.726170090724));
#224 = CARTESIAN_POINT('',(0.869584933458,7.487832256358));
#225 = CARTESIAN_POINT('',(0.87076913028,7.252906831364));
#226 = CARTESIAN_POINT('',(0.872266732257,7.022953434761));
#227 = CARTESIAN_POINT('',(0.876107264432,6.553374516712));
#228 = CARTESIAN_POINT('',(0.878531377069,6.314298438902));
#229 = CARTESIAN_POINT('',(0.881379931965,6.086314734109));
#230 = CARTESIAN_POINT('',(0.884667148164,5.873741374821));
#231 = CARTESIAN_POINT('',(0.888401801754,5.681776150223));
#232 = CARTESIAN_POINT('',(0.892582956421,5.516717762646));
#233 = CARTESIAN_POINT('',(0.899457537387,5.322306461519));
#234 = CARTESIAN_POINT('',(0.901824609451,5.266683420796));
#235 = CARTESIAN_POINT('',(0.904276842377,5.220796499326));
#236 = CARTESIAN_POINT('',(0.906796008094,5.185638607428));
#237 = CARTESIAN_POINT('',(0.909362275595,5.161907914795));
#238 = CARTESIAN_POINT('',(0.911954836069,5.15));
#239 = CARTESIAN_POINT('',(0.914552528045,5.15));
#240 = ( GEOMETRIC_REPRESENTATION_CONTEXT(2) 
PARAMETRIC_REPRESENTATION_CONTEXT() REPRESENTATION_CONTEXT('2D SPACE',''
  ) );
#241 = PCURVE('',#242,#247);
#242 = CYLINDRICAL_SURFACE('',#243,3.3);
#243 = AXIS2_PLACEMENT_3D('',#244,#245,#246);
#244 = CARTESIAN_POINT('',(41.03226227236,53.281478515637,2.15));
#245 = DIRECTION('',(0.610145163901,0.792289643355,2.22044604925E-16));
#246 = DIRECTION('',(1.354794418654E-16,1.75923640845E-16,-1.));
#247 = DEFINITIONAL_REPRESENTATION('',(#248),#311);
#248 = B_SPLINE_CURVE_WITH_KNOTS('',7,(#249,#250,#251,#252,#253,#254,
    #255,#256,#257,#258,#259,#260,#261,#262,#263,#264,#265,#266,#267,
    #268,#269,#270,#271,#272,#273,#274,#275,#276,#277,#278,#279,#280,
    #281,#282,#283,#284,#285,#286,#287,#288,#289,#290,#291,#292,#293,
    #294,#295,#296,#297,#298,#299,#300,#301,#302,#303,#304,#305,#306,
    #307,#308,#309,#310),.UNSPECIFIED.,.F.,.F.,(8,6,6,6,6,6,6,6,6,6,8),(
    0.,8.23448698034E-02,0.180750850222,0.344501851602,0.442273046251,
    0.531818821968,0.631500614506,0.750063824353,0.844377945319,
    0.948705854368,1.),.UNSPECIFIED.);
#249 = CARTESIAN_POINT('',(0.,3.4));
#250 = CARTESIAN_POINT('',(8.963107082984E-02,3.4));
#251 = CARTESIAN_POINT('',(0.178361282274,3.398555645309));
#252 = CARTESIAN_POINT('',(0.26585957332,3.39571727834));
#253 = CARTESIAN_POINT('',(0.351767500479,3.3916864554));
#254 = CARTESIAN_POINT('',(0.435662016101,3.386779464143));
#255 = CARTESIAN_POINT('',(0.516993437746,3.38136597723));
#256 = CARTESIAN_POINT('',(0.688218445369,3.369110734017));
#257 = CARTESIAN_POINT('',(0.777871988703,3.362111965706));
#258 = CARTESIAN_POINT('',(0.864535842286,3.355204985957));
#259 = CARTESIAN_POINT('',(0.948672804966,3.348705843722));
#260 = CARTESIAN_POINT('',(1.030694701304,3.342837793332));
#261 = CARTESIAN_POINT('',(1.111001571007,3.337749893329));
#262 = CARTESIAN_POINT('',(1.321448742114,3.326546841871));
#263 = CARTESIAN_POINT('',(1.449255666382,3.321993382396));
#264 = CARTESIAN_POINT('',(1.575383514661,3.320345446928));
#265 = CARTESIAN_POINT('',(1.701379073907,3.32172181801));
#266 = CARTESIAN_POINT('',(1.828776256203,3.326076169901));
#267 = CARTESIAN_POINT('',(1.959116160522,3.333137247548));
#268 = CARTESIAN_POINT('',(2.17516641766,3.347569255109));
#269 = CARTESIAN_POINT('',(2.257940490871,3.35368509262));
#270 = CARTESIAN_POINT('',(2.343009331529,3.360363152079));
#271 = CARTESIAN_POINT('',(2.430674925368,3.367371106279));
#272 = CARTESIAN_POINT('',(2.521294021704,3.374389529608));
#273 = CARTESIAN_POINT('',(2.615277267258,3.380994515932));
#274 = CARTESIAN_POINT('',(2.802872409535,3.391923177804));
#275 = CARTESIAN_POINT('',(2.896566932435,3.396433130243));
#276 = CARTESIAN_POINT('',(2.992701083426,3.399713713442));
#277 = CARTESIAN_POINT('',(3.090107126252,3.401313352047));
#278 = CARTESIAN_POINT('',(3.187787254842,3.401051206691));
#279 = CARTESIAN_POINT('',(3.284702940007,3.399067406307));
#280 = CARTESIAN_POINT('',(3.485222107952,3.391985532755));
#281 = CARTESIAN_POINT('',(3.586890146372,3.38661107265));
#282 = CARTESIAN_POINT('',(3.685048617615,3.380089211112));
#283 = CARTESIAN_POINT('',(3.779948438639,3.372967232874));
#284 = CARTESIAN_POINT('',(3.871737726827,3.365733638991));
#285 = CARTESIAN_POINT('',(3.960444529583,3.358775442658));
#286 = CARTESIAN_POINT('',(4.147740408715,3.34473796984));
#287 = CARTESIAN_POINT('',(4.246081828412,3.337805711529));
#288 = CARTESIAN_POINT('',(4.341846988348,3.331968111187));
#289 = CARTESIAN_POINT('',(4.435707560991,3.327461859025));
#290 = CARTESIAN_POINT('',(4.528320309427,3.32441401012));
#291 = CARTESIAN_POINT('',(4.62031526882,3.322887853623));
#292 = CARTESIAN_POINT('',(4.785631356174,3.322887853623));
#293 = CARTESIAN_POINT('',(4.858849624046,3.323853628506));
#294 = CARTESIAN_POINT('',(4.932372534002,3.325783854767));
#295 = CARTESIAN_POINT('',(5.006520493379,3.328652993641));
#296 = CARTESIAN_POINT('',(5.081610591234,3.332408711436));
#297 = CARTESIAN_POINT('',(5.157974285937,3.33696254141));
#298 = CARTESIAN_POINT('',(5.322284294871,3.347938336221));
#299 = CARTESIAN_POINT('',(5.410955158799,3.354531063368));
#300 = CARTESIAN_POINT('',(5.50230889476,3.361758436021));
#301 = CARTESIAN_POINT('',(5.596671691631,3.369325761378));
#302 = CARTESIAN_POINT('',(5.694450316999,3.376822225126));
#303 = CARTESIAN_POINT('',(5.796121690287,3.383700810728));
#304 = CARTESIAN_POINT('',(5.95463249652,3.392132388751));
#305 = CARTESIAN_POINT('',(6.00793881412,3.394612733174));
#306 = CARTESIAN_POINT('',(6.062075861466,3.396705547319));
#307 = CARTESIAN_POINT('',(6.116844882788,3.398335045905));
#308 = CARTESIAN_POINT('',(6.172066754391,3.399444114573));
#309 = CARTESIAN_POINT('',(6.227571083513,3.4));
#310 = CARTESIAN_POINT('',(6.28318530718,3.4));
#311 = ( GEOMETRIC_REPRESENTATION_CONTEXT(2) 
PARAMETRIC_REPRESENTATION_CONTEXT() REPRESENTATION_CONTEXT('2D SPACE',''
  ) );
#312 = FACE_BOUND('',#313,.T.);
#313 = EDGE_LOOP('',(#314));
#314 = ORIENTED_EDGE('',*,*,#315,.F.);
#315 = EDGE_CURVE('',#316,#316,#318,.T.);
#316 = VERTEX_POINT('',#317);
#317 = CARTESIAN_POINT('',(-26.92262208914,65.31917727471,-1.15));
#318 = SURFACE_CURVE('',#319,(#382,#448),.PCURVE_S1.);
#319 = B_SPLINE_CURVE_WITH_KNOTS('',7,(#320,#321,#322,#323,#324,#325,
    #326,#327,#328,#329,#330,#331,#332,#333,#334,#335,#336,#337,#338,
    #339,#340,#341,#342,#343,#344,#345,#346,#347,#348,#349,#350,#351,
    #352,#353,#354,#355,#356,#357,#358,#359,#360,#361,#362,#363,#364,
    #365,#366,#367,#368,#369,#370,#371,#372,#373,#374,#375,#376,#377,
    #378,#379,#380,#381),.UNSPECIFIED.,.T.,.F.,(8,6,6,6,6,6,6,6,6,6,8),(
    0.,8.234486800801E-02,0.18075084714,0.344501843115,0.442273037255,
    0.531818813764,0.631500607824,0.750063818539,0.844377940196,
    0.948705850013,1.),.UNSPECIFIED.);
#320 = CARTESIAN_POINT('',(-26.92262208914,65.31917727471,-1.15));
#321 = CARTESIAN_POINT('',(-27.19608665996,65.206463312256,-1.15));
#322 = CARTESIAN_POINT('',(-27.46625261772,65.093546708801,
    -1.119070237426));
#323 = CARTESIAN_POINT('',(-27.72853878165,64.982370141568,
    -1.058329036609));
#324 = CARTESIAN_POINT('',(-27.97867019971,64.874913624629,
    -0.970176329039));
#325 = CARTESIAN_POINT('',(-28.21296057394,64.773038640788,
    -0.858213118077));
#326 = CARTESIAN_POINT('',(-28.4285364846,64.678329370216,
    -0.727176839768));
#327 = CARTESIAN_POINT('',(-28.8564980366,64.488680930362,
    -0.410466210089));
#328 = CARTESIAN_POINT('',(-29.06301793567,64.395989619322,
    -0.216931213153));
#329 = CARTESIAN_POINT('',(-29.24373468052,64.314032880588,
    -7.474705091318E-03));
#330 = CARTESIAN_POINT('',(-29.39969420405,64.242721454048,
    0.213972757334));
#331 = CARTESIAN_POINT('',(-29.53203144425,64.181829026552,
    0.444403555416));
#332 = CARTESIAN_POINT('',(-29.64177620599,64.131092366659,
    0.681501714358));
#333 = CARTESIAN_POINT('',(-29.87614211964,64.022376354063,
    1.326230643658));
#334 = CARTESIAN_POINT('',(-29.96223202708,63.981967578354,
    1.742506622584));
#335 = CARTESIAN_POINT('',(-29.99191770184,63.967949599823,
    2.164534015729));
#336 = CARTESIAN_POINT('',(-29.96659307246,63.979876358688,
    2.587301029952));
#337 = CARTESIAN_POINT('',(-29.88548539426,64.018016248972,
    3.005664999726));
#338 = CARTESIAN_POINT('',(-29.74575598619,64.083245901588,
    3.413388509894));
#339 = CARTESIAN_POINT('',(-29.42167072869,64.232434036457,
    4.030835036031));
#340 = CARTESIAN_POINT('',(-29.27761838351,64.298423091284,
    4.254835425899));
#341 = CARTESIAN_POINT('',(-29.1096860383,64.374862877818,4.469251967006
    ));
#342 = CARTESIAN_POINT('',(-28.91695574186,64.461880460367,
    4.670714740498));
#343 = CARTESIAN_POINT('',(-28.69869458286,64.559432428632,
    4.855140008575));
#344 = CARTESIAN_POINT('',(-28.45455793122,64.667202326963,
    5.017554990452));
#345 = CARTESIAN_POINT('',(-27.93809179047,64.891894879872,
    5.274723459125));
#346 = CARTESIAN_POINT('',(-27.66788865682,65.008142593019,
    5.375002856408));
#347 = CARTESIAN_POINT('',(-27.37990739891,65.130388220053,
    5.444299898665));
#348 = CARTESIAN_POINT('',(-27.08125258771,65.255215038621,
    5.477454705101));
#349 = CARTESIAN_POINT('',(-26.77998007212,65.379107069234,
    5.472516093135));
#350 = CARTESIAN_POINT('',(-26.48431198973,65.498826956566,
    5.430802364383));
#351 = CARTESIAN_POINT('',(-25.88707418112,65.73733077899,5.274797553633
    ));
#352 = CARTESIAN_POINT('',(-25.59294407844,65.852749378876,
    5.153953533058));
#353 = CARTESIAN_POINT('',(-25.32258780857,65.957128069091,
    5.001225566366));
#354 = CARTESIAN_POINT('',(-25.0780501909,66.050215985474,4.822810943134
    ));
#355 = CARTESIAN_POINT('',(-24.86043205657,66.1320877663,4.624516088183)
  );
#356 = CARTESIAN_POINT('',(-24.67000327536,66.203050778184,4.41182888352
    ));
#357 = CARTESIAN_POINT('',(-24.31141318529,66.335667849969,
    3.925988013855));
#358 = CARTESIAN_POINT('',(-24.15226620747,66.393765487588,
    3.646254075911));
#359 = CARTESIAN_POINT('',(-24.0271162576,66.439034556551,3.35599402601)
  );
#360 = CARTESIAN_POINT('',(-23.93441515535,66.472369177695,
    3.058840141031));
#361 = CARTESIAN_POINT('',(-23.87299201796,66.494389378352,
    2.757426976656));
#362 = CARTESIAN_POINT('',(-23.84223502358,66.505415787589,
    2.453843248164));
#363 = CARTESIAN_POINT('',(-23.84223502358,66.505415787589,
    1.908300159897));
#364 = CARTESIAN_POINT('',(-23.86169808362,66.498438286746,
    1.666680701781));
#365 = CARTESIAN_POINT('',(-23.90059949739,66.484492036742,
    1.426170090724));
#366 = CARTESIAN_POINT('',(-23.95917435121,66.463452518957,
    1.187832256358));
#367 = CARTESIAN_POINT('',(-24.03787845717,66.435075256464,
    0.952906831364));
#368 = CARTESIAN_POINT('',(-24.13734559613,66.399003336958,
    0.722953434761));
#369 = CARTESIAN_POINT('',(-24.39218322201,66.30583839756,0.253374516706
    ));
#370 = CARTESIAN_POINT('',(-24.55291949577,66.246718458476,
    1.429843890169E-02));
#371 = CARTESIAN_POINT('',(-24.74161994326,66.176758958852,
    -0.213685265885));
#372 = CARTESIAN_POINT('',(-24.95911024207,66.095300835704,
    -0.426258625177));
#373 = CARTESIAN_POINT('',(-25.20581737927,66.001723756004,
    -0.618223849779));
#374 = CARTESIAN_POINT('',(-25.48147893622,65.895544221312,
    -0.783282237357));
#375 = CARTESIAN_POINT('',(-25.93366627604,65.718285744643,
    -0.97769354345));
#376 = CARTESIAN_POINT('',(-26.08921011205,65.6568579715,-1.033316577029
    ));
#377 = CARTESIAN_POINT('',(-26.25017479312,65.592776730146,
    -1.079203496823));
#378 = CARTESIAN_POINT('',(-26.41534001298,65.526463024285,
    -1.114361392761));
#379 = CARTESIAN_POINT('',(-26.58338723492,65.458398539622,
    -1.138092088106));
#380 = CARTESIAN_POINT('',(-26.75294297567,65.389113958529,-1.15));
#381 = CARTESIAN_POINT('',(-26.92262208914,65.31917727471,-1.15));
#382 = PCURVE('',#31,#383);
#383 = DEFINITIONAL_REPRESENTATION('',(#384),#447);
#384 = B_SPLINE_CURVE_WITH_KNOTS('',7,(#385,#386,#387,#388,#389,#390,
    #391,#392,#393,#394,#395,#396,#397,#398,#399,#400,#401,#402,#403,
    #404,#405,#406,#407,#408,#409,#410,#411,#412,#413,#414,#415,#416,
    #417,#418,#419,#420,#421,#422,#423,#424,#425,#426,#427,#428,#429,
    #430,#431,#432,#433,#434,#435,#436,#437,#438,#439,#440,#441,#442,
    #443,#444,#445,#446),.UNSPECIFIED.,.T.,.F.,(8,6,6,6,6,6,6,6,6,6,8),(
    0.,8.234486800801E-02,0.18075084714,0.344501843115,0.442273037255,
    0.531818813764,0.631500607824,0.750063818539,0.844377940196,
    0.948705850013,1.),.UNSPECIFIED.);
#385 = CARTESIAN_POINT('',(1.961750079242,5.15));
#386 = CARTESIAN_POINT('',(1.965936668575,5.15));
#387 = CARTESIAN_POINT('',(1.97008118441,5.180929762574));
#388 = CARTESIAN_POINT('',(1.974113316969,5.241670963391));
#389 = CARTESIAN_POINT('',(1.977966554359,5.329823670961));
#390 = CARTESIAN_POINT('',(1.98158265968,5.441786881923));
#391 = CARTESIAN_POINT('',(1.984915452293,5.572823160232));
#392 = CARTESIAN_POINT('',(1.991541071705,5.889533789911));
#393 = CARTESIAN_POINT('',(1.994745102069,6.083068786847));
#394 = CARTESIAN_POINT('',(1.997553743284,6.292525294909));
#395 = CARTESIAN_POINT('',(1.999981041715,6.513972757334));
#396 = CARTESIAN_POINT('',(2.002042952666,6.744403555416));
#397 = CARTESIAN_POINT('',(2.003754280683,6.981501714358));
#398 = CARTESIAN_POINT('',(2.007411089493,7.626230643658));
#399 = CARTESIAN_POINT('',(2.008757172892,8.042506622584));
#400 = CARTESIAN_POINT('',(2.009221850543,8.464534015729));
#401 = CARTESIAN_POINT('',(2.008825634333,8.887301029952));
#402 = CARTESIAN_POINT('',(2.00755701239,9.305664999726));
#403 = CARTESIAN_POINT('',(2.005374380663,9.713388509894));
#404 = CARTESIAN_POINT('',(2.000324487751,10.330835036031));
#405 = CARTESIAN_POINT('',(1.998081779982,10.554835425899));
#406 = CARTESIAN_POINT('',(1.99547017208,10.769251967006));
#407 = CARTESIAN_POINT('',(1.992477078917,10.970714740498));
#408 = CARTESIAN_POINT('',(1.9890932689,11.155140008575));
#409 = CARTESIAN_POINT('',(1.985316037199,11.317554990452));
#410 = CARTESIAN_POINT('',(1.977343971584,11.574723459125));
#411 = CARTESIAN_POINT('',(1.97318054559,11.675002856408));
#412 = CARTESIAN_POINT('',(1.96875242272,11.744299898665));
#413 = CARTESIAN_POINT('',(1.964170922957,11.777454705101));
#414 = CARTESIAN_POINT('',(1.959560252824,11.772516093135));
#415 = CARTESIAN_POINT('',(1.955045276579,11.730802364383));
#416 = CARTESIAN_POINT('',(1.945942663942,11.574797553633));
#417 = CARTESIAN_POINT('',(1.941470484829,11.453953533058));
#418 = CARTESIAN_POINT('',(1.937368582006,11.301225566366));
#419 = CARTESIAN_POINT('',(1.933665081514,11.122810943134));
#420 = CARTESIAN_POINT('',(1.930374104714,10.924516088183));
#421 = CARTESIAN_POINT('',(1.927497662917,10.71182888352));
#422 = CARTESIAN_POINT('',(1.922086095065,10.225988013855));
#423 = CARTESIAN_POINT('',(1.919688099532,9.946254075911));
#424 = CARTESIAN_POINT('',(1.917804374106,9.65599402601));
#425 = CARTESIAN_POINT('',(1.916410002958,9.358840141031));
#426 = CARTESIAN_POINT('',(1.915486422023,9.057426976656));
#427 = CARTESIAN_POINT('',(1.915023948482,8.753843248164));
#428 = CARTESIAN_POINT('',(1.915023948482,8.208300159897));
#429 = CARTESIAN_POINT('',(1.91531660219,7.966680701781));
#430 = CARTESIAN_POINT('',(1.915901538417,7.726170090724));
#431 = CARTESIAN_POINT('',(1.916782484654,7.487832256358));
#432 = CARTESIAN_POINT('',(1.917966681477,7.252906831364));
#433 = CARTESIAN_POINT('',(1.919464283454,7.022953434761));
#434 = CARTESIAN_POINT('',(1.923304815629,6.553374516706));
#435 = CARTESIAN_POINT('',(1.925728928265,6.314298438902));
#436 = CARTESIAN_POINT('',(1.928577483161,6.086314734115));
#437 = CARTESIAN_POINT('',(1.931864699361,5.873741374823));
#438 = CARTESIAN_POINT('',(1.935599352951,5.681776150221));
#439 = CARTESIAN_POINT('',(1.939780507618,5.516717762643));
#440 = CARTESIAN_POINT('',(1.946655088759,5.32230645655));
#441 = CARTESIAN_POINT('',(1.949022160462,5.266683422971));
#442 = CARTESIAN_POINT('',(1.951474393425,5.220796503177));
#443 = CARTESIAN_POINT('',(1.953993559435,5.185638607239));
#444 = CARTESIAN_POINT('',(1.95655982698,5.161907911894));
#445 = CARTESIAN_POINT('',(1.959152387101,5.15));
#446 = CARTESIAN_POINT('',(1.961750079242,5.15));
#447 = ( GEOMETRIC_REPRESENTATION_CONTEXT(2) 
PARAMETRIC_REPRESENTATION_CONTEXT() REPRESENTATION_CONTEXT('2D SPACE',''
  ) );
#448 = PCURVE('',#449,#454);
#449 = CYLINDRICAL_SURFACE('',#450,3.3);
#450 = AXIS2_PLACEMENT_3D('',#451,#452,#453);
#451 = CARTESIAN_POINT('',(-25.62698280955,62.175720760428,2.15));
#452 = DIRECTION('',(-0.38107037635,0.924546033612,2.22044604925E-16));
#453 = DIRECTION('',(-8.461462116533E-17,2.052904587685E-16,-1.));
#454 = DEFINITIONAL_REPRESENTATION('',(#455),#518);
#455 = B_SPLINE_CURVE_WITH_KNOTS('',7,(#456,#457,#458,#459,#460,#461,
    #462,#463,#464,#465,#466,#467,#468,#469,#470,#471,#472,#473,#474,
    #475,#476,#477,#478,#479,#480,#481,#482,#483,#484,#485,#486,#487,
    #488,#489,#490,#491,#492,#493,#494,#495,#496,#497,#498,#499,#500,
    #501,#502,#503,#504,#505,#506,#507,#508,#509,#510,#511,#512,#513,
    #514,#515,#516,#517),.UNSPECIFIED.,.F.,.F.,(8,6,6,6,6,6,6,6,6,6,8),(
    0.,8.234486800801E-02,0.18075084714,0.344501843115,0.442273037255,
    0.531818813764,0.631500607824,0.750063818539,0.844377940196,
    0.948705850013,1.),.UNSPECIFIED.);
#456 = CARTESIAN_POINT('',(0.,3.4));
#457 = CARTESIAN_POINT('',(8.963107162837E-02,3.4));
#458 = CARTESIAN_POINT('',(0.178361280436,3.398555645349));
#459 = CARTESIAN_POINT('',(0.265859574361,3.395717278284));
#460 = CARTESIAN_POINT('',(0.351767501608,3.391686455379));
#461 = CARTESIAN_POINT('',(0.43566201437,3.386779464227));
#462 = CARTESIAN_POINT('',(0.516993438427,3.381365977182));
#463 = CARTESIAN_POINT('',(0.688218445369,3.369110734017));
#464 = CARTESIAN_POINT('',(0.777871988703,3.362111965706));
#465 = CARTESIAN_POINT('',(0.864535842286,3.355204985957));
#466 = CARTESIAN_POINT('',(0.948672804966,3.348705843722));
#467 = CARTESIAN_POINT('',(1.030694701304,3.342837793332));
#468 = CARTESIAN_POINT('',(1.111001571007,3.337749893329));
#469 = CARTESIAN_POINT('',(1.321448739495,3.32654684201));
#470 = CARTESIAN_POINT('',(1.44925567721,3.321993382135));
#471 = CARTESIAN_POINT('',(1.575383493705,3.320345446938));
#472 = CARTESIAN_POINT('',(1.701379096942,3.321721818493));
#473 = CARTESIAN_POINT('',(1.828776242377,3.326076169318));
#474 = CARTESIAN_POINT('',(1.959116164281,3.333137247799));
#475 = CARTESIAN_POINT('',(2.17516641766,3.34756925511));
#476 = CARTESIAN_POINT('',(2.257940490872,3.35368509262));
#477 = CARTESIAN_POINT('',(2.343009331528,3.360363152079));
#478 = CARTESIAN_POINT('',(2.430674925368,3.367371106279));
#479 = CARTESIAN_POINT('',(2.521294021703,3.374389529608));
#480 = CARTESIAN_POINT('',(2.615277267258,3.380994515932));
#481 = CARTESIAN_POINT('',(2.802872410796,3.391923177878));
#482 = CARTESIAN_POINT('',(2.896566929304,3.396433130154));
#483 = CARTESIAN_POINT('',(2.99270108539,3.399713713419));
#484 = CARTESIAN_POINT('',(3.090107128156,3.401313352114));
#485 = CARTESIAN_POINT('',(3.187787251637,3.401051206711));
#486 = CARTESIAN_POINT('',(3.284702941348,3.39906740626));
#487 = CARTESIAN_POINT('',(3.485222107138,3.391985532784));
#488 = CARTESIAN_POINT('',(3.586890148232,3.38661107259));
#489 = CARTESIAN_POINT('',(3.685048616374,3.380089211113));
#490 = CARTESIAN_POINT('',(3.779948437901,3.372967232985));
#491 = CARTESIAN_POINT('',(3.871737728327,3.365733638863));
#492 = CARTESIAN_POINT('',(3.960444528903,3.358775442709));
#493 = CARTESIAN_POINT('',(4.147740408715,3.34473796984));
#494 = CARTESIAN_POINT('',(4.246081828412,3.337805711529));
#495 = CARTESIAN_POINT('',(4.341846988348,3.331968111188));
#496 = CARTESIAN_POINT('',(4.43570756099,3.327461859025));
#497 = CARTESIAN_POINT('',(4.528320309427,3.32441401012));
#498 = CARTESIAN_POINT('',(4.62031526882,3.322887853623));
#499 = CARTESIAN_POINT('',(4.785631356174,3.322887853623));
#500 = CARTESIAN_POINT('',(4.858849624046,3.323853628506));
#501 = CARTESIAN_POINT('',(4.932372534002,3.325783854767));
#502 = CARTESIAN_POINT('',(5.006520493379,3.328652993641));
#503 = CARTESIAN_POINT('',(5.081610591234,3.332408711436));
#504 = CARTESIAN_POINT('',(5.157974285937,3.33696254141));
#505 = CARTESIAN_POINT('',(5.322284294873,3.347938336221));
#506 = CARTESIAN_POINT('',(5.4109551588,3.354531063369));
#507 = CARTESIAN_POINT('',(5.502308894757,3.361758436021));
#508 = CARTESIAN_POINT('',(5.59667169163,3.369325761378));
#509 = CARTESIAN_POINT('',(5.694450316999,3.376822225126));
#510 = CARTESIAN_POINT('',(5.796121690289,3.383700810728));
#511 = CARTESIAN_POINT('',(5.954632500571,3.392132388966));
#512 = CARTESIAN_POINT('',(6.00793881004,3.394612733078));
#513 = CARTESIAN_POINT('',(6.06207585807,3.396705547151));
#514 = CARTESIAN_POINT('',(6.116844885874,3.398335045914));
#515 = CARTESIAN_POINT('',(6.172066758585,3.399444114701));
#516 = CARTESIAN_POINT('',(6.227571079977,3.4));
#517 = CARTESIAN_POINT('',(6.28318530718,3.4));
#518 = ( GEOMETRIC_REPRESENTATION_CONTEXT(2) 
PARAMETRIC_REPRESENTATION_CONTEXT() REPRESENTATION_CONTEXT('2D SPACE',''
  ) );
#519 = FACE_BOUND('',#520,.T.);
#520 = EDGE_LOOP('',(#521));
#521 = ORIENTED_EDGE('',*,*,#522,.F.);
#522 = EDGE_CURVE('',#523,#523,#525,.T.);
#523 = VERTEX_POINT('',#524);
#524 = CARTESIAN_POINT('',(-70.02937791877,9.343913971666,-1.15));
#525 = SURFACE_CURVE('',#526,(#589,#655),.PCURVE_S1.);
#526 = B_SPLINE_CURVE_WITH_KNOTS('',7,(#527,#528,#529,#530,#531,#532,
    #533,#534,#535,#536,#537,#538,#539,#540,#541,#542,#543,#544,#545,
    #546,#547,#548,#549,#550,#551,#552,#553,#554,#555,#556,#557,#558,
    #559,#560,#561,#562,#563,#564,#565,#566,#567,#568,#569,#570,#571,
    #572,#573,#574,#575,#576,#577,#578,#579,#580,#581,#582,#583,#584,
    #585,#586,#587,#588),.UNSPECIFIED.,.T.,.F.,(8,6,6,6,6,6,6,6,6,6,8),(
    0.,8.234486990009E-02,0.180750850375,0.344501848584,0.442273044058,
    0.531818820598,0.631500613207,0.750063822188,0.844377942466,
    0.948705850757,1.),.UNSPECIFIED.);
#527 = CARTESIAN_POINT('',(-70.02937791877,9.343913971666,-1.15));
#528 = CARTESIAN_POINT('',(-70.06849704896,9.050729727843,-1.15));
#529 = CARTESIAN_POINT('',(-70.10579138184,8.760300834939,
    -1.119070236471));
#530 = CARTESIAN_POINT('',(-70.14065273121,8.47756607895,-1.058329038013
    ));
#531 = CARTESIAN_POINT('',(-70.17265836666,8.207217658726,
    -0.970176329466));
#532 = CARTESIAN_POINT('',(-70.20157723079,7.95337874233,-0.858213115943
    ));
#533 = CARTESIAN_POINT('',(-70.22734455103,7.719329899003,
    -0.727176841115));
#534 = CARTESIAN_POINT('',(-70.27708496054,7.253880101225,
    -0.410466210089));
#535 = CARTESIAN_POINT('',(-70.30007188,7.028682966723,-0.216931213153)
  );
#536 = CARTESIAN_POINT('',(-70.31945363468,6.831199305424,
    -7.4747050913E-03));
#537 = CARTESIAN_POINT('',(-70.33567588947,6.660478682821,0.213972757334
    ));
#538 = CARTESIAN_POINT('',(-70.34911012047,6.515425057193,0.444403555416
    ));
#539 = CARTESIAN_POINT('',(-70.36004326497,6.395014975642,0.681501714358
    ));
#540 = CARTESIAN_POINT('',(-70.38307539308,6.137690134347,1.326230643658
    ));
#541 = CARTESIAN_POINT('',(-70.39112532051,6.042929699638,1.742506622585
    ));
#542 = CARTESIAN_POINT('',(-70.39382823237,6.010212161899,2.164534015728
    ));
#543 = CARTESIAN_POINT('',(-70.39149479384,6.038107313715,2.587301029953
    ));
#544 = CARTESIAN_POINT('',(-70.38397106862,6.127418568625,3.005664999725
    ));
#545 = CARTESIAN_POINT('',(-70.37059690083,6.281042611974,3.413388509894
    ));
#546 = CARTESIAN_POINT('',(-70.33775498682,6.636302745395,4.03083503603)
  );
#547 = CARTESIAN_POINT('',(-70.32287701209,6.79405026321,4.254835425901)
  );
#548 = CARTESIAN_POINT('',(-70.30510963648,6.977703833543,4.469251967003
    ));
#549 = CARTESIAN_POINT('',(-70.28410392532,7.188121957619,4.670714740499
    ));
#550 = CARTESIAN_POINT('',(-70.25945582853,7.425917650105,4.855140008575
    ));
#551 = CARTESIAN_POINT('',(-70.23071897243,7.691231141582,5.017554990451
    ));
#552 = CARTESIAN_POINT('',(-70.16707536132,8.250850212568,5.274723457492
    ));
#553 = CARTESIAN_POINT('',(-70.13264726563,8.542976860051,5.375002858367
    ));
#554 = CARTESIAN_POINT('',(-70.09452445724,8.853498742892,5.444299899201
    ));
#555 = CARTESIAN_POINT('',(-70.05330024741,9.174554806347,5.477454703621
    ));
#556 = CARTESIAN_POINT('',(-70.00995763335,9.497410489638,5.472516092645
    ));
#557 = CARTESIAN_POINT('',(-69.96580405798,9.813326488942,5.430802365481
    ));
#558 = CARTESIAN_POINT('',(-69.87373552215,10.449801518974,
    5.274797553637));
#559 = CARTESIAN_POINT('',(-69.82662591037,10.762234959869,
    5.153953533063));
#560 = CARTESIAN_POINT('',(-69.78184237278,11.048559702769,
    5.001225566363));
#561 = CARTESIAN_POINT('',(-69.74019006431,11.306879450048,
    4.822810943122));
#562 = CARTESIAN_POINT('',(-69.7022840392,11.536278173095,4.624516088182
    ));
#563 = CARTESIAN_POINT('',(-69.66852541962,11.736675841173,
    4.411828883533));
#564 = CARTESIAN_POINT('',(-69.60408012772,12.11353250462,3.925988013855
    ));
#565 = CARTESIAN_POINT('',(-69.57482066889,12.280406649159,3.64625407591
    ));
#566 = CARTESIAN_POINT('',(-69.55144985768,12.411424219509,
    3.355994026011));
#567 = CARTESIAN_POINT('',(-69.53396793529,12.508373039591,
    3.058840141029));
#568 = CARTESIAN_POINT('',(-69.52232641976,12.572577137278,
    2.757426976657));
#569 = CARTESIAN_POINT('',(-69.51649707309,12.604726680371,
    2.453843248163));
#570 = CARTESIAN_POINT('',(-69.51649707309,12.604726680371,
    1.908300159897));
#571 = CARTESIAN_POINT('',(-69.52018591012,12.584382425524,
    1.666680701781));
#572 = CARTESIAN_POINT('',(-69.52755881021,12.543719687954,
    1.426170090723));
#573 = CARTESIAN_POINT('',(-69.53862548024,12.482472617627,
    1.187832256358));
#574 = CARTESIAN_POINT('',(-69.55340210301,12.400124231238,
    0.952906831364));
#575 = CARTESIAN_POINT('',(-69.57189647383,12.295947202305,
    0.722953434762));
#576 = CARTESIAN_POINT('',(-69.61863208252,12.02866887475,0.253374516706
    ));
#577 = CARTESIAN_POINT('',(-69.64780085028,11.859907208824,
    1.429843890189E-02));
#578 = CARTESIAN_POINT('',(-69.68156437011,11.661508077778,
    -0.213685265885));
#579 = CARTESIAN_POINT('',(-69.71976471553,11.432426892361,
    -0.426258625177));
#580 = CARTESIAN_POINT('',(-69.7620781559,11.171983704398,
    -0.618223849779));
#581 = CARTESIAN_POINT('',(-69.80795475997,10.880164025887,
    -0.783282237357));
#582 = CARTESIAN_POINT('',(-69.88053808605,10.39992906398,
    -0.977693543457));
#583 = CARTESIAN_POINT('',(-69.905111992,10.234510264061,-1.033316577026
    ));
#584 = CARTESIAN_POINT('',(-69.93009834962,10.063070140459,
    -1.079203496818));
#585 = CARTESIAN_POINT('',(-69.95525160566,9.886876011282,
    -1.114361392761));
#586 = CARTESIAN_POINT('',(-69.98032964382,9.707310605704,-1.13809208811
    ));
#587 = CARTESIAN_POINT('',(-70.00510530687,9.525828736349,-1.15));
#588 = CARTESIAN_POINT('',(-70.02937791877,9.343913971666,-1.15));
#589 = PCURVE('',#31,#590);
#590 = DEFINITIONAL_REPRESENTATION('',(#591),#654);
#591 = B_SPLINE_CURVE_WITH_KNOTS('',7,(#592,#593,#594,#595,#596,#597,
    #598,#599,#600,#601,#602,#603,#604,#605,#606,#607,#608,#609,#610,
    #611,#612,#613,#614,#615,#616,#617,#618,#619,#620,#621,#622,#623,
    #624,#625,#626,#627,#628,#629,#630,#631,#632,#633,#634,#635,#636,
    #637,#638,#639,#640,#641,#642,#643,#644,#645,#646,#647,#648,#649,
    #650,#651,#652,#653),.UNSPECIFIED.,.T.,.F.,(8,6,6,6,6,6,6,6,6,6,8),(
    0.,8.234486990009E-02,0.180750850375,0.344501848584,0.442273044058,
    0.531818820598,0.631500613207,0.750063822188,0.844377942466,
    0.948705850757,1.),.UNSPECIFIED.);
#592 = CARTESIAN_POINT('',(3.008947630438,5.15));
#593 = CARTESIAN_POINT('',(3.013134219732,5.15));
#594 = CARTESIAN_POINT('',(3.017278735688,5.180929763529));
#595 = CARTESIAN_POINT('',(3.021310868124,5.241670961987));
#596 = CARTESIAN_POINT('',(3.025164105506,5.329823670534));
#597 = CARTESIAN_POINT('',(3.028780210949,5.441786884057));
#598 = CARTESIAN_POINT('',(3.032113003461,5.572823158885));
#599 = CARTESIAN_POINT('',(3.038738622901,5.889533789911));
#600 = CARTESIAN_POINT('',(3.041942653265,6.083068786847));
#601 = CARTESIAN_POINT('',(3.044751294481,6.292525294909));
#602 = CARTESIAN_POINT('',(3.047178592912,6.513972757334));
#603 = CARTESIAN_POINT('',(3.049240503862,6.744403555416));
#604 = CARTESIAN_POINT('',(3.050951831879,6.981501714358));
#605 = CARTESIAN_POINT('',(3.054608640689,7.626230643658));
#606 = CARTESIAN_POINT('',(3.055954724089,8.042506622585));
#607 = CARTESIAN_POINT('',(3.056419401739,8.464534015728));
#608 = CARTESIAN_POINT('',(3.05602318553,8.887301029953));
#609 = CARTESIAN_POINT('',(3.054754563587,9.305664999726));
#610 = CARTESIAN_POINT('',(3.05257193186,9.713388509894));
#611 = CARTESIAN_POINT('',(3.047522038947,10.33083503603));
#612 = CARTESIAN_POINT('',(3.045279331179,10.554835425901));
#613 = CARTESIAN_POINT('',(3.042667723277,10.769251967003));
#614 = CARTESIAN_POINT('',(3.039674630114,10.970714740499));
#615 = CARTESIAN_POINT('',(3.036290820096,11.155140008575));
#616 = CARTESIAN_POINT('',(3.032513588395,11.317554990451));
#617 = CARTESIAN_POINT('',(3.024541522831,11.574723457492));
#618 = CARTESIAN_POINT('',(3.020378096652,11.675002858367));
#619 = CARTESIAN_POINT('',(3.015949974008,11.744299899201));
#620 = CARTESIAN_POINT('',(3.011368474235,11.777454703621));
#621 = CARTESIAN_POINT('',(3.006757803873,11.772516092645));
#622 = CARTESIAN_POINT('',(3.002242827839,11.730802365481));
#623 = CARTESIAN_POINT('',(2.993140215139,11.574797553637));
#624 = CARTESIAN_POINT('',(2.988668036026,11.453953533063));
#625 = CARTESIAN_POINT('',(2.984566133202,11.301225566363));
#626 = CARTESIAN_POINT('',(2.980862632711,11.122810943122));
#627 = CARTESIAN_POINT('',(2.977571655911,10.924516088182));
#628 = CARTESIAN_POINT('',(2.974695214114,10.711828883533));
#629 = CARTESIAN_POINT('',(2.969283646262,10.225988013855));
#630 = CARTESIAN_POINT('',(2.966885650728,9.94625407591));
#631 = CARTESIAN_POINT('',(2.965001925302,9.655994026011));
#632 = CARTESIAN_POINT('',(2.963607554155,9.358840141029));
#633 = CARTESIAN_POINT('',(2.96268397322,9.057426976657));
#634 = CARTESIAN_POINT('',(2.962221499679,8.753843248163));
#635 = CARTESIAN_POINT('',(2.962221499679,8.208300159897));
#636 = CARTESIAN_POINT('',(2.962514153387,7.966680701781));
#637 = CARTESIAN_POINT('',(2.963099089613,7.726170090723));
#638 = CARTESIAN_POINT('',(2.963980035851,7.487832256358));
#639 = CARTESIAN_POINT('',(2.965164232674,7.252906831364));
#640 = CARTESIAN_POINT('',(2.96666183465,7.022953434762));
#641 = CARTESIAN_POINT('',(2.970502366825,6.553374516706));
#642 = CARTESIAN_POINT('',(2.972926479462,6.314298438902));
#643 = CARTESIAN_POINT('',(2.975775034358,6.086314734115));
#644 = CARTESIAN_POINT('',(2.979062250557,5.873741374823));
#645 = CARTESIAN_POINT('',(2.982796904147,5.681776150221));
#646 = CARTESIAN_POINT('',(2.986978058815,5.516717762643));
#647 = CARTESIAN_POINT('',(2.993852639956,5.322306456543));
#648 = CARTESIAN_POINT('',(2.996219711658,5.266683422974));
#649 = CARTESIAN_POINT('',(2.998671944621,5.220796503182));
#650 = CARTESIAN_POINT('',(3.001191110632,5.185638607239));
#651 = CARTESIAN_POINT('',(3.003757378177,5.16190791189));
#652 = CARTESIAN_POINT('',(3.006349938297,5.15));
#653 = CARTESIAN_POINT('',(3.008947630438,5.15));
#654 = ( GEOMETRIC_REPRESENTATION_CONTEXT(2) 
PARAMETRIC_REPRESENTATION_CONTEXT() REPRESENTATION_CONTEXT('2D SPACE',''
  ) );
#655 = PCURVE('',#656,#661);
#656 = CYLINDRICAL_SURFACE('',#657,3.3);
#657 = AXIS2_PLACEMENT_3D('',#658,#659,#660);
#658 = CARTESIAN_POINT('',(-66.65924508191,8.894242244791,2.15));
#659 = DIRECTION('',(-0.991215540252,0.132256390257,2.22044604925E-16));
#660 = DIRECTION('',(-2.200940630307E-16,2.936681792345E-17,-1.));
#661 = DEFINITIONAL_REPRESENTATION('',(#662),#725);
#662 = B_SPLINE_CURVE_WITH_KNOTS('',7,(#663,#664,#665,#666,#667,#668,
    #669,#670,#671,#672,#673,#674,#675,#676,#677,#678,#679,#680,#681,
    #682,#683,#684,#685,#686,#687,#688,#689,#690,#691,#692,#693,#694,
    #695,#696,#697,#698,#699,#700,#701,#702,#703,#704,#705,#706,#707,
    #708,#709,#710,#711,#712,#713,#714,#715,#716,#717,#718,#719,#720,
    #721,#722,#723,#724),.UNSPECIFIED.,.F.,.F.,(8,6,6,6,6,6,6,6,6,6,8),(
    0.,8.234486990009E-02,0.180750850375,0.344501848584,0.442273044058,
    0.531818820598,0.631500613207,0.750063822188,0.844377942466,
    0.948705850757,1.),.UNSPECIFIED.);
#663 = CARTESIAN_POINT('',(0.,3.4));
#664 = CARTESIAN_POINT('',(8.963107078283E-02,3.4));
#665 = CARTESIAN_POINT('',(0.178361282268,3.398555645311));
#666 = CARTESIAN_POINT('',(0.265859573355,3.39571727834));
#667 = CARTESIAN_POINT('',(0.351767500517,3.391686455397));
#668 = CARTESIAN_POINT('',(0.435662016099,3.386779464142));
#669 = CARTESIAN_POINT('',(0.516993437699,3.381365977234));
#670 = CARTESIAN_POINT('',(0.688218445369,3.369110734017));
#671 = CARTESIAN_POINT('',(0.777871988703,3.362111965706));
#672 = CARTESIAN_POINT('',(0.864535842286,3.355204985957));
#673 = CARTESIAN_POINT('',(0.948672804966,3.348705843722));
#674 = CARTESIAN_POINT('',(1.030694701304,3.342837793332));
#675 = CARTESIAN_POINT('',(1.111001571007,3.337749893329));
#676 = CARTESIAN_POINT('',(1.321448739495,3.32654684201));
#677 = CARTESIAN_POINT('',(1.44925567721,3.321993382135));
#678 = CARTESIAN_POINT('',(1.575383493705,3.320345446938));
#679 = CARTESIAN_POINT('',(1.701379096943,3.321721818492));
#680 = CARTESIAN_POINT('',(1.828776242377,3.326076169318));
#681 = CARTESIAN_POINT('',(1.959116164281,3.333137247799));
#682 = CARTESIAN_POINT('',(2.17516641766,3.347569255109));
#683 = CARTESIAN_POINT('',(2.257940490872,3.35368509262));
#684 = CARTESIAN_POINT('',(2.343009331528,3.360363152079));
#685 = CARTESIAN_POINT('',(2.430674925369,3.367371106279));
#686 = CARTESIAN_POINT('',(2.521294021704,3.374389529608));
#687 = CARTESIAN_POINT('',(2.615277267258,3.380994515932));
#688 = CARTESIAN_POINT('',(2.802872409604,3.391923177808));
#689 = CARTESIAN_POINT('',(2.896566932364,3.396433130237));
#690 = CARTESIAN_POINT('',(2.992701083373,3.399713713444));
#691 = CARTESIAN_POINT('',(3.090107126309,3.401313352051));
#692 = CARTESIAN_POINT('',(3.187787254909,3.401051206687));
#693 = CARTESIAN_POINT('',(3.284702939938,3.39906740631));
#694 = CARTESIAN_POINT('',(3.485222107133,3.391985532784));
#695 = CARTESIAN_POINT('',(3.586890148231,3.38661107259));
#696 = CARTESIAN_POINT('',(3.685048616378,3.380089211113));
#697 = CARTESIAN_POINT('',(3.779948437905,3.372967232984));
#698 = CARTESIAN_POINT('',(3.871737728327,3.365733638863));
#699 = CARTESIAN_POINT('',(3.960444528898,3.35877544271));
#700 = CARTESIAN_POINT('',(4.147740408715,3.34473796984));
#701 = CARTESIAN_POINT('',(4.246081828413,3.337805711529));
#702 = CARTESIAN_POINT('',(4.341846988347,3.331968111188));
#703 = CARTESIAN_POINT('',(4.435707560991,3.327461859025));
#704 = CARTESIAN_POINT('',(4.528320309427,3.32441401012));
#705 = CARTESIAN_POINT('',(4.62031526882,3.322887853623));
#706 = CARTESIAN_POINT('',(4.785631356174,3.322887853623));
#707 = CARTESIAN_POINT('',(4.858849624046,3.323853628506));
#708 = CARTESIAN_POINT('',(4.932372534002,3.325783854767));
#709 = CARTESIAN_POINT('',(5.006520493379,3.328652993641));
#710 = CARTESIAN_POINT('',(5.081610591234,3.332408711436));
#711 = CARTESIAN_POINT('',(5.157974285937,3.33696254141));
#712 = CARTESIAN_POINT('',(5.322284294873,3.347938336221));
#713 = CARTESIAN_POINT('',(5.4109551588,3.354531063369));
#714 = CARTESIAN_POINT('',(5.502308894757,3.361758436021));
#715 = CARTESIAN_POINT('',(5.59667169163,3.369325761378));
#716 = CARTESIAN_POINT('',(5.694450316999,3.376822225126));
#717 = CARTESIAN_POINT('',(5.796121690289,3.383700810728));
#718 = CARTESIAN_POINT('',(5.954632500577,3.392132388967));
#719 = CARTESIAN_POINT('',(6.007938810034,3.394612733078));
#720 = CARTESIAN_POINT('',(6.062075858065,3.396705547151));
#721 = CARTESIAN_POINT('',(6.116844885878,3.398335045914));
#722 = CARTESIAN_POINT('',(6.172066758591,3.399444114701));
#723 = CARTESIAN_POINT('',(6.227571079972,3.4));
#724 = CARTESIAN_POINT('',(6.28318530718,3.4));
#725 = ( GEOMETRIC_REPRESENTATION_CONTEXT(2) 
PARAMETRIC_REPRESENTATION_CONTEXT() REPRESENTATION_CONTEXT('2D SPACE',''
  ) );
#726 = FACE_BOUND('',#727,.T.);
#727 = EDGE_LOOP('',(#728));
#728 = ORIENTED_EDGE('',*,*,#729,.F.);
#729 = EDGE_CURVE('',#730,#730,#732,.T.);
#730 = VERTEX_POINT('',#731);
#731 = CARTESIAN_POINT('',(-43.10675582962,-55.97526330304,-1.15));
#732 = SURFACE_CURVE('',#733,(#796,#862),.PCURVE_S1.);
#733 = B_SPLINE_CURVE_WITH_KNOTS('',7,(#734,#735,#736,#737,#738,#739,
    #740,#741,#742,#743,#744,#745,#746,#747,#748,#749,#750,#751,#752,
    #753,#754,#755,#756,#757,#758,#759,#760,#761,#762,#763,#764,#765,
    #766,#767,#768,#769,#770,#771,#772,#773,#774,#775,#776,#777,#778,
    #779,#780,#781,#782,#783,#784,#785,#786,#787,#788,#789,#790,#791,
    #792,#793,#794,#795),.UNSPECIFIED.,.T.,.F.,(8,6,6,6,6,6,6,6,6,6,8),(
    0.,8.234486910023E-02,0.180750849537,0.344501847684,0.442273043121,
    0.531818820818,0.631500613237,0.750063821448,0.844377943508,
    0.948705853771,1.),.UNSPECIFIED.);
#734 = CARTESIAN_POINT('',(-43.10675582962,-55.97526330304,-1.15));
#735 = CARTESIAN_POINT('',(-42.87241038937,-56.15573358717,-1.15));
#736 = CARTESIAN_POINT('',(-42.63953876338,-56.33324586811,
    -1.119070237426));
#737 = CARTESIAN_POINT('',(-42.41211394989,-56.50480406552,
    -1.058329036609));
#738 = CARTESIAN_POINT('',(-42.19398816739,-56.66769596937,
    -0.970176329039));
#739 = CARTESIAN_POINT('',(-41.98861665626,-56.8196598934,
    -0.858213118077));
#740 = CARTESIAN_POINT('',(-41.79880806664,-56.95899947319,
    -0.727176839768));
#741 = CARTESIAN_POINT('',(-41.42058692394,-57.23480082913,
    -0.410466210089));
#742 = CARTESIAN_POINT('',(-41.23705394433,-57.36730665259,
    -0.216931213153));
#743 = CARTESIAN_POINT('',(-41.07571895415,-57.48283357516,
    -7.474705091384E-03));
#744 = CARTESIAN_POINT('',(-40.93598168542,-57.58224277122,
    0.213972757334));
#745 = CARTESIAN_POINT('',(-40.81707867621,-57.66640396935,
    0.444403555416));
#746 = CARTESIAN_POINT('',(-40.71826705897,-57.73607739101,
    0.681501714358));
#747 = CARTESIAN_POINT('',(-40.50693327344,-57.88468621971,
    1.326230643658));
#748 = CARTESIAN_POINT('',(-40.42889329342,-57.93903787871,
    1.742506622584));
#749 = CARTESIAN_POINT('',(-40.40191053052,-57.95773743792,
    2.164534015729));
#750 = CARTESIAN_POINT('',(-40.42490172137,-57.94176904497,
    2.587301029953));
#751 = CARTESIAN_POINT('',(-40.49848567436,-57.89059768034,
    3.005664999725));
#752 = CARTESIAN_POINT('',(-40.62484091464,-57.80220328961,
    3.413388509894));
#753 = CARTESIAN_POINT('',(-40.91608425813,-57.59613129106,4.03083503603
    ));
#754 = CARTESIAN_POINT('',(-41.04525862857,-57.50437282807,4.2548354259)
  );
#755 = CARTESIAN_POINT('',(-41.19542359817,-57.39715904427,
    4.469251967005));
#756 = CARTESIAN_POINT('',(-41.36714818346,-57.27375850274,
    4.670714740499));
#757 = CARTESIAN_POINT('',(-41.56076124566,-57.13351477852,
    4.855140008575));
#758 = CARTESIAN_POINT('',(-41.7761610412,-56.97597118538,5.017554990452
    ));
#759 = CARTESIAN_POINT('',(-42.22898357044,-56.64104466374,
    5.274723459125));
#760 = CARTESIAN_POINT('',(-42.46475860998,-56.4651657424,5.375002856408
    ));
#761 = CARTESIAN_POINT('',(-42.71461705745,-56.27688947074,
    5.444299898665));
#762 = CARTESIAN_POINT('',(-42.972047659,-56.08066022657,5.477454705101)
  );
#763 = CARTESIAN_POINT('',(-43.22997756263,-55.88169658991,
    5.472516093135));
#764 = CARTESIAN_POINT('',(-43.48149206759,-55.68550046314,
    5.430802364383));
#765 = CARTESIAN_POINT('',(-43.98666133311,-55.28752926623,
    5.274797556076));
#766 = CARTESIAN_POINT('',(-44.23368185134,-55.09051440375,5.15395352886
    ));
#767 = CARTESIAN_POINT('',(-44.45925454766,-54.90856837909,
    5.001225562466));
#768 = CARTESIAN_POINT('',(-44.66213987338,-54.74333653602,
    4.822810960111));
#769 = CARTESIAN_POINT('',(-44.84185199096,-54.59580958614,
    4.624516070699));
#770 = CARTESIAN_POINT('',(-44.99852214016,-54.46637494039,4.41182889028
    ));
#771 = CARTESIAN_POINT('',(-45.29266694655,-54.22213534192,
    3.925988007043));
#772 = CARTESIAN_POINT('',(-45.42255445057,-54.11335884744,
    3.646254091271));
#773 = CARTESIAN_POINT('',(-45.52433361223,-54.02761032695,
    3.355994018523));
#774 = CARTESIAN_POINT('',(-45.59955277342,-53.96399614351,3.05884012822
    ));
#775 = CARTESIAN_POINT('',(-45.6493344032,-53.92181223992,2.757426995138
    ));
#776 = CARTESIAN_POINT('',(-45.6742620495,-53.90068910721,2.453843240447
    ));
#777 = CARTESIAN_POINT('',(-45.6742620495,-53.90068910721,1.908300159897
    ));
#778 = CARTESIAN_POINT('',(-45.6584878265,-53.91405586122,1.666680701781
    ));
#779 = CARTESIAN_POINT('',(-45.62695931282,-53.94077234878,
    1.426170090724));
#780 = CARTESIAN_POINT('',(-45.57945112903,-53.98097990133,
    1.187832256358));
#781 = CARTESIAN_POINT('',(-45.51552364584,-54.03495102522,
    0.952906831364));
#782 = CARTESIAN_POINT('',(-45.4345508777,-54.10305613465,0.722953434762
    ));
#783 = CARTESIAN_POINT('',(-45.2264488605,-54.27716952281,0.253374516706
    ));
#784 = CARTESIAN_POINT('',(-45.09488135451,-54.38681124965,
    1.429843890219E-02));
#785 = CARTESIAN_POINT('',(-44.93994442685,-54.51525088107,
    -0.213685265886));
#786 = CARTESIAN_POINT('',(-44.76065447346,-54.66287394334,
    -0.426258625176));
#787 = CARTESIAN_POINT('',(-44.55626077662,-54.8297400516,
    -0.618223849779));
#788 = CARTESIAN_POINT('',(-44.32647582374,-55.01538019542,
    -0.783282237357));
#789 = CARTESIAN_POINT('',(-43.9468718197,-55.3183566729,-0.977693538481
    ));
#790 = CARTESIAN_POINT('',(-43.81590186963,-55.42234771553,
    -1.033316579204));
#791 = CARTESIAN_POINT('',(-43.67992354828,-55.52970659624,
    -1.079203500674));
#792 = CARTESIAN_POINT('',(-43.53991160074,-55.63958700676,
    -1.114361392572));
#793 = CARTESIAN_POINT('',(-43.39694241938,-55.75108792565,
    -1.138092085205));
#794 = CARTESIAN_POINT('',(-43.25216232195,-55.86328522931,-1.15));
#795 = CARTESIAN_POINT('',(-43.10675582962,-55.97526330304,-1.15));
#796 = PCURVE('',#31,#797);
#797 = DEFINITIONAL_REPRESENTATION('',(#798),#861);
#798 = B_SPLINE_CURVE_WITH_KNOTS('',7,(#799,#800,#801,#802,#803,#804,
    #805,#806,#807,#808,#809,#810,#811,#812,#813,#814,#815,#816,#817,
    #818,#819,#820,#821,#822,#823,#824,#825,#826,#827,#828,#829,#830,
    #831,#832,#833,#834,#835,#836,#837,#838,#839,#840,#841,#842,#843,
    #844,#845,#846,#847,#848,#849,#850,#851,#852,#853,#854,#855,#856,
    #857,#858,#859,#860),.UNSPECIFIED.,.T.,.F.,(8,6,6,6,6,6,6,6,6,6,8),(
    0.,8.234486910023E-02,0.180750849537,0.344501847684,0.442273043121,
    0.531818820818,0.631500613237,0.750063821448,0.844377943508,
    0.948705853771,1.),.UNSPECIFIED.);
#799 = CARTESIAN_POINT('',(4.056145181635,5.15));
#800 = CARTESIAN_POINT('',(4.060331770968,5.15));
#801 = CARTESIAN_POINT('',(4.064476286803,5.180929762574));
#802 = CARTESIAN_POINT('',(4.068508419362,5.241670963391));
#803 = CARTESIAN_POINT('',(4.072361656752,5.329823670961));
#804 = CARTESIAN_POINT('',(4.075977762074,5.441786881923));
#805 = CARTESIAN_POINT('',(4.079310554686,5.572823160232));
#806 = CARTESIAN_POINT('',(4.085936174098,5.889533789911));
#807 = CARTESIAN_POINT('',(4.089140204462,6.083068786847));
#808 = CARTESIAN_POINT('',(4.091948845678,6.292525294909));
#809 = CARTESIAN_POINT('',(4.094376144108,6.513972757334));
#810 = CARTESIAN_POINT('',(4.096438055059,6.744403555416));
#811 = CARTESIAN_POINT('',(4.098149383076,6.981501714358));
#812 = CARTESIAN_POINT('',(4.101806191886,7.626230643658));
#813 = CARTESIAN_POINT('',(4.103152275285,8.042506622584));
#814 = CARTESIAN_POINT('',(4.103616952936,8.464534015729));
#815 = CARTESIAN_POINT('',(4.103220736726,8.887301029953));
#816 = CARTESIAN_POINT('',(4.101952114783,9.305664999725));
#817 = CARTESIAN_POINT('',(4.099769483056,9.713388509894));
#818 = CARTESIAN_POINT('',(4.094719590144,10.33083503603));
#819 = CARTESIAN_POINT('',(4.092476882375,10.5548354259));
#820 = CARTESIAN_POINT('',(4.089865274473,10.769251967005));
#821 = CARTESIAN_POINT('',(4.08687218131,10.970714740499));
#822 = CARTESIAN_POINT('',(4.083488371293,11.155140008575));
#823 = CARTESIAN_POINT('',(4.079711139592,11.317554990452));
#824 = CARTESIAN_POINT('',(4.071739073977,11.574723459125));
#825 = CARTESIAN_POINT('',(4.067575647983,11.675002856408));
#826 = CARTESIAN_POINT('',(4.063147525113,11.744299898665));
#827 = CARTESIAN_POINT('',(4.05856602535,11.777454705101));
#828 = CARTESIAN_POINT('',(4.053955355217,11.772516093135));
#829 = CARTESIAN_POINT('',(4.049440378972,11.730802364383));
#830 = CARTESIAN_POINT('',(4.040337766478,11.574797556076));
#831 = CARTESIAN_POINT('',(4.035865586873,11.45395352886));
#832 = CARTESIAN_POINT('',(4.031763684695,11.301225562466));
#833 = CARTESIAN_POINT('',(4.028060183913,11.122810960111));
#834 = CARTESIAN_POINT('',(4.024769206953,10.924516070699));
#835 = CARTESIAN_POINT('',(4.021892765385,10.71182889028));
#836 = CARTESIAN_POINT('',(4.016481197382,10.225988007043));
#837 = CARTESIAN_POINT('',(4.014083202125,9.946254091271));
#838 = CARTESIAN_POINT('',(4.012199476275,9.655994018524));
#839 = CARTESIAN_POINT('',(4.010805105471,9.35884012822));
#840 = CARTESIAN_POINT('',(4.009881524391,9.057426995138));
#841 = CARTESIAN_POINT('',(4.009419050875,8.753843240447));
#842 = CARTESIAN_POINT('',(4.009419050875,8.208300159897));
#843 = CARTESIAN_POINT('',(4.009711704584,7.966680701781));
#844 = CARTESIAN_POINT('',(4.01029664081,7.726170090724));
#845 = CARTESIAN_POINT('',(4.011177587047,7.487832256358));
#846 = CARTESIAN_POINT('',(4.01236178387,7.252906831364));
#847 = CARTESIAN_POINT('',(4.013859385847,7.022953434762));
#848 = CARTESIAN_POINT('',(4.017699918022,6.553374516706));
#849 = CARTESIAN_POINT('',(4.020124030659,6.314298438902));
#850 = CARTESIAN_POINT('',(4.022972585555,6.086314734114));
#851 = CARTESIAN_POINT('',(4.026259801754,5.873741374824));
#852 = CARTESIAN_POINT('',(4.029994455344,5.681776150221));
#853 = CARTESIAN_POINT('',(4.034175610011,5.516717762643));
#854 = CARTESIAN_POINT('',(4.041050190977,5.322306461519));
#855 = CARTESIAN_POINT('',(4.04341726304,5.266683420796));
#856 = CARTESIAN_POINT('',(4.045869495966,5.220796499326));
#857 = CARTESIAN_POINT('',(4.048388661684,5.185638607428));
#858 = CARTESIAN_POINT('',(4.050954929184,5.161907914795));
#859 = CARTESIAN_POINT('',(4.053547489659,5.15));
#860 = CARTESIAN_POINT('',(4.056145181635,5.15));
#861 = ( GEOMETRIC_REPRESENTATION_CONTEXT(2) 
PARAMETRIC_REPRESENTATION_CONTEXT() REPRESENTATION_CONTEXT('2D SPACE',''
  ) );
#862 = PCURVE('',#863,#868);
#863 = CYLINDRICAL_SURFACE('',#864,3.3);
#864 = AXIS2_PLACEMENT_3D('',#865,#866,#867);
#865 = CARTESIAN_POINT('',(-41.03226227236,-53.28147851563,2.15));
#866 = DIRECTION('',(-0.610145163901,-0.792289643355,2.22044604925E-16)
  );
#867 = DIRECTION('',(-1.354794418654E-16,-1.75923640845E-16,-1.));
#868 = DEFINITIONAL_REPRESENTATION('',(#869),#932);
#869 = B_SPLINE_CURVE_WITH_KNOTS('',7,(#870,#871,#872,#873,#874,#875,
    #876,#877,#878,#879,#880,#881,#882,#883,#884,#885,#886,#887,#888,
    #889,#890,#891,#892,#893,#894,#895,#896,#897,#898,#899,#900,#901,
    #902,#903,#904,#905,#906,#907,#908,#909,#910,#911,#912,#913,#914,
    #915,#916,#917,#918,#919,#920,#921,#922,#923,#924,#925,#926,#927,
    #928,#929,#930,#931),.UNSPECIFIED.,.F.,.F.,(8,6,6,6,6,6,6,6,6,6,8),(
    0.,8.234486910023E-02,0.180750849537,0.344501847684,0.442273043121,
    0.531818820818,0.631500613237,0.750063821448,0.844377943508,
    0.948705853771,1.),.UNSPECIFIED.);
#870 = CARTESIAN_POINT('',(0.,3.4));
#871 = CARTESIAN_POINT('',(8.963107162837E-02,3.4));
#872 = CARTESIAN_POINT('',(0.178361280436,3.398555645349));
#873 = CARTESIAN_POINT('',(0.265859574361,3.395717278284));
#874 = CARTESIAN_POINT('',(0.351767501608,3.391686455379));
#875 = CARTESIAN_POINT('',(0.43566201437,3.386779464227));
#876 = CARTESIAN_POINT('',(0.516993438427,3.381365977181));
#877 = CARTESIAN_POINT('',(0.688218445369,3.369110734017));
#878 = CARTESIAN_POINT('',(0.777871988703,3.362111965706));
#879 = CARTESIAN_POINT('',(0.864535842286,3.355204985957));
#880 = CARTESIAN_POINT('',(0.948672804966,3.348705843722));
#881 = CARTESIAN_POINT('',(1.030694701304,3.342837793332));
#882 = CARTESIAN_POINT('',(1.111001571007,3.337749893329));
#883 = CARTESIAN_POINT('',(1.321448739495,3.32654684201));
#884 = CARTESIAN_POINT('',(1.44925567721,3.321993382135));
#885 = CARTESIAN_POINT('',(1.575383493705,3.320345446938));
#886 = CARTESIAN_POINT('',(1.701379096942,3.321721818492));
#887 = CARTESIAN_POINT('',(1.828776242377,3.326076169319));
#888 = CARTESIAN_POINT('',(1.959116164281,3.333137247799));
#889 = CARTESIAN_POINT('',(2.17516641766,3.347569255109));
#890 = CARTESIAN_POINT('',(2.257940490872,3.35368509262));
#891 = CARTESIAN_POINT('',(2.343009331528,3.360363152079));
#892 = CARTESIAN_POINT('',(2.430674925369,3.36737110628));
#893 = CARTESIAN_POINT('',(2.521294021703,3.374389529607));
#894 = CARTESIAN_POINT('',(2.615277267258,3.380994515932));
#895 = CARTESIAN_POINT('',(2.802872410796,3.391923177878));
#896 = CARTESIAN_POINT('',(2.896566929304,3.396433130154));
#897 = CARTESIAN_POINT('',(2.99270108539,3.399713713419));
#898 = CARTESIAN_POINT('',(3.090107128156,3.401313352114));
#899 = CARTESIAN_POINT('',(3.187787251637,3.401051206711));
#900 = CARTESIAN_POINT('',(3.284702941348,3.39906740626));
#901 = CARTESIAN_POINT('',(3.485222103998,3.391985532895));
#902 = CARTESIAN_POINT('',(3.586890155575,3.386611072354));
#903 = CARTESIAN_POINT('',(3.685048611429,3.380089211123));
#904 = CARTESIAN_POINT('',(3.779948434935,3.372967233427));
#905 = CARTESIAN_POINT('',(3.871737734235,3.365733638359));
#906 = CARTESIAN_POINT('',(3.960444526297,3.358775442905));
#907 = CARTESIAN_POINT('',(4.147740411341,3.344737969643));
#908 = CARTESIAN_POINT('',(4.246081822321,3.337805712052));
#909 = CARTESIAN_POINT('',(4.341846992249,3.331968110606));
#910 = CARTESIAN_POINT('',(4.435707563924,3.327461859326));
#911 = CARTESIAN_POINT('',(4.52832030407,3.324414010061));
#912 = CARTESIAN_POINT('',(4.620315271158,3.322887853623));
#913 = CARTESIAN_POINT('',(4.785631356174,3.322887853623));
#914 = CARTESIAN_POINT('',(4.858849624046,3.323853628506));
#915 = CARTESIAN_POINT('',(4.932372534002,3.325783854767));
#916 = CARTESIAN_POINT('',(5.006520493379,3.328652993641));
#917 = CARTESIAN_POINT('',(5.081610591234,3.332408711436));
#918 = CARTESIAN_POINT('',(5.157974285937,3.33696254141));
#919 = CARTESIAN_POINT('',(5.322284294873,3.347938336221));
#920 = CARTESIAN_POINT('',(5.410955158799,3.354531063368));
#921 = CARTESIAN_POINT('',(5.502308894758,3.361758436021));
#922 = CARTESIAN_POINT('',(5.596671691629,3.369325761378));
#923 = CARTESIAN_POINT('',(5.694450316999,3.376822225126));
#924 = CARTESIAN_POINT('',(5.796121690289,3.383700810728));
#925 = CARTESIAN_POINT('',(5.95463249652,3.392132388751));
#926 = CARTESIAN_POINT('',(6.00793881412,3.394612733174));
#927 = CARTESIAN_POINT('',(6.062075861466,3.396705547319));
#928 = CARTESIAN_POINT('',(6.116844882788,3.398335045905));
#929 = CARTESIAN_POINT('',(6.172066754391,3.399444114573));
#930 = CARTESIAN_POINT('',(6.227571083513,3.4));
#931 = CARTESIAN_POINT('',(6.28318530718,3.4));
#932 = ( GEOMETRIC_REPRESENTATION_CONTEXT(2) 
PARAMETRIC_REPRESENTATION_CONTEXT() REPRESENTATION_CONTEXT('2D SPACE',''
  ) );
#933 = FACE_BOUND('',#934,.T.);
#934 = EDGE_LOOP('',(#935));
#935 = ORIENTED_EDGE('',*,*,#936,.F.);
#936 = EDGE_CURVE('',#937,#937,#939,.T.);
#937 = VERTEX_POINT('',#938);
#938 = CARTESIAN_POINT('',(26.922622089147,-65.31917727471,-1.15));
#939 = SURFACE_CURVE('',#940,(#1003,#1069),.PCURVE_S1.);
#940 = B_SPLINE_CURVE_WITH_KNOTS('',7,(#941,#942,#943,#944,#945,#946,
    #947,#948,#949,#950,#951,#952,#953,#954,#955,#956,#957,#958,#959,
    #960,#961,#962,#963,#964,#965,#966,#967,#968,#969,#970,#971,#972,
    #973,#974,#975,#976,#977,#978,#979,#980,#981,#982,#983,#984,#985,
    #986,#987,#988,#989,#990,#991,#992,#993,#994,#995,#996,#997,#998,
    #999,#1000,#1001,#1002),.UNSPECIFIED.,.T.,.F.,(8,6,6,6,6,6,6,6,6,6,8
    ),(0.,8.234486476356E-02,0.180750838967,0.344501830004,
    0.442273022434,0.531818801005,0.631500598033,0.750063813187,
    0.844377938376,0.948705852083,1.),.UNSPECIFIED.);
#941 = CARTESIAN_POINT('',(26.922622089147,-65.31917727471,-1.15));
#942 = CARTESIAN_POINT('',(27.196086657065,-65.20646331345,-1.15));
#943 = CARTESIAN_POINT('',(27.46625262303,-65.09354670657,
    -1.119070236542));
#944 = CARTESIAN_POINT('',(27.728538779225,-64.98237014262,
    -1.058329037986));
#945 = CARTESIAN_POINT('',(27.978670196723,-64.87491362587,
    -0.970176329329));
#946 = CARTESIAN_POINT('',(28.212960578581,-64.77303863878,
    -0.858213115896));
#947 = CARTESIAN_POINT('',(28.428536482527,-64.67832937113,
    -0.727176841309));
#948 = CARTESIAN_POINT('',(28.856498036606,-64.48868093036,
    -0.410466210089));
#949 = CARTESIAN_POINT('',(29.063017935675,-64.39598961932,
    -0.216931213153));
#950 = CARTESIAN_POINT('',(29.243734680529,-64.31403288058,
    -7.474705091214E-03));
#951 = CARTESIAN_POINT('',(29.399694204052,-64.24272145404,
    0.213972757334));
#952 = CARTESIAN_POINT('',(29.532031444252,-64.18182902655,
    0.444403555415));
#953 = CARTESIAN_POINT('',(29.641776205998,-64.13109236665,
    0.681501714358));
#954 = CARTESIAN_POINT('',(29.876142122559,-64.02237635271,
    1.326230651682));
#955 = CARTESIAN_POINT('',(29.962232021828,-63.9819675808,1.742506589434
    ));
#956 = CARTESIAN_POINT('',(29.991917701392,-63.9679496,2.164534079509));
#957 = CARTESIAN_POINT('',(29.966593083624,-63.97987635356,
    2.587300960634));
#958 = CARTESIAN_POINT('',(29.885485381146,-64.018016255,3.005665040525)
  );
#959 = CARTESIAN_POINT('',(29.745755991837,-64.08324589899,3.41338849915
    ));
#960 = CARTESIAN_POINT('',(29.421670723796,-64.23243403871,
    4.030835045368));
#961 = CARTESIAN_POINT('',(29.277618392853,-64.29842308687,4.25483540283
    ));
#962 = CARTESIAN_POINT('',(29.109686040477,-64.37486287726,
    4.469251986744));
#963 = CARTESIAN_POINT('',(28.916955718554,-64.46188047031,
    4.670714741021));
#964 = CARTESIAN_POINT('',(28.698694609143,-64.55943241722,
    4.855139997733));
#965 = CARTESIAN_POINT('',(28.454557920515,-64.66720233162,
    5.017554995786));
#966 = CARTESIAN_POINT('',(27.938091790283,-64.89189487995,
    5.274723459221));
#967 = CARTESIAN_POINT('',(27.667888657024,-65.00814259293,5.37500285626
    ));
#968 = CARTESIAN_POINT('',(27.379907399074,-65.13038821998,
    5.444299898709));
#969 = CARTESIAN_POINT('',(27.081252587557,-65.25521503869,
    5.477454705179));
#970 = CARTESIAN_POINT('',(26.779980071911,-65.37910706931,5.47251609303
    ));
#971 = CARTESIAN_POINT('',(26.484311989945,-65.49882695648,
    5.430802364438));
#972 = CARTESIAN_POINT('',(25.887074178766,-65.73733077993,
    5.274797553018));
#973 = CARTESIAN_POINT('',(25.592944084262,-65.85274937654,
    5.153953534128));
#974 = CARTESIAN_POINT('',(25.32258780366,-65.95712807111,5.001225567353
    ));
#975 = CARTESIAN_POINT('',(25.078050190754,-66.05021598541,
    4.822810938812));
#976 = CARTESIAN_POINT('',(24.860432059188,-66.13208776536,4.62451609262
    ));
#977 = CARTESIAN_POINT('',(24.670003274106,-66.20305077864,
    4.411828881818));
#978 = CARTESIAN_POINT('',(24.311413185294,-66.33566784996,
    3.925988013855));
#979 = CARTESIAN_POINT('',(24.152266207471,-66.39376548758,
    3.646254075911));
#980 = CARTESIAN_POINT('',(24.027116257604,-66.43903455655,3.35599402601
    ));
#981 = CARTESIAN_POINT('',(23.93441515535,-66.47236917769,3.05884014103)
  );
#982 = CARTESIAN_POINT('',(23.872992017962,-66.49438937835,
    2.757426976656));
#983 = CARTESIAN_POINT('',(23.842235023585,-66.50541578758,
    2.453843248163));
#984 = CARTESIAN_POINT('',(23.842235023585,-66.50541578758,
    1.908300159897));
#985 = CARTESIAN_POINT('',(23.86169808362,-66.49843828674,1.666680701781
    ));
#986 = CARTESIAN_POINT('',(23.90059949739,-66.48449203674,1.426170090723
    ));
#987 = CARTESIAN_POINT('',(23.959174351213,-66.46345251895,
    1.187832256358));
#988 = CARTESIAN_POINT('',(24.037878457173,-66.43507525646,
    0.952906831364));
#989 = CARTESIAN_POINT('',(24.137345596131,-66.39900333695,
    0.722953434761));
#990 = CARTESIAN_POINT('',(24.392183221995,-66.30583839756,
    0.253374516743));
#991 = CARTESIAN_POINT('',(24.552919495766,-66.24671845847,
    1.429843889817E-02));
#992 = CARTESIAN_POINT('',(24.741619943288,-66.17675895884,
    -0.213685265915));
#993 = CARTESIAN_POINT('',(24.959110242098,-66.09530083569,
    -0.426258625192));
#994 = CARTESIAN_POINT('',(25.205817379274,-66.001723756,-0.618223849767
    ));
#995 = CARTESIAN_POINT('',(25.481478936188,-65.89554422132,
    -0.783282237341));
#996 = CARTESIAN_POINT('',(25.933666264489,-65.71828574917,
    -0.977693538481));
#997 = CARTESIAN_POINT('',(26.089210124209,-65.65685796659,
    -1.033316579204));
#998 = CARTESIAN_POINT('',(26.2501748029,-65.59277672629,-1.079203500674
    ));
#999 = CARTESIAN_POINT('',(26.415340003561,-65.52646302815,
    -1.114361392571));
#1000 = CARTESIAN_POINT('',(26.583387222542,-65.45839854458,
    -1.138092085205));
#1001 = CARTESIAN_POINT('',(26.752942986465,-65.38911395408,-1.15));
#1002 = CARTESIAN_POINT('',(26.922622089147,-65.31917727471,-1.15));
#1003 = PCURVE('',#31,#1004);
#1004 = DEFINITIONAL_REPRESENTATION('',(#1005),#1068);
#1005 = B_SPLINE_CURVE_WITH_KNOTS('',7,(#1006,#1007,#1008,#1009,#1010,
    #1011,#1012,#1013,#1014,#1015,#1016,#1017,#1018,#1019,#1020,#1021,
    #1022,#1023,#1024,#1025,#1026,#1027,#1028,#1029,#1030,#1031,#1032,
    #1033,#1034,#1035,#1036,#1037,#1038,#1039,#1040,#1041,#1042,#1043,
    #1044,#1045,#1046,#1047,#1048,#1049,#1050,#1051,#1052,#1053,#1054,
    #1055,#1056,#1057,#1058,#1059,#1060,#1061,#1062,#1063,#1064,#1065,
    #1066,#1067),.UNSPECIFIED.,.T.,.F.,(8,6,6,6,6,6,6,6,6,6,8),(0.,
    8.234486476356E-02,0.180750838967,0.344501830004,0.442273022434,
    0.531818801005,0.631500598033,0.750063813187,0.844377938376,
    0.948705852083,1.),.UNSPECIFIED.);
#1006 = CARTESIAN_POINT('',(5.103342732831,5.15));
#1007 = CARTESIAN_POINT('',(5.10752932212,5.15));
#1008 = CARTESIAN_POINT('',(5.111673838081,5.180929763458));
#1009 = CARTESIAN_POINT('',(5.115705970521,5.241670962014));
#1010 = CARTESIAN_POINT('',(5.119559207902,5.329823670671));
#1011 = CARTESIAN_POINT('',(5.123175313342,5.441786884104));
#1012 = CARTESIAN_POINT('',(5.12650810585,5.572823158691));
#1013 = CARTESIAN_POINT('',(5.133133725294,5.889533789911));
#1014 = CARTESIAN_POINT('',(5.136337755658,6.083068786847));
#1015 = CARTESIAN_POINT('',(5.139146396874,6.292525294909));
#1016 = CARTESIAN_POINT('',(5.141573695305,6.513972757334));
#1017 = CARTESIAN_POINT('',(5.143635606255,6.744403555415));
#1018 = CARTESIAN_POINT('',(5.145346934273,6.981501714358));
#1019 = CARTESIAN_POINT('',(5.149003743128,7.626230651682));
#1020 = CARTESIAN_POINT('',(5.1503498264,8.042506589434));
#1021 = CARTESIAN_POINT('',(5.150814504126,8.464534079509));
#1022 = CARTESIAN_POINT('',(5.150418288097,8.887300960634));
#1023 = CARTESIAN_POINT('',(5.149149665776,9.305665040525));
#1024 = CARTESIAN_POINT('',(5.146967034341,9.71338849915));
#1025 = CARTESIAN_POINT('',(5.141917141264,10.330835045368));
#1026 = CARTESIAN_POINT('',(5.139674433718,10.55483540283));
#1027 = CARTESIAN_POINT('',(5.137062825701,10.769251986744));
#1028 = CARTESIAN_POINT('',(5.134069732148,10.970714741021));
#1029 = CARTESIAN_POINT('',(5.130685922895,11.155139997733));
#1030 = CARTESIAN_POINT('',(5.126908690623,11.317554995786));
#1031 = CARTESIAN_POINT('',(5.118936625171,11.574723459221));
#1032 = CARTESIAN_POINT('',(5.114773199183,11.67500285626));
#1033 = CARTESIAN_POINT('',(5.110345076313,11.744299898709));
#1034 = CARTESIAN_POINT('',(5.105763576544,11.777454705179));
#1035 = CARTESIAN_POINT('',(5.10115290641,11.77251609303));
#1036 = CARTESIAN_POINT('',(5.096637930172,11.730802364438));
#1037 = CARTESIAN_POINT('',(5.087535317496,11.574797553018));
#1038 = CARTESIAN_POINT('',(5.083063138507,11.453953534128));
#1039 = CARTESIAN_POINT('',(5.07896123552,11.301225567353));
#1040 = CARTESIAN_POINT('',(5.075257735102,11.122810938812));
#1041 = CARTESIAN_POINT('',(5.071966758343,10.92451609262));
#1042 = CARTESIAN_POINT('',(5.069090316488,10.711828881818));
#1043 = CARTESIAN_POINT('',(5.063678748655,10.225988013855));
#1044 = CARTESIAN_POINT('',(5.061280753122,9.946254075911));
#1045 = CARTESIAN_POINT('',(5.059397027696,9.65599402601));
#1046 = CARTESIAN_POINT('',(5.058002656548,9.35884014103));
#1047 = CARTESIAN_POINT('',(5.057079075613,9.057426976656));
#1048 = CARTESIAN_POINT('',(5.056616602072,8.753843248163));
#1049 = CARTESIAN_POINT('',(5.056616602072,8.208300159897));
#1050 = CARTESIAN_POINT('',(5.05690925578,7.966680701781));
#1051 = CARTESIAN_POINT('',(5.057494192007,7.726170090723));
#1052 = CARTESIAN_POINT('',(5.058375138244,7.487832256358));
#1053 = CARTESIAN_POINT('',(5.059559335067,7.252906831364));
#1054 = CARTESIAN_POINT('',(5.061056937043,7.022953434761));
#1055 = CARTESIAN_POINT('',(5.064897469218,6.553374516743));
#1056 = CARTESIAN_POINT('',(5.067321581855,6.314298438898));
#1057 = CARTESIAN_POINT('',(5.070170136752,6.086314734085));
#1058 = CARTESIAN_POINT('',(5.073457352951,5.873741374808));
#1059 = CARTESIAN_POINT('',(5.077192006541,5.681776150233));
#1060 = CARTESIAN_POINT('',(5.081373161207,5.516717762659));
#1061 = CARTESIAN_POINT('',(5.088247742173,5.322306461519));
#1062 = CARTESIAN_POINT('',(5.090614814237,5.266683420796));
#1063 = CARTESIAN_POINT('',(5.093067047163,5.220796499326));
#1064 = CARTESIAN_POINT('',(5.09558621288,5.185638607429));
#1065 = CARTESIAN_POINT('',(5.098152480381,5.161907914795));
#1066 = CARTESIAN_POINT('',(5.100745040855,5.15));
#1067 = CARTESIAN_POINT('',(5.103342732831,5.15));
#1068 = ( GEOMETRIC_REPRESENTATION_CONTEXT(2) 
PARAMETRIC_REPRESENTATION_CONTEXT() REPRESENTATION_CONTEXT('2D SPACE',''
  ) );
#1069 = PCURVE('',#1070,#1075);
#1070 = CYLINDRICAL_SURFACE('',#1071,3.3);
#1071 = AXIS2_PLACEMENT_3D('',#1072,#1073,#1074);
#1072 = CARTESIAN_POINT('',(25.626982809556,-62.17572076042,2.15));
#1073 = DIRECTION('',(0.38107037635,-0.924546033612,2.22044604925E-16));
#1074 = DIRECTION('',(8.461462116533E-17,-2.052904587685E-16,-1.));
#1075 = DEFINITIONAL_REPRESENTATION('',(#1076),#1139);
#1076 = B_SPLINE_CURVE_WITH_KNOTS('',7,(#1077,#1078,#1079,#1080,#1081,
    #1082,#1083,#1084,#1085,#1086,#1087,#1088,#1089,#1090,#1091,#1092,
    #1093,#1094,#1095,#1096,#1097,#1098,#1099,#1100,#1101,#1102,#1103,
    #1104,#1105,#1106,#1107,#1108,#1109,#1110,#1111,#1112,#1113,#1114,
    #1115,#1116,#1117,#1118,#1119,#1120,#1121,#1122,#1123,#1124,#1125,
    #1126,#1127,#1128,#1129,#1130,#1131,#1132,#1133,#1134,#1135,#1136,
    #1137,#1138),.UNSPECIFIED.,.F.,.F.,(8,6,6,6,6,6,6,6,6,6,8),(0.,
    8.234486476356E-02,0.180750838967,0.344501830004,0.442273022434,
    0.531818801005,0.631500598033,0.750063813187,0.844377938376,
    0.948705852083,1.),.UNSPECIFIED.);
#1077 = CARTESIAN_POINT('',(0.,3.4));
#1078 = CARTESIAN_POINT('',(8.963107067867E-02,3.4));
#1079 = CARTESIAN_POINT('',(0.178361282254,3.398555645314));
#1080 = CARTESIAN_POINT('',(0.265859573433,3.395717278338));
#1081 = CARTESIAN_POINT('',(0.351767500602,3.391686455391));
#1082 = CARTESIAN_POINT('',(0.435662016097,3.386779464141));
#1083 = CARTESIAN_POINT('',(0.516993437594,3.381365977241));
#1084 = CARTESIAN_POINT('',(0.688218445369,3.369110734017));
#1085 = CARTESIAN_POINT('',(0.777871988703,3.362111965706));
#1086 = CARTESIAN_POINT('',(0.864535842286,3.355204985957));
#1087 = CARTESIAN_POINT('',(0.948672804966,3.348705843722));
#1088 = CARTESIAN_POINT('',(1.030694701304,3.342837793332));
#1089 = CARTESIAN_POINT('',(1.111001571007,3.337749893329));
#1090 = CARTESIAN_POINT('',(1.321448742114,3.326546841871));
#1091 = CARTESIAN_POINT('',(1.449255666383,3.321993382396));
#1092 = CARTESIAN_POINT('',(1.57538351466,3.320345446928));
#1093 = CARTESIAN_POINT('',(1.701379073907,3.32172181801));
#1094 = CARTESIAN_POINT('',(1.828776256203,3.326076169901));
#1095 = CARTESIAN_POINT('',(1.959116160522,3.333137247548));
#1096 = CARTESIAN_POINT('',(2.175166420928,3.347569255328));
#1097 = CARTESIAN_POINT('',(2.257940483574,3.353685092102));
#1098 = CARTESIAN_POINT('',(2.34300933515,3.360363152397));
#1099 = CARTESIAN_POINT('',(2.430674931429,3.367371106592));
#1100 = CARTESIAN_POINT('',(2.521294012687,3.374389529079));
#1101 = CARTESIAN_POINT('',(2.615277271149,3.380994516159));
#1102 = CARTESIAN_POINT('',(2.802872410866,3.391923177882));
#1103 = CARTESIAN_POINT('',(2.896566929232,3.396433130148));
#1104 = CARTESIAN_POINT('',(2.992701085336,3.39971371342));
#1105 = CARTESIAN_POINT('',(3.090107128214,3.401313352117));
#1106 = CARTESIAN_POINT('',(3.187787251705,3.401051206707));
#1107 = CARTESIAN_POINT('',(3.284702941278,3.399067406262));
#1108 = CARTESIAN_POINT('',(3.485222107929,3.391985532756));
#1109 = CARTESIAN_POINT('',(3.586890146368,3.38661107265));
#1110 = CARTESIAN_POINT('',(3.685048617633,3.380089211111));
#1111 = CARTESIAN_POINT('',(3.779948438658,3.372967232872));
#1112 = CARTESIAN_POINT('',(3.871737726827,3.365733638991));
#1113 = CARTESIAN_POINT('',(3.960444529559,3.35877544266));
#1114 = CARTESIAN_POINT('',(4.147740408715,3.34473796984));
#1115 = CARTESIAN_POINT('',(4.246081828413,3.337805711529));
#1116 = CARTESIAN_POINT('',(4.341846988347,3.331968111188));
#1117 = CARTESIAN_POINT('',(4.435707560991,3.327461859025));
#1118 = CARTESIAN_POINT('',(4.528320309427,3.32441401012));
#1119 = CARTESIAN_POINT('',(4.62031526882,3.322887853623));
#1120 = CARTESIAN_POINT('',(4.785631356174,3.322887853623));
#1121 = CARTESIAN_POINT('',(4.858849624046,3.323853628506));
#1122 = CARTESIAN_POINT('',(4.932372534002,3.325783854767));
#1123 = CARTESIAN_POINT('',(5.006520493379,3.328652993641));
#1124 = CARTESIAN_POINT('',(5.081610591234,3.332408711436));
#1125 = CARTESIAN_POINT('',(5.157974285937,3.33696254141));
#1126 = CARTESIAN_POINT('',(5.32228429486,3.34793833622));
#1127 = CARTESIAN_POINT('',(5.4109551588,3.354531063368));
#1128 = CARTESIAN_POINT('',(5.502308894768,3.361758436022));
#1129 = CARTESIAN_POINT('',(5.596671691639,3.369325761378));
#1130 = CARTESIAN_POINT('',(5.694450316997,3.376822225125));
#1131 = CARTESIAN_POINT('',(5.796121690277,3.383700810727));
#1132 = CARTESIAN_POINT('',(5.95463249652,3.392132388751));
#1133 = CARTESIAN_POINT('',(6.00793881412,3.394612733174));
#1134 = CARTESIAN_POINT('',(6.062075861466,3.396705547319));
#1135 = CARTESIAN_POINT('',(6.116844882788,3.398335045905));
#1136 = CARTESIAN_POINT('',(6.172066754391,3.399444114573));
#1137 = CARTESIAN_POINT('',(6.227571083513,3.4));
#1138 = CARTESIAN_POINT('',(6.28318530718,3.4));
#1139 = ( GEOMETRIC_REPRESENTATION_CONTEXT(2) 
PARAMETRIC_REPRESENTATION_CONTEXT() REPRESENTATION_CONTEXT('2D SPACE',''
  ) );
#1140 = FACE_BOUND('',#1141,.T.);
#1141 = EDGE_LOOP('',(#1142));
#1142 = ORIENTED_EDGE('',*,*,#1143,.F.);
#1143 = EDGE_CURVE('',#1144,#1144,#1146,.T.);
#1144 = VERTEX_POINT('',#1145);
#1145 = CARTESIAN_POINT('',(70.029377918771,-9.343913971666,-1.15));
#1146 = SURFACE_CURVE('',#1147,(#1210,#1276),.PCURVE_S1.);
#1147 = B_SPLINE_CURVE_WITH_KNOTS('',7,(#1148,#1149,#1150,#1151,#1152,
    #1153,#1154,#1155,#1156,#1157,#1158,#1159,#1160,#1161,#1162,#1163,
    #1164,#1165,#1166,#1167,#1168,#1169,#1170,#1171,#1172,#1173,#1174,
    #1175,#1176,#1177,#1178,#1179,#1180,#1181,#1182,#1183,#1184,#1185,
    #1186,#1187,#1188,#1189,#1190,#1191,#1192,#1193,#1194,#1195,#1196,
    #1197,#1198,#1199,#1200,#1201,#1202,#1203,#1204,#1205,#1206,#1207,
    #1208,#1209),.UNSPECIFIED.,.T.,.F.,(8,6,6,6,6,6,6,6,6,6,8),(0.,
    8.234486836658E-02,0.180750846973,0.344501845336,0.442273038185,
    0.531818813581,0.631500607075,0.750063818026,0.844377939871,
    0.948705849895,1.),.UNSPECIFIED.);
#1148 = CARTESIAN_POINT('',(70.029377918771,-9.343913971666,-1.15));
#1149 = CARTESIAN_POINT('',(70.068497048958,-9.050729727891,-1.15));
#1150 = CARTESIAN_POINT('',(70.105791381839,-8.760300834971,
    -1.119070236481));
#1151 = CARTESIAN_POINT('',(70.140652731225,-8.477566078911,
    -1.058329038018));
#1152 = CARTESIAN_POINT('',(70.172658366672,-8.207217658657,
    -0.970176329438));
#1153 = CARTESIAN_POINT('',(70.201577230797,-7.95337874232,
    -0.858213115916));
#1154 = CARTESIAN_POINT('',(70.227344551029,-7.71932989908,
    -0.727176841167));
#1155 = CARTESIAN_POINT('',(70.277084960546,-7.253880101225,
    -0.410466210089));
#1156 = CARTESIAN_POINT('',(70.300071880009,-7.028682966723,
    -0.216931213153));
#1157 = CARTESIAN_POINT('',(70.319453634682,-6.831199305424,
    -7.474705091416E-03));
#1158 = CARTESIAN_POINT('',(70.335675889479,-6.660478682821,
    0.213972757334));
#1159 = CARTESIAN_POINT('',(70.34911012047,-6.515425057193,
    0.444403555416));
#1160 = CARTESIAN_POINT('',(70.360043264972,-6.395014975642,
    0.681501714358));
#1161 = CARTESIAN_POINT('',(70.383075393375,-6.137690131145,
    1.326230651682));
#1162 = CARTESIAN_POINT('',(70.391125320002,-6.042929705416,
    1.742506589433));
#1163 = CARTESIAN_POINT('',(70.393828232298,-6.010212162383,
    2.164534079512));
#1164 = CARTESIAN_POINT('',(70.391494794989,-6.038107301493,
    2.587300960632));
#1165 = CARTESIAN_POINT('',(70.383971067296,-6.127418583004,
    3.005665040526));
#1166 = CARTESIAN_POINT('',(70.37059690141,-6.281042605792,3.41338849915
    ));
#1167 = CARTESIAN_POINT('',(70.337754986829,-6.636302745396,
    4.030835036031));
#1168 = CARTESIAN_POINT('',(70.322877012091,-6.794050263209,
    4.254835425899));
#1169 = CARTESIAN_POINT('',(70.305109636484,-6.977703833545,
    4.469251967005));
#1170 = CARTESIAN_POINT('',(70.284103925326,-7.188121957618,
    4.670714740498));
#1171 = CARTESIAN_POINT('',(70.259455828532,-7.425917650106,
    4.855140008575));
#1172 = CARTESIAN_POINT('',(70.230718972432,-7.691231141582,
    5.017554990451));
#1173 = CARTESIAN_POINT('',(70.167075360893,-8.250850216332,
    5.274723459222));
#1174 = CARTESIAN_POINT('',(70.132647266832,-8.542976850403,
    5.375002856259));
#1175 = CARTESIAN_POINT('',(70.094524456389,-8.853498749129,
    5.444299898709));
#1176 = CARTESIAN_POINT('',(70.053300246701,-9.174554812219,
    5.477454705179));
#1177 = CARTESIAN_POINT('',(70.009957634726,-9.497410479544,
    5.472516093029));
#1178 = CARTESIAN_POINT('',(69.965804057368,-9.813326493195,
    5.430802364438));
#1179 = CARTESIAN_POINT('',(69.873735521784,-10.4498015215,
    5.274797553018));
#1180 = CARTESIAN_POINT('',(69.826625911268,-10.76223495366,
    5.153953534128));
#1181 = CARTESIAN_POINT('',(69.781842372078,-11.04855970802,
    5.001225567352));
#1182 = CARTESIAN_POINT('',(69.740190064194,-11.30687945013,
    4.822810938812));
#1183 = CARTESIAN_POINT('',(69.702284039699,-11.53627817036,
    4.624516092619));
#1184 = CARTESIAN_POINT('',(69.668525419394,-11.7366758425,
    4.411828881818));
#1185 = CARTESIAN_POINT('',(69.604080127727,-12.11353250462,
    3.925988013855));
#1186 = CARTESIAN_POINT('',(69.574820668893,-12.28040664915,
    3.646254075911));
#1187 = CARTESIAN_POINT('',(69.551449857687,-12.4114242195,
    3.355994026011));
#1188 = CARTESIAN_POINT('',(69.533967935297,-12.50837303959,
    3.058840141029));
#1189 = CARTESIAN_POINT('',(69.522326419768,-12.57257713727,
    2.757426976657));
#1190 = CARTESIAN_POINT('',(69.516497073092,-12.60472668037,
    2.453843248163));
#1191 = CARTESIAN_POINT('',(69.516497073092,-12.60472668037,
    1.908300159897));
#1192 = CARTESIAN_POINT('',(69.520185910124,-12.58438242552,
    1.666680701781));
#1193 = CARTESIAN_POINT('',(69.527558810218,-12.54371968795,
    1.426170090724));
#1194 = CARTESIAN_POINT('',(69.538625480244,-12.48247261762,
    1.187832256358));
#1195 = CARTESIAN_POINT('',(69.553402103015,-12.40012423123,
    0.952906831364));
#1196 = CARTESIAN_POINT('',(69.571896473839,-12.2959472023,
    0.722953434762));
#1197 = CARTESIAN_POINT('',(69.61863208252,-12.02866887475,
    0.253374516706));
#1198 = CARTESIAN_POINT('',(69.647800850283,-11.85990720882,
    1.429843890217E-02));
#1199 = CARTESIAN_POINT('',(69.681564370119,-11.66150807777,
    -0.213685265886));
#1200 = CARTESIAN_POINT('',(69.719764715531,-11.43242689236,
    -0.426258625176));
#1201 = CARTESIAN_POINT('',(69.7620781559,-11.17198370439,
    -0.618223849779));
#1202 = CARTESIAN_POINT('',(69.80795475997,-10.88016402588,
    -0.783282237357));
#1203 = CARTESIAN_POINT('',(69.880538086057,-10.39992906394,
    -0.97769354347));
#1204 = CARTESIAN_POINT('',(69.905111992004,-10.23451026409,
    -1.033316577021));
#1205 = CARTESIAN_POINT('',(69.930098349624,-10.06307014048,
    -1.079203496808));
#1206 = CARTESIAN_POINT('',(69.955251605669,-9.886876011256,
    -1.114361392762));
#1207 = CARTESIAN_POINT('',(69.980329643831,-9.70731060567,
    -1.138092088118));
#1208 = CARTESIAN_POINT('',(70.005105306874,-9.525828736379,-1.15));
#1209 = CARTESIAN_POINT('',(70.029377918771,-9.343913971666,-1.15));
#1210 = PCURVE('',#31,#1211);
#1211 = DEFINITIONAL_REPRESENTATION('',(#1212),#1275);
#1212 = B_SPLINE_CURVE_WITH_KNOTS('',7,(#1213,#1214,#1215,#1216,#1217,
    #1218,#1219,#1220,#1221,#1222,#1223,#1224,#1225,#1226,#1227,#1228,
    #1229,#1230,#1231,#1232,#1233,#1234,#1235,#1236,#1237,#1238,#1239,
    #1240,#1241,#1242,#1243,#1244,#1245,#1246,#1247,#1248,#1249,#1250,
    #1251,#1252,#1253,#1254,#1255,#1256,#1257,#1258,#1259,#1260,#1261,
    #1262,#1263,#1264,#1265,#1266,#1267,#1268,#1269,#1270,#1271,#1272,
    #1273,#1274),.UNSPECIFIED.,.T.,.F.,(8,6,6,6,6,6,6,6,6,6,8),(0.,
    8.234486836658E-02,0.180750846973,0.344501845336,0.442273038185,
    0.531818813581,0.631500607075,0.750063818026,0.844377939871,
    0.948705849895,1.),.UNSPECIFIED.);
#1213 = CARTESIAN_POINT('',(6.150540284028,5.15));
#1214 = CARTESIAN_POINT('',(6.154726873321,5.15));
#1215 = CARTESIAN_POINT('',(6.158871389278,5.180929763519));
#1216 = CARTESIAN_POINT('',(6.162903521714,5.241670961982));
#1217 = CARTESIAN_POINT('',(6.166756759096,5.329823670562));
#1218 = CARTESIAN_POINT('',(6.170372864539,5.441786884084));
#1219 = CARTESIAN_POINT('',(6.17370565705,5.572823158833));
#1220 = CARTESIAN_POINT('',(6.180331276491,5.889533789911));
#1221 = CARTESIAN_POINT('',(6.183535306855,6.083068786847));
#1222 = CARTESIAN_POINT('',(6.186343948071,6.292525294909));
#1223 = CARTESIAN_POINT('',(6.188771246501,6.513972757334));
#1224 = CARTESIAN_POINT('',(6.190833157452,6.744403555416));
#1225 = CARTESIAN_POINT('',(6.192544485469,6.981501714358));
#1226 = CARTESIAN_POINT('',(6.196201294324,7.626230651682));
#1227 = CARTESIAN_POINT('',(6.197547377596,8.042506589433));
#1228 = CARTESIAN_POINT('',(6.198012055322,8.464534079511));
#1229 = CARTESIAN_POINT('',(6.197615839293,8.887300960632));
#1230 = CARTESIAN_POINT('',(6.196347216972,9.305665040526));
#1231 = CARTESIAN_POINT('',(6.194164585538,9.71338849915));
#1232 = CARTESIAN_POINT('',(6.189114692537,10.330835036031));
#1233 = CARTESIAN_POINT('',(6.186871984768,10.554835425899));
#1234 = CARTESIAN_POINT('',(6.184260376866,10.769251967005));
#1235 = CARTESIAN_POINT('',(6.181267283703,10.970714740498));
#1236 = CARTESIAN_POINT('',(6.177883473686,11.155140008576));
#1237 = CARTESIAN_POINT('',(6.174106241985,11.317554990451));
#1238 = CARTESIAN_POINT('',(6.166134176367,11.574723459222));
#1239 = CARTESIAN_POINT('',(6.16197075038,11.675002856259));
#1240 = CARTESIAN_POINT('',(6.157542627509,11.744299898709));
#1241 = CARTESIAN_POINT('',(6.152961127741,11.777454705179));
#1242 = CARTESIAN_POINT('',(6.148350457607,11.772516093029));
#1243 = CARTESIAN_POINT('',(6.143835481368,11.730802364438));
#1244 = CARTESIAN_POINT('',(6.134732868693,11.574797553018));
#1245 = CARTESIAN_POINT('',(6.130260689704,11.453953534129));
#1246 = CARTESIAN_POINT('',(6.126158786717,11.301225567352));
#1247 = CARTESIAN_POINT('',(6.122455286299,11.122810938812));
#1248 = CARTESIAN_POINT('',(6.11916430954,10.924516092619));
#1249 = CARTESIAN_POINT('',(6.116287867684,10.711828881818));
#1250 = CARTESIAN_POINT('',(6.110876299851,10.225988013855));
#1251 = CARTESIAN_POINT('',(6.108478304318,9.946254075911));
#1252 = CARTESIAN_POINT('',(6.106594578892,9.655994026011));
#1253 = CARTESIAN_POINT('',(6.105200207744,9.358840141029));
#1254 = CARTESIAN_POINT('',(6.104276626809,9.057426976657));
#1255 = CARTESIAN_POINT('',(6.103814153268,8.753843248163));
#1256 = CARTESIAN_POINT('',(6.103814153268,8.208300159897));
#1257 = CARTESIAN_POINT('',(6.104106806977,7.966680701781));
#1258 = CARTESIAN_POINT('',(6.104691743203,7.726170090724));
#1259 = CARTESIAN_POINT('',(6.105572689441,7.487832256358));
#1260 = CARTESIAN_POINT('',(6.106756886263,7.252906831364));
#1261 = CARTESIAN_POINT('',(6.10825448824,7.022953434762));
#1262 = CARTESIAN_POINT('',(6.112095020415,6.553374516706));
#1263 = CARTESIAN_POINT('',(6.114519133052,6.314298438902));
#1264 = CARTESIAN_POINT('',(6.117367687948,6.086314734114));
#1265 = CARTESIAN_POINT('',(6.120654904147,5.873741374824));
#1266 = CARTESIAN_POINT('',(6.124389557737,5.681776150221));
#1267 = CARTESIAN_POINT('',(6.128570712404,5.516717762643));
#1268 = CARTESIAN_POINT('',(6.135445293546,5.32230645653));
#1269 = CARTESIAN_POINT('',(6.137812365247,5.266683422979));
#1270 = CARTESIAN_POINT('',(6.14026459821,5.220796503192));
#1271 = CARTESIAN_POINT('',(6.142783764222,5.185638607238));
#1272 = CARTESIAN_POINT('',(6.145350031767,5.161907911882));
#1273 = CARTESIAN_POINT('',(6.147942591886,5.15));
#1274 = CARTESIAN_POINT('',(6.150540284028,5.15));
#1275 = ( GEOMETRIC_REPRESENTATION_CONTEXT(2) 
PARAMETRIC_REPRESENTATION_CONTEXT() REPRESENTATION_CONTEXT('2D SPACE',''
  ) );
#1276 = PCURVE('',#1277,#1282);
#1277 = CYLINDRICAL_SURFACE('',#1278,3.3);
#1278 = AXIS2_PLACEMENT_3D('',#1279,#1280,#1281);
#1279 = CARTESIAN_POINT('',(66.659245081916,-8.894242244792,2.15));
#1280 = DIRECTION('',(0.991215540252,-0.132256390257,2.22044604925E-16)
  );
#1281 = DIRECTION('',(2.200940630307E-16,-2.936681792345E-17,-1.));
#1282 = DEFINITIONAL_REPRESENTATION('',(#1283),#1346);
#1283 = B_SPLINE_CURVE_WITH_KNOTS('',7,(#1284,#1285,#1286,#1287,#1288,
    #1289,#1290,#1291,#1292,#1293,#1294,#1295,#1296,#1297,#1298,#1299,
    #1300,#1301,#1302,#1303,#1304,#1305,#1306,#1307,#1308,#1309,#1310,
    #1311,#1312,#1313,#1314,#1315,#1316,#1317,#1318,#1319,#1320,#1321,
    #1322,#1323,#1324,#1325,#1326,#1327,#1328,#1329,#1330,#1331,#1332,
    #1333,#1334,#1335,#1336,#1337,#1338,#1339,#1340,#1341,#1342,#1343,
    #1344,#1345),.UNSPECIFIED.,.F.,.F.,(8,6,6,6,6,6,6,6,6,6,8),(0.,
    8.234486836658E-02,0.180750846973,0.344501845336,0.442273038185,
    0.531818813581,0.631500607075,0.750063818026,0.844377939871,
    0.948705849895,1.),.UNSPECIFIED.);
#1284 = CARTESIAN_POINT('',(0.,3.4));
#1285 = CARTESIAN_POINT('',(8.963107076825E-02,3.4));
#1286 = CARTESIAN_POINT('',(0.178361282259,3.398555645311));
#1287 = CARTESIAN_POINT('',(0.265859573365,3.39571727834));
#1288 = CARTESIAN_POINT('',(0.35176750054,3.391686455396));
#1289 = CARTESIAN_POINT('',(0.435662016106,3.386779464141));
#1290 = CARTESIAN_POINT('',(0.516993437671,3.381365977236));
#1291 = CARTESIAN_POINT('',(0.688218445369,3.369110734017));
#1292 = CARTESIAN_POINT('',(0.777871988703,3.362111965706));
#1293 = CARTESIAN_POINT('',(0.864535842286,3.355204985957));
#1294 = CARTESIAN_POINT('',(0.948672804966,3.348705843722));
#1295 = CARTESIAN_POINT('',(1.030694701304,3.342837793332));
#1296 = CARTESIAN_POINT('',(1.111001571007,3.337749893329));
#1297 = CARTESIAN_POINT('',(1.321448742114,3.326546841871));
#1298 = CARTESIAN_POINT('',(1.449255666383,3.321993382396));
#1299 = CARTESIAN_POINT('',(1.57538351466,3.320345446928));
#1300 = CARTESIAN_POINT('',(1.701379073907,3.32172181801));
#1301 = CARTESIAN_POINT('',(1.828776256203,3.326076169901));
#1302 = CARTESIAN_POINT('',(1.959116160522,3.333137247548));
#1303 = CARTESIAN_POINT('',(2.17516641766,3.347569255109));
#1304 = CARTESIAN_POINT('',(2.257940490872,3.35368509262));
#1305 = CARTESIAN_POINT('',(2.343009331528,3.360363152079));
#1306 = CARTESIAN_POINT('',(2.430674925368,3.36737110628));
#1307 = CARTESIAN_POINT('',(2.521294021704,3.374389529608));
#1308 = CARTESIAN_POINT('',(2.615277267258,3.380994515932));
#1309 = CARTESIAN_POINT('',(2.802872410866,3.391923177882));
#1310 = CARTESIAN_POINT('',(2.896566929232,3.396433130148));
#1311 = CARTESIAN_POINT('',(2.992701085336,3.399713713421));
#1312 = CARTESIAN_POINT('',(3.090107128214,3.401313352117));
#1313 = CARTESIAN_POINT('',(3.187787251706,3.401051206707));
#1314 = CARTESIAN_POINT('',(3.284702941278,3.399067406262));
#1315 = CARTESIAN_POINT('',(3.485222107929,3.391985532756));
#1316 = CARTESIAN_POINT('',(3.586890146368,3.38661107265));
#1317 = CARTESIAN_POINT('',(3.685048617633,3.380089211111));
#1318 = CARTESIAN_POINT('',(3.779948438658,3.372967232872));
#1319 = CARTESIAN_POINT('',(3.871737726827,3.365733638991));
#1320 = CARTESIAN_POINT('',(3.960444529559,3.35877544266));
#1321 = CARTESIAN_POINT('',(4.147740408715,3.34473796984));
#1322 = CARTESIAN_POINT('',(4.246081828412,3.337805711529));
#1323 = CARTESIAN_POINT('',(4.341846988348,3.331968111188));
#1324 = CARTESIAN_POINT('',(4.435707560991,3.327461859025));
#1325 = CARTESIAN_POINT('',(4.528320309427,3.32441401012));
#1326 = CARTESIAN_POINT('',(4.62031526882,3.322887853623));
#1327 = CARTESIAN_POINT('',(4.785631356174,3.322887853623));
#1328 = CARTESIAN_POINT('',(4.858849624046,3.323853628506));
#1329 = CARTESIAN_POINT('',(4.932372534002,3.325783854767));
#1330 = CARTESIAN_POINT('',(5.006520493379,3.328652993641));
#1331 = CARTESIAN_POINT('',(5.081610591234,3.332408711436));
#1332 = CARTESIAN_POINT('',(5.157974285937,3.33696254141));
#1333 = CARTESIAN_POINT('',(5.322284294873,3.347938336221));
#1334 = CARTESIAN_POINT('',(5.4109551588,3.354531063368));
#1335 = CARTESIAN_POINT('',(5.502308894757,3.361758436021));
#1336 = CARTESIAN_POINT('',(5.596671691629,3.369325761378));
#1337 = CARTESIAN_POINT('',(5.694450316999,3.376822225126));
#1338 = CARTESIAN_POINT('',(5.796121690289,3.383700810728));
#1339 = CARTESIAN_POINT('',(5.954632500588,3.392132388967));
#1340 = CARTESIAN_POINT('',(6.007938810023,3.394612733078));
#1341 = CARTESIAN_POINT('',(6.062075858056,3.396705547151));
#1342 = CARTESIAN_POINT('',(6.116844885886,3.398335045914));
#1343 = CARTESIAN_POINT('',(6.172066758602,3.399444114701));
#1344 = CARTESIAN_POINT('',(6.227571079963,3.4));
#1345 = CARTESIAN_POINT('',(6.28318530718,3.4));
#1346 = ( GEOMETRIC_REPRESENTATION_CONTEXT(2) 
PARAMETRIC_REPRESENTATION_CONTEXT() REPRESENTATION_CONTEXT('2D SPACE',''
  ) );
#1347 = ADVANCED_FACE('',(#1348,#1351,#1382,#1413,#1444,#1475,#1506,
    #1537),#43,.F.);
#1348 = FACE_BOUND('',#1349,.F.);
#1349 = EDGE_LOOP('',(#1350));
#1350 = ORIENTED_EDGE('',*,*,#21,.T.);
#1351 = FACE_BOUND('',#1352,.F.);
#1352 = EDGE_LOOP('',(#1353));
#1353 = ORIENTED_EDGE('',*,*,#1354,.F.);
#1354 = EDGE_CURVE('',#1355,#1355,#1357,.T.);
#1355 = VERTEX_POINT('',#1356);
#1356 = CARTESIAN_POINT('',(14.413483370684,-63.02769619278,-6.3));
#1357 = SURFACE_CURVE('',#1358,(#1363,#1370),.PCURVE_S1.);
#1358 = CIRCLE('',#1359,3.3);
#1359 = AXIS2_PLACEMENT_3D('',#1360,#1361,#1362);
#1360 = CARTESIAN_POINT('',(11.113483370684,-63.02769619278,-6.3));
#1361 = DIRECTION('',(0.,0.,1.));
#1362 = DIRECTION('',(1.,0.,-0.));
#1363 = PCURVE('',#43,#1364);
#1364 = DEFINITIONAL_REPRESENTATION('',(#1365),#1369);
#1365 = CIRCLE('',#1366,3.3);
#1366 = AXIS2_PLACEMENT_2D('',#1367,#1368);
#1367 = CARTESIAN_POINT('',(11.113483370684,-63.02769619278));
#1368 = DIRECTION('',(1.,0.));
#1369 = ( GEOMETRIC_REPRESENTATION_CONTEXT(2) 
PARAMETRIC_REPRESENTATION_CONTEXT() REPRESENTATION_CONTEXT('2D SPACE',''
  ) );
#1370 = PCURVE('',#1371,#1376);
#1371 = CYLINDRICAL_SURFACE('',#1372,3.3);
#1372 = AXIS2_PLACEMENT_3D('',#1373,#1374,#1375);
#1373 = CARTESIAN_POINT('',(11.113483370684,-63.02769619278,-8.));
#1374 = DIRECTION('',(0.,0.,1.));
#1375 = DIRECTION('',(1.,0.,0.));
#1376 = DEFINITIONAL_REPRESENTATION('',(#1377),#1381);
#1377 = LINE('',#1378,#1379);
#1378 = CARTESIAN_POINT('',(0.,1.7));
#1379 = VECTOR('',#1380,1.);
#1380 = DIRECTION('',(1.,0.));
#1381 = ( GEOMETRIC_REPRESENTATION_CONTEXT(2) 
PARAMETRIC_REPRESENTATION_CONTEXT() REPRESENTATION_CONTEXT('2D SPACE',''
  ) );
#1382 = FACE_BOUND('',#1383,.F.);
#1383 = EDGE_LOOP('',(#1384));
#1384 = ORIENTED_EDGE('',*,*,#1385,.F.);
#1385 = EDGE_CURVE('',#1386,#1386,#1388,.T.);
#1386 = VERTEX_POINT('',#1387);
#1387 = CARTESIAN_POINT('',(44.21219330882,-41.01219330882,-6.3));
#1388 = SURFACE_CURVE('',#1389,(#1394,#1401),.PCURVE_S1.);
#1389 = CIRCLE('',#1390,3.2);
#1390 = AXIS2_PLACEMENT_3D('',#1391,#1392,#1393);
#1391 = CARTESIAN_POINT('',(41.01219330882,-41.01219330882,-6.3));
#1392 = DIRECTION('',(0.,0.,1.));
#1393 = DIRECTION('',(1.,0.,-0.));
#1394 = PCURVE('',#43,#1395);
#1395 = DEFINITIONAL_REPRESENTATION('',(#1396),#1400);
#1396 = CIRCLE('',#1397,3.2);
#1397 = AXIS2_PLACEMENT_2D('',#1398,#1399);
#1398 = CARTESIAN_POINT('',(41.01219330882,-41.01219330882));
#1399 = DIRECTION('',(1.,0.));
#1400 = ( GEOMETRIC_REPRESENTATION_CONTEXT(2) 
PARAMETRIC_REPRESENTATION_CONTEXT() REPRESENTATION_CONTEXT('2D SPACE',''
  ) );
#1401 = PCURVE('',#1402,#1407);
#1402 = CYLINDRICAL_SURFACE('',#1403,3.2);
#1403 = AXIS2_PLACEMENT_3D('',#1404,#1405,#1406);
#1404 = CARTESIAN_POINT('',(41.01219330882,-41.01219330882,-8.));
#1405 = DIRECTION('',(0.,0.,1.));
#1406 = DIRECTION('',(1.,0.,0.));
#1407 = DEFINITIONAL_REPRESENTATION('',(#1408),#1412);
#1408 = LINE('',#1409,#1410);
#1409 = CARTESIAN_POINT('',(0.,1.7));
#1410 = VECTOR('',#1411,1.);
#1411 = DIRECTION('',(1.,0.));
#1412 = ( GEOMETRIC_REPRESENTATION_CONTEXT(2) 
PARAMETRIC_REPRESENTATION_CONTEXT() REPRESENTATION_CONTEXT('2D SPACE',''
  ) );
#1413 = FACE_BOUND('',#1414,.F.);
#1414 = EDGE_LOOP('',(#1415));
#1415 = ORIENTED_EDGE('',*,*,#1416,.F.);
#1416 = EDGE_CURVE('',#1417,#1417,#1419,.T.);
#1417 = VERTEX_POINT('',#1418);
#1418 = CARTESIAN_POINT('',(-53.1188496747,-10.07159430468,-6.3));
#1419 = SURFACE_CURVE('',#1420,(#1425,#1432),.PCURVE_S1.);
#1420 = CIRCLE('',#1421,4.);
#1421 = AXIS2_PLACEMENT_3D('',#1422,#1423,#1424);
#1422 = CARTESIAN_POINT('',(-57.1188496747,-10.07159430468,-6.3));
#1423 = DIRECTION('',(0.,0.,1.));
#1424 = DIRECTION('',(1.,0.,-0.));
#1425 = PCURVE('',#43,#1426);
#1426 = DEFINITIONAL_REPRESENTATION('',(#1427),#1431);
#1427 = CIRCLE('',#1428,4.);
#1428 = AXIS2_PLACEMENT_2D('',#1429,#1430);
#1429 = CARTESIAN_POINT('',(-57.1188496747,-10.07159430468));
#1430 = DIRECTION('',(1.,0.));
#1431 = ( GEOMETRIC_REPRESENTATION_CONTEXT(2) 
PARAMETRIC_REPRESENTATION_CONTEXT() REPRESENTATION_CONTEXT('2D SPACE',''
  ) );
#1432 = PCURVE('',#1433,#1438);
#1433 = CYLINDRICAL_SURFACE('',#1434,4.);
#1434 = AXIS2_PLACEMENT_3D('',#1435,#1436,#1437);
#1435 = CARTESIAN_POINT('',(-57.1188496747,-10.07159430468,-8.));
#1436 = DIRECTION('',(0.,0.,1.));
#1437 = DIRECTION('',(1.,0.,0.));
#1438 = DEFINITIONAL_REPRESENTATION('',(#1439),#1443);
#1439 = LINE('',#1440,#1441);
#1440 = CARTESIAN_POINT('',(0.,1.7));
#1441 = VECTOR('',#1442,1.);
#1442 = DIRECTION('',(1.,0.));
#1443 = ( GEOMETRIC_REPRESENTATION_CONTEXT(2) 
PARAMETRIC_REPRESENTATION_CONTEXT() REPRESENTATION_CONTEXT('2D SPACE',''
  ) );
#1444 = FACE_BOUND('',#1445,.F.);
#1445 = EDGE_LOOP('',(#1446));
#1446 = ORIENTED_EDGE('',*,*,#1447,.F.);
#1447 = EDGE_CURVE('',#1448,#1448,#1450,.T.);
#1448 = VERTEX_POINT('',#1449);
#1449 = CARTESIAN_POINT('',(-54.,6.123233995737E-15,-6.3));
#1450 = SURFACE_CURVE('',#1451,(#1456,#1463),.PCURVE_S1.);
#1451 = CIRCLE('',#1452,4.);
#1452 = AXIS2_PLACEMENT_3D('',#1453,#1454,#1455);
#1453 = CARTESIAN_POINT('',(-58.,7.102951435055E-15,-6.3));
#1454 = DIRECTION('',(0.,0.,1.));
#1455 = DIRECTION('',(1.,0.,-0.));
#1456 = PCURVE('',#43,#1457);
#1457 = DEFINITIONAL_REPRESENTATION('',(#1458),#1462);
#1458 = CIRCLE('',#1459,4.);
#1459 = AXIS2_PLACEMENT_2D('',#1460,#1461);
#1460 = CARTESIAN_POINT('',(-58.,7.102951435055E-15));
#1461 = DIRECTION('',(1.,0.));
#1462 = ( GEOMETRIC_REPRESENTATION_CONTEXT(2) 
PARAMETRIC_REPRESENTATION_CONTEXT() REPRESENTATION_CONTEXT('2D SPACE',''
  ) );
#1463 = PCURVE('',#1464,#1469);
#1464 = CYLINDRICAL_SURFACE('',#1465,4.);
#1465 = AXIS2_PLACEMENT_3D('',#1466,#1467,#1468);
#1466 = CARTESIAN_POINT('',(-58.,7.102951435055E-15,-8.));
#1467 = DIRECTION('',(0.,0.,1.));
#1468 = DIRECTION('',(1.,0.,0.));
#1469 = DEFINITIONAL_REPRESENTATION('',(#1470),#1474);
#1470 = LINE('',#1471,#1472);
#1471 = CARTESIAN_POINT('',(0.,1.7));
#1472 = VECTOR('',#1473,1.);
#1473 = DIRECTION('',(1.,0.));
#1474 = ( GEOMETRIC_REPRESENTATION_CONTEXT(2) 
PARAMETRIC_REPRESENTATION_CONTEXT() REPRESENTATION_CONTEXT('2D SPACE',''
  ) );
#1475 = FACE_BOUND('',#1476,.F.);
#1476 = EDGE_LOOP('',(#1477));
#1477 = ORIENTED_EDGE('',*,*,#1478,.F.);
#1478 = EDGE_CURVE('',#1479,#1479,#1481,.T.);
#1479 = VERTEX_POINT('',#1480);
#1480 = CARTESIAN_POINT('',(-56.84032773029,21.889289172843,-6.3));
#1481 = SURFACE_CURVE('',#1482,(#1487,#1494),.PCURVE_S1.);
#1482 = CIRCLE('',#1483,3.3);
#1483 = AXIS2_PLACEMENT_3D('',#1484,#1485,#1486);
#1484 = CARTESIAN_POINT('',(-60.14032773029,21.889289172843,-6.3));
#1485 = DIRECTION('',(0.,0.,1.));
#1486 = DIRECTION('',(1.,0.,-0.));
#1487 = PCURVE('',#43,#1488);
#1488 = DEFINITIONAL_REPRESENTATION('',(#1489),#1493);
#1489 = CIRCLE('',#1490,3.3);
#1490 = AXIS2_PLACEMENT_2D('',#1491,#1492);
#1491 = CARTESIAN_POINT('',(-60.14032773029,21.889289172843));
#1492 = DIRECTION('',(1.,0.));
#1493 = ( GEOMETRIC_REPRESENTATION_CONTEXT(2) 
PARAMETRIC_REPRESENTATION_CONTEXT() REPRESENTATION_CONTEXT('2D SPACE',''
  ) );
#1494 = PCURVE('',#1495,#1500);
#1495 = CYLINDRICAL_SURFACE('',#1496,3.3);
#1496 = AXIS2_PLACEMENT_3D('',#1497,#1498,#1499);
#1497 = CARTESIAN_POINT('',(-60.14032773029,21.889289172843,-8.));
#1498 = DIRECTION('',(0.,0.,1.));
#1499 = DIRECTION('',(1.,0.,0.));
#1500 = DEFINITIONAL_REPRESENTATION('',(#1501),#1505);
#1501 = LINE('',#1502,#1503);
#1502 = CARTESIAN_POINT('',(0.,1.7));
#1503 = VECTOR('',#1504,1.);
#1504 = DIRECTION('',(1.,0.));
#1505 = ( GEOMETRIC_REPRESENTATION_CONTEXT(2) 
PARAMETRIC_REPRESENTATION_CONTEXT() REPRESENTATION_CONTEXT('2D SPACE',''
  ) );
#1506 = FACE_BOUND('',#1507,.F.);
#1507 = EDGE_LOOP('',(#1508));
#1508 = ORIENTED_EDGE('',*,*,#1509,.F.);
#1509 = EDGE_CURVE('',#1510,#1510,#1512,.T.);
#1510 = VERTEX_POINT('',#1511);
#1511 = CARTESIAN_POINT('',(36.25,-8.878689293818E-15,-6.3));
#1512 = SURFACE_CURVE('',#1513,(#1518,#1525),.PCURVE_S1.);
#1513 = CIRCLE('',#1514,36.25);
#1514 = AXIS2_PLACEMENT_3D('',#1515,#1516,#1517);
#1515 = CARTESIAN_POINT('',(0.,0.,-6.3));
#1516 = DIRECTION('',(0.,0.,1.));
#1517 = DIRECTION('',(1.,0.,0.));
#1518 = PCURVE('',#43,#1519);
#1519 = DEFINITIONAL_REPRESENTATION('',(#1520),#1524);
#1520 = CIRCLE('',#1521,36.25);
#1521 = AXIS2_PLACEMENT_2D('',#1522,#1523);
#1522 = CARTESIAN_POINT('',(0.,0.));
#1523 = DIRECTION('',(1.,0.));
#1524 = ( GEOMETRIC_REPRESENTATION_CONTEXT(2) 
PARAMETRIC_REPRESENTATION_CONTEXT() REPRESENTATION_CONTEXT('2D SPACE',''
  ) );
#1525 = PCURVE('',#1526,#1531);
#1526 = CYLINDRICAL_SURFACE('',#1527,36.25);
#1527 = AXIS2_PLACEMENT_3D('',#1528,#1529,#1530);
#1528 = CARTESIAN_POINT('',(0.,0.,-6.3));
#1529 = DIRECTION('',(0.,0.,1.));
#1530 = DIRECTION('',(1.,0.,0.));
#1531 = DEFINITIONAL_REPRESENTATION('',(#1532),#1536);
#1532 = LINE('',#1533,#1534);
#1533 = CARTESIAN_POINT('',(0.,0.));
#1534 = VECTOR('',#1535,1.);
#1535 = DIRECTION('',(1.,0.));
#1536 = ( GEOMETRIC_REPRESENTATION_CONTEXT(2) 
PARAMETRIC_REPRESENTATION_CONTEXT() REPRESENTATION_CONTEXT('2D SPACE',''
  ) );
#1537 = FACE_BOUND('',#1538,.F.);
#1538 = EDGE_LOOP('',(#1539));
#1539 = ORIENTED_EDGE('',*,*,#1540,.F.);
#1540 = EDGE_CURVE('',#1541,#1541,#1543,.T.);
#1541 = VERTEX_POINT('',#1542);
#1542 = CARTESIAN_POINT('',(52.326844359615,41.138407019939,-6.3));
#1543 = SURFACE_CURVE('',#1544,(#1549,#1556),.PCURVE_S1.);
#1544 = CIRCLE('',#1545,3.3);
#1545 = AXIS2_PLACEMENT_3D('',#1546,#1547,#1548);
#1546 = CARTESIAN_POINT('',(49.026844359615,41.138407019939,-6.3));
#1547 = DIRECTION('',(0.,0.,1.));
#1548 = DIRECTION('',(1.,0.,-0.));
#1549 = PCURVE('',#43,#1550);
#1550 = DEFINITIONAL_REPRESENTATION('',(#1551),#1555);
#1551 = CIRCLE('',#1552,3.3);
#1552 = AXIS2_PLACEMENT_2D('',#1553,#1554);
#1553 = CARTESIAN_POINT('',(49.026844359615,41.138407019939));
#1554 = DIRECTION('',(1.,0.));
#1555 = ( GEOMETRIC_REPRESENTATION_CONTEXT(2) 
PARAMETRIC_REPRESENTATION_CONTEXT() REPRESENTATION_CONTEXT('2D SPACE',''
  ) );
#1556 = PCURVE('',#1557,#1562);
#1557 = CYLINDRICAL_SURFACE('',#1558,3.3);
#1558 = AXIS2_PLACEMENT_3D('',#1559,#1560,#1561);
#1559 = CARTESIAN_POINT('',(49.026844359615,41.138407019939,-8.));
#1560 = DIRECTION('',(0.,0.,1.));
#1561 = DIRECTION('',(1.,0.,0.));
#1562 = DEFINITIONAL_REPRESENTATION('',(#1563),#1567);
#1563 = LINE('',#1564,#1565);
#1564 = CARTESIAN_POINT('',(0.,1.7));
#1565 = VECTOR('',#1566,1.);
#1566 = DIRECTION('',(1.,0.));
#1567 = ( GEOMETRIC_REPRESENTATION_CONTEXT(2) 
PARAMETRIC_REPRESENTATION_CONTEXT() REPRESENTATION_CONTEXT('2D SPACE',''
  ) );
#1568 = ADVANCED_FACE('',(#1569,#1572),#93,.T.);
#1569 = FACE_BOUND('',#1570,.T.);
#1570 = EDGE_LOOP('',(#1571));
#1571 = ORIENTED_EDGE('',*,*,#78,.T.);
#1572 = FACE_BOUND('',#1573,.T.);
#1573 = EDGE_LOOP('',(#1574));
#1574 = ORIENTED_EDGE('',*,*,#1575,.F.);
#1575 = EDGE_CURVE('',#1576,#1576,#1578,.T.);
#1576 = VERTEX_POINT('',#1577);
#1577 = CARTESIAN_POINT('',(69.85,-1.710831578409E-14,8.5));
#1578 = SURFACE_CURVE('',#1579,(#1584,#1591),.PCURVE_S1.);
#1579 = CIRCLE('',#1580,69.85);
#1580 = AXIS2_PLACEMENT_3D('',#1581,#1582,#1583);
#1581 = CARTESIAN_POINT('',(0.,0.,8.5));
#1582 = DIRECTION('',(0.,0.,1.));
#1583 = DIRECTION('',(1.,0.,0.));
#1584 = PCURVE('',#93,#1585);
#1585 = DEFINITIONAL_REPRESENTATION('',(#1586),#1590);
#1586 = CIRCLE('',#1587,69.85);
#1587 = AXIS2_PLACEMENT_2D('',#1588,#1589);
#1588 = CARTESIAN_POINT('',(0.,0.));
#1589 = DIRECTION('',(1.,0.));
#1590 = ( GEOMETRIC_REPRESENTATION_CONTEXT(2) 
PARAMETRIC_REPRESENTATION_CONTEXT() REPRESENTATION_CONTEXT('2D SPACE',''
  ) );
#1591 = PCURVE('',#1592,#1597);
#1592 = CYLINDRICAL_SURFACE('',#1593,69.85);
#1593 = AXIS2_PLACEMENT_3D('',#1594,#1595,#1596);
#1594 = CARTESIAN_POINT('',(0.,0.,-5.5));
#1595 = DIRECTION('',(0.,0.,1.));
#1596 = DIRECTION('',(1.,0.,0.));
#1597 = DEFINITIONAL_REPRESENTATION('',(#1598),#1602);
#1598 = LINE('',#1599,#1600);
#1599 = CARTESIAN_POINT('',(0.,14.));
#1600 = VECTOR('',#1601,1.);
#1601 = DIRECTION('',(1.,0.));
#1602 = ( GEOMETRIC_REPRESENTATION_CONTEXT(2) 
PARAMETRIC_REPRESENTATION_CONTEXT() REPRESENTATION_CONTEXT('2D SPACE',''
  ) );
#1603 = ADVANCED_FACE('',(#1604),#242,.F.);
#1604 = FACE_BOUND('',#1605,.F.);
#1605 = EDGE_LOOP('',(#1606,#1607,#1630,#1828));
#1606 = ORIENTED_EDGE('',*,*,#108,.F.);
#1607 = ORIENTED_EDGE('',*,*,#1608,.F.);
#1608 = EDGE_CURVE('',#1609,#109,#1611,.T.);
#1609 = VERTEX_POINT('',#1610);
#1610 = CARTESIAN_POINT('',(42.618639698504,55.34143158836,-1.15));
#1611 = SEAM_CURVE('',#1612,(#1616,#1623),.PCURVE_S1.);
#1612 = LINE('',#1613,#1614);
#1613 = CARTESIAN_POINT('',(41.03226227236,53.281478515637,-1.15));
#1614 = VECTOR('',#1615,1.);
#1615 = DIRECTION('',(0.610145163901,0.792289643355,2.22044604925E-16));
#1616 = PCURVE('',#242,#1617);
#1617 = DEFINITIONAL_REPRESENTATION('',(#1618),#1622);
#1618 = LINE('',#1619,#1620);
#1619 = CARTESIAN_POINT('',(6.28318530718,-0.));
#1620 = VECTOR('',#1621,1.);
#1621 = DIRECTION('',(0.,1.));
#1622 = ( GEOMETRIC_REPRESENTATION_CONTEXT(2) 
PARAMETRIC_REPRESENTATION_CONTEXT() REPRESENTATION_CONTEXT('2D SPACE',''
  ) );
#1623 = PCURVE('',#242,#1624);
#1624 = DEFINITIONAL_REPRESENTATION('',(#1625),#1629);
#1625 = LINE('',#1626,#1627);
#1626 = CARTESIAN_POINT('',(0.,-0.));
#1627 = VECTOR('',#1628,1.);
#1628 = DIRECTION('',(0.,1.));
#1629 = ( GEOMETRIC_REPRESENTATION_CONTEXT(2) 
PARAMETRIC_REPRESENTATION_CONTEXT() REPRESENTATION_CONTEXT('2D SPACE',''
  ) );
#1630 = ORIENTED_EDGE('',*,*,#1631,.T.);
#1631 = EDGE_CURVE('',#1609,#1609,#1632,.T.);
#1632 = SURFACE_CURVE('',#1633,(#1696,#1762),.PCURVE_S1.);
#1633 = B_SPLINE_CURVE_WITH_KNOTS('',7,(#1634,#1635,#1636,#1637,#1638,
    #1639,#1640,#1641,#1642,#1643,#1644,#1645,#1646,#1647,#1648,#1649,
    #1650,#1651,#1652,#1653,#1654,#1655,#1656,#1657,#1658,#1659,#1660,
    #1661,#1662,#1663,#1664,#1665,#1666,#1667,#1668,#1669,#1670,#1671,
    #1672,#1673,#1674,#1675,#1676,#1677,#1678,#1679,#1680,#1681,#1682,
    #1683,#1684,#1685,#1686,#1687,#1688,#1689,#1690,#1691,#1692,#1693,
    #1694,#1695),.UNSPECIFIED.,.T.,.F.,(8,6,6,6,6,6,6,6,6,6,8),(0.,
    8.234492942975E-02,0.180751192873,0.34450171021,0.442273291054,
    0.531818965233,0.631501018916,0.750063909888,0.844377687884,
    0.948705903477,1.),.UNSPECIFIED.);
#1634 = CARTESIAN_POINT('',(42.618639698504,55.34143158836,-1.15));
#1635 = CARTESIAN_POINT('',(42.38429326459,55.521902637716,-1.15));
#1636 = CARTESIAN_POINT('',(42.151410991233,55.699402223241,
    -1.119069974835));
#1637 = CARTESIAN_POINT('',(41.923966159795,55.870934788187,
    -1.05832846766));
#1638 = CARTESIAN_POINT('',(41.705812309184,56.033790021416,
    -0.970175539622));
#1639 = CARTESIAN_POINT('',(41.500406828376,56.185709151015,
    -0.858212276769));
#1640 = CARTESIAN_POINT('',(41.310560930923,56.324999180386,
    -0.727176205955));
#1641 = CARTESIAN_POINT('',(40.932255308474,56.600688363046,
    -0.410466597974));
#1642 = CARTESIAN_POINT('',(40.748673698343,56.733130392007,
    -0.216932049644));
#1643 = CARTESIAN_POINT('',(40.587290526578,56.848594470437,
    -7.475954421469E-03));
#1644 = CARTESIAN_POINT('',(40.447507724407,56.947944650285,
    0.213971255307));
#1645 = CARTESIAN_POINT('',(40.328563419812,57.032052673179,
    0.444402095265));
#1646 = CARTESIAN_POINT('',(40.229715858176,57.101680073737,
    0.681500718981));
#1647 = CARTESIAN_POINT('',(40.018303532991,57.250187120721,
    1.326229959355));
#1648 = CARTESIAN_POINT('',(39.940231375951,57.304497568429,
    1.742506200627));
#1649 = CARTESIAN_POINT('',(39.913236876496,57.323182262363,
    2.164534629489));
#1650 = CARTESIAN_POINT('',(39.936237956958,57.307226220615,2.587302757)
  );
#1651 = CARTESIAN_POINT('',(40.009852919587,57.256094113005,
    3.005667139444));
#1652 = CARTESIAN_POINT('',(40.136257799114,57.167763782213,
    3.413389990586));
#1653 = CARTESIAN_POINT('',(40.427601795861,56.961823219866,
    4.030835739669));
#1654 = CARTESIAN_POINT('',(40.556819151365,56.870120205302,
    4.254836212956));
#1655 = CARTESIAN_POINT('',(40.70703082998,56.762967108087,4.46925251864
    ));
#1656 = CARTESIAN_POINT('',(40.87880425716,56.639630352243,4.67071497521
    ));
#1657 = CARTESIAN_POINT('',(41.072466156476,56.499450542388,
    4.855140017793));
#1658 = CARTESIAN_POINT('',(41.287911979185,56.341967032311,
    5.017554941437));
#1659 = CARTESIAN_POINT('',(41.740809969493,56.007140411084,
    5.274722877286));
#1660 = CARTESIAN_POINT('',(41.976616239669,55.831302650753,
    5.375002428189));
#1661 = CARTESIAN_POINT('',(42.226497780049,55.643056033469,
    5.444299764171));
#1662 = CARTESIAN_POINT('',(42.483939959648,55.446841006386,
    5.477454770872));
#1663 = CARTESIAN_POINT('',(42.74186847867,55.247874649893,
    5.472516190662));
#1664 = CARTESIAN_POINT('',(42.993369439685,55.051660272172,
    5.430802358457));
#1665 = CARTESIAN_POINT('',(43.498490174998,54.653624045101,
    5.274797252275));
#1666 = CARTESIAN_POINT('',(43.745473297324,54.456560252364,
    5.153952844507));
#1667 = CARTESIAN_POINT('',(43.971000176404,54.274555193834,
    5.001224754943));
#1668 = CARTESIAN_POINT('',(44.173835237975,54.109259054212,
    4.822810332573));
#1669 = CARTESIAN_POINT('',(44.353496369876,53.96166672628,
    4.624515894055));
#1670 = CARTESIAN_POINT('',(44.510117684606,53.832168994321,
    4.411829018701));
#1671 = CARTESIAN_POINT('',(44.804163585628,53.58780240406,
    3.925989252283));
#1672 = CARTESIAN_POINT('',(44.934002389271,53.478963056851,
    3.646256243618));
#1673 = CARTESIAN_POINT('',(45.035740832437,53.393161337445,
    3.355996602381));
#1674 = CARTESIAN_POINT('',(45.110928784265,53.329505883114,
    3.058842550243));
#1675 = CARTESIAN_POINT('',(45.160689350822,53.287294021325,
    2.757428747936));
#1676 = CARTESIAN_POINT('',(45.185606454961,53.266156885,2.453844132408)
  );
#1677 = CARTESIAN_POINT('',(45.185606454961,53.266156885,1.908299685387)
  );
#1678 = CARTESIAN_POINT('',(45.169838933851,53.27953247471,
    1.666679744309));
#1679 = CARTESIAN_POINT('',(45.138323813306,53.306266622884,
    1.426168769479));
#1680 = CARTESIAN_POINT('',(45.090835576289,53.346500390599,
    1.187830802517));
#1681 = CARTESIAN_POINT('',(45.026934304994,53.40050573636,
    0.952905552014));
#1682 = CARTESIAN_POINT('',(44.945993495182,53.468652178734,
    0.722952657597));
#1683 = CARTESIAN_POINT('',(44.737968312198,53.642865323627,
    0.253373754896));
#1684 = CARTESIAN_POINT('',(44.606446781395,53.75256709844,
    1.42976636416E-02));
#1685 = CARTESIAN_POINT('',(44.451560495682,53.881072331853,
    -0.213685700607));
#1686 = CARTESIAN_POINT('',(44.272323728974,54.028763918674,
    -0.426258682759));
#1687 = CARTESIAN_POINT('',(44.067982748418,54.195697860751,
    -0.618223697913));
#1688 = CARTESIAN_POINT('',(43.838246017042,54.381400350599,
    -0.783282110488));
#1689 = CARTESIAN_POINT('',(43.45870106935,54.684453267094,
    -0.977693351227));
#1690 = CARTESIAN_POINT('',(43.327748689013,54.788466638424,
    -1.033316343912));
#1691 = CARTESIAN_POINT('',(43.191785069817,54.895844455281,
    -1.07920330446));
#1692 = CARTESIAN_POINT('',(43.05178445724,55.005739697596,
    -1.114361273868));
#1693 = CARTESIAN_POINT('',(42.908822890735,55.117250789078,
    -1.138092041513));
#1694 = CARTESIAN_POINT('',(42.764046482878,55.229453289731,-1.15));
#1695 = CARTESIAN_POINT('',(42.618639698504,55.34143158836,-1.15));
#1696 = PCURVE('',#242,#1697);
#1697 = DEFINITIONAL_REPRESENTATION('',(#1698),#1761);
#1698 = B_SPLINE_CURVE_WITH_KNOTS('',7,(#1699,#1700,#1701,#1702,#1703,
    #1704,#1705,#1706,#1707,#1708,#1709,#1710,#1711,#1712,#1713,#1714,
    #1715,#1716,#1717,#1718,#1719,#1720,#1721,#1722,#1723,#1724,#1725,
    #1726,#1727,#1728,#1729,#1730,#1731,#1732,#1733,#1734,#1735,#1736,
    #1737,#1738,#1739,#1740,#1741,#1742,#1743,#1744,#1745,#1746,#1747,
    #1748,#1749,#1750,#1751,#1752,#1753,#1754,#1755,#1756,#1757,#1758,
    #1759,#1760),.UNSPECIFIED.,.F.,.F.,(8,6,6,6,6,6,6,6,6,6,8),(0.,
    8.234492942975E-02,0.180751192873,0.34450171021,0.442273291054,
    0.531818965233,0.631501018916,0.750063909888,0.844377687884,
    0.948705903477,1.),.UNSPECIFIED.);
#1699 = CARTESIAN_POINT('',(0.,2.6));
#1700 = CARTESIAN_POINT('',(8.963145167758E-02,2.6));
#1701 = CARTESIAN_POINT('',(0.178361869502,2.598539090465));
#1702 = CARTESIAN_POINT('',(0.26586024523,2.595668201214));
#1703 = CARTESIAN_POINT('',(0.351768154814,2.59159119893));
#1704 = CARTESIAN_POINT('',(0.435662561534,2.586627991185));
#1705 = CARTESIAN_POINT('',(0.516993781089,2.581152482661));
#1706 = CARTESIAN_POINT('',(0.688218235664,2.568756820853));
#1707 = CARTESIAN_POINT('',(0.777871603825,2.561677837141));
#1708 = CARTESIAN_POINT('',(0.8645353356,2.554691668874));
#1709 = CARTESIAN_POINT('',(0.948672251904,2.548117986692));
#1710 = CARTESIAN_POINT('',(1.030694200734,2.542182609932));
#1711 = CARTESIAN_POINT('',(1.111001246104,2.537036316591));
#1712 = CARTESIAN_POINT('',(1.32144851613,2.525704704081));
#1713 = CARTESIAN_POINT('',(1.449255566898,2.521098960273));
#1714 = CARTESIAN_POINT('',(1.575383681716,2.519432086472));
#1715 = CARTESIAN_POINT('',(1.701379596009,2.520824277854));
#1716 = CARTESIAN_POINT('',(1.82877689665,2.525228651991));
#1717 = CARTESIAN_POINT('',(1.959116682389,2.532370771648));
#1718 = CARTESIAN_POINT('',(2.17516666387,2.5469683276));
#1719 = CARTESIAN_POINT('',(2.257940793083,2.55315432345));
#1720 = CARTESIAN_POINT('',(2.343009576641,2.559908963541));
#1721 = CARTESIAN_POINT('',(2.430675060464,2.566997255121));
#1722 = CARTESIAN_POINT('',(2.521294046359,2.574096114865));
#1723 = CARTESIAN_POINT('',(2.615277231503,2.580776787641));
#1724 = CARTESIAN_POINT('',(2.802871986366,2.59183064185));
#1725 = CARTESIAN_POINT('',(2.89656642167,2.596392260794));
#1726 = CARTESIAN_POINT('',(2.992700655262,2.599710428935));
#1727 = CARTESIAN_POINT('',(3.090106845011,2.601328395973));
#1728 = CARTESIAN_POINT('',(3.187787132992,2.60106325086));
#1729 = CARTESIAN_POINT('',(3.284702948965,2.599056726594));
#1730 = CARTESIAN_POINT('',(3.485222494485,2.591893720044));
#1731 = CARTESIAN_POINT('',(3.58689064017,2.58645767563));
#1732 = CARTESIAN_POINT('',(3.685049041488,2.579861087319));
#1733 = CARTESIAN_POINT('',(3.779948694018,2.572657499697));
#1734 = CARTESIAN_POINT('',(3.871737795135,2.565340997608));
#1735 = CARTESIAN_POINT('',(3.960444476789,2.558303023486));
#1736 = CARTESIAN_POINT('',(4.14773993129,2.544104589313));
#1737 = CARTESIAN_POINT('',(4.246081081869,2.537092819859));
#1738 = CARTESIAN_POINT('',(4.341846163006,2.531188225273));
#1739 = CARTESIAN_POINT('',(4.435706819821,2.526630233255));
#1740 = CARTESIAN_POINT('',(4.528319772669,2.52354738137));
#1741 = CARTESIAN_POINT('',(4.620315000867,2.522003697758));
#1742 = CARTESIAN_POINT('',(4.785631499965,2.522003697758));
#1743 = CARTESIAN_POINT('',(4.858849914199,2.522980562208));
#1744 = CARTESIAN_POINT('',(4.932372938144,2.524932952539));
#1745 = CARTESIAN_POINT('',(5.006520949232,2.527835031855));
#1746 = CARTESIAN_POINT('',(5.081611010288,2.53163385634));
#1747 = CARTESIAN_POINT('',(5.157974557874,2.536239933195));
#1748 = CARTESIAN_POINT('',(5.322284561437,2.547341644262));
#1749 = CARTESIAN_POINT('',(5.410955461049,2.554009998336));
#1750 = CARTESIAN_POINT('',(5.502309102831,2.561320245705));
#1751 = CARTESIAN_POINT('',(5.596671756184,2.568974313953));
#1752 = CARTESIAN_POINT('',(5.69445025722,2.576556686312));
#1753 = CARTESIAN_POINT('',(5.796121586848,2.583514090144));
#1754 = CARTESIAN_POINT('',(5.954632343844,2.592042262955));
#1755 = CARTESIAN_POINT('',(6.007938572407,2.594551018265));
#1756 = CARTESIAN_POINT('',(6.062075595687,2.596667805769));
#1757 = CARTESIAN_POINT('',(6.116844641834,2.598315971401));
#1758 = CARTESIAN_POINT('',(6.172066567712,2.599437745875));
#1759 = CARTESIAN_POINT('',(6.227570971815,2.6));
#1760 = CARTESIAN_POINT('',(6.28318530718,2.6));
#1761 = ( GEOMETRIC_REPRESENTATION_CONTEXT(2) 
PARAMETRIC_REPRESENTATION_CONTEXT() REPRESENTATION_CONTEXT('2D SPACE',''
  ) );
#1762 = PCURVE('',#1592,#1763);
#1763 = DEFINITIONAL_REPRESENTATION('',(#1764),#1827);
#1764 = B_SPLINE_CURVE_WITH_KNOTS('',7,(#1765,#1766,#1767,#1768,#1769,
    #1770,#1771,#1772,#1773,#1774,#1775,#1776,#1777,#1778,#1779,#1780,
    #1781,#1782,#1783,#1784,#1785,#1786,#1787,#1788,#1789,#1790,#1791,
    #1792,#1793,#1794,#1795,#1796,#1797,#1798,#1799,#1800,#1801,#1802,
    #1803,#1804,#1805,#1806,#1807,#1808,#1809,#1810,#1811,#1812,#1813,
    #1814,#1815,#1816,#1817,#1818,#1819,#1820,#1821,#1822,#1823,#1824,
    #1825,#1826),.UNSPECIFIED.,.T.,.F.,(8,6,6,6,6,6,6,6,6,6,8),(0.,
    8.234492942975E-02,0.180751192873,0.34450171021,0.442273291054,
    0.531818965233,0.631501018916,0.750063909888,0.844377687884,
    0.948705903477,1.),.UNSPECIFIED.);
#1765 = CARTESIAN_POINT('',(0.914552528045,4.35));
#1766 = CARTESIAN_POINT('',(0.918787084817,4.35));
#1767 = CARTESIAN_POINT('',(0.922979078141,4.380930025165));
#1768 = CARTESIAN_POINT('',(0.927057397114,4.44167153234));
#1769 = CARTESIAN_POINT('',(0.930954772272,4.529824460378));
#1770 = CARTESIAN_POINT('',(0.934612301823,4.641787723231));
#1771 = CARTESIAN_POINT('',(0.937983275775,4.772823794045));
#1772 = CARTESIAN_POINT('',(0.944684810489,5.089533402026));
#1773 = CARTESIAN_POINT('',(0.947925566204,5.283067950356));
#1774 = CARTESIAN_POINT('',(0.950766411704,5.492524045579));
#1775 = CARTESIAN_POINT('',(0.953221551568,5.713971255307));
#1776 = CARTESIAN_POINT('',(0.955307120645,5.944402095265));
#1777 = CARTESIAN_POINT('',(0.95703808975,6.181500718981));
#1778 = CARTESIAN_POINT('',(0.960736862457,6.826229959355));
#1779 = CARTESIAN_POINT('',(0.962098403418,7.242506200627));
#1780 = CARTESIAN_POINT('',(0.962568420193,7.664534629489));
#1781 = CARTESIAN_POINT('',(0.96216765056,8.087302757));
#1782 = CARTESIAN_POINT('',(0.960884454966,8.505667139444));
#1783 = CARTESIAN_POINT('',(0.958676769125,8.913389990586));
#1784 = CARTESIAN_POINT('',(0.953568949211,9.530835739669));
#1785 = CARTESIAN_POINT('',(0.951300513334,9.754836212956));
#1786 = CARTESIAN_POINT('',(0.948658955078,9.96925251864));
#1787 = CARTESIAN_POINT('',(0.945631547168,10.17071497521));
#1788 = CARTESIAN_POINT('',(0.9422089535,10.355140017793));
#1789 = CARTESIAN_POINT('',(0.938388437778,10.517554941437));
#1790 = CARTESIAN_POINT('',(0.930325048912,10.774722877286));
#1791 = CARTESIAN_POINT('',(0.926113933391,10.875002428189));
#1792 = CARTESIAN_POINT('',(0.921635088271,10.944299764171));
#1793 = CARTESIAN_POINT('',(0.917001110568,10.977454770872));
#1794 = CARTESIAN_POINT('',(0.912337628507,10.972516190662));
#1795 = CARTESIAN_POINT('',(0.907770935064,10.930802358457));
#1796 = CARTESIAN_POINT('',(0.898564038872,10.774797252275));
#1797 = CARTESIAN_POINT('',(0.894040622441,10.653952844507));
#1798 = CARTESIAN_POINT('',(0.889891722636,10.501224754943));
#1799 = CARTESIAN_POINT('',(0.886145783058,10.322810332573));
#1800 = CARTESIAN_POINT('',(0.882817084896,10.124515894055));
#1801 = CARTESIAN_POINT('',(0.879907662842,9.911829018701));
#1802 = CARTESIAN_POINT('',(0.874434043008,9.425989252283));
#1803 = CARTESIAN_POINT('',(0.872008540256,9.146256243618));
#1804 = CARTESIAN_POINT('',(0.870103194894,8.855996602381));
#1805 = CARTESIAN_POINT('',(0.86869281365,8.558842550243));
#1806 = CARTESIAN_POINT('',(0.86775862585,8.257428747936));
#1807 = CARTESIAN_POINT('',(0.867290841043,7.953844132408));
#1808 = CARTESIAN_POINT('',(0.867290841043,7.408299685387));
#1809 = CARTESIAN_POINT('',(0.867586855168,7.166679744309));
#1810 = CARTESIAN_POINT('',(0.868178507988,6.926168769479));
#1811 = CARTESIAN_POINT('',(0.869069568404,6.687830802517));
#1812 = CARTESIAN_POINT('',(0.870267357399,6.452905552014));
#1813 = CARTESIAN_POINT('',(0.871782142396,6.222952657597));
#1814 = CARTESIAN_POINT('',(0.875666733834,5.753373754896));
#1815 = CARTESIAN_POINT('',(0.878118654956,5.514297663642));
#1816 = CARTESIAN_POINT('',(0.880999875767,5.286314299393));
#1817 = CARTESIAN_POINT('',(0.884324775963,5.073741317241));
#1818 = CARTESIAN_POINT('',(0.888102231115,4.881776302087));
#1819 = CARTESIAN_POINT('',(0.892331295369,4.716717889512));
#1820 = CARTESIAN_POINT('',(0.899284633678,4.522306648773));
#1821 = CARTESIAN_POINT('',(0.901678817738,4.466683656088));
#1822 = CARTESIAN_POINT('',(0.904159138819,4.42079669554));
#1823 = CARTESIAN_POINT('',(0.906707159809,4.385638726132));
#1824 = CARTESIAN_POINT('',(0.909302822225,4.361907958487));
#1825 = CARTESIAN_POINT('',(0.91192507913,4.35));
#1826 = CARTESIAN_POINT('',(0.914552528045,4.35));
#1827 = ( GEOMETRIC_REPRESENTATION_CONTEXT(2) 
PARAMETRIC_REPRESENTATION_CONTEXT() REPRESENTATION_CONTEXT('2D SPACE',''
  ) );
#1828 = ORIENTED_EDGE('',*,*,#1608,.T.);
#1829 = ADVANCED_FACE('',(#1830),#449,.F.);
#1830 = FACE_BOUND('',#1831,.F.);
#1831 = EDGE_LOOP('',(#1832,#1833,#1856,#2054));
#1832 = ORIENTED_EDGE('',*,*,#315,.F.);
#1833 = ORIENTED_EDGE('',*,*,#1834,.F.);
#1834 = EDGE_CURVE('',#1835,#316,#1837,.T.);
#1835 = VERTEX_POINT('',#1836);
#1836 = CARTESIAN_POINT('',(-26.61776578806,64.57954044782,-1.15));
#1837 = SEAM_CURVE('',#1838,(#1842,#1849),.PCURVE_S1.);
#1838 = LINE('',#1839,#1840);
#1839 = CARTESIAN_POINT('',(-25.62698280955,62.175720760428,-1.15));
#1840 = VECTOR('',#1841,1.);
#1841 = DIRECTION('',(-0.38107037635,0.924546033612,2.22044604925E-16));
#1842 = PCURVE('',#449,#1843);
#1843 = DEFINITIONAL_REPRESENTATION('',(#1844),#1848);
#1844 = LINE('',#1845,#1846);
#1845 = CARTESIAN_POINT('',(6.28318530718,-0.));
#1846 = VECTOR('',#1847,1.);
#1847 = DIRECTION('',(0.,1.));
#1848 = ( GEOMETRIC_REPRESENTATION_CONTEXT(2) 
PARAMETRIC_REPRESENTATION_CONTEXT() REPRESENTATION_CONTEXT('2D SPACE',''
  ) );
#1849 = PCURVE('',#449,#1850);
#1850 = DEFINITIONAL_REPRESENTATION('',(#1851),#1855);
#1851 = LINE('',#1852,#1853);
#1852 = CARTESIAN_POINT('',(0.,-0.));
#1853 = VECTOR('',#1854,1.);
#1854 = DIRECTION('',(0.,1.));
#1855 = ( GEOMETRIC_REPRESENTATION_CONTEXT(2) 
PARAMETRIC_REPRESENTATION_CONTEXT() REPRESENTATION_CONTEXT('2D SPACE',''
  ) );
#1856 = ORIENTED_EDGE('',*,*,#1857,.T.);
#1857 = EDGE_CURVE('',#1835,#1835,#1858,.T.);
#1858 = SURFACE_CURVE('',#1859,(#1922,#1988),.PCURVE_S1.);
#1859 = B_SPLINE_CURVE_WITH_KNOTS('',7,(#1860,#1861,#1862,#1863,#1864,
    #1865,#1866,#1867,#1868,#1869,#1870,#1871,#1872,#1873,#1874,#1875,
    #1876,#1877,#1878,#1879,#1880,#1881,#1882,#1883,#1884,#1885,#1886,
    #1887,#1888,#1889,#1890,#1891,#1892,#1893,#1894,#1895,#1896,#1897,
    #1898,#1899,#1900,#1901,#1902,#1903,#1904,#1905,#1906,#1907,#1908,
    #1909,#1910,#1911,#1912,#1913,#1914,#1915,#1916,#1917,#1918,#1919,
    #1920,#1921),.UNSPECIFIED.,.T.,.F.,(8,6,6,6,6,6,6,6,6,6,8),(0.,
    8.23449280263E-02,0.180751189064,0.344501705662,0.442273287039,
    0.531818964964,0.631501019188,0.75006390935,0.844377689097,
    0.948705906565,1.),.UNSPECIFIED.);
#1860 = CARTESIAN_POINT('',(-26.61776578806,64.57954044782,-1.15));
#1861 = CARTESIAN_POINT('',(-26.89123151626,64.466826008328,-1.15));
#1862 = CARTESIAN_POINT('',(-27.16139181072,64.353893833112,
    -1.119069973784));
#1863 = CARTESIAN_POINT('',(-27.42366577684,64.242687117181,
    -1.058328469093));
#1864 = CARTESIAN_POINT('',(-27.6737794707,64.135187957427,
    -0.970175540239));
#1865 = CARTESIAN_POINT('',(-27.90804804495,64.033261154236,
    -0.858212274713));
#1866 = CARTESIAN_POINT('',(-28.12359969144,63.938494801597,
    -0.727176207022));
#1867 = CARTESIAN_POINT('',(-28.55150633984,63.748717112852,
    -0.410466597974));
#1868 = CARTESIAN_POINT('',(-28.75799530652,63.655951789291,
    -0.216932049644));
#1869 = CARTESIAN_POINT('',(-28.93868171754,63.573921902015,
    -7.475954421464E-03));
#1870 = CARTESIAN_POINT('',(-29.09461289825,63.502541534247,
    0.213971255307));
#1871 = CARTESIAN_POINT('',(-29.22692473504,63.441586756279,
    0.444402095265));
#1872 = CARTESIAN_POINT('',(-29.33664761354,63.390795957078,
    0.681500718981));
#1873 = CARTESIAN_POINT('',(-29.57096465437,63.281961034932,
    1.32622996738));
#1874 = CARTESIAN_POINT('',(-29.65703495213,63.241503791269,
    1.742506167473));
#1875 = CARTESIAN_POINT('',(-29.68671362626,63.227468213669,
    2.164534693275));
#1876 = CARTESIAN_POINT('',(-29.66139476014,63.239409707488,
    2.587302687677));
#1877 = CARTESIAN_POINT('',(-29.58030555042,63.277596092587,
    3.005667180245));
#1878 = CARTESIAN_POINT('',(-29.44060681902,63.342900755382,
    3.413389979842));
#1879 = CARTESIAN_POINT('',(-29.11658505177,63.492241781337,
    4.030835748383));
#1880 = CARTESIAN_POINT('',(-28.9725592472,63.558295780255,
    4.254836191207));
#1881 = CARTESIAN_POINT('',(-28.80465609679,63.63480636495,
    4.469252537328));
#1882 = CARTESIAN_POINT('',(-28.61195659537,63.721898148566,
    4.670714975744));
#1883 = CARTESIAN_POINT('',(-28.39372641611,63.819524348016,
    4.855140007539));
#1884 = CARTESIAN_POINT('',(-28.14961874955,63.927364163706,
    5.017554946425));
#1885 = CARTESIAN_POINT('',(-27.63320140476,64.15217201358,
    5.274722877192));
#1886 = CARTESIAN_POINT('',(-27.3630183019,64.268467353926,
    5.375002428335));
#1887 = CARTESIAN_POINT('',(-27.075051179,64.390747807168,5.444299764128
    ));
#1888 = CARTESIAN_POINT('',(-26.77640289146,64.515591761033,
    5.477454770795));
#1889 = CARTESIAN_POINT('',(-26.47512871277,64.639481232608,
    5.472516190765));
#1890 = CARTESIAN_POINT('',(-26.17945159616,64.759180265224,
    5.430802358404));
#1891 = CARTESIAN_POINT('',(-25.58218175612,64.997609535702,
    5.274797255328));
#1892 = CARTESIAN_POINT('',(-25.28802790395,65.112971313724,
    5.153952839256));
#1893 = CARTESIAN_POINT('',(-25.01764351292,65.217280769547,
    5.001224750066));
#1894 = CARTESIAN_POINT('',(-24.77307530258,65.310293026111,
    4.822810353807));
#1895 = CARTESIAN_POINT('',(-24.55542601771,65.392087970722,
    4.624515872193));
#1896 = CARTESIAN_POINT('',(-24.36496705383,65.462977135161,
    4.411829027149));
#1897 = CARTESIAN_POINT('',(-24.00631641705,65.595445064355,
    3.925989245469));
#1898 = CARTESIAN_POINT('',(-23.84713939388,65.653469086359,
    3.646256258983));
#1899 = CARTESIAN_POINT('',(-23.72196367554,65.698676313339,
    3.355996594892));
#1900 = CARTESIAN_POINT('',(-23.62924248186,65.731963254096,
    3.058842537429));
#1901 = CARTESIAN_POINT('',(-23.56780564429,65.753951241526,
    2.757428766424));
#1902 = CARTESIAN_POINT('',(-23.53704179689,65.764961517902,
    2.45384412469));
#1903 = CARTESIAN_POINT('',(-23.53704179689,65.764961517902,
    1.908299685387));
#1904 = CARTESIAN_POINT('',(-23.55650915793,65.757994238922,
    1.666679744309));
#1905 = CARTESIAN_POINT('',(-23.59541916967,65.744068418013,
    1.426168769479));
#1906 = CARTESIAN_POINT('',(-23.65400675311,65.723059282233,
    1.187830802517));
#1907 = CARTESIAN_POINT('',(-23.73272739012,65.694721830838,
    0.952905552014));
#1908 = CARTESIAN_POINT('',(-23.8322143453,65.658698254525,
    0.722952657598));
#1909 = CARTESIAN_POINT('',(-24.08709994587,65.565649733909,
    0.253373755043));
#1910 = CARTESIAN_POINT('',(-24.24786523515,65.506599634478,
    1.429766362649E-02));
#1911 = CARTESIAN_POINT('',(-24.43659717477,65.436716793018,
    -0.213685700726));
#1912 = CARTESIAN_POINT('',(-24.65412022426,65.355338993156,
    -0.42625868282));
#1913 = CARTESIAN_POINT('',(-24.90085974901,65.261841484042,
    -0.618223697865));
#1914 = CARTESIAN_POINT('',(-25.17655118832,65.155734883466,
    -0.783282110426));
#1915 = CARTESIAN_POINT('',(-25.62877517511,64.978565779616,
    -0.977693346248));
#1916 = CARTESIAN_POINT('',(-25.78432961094,64.917164367769,
    -1.033316346091));
#1917 = CARTESIAN_POINT('',(-25.94530333535,64.853105329047,
    -1.079203308318));
#1918 = CARTESIAN_POINT('',(-26.11047569401,64.786808870901,
    -1.114361273678));
#1919 = CARTESIAN_POINT('',(-26.27852791231,64.71875606938,
    -1.138092038605));
#1920 = CARTESIAN_POINT('',(-26.4480863554,64.6494772632,-1.15));
#1921 = CARTESIAN_POINT('',(-26.61776578806,64.57954044782,-1.15));
#1922 = PCURVE('',#449,#1923);
#1923 = DEFINITIONAL_REPRESENTATION('',(#1924),#1987);
#1924 = B_SPLINE_CURVE_WITH_KNOTS('',7,(#1925,#1926,#1927,#1928,#1929,
    #1930,#1931,#1932,#1933,#1934,#1935,#1936,#1937,#1938,#1939,#1940,
    #1941,#1942,#1943,#1944,#1945,#1946,#1947,#1948,#1949,#1950,#1951,
    #1952,#1953,#1954,#1955,#1956,#1957,#1958,#1959,#1960,#1961,#1962,
    #1963,#1964,#1965,#1966,#1967,#1968,#1969,#1970,#1971,#1972,#1973,
    #1974,#1975,#1976,#1977,#1978,#1979,#1980,#1981,#1982,#1983,#1984,
    #1985,#1986),.UNSPECIFIED.,.F.,.F.,(8,6,6,6,6,6,6,6,6,6,8),(0.,
    8.23449280263E-02,0.180751189064,0.344501705662,0.442273287039,
    0.531818964964,0.631501019188,0.75006390935,0.844377689097,
    0.948705906565,1.),.UNSPECIFIED.);
#1925 = CARTESIAN_POINT('',(0.,2.6));
#1926 = CARTESIAN_POINT('',(8.963145097343E-02,2.6));
#1927 = CARTESIAN_POINT('',(0.178361871356,2.598539090421));
#1928 = CARTESIAN_POINT('',(0.26586024412,2.595668201272));
#1929 = CARTESIAN_POINT('',(0.351768153603,2.591591198956));
#1930 = CARTESIAN_POINT('',(0.435662563262,2.586627991102));
#1931 = CARTESIAN_POINT('',(0.516993780512,2.581152482702));
#1932 = CARTESIAN_POINT('',(0.688218235664,2.568756820853));
#1933 = CARTESIAN_POINT('',(0.777871603825,2.561677837141));
#1934 = CARTESIAN_POINT('',(0.8645353356,2.554691668874));
#1935 = CARTESIAN_POINT('',(0.948672251904,2.548117986692));
#1936 = CARTESIAN_POINT('',(1.030694200734,2.542182609932));
#1937 = CARTESIAN_POINT('',(1.111001246104,2.537036316591));
#1938 = CARTESIAN_POINT('',(1.32144851875,2.52570470394));
#1939 = CARTESIAN_POINT('',(1.44925555607,2.521098960537));
#1940 = CARTESIAN_POINT('',(1.575383702672,2.519432086461));
#1941 = CARTESIAN_POINT('',(1.701379572973,2.520824277366));
#1942 = CARTESIAN_POINT('',(1.828776910477,2.525228652581));
#1943 = CARTESIAN_POINT('',(1.95911667863,2.532370771394));
#1944 = CARTESIAN_POINT('',(2.175166666919,2.546968327806));
#1945 = CARTESIAN_POINT('',(2.2579407862,2.553154322955));
#1946 = CARTESIAN_POINT('',(2.343009580083,2.559908963847));
#1947 = CARTESIAN_POINT('',(2.430675066203,2.566997255422));
#1948 = CARTESIAN_POINT('',(2.52129403785,2.574096114359));
#1949 = CARTESIAN_POINT('',(2.615277235142,2.580776787855));
#1950 = CARTESIAN_POINT('',(2.802871986297,2.591830641846));
#1951 = CARTESIAN_POINT('',(2.896566421741,2.5963922608));
#1952 = CARTESIAN_POINT('',(2.992700655315,2.599710428933));
#1953 = CARTESIAN_POINT('',(3.090106844955,2.601328395969));
#1954 = CARTESIAN_POINT('',(3.187787132925,2.601063250865));
#1955 = CARTESIAN_POINT('',(3.284702949034,2.599056726592));
#1956 = CARTESIAN_POINT('',(3.485222490562,2.591893720184));
#1957 = CARTESIAN_POINT('',(3.586890649351,2.586457675331));
#1958 = CARTESIAN_POINT('',(3.685049035303,2.579861087331));
#1959 = CARTESIAN_POINT('',(3.779948690308,2.572657500257));
#1960 = CARTESIAN_POINT('',(3.871737802523,2.56534099697));
#1961 = CARTESIAN_POINT('',(3.960444473533,2.558303023733));
#1962 = CARTESIAN_POINT('',(4.147739933917,2.544104589114));
#1963 = CARTESIAN_POINT('',(4.246081075776,2.537092820389));
#1964 = CARTESIAN_POINT('',(4.341846166907,2.531188224684));
#1965 = CARTESIAN_POINT('',(4.435706822756,2.52663023356));
#1966 = CARTESIAN_POINT('',(4.52831976731,2.523547381311));
#1967 = CARTESIAN_POINT('',(4.620315003206,2.522003697758));
#1968 = CARTESIAN_POINT('',(4.785631499965,2.522003697758));
#1969 = CARTESIAN_POINT('',(4.858849914199,2.522980562208));
#1970 = CARTESIAN_POINT('',(4.932372938144,2.524932952539));
#1971 = CARTESIAN_POINT('',(5.006520949232,2.527835031855));
#1972 = CARTESIAN_POINT('',(5.081611010288,2.53163385634));
#1973 = CARTESIAN_POINT('',(5.157974557874,2.536239933195));
#1974 = CARTESIAN_POINT('',(5.322284561386,2.547341644259));
#1975 = CARTESIAN_POINT('',(5.410955461049,2.554009998335));
#1976 = CARTESIAN_POINT('',(5.502309102874,2.561320245709));
#1977 = CARTESIAN_POINT('',(5.59667175622,2.568974313956));
#1978 = CARTESIAN_POINT('',(5.694450257211,2.57655668631));
#1979 = CARTESIAN_POINT('',(5.796121586798,2.583514090142));
#1980 = CARTESIAN_POINT('',(5.954632339785,2.592042262736));
#1981 = CARTESIAN_POINT('',(6.007938576495,2.594551018363));
#1982 = CARTESIAN_POINT('',(6.06207559909,2.596667805939));
#1983 = CARTESIAN_POINT('',(6.116844638741,2.598315971392));
#1984 = CARTESIAN_POINT('',(6.172066563509,2.599437745746));
#1985 = CARTESIAN_POINT('',(6.227570975358,2.6));
#1986 = CARTESIAN_POINT('',(6.28318530718,2.6));
#1987 = ( GEOMETRIC_REPRESENTATION_CONTEXT(2) 
PARAMETRIC_REPRESENTATION_CONTEXT() REPRESENTATION_CONTEXT('2D SPACE',''
  ) );
#1988 = PCURVE('',#1592,#1989);
#1989 = DEFINITIONAL_REPRESENTATION('',(#1990),#2053);
#1990 = B_SPLINE_CURVE_WITH_KNOTS('',7,(#1991,#1992,#1993,#1994,#1995,
    #1996,#1997,#1998,#1999,#2000,#2001,#2002,#2003,#2004,#2005,#2006,
    #2007,#2008,#2009,#2010,#2011,#2012,#2013,#2014,#2015,#2016,#2017,
    #2018,#2019,#2020,#2021,#2022,#2023,#2024,#2025,#2026,#2027,#2028,
    #2029,#2030,#2031,#2032,#2033,#2034,#2035,#2036,#2037,#2038,#2039,
    #2040,#2041,#2042,#2043,#2044,#2045,#2046,#2047,#2048,#2049,#2050,
    #2051,#2052),.UNSPECIFIED.,.T.,.F.,(8,6,6,6,6,6,6,6,6,6,8),(0.,
    8.23449280263E-02,0.180751189064,0.344501705662,0.442273287039,
    0.531818964964,0.631501019188,0.75006390935,0.844377689097,
    0.948705906565,1.),.UNSPECIFIED.);
#1991 = CARTESIAN_POINT('',(1.961750079242,4.35));
#1992 = CARTESIAN_POINT('',(1.965984635981,4.35));
#1993 = CARTESIAN_POINT('',(1.970176629422,4.380930026216));
#1994 = CARTESIAN_POINT('',(1.974254948263,4.441671530907));
#1995 = CARTESIAN_POINT('',(1.978152323413,4.529824459761));
#1996 = CARTESIAN_POINT('',(1.981809853093,4.641787725287));
#1997 = CARTESIAN_POINT('',(1.985180826949,4.772823792978));
#1998 = CARTESIAN_POINT('',(1.991882361685,5.089533402026));
#1999 = CARTESIAN_POINT('',(1.9951231174,5.283067950356));
#2000 = CARTESIAN_POINT('',(1.997963962901,5.492524045579));
#2001 = CARTESIAN_POINT('',(2.000419102764,5.713971255307));
#2002 = CARTESIAN_POINT('',(2.002504671842,5.944402095265));
#2003 = CARTESIAN_POINT('',(2.004235640946,6.181500718981));
#2004 = CARTESIAN_POINT('',(2.007934413699,6.82622996738));
#2005 = CARTESIAN_POINT('',(2.009295954532,7.242506167473));
#2006 = CARTESIAN_POINT('',(2.009765971382,7.664534693275));
#2007 = CARTESIAN_POINT('',(2.009365201933,8.087302687676));
#2008 = CARTESIAN_POINT('',(2.008082005956,8.505667180246));
#2009 = CARTESIAN_POINT('',(2.005874320411,8.913389979842));
#2010 = CARTESIAN_POINT('',(2.000766500336,9.530835748383));
#2011 = CARTESIAN_POINT('',(1.99849806467,9.754836191207));
#2012 = CARTESIAN_POINT('',(1.995856506303,9.969252537328));
#2013 = CARTESIAN_POINT('',(1.992829098021,10.170714975744));
#2014 = CARTESIAN_POINT('',(1.989406505083,10.355140007539));
#2015 = CARTESIAN_POINT('',(1.985585988818,10.517554946425));
#2016 = CARTESIAN_POINT('',(1.977522600112,10.774722877192));
#2017 = CARTESIAN_POINT('',(1.973311484584,10.875002428335));
#2018 = CARTESIAN_POINT('',(1.968832639465,10.944299764128));
#2019 = CARTESIAN_POINT('',(1.964198661767,10.977454770795));
#2020 = CARTESIAN_POINT('',(1.959535179707,10.972516190765));
#2021 = CARTESIAN_POINT('',(1.954968486258,10.930802358404));
#2022 = CARTESIAN_POINT('',(1.945761590249,10.774797255328));
#2023 = CARTESIAN_POINT('',(1.941238173196,10.653952839256));
#2024 = CARTESIAN_POINT('',(1.937089274206,10.501224750066));
#2025 = CARTESIAN_POINT('',(1.933343334262,10.322810353807));
#2026 = CARTESIAN_POINT('',(1.930014635897,10.124515872193));
#2027 = CARTESIAN_POINT('',(1.927105214134,9.911829027149));
#2028 = CARTESIAN_POINT('',(1.921631594128,9.425989245469));
#2029 = CARTESIAN_POINT('',(1.919206091655,9.146256258983));
#2030 = CARTESIAN_POINT('',(1.917300745865,8.855996594892));
#2031 = CARTESIAN_POINT('',(1.915890364968,8.558842537429));
#2032 = CARTESIAN_POINT('',(1.91495617702,8.257428766424));
#2033 = CARTESIAN_POINT('',(1.914488392239,7.95384412469));
#2034 = CARTESIAN_POINT('',(1.914488392239,7.408299685387));
#2035 = CARTESIAN_POINT('',(1.914784406365,7.166679744309));
#2036 = CARTESIAN_POINT('',(1.915376059185,6.926168769479));
#2037 = CARTESIAN_POINT('',(1.916267119601,6.687830802517));
#2038 = CARTESIAN_POINT('',(1.917464908595,6.452905552014));
#2039 = CARTESIAN_POINT('',(1.918979693592,6.222952657598));
#2040 = CARTESIAN_POINT('',(1.922864285029,5.753373755043));
#2041 = CARTESIAN_POINT('',(1.925316206152,5.514297663626));
#2042 = CARTESIAN_POINT('',(1.928197426965,5.286314299274));
#2043 = CARTESIAN_POINT('',(1.931522327161,5.07374131718));
#2044 = CARTESIAN_POINT('',(1.935299782312,4.881776302135));
#2045 = CARTESIAN_POINT('',(1.939528846564,4.716717889574));
#2046 = CARTESIAN_POINT('',(1.946482184697,4.522306653752));
#2047 = CARTESIAN_POINT('',(1.948876369123,4.466683653909));
#2048 = CARTESIAN_POINT('',(1.951356690167,4.420796691682));
#2049 = CARTESIAN_POINT('',(1.953904710859,4.385638726322));
#2050 = CARTESIAN_POINT('',(1.95650037323,4.361907961395));
#2051 = CARTESIAN_POINT('',(1.959122630494,4.35));
#2052 = CARTESIAN_POINT('',(1.961750079242,4.35));
#2053 = ( GEOMETRIC_REPRESENTATION_CONTEXT(2) 
PARAMETRIC_REPRESENTATION_CONTEXT() REPRESENTATION_CONTEXT('2D SPACE',''
  ) );
#2054 = ORIENTED_EDGE('',*,*,#1834,.T.);
#2055 = ADVANCED_FACE('',(#2056),#656,.F.);
#2056 = FACE_BOUND('',#2057,.F.);
#2057 = EDGE_LOOP('',(#2058,#2059,#2082,#2280));
#2058 = ORIENTED_EDGE('',*,*,#522,.F.);
#2059 = ORIENTED_EDGE('',*,*,#2060,.F.);
#2060 = EDGE_CURVE('',#2061,#523,#2063,.T.);
#2061 = VERTEX_POINT('',#2062);
#2062 = CARTESIAN_POINT('',(-69.23640548657,9.23810885946,-1.15));
#2063 = SEAM_CURVE('',#2064,(#2068,#2075),.PCURVE_S1.);
#2064 = LINE('',#2065,#2066);
#2065 = CARTESIAN_POINT('',(-66.65924508191,8.894242244791,-1.15));
#2066 = VECTOR('',#2067,1.);
#2067 = DIRECTION('',(-0.991215540252,0.132256390257,2.22044604925E-16)
  );
#2068 = PCURVE('',#656,#2069);
#2069 = DEFINITIONAL_REPRESENTATION('',(#2070),#2074);
#2070 = LINE('',#2071,#2072);
#2071 = CARTESIAN_POINT('',(6.28318530718,-0.));
#2072 = VECTOR('',#2073,1.);
#2073 = DIRECTION('',(0.,1.));
#2074 = ( GEOMETRIC_REPRESENTATION_CONTEXT(2) 
PARAMETRIC_REPRESENTATION_CONTEXT() REPRESENTATION_CONTEXT('2D SPACE',''
  ) );
#2075 = PCURVE('',#656,#2076);
#2076 = DEFINITIONAL_REPRESENTATION('',(#2077),#2081);
#2077 = LINE('',#2078,#2079);
#2078 = CARTESIAN_POINT('',(0.,-0.));
#2079 = VECTOR('',#2080,1.);
#2080 = DIRECTION('',(0.,1.));
#2081 = ( GEOMETRIC_REPRESENTATION_CONTEXT(2) 
PARAMETRIC_REPRESENTATION_CONTEXT() REPRESENTATION_CONTEXT('2D SPACE',''
  ) );
#2082 = ORIENTED_EDGE('',*,*,#2083,.T.);
#2083 = EDGE_CURVE('',#2061,#2061,#2084,.T.);
#2084 = SURFACE_CURVE('',#2085,(#2148,#2214),.PCURVE_S1.);
#2085 = B_SPLINE_CURVE_WITH_KNOTS('',7,(#2086,#2087,#2088,#2089,#2090,
    #2091,#2092,#2093,#2094,#2095,#2096,#2097,#2098,#2099,#2100,#2101,
    #2102,#2103,#2104,#2105,#2106,#2107,#2108,#2109,#2110,#2111,#2112,
    #2113,#2114,#2115,#2116,#2117,#2118,#2119,#2120,#2121,#2122,#2123,
    #2124,#2125,#2126,#2127,#2128,#2129,#2130,#2131,#2132,#2133,#2134,
    #2135,#2136,#2137,#2138,#2139,#2140,#2141,#2142,#2143,#2144,#2145,
    #2146,#2147),.UNSPECIFIED.,.T.,.F.,(8,6,6,6,6,6,6,6,6,6,8),(0.,
    8.234492659447E-02,0.180751185989,0.344501699851,0.44227327807,
    0.531818951728,0.631501004907,0.750063898347,0.844377680702,
    0.948705901115,1.),.UNSPECIFIED.);
#2086 = CARTESIAN_POINT('',(-69.23640548657,9.23810885946,-1.15));
#2087 = CARTESIAN_POINT('',(-69.27552478271,8.944923371856,-1.15));
#2088 = CARTESIAN_POINT('',(-69.31280279728,8.654491606304,
    -1.119069973748));
#2089 = CARTESIAN_POINT('',(-69.34763193925,8.371752331087,
    -1.058328469107));
#2090 = CARTESIAN_POINT('',(-69.37959178296,8.101397938482,
    -0.970175540308));
#2091 = CARTESIAN_POINT('',(-69.40845486921,7.847552000131,
    -0.858212274737));
#2092 = CARTESIAN_POINT('',(-69.43416062366,7.613495621994,
    -0.727176206923));
#2093 = CARTESIAN_POINT('',(-69.48376164832,7.148028749806,
    -0.410466597974));
#2094 = CARTESIAN_POINT('',(-69.50666900486,6.922821397284,
    -0.216932049644));
#2095 = CARTESIAN_POINT('',(-69.52597224412,6.725327431577,
    -7.4759544214E-03));
#2096 = CARTESIAN_POINT('',(-69.54212062266,6.554596883961,
    0.213971255307));
#2097 = CARTESIAN_POINT('',(-69.55548815485,6.409534083099,
    0.444402095265));
#2098 = CARTESIAN_POINT('',(-69.56636347171,6.289115883342,
    0.681500718981));
#2099 = CARTESIAN_POINT('',(-69.58926818473,6.031773912363,1.32622996738
    ));
#2100 = CARTESIAN_POINT('',(-69.59726633283,5.937006226166,
    1.742506167473));
#2101 = CARTESIAN_POINT('',(-69.59995050314,5.904285951613,
    2.164534693274));
#2102 = CARTESIAN_POINT('',(-69.59763270709,5.932183479777,
    2.587302687677));
#2103 = CARTESIAN_POINT('',(-69.5901584818,6.021501987919,3.005667180245
    ));
#2104 = CARTESIAN_POINT('',(-69.57686461307,6.175136969585,
    3.413389979842));
#2105 = CARTESIAN_POINT('',(-69.54418685194,6.530418562307,
    4.030835744784));
#2106 = CARTESIAN_POINT('',(-69.52937839021,6.688175573444,
    4.254836200242));
#2107 = CARTESIAN_POINT('',(-69.5116869251,6.871839256188,4.469252529546
    ));
#2108 = CARTESIAN_POINT('',(-69.4907608729,7.082267800805,4.670714975513
    ));
#2109 = CARTESIAN_POINT('',(-69.4661925496,7.3200738007,4.855140011806)
  );
#2110 = CARTESIAN_POINT('',(-69.43753073803,7.585397133401,
    5.017554944362));
#2111 = CARTESIAN_POINT('',(-69.37401137409,8.145031602373,
    5.274722877192));
#2112 = CARTESIAN_POINT('',(-69.33963454174,8.437164703296,
    5.375002428335));
#2113 = CARTESIAN_POINT('',(-69.30154895918,8.747691773807,
    5.444299764128));
#2114 = CARTESIAN_POINT('',(-69.26034285097,9.068750754545,
    5.477454770795));
#2115 = CARTESIAN_POINT('',(-69.21699719127,9.391606582576,
    5.472516190765));
#2116 = CARTESIAN_POINT('',(-69.17282103602,9.707519993189,
    5.430802358404));
#2117 = CARTESIAN_POINT('',(-69.08067191943,10.34398549528,
    5.274797252272));
#2118 = CARTESIAN_POINT('',(-69.03350122992,10.656411049876,
    5.153952844503));
#2119 = CARTESIAN_POINT('',(-68.98864366516,10.942725585648,
    5.001224754947));
#2120 = CARTESIAN_POINT('',(-68.94691053989,11.20103397156,
    4.822810332581));
#2121 = CARTESIAN_POINT('',(-68.90892240044,11.430421239836,
    4.624515894057));
#2122 = CARTESIAN_POINT('',(-68.8750847322,11.630808143153,
    4.411829018689));
#2123 = CARTESIAN_POINT('',(-68.8104800068,12.007642663722,
    3.925989245469));
#2124 = CARTESIAN_POINT('',(-68.7811417723,12.174506020483,
    3.646256258983));
#2125 = CARTESIAN_POINT('',(-68.75770452013,12.305514985995,
    3.355996594893));
#2126 = CARTESIAN_POINT('',(-68.7401712596,12.402457365572,
    3.058842537428));
#2127 = CARTESIAN_POINT('',(-68.72849499651,12.466657221352,
    2.757428766424));
#2128 = CARTESIAN_POINT('',(-68.72264825185,12.498804632902,
    2.45384412469));
#2129 = CARTESIAN_POINT('',(-68.72264825185,12.498804632902,
    1.908299685387));
#2130 = CARTESIAN_POINT('',(-68.72634809178,12.478461764211,
    1.666679744309));
#2131 = CARTESIAN_POINT('',(-68.73374298297,12.437801795129,
    1.426168769479));
#2132 = CARTESIAN_POINT('',(-68.7448423294,12.376558891634,
    1.187830802517));
#2133 = CARTESIAN_POINT('',(-68.75966169512,12.294216094478,
    0.952905552014));
#2134 = CARTESIAN_POINT('',(-68.77820784048,12.190046075791,
    0.722952657597));
#2135 = CARTESIAN_POINT('',(-68.82506825814,11.922784410253,
    0.253373754896));
#2136 = CARTESIAN_POINT('',(-68.85431201657,11.754032536027,
    1.429766364129E-02));
#2137 = CARTESIAN_POINT('',(-68.88815767037,11.555644461195,
    -0.213685700607));
#2138 = CARTESIAN_POINT('',(-68.92644395313,11.326575074523,
    -0.426258682759));
#2139 = CARTESIAN_POINT('',(-68.96884249744,11.066143623289,
    -0.618223697913));
#2140 = CARTESIAN_POINT('',(-69.01479720551,10.774334532811,
    -0.783282110488));
#2141 = CARTESIAN_POINT('',(-69.08747625603,10.294112508014,
    -0.977693351215));
#2142 = CARTESIAN_POINT('',(-69.11207828778,10.12869773423,
    -1.033316343917));
#2143 = CARTESIAN_POINT('',(-69.13708839538,9.957260877594,
    -1.07920330447));
#2144 = CARTESIAN_POINT('',(-69.16226016068,9.781069169448,
    -1.114361273867));
#2145 = CARTESIAN_POINT('',(-69.18735081546,9.601505275357,
    -1.138092041506));
#2146 = CARTESIAN_POINT('',(-69.21213282747,9.420023977897,-1.15));
#2147 = CARTESIAN_POINT('',(-69.23640548657,9.23810885946,-1.15));
#2148 = PCURVE('',#656,#2149);
#2149 = DEFINITIONAL_REPRESENTATION('',(#2150),#2213);
#2150 = B_SPLINE_CURVE_WITH_KNOTS('',7,(#2151,#2152,#2153,#2154,#2155,
    #2156,#2157,#2158,#2159,#2160,#2161,#2162,#2163,#2164,#2165,#2166,
    #2167,#2168,#2169,#2170,#2171,#2172,#2173,#2174,#2175,#2176,#2177,
    #2178,#2179,#2180,#2181,#2182,#2183,#2184,#2185,#2186,#2187,#2188,
    #2189,#2190,#2191,#2192,#2193,#2194,#2195,#2196,#2197,#2198,#2199,
    #2200,#2201,#2202,#2203,#2204,#2205,#2206,#2207,#2208,#2209,#2210,
    #2211,#2212),.UNSPECIFIED.,.F.,.F.,(8,6,6,6,6,6,6,6,6,6,8),(0.,
    8.234492659447E-02,0.180751185989,0.344501699851,0.44227327807,
    0.531818951728,0.631501004907,0.750063898347,0.844377680702,
    0.948705901115,1.),.UNSPECIFIED.);
#2151 = CARTESIAN_POINT('',(0.,2.6));
#2152 = CARTESIAN_POINT('',(8.963145102635E-02,2.6));
#2153 = CARTESIAN_POINT('',(0.178361871363,2.598539090419));
#2154 = CARTESIAN_POINT('',(0.265860244081,2.595668201273));
#2155 = CARTESIAN_POINT('',(0.35176815356,2.59159119896));
#2156 = CARTESIAN_POINT('',(0.435662563263,2.586627991102));
#2157 = CARTESIAN_POINT('',(0.516993780566,2.581152482698));
#2158 = CARTESIAN_POINT('',(0.688218235664,2.568756820853));
#2159 = CARTESIAN_POINT('',(0.777871603825,2.561677837141));
#2160 = CARTESIAN_POINT('',(0.8645353356,2.554691668874));
#2161 = CARTESIAN_POINT('',(0.948672251904,2.548117986692));
#2162 = CARTESIAN_POINT('',(1.030694200734,2.542182609932));
#2163 = CARTESIAN_POINT('',(1.111001246104,2.537036316591));
#2164 = CARTESIAN_POINT('',(1.32144851875,2.52570470394));
#2165 = CARTESIAN_POINT('',(1.44925555607,2.521098960537));
#2166 = CARTESIAN_POINT('',(1.575383702672,2.519432086461));
#2167 = CARTESIAN_POINT('',(1.701379572973,2.520824277366));
#2168 = CARTESIAN_POINT('',(1.828776910477,2.525228652581));
#2169 = CARTESIAN_POINT('',(1.95911667863,2.532370771394));
#2170 = CARTESIAN_POINT('',(2.17516666566,2.54696832772));
#2171 = CARTESIAN_POINT('',(2.25794078906,2.55315432316));
#2172 = CARTESIAN_POINT('',(2.343009578647,2.559908963719));
#2173 = CARTESIAN_POINT('',(2.430675063814,2.566997255297));
#2174 = CARTESIAN_POINT('',(2.521294041387,2.57409611457));
#2175 = CARTESIAN_POINT('',(2.615277233637,2.580776787766));
#2176 = CARTESIAN_POINT('',(2.802871986297,2.591830641846));
#2177 = CARTESIAN_POINT('',(2.896566421741,2.5963922608));
#2178 = CARTESIAN_POINT('',(2.992700655315,2.599710428933));
#2179 = CARTESIAN_POINT('',(3.090106844955,2.601328395969));
#2180 = CARTESIAN_POINT('',(3.187787132925,2.601063250865));
#2181 = CARTESIAN_POINT('',(3.284702949034,2.599056726592));
#2182 = CARTESIAN_POINT('',(3.48522249449,2.591893720044));
#2183 = CARTESIAN_POINT('',(3.586890640171,2.58645767563));
#2184 = CARTESIAN_POINT('',(3.685049041485,2.579861087319));
#2185 = CARTESIAN_POINT('',(3.779948694013,2.572657499698));
#2186 = CARTESIAN_POINT('',(3.871737795135,2.565340997608));
#2187 = CARTESIAN_POINT('',(3.960444476794,2.558303023486));
#2188 = CARTESIAN_POINT('',(4.147739933917,2.544104589114));
#2189 = CARTESIAN_POINT('',(4.246081075776,2.537092820389));
#2190 = CARTESIAN_POINT('',(4.341846166907,2.531188224684));
#2191 = CARTESIAN_POINT('',(4.435706822756,2.52663023356));
#2192 = CARTESIAN_POINT('',(4.52831976731,2.523547381311));
#2193 = CARTESIAN_POINT('',(4.620315003206,2.522003697758));
#2194 = CARTESIAN_POINT('',(4.785631499964,2.522003697758));
#2195 = CARTESIAN_POINT('',(4.858849914199,2.522980562208));
#2196 = CARTESIAN_POINT('',(4.932372938144,2.524932952539));
#2197 = CARTESIAN_POINT('',(5.006520949232,2.527835031855));
#2198 = CARTESIAN_POINT('',(5.081611010288,2.53163385634));
#2199 = CARTESIAN_POINT('',(5.157974557874,2.536239933195));
#2200 = CARTESIAN_POINT('',(5.322284561437,2.547341644262));
#2201 = CARTESIAN_POINT('',(5.410955461049,2.554009998336));
#2202 = CARTESIAN_POINT('',(5.502309102831,2.561320245705));
#2203 = CARTESIAN_POINT('',(5.596671756183,2.568974313953));
#2204 = CARTESIAN_POINT('',(5.69445025722,2.576556686312));
#2205 = CARTESIAN_POINT('',(5.796121586848,2.583514090144));
#2206 = CARTESIAN_POINT('',(5.954632343835,2.592042262954));
#2207 = CARTESIAN_POINT('',(6.007938572417,2.594551018265));
#2208 = CARTESIAN_POINT('',(6.062075595695,2.596667805769));
#2209 = CARTESIAN_POINT('',(6.116844641826,2.598315971401));
#2210 = CARTESIAN_POINT('',(6.172066567702,2.599437745875));
#2211 = CARTESIAN_POINT('',(6.227570971823,2.6));
#2212 = CARTESIAN_POINT('',(6.28318530718,2.6));
#2213 = ( GEOMETRIC_REPRESENTATION_CONTEXT(2) 
PARAMETRIC_REPRESENTATION_CONTEXT() REPRESENTATION_CONTEXT('2D SPACE',''
  ) );
#2214 = PCURVE('',#1592,#2215);
#2215 = DEFINITIONAL_REPRESENTATION('',(#2216),#2279);
#2216 = B_SPLINE_CURVE_WITH_KNOTS('',7,(#2217,#2218,#2219,#2220,#2221,
    #2222,#2223,#2224,#2225,#2226,#2227,#2228,#2229,#2230,#2231,#2232,
    #2233,#2234,#2235,#2236,#2237,#2238,#2239,#2240,#2241,#2242,#2243,
    #2244,#2245,#2246,#2247,#2248,#2249,#2250,#2251,#2252,#2253,#2254,
    #2255,#2256,#2257,#2258,#2259,#2260,#2261,#2262,#2263,#2264,#2265,
    #2266,#2267,#2268,#2269,#2270,#2271,#2272,#2273,#2274,#2275,#2276,
    #2277,#2278),.UNSPECIFIED.,.T.,.F.,(8,6,6,6,6,6,6,6,6,6,8),(0.,
    8.234492659447E-02,0.180751185989,0.344501699851,0.44227327807,
    0.531818951728,0.631501004907,0.750063898347,0.844377680702,
    0.948705901115,1.),.UNSPECIFIED.);
#2217 = CARTESIAN_POINT('',(3.008947630438,4.35));
#2218 = CARTESIAN_POINT('',(3.01318218718,4.35));
#2219 = CARTESIAN_POINT('',(3.017374180618,4.380930026252));
#2220 = CARTESIAN_POINT('',(3.021452499458,4.441671530893));
#2221 = CARTESIAN_POINT('',(3.025349874608,4.529824459692));
#2222 = CARTESIAN_POINT('',(3.02900740429,4.641787725263));
#2223 = CARTESIAN_POINT('',(3.032378378148,4.772823793077));
#2224 = CARTESIAN_POINT('',(3.039079912882,5.089533402026));
#2225 = CARTESIAN_POINT('',(3.042320668597,5.283067950356));
#2226 = CARTESIAN_POINT('',(3.045161514098,5.492524045579));
#2227 = CARTESIAN_POINT('',(3.047616653961,5.713971255307));
#2228 = CARTESIAN_POINT('',(3.049702223038,5.944402095265));
#2229 = CARTESIAN_POINT('',(3.051433192143,6.181500718981));
#2230 = CARTESIAN_POINT('',(3.055131964896,6.82622996738));
#2231 = CARTESIAN_POINT('',(3.056493505728,7.242506167473));
#2232 = CARTESIAN_POINT('',(3.056963522579,7.664534693274));
#2233 = CARTESIAN_POINT('',(3.056562753129,8.087302687677));
#2234 = CARTESIAN_POINT('',(3.055279557152,8.505667180245));
#2235 = CARTESIAN_POINT('',(3.053071871607,8.913389979842));
#2236 = CARTESIAN_POINT('',(3.047964051562,9.530835744784));
#2237 = CARTESIAN_POINT('',(3.045695615809,9.754836200242));
#2238 = CARTESIAN_POINT('',(3.043054057488,9.969252529546));
#2239 = CARTESIAN_POINT('',(3.04002664936,10.170714975513));
#2240 = CARTESIAN_POINT('',(3.036604056119,10.355140011806));
#2241 = CARTESIAN_POINT('',(3.03278354008,10.517554944362));
#2242 = CARTESIAN_POINT('',(3.024720151308,10.774722877192));
#2243 = CARTESIAN_POINT('',(3.020509035781,10.875002428335));
#2244 = CARTESIAN_POINT('',(3.016030190662,10.944299764128));
#2245 = CARTESIAN_POINT('',(3.011396212964,10.977454770795));
#2246 = CARTESIAN_POINT('',(3.006732730904,10.972516190765));
#2247 = CARTESIAN_POINT('',(3.002166037454,10.930802358404));
#2248 = CARTESIAN_POINT('',(2.992959141265,10.774797252272));
#2249 = CARTESIAN_POINT('',(2.988435724835,10.653952844503));
#2250 = CARTESIAN_POINT('',(2.984286825029,10.501224754947));
#2251 = CARTESIAN_POINT('',(2.980540885452,10.322810332581));
#2252 = CARTESIAN_POINT('',(2.977212187289,10.124515894057));
#2253 = CARTESIAN_POINT('',(2.974302765235,9.911829018689));
#2254 = CARTESIAN_POINT('',(2.968829145324,9.425989245469));
#2255 = CARTESIAN_POINT('',(2.966403642852,9.146256258982));
#2256 = CARTESIAN_POINT('',(2.964498297061,8.855996594893));
#2257 = CARTESIAN_POINT('',(2.963087916164,8.558842537428));
#2258 = CARTESIAN_POINT('',(2.962153728217,8.257428766424));
#2259 = CARTESIAN_POINT('',(2.961685943436,7.95384412469));
#2260 = CARTESIAN_POINT('',(2.961685943436,7.408299685387));
#2261 = CARTESIAN_POINT('',(2.961981957561,7.166679744309));
#2262 = CARTESIAN_POINT('',(2.962573610381,6.926168769479));
#2263 = CARTESIAN_POINT('',(2.963464670798,6.687830802517));
#2264 = CARTESIAN_POINT('',(2.964662459792,6.452905552014));
#2265 = CARTESIAN_POINT('',(2.966177244789,6.222952657597));
#2266 = CARTESIAN_POINT('',(2.970061836227,5.753373754896));
#2267 = CARTESIAN_POINT('',(2.972513757349,5.514297663641));
#2268 = CARTESIAN_POINT('',(2.97539497816,5.286314299393));
#2269 = CARTESIAN_POINT('',(2.978719878356,5.073741317241));
#2270 = CARTESIAN_POINT('',(2.982497333509,4.881776302087));
#2271 = CARTESIAN_POINT('',(2.986726397762,4.716717889512));
#2272 = CARTESIAN_POINT('',(2.993679736071,4.522306648785));
#2273 = CARTESIAN_POINT('',(2.996073920132,4.466683656083));
#2274 = CARTESIAN_POINT('',(2.998554241213,4.42079669553));
#2275 = CARTESIAN_POINT('',(3.001102262201,4.385638726133));
#2276 = CARTESIAN_POINT('',(3.003697924617,4.361907958494));
#2277 = CARTESIAN_POINT('',(3.006320181524,4.35));
#2278 = CARTESIAN_POINT('',(3.008947630438,4.35));
#2279 = ( GEOMETRIC_REPRESENTATION_CONTEXT(2) 
PARAMETRIC_REPRESENTATION_CONTEXT() REPRESENTATION_CONTEXT('2D SPACE',''
  ) );
#2280 = ORIENTED_EDGE('',*,*,#2060,.T.);
#2281 = ADVANCED_FACE('',(#2282),#863,.F.);
#2282 = FACE_BOUND('',#2283,.F.);
#2283 = EDGE_LOOP('',(#2284,#2285,#2308,#2506));
#2284 = ORIENTED_EDGE('',*,*,#729,.F.);
#2285 = ORIENTED_EDGE('',*,*,#2286,.F.);
#2286 = EDGE_CURVE('',#2287,#730,#2289,.T.);
#2287 = VERTEX_POINT('',#2288);
#2288 = CARTESIAN_POINT('',(-42.6186396985,-55.34143158836,-1.15));
#2289 = SEAM_CURVE('',#2290,(#2294,#2301),.PCURVE_S1.);
#2290 = LINE('',#2291,#2292);
#2291 = CARTESIAN_POINT('',(-41.03226227236,-53.28147851563,-1.15));
#2292 = VECTOR('',#2293,1.);
#2293 = DIRECTION('',(-0.610145163901,-0.792289643355,2.22044604925E-16)
  );
#2294 = PCURVE('',#863,#2295);
#2295 = DEFINITIONAL_REPRESENTATION('',(#2296),#2300);
#2296 = LINE('',#2297,#2298);
#2297 = CARTESIAN_POINT('',(6.28318530718,-0.));
#2298 = VECTOR('',#2299,1.);
#2299 = DIRECTION('',(0.,1.));
#2300 = ( GEOMETRIC_REPRESENTATION_CONTEXT(2) 
PARAMETRIC_REPRESENTATION_CONTEXT() REPRESENTATION_CONTEXT('2D SPACE',''
  ) );
#2301 = PCURVE('',#863,#2302);
#2302 = DEFINITIONAL_REPRESENTATION('',(#2303),#2307);
#2303 = LINE('',#2304,#2305);
#2304 = CARTESIAN_POINT('',(0.,-0.));
#2305 = VECTOR('',#2306,1.);
#2306 = DIRECTION('',(0.,1.));
#2307 = ( GEOMETRIC_REPRESENTATION_CONTEXT(2) 
PARAMETRIC_REPRESENTATION_CONTEXT() REPRESENTATION_CONTEXT('2D SPACE',''
  ) );
#2308 = ORIENTED_EDGE('',*,*,#2309,.T.);
#2309 = EDGE_CURVE('',#2287,#2287,#2310,.T.);
#2310 = SURFACE_CURVE('',#2311,(#2374,#2440),.PCURVE_S1.);
#2311 = B_SPLINE_CURVE_WITH_KNOTS('',7,(#2312,#2313,#2314,#2315,#2316,
    #2317,#2318,#2319,#2320,#2321,#2322,#2323,#2324,#2325,#2326,#2327,
    #2328,#2329,#2330,#2331,#2332,#2333,#2334,#2335,#2336,#2337,#2338,
    #2339,#2340,#2341,#2342,#2343,#2344,#2345,#2346,#2347,#2348,#2349,
    #2350,#2351,#2352,#2353,#2354,#2355,#2356,#2357,#2358,#2359,#2360,
    #2361,#2362,#2363,#2364,#2365,#2366,#2367,#2368,#2369,#2370,#2371,
    #2372,#2373),.UNSPECIFIED.,.T.,.F.,(8,6,6,6,6,6,6,6,6,6,8),(0.,
    8.234493149493E-02,0.180751196745,0.34450171709,0.44227329973,
    0.531818975554,0.631501028846,0.750063916644,0.844377692116,
    0.948705904893,1.),.UNSPECIFIED.);
#2312 = CARTESIAN_POINT('',(-42.6186396985,-55.34143158836,-1.15));
#2313 = CARTESIAN_POINT('',(-42.38429326629,-55.5219026364,-1.15));
#2314 = CARTESIAN_POINT('',(-42.15141098654,-55.69940222679,
    -1.119069973748));
#2315 = CARTESIAN_POINT('',(-41.92396616254,-55.87093478614,
    -1.058328469107));
#2316 = CARTESIAN_POINT('',(-41.70581231237,-56.03379001899,
    -0.970175540308));
#2317 = CARTESIAN_POINT('',(-41.50040682423,-56.18570915409,
    -0.858212274737));
#2318 = CARTESIAN_POINT('',(-41.31056093208,-56.32499917954,
    -0.727176206923));
#2319 = CARTESIAN_POINT('',(-40.93225530847,-56.60068836304,
    -0.410466597974));
#2320 = CARTESIAN_POINT('',(-40.74867369834,-56.733130392,
    -0.216932049644));
#2321 = CARTESIAN_POINT('',(-40.58729052657,-56.84859447043,
    -7.475954421401E-03));
#2322 = CARTESIAN_POINT('',(-40.4475077244,-56.94794465028,
    0.213971255307));
#2323 = CARTESIAN_POINT('',(-40.32856341981,-57.03205267317,
    0.444402095265));
#2324 = CARTESIAN_POINT('',(-40.22971585817,-57.10168007373,
    0.681500718981));
#2325 = CARTESIAN_POINT('',(-40.01830353299,-57.25018712072,
    1.326229959355));
#2326 = CARTESIAN_POINT('',(-39.94023137595,-57.30449756842,
    1.742506200626));
#2327 = CARTESIAN_POINT('',(-39.91323687649,-57.32318226236,
    2.164534629489));
#2328 = CARTESIAN_POINT('',(-39.93623795695,-57.30722622061,2.587302757)
  );
#2329 = CARTESIAN_POINT('',(-40.00985291958,-57.256094113,3.005667139443
    ));
#2330 = CARTESIAN_POINT('',(-40.13625779911,-57.16776378221,
    3.413389990586));
#2331 = CARTESIAN_POINT('',(-40.42760179586,-56.96182321986,
    4.030835739669));
#2332 = CARTESIAN_POINT('',(-40.55681915136,-56.8701202053,
    4.254836212957));
#2333 = CARTESIAN_POINT('',(-40.70703082998,-56.76296710808,
    4.469252518639));
#2334 = CARTESIAN_POINT('',(-40.87880425715,-56.63963035224,
    4.67071497521));
#2335 = CARTESIAN_POINT('',(-41.07246615647,-56.49945054238,
    4.855140017794));
#2336 = CARTESIAN_POINT('',(-41.28791197918,-56.34196703231,
    5.017554941437));
#2337 = CARTESIAN_POINT('',(-41.74080996949,-56.00714041108,
    5.274722877286));
#2338 = CARTESIAN_POINT('',(-41.97661623966,-55.83130265075,
    5.375002428189));
#2339 = CARTESIAN_POINT('',(-42.22649778005,-55.64305603346,
    5.444299764171));
#2340 = CARTESIAN_POINT('',(-42.48393995964,-55.44684100638,
    5.477454770872));
#2341 = CARTESIAN_POINT('',(-42.74186847867,-55.24787464989,
    5.472516190662));
#2342 = CARTESIAN_POINT('',(-42.99336943968,-55.05166027217,
    5.430802358457));
#2343 = CARTESIAN_POINT('',(-43.49849016906,-54.65362404977,
    5.274797254107));
#2344 = CARTESIAN_POINT('',(-43.74547331189,-54.45656024092,
    5.153952841356));
#2345 = CARTESIAN_POINT('',(-43.97100016398,-54.2745552034,
    5.001224752017));
#2346 = CARTESIAN_POINT('',(-44.17383523794,-54.10925905465,
    4.822810345314));
#2347 = CARTESIAN_POINT('',(-44.35349637612,-53.96166672098,
    4.624515880936));
#2348 = CARTESIAN_POINT('',(-44.51011768153,-53.83216899687,
    4.41182902377));
#2349 = CARTESIAN_POINT('',(-44.80416358562,-53.58780240406,
    3.925989252283));
#2350 = CARTESIAN_POINT('',(-44.93400238927,-53.47896305685,
    3.64625624362));
#2351 = CARTESIAN_POINT('',(-45.03574083243,-53.39316133744,
    3.355996602378));
#2352 = CARTESIAN_POINT('',(-45.11092878426,-53.32950588311,
    3.058842550247));
#2353 = CARTESIAN_POINT('',(-45.16068935082,-53.28729402132,
    2.757428747934));
#2354 = CARTESIAN_POINT('',(-45.18560645496,-53.266156885,2.453844132409
    ));
#2355 = CARTESIAN_POINT('',(-45.18560645496,-53.266156885,1.908299685387
    ));
#2356 = CARTESIAN_POINT('',(-45.16983893385,-53.27953247471,
    1.666679744309));
#2357 = CARTESIAN_POINT('',(-45.1383238133,-53.30626662288,
    1.426168769479));
#2358 = CARTESIAN_POINT('',(-45.09083557628,-53.34650039059,
    1.187830802517));
#2359 = CARTESIAN_POINT('',(-45.02693430499,-53.40050573636,
    0.952905552014));
#2360 = CARTESIAN_POINT('',(-44.94599349518,-53.46865217873,
    0.722952657597));
#2361 = CARTESIAN_POINT('',(-44.73796831222,-53.6428653236,
    0.253373754948));
#2362 = CARTESIAN_POINT('',(-44.6064467814,-53.75256709843,
    1.429766363592E-02));
#2363 = CARTESIAN_POINT('',(-44.45156049565,-53.88107233187,
    -0.213685700648));
#2364 = CARTESIAN_POINT('',(-44.27232372894,-54.02876391869,
    -0.426258682781));
#2365 = CARTESIAN_POINT('',(-44.06798274842,-54.19569786074,
    -0.618223697896));
#2366 = CARTESIAN_POINT('',(-43.83824601708,-54.38140035056,
    -0.783282110466));
#2367 = CARTESIAN_POINT('',(-43.45870106941,-54.68445326704,
    -0.977693351197));
#2368 = CARTESIAN_POINT('',(-43.32774868894,-54.78846663847,
    -1.033316343925));
#2369 = CARTESIAN_POINT('',(-43.19178506976,-54.89584445532,
    -1.079203304484));
#2370 = CARTESIAN_POINT('',(-43.05178445729,-55.00573969755,
    -1.114361273867));
#2371 = CARTESIAN_POINT('',(-42.9088228908,-55.11725078902,
    -1.138092041495));
#2372 = CARTESIAN_POINT('',(-42.76404648282,-55.22945328977,-1.15));
#2373 = CARTESIAN_POINT('',(-42.6186396985,-55.34143158836,-1.15));
#2374 = PCURVE('',#863,#2375);
#2375 = DEFINITIONAL_REPRESENTATION('',(#2376),#2439);
#2376 = B_SPLINE_CURVE_WITH_KNOTS('',7,(#2377,#2378,#2379,#2380,#2381,
    #2382,#2383,#2384,#2385,#2386,#2387,#2388,#2389,#2390,#2391,#2392,
    #2393,#2394,#2395,#2396,#2397,#2398,#2399,#2400,#2401,#2402,#2403,
    #2404,#2405,#2406,#2407,#2408,#2409,#2410,#2411,#2412,#2413,#2414,
    #2415,#2416,#2417,#2418,#2419,#2420,#2421,#2422,#2423,#2424,#2425,
    #2426,#2427,#2428,#2429,#2430,#2431,#2432,#2433,#2434,#2435,#2436,
    #2437,#2438),.UNSPECIFIED.,.F.,.F.,(8,6,6,6,6,6,6,6,6,6,8),(0.,
    8.234493149493E-02,0.180751196745,0.34450171709,0.44227329973,
    0.531818975554,0.631501028846,0.750063916644,0.844377692116,
    0.948705904893,1.),.UNSPECIFIED.);
#2377 = CARTESIAN_POINT('',(0.,2.6));
#2378 = CARTESIAN_POINT('',(8.963145102635E-02,2.6));
#2379 = CARTESIAN_POINT('',(0.178361871363,2.598539090419));
#2380 = CARTESIAN_POINT('',(0.265860244081,2.595668201273));
#2381 = CARTESIAN_POINT('',(0.35176815356,2.59159119896));
#2382 = CARTESIAN_POINT('',(0.435662563263,2.586627991102));
#2383 = CARTESIAN_POINT('',(0.516993780566,2.581152482698));
#2384 = CARTESIAN_POINT('',(0.688218235664,2.568756820853));
#2385 = CARTESIAN_POINT('',(0.777871603825,2.561677837141));
#2386 = CARTESIAN_POINT('',(0.8645353356,2.554691668874));
#2387 = CARTESIAN_POINT('',(0.948672251904,2.548117986692));
#2388 = CARTESIAN_POINT('',(1.030694200734,2.542182609931));
#2389 = CARTESIAN_POINT('',(1.111001246104,2.537036316591));
#2390 = CARTESIAN_POINT('',(1.321448516131,2.525704704081));
#2391 = CARTESIAN_POINT('',(1.449255566898,2.521098960273));
#2392 = CARTESIAN_POINT('',(1.575383681717,2.519432086472));
#2393 = CARTESIAN_POINT('',(1.701379596009,2.520824277854));
#2394 = CARTESIAN_POINT('',(1.82877689665,2.525228651991));
#2395 = CARTESIAN_POINT('',(1.959116682389,2.532370771648));
#2396 = CARTESIAN_POINT('',(2.17516666387,2.5469683276));
#2397 = CARTESIAN_POINT('',(2.257940793083,2.553154323449));
#2398 = CARTESIAN_POINT('',(2.343009576641,2.559908963541));
#2399 = CARTESIAN_POINT('',(2.430675060464,2.566997255121));
#2400 = CARTESIAN_POINT('',(2.52129404636,2.574096114865));
#2401 = CARTESIAN_POINT('',(2.615277231503,2.580776787641));
#2402 = CARTESIAN_POINT('',(2.802871986366,2.59183064185));
#2403 = CARTESIAN_POINT('',(2.89656642167,2.596392260794));
#2404 = CARTESIAN_POINT('',(2.992700655262,2.599710428935));
#2405 = CARTESIAN_POINT('',(3.090106845011,2.601328395973));
#2406 = CARTESIAN_POINT('',(3.187787132992,2.601063250861));
#2407 = CARTESIAN_POINT('',(3.284702948965,2.599056726594));
#2408 = CARTESIAN_POINT('',(3.485222492131,2.591893720128));
#2409 = CARTESIAN_POINT('',(3.586890645679,2.586457675451));
#2410 = CARTESIAN_POINT('',(3.685049037777,2.579861087326));
#2411 = CARTESIAN_POINT('',(3.779948691791,2.572657500033));
#2412 = CARTESIAN_POINT('',(3.871737799568,2.565340997225));
#2413 = CARTESIAN_POINT('',(3.960444474835,2.558303023634));
#2414 = CARTESIAN_POINT('',(4.14773993129,2.544104589313));
#2415 = CARTESIAN_POINT('',(4.246081081869,2.537092819859));
#2416 = CARTESIAN_POINT('',(4.341846163006,2.531188225273));
#2417 = CARTESIAN_POINT('',(4.435706819821,2.526630233256));
#2418 = CARTESIAN_POINT('',(4.528319772669,2.52354738137));
#2419 = CARTESIAN_POINT('',(4.620315000867,2.522003697758));
#2420 = CARTESIAN_POINT('',(4.785631499964,2.522003697758));
#2421 = CARTESIAN_POINT('',(4.858849914199,2.522980562208));
#2422 = CARTESIAN_POINT('',(4.932372938144,2.524932952539));
#2423 = CARTESIAN_POINT('',(5.006520949232,2.527835031855));
#2424 = CARTESIAN_POINT('',(5.081611010288,2.53163385634));
#2425 = CARTESIAN_POINT('',(5.157974557874,2.536239933195));
#2426 = CARTESIAN_POINT('',(5.322284561419,2.547341644261));
#2427 = CARTESIAN_POINT('',(5.410955461049,2.554009998336));
#2428 = CARTESIAN_POINT('',(5.502309102845,2.561320245706));
#2429 = CARTESIAN_POINT('',(5.596671756197,2.568974313954));
#2430 = CARTESIAN_POINT('',(5.694450257216,2.576556686311));
#2431 = CARTESIAN_POINT('',(5.796121586831,2.583514090143));
#2432 = CARTESIAN_POINT('',(5.95463234382,2.592042262954));
#2433 = CARTESIAN_POINT('',(6.007938572432,2.594551018266));
#2434 = CARTESIAN_POINT('',(6.062075595708,2.59666780577));
#2435 = CARTESIAN_POINT('',(6.116844641815,2.598315971401));
#2436 = CARTESIAN_POINT('',(6.172066567686,2.599437745875));
#2437 = CARTESIAN_POINT('',(6.227570971836,2.6));
#2438 = CARTESIAN_POINT('',(6.28318530718,2.6));
#2439 = ( GEOMETRIC_REPRESENTATION_CONTEXT(2) 
PARAMETRIC_REPRESENTATION_CONTEXT() REPRESENTATION_CONTEXT('2D SPACE',''
  ) );
#2440 = PCURVE('',#1592,#2441);
#2441 = DEFINITIONAL_REPRESENTATION('',(#2442),#2505);
#2442 = B_SPLINE_CURVE_WITH_KNOTS('',7,(#2443,#2444,#2445,#2446,#2447,
    #2448,#2449,#2450,#2451,#2452,#2453,#2454,#2455,#2456,#2457,#2458,
    #2459,#2460,#2461,#2462,#2463,#2464,#2465,#2466,#2467,#2468,#2469,
    #2470,#2471,#2472,#2473,#2474,#2475,#2476,#2477,#2478,#2479,#2480,
    #2481,#2482,#2483,#2484,#2485,#2486,#2487,#2488,#2489,#2490,#2491,
    #2492,#2493,#2494,#2495,#2496,#2497,#2498,#2499,#2500,#2501,#2502,
    #2503,#2504),.UNSPECIFIED.,.T.,.F.,(8,6,6,6,6,6,6,6,6,6,8),(0.,
    8.234493149493E-02,0.180751196745,0.34450171709,0.44227329973,
    0.531818975554,0.631501028846,0.750063916644,0.844377692116,
    0.948705904893,1.),.UNSPECIFIED.);
#2443 = CARTESIAN_POINT('',(4.056145181635,4.35));
#2444 = CARTESIAN_POINT('',(4.060379738376,4.35));
#2445 = CARTESIAN_POINT('',(4.064571731815,4.380930026252));
#2446 = CARTESIAN_POINT('',(4.068650050654,4.441671530893));
#2447 = CARTESIAN_POINT('',(4.072547425804,4.529824459692));
#2448 = CARTESIAN_POINT('',(4.076204955487,4.641787725263));
#2449 = CARTESIAN_POINT('',(4.079575929344,4.772823793077));
#2450 = CARTESIAN_POINT('',(4.086277464078,5.089533402026));
#2451 = CARTESIAN_POINT('',(4.089518219793,5.283067950356));
#2452 = CARTESIAN_POINT('',(4.092359065294,5.492524045579));
#2453 = CARTESIAN_POINT('',(4.094814205157,5.713971255307));
#2454 = CARTESIAN_POINT('',(4.096899774235,5.944402095265));
#2455 = CARTESIAN_POINT('',(4.09863074334,6.181500718981));
#2456 = CARTESIAN_POINT('',(4.102329516047,6.826229959355));
#2457 = CARTESIAN_POINT('',(4.103691057008,7.242506200626));
#2458 = CARTESIAN_POINT('',(4.104161073783,7.664534629489));
#2459 = CARTESIAN_POINT('',(4.10376030415,8.087302757));
#2460 = CARTESIAN_POINT('',(4.102477108556,8.505667139443));
#2461 = CARTESIAN_POINT('',(4.100269422715,8.913389990586));
#2462 = CARTESIAN_POINT('',(4.095161602801,9.530835739669));
#2463 = CARTESIAN_POINT('',(4.092893166924,9.754836212957));
#2464 = CARTESIAN_POINT('',(4.090251608667,9.969252518639));
#2465 = CARTESIAN_POINT('',(4.087224200757,10.17071497521));
#2466 = CARTESIAN_POINT('',(4.083801607089,10.355140017794));
#2467 = CARTESIAN_POINT('',(4.079981091368,10.517554941437));
#2468 = CARTESIAN_POINT('',(4.071917702502,10.774722877286));
#2469 = CARTESIAN_POINT('',(4.067706586981,10.875002428189));
#2470 = CARTESIAN_POINT('',(4.063227741861,10.944299764171));
#2471 = CARTESIAN_POINT('',(4.058593764158,10.977454770872));
#2472 = CARTESIAN_POINT('',(4.053930282097,10.972516190662));
#2473 = CARTESIAN_POINT('',(4.049363588654,10.930802358457));
#2474 = CARTESIAN_POINT('',(4.04015669257,10.774797254107));
#2475 = CARTESIAN_POINT('',(4.035633275766,10.653952841356));
#2476 = CARTESIAN_POINT('',(4.03148437645,10.501224752017));
#2477 = CARTESIAN_POINT('',(4.027738436653,10.322810345314));
#2478 = CARTESIAN_POINT('',(4.024409738368,10.124515880936));
#2479 = CARTESIAN_POINT('',(4.021500316489,9.91182902377));
#2480 = CARTESIAN_POINT('',(4.016026696598,9.425989252283));
#2481 = CARTESIAN_POINT('',(4.013601193846,9.14625624362));
#2482 = CARTESIAN_POINT('',(4.011695848484,8.855996602378));
#2483 = CARTESIAN_POINT('',(4.01028546724,8.558842550247));
#2484 = CARTESIAN_POINT('',(4.00935127944,8.257428747934));
#2485 = CARTESIAN_POINT('',(4.008883494633,7.953844132409));
#2486 = CARTESIAN_POINT('',(4.008883494633,7.408299685387));
#2487 = CARTESIAN_POINT('',(4.009179508758,7.166679744309));
#2488 = CARTESIAN_POINT('',(4.009771161578,6.926168769479));
#2489 = CARTESIAN_POINT('',(4.010662221994,6.687830802517));
#2490 = CARTESIAN_POINT('',(4.011860010989,6.452905552014));
#2491 = CARTESIAN_POINT('',(4.013374795986,6.222952657597));
#2492 = CARTESIAN_POINT('',(4.017259387423,5.753373754948));
#2493 = CARTESIAN_POINT('',(4.019711308545,5.514297663636));
#2494 = CARTESIAN_POINT('',(4.022592529357,5.286314299352));
#2495 = CARTESIAN_POINT('',(4.025917429553,5.073741317219));
#2496 = CARTESIAN_POINT('',(4.029694884705,4.881776302104));
#2497 = CARTESIAN_POINT('',(4.033923948958,4.716717889534));
#2498 = CARTESIAN_POINT('',(4.040877287267,4.522306648803));
#2499 = CARTESIAN_POINT('',(4.043271471329,4.466683656075));
#2500 = CARTESIAN_POINT('',(4.04575179241,4.420796695516));
#2501 = CARTESIAN_POINT('',(4.048299813398,4.385638726133));
#2502 = CARTESIAN_POINT('',(4.050895475813,4.361907958505));
#2503 = CARTESIAN_POINT('',(4.053517732721,4.35));
#2504 = CARTESIAN_POINT('',(4.056145181635,4.35));
#2505 = ( GEOMETRIC_REPRESENTATION_CONTEXT(2) 
PARAMETRIC_REPRESENTATION_CONTEXT() REPRESENTATION_CONTEXT('2D SPACE',''
  ) );
#2506 = ORIENTED_EDGE('',*,*,#2286,.T.);
#2507 = ADVANCED_FACE('',(#2508),#1070,.F.);
#2508 = FACE_BOUND('',#2509,.F.);
#2509 = EDGE_LOOP('',(#2510,#2511,#2534,#2732));
#2510 = ORIENTED_EDGE('',*,*,#936,.F.);
#2511 = ORIENTED_EDGE('',*,*,#2512,.F.);
#2512 = EDGE_CURVE('',#2513,#937,#2515,.T.);
#2513 = VERTEX_POINT('',#2514);
#2514 = CARTESIAN_POINT('',(26.617765788067,-64.57954044782,-1.15));
#2515 = SEAM_CURVE('',#2516,(#2520,#2527),.PCURVE_S1.);
#2516 = LINE('',#2517,#2518);
#2517 = CARTESIAN_POINT('',(25.626982809556,-62.17572076042,-1.15));
#2518 = VECTOR('',#2519,1.);
#2519 = DIRECTION('',(0.38107037635,-0.924546033612,2.22044604925E-16));
#2520 = PCURVE('',#1070,#2521);
#2521 = DEFINITIONAL_REPRESENTATION('',(#2522),#2526);
#2522 = LINE('',#2523,#2524);
#2523 = CARTESIAN_POINT('',(6.28318530718,-0.));
#2524 = VECTOR('',#2525,1.);
#2525 = DIRECTION('',(0.,1.));
#2526 = ( GEOMETRIC_REPRESENTATION_CONTEXT(2) 
PARAMETRIC_REPRESENTATION_CONTEXT() REPRESENTATION_CONTEXT('2D SPACE',''
  ) );
#2527 = PCURVE('',#1070,#2528);
#2528 = DEFINITIONAL_REPRESENTATION('',(#2529),#2533);
#2529 = LINE('',#2530,#2531);
#2530 = CARTESIAN_POINT('',(0.,-0.));
#2531 = VECTOR('',#2532,1.);
#2532 = DIRECTION('',(0.,1.));
#2533 = ( GEOMETRIC_REPRESENTATION_CONTEXT(2) 
PARAMETRIC_REPRESENTATION_CONTEXT() REPRESENTATION_CONTEXT('2D SPACE',''
  ) );
#2534 = ORIENTED_EDGE('',*,*,#2535,.T.);
#2535 = EDGE_CURVE('',#2513,#2513,#2536,.T.);
#2536 = SURFACE_CURVE('',#2537,(#2600,#2666),.PCURVE_S1.);
#2537 = B_SPLINE_CURVE_WITH_KNOTS('',7,(#2538,#2539,#2540,#2541,#2542,
    #2543,#2544,#2545,#2546,#2547,#2548,#2549,#2550,#2551,#2552,#2553,
    #2554,#2555,#2556,#2557,#2558,#2559,#2560,#2561,#2562,#2563,#2564,
    #2565,#2566,#2567,#2568,#2569,#2570,#2571,#2572,#2573,#2574,#2575,
    #2576,#2577,#2578,#2579,#2580,#2581,#2582,#2583,#2584,#2585,#2586,
    #2587,#2588,#2589,#2590,#2591,#2592,#2593,#2594,#2595,#2596,#2597,
    #2598,#2599),.UNSPECIFIED.,.T.,.F.,(8,6,6,6,6,6,6,6,6,6,8),(0.,
    8.234492975341E-02,0.180751193693,0.344501711857,0.442273293194,
    0.531818966566,0.631501017201,0.750063906705,0.84437768593,
    0.948705902853,1.),.UNSPECIFIED.);
#2538 = CARTESIAN_POINT('',(26.617765788067,-64.57954044782,-1.15));
#2539 = CARTESIAN_POINT('',(26.891231518652,-64.46682600734,-1.15));
#2540 = CARTESIAN_POINT('',(27.161391805362,-64.35389383536,
    -1.119069974781));
#2541 = CARTESIAN_POINT('',(27.423665779669,-64.24268711595,
    -1.058328467675));
#2542 = CARTESIAN_POINT('',(27.673779474081,-64.13518795601,
    -0.97017553973));
#2543 = CARTESIAN_POINT('',(27.908048040256,-64.03326115626,
    -0.858212276817));
#2544 = CARTESIAN_POINT('',(28.123599693109,-63.93849480086,
    -0.727176205793));
#2545 = CARTESIAN_POINT('',(28.551506339847,-63.74871711285,
    -0.410466597974));
#2546 = CARTESIAN_POINT('',(28.757995306522,-63.65595178929,
    -0.216932049644));
#2547 = CARTESIAN_POINT('',(28.938681717549,-63.57392190201,
    -7.475954421318E-03));
#2548 = CARTESIAN_POINT('',(29.094612898254,-63.50254153424,
    0.213971255307));
#2549 = CARTESIAN_POINT('',(29.22692473504,-63.44158675627,
    0.444402095265));
#2550 = CARTESIAN_POINT('',(29.33664761354,-63.39079595707,
    0.681500718981));
#2551 = CARTESIAN_POINT('',(29.570964651461,-63.28196103628,
    1.326229959355));
#2552 = CARTESIAN_POINT('',(29.657034957388,-63.24150378881,
    1.742506200627));
#2553 = CARTESIAN_POINT('',(29.686713626724,-63.22746821349,
    2.164534629489));
#2554 = CARTESIAN_POINT('',(29.661394748994,-63.23940971261,2.587302757)
  );
#2555 = CARTESIAN_POINT('',(29.580305563542,-63.27759608654,
    3.005667139444));
#2556 = CARTESIAN_POINT('',(29.440606813387,-63.34290075798,
    3.413389990586));
#2557 = CARTESIAN_POINT('',(29.116585056352,-63.49224177923,
    4.030835739669));
#2558 = CARTESIAN_POINT('',(28.972559238384,-63.55829578442,
    4.254836212957));
#2559 = CARTESIAN_POINT('',(28.804656094794,-63.63480636544,
    4.469252518639));
#2560 = CARTESIAN_POINT('',(28.611956617423,-63.72189813915,
    4.67071497521));
#2561 = CARTESIAN_POINT('',(28.393726391332,-63.81952435877,
    4.855140017793));
#2562 = CARTESIAN_POINT('',(28.149618759574,-63.92736415934,
    5.017554941437));
#2563 = CARTESIAN_POINT('',(27.633201408047,-64.15217201215,
    5.274722875557));
#2564 = CARTESIAN_POINT('',(27.363018293144,-64.26846735762,
    5.375002430296));
#2565 = CARTESIAN_POINT('',(27.075051184989,-64.39074780472,
    5.444299764663));
#2566 = CARTESIAN_POINT('',(26.776402896743,-64.51559175878,
    5.477454769314));
#2567 = CARTESIAN_POINT('',(26.475128703146,-64.63948123655,
    5.472516190277));
#2568 = CARTESIAN_POINT('',(26.17945160036,-64.75918026354,5.4308023595)
  );
#2569 = CARTESIAN_POINT('',(25.582181746781,-64.99760953943,
    5.274797252886));
#2570 = CARTESIAN_POINT('',(25.288027926868,-65.11297130453,
    5.153952843456));
#2571 = CARTESIAN_POINT('',(25.017643493596,-65.2172807775,
    5.001224753967));
#2572 = CARTESIAN_POINT('',(24.773075302046,-65.31029302584,
    4.822810336822));
#2573 = CARTESIAN_POINT('',(24.555426027997,-65.39208796703,
    4.62451588968));
#2574 = CARTESIAN_POINT('',(24.364967048844,-65.462977137,4.411829020391
    ));
#2575 = CARTESIAN_POINT('',(24.006316417053,-65.59544506435,
    3.92598924547));
#2576 = CARTESIAN_POINT('',(23.847139393889,-65.65346908635,
    3.646256258982));
#2577 = CARTESIAN_POINT('',(23.721963675546,-65.69867631333,
    3.355996594893));
#2578 = CARTESIAN_POINT('',(23.629242481863,-65.73196325409,
    3.058842537428));
#2579 = CARTESIAN_POINT('',(23.567805644292,-65.75395124152,
    2.757428766424));
#2580 = CARTESIAN_POINT('',(23.537041796897,-65.7649615179,2.45384412469
    ));
#2581 = CARTESIAN_POINT('',(23.537041796897,-65.7649615179,
    1.908299685387));
#2582 = CARTESIAN_POINT('',(23.556509157932,-65.75799423892,
    1.666679744309));
#2583 = CARTESIAN_POINT('',(23.595419169671,-65.74406841801,
    1.426168769479));
#2584 = CARTESIAN_POINT('',(23.654006753111,-65.72305928223,
    1.187830802517));
#2585 = CARTESIAN_POINT('',(23.732727390128,-65.69472183083,
    0.952905552014));
#2586 = CARTESIAN_POINT('',(23.832214345307,-65.65869825452,
    0.722952657598));
#2587 = CARTESIAN_POINT('',(24.087099945914,-65.56564973389,
    0.253373754962));
#2588 = CARTESIAN_POINT('',(24.247865235167,-65.50659963447,
    1.429766363343E-02));
#2589 = CARTESIAN_POINT('',(24.436597174727,-65.43671679303,
    -0.213685700658));
#2590 = CARTESIAN_POINT('',(24.654120224204,-65.35533899317,
    -0.426258682787));
#2591 = CARTESIAN_POINT('',(24.900859749023,-65.26184148404,
    -0.618223697891));
#2592 = CARTESIAN_POINT('',(25.176551188405,-65.15573488343,
    -0.78328211046));
#2593 = CARTESIAN_POINT('',(25.628775186634,-64.9785657751,
    -0.977693351202));
#2594 = CARTESIAN_POINT('',(25.784329598826,-64.91716437266,
    -1.033316343923));
#2595 = CARTESIAN_POINT('',(25.945303325612,-64.85310533288,
    -1.07920330448));
#2596 = CARTESIAN_POINT('',(26.110475703405,-64.78680886703,
    -1.114361273867));
#2597 = CARTESIAN_POINT('',(26.27852792467,-64.71875606442,
    -1.138092041499));
#2598 = CARTESIAN_POINT('',(26.448086344648,-64.64947726763,-1.15));
#2599 = CARTESIAN_POINT('',(26.617765788067,-64.57954044782,-1.15));
#2600 = PCURVE('',#1070,#2601);
#2601 = DEFINITIONAL_REPRESENTATION('',(#2602),#2665);
#2602 = B_SPLINE_CURVE_WITH_KNOTS('',7,(#2603,#2604,#2605,#2606,#2607,
    #2608,#2609,#2610,#2611,#2612,#2613,#2614,#2615,#2616,#2617,#2618,
    #2619,#2620,#2621,#2622,#2623,#2624,#2625,#2626,#2627,#2628,#2629,
    #2630,#2631,#2632,#2633,#2634,#2635,#2636,#2637,#2638,#2639,#2640,
    #2641,#2642,#2643,#2644,#2645,#2646,#2647,#2648,#2649,#2650,#2651,
    #2652,#2653,#2654,#2655,#2656,#2657,#2658,#2659,#2660,#2661,#2662,
    #2663,#2664),.UNSPECIFIED.,.F.,.F.,(8,6,6,6,6,6,6,6,6,6,8),(0.,
    8.234492975341E-02,0.180751193693,0.344501711857,0.442273293194,
    0.531818966566,0.631501017201,0.750063906705,0.84437768593,
    0.948705902853,1.),.UNSPECIFIED.);
#2603 = CARTESIAN_POINT('',(0.,2.6));
#2604 = CARTESIAN_POINT('',(8.963145175579E-02,2.6));
#2605 = CARTESIAN_POINT('',(0.178361869517,2.598539090462));
#2606 = CARTESIAN_POINT('',(0.265860245172,2.595668201215));
#2607 = CARTESIAN_POINT('',(0.351768154744,2.591591198935));
#2608 = CARTESIAN_POINT('',(0.435662561532,2.586627991186));
#2609 = CARTESIAN_POINT('',(0.516993781176,2.581152482654));
#2610 = CARTESIAN_POINT('',(0.688218235664,2.568756820853));
#2611 = CARTESIAN_POINT('',(0.777871603825,2.561677837141));
#2612 = CARTESIAN_POINT('',(0.8645353356,2.554691668874));
#2613 = CARTESIAN_POINT('',(0.948672251904,2.548117986692));
#2614 = CARTESIAN_POINT('',(1.030694200734,2.542182609932));
#2615 = CARTESIAN_POINT('',(1.111001246104,2.537036316591));
#2616 = CARTESIAN_POINT('',(1.32144851613,2.525704704081));
#2617 = CARTESIAN_POINT('',(1.449255566898,2.521098960273));
#2618 = CARTESIAN_POINT('',(1.575383681716,2.519432086472));
#2619 = CARTESIAN_POINT('',(1.701379596009,2.520824277854));
#2620 = CARTESIAN_POINT('',(1.82877689665,2.525228651991));
#2621 = CARTESIAN_POINT('',(1.959116682389,2.532370771648));
#2622 = CARTESIAN_POINT('',(2.17516666387,2.5469683276));
#2623 = CARTESIAN_POINT('',(2.257940793083,2.553154323449));
#2624 = CARTESIAN_POINT('',(2.343009576641,2.559908963541));
#2625 = CARTESIAN_POINT('',(2.430675060464,2.566997255121));
#2626 = CARTESIAN_POINT('',(2.521294046359,2.574096114865));
#2627 = CARTESIAN_POINT('',(2.615277231503,2.580776787641));
#2628 = CARTESIAN_POINT('',(2.802871985104,2.591830641776));
#2629 = CARTESIAN_POINT('',(2.896566424801,2.596392260884));
#2630 = CARTESIAN_POINT('',(2.992700653299,2.599710428958));
#2631 = CARTESIAN_POINT('',(3.090106843108,2.601328395905));
#2632 = CARTESIAN_POINT('',(3.187787136196,2.60106325084));
#2633 = CARTESIAN_POINT('',(3.284702947625,2.599056726642));
#2634 = CARTESIAN_POINT('',(3.4852224937,2.591893720072));
#2635 = CARTESIAN_POINT('',(3.586890642008,2.58645767557));
#2636 = CARTESIAN_POINT('',(3.68504904025,2.579861087321));
#2637 = CARTESIAN_POINT('',(3.779948693275,2.572657499809));
#2638 = CARTESIAN_POINT('',(3.871737796614,2.56534099748));
#2639 = CARTESIAN_POINT('',(3.960444476138,2.558303023535));
#2640 = CARTESIAN_POINT('',(4.147739933917,2.544104589114));
#2641 = CARTESIAN_POINT('',(4.246081075776,2.537092820389));
#2642 = CARTESIAN_POINT('',(4.341846166907,2.531188224684));
#2643 = CARTESIAN_POINT('',(4.435706822756,2.52663023356));
#2644 = CARTESIAN_POINT('',(4.52831976731,2.523547381311));
#2645 = CARTESIAN_POINT('',(4.620315003206,2.522003697758));
#2646 = CARTESIAN_POINT('',(4.785631499965,2.522003697758));
#2647 = CARTESIAN_POINT('',(4.858849914199,2.522980562208));
#2648 = CARTESIAN_POINT('',(4.932372938144,2.524932952539));
#2649 = CARTESIAN_POINT('',(5.006520949232,2.527835031855));
#2650 = CARTESIAN_POINT('',(5.081611010288,2.53163385634));
#2651 = CARTESIAN_POINT('',(5.157974557874,2.536239933195));
#2652 = CARTESIAN_POINT('',(5.322284561414,2.547341644261));
#2653 = CARTESIAN_POINT('',(5.41095546105,2.554009998336));
#2654 = CARTESIAN_POINT('',(5.502309102849,2.561320245706));
#2655 = CARTESIAN_POINT('',(5.5966717562,2.568974313954));
#2656 = CARTESIAN_POINT('',(5.694450257216,2.576556686311));
#2657 = CARTESIAN_POINT('',(5.796121586826,2.583514090143));
#2658 = CARTESIAN_POINT('',(5.954632343824,2.592042262954));
#2659 = CARTESIAN_POINT('',(6.007938572427,2.594551018266));
#2660 = CARTESIAN_POINT('',(6.062075595704,2.59666780577));
#2661 = CARTESIAN_POINT('',(6.116844641818,2.598315971401));
#2662 = CARTESIAN_POINT('',(6.172066567691,2.599437745875));
#2663 = CARTESIAN_POINT('',(6.227570971832,2.6));
#2664 = CARTESIAN_POINT('',(6.28318530718,2.6));
#2665 = ( GEOMETRIC_REPRESENTATION_CONTEXT(2) 
PARAMETRIC_REPRESENTATION_CONTEXT() REPRESENTATION_CONTEXT('2D SPACE',''
  ) );
#2666 = PCURVE('',#1592,#2667);
#2667 = DEFINITIONAL_REPRESENTATION('',(#2668),#2731);
#2668 = B_SPLINE_CURVE_WITH_KNOTS('',7,(#2669,#2670,#2671,#2672,#2673,
    #2674,#2675,#2676,#2677,#2678,#2679,#2680,#2681,#2682,#2683,#2684,
    #2685,#2686,#2687,#2688,#2689,#2690,#2691,#2692,#2693,#2694,#2695,
    #2696,#2697,#2698,#2699,#2700,#2701,#2702,#2703,#2704,#2705,#2706,
    #2707,#2708,#2709,#2710,#2711,#2712,#2713,#2714,#2715,#2716,#2717,
    #2718,#2719,#2720,#2721,#2722,#2723,#2724,#2725,#2726,#2727,#2728,
    #2729,#2730),.UNSPECIFIED.,.T.,.F.,(8,6,6,6,6,6,6,6,6,6,8),(0.,
    8.234492975341E-02,0.180751193693,0.344501711857,0.442273293194,
    0.531818966566,0.631501017201,0.750063906705,0.84437768593,
    0.948705902853,1.),.UNSPECIFIED.);
#2669 = CARTESIAN_POINT('',(5.103342732831,4.35));
#2670 = CARTESIAN_POINT('',(5.107577289607,4.35));
#2671 = CARTESIAN_POINT('',(5.111769282928,4.380930025219));
#2672 = CARTESIAN_POINT('',(5.115847601897,4.441671532325));
#2673 = CARTESIAN_POINT('',(5.119744977055,4.52982446027));
#2674 = CARTESIAN_POINT('',(5.12340250661,4.641787723183));
#2675 = CARTESIAN_POINT('',(5.126773480565,4.772823794207));
#2676 = CARTESIAN_POINT('',(5.133475015275,5.089533402026));
#2677 = CARTESIAN_POINT('',(5.13671577099,5.283067950356));
#2678 = CARTESIAN_POINT('',(5.139556616491,5.492524045579));
#2679 = CARTESIAN_POINT('',(5.142011756354,5.713971255307));
#2680 = CARTESIAN_POINT('',(5.144097325432,5.944402095265));
#2681 = CARTESIAN_POINT('',(5.145828294536,6.181500718981));
#2682 = CARTESIAN_POINT('',(5.149527067243,6.826229959355));
#2683 = CARTESIAN_POINT('',(5.150888608205,7.242506200627));
#2684 = CARTESIAN_POINT('',(5.151358624979,7.664534629489));
#2685 = CARTESIAN_POINT('',(5.150957855347,8.087302757));
#2686 = CARTESIAN_POINT('',(5.149674659752,8.505667139444));
#2687 = CARTESIAN_POINT('',(5.147466973912,8.913389990586));
#2688 = CARTESIAN_POINT('',(5.142359153997,9.530835739669));
#2689 = CARTESIAN_POINT('',(5.14009071812,9.754836212957));
#2690 = CARTESIAN_POINT('',(5.137449159864,9.969252518639));
#2691 = CARTESIAN_POINT('',(5.134421751954,10.170714975211));
#2692 = CARTESIAN_POINT('',(5.130999158286,10.355140017793));
#2693 = CARTESIAN_POINT('',(5.127178642565,10.517554941437));
#2694 = CARTESIAN_POINT('',(5.119115253753,10.774722875557));
#2695 = CARTESIAN_POINT('',(5.114904138038,10.875002430296));
#2696 = CARTESIAN_POINT('',(5.110425293148,10.944299764663));
#2697 = CARTESIAN_POINT('',(5.105791315439,10.977454769314));
#2698 = CARTESIAN_POINT('',(5.101127833148,10.972516190277));
#2699 = CARTESIAN_POINT('',(5.096561139912,10.9308023595));
#2700 = CARTESIAN_POINT('',(5.087354243694,10.774797252886));
#2701 = CARTESIAN_POINT('',(5.082830827139,10.653952843456));
#2702 = CARTESIAN_POINT('',(5.078681927497,10.501224753967));
#2703 = CARTESIAN_POINT('',(5.074935987846,10.322810336822));
#2704 = CARTESIAN_POINT('',(5.071607289643,10.12451588968));
#2705 = CARTESIAN_POINT('',(5.068697867647,9.911829020391));
#2706 = CARTESIAN_POINT('',(5.063224247717,9.42598924547));
#2707 = CARTESIAN_POINT('',(5.060798745245,9.146256258982));
#2708 = CARTESIAN_POINT('',(5.058893399455,8.855996594893));
#2709 = CARTESIAN_POINT('',(5.057483018557,8.558842537428));
#2710 = CARTESIAN_POINT('',(5.05654883061,8.257428766424));
#2711 = CARTESIAN_POINT('',(5.056081045829,7.95384412469));
#2712 = CARTESIAN_POINT('',(5.056081045829,7.408299685387));
#2713 = CARTESIAN_POINT('',(5.056377059954,7.166679744309));
#2714 = CARTESIAN_POINT('',(5.056968712774,6.926168769479));
#2715 = CARTESIAN_POINT('',(5.057859773191,6.687830802517));
#2716 = CARTESIAN_POINT('',(5.059057562185,6.452905552014));
#2717 = CARTESIAN_POINT('',(5.060572347182,6.222952657598));
#2718 = CARTESIAN_POINT('',(5.06445693862,5.753373754962));
#2719 = CARTESIAN_POINT('',(5.066908859742,5.514297663633));
#2720 = CARTESIAN_POINT('',(5.069790080554,5.286314299342));
#2721 = CARTESIAN_POINT('',(5.07311498075,5.073741317213));
#2722 = CARTESIAN_POINT('',(5.076892435902,4.881776302109));
#2723 = CARTESIAN_POINT('',(5.081121500155,4.71671788954));
#2724 = CARTESIAN_POINT('',(5.088074838464,4.522306648798));
#2725 = CARTESIAN_POINT('',(5.090469022525,4.466683656077));
#2726 = CARTESIAN_POINT('',(5.092949343606,4.42079669552));
#2727 = CARTESIAN_POINT('',(5.095497364594,4.385638726133));
#2728 = CARTESIAN_POINT('',(5.09809302701,4.361907958501));
#2729 = CARTESIAN_POINT('',(5.100715283917,4.35));
#2730 = CARTESIAN_POINT('',(5.103342732831,4.35));
#2731 = ( GEOMETRIC_REPRESENTATION_CONTEXT(2) 
PARAMETRIC_REPRESENTATION_CONTEXT() REPRESENTATION_CONTEXT('2D SPACE',''
  ) );
#2732 = ORIENTED_EDGE('',*,*,#2512,.T.);
#2733 = ADVANCED_FACE('',(#2734),#1277,.F.);
#2734 = FACE_BOUND('',#2735,.F.);
#2735 = EDGE_LOOP('',(#2736,#2737,#2760,#2958));
#2736 = ORIENTED_EDGE('',*,*,#1143,.F.);
#2737 = ORIENTED_EDGE('',*,*,#2738,.F.);
#2738 = EDGE_CURVE('',#2739,#1144,#2741,.T.);
#2739 = VERTEX_POINT('',#2740);
#2740 = CARTESIAN_POINT('',(69.23640548657,-9.23810885946,-1.15));
#2741 = SEAM_CURVE('',#2742,(#2746,#2753),.PCURVE_S1.);
#2742 = LINE('',#2743,#2744);
#2743 = CARTESIAN_POINT('',(66.659245081916,-8.894242244792,-1.15));
#2744 = VECTOR('',#2745,1.);
#2745 = DIRECTION('',(0.991215540252,-0.132256390257,2.22044604925E-16)
  );
#2746 = PCURVE('',#1277,#2747);
#2747 = DEFINITIONAL_REPRESENTATION('',(#2748),#2752);
#2748 = LINE('',#2749,#2750);
#2749 = CARTESIAN_POINT('',(6.28318530718,-0.));
#2750 = VECTOR('',#2751,1.);
#2751 = DIRECTION('',(0.,1.));
#2752 = ( GEOMETRIC_REPRESENTATION_CONTEXT(2) 
PARAMETRIC_REPRESENTATION_CONTEXT() REPRESENTATION_CONTEXT('2D SPACE',''
  ) );
#2753 = PCURVE('',#1277,#2754);
#2754 = DEFINITIONAL_REPRESENTATION('',(#2755),#2759);
#2755 = LINE('',#2756,#2757);
#2756 = CARTESIAN_POINT('',(0.,-0.));
#2757 = VECTOR('',#2758,1.);
#2758 = DIRECTION('',(0.,1.));
#2759 = ( GEOMETRIC_REPRESENTATION_CONTEXT(2) 
PARAMETRIC_REPRESENTATION_CONTEXT() REPRESENTATION_CONTEXT('2D SPACE',''
  ) );
#2760 = ORIENTED_EDGE('',*,*,#2761,.T.);
#2761 = EDGE_CURVE('',#2739,#2739,#2762,.T.);
#2762 = SURFACE_CURVE('',#2763,(#2826,#2892),.PCURVE_S1.);
#2763 = B_SPLINE_CURVE_WITH_KNOTS('',7,(#2764,#2765,#2766,#2767,#2768,
    #2769,#2770,#2771,#2772,#2773,#2774,#2775,#2776,#2777,#2778,#2779,
    #2780,#2781,#2782,#2783,#2784,#2785,#2786,#2787,#2788,#2789,#2790,
    #2791,#2792,#2793,#2794,#2795,#2796,#2797,#2798,#2799,#2800,#2801,
    #2802,#2803,#2804,#2805,#2806,#2807,#2808,#2809,#2810,#2811,#2812,
    #2813,#2814,#2815,#2816,#2817,#2818,#2819,#2820,#2821,#2822,#2823,
    #2824,#2825),.UNSPECIFIED.,.T.,.F.,(8,6,6,6,6,6,6,6,6,6,8),(0.,
    8.234492954502E-02,0.180751193323,0.344501711217,0.442273292667,
    0.531818967601,0.631501021383,0.750063911569,0.84437768894,
    0.948705903841,1.),.UNSPECIFIED.);
#2764 = CARTESIAN_POINT('',(69.23640548657,-9.23810885946,-1.15));
#2765 = CARTESIAN_POINT('',(69.275524783067,-8.944923369246,-1.15));
#2766 = CARTESIAN_POINT('',(69.312802796556,-8.654491612067,
    -1.119069974734));
#2767 = CARTESIAN_POINT('',(69.347631939604,-8.371752328065,
    -1.058328467692));
#2768 = CARTESIAN_POINT('',(69.379591783419,-8.101397934894,
    -0.97017553982));
#2769 = CARTESIAN_POINT('',(69.408454868619,-7.847552005205,
    -0.858212276848));
#2770 = CARTESIAN_POINT('',(69.434160623859,-7.613495620146,
    -0.727176205665));
#2771 = CARTESIAN_POINT('',(69.483761648321,-7.148028749806,
    -0.410466597974));
#2772 = CARTESIAN_POINT('',(69.506669004864,-6.922821397284,
    -0.216932049644));
#2773 = CARTESIAN_POINT('',(69.525972244127,-6.725327431577,
    -7.47595442138E-03));
#2774 = CARTESIAN_POINT('',(69.542120622661,-6.554596883961,
    0.213971255307));
#2775 = CARTESIAN_POINT('',(69.555488154851,-6.409534083099,
    0.444402095265));
#2776 = CARTESIAN_POINT('',(69.566363471715,-6.289115883342,
    0.681500718981));
#2777 = CARTESIAN_POINT('',(69.589268184452,-6.031773915566,
    1.326229959355));
#2778 = CARTESIAN_POINT('',(69.597266333339,-5.937006220386,
    1.742506200627));
#2779 = CARTESIAN_POINT('',(69.59995050322,-5.90428595113,2.164534629488
    ));
#2780 = CARTESIAN_POINT('',(69.597632705953,-5.932183491999,2.587302757)
  );
#2781 = CARTESIAN_POINT('',(69.590158483129,-6.021501973539,
    3.005667139444));
#2782 = CARTESIAN_POINT('',(69.576864612502,-6.175136975768,
    3.413389990586));
#2783 = CARTESIAN_POINT('',(69.544186852178,-6.530418559734,
    4.030835740312));
#2784 = CARTESIAN_POINT('',(69.529378389736,-6.68817557925,
    4.254836212899));
#2785 = CARTESIAN_POINT('',(69.511686924808,-6.871839256978,
    4.469252518128));
#2786 = CARTESIAN_POINT('',(69.490760874634,-7.082267786421,
    4.67071497492));
#2787 = CARTESIAN_POINT('',(69.46619254781,-7.320073816434,
    4.855140017993));
#2788 = CARTESIAN_POINT('',(69.437530738685,-7.585397127688,
    5.017554941737));
#2789 = CARTESIAN_POINT('',(69.374011374067,-8.14503160258,
    5.274722877287));
#2790 = CARTESIAN_POINT('',(69.339634541764,-8.437164703085,
    5.375002428188));
#2791 = CARTESIAN_POINT('',(69.30154895921,-8.747691773634,
    5.444299764172));
#2792 = CARTESIAN_POINT('',(69.260342850951,-9.068750754717,
    5.477454770873));
#2793 = CARTESIAN_POINT('',(69.21699719124,-9.391606582798,
    5.472516190661));
#2794 = CARTESIAN_POINT('',(69.172821036054,-9.707519992969,
    5.430802358458));
#2795 = CARTESIAN_POINT('',(69.080671919802,-10.34398549277,
    5.274797252886));
#2796 = CARTESIAN_POINT('',(69.033501229051,-10.65641105599,
    5.153952843456));
#2797 = CARTESIAN_POINT('',(68.988643665857,-10.94272558047,
    5.001224753967));
#2798 = CARTESIAN_POINT('',(68.946910540012,-11.20103397148,
    4.822810336823));
#2799 = CARTESIAN_POINT('',(68.908922399958,-11.43042124252,
    4.624515889679));
#2800 = CARTESIAN_POINT('',(68.875084732427,-11.63080814183,
    4.411829020391));
#2801 = CARTESIAN_POINT('',(68.810480007711,-12.00764265843,
    3.925989252283));
#2802 = CARTESIAN_POINT('',(68.781141769918,-12.17450603439,
    3.646256243618));
#2803 = CARTESIAN_POINT('',(68.757704522807,-12.30551497042,
    3.355996602381));
#2804 = CARTESIAN_POINT('',(68.740171258182,-12.40245737392,
    3.058842550243));
#2805 = CARTESIAN_POINT('',(68.728494996809,-12.46665721956,
    2.757428747936));
#2806 = CARTESIAN_POINT('',(68.722648251858,-12.4988046329,
    2.453844132408));
#2807 = CARTESIAN_POINT('',(68.722648251858,-12.4988046329,
    1.908299685387));
#2808 = CARTESIAN_POINT('',(68.726348091783,-12.47846176421,
    1.666679744309));
#2809 = CARTESIAN_POINT('',(68.733742982977,-12.43780179513,
    1.426168769479));
#2810 = CARTESIAN_POINT('',(68.7448423294,-12.37655889163,1.187830802517
    ));
#2811 = CARTESIAN_POINT('',(68.759661695122,-12.29421609447,
    0.952905552014));
#2812 = CARTESIAN_POINT('',(68.778207840489,-12.19004607579,
    0.722952657597));
#2813 = CARTESIAN_POINT('',(68.825068258147,-11.92278441025,
    0.253373754897));
#2814 = CARTESIAN_POINT('',(68.854312016574,-11.75403253602,
    1.429766364101E-02));
#2815 = CARTESIAN_POINT('',(68.888157670373,-11.55564446119,
    -0.213685700607));
#2816 = CARTESIAN_POINT('',(68.926443953131,-11.32657507452,
    -0.426258682759));
#2817 = CARTESIAN_POINT('',(68.968842497445,-11.06614362328,
    -0.618223697913));
#2818 = CARTESIAN_POINT('',(69.014797205512,-10.77433453281,
    -0.783282110487));
#2819 = CARTESIAN_POINT('',(69.08747625603,-10.29411250806,
    -0.977693351196));
#2820 = CARTESIAN_POINT('',(69.112078287789,-10.12869773418,
    -1.033316343925));
#2821 = CARTESIAN_POINT('',(69.137088395391,-9.957260877555,
    -1.079203304484));
#2822 = CARTESIAN_POINT('',(69.162260160684,-9.781069169486,
    -1.114361273867));
#2823 = CARTESIAN_POINT('',(69.187350815456,-9.601505275407,
    -1.138092041495));
#2824 = CARTESIAN_POINT('',(69.212132827481,-9.420023977854,-1.15));
#2825 = CARTESIAN_POINT('',(69.23640548657,-9.23810885946,-1.15));
#2826 = PCURVE('',#1277,#2827);
#2827 = DEFINITIONAL_REPRESENTATION('',(#2828),#2891);
#2828 = B_SPLINE_CURVE_WITH_KNOTS('',7,(#2829,#2830,#2831,#2832,#2833,
    #2834,#2835,#2836,#2837,#2838,#2839,#2840,#2841,#2842,#2843,#2844,
    #2845,#2846,#2847,#2848,#2849,#2850,#2851,#2852,#2853,#2854,#2855,
    #2856,#2857,#2858,#2859,#2860,#2861,#2862,#2863,#2864,#2865,#2866,
    #2867,#2868,#2869,#2870,#2871,#2872,#2873,#2874,#2875,#2876,#2877,
    #2878,#2879,#2880,#2881,#2882,#2883,#2884,#2885,#2886,#2887,#2888,
    #2889,#2890),.UNSPECIFIED.,.F.,.F.,(8,6,6,6,6,6,6,6,6,6,8),(0.,
    8.234492954502E-02,0.180751193323,0.344501711217,0.442273292667,
    0.531818967601,0.631501021383,0.750063911569,0.84437768894,
    0.948705903841,1.),.UNSPECIFIED.);
#2829 = CARTESIAN_POINT('',(0.,2.6));
#2830 = CARTESIAN_POINT('',(8.963145182432E-02,2.6));
#2831 = CARTESIAN_POINT('',(0.178361869526,2.59853909046));
#2832 = CARTESIAN_POINT('',(0.265860245121,2.595668201216));
#2833 = CARTESIAN_POINT('',(0.351768154688,2.591591198939));
#2834 = CARTESIAN_POINT('',(0.435662561534,2.586627991187));
#2835 = CARTESIAN_POINT('',(0.516993781246,2.581152482649));
#2836 = CARTESIAN_POINT('',(0.688218235664,2.568756820853));
#2837 = CARTESIAN_POINT('',(0.777871603825,2.561677837141));
#2838 = CARTESIAN_POINT('',(0.8645353356,2.554691668874));
#2839 = CARTESIAN_POINT('',(0.948672251904,2.548117986692));
#2840 = CARTESIAN_POINT('',(1.030694200734,2.542182609932));
#2841 = CARTESIAN_POINT('',(1.111001246104,2.537036316591));
#2842 = CARTESIAN_POINT('',(1.32144851613,2.525704704081));
#2843 = CARTESIAN_POINT('',(1.449255566898,2.521098960273));
#2844 = CARTESIAN_POINT('',(1.575383681716,2.519432086472));
#2845 = CARTESIAN_POINT('',(1.701379596009,2.520824277854));
#2846 = CARTESIAN_POINT('',(1.82877689665,2.525228651991));
#2847 = CARTESIAN_POINT('',(1.959116682389,2.532370771648));
#2848 = CARTESIAN_POINT('',(2.175166664095,2.546968327615));
#2849 = CARTESIAN_POINT('',(2.257940793088,2.553154323453));
#2850 = CARTESIAN_POINT('',(2.343009576456,2.559908963525));
#2851 = CARTESIAN_POINT('',(2.430675060302,2.566997255107));
#2852 = CARTESIAN_POINT('',(2.521294046396,2.574096114872));
#2853 = CARTESIAN_POINT('',(2.615277231723,2.580776787654));
#2854 = CARTESIAN_POINT('',(2.802871986366,2.59183064185));
#2855 = CARTESIAN_POINT('',(2.89656642167,2.596392260794));
#2856 = CARTESIAN_POINT('',(2.992700655261,2.599710428935));
#2857 = CARTESIAN_POINT('',(3.090106845012,2.601328395973));
#2858 = CARTESIAN_POINT('',(3.187787132993,2.60106325086));
#2859 = CARTESIAN_POINT('',(3.284702948965,2.599056726594));
#2860 = CARTESIAN_POINT('',(3.4852224937,2.591893720072));
#2861 = CARTESIAN_POINT('',(3.586890642008,2.58645767557));
#2862 = CARTESIAN_POINT('',(3.685049040251,2.579861087321));
#2863 = CARTESIAN_POINT('',(3.779948693275,2.572657499809));
#2864 = CARTESIAN_POINT('',(3.871737796614,2.56534099748));
#2865 = CARTESIAN_POINT('',(3.960444476138,2.558303023535));
#2866 = CARTESIAN_POINT('',(4.14773993129,2.544104589313));
#2867 = CARTESIAN_POINT('',(4.246081081869,2.537092819859));
#2868 = CARTESIAN_POINT('',(4.341846163006,2.531188225273));
#2869 = CARTESIAN_POINT('',(4.435706819821,2.526630233255));
#2870 = CARTESIAN_POINT('',(4.528319772669,2.52354738137));
#2871 = CARTESIAN_POINT('',(4.620315000867,2.522003697758));
#2872 = CARTESIAN_POINT('',(4.785631499964,2.522003697758));
#2873 = CARTESIAN_POINT('',(4.858849914199,2.522980562208));
#2874 = CARTESIAN_POINT('',(4.932372938144,2.524932952539));
#2875 = CARTESIAN_POINT('',(5.006520949232,2.527835031855));
#2876 = CARTESIAN_POINT('',(5.081611010288,2.53163385634));
#2877 = CARTESIAN_POINT('',(5.157974557874,2.536239933195));
#2878 = CARTESIAN_POINT('',(5.322284561437,2.547341644262));
#2879 = CARTESIAN_POINT('',(5.41095546105,2.554009998336));
#2880 = CARTESIAN_POINT('',(5.50230910283,2.561320245705));
#2881 = CARTESIAN_POINT('',(5.596671756184,2.568974313953));
#2882 = CARTESIAN_POINT('',(5.69445025722,2.576556686312));
#2883 = CARTESIAN_POINT('',(5.796121586848,2.583514090144));
#2884 = CARTESIAN_POINT('',(5.95463234382,2.592042262954));
#2885 = CARTESIAN_POINT('',(6.007938572432,2.594551018266));
#2886 = CARTESIAN_POINT('',(6.062075595708,2.59666780577));
#2887 = CARTESIAN_POINT('',(6.116844641815,2.598315971401));
#2888 = CARTESIAN_POINT('',(6.172066567686,2.599437745875));
#2889 = CARTESIAN_POINT('',(6.227570971837,2.6));
#2890 = CARTESIAN_POINT('',(6.28318530718,2.6));
#2891 = ( GEOMETRIC_REPRESENTATION_CONTEXT(2) 
PARAMETRIC_REPRESENTATION_CONTEXT() REPRESENTATION_CONTEXT('2D SPACE',''
  ) );
#2892 = PCURVE('',#1592,#2893);
#2893 = DEFINITIONAL_REPRESENTATION('',(#2894),#2957);
#2894 = B_SPLINE_CURVE_WITH_KNOTS('',7,(#2895,#2896,#2897,#2898,#2899,
    #2900,#2901,#2902,#2903,#2904,#2905,#2906,#2907,#2908,#2909,#2910,
    #2911,#2912,#2913,#2914,#2915,#2916,#2917,#2918,#2919,#2920,#2921,
    #2922,#2923,#2924,#2925,#2926,#2927,#2928,#2929,#2930,#2931,#2932,
    #2933,#2934,#2935,#2936,#2937,#2938,#2939,#2940,#2941,#2942,#2943,
    #2944,#2945,#2946,#2947,#2948,#2949,#2950,#2951,#2952,#2953,#2954,
    #2955,#2956),.UNSPECIFIED.,.T.,.F.,(8,6,6,6,6,6,6,6,6,6,8),(0.,
    8.234492954502E-02,0.180751193323,0.344501711217,0.442273292667,
    0.531818967601,0.631501021383,0.750063911569,0.84437768894,
    0.948705903841,1.),.UNSPECIFIED.);
#2895 = CARTESIAN_POINT('',(6.150540284028,4.35));
#2896 = CARTESIAN_POINT('',(6.154774840807,4.35));
#2897 = CARTESIAN_POINT('',(6.158966834125,4.380930025266));
#2898 = CARTESIAN_POINT('',(6.163045153091,4.441671532308));
#2899 = CARTESIAN_POINT('',(6.166942528249,4.52982446018));
#2900 = CARTESIAN_POINT('',(6.170600057807,4.641787723152));
#2901 = CARTESIAN_POINT('',(6.173971031764,4.772823794335));
#2902 = CARTESIAN_POINT('',(6.180672566472,5.089533402026));
#2903 = CARTESIAN_POINT('',(6.183913322187,5.283067950356));
#2904 = CARTESIAN_POINT('',(6.186754167687,5.492524045579));
#2905 = CARTESIAN_POINT('',(6.189209307551,5.713971255307));
#2906 = CARTESIAN_POINT('',(6.191294876628,5.944402095265));
#2907 = CARTESIAN_POINT('',(6.193025845733,6.181500718981));
#2908 = CARTESIAN_POINT('',(6.19672461844,6.826229959355));
#2909 = CARTESIAN_POINT('',(6.198086159401,7.242506200627));
#2910 = CARTESIAN_POINT('',(6.198556176176,7.664534629488));
#2911 = CARTESIAN_POINT('',(6.198155406543,8.087302757));
#2912 = CARTESIAN_POINT('',(6.196872210949,8.505667139444));
#2913 = CARTESIAN_POINT('',(6.194664525108,8.913389990586));
#2914 = CARTESIAN_POINT('',(6.189556705189,9.530835740312));
#2915 = CARTESIAN_POINT('',(6.187288269315,9.754836212899));
#2916 = CARTESIAN_POINT('',(6.184646711066,9.969252518128));
#2917 = CARTESIAN_POINT('',(6.181619303158,10.170714974919));
#2918 = CARTESIAN_POINT('',(6.178196709482,10.355140017993));
#2919 = CARTESIAN_POINT('',(6.174376193752,10.517554941737));
#2920 = CARTESIAN_POINT('',(6.166312804895,10.774722877287));
#2921 = CARTESIAN_POINT('',(6.162101689374,10.875002428188));
#2922 = CARTESIAN_POINT('',(6.157622844254,10.944299764172));
#2923 = CARTESIAN_POINT('',(6.152988866551,10.977454770873));
#2924 = CARTESIAN_POINT('',(6.14832538449,10.972516190661));
#2925 = CARTESIAN_POINT('',(6.143758691047,10.930802358458));
#2926 = CARTESIAN_POINT('',(6.134551794891,10.774797252886));
#2927 = CARTESIAN_POINT('',(6.130028378336,10.653952843456));
#2928 = CARTESIAN_POINT('',(6.125879478694,10.501224753967));
#2929 = CARTESIAN_POINT('',(6.122133539043,10.322810336823));
#2930 = CARTESIAN_POINT('',(6.118804840839,10.124515889679));
#2931 = CARTESIAN_POINT('',(6.115895418844,9.911829020391));
#2932 = CARTESIAN_POINT('',(6.110421798991,9.425989252283));
#2933 = CARTESIAN_POINT('',(6.107996296239,9.146256243618));
#2934 = CARTESIAN_POINT('',(6.106090950877,8.855996602382));
#2935 = CARTESIAN_POINT('',(6.104680569633,8.558842550242));
#2936 = CARTESIAN_POINT('',(6.103746381833,8.257428747936));
#2937 = CARTESIAN_POINT('',(6.103278597026,7.953844132408));
#2938 = CARTESIAN_POINT('',(6.103278597026,7.408299685387));
#2939 = CARTESIAN_POINT('',(6.103574611151,7.166679744309));
#2940 = CARTESIAN_POINT('',(6.104166263971,6.926168769479));
#2941 = CARTESIAN_POINT('',(6.105057324387,6.687830802517));
#2942 = CARTESIAN_POINT('',(6.106255113382,6.452905552014));
#2943 = CARTESIAN_POINT('',(6.107769898379,6.222952657597));
#2944 = CARTESIAN_POINT('',(6.111654489817,5.753373754897));
#2945 = CARTESIAN_POINT('',(6.114106410939,5.514297663641));
#2946 = CARTESIAN_POINT('',(6.11698763175,5.286314299393));
#2947 = CARTESIAN_POINT('',(6.120312531946,5.073741317241));
#2948 = CARTESIAN_POINT('',(6.124089987098,4.881776302087));
#2949 = CARTESIAN_POINT('',(6.128319051352,4.716717889513));
#2950 = CARTESIAN_POINT('',(6.13527238966,4.522306648804));
#2951 = CARTESIAN_POINT('',(6.137666573722,4.466683656075));
#2952 = CARTESIAN_POINT('',(6.140146894803,4.420796695516));
#2953 = CARTESIAN_POINT('',(6.142694915791,4.385638726133));
#2954 = CARTESIAN_POINT('',(6.145290578206,4.361907958505));
#2955 = CARTESIAN_POINT('',(6.147912835114,4.35));
#2956 = CARTESIAN_POINT('',(6.150540284028,4.35));
#2957 = ( GEOMETRIC_REPRESENTATION_CONTEXT(2) 
PARAMETRIC_REPRESENTATION_CONTEXT() REPRESENTATION_CONTEXT('2D SPACE',''
  ) );
#2958 = ORIENTED_EDGE('',*,*,#2738,.T.);
#2959 = ADVANCED_FACE('',(#2960),#1371,.F.);
#2960 = FACE_BOUND('',#2961,.F.);
#2961 = EDGE_LOOP('',(#2962,#2991,#3012,#3013));
#2962 = ORIENTED_EDGE('',*,*,#2963,.F.);
#2963 = EDGE_CURVE('',#2964,#2964,#2966,.T.);
#2964 = VERTEX_POINT('',#2965);
#2965 = CARTESIAN_POINT('',(14.413483370684,-63.02769619278,-5.5));
#2966 = SURFACE_CURVE('',#2967,(#2972,#2979),.PCURVE_S1.);
#2967 = CIRCLE('',#2968,3.3);
#2968 = AXIS2_PLACEMENT_3D('',#2969,#2970,#2971);
#2969 = CARTESIAN_POINT('',(11.113483370684,-63.02769619278,-5.5));
#2970 = DIRECTION('',(0.,0.,1.));
#2971 = DIRECTION('',(1.,0.,-0.));
#2972 = PCURVE('',#1371,#2973);
#2973 = DEFINITIONAL_REPRESENTATION('',(#2974),#2978);
#2974 = LINE('',#2975,#2976);
#2975 = CARTESIAN_POINT('',(0.,2.5));
#2976 = VECTOR('',#2977,1.);
#2977 = DIRECTION('',(1.,0.));
#2978 = ( GEOMETRIC_REPRESENTATION_CONTEXT(2) 
PARAMETRIC_REPRESENTATION_CONTEXT() REPRESENTATION_CONTEXT('2D SPACE',''
  ) );
#2979 = PCURVE('',#2980,#2985);
#2980 = PLANE('',#2981);
#2981 = AXIS2_PLACEMENT_3D('',#2982,#2983,#2984);
#2982 = CARTESIAN_POINT('',(0.,0.,-5.5));
#2983 = DIRECTION('',(0.,0.,1.));
#2984 = DIRECTION('',(1.,0.,0.));
#2985 = DEFINITIONAL_REPRESENTATION('',(#2986),#2990);
#2986 = CIRCLE('',#2987,3.3);
#2987 = AXIS2_PLACEMENT_2D('',#2988,#2989);
#2988 = CARTESIAN_POINT('',(11.113483370684,-63.02769619278));
#2989 = DIRECTION('',(1.,0.));
#2990 = ( GEOMETRIC_REPRESENTATION_CONTEXT(2) 
PARAMETRIC_REPRESENTATION_CONTEXT() REPRESENTATION_CONTEXT('2D SPACE',''
  ) );
#2991 = ORIENTED_EDGE('',*,*,#2992,.F.);
#2992 = EDGE_CURVE('',#1355,#2964,#2993,.T.);
#2993 = SEAM_CURVE('',#2994,(#2998,#3005),.PCURVE_S1.);
#2994 = LINE('',#2995,#2996);
#2995 = CARTESIAN_POINT('',(14.413483370684,-63.02769619278,-8.));
#2996 = VECTOR('',#2997,1.);
#2997 = DIRECTION('',(0.,0.,1.));
#2998 = PCURVE('',#1371,#2999);
#2999 = DEFINITIONAL_REPRESENTATION('',(#3000),#3004);
#3000 = LINE('',#3001,#3002);
#3001 = CARTESIAN_POINT('',(6.28318530718,-0.));
#3002 = VECTOR('',#3003,1.);
#3003 = DIRECTION('',(0.,1.));
#3004 = ( GEOMETRIC_REPRESENTATION_CONTEXT(2) 
PARAMETRIC_REPRESENTATION_CONTEXT() REPRESENTATION_CONTEXT('2D SPACE',''
  ) );
#3005 = PCURVE('',#1371,#3006);
#3006 = DEFINITIONAL_REPRESENTATION('',(#3007),#3011);
#3007 = LINE('',#3008,#3009);
#3008 = CARTESIAN_POINT('',(0.,-0.));
#3009 = VECTOR('',#3010,1.);
#3010 = DIRECTION('',(0.,1.));
#3011 = ( GEOMETRIC_REPRESENTATION_CONTEXT(2) 
PARAMETRIC_REPRESENTATION_CONTEXT() REPRESENTATION_CONTEXT('2D SPACE',''
  ) );
#3012 = ORIENTED_EDGE('',*,*,#1354,.T.);
#3013 = ORIENTED_EDGE('',*,*,#2992,.T.);
#3014 = ADVANCED_FACE('',(#3015),#1402,.F.);
#3015 = FACE_BOUND('',#3016,.F.);
#3016 = EDGE_LOOP('',(#3017,#3041,#3062,#3063));
#3017 = ORIENTED_EDGE('',*,*,#3018,.F.);
#3018 = EDGE_CURVE('',#3019,#3019,#3021,.T.);
#3019 = VERTEX_POINT('',#3020);
#3020 = CARTESIAN_POINT('',(44.21219330882,-41.01219330882,-5.5));
#3021 = SURFACE_CURVE('',#3022,(#3027,#3034),.PCURVE_S1.);
#3022 = CIRCLE('',#3023,3.2);
#3023 = AXIS2_PLACEMENT_3D('',#3024,#3025,#3026);
#3024 = CARTESIAN_POINT('',(41.01219330882,-41.01219330882,-5.5));
#3025 = DIRECTION('',(0.,0.,1.));
#3026 = DIRECTION('',(1.,0.,-0.));
#3027 = PCURVE('',#1402,#3028);
#3028 = DEFINITIONAL_REPRESENTATION('',(#3029),#3033);
#3029 = LINE('',#3030,#3031);
#3030 = CARTESIAN_POINT('',(0.,2.5));
#3031 = VECTOR('',#3032,1.);
#3032 = DIRECTION('',(1.,0.));
#3033 = ( GEOMETRIC_REPRESENTATION_CONTEXT(2) 
PARAMETRIC_REPRESENTATION_CONTEXT() REPRESENTATION_CONTEXT('2D SPACE',''
  ) );
#3034 = PCURVE('',#2980,#3035);
#3035 = DEFINITIONAL_REPRESENTATION('',(#3036),#3040);
#3036 = CIRCLE('',#3037,3.2);
#3037 = AXIS2_PLACEMENT_2D('',#3038,#3039);
#3038 = CARTESIAN_POINT('',(41.01219330882,-41.01219330882));
#3039 = DIRECTION('',(1.,0.));
#3040 = ( GEOMETRIC_REPRESENTATION_CONTEXT(2) 
PARAMETRIC_REPRESENTATION_CONTEXT() REPRESENTATION_CONTEXT('2D SPACE',''
  ) );
#3041 = ORIENTED_EDGE('',*,*,#3042,.F.);
#3042 = EDGE_CURVE('',#1386,#3019,#3043,.T.);
#3043 = SEAM_CURVE('',#3044,(#3048,#3055),.PCURVE_S1.);
#3044 = LINE('',#3045,#3046);
#3045 = CARTESIAN_POINT('',(44.21219330882,-41.01219330882,-8.));
#3046 = VECTOR('',#3047,1.);
#3047 = DIRECTION('',(0.,0.,1.));
#3048 = PCURVE('',#1402,#3049);
#3049 = DEFINITIONAL_REPRESENTATION('',(#3050),#3054);
#3050 = LINE('',#3051,#3052);
#3051 = CARTESIAN_POINT('',(6.28318530718,-0.));
#3052 = VECTOR('',#3053,1.);
#3053 = DIRECTION('',(0.,1.));
#3054 = ( GEOMETRIC_REPRESENTATION_CONTEXT(2) 
PARAMETRIC_REPRESENTATION_CONTEXT() REPRESENTATION_CONTEXT('2D SPACE',''
  ) );
#3055 = PCURVE('',#1402,#3056);
#3056 = DEFINITIONAL_REPRESENTATION('',(#3057),#3061);
#3057 = LINE('',#3058,#3059);
#3058 = CARTESIAN_POINT('',(0.,-0.));
#3059 = VECTOR('',#3060,1.);
#3060 = DIRECTION('',(0.,1.));
#3061 = ( GEOMETRIC_REPRESENTATION_CONTEXT(2) 
PARAMETRIC_REPRESENTATION_CONTEXT() REPRESENTATION_CONTEXT('2D SPACE',''
  ) );
#3062 = ORIENTED_EDGE('',*,*,#1385,.T.);
#3063 = ORIENTED_EDGE('',*,*,#3042,.T.);
#3064 = ADVANCED_FACE('',(#3065),#1433,.F.);
#3065 = FACE_BOUND('',#3066,.F.);
#3066 = EDGE_LOOP('',(#3067,#3091,#3112,#3113));
#3067 = ORIENTED_EDGE('',*,*,#3068,.F.);
#3068 = EDGE_CURVE('',#3069,#3069,#3071,.T.);
#3069 = VERTEX_POINT('',#3070);
#3070 = CARTESIAN_POINT('',(-53.1188496747,-10.07159430468,-5.5));
#3071 = SURFACE_CURVE('',#3072,(#3077,#3084),.PCURVE_S1.);
#3072 = CIRCLE('',#3073,4.);
#3073 = AXIS2_PLACEMENT_3D('',#3074,#3075,#3076);
#3074 = CARTESIAN_POINT('',(-57.1188496747,-10.07159430468,-5.5));
#3075 = DIRECTION('',(0.,0.,1.));
#3076 = DIRECTION('',(1.,0.,-0.));
#3077 = PCURVE('',#1433,#3078);
#3078 = DEFINITIONAL_REPRESENTATION('',(#3079),#3083);
#3079 = LINE('',#3080,#3081);
#3080 = CARTESIAN_POINT('',(0.,2.5));
#3081 = VECTOR('',#3082,1.);
#3082 = DIRECTION('',(1.,0.));
#3083 = ( GEOMETRIC_REPRESENTATION_CONTEXT(2) 
PARAMETRIC_REPRESENTATION_CONTEXT() REPRESENTATION_CONTEXT('2D SPACE',''
  ) );
#3084 = PCURVE('',#2980,#3085);
#3085 = DEFINITIONAL_REPRESENTATION('',(#3086),#3090);
#3086 = CIRCLE('',#3087,4.);
#3087 = AXIS2_PLACEMENT_2D('',#3088,#3089);
#3088 = CARTESIAN_POINT('',(-57.1188496747,-10.07159430468));
#3089 = DIRECTION('',(1.,0.));
#3090 = ( GEOMETRIC_REPRESENTATION_CONTEXT(2) 
PARAMETRIC_REPRESENTATION_CONTEXT() REPRESENTATION_CONTEXT('2D SPACE',''
  ) );
#3091 = ORIENTED_EDGE('',*,*,#3092,.F.);
#3092 = EDGE_CURVE('',#1417,#3069,#3093,.T.);
#3093 = SEAM_CURVE('',#3094,(#3098,#3105),.PCURVE_S1.);
#3094 = LINE('',#3095,#3096);
#3095 = CARTESIAN_POINT('',(-53.1188496747,-10.07159430468,-8.));
#3096 = VECTOR('',#3097,1.);
#3097 = DIRECTION('',(0.,0.,1.));
#3098 = PCURVE('',#1433,#3099);
#3099 = DEFINITIONAL_REPRESENTATION('',(#3100),#3104);
#3100 = LINE('',#3101,#3102);
#3101 = CARTESIAN_POINT('',(6.28318530718,-0.));
#3102 = VECTOR('',#3103,1.);
#3103 = DIRECTION('',(0.,1.));
#3104 = ( GEOMETRIC_REPRESENTATION_CONTEXT(2) 
PARAMETRIC_REPRESENTATION_CONTEXT() REPRESENTATION_CONTEXT('2D SPACE',''
  ) );
#3105 = PCURVE('',#1433,#3106);
#3106 = DEFINITIONAL_REPRESENTATION('',(#3107),#3111);
#3107 = LINE('',#3108,#3109);
#3108 = CARTESIAN_POINT('',(0.,-0.));
#3109 = VECTOR('',#3110,1.);
#3110 = DIRECTION('',(0.,1.));
#3111 = ( GEOMETRIC_REPRESENTATION_CONTEXT(2) 
PARAMETRIC_REPRESENTATION_CONTEXT() REPRESENTATION_CONTEXT('2D SPACE',''
  ) );
#3112 = ORIENTED_EDGE('',*,*,#1416,.T.);
#3113 = ORIENTED_EDGE('',*,*,#3092,.T.);
#3114 = ADVANCED_FACE('',(#3115),#1464,.F.);
#3115 = FACE_BOUND('',#3116,.F.);
#3116 = EDGE_LOOP('',(#3117,#3141,#3162,#3163));
#3117 = ORIENTED_EDGE('',*,*,#3118,.F.);
#3118 = EDGE_CURVE('',#3119,#3119,#3121,.T.);
#3119 = VERTEX_POINT('',#3120);
#3120 = CARTESIAN_POINT('',(-54.,6.123233995737E-15,-5.5));
#3121 = SURFACE_CURVE('',#3122,(#3127,#3134),.PCURVE_S1.);
#3122 = CIRCLE('',#3123,4.);
#3123 = AXIS2_PLACEMENT_3D('',#3124,#3125,#3126);
#3124 = CARTESIAN_POINT('',(-58.,7.102951435055E-15,-5.5));
#3125 = DIRECTION('',(0.,0.,1.));
#3126 = DIRECTION('',(1.,0.,-0.));
#3127 = PCURVE('',#1464,#3128);
#3128 = DEFINITIONAL_REPRESENTATION('',(#3129),#3133);
#3129 = LINE('',#3130,#3131);
#3130 = CARTESIAN_POINT('',(0.,2.5));
#3131 = VECTOR('',#3132,1.);
#3132 = DIRECTION('',(1.,0.));
#3133 = ( GEOMETRIC_REPRESENTATION_CONTEXT(2) 
PARAMETRIC_REPRESENTATION_CONTEXT() REPRESENTATION_CONTEXT('2D SPACE',''
  ) );
#3134 = PCURVE('',#2980,#3135);
#3135 = DEFINITIONAL_REPRESENTATION('',(#3136),#3140);
#3136 = CIRCLE('',#3137,4.);
#3137 = AXIS2_PLACEMENT_2D('',#3138,#3139);
#3138 = CARTESIAN_POINT('',(-58.,7.102951435055E-15));
#3139 = DIRECTION('',(1.,0.));
#3140 = ( GEOMETRIC_REPRESENTATION_CONTEXT(2) 
PARAMETRIC_REPRESENTATION_CONTEXT() REPRESENTATION_CONTEXT('2D SPACE',''
  ) );
#3141 = ORIENTED_EDGE('',*,*,#3142,.F.);
#3142 = EDGE_CURVE('',#1448,#3119,#3143,.T.);
#3143 = SEAM_CURVE('',#3144,(#3148,#3155),.PCURVE_S1.);
#3144 = LINE('',#3145,#3146);
#3145 = CARTESIAN_POINT('',(-54.,6.123233995737E-15,-8.));
#3146 = VECTOR('',#3147,1.);
#3147 = DIRECTION('',(0.,0.,1.));
#3148 = PCURVE('',#1464,#3149);
#3149 = DEFINITIONAL_REPRESENTATION('',(#3150),#3154);
#3150 = LINE('',#3151,#3152);
#3151 = CARTESIAN_POINT('',(6.28318530718,-0.));
#3152 = VECTOR('',#3153,1.);
#3153 = DIRECTION('',(0.,1.));
#3154 = ( GEOMETRIC_REPRESENTATION_CONTEXT(2) 
PARAMETRIC_REPRESENTATION_CONTEXT() REPRESENTATION_CONTEXT('2D SPACE',''
  ) );
#3155 = PCURVE('',#1464,#3156);
#3156 = DEFINITIONAL_REPRESENTATION('',(#3157),#3161);
#3157 = LINE('',#3158,#3159);
#3158 = CARTESIAN_POINT('',(0.,-0.));
#3159 = VECTOR('',#3160,1.);
#3160 = DIRECTION('',(0.,1.));
#3161 = ( GEOMETRIC_REPRESENTATION_CONTEXT(2) 
PARAMETRIC_REPRESENTATION_CONTEXT() REPRESENTATION_CONTEXT('2D SPACE',''
  ) );
#3162 = ORIENTED_EDGE('',*,*,#1447,.T.);
#3163 = ORIENTED_EDGE('',*,*,#3142,.T.);
#3164 = ADVANCED_FACE('',(#3165),#1495,.F.);
#3165 = FACE_BOUND('',#3166,.F.);
#3166 = EDGE_LOOP('',(#3167,#3191,#3212,#3213));
#3167 = ORIENTED_EDGE('',*,*,#3168,.F.);
#3168 = EDGE_CURVE('',#3169,#3169,#3171,.T.);
#3169 = VERTEX_POINT('',#3170);
#3170 = CARTESIAN_POINT('',(-56.84032773029,21.889289172843,-5.5));
#3171 = SURFACE_CURVE('',#3172,(#3177,#3184),.PCURVE_S1.);
#3172 = CIRCLE('',#3173,3.3);
#3173 = AXIS2_PLACEMENT_3D('',#3174,#3175,#3176);
#3174 = CARTESIAN_POINT('',(-60.14032773029,21.889289172843,-5.5));
#3175 = DIRECTION('',(0.,0.,1.));
#3176 = DIRECTION('',(1.,0.,-0.));
#3177 = PCURVE('',#1495,#3178);
#3178 = DEFINITIONAL_REPRESENTATION('',(#3179),#3183);
#3179 = LINE('',#3180,#3181);
#3180 = CARTESIAN_POINT('',(0.,2.5));
#3181 = VECTOR('',#3182,1.);
#3182 = DIRECTION('',(1.,0.));
#3183 = ( GEOMETRIC_REPRESENTATION_CONTEXT(2) 
PARAMETRIC_REPRESENTATION_CONTEXT() REPRESENTATION_CONTEXT('2D SPACE',''
  ) );
#3184 = PCURVE('',#2980,#3185);
#3185 = DEFINITIONAL_REPRESENTATION('',(#3186),#3190);
#3186 = CIRCLE('',#3187,3.3);
#3187 = AXIS2_PLACEMENT_2D('',#3188,#3189);
#3188 = CARTESIAN_POINT('',(-60.14032773029,21.889289172843));
#3189 = DIRECTION('',(1.,0.));
#3190 = ( GEOMETRIC_REPRESENTATION_CONTEXT(2) 
PARAMETRIC_REPRESENTATION_CONTEXT() REPRESENTATION_CONTEXT('2D SPACE',''
  ) );
#3191 = ORIENTED_EDGE('',*,*,#3192,.F.);
#3192 = EDGE_CURVE('',#1479,#3169,#3193,.T.);
#3193 = SEAM_CURVE('',#3194,(#3198,#3205),.PCURVE_S1.);
#3194 = LINE('',#3195,#3196);
#3195 = CARTESIAN_POINT('',(-56.84032773029,21.889289172843,-8.));
#3196 = VECTOR('',#3197,1.);
#3197 = DIRECTION('',(0.,0.,1.));
#3198 = PCURVE('',#1495,#3199);
#3199 = DEFINITIONAL_REPRESENTATION('',(#3200),#3204);
#3200 = LINE('',#3201,#3202);
#3201 = CARTESIAN_POINT('',(6.28318530718,-0.));
#3202 = VECTOR('',#3203,1.);
#3203 = DIRECTION('',(0.,1.));
#3204 = ( GEOMETRIC_REPRESENTATION_CONTEXT(2) 
PARAMETRIC_REPRESENTATION_CONTEXT() REPRESENTATION_CONTEXT('2D SPACE',''
  ) );
#3205 = PCURVE('',#1495,#3206);
#3206 = DEFINITIONAL_REPRESENTATION('',(#3207),#3211);
#3207 = LINE('',#3208,#3209);
#3208 = CARTESIAN_POINT('',(0.,-0.));
#3209 = VECTOR('',#3210,1.);
#3210 = DIRECTION('',(0.,1.));
#3211 = ( GEOMETRIC_REPRESENTATION_CONTEXT(2) 
PARAMETRIC_REPRESENTATION_CONTEXT() REPRESENTATION_CONTEXT('2D SPACE',''
  ) );
#3212 = ORIENTED_EDGE('',*,*,#1478,.T.);
#3213 = ORIENTED_EDGE('',*,*,#3192,.T.);
#3214 = ADVANCED_FACE('',(#3215),#1526,.F.);
#3215 = FACE_BOUND('',#3216,.F.);
#3216 = EDGE_LOOP('',(#3217,#3246,#3267,#3268));
#3217 = ORIENTED_EDGE('',*,*,#3218,.F.);
#3218 = EDGE_CURVE('',#3219,#3219,#3221,.T.);
#3219 = VERTEX_POINT('',#3220);
#3220 = CARTESIAN_POINT('',(36.25,-8.878689293818E-15,-5.5));
#3221 = SURFACE_CURVE('',#3222,(#3227,#3234),.PCURVE_S1.);
#3222 = CIRCLE('',#3223,36.25);
#3223 = AXIS2_PLACEMENT_3D('',#3224,#3225,#3226);
#3224 = CARTESIAN_POINT('',(0.,0.,-5.5));
#3225 = DIRECTION('',(0.,0.,1.));
#3226 = DIRECTION('',(1.,0.,0.));
#3227 = PCURVE('',#1526,#3228);
#3228 = DEFINITIONAL_REPRESENTATION('',(#3229),#3233);
#3229 = LINE('',#3230,#3231);
#3230 = CARTESIAN_POINT('',(0.,0.8));
#3231 = VECTOR('',#3232,1.);
#3232 = DIRECTION('',(1.,0.));
#3233 = ( GEOMETRIC_REPRESENTATION_CONTEXT(2) 
PARAMETRIC_REPRESENTATION_CONTEXT() REPRESENTATION_CONTEXT('2D SPACE',''
  ) );
#3234 = PCURVE('',#3235,#3240);
#3235 = PLANE('',#3236);
#3236 = AXIS2_PLACEMENT_3D('',#3237,#3238,#3239);
#3237 = CARTESIAN_POINT('',(0.,0.,-5.5));
#3238 = DIRECTION('',(0.,0.,1.));
#3239 = DIRECTION('',(1.,0.,0.));
#3240 = DEFINITIONAL_REPRESENTATION('',(#3241),#3245);
#3241 = CIRCLE('',#3242,36.25);
#3242 = AXIS2_PLACEMENT_2D('',#3243,#3244);
#3243 = CARTESIAN_POINT('',(0.,0.));
#3244 = DIRECTION('',(1.,0.));
#3245 = ( GEOMETRIC_REPRESENTATION_CONTEXT(2) 
PARAMETRIC_REPRESENTATION_CONTEXT() REPRESENTATION_CONTEXT('2D SPACE',''
  ) );
#3246 = ORIENTED_EDGE('',*,*,#3247,.F.);
#3247 = EDGE_CURVE('',#1510,#3219,#3248,.T.);
#3248 = SEAM_CURVE('',#3249,(#3253,#3260),.PCURVE_S1.);
#3249 = LINE('',#3250,#3251);
#3250 = CARTESIAN_POINT('',(36.25,-8.878689293818E-15,-6.3));
#3251 = VECTOR('',#3252,1.);
#3252 = DIRECTION('',(0.,0.,1.));
#3253 = PCURVE('',#1526,#3254);
#3254 = DEFINITIONAL_REPRESENTATION('',(#3255),#3259);
#3255 = LINE('',#3256,#3257);
#3256 = CARTESIAN_POINT('',(6.28318530718,-0.));
#3257 = VECTOR('',#3258,1.);
#3258 = DIRECTION('',(0.,1.));
#3259 = ( GEOMETRIC_REPRESENTATION_CONTEXT(2) 
PARAMETRIC_REPRESENTATION_CONTEXT() REPRESENTATION_CONTEXT('2D SPACE',''
  ) );
#3260 = PCURVE('',#1526,#3261);
#3261 = DEFINITIONAL_REPRESENTATION('',(#3262),#3266);
#3262 = LINE('',#3263,#3264);
#3263 = CARTESIAN_POINT('',(0.,-0.));
#3264 = VECTOR('',#3265,1.);
#3265 = DIRECTION('',(0.,1.));
#3266 = ( GEOMETRIC_REPRESENTATION_CONTEXT(2) 
PARAMETRIC_REPRESENTATION_CONTEXT() REPRESENTATION_CONTEXT('2D SPACE',''
  ) );
#3267 = ORIENTED_EDGE('',*,*,#1509,.T.);
#3268 = ORIENTED_EDGE('',*,*,#3247,.T.);
#3269 = ADVANCED_FACE('',(#3270),#1557,.F.);
#3270 = FACE_BOUND('',#3271,.F.);
#3271 = EDGE_LOOP('',(#3272,#3296,#3317,#3318));
#3272 = ORIENTED_EDGE('',*,*,#3273,.F.);
#3273 = EDGE_CURVE('',#3274,#3274,#3276,.T.);
#3274 = VERTEX_POINT('',#3275);
#3275 = CARTESIAN_POINT('',(52.326844359615,41.138407019939,-5.5));
#3276 = SURFACE_CURVE('',#3277,(#3282,#3289),.PCURVE_S1.);
#3277 = CIRCLE('',#3278,3.3);
#3278 = AXIS2_PLACEMENT_3D('',#3279,#3280,#3281);
#3279 = CARTESIAN_POINT('',(49.026844359615,41.138407019939,-5.5));
#3280 = DIRECTION('',(0.,0.,1.));
#3281 = DIRECTION('',(1.,0.,-0.));
#3282 = PCURVE('',#1557,#3283);
#3283 = DEFINITIONAL_REPRESENTATION('',(#3284),#3288);
#3284 = LINE('',#3285,#3286);
#3285 = CARTESIAN_POINT('',(0.,2.5));
#3286 = VECTOR('',#3287,1.);
#3287 = DIRECTION('',(1.,0.));
#3288 = ( GEOMETRIC_REPRESENTATION_CONTEXT(2) 
PARAMETRIC_REPRESENTATION_CONTEXT() REPRESENTATION_CONTEXT('2D SPACE',''
  ) );
#3289 = PCURVE('',#2980,#3290);
#3290 = DEFINITIONAL_REPRESENTATION('',(#3291),#3295);
#3291 = CIRCLE('',#3292,3.3);
#3292 = AXIS2_PLACEMENT_2D('',#3293,#3294);
#3293 = CARTESIAN_POINT('',(49.026844359615,41.138407019939));
#3294 = DIRECTION('',(1.,0.));
#3295 = ( GEOMETRIC_REPRESENTATION_CONTEXT(2) 
PARAMETRIC_REPRESENTATION_CONTEXT() REPRESENTATION_CONTEXT('2D SPACE',''
  ) );
#3296 = ORIENTED_EDGE('',*,*,#3297,.F.);
#3297 = EDGE_CURVE('',#1541,#3274,#3298,.T.);
#3298 = SEAM_CURVE('',#3299,(#3303,#3310),.PCURVE_S1.);
#3299 = LINE('',#3300,#3301);
#3300 = CARTESIAN_POINT('',(52.326844359615,41.138407019939,-8.));
#3301 = VECTOR('',#3302,1.);
#3302 = DIRECTION('',(0.,0.,1.));
#3303 = PCURVE('',#1557,#3304);
#3304 = DEFINITIONAL_REPRESENTATION('',(#3305),#3309);
#3305 = LINE('',#3306,#3307);
#3306 = CARTESIAN_POINT('',(6.28318530718,-0.));
#3307 = VECTOR('',#3308,1.);
#3308 = DIRECTION('',(0.,1.));
#3309 = ( GEOMETRIC_REPRESENTATION_CONTEXT(2) 
PARAMETRIC_REPRESENTATION_CONTEXT() REPRESENTATION_CONTEXT('2D SPACE',''
  ) );
#3310 = PCURVE('',#1557,#3311);
#3311 = DEFINITIONAL_REPRESENTATION('',(#3312),#3316);
#3312 = LINE('',#3313,#3314);
#3313 = CARTESIAN_POINT('',(0.,-0.));
#3314 = VECTOR('',#3315,1.);
#3315 = DIRECTION('',(0.,1.));
#3316 = ( GEOMETRIC_REPRESENTATION_CONTEXT(2) 
PARAMETRIC_REPRESENTATION_CONTEXT() REPRESENTATION_CONTEXT('2D SPACE',''
  ) );
#3317 = ORIENTED_EDGE('',*,*,#1540,.T.);
#3318 = ORIENTED_EDGE('',*,*,#3297,.T.);
#3319 = ADVANCED_FACE('',(#3320,#3369,#3372,#3375,#3378,#3381,#3384),
  #1592,.F.);
#3320 = FACE_BOUND('',#3321,.F.);
#3321 = EDGE_LOOP('',(#3322,#3323,#3346,#3368));
#3322 = ORIENTED_EDGE('',*,*,#1575,.F.);
#3323 = ORIENTED_EDGE('',*,*,#3324,.F.);
#3324 = EDGE_CURVE('',#3325,#1576,#3327,.T.);
#3325 = VERTEX_POINT('',#3326);
#3326 = CARTESIAN_POINT('',(69.85,-1.710831578409E-14,-5.5));
#3327 = SEAM_CURVE('',#3328,(#3332,#3339),.PCURVE_S1.);
#3328 = LINE('',#3329,#3330);
#3329 = CARTESIAN_POINT('',(69.85,-1.710831578409E-14,-5.5));
#3330 = VECTOR('',#3331,1.);
#3331 = DIRECTION('',(0.,0.,1.));
#3332 = PCURVE('',#1592,#3333);
#3333 = DEFINITIONAL_REPRESENTATION('',(#3334),#3338);
#3334 = LINE('',#3335,#3336);
#3335 = CARTESIAN_POINT('',(6.28318530718,-0.));
#3336 = VECTOR('',#3337,1.);
#3337 = DIRECTION('',(0.,1.));
#3338 = ( GEOMETRIC_REPRESENTATION_CONTEXT(2) 
PARAMETRIC_REPRESENTATION_CONTEXT() REPRESENTATION_CONTEXT('2D SPACE',''
  ) );
#3339 = PCURVE('',#1592,#3340);
#3340 = DEFINITIONAL_REPRESENTATION('',(#3341),#3345);
#3341 = LINE('',#3342,#3343);
#3342 = CARTESIAN_POINT('',(0.,-0.));
#3343 = VECTOR('',#3344,1.);
#3344 = DIRECTION('',(0.,1.));
#3345 = ( GEOMETRIC_REPRESENTATION_CONTEXT(2) 
PARAMETRIC_REPRESENTATION_CONTEXT() REPRESENTATION_CONTEXT('2D SPACE',''
  ) );
#3346 = ORIENTED_EDGE('',*,*,#3347,.T.);
#3347 = EDGE_CURVE('',#3325,#3325,#3348,.T.);
#3348 = SURFACE_CURVE('',#3349,(#3354,#3361),.PCURVE_S1.);
#3349 = CIRCLE('',#3350,69.85);
#3350 = AXIS2_PLACEMENT_3D('',#3351,#3352,#3353);
#3351 = CARTESIAN_POINT('',(0.,0.,-5.5));
#3352 = DIRECTION('',(0.,0.,1.));
#3353 = DIRECTION('',(1.,0.,0.));
#3354 = PCURVE('',#1592,#3355);
#3355 = DEFINITIONAL_REPRESENTATION('',(#3356),#3360);
#3356 = LINE('',#3357,#3358);
#3357 = CARTESIAN_POINT('',(0.,0.));
#3358 = VECTOR('',#3359,1.);
#3359 = DIRECTION('',(1.,0.));
#3360 = ( GEOMETRIC_REPRESENTATION_CONTEXT(2) 
PARAMETRIC_REPRESENTATION_CONTEXT() REPRESENTATION_CONTEXT('2D SPACE',''
  ) );
#3361 = PCURVE('',#2980,#3362);
#3362 = DEFINITIONAL_REPRESENTATION('',(#3363),#3367);
#3363 = CIRCLE('',#3364,69.85);
#3364 = AXIS2_PLACEMENT_2D('',#3365,#3366);
#3365 = CARTESIAN_POINT('',(0.,0.));
#3366 = DIRECTION('',(1.,0.));
#3367 = ( GEOMETRIC_REPRESENTATION_CONTEXT(2) 
PARAMETRIC_REPRESENTATION_CONTEXT() REPRESENTATION_CONTEXT('2D SPACE',''
  ) );
#3368 = ORIENTED_EDGE('',*,*,#3324,.T.);
#3369 = FACE_BOUND('',#3370,.F.);
#3370 = EDGE_LOOP('',(#3371));
#3371 = ORIENTED_EDGE('',*,*,#1631,.F.);
#3372 = FACE_BOUND('',#3373,.F.);
#3373 = EDGE_LOOP('',(#3374));
#3374 = ORIENTED_EDGE('',*,*,#1857,.F.);
#3375 = FACE_BOUND('',#3376,.F.);
#3376 = EDGE_LOOP('',(#3377));
#3377 = ORIENTED_EDGE('',*,*,#2083,.F.);
#3378 = FACE_BOUND('',#3379,.F.);
#3379 = EDGE_LOOP('',(#3380));
#3380 = ORIENTED_EDGE('',*,*,#2309,.F.);
#3381 = FACE_BOUND('',#3382,.F.);
#3382 = EDGE_LOOP('',(#3383));
#3383 = ORIENTED_EDGE('',*,*,#2535,.F.);
#3384 = FACE_BOUND('',#3385,.F.);
#3385 = EDGE_LOOP('',(#3386));
#3386 = ORIENTED_EDGE('',*,*,#2761,.F.);
#3387 = ADVANCED_FACE('',(#3388,#3391,#3394,#3397,#3400,#3403,#3406,
    #3437),#2980,.T.);
#3388 = FACE_BOUND('',#3389,.T.);
#3389 = EDGE_LOOP('',(#3390));
#3390 = ORIENTED_EDGE('',*,*,#3347,.T.);
#3391 = FACE_BOUND('',#3392,.T.);
#3392 = EDGE_LOOP('',(#3393));
#3393 = ORIENTED_EDGE('',*,*,#3068,.F.);
#3394 = FACE_BOUND('',#3395,.T.);
#3395 = EDGE_LOOP('',(#3396));
#3396 = ORIENTED_EDGE('',*,*,#2963,.F.);
#3397 = FACE_BOUND('',#3398,.T.);
#3398 = EDGE_LOOP('',(#3399));
#3399 = ORIENTED_EDGE('',*,*,#3018,.F.);
#3400 = FACE_BOUND('',#3401,.T.);
#3401 = EDGE_LOOP('',(#3402));
#3402 = ORIENTED_EDGE('',*,*,#3118,.F.);
#3403 = FACE_BOUND('',#3404,.T.);
#3404 = EDGE_LOOP('',(#3405));
#3405 = ORIENTED_EDGE('',*,*,#3168,.F.);
#3406 = FACE_BOUND('',#3407,.T.);
#3407 = EDGE_LOOP('',(#3408));
#3408 = ORIENTED_EDGE('',*,*,#3409,.F.);
#3409 = EDGE_CURVE('',#3410,#3410,#3412,.T.);
#3410 = VERTEX_POINT('',#3411);
#3411 = CARTESIAN_POINT('',(47.25,-1.157291225194E-14,-5.5));
#3412 = SURFACE_CURVE('',#3413,(#3418,#3425),.PCURVE_S1.);
#3413 = CIRCLE('',#3414,47.25);
#3414 = AXIS2_PLACEMENT_3D('',#3415,#3416,#3417);
#3415 = CARTESIAN_POINT('',(0.,0.,-5.5));
#3416 = DIRECTION('',(0.,0.,1.));
#3417 = DIRECTION('',(1.,0.,0.));
#3418 = PCURVE('',#2980,#3419);
#3419 = DEFINITIONAL_REPRESENTATION('',(#3420),#3424);
#3420 = CIRCLE('',#3421,47.25);
#3421 = AXIS2_PLACEMENT_2D('',#3422,#3423);
#3422 = CARTESIAN_POINT('',(0.,0.));
#3423 = DIRECTION('',(1.,0.));
#3424 = ( GEOMETRIC_REPRESENTATION_CONTEXT(2) 
PARAMETRIC_REPRESENTATION_CONTEXT() REPRESENTATION_CONTEXT('2D SPACE',''
  ) );
#3425 = PCURVE('',#3426,#3431);
#3426 = CYLINDRICAL_SURFACE('',#3427,47.25);
#3427 = AXIS2_PLACEMENT_3D('',#3428,#3429,#3430);
#3428 = CARTESIAN_POINT('',(0.,0.,-5.5));
#3429 = DIRECTION('',(0.,0.,1.));
#3430 = DIRECTION('',(1.,0.,0.));
#3431 = DEFINITIONAL_REPRESENTATION('',(#3432),#3436);
#3432 = LINE('',#3433,#3434);
#3433 = CARTESIAN_POINT('',(0.,0.));
#3434 = VECTOR('',#3435,1.);
#3435 = DIRECTION('',(1.,0.));
#3436 = ( GEOMETRIC_REPRESENTATION_CONTEXT(2) 
PARAMETRIC_REPRESENTATION_CONTEXT() REPRESENTATION_CONTEXT('2D SPACE',''
  ) );
#3437 = FACE_BOUND('',#3438,.T.);
#3438 = EDGE_LOOP('',(#3439));
#3439 = ORIENTED_EDGE('',*,*,#3273,.F.);
#3440 = ADVANCED_FACE('',(#3441,#3472),#3235,.T.);
#3441 = FACE_BOUND('',#3442,.T.);
#3442 = EDGE_LOOP('',(#3443));
#3443 = ORIENTED_EDGE('',*,*,#3444,.T.);
#3444 = EDGE_CURVE('',#3445,#3445,#3447,.T.);
#3445 = VERTEX_POINT('',#3446);
#3446 = CARTESIAN_POINT('',(46.45,-1.137696876408E-14,-5.5));
#3447 = SURFACE_CURVE('',#3448,(#3453,#3460),.PCURVE_S1.);
#3448 = CIRCLE('',#3449,46.45);
#3449 = AXIS2_PLACEMENT_3D('',#3450,#3451,#3452);
#3450 = CARTESIAN_POINT('',(0.,0.,-5.5));
#3451 = DIRECTION('',(0.,0.,1.));
#3452 = DIRECTION('',(1.,0.,0.));
#3453 = PCURVE('',#3235,#3454);
#3454 = DEFINITIONAL_REPRESENTATION('',(#3455),#3459);
#3455 = CIRCLE('',#3456,46.45);
#3456 = AXIS2_PLACEMENT_2D('',#3457,#3458);
#3457 = CARTESIAN_POINT('',(0.,0.));
#3458 = DIRECTION('',(1.,0.));
#3459 = ( GEOMETRIC_REPRESENTATION_CONTEXT(2) 
PARAMETRIC_REPRESENTATION_CONTEXT() REPRESENTATION_CONTEXT('2D SPACE',''
  ) );
#3460 = PCURVE('',#3461,#3466);
#3461 = CYLINDRICAL_SURFACE('',#3462,46.45);
#3462 = AXIS2_PLACEMENT_3D('',#3463,#3464,#3465);
#3463 = CARTESIAN_POINT('',(0.,0.,-5.5));
#3464 = DIRECTION('',(0.,0.,1.));
#3465 = DIRECTION('',(1.,0.,0.));
#3466 = DEFINITIONAL_REPRESENTATION('',(#3467),#3471);
#3467 = LINE('',#3468,#3469);
#3468 = CARTESIAN_POINT('',(0.,0.));
#3469 = VECTOR('',#3470,1.);
#3470 = DIRECTION('',(1.,0.));
#3471 = ( GEOMETRIC_REPRESENTATION_CONTEXT(2) 
PARAMETRIC_REPRESENTATION_CONTEXT() REPRESENTATION_CONTEXT('2D SPACE',''
  ) );
#3472 = FACE_BOUND('',#3473,.T.);
#3473 = EDGE_LOOP('',(#3474));
#3474 = ORIENTED_EDGE('',*,*,#3218,.F.);
#3475 = ADVANCED_FACE('',(#3476),#3426,.T.);
#3476 = FACE_BOUND('',#3477,.T.);
#3477 = EDGE_LOOP('',(#3478,#3507,#3528,#3529));
#3478 = ORIENTED_EDGE('',*,*,#3479,.F.);
#3479 = EDGE_CURVE('',#3480,#3480,#3482,.T.);
#3480 = VERTEX_POINT('',#3481);
#3481 = CARTESIAN_POINT('',(47.25,-1.157291225194E-14,3.));
#3482 = SURFACE_CURVE('',#3483,(#3488,#3495),.PCURVE_S1.);
#3483 = CIRCLE('',#3484,47.25);
#3484 = AXIS2_PLACEMENT_3D('',#3485,#3486,#3487);
#3485 = CARTESIAN_POINT('',(0.,0.,3.));
#3486 = DIRECTION('',(0.,0.,1.));
#3487 = DIRECTION('',(1.,0.,0.));
#3488 = PCURVE('',#3426,#3489);
#3489 = DEFINITIONAL_REPRESENTATION('',(#3490),#3494);
#3490 = LINE('',#3491,#3492);
#3491 = CARTESIAN_POINT('',(0.,8.5));
#3492 = VECTOR('',#3493,1.);
#3493 = DIRECTION('',(1.,0.));
#3494 = ( GEOMETRIC_REPRESENTATION_CONTEXT(2) 
PARAMETRIC_REPRESENTATION_CONTEXT() REPRESENTATION_CONTEXT('2D SPACE',''
  ) );
#3495 = PCURVE('',#3496,#3501);
#3496 = PLANE('',#3497);
#3497 = AXIS2_PLACEMENT_3D('',#3498,#3499,#3500);
#3498 = CARTESIAN_POINT('',(0.,0.,3.));
#3499 = DIRECTION('',(0.,0.,1.));
#3500 = DIRECTION('',(1.,0.,0.));
#3501 = DEFINITIONAL_REPRESENTATION('',(#3502),#3506);
#3502 = CIRCLE('',#3503,47.25);
#3503 = AXIS2_PLACEMENT_2D('',#3504,#3505);
#3504 = CARTESIAN_POINT('',(0.,0.));
#3505 = DIRECTION('',(1.,0.));
#3506 = ( GEOMETRIC_REPRESENTATION_CONTEXT(2) 
PARAMETRIC_REPRESENTATION_CONTEXT() REPRESENTATION_CONTEXT('2D SPACE',''
  ) );
#3507 = ORIENTED_EDGE('',*,*,#3508,.F.);
#3508 = EDGE_CURVE('',#3410,#3480,#3509,.T.);
#3509 = SEAM_CURVE('',#3510,(#3514,#3521),.PCURVE_S1.);
#3510 = LINE('',#3511,#3512);
#3511 = CARTESIAN_POINT('',(47.25,-1.157291225194E-14,-5.5));
#3512 = VECTOR('',#3513,1.);
#3513 = DIRECTION('',(0.,0.,1.));
#3514 = PCURVE('',#3426,#3515);
#3515 = DEFINITIONAL_REPRESENTATION('',(#3516),#3520);
#3516 = LINE('',#3517,#3518);
#3517 = CARTESIAN_POINT('',(6.28318530718,-0.));
#3518 = VECTOR('',#3519,1.);
#3519 = DIRECTION('',(0.,1.));
#3520 = ( GEOMETRIC_REPRESENTATION_CONTEXT(2) 
PARAMETRIC_REPRESENTATION_CONTEXT() REPRESENTATION_CONTEXT('2D SPACE',''
  ) );
#3521 = PCURVE('',#3426,#3522);
#3522 = DEFINITIONAL_REPRESENTATION('',(#3523),#3527);
#3523 = LINE('',#3524,#3525);
#3524 = CARTESIAN_POINT('',(0.,-0.));
#3525 = VECTOR('',#3526,1.);
#3526 = DIRECTION('',(0.,1.));
#3527 = ( GEOMETRIC_REPRESENTATION_CONTEXT(2) 
PARAMETRIC_REPRESENTATION_CONTEXT() REPRESENTATION_CONTEXT('2D SPACE',''
  ) );
#3528 = ORIENTED_EDGE('',*,*,#3409,.T.);
#3529 = ORIENTED_EDGE('',*,*,#3508,.T.);
#3530 = ADVANCED_FACE('',(#3531),#3461,.F.);
#3531 = FACE_BOUND('',#3532,.F.);
#3532 = EDGE_LOOP('',(#3533,#3557,#3578,#3579));
#3533 = ORIENTED_EDGE('',*,*,#3534,.F.);
#3534 = EDGE_CURVE('',#3535,#3535,#3537,.T.);
#3535 = VERTEX_POINT('',#3536);
#3536 = CARTESIAN_POINT('',(46.45,-1.137696876408E-14,3.));
#3537 = SURFACE_CURVE('',#3538,(#3543,#3550),.PCURVE_S1.);
#3538 = CIRCLE('',#3539,46.45);
#3539 = AXIS2_PLACEMENT_3D('',#3540,#3541,#3542);
#3540 = CARTESIAN_POINT('',(0.,0.,3.));
#3541 = DIRECTION('',(0.,0.,1.));
#3542 = DIRECTION('',(1.,0.,0.));
#3543 = PCURVE('',#3461,#3544);
#3544 = DEFINITIONAL_REPRESENTATION('',(#3545),#3549);
#3545 = LINE('',#3546,#3547);
#3546 = CARTESIAN_POINT('',(0.,8.5));
#3547 = VECTOR('',#3548,1.);
#3548 = DIRECTION('',(1.,0.));
#3549 = ( GEOMETRIC_REPRESENTATION_CONTEXT(2) 
PARAMETRIC_REPRESENTATION_CONTEXT() REPRESENTATION_CONTEXT('2D SPACE',''
  ) );
#3550 = PCURVE('',#3496,#3551);
#3551 = DEFINITIONAL_REPRESENTATION('',(#3552),#3556);
#3552 = CIRCLE('',#3553,46.45);
#3553 = AXIS2_PLACEMENT_2D('',#3554,#3555);
#3554 = CARTESIAN_POINT('',(0.,0.));
#3555 = DIRECTION('',(1.,0.));
#3556 = ( GEOMETRIC_REPRESENTATION_CONTEXT(2) 
PARAMETRIC_REPRESENTATION_CONTEXT() REPRESENTATION_CONTEXT('2D SPACE',''
  ) );
#3557 = ORIENTED_EDGE('',*,*,#3558,.F.);
#3558 = EDGE_CURVE('',#3445,#3535,#3559,.T.);
#3559 = SEAM_CURVE('',#3560,(#3564,#3571),.PCURVE_S1.);
#3560 = LINE('',#3561,#3562);
#3561 = CARTESIAN_POINT('',(46.45,-1.137696876408E-14,-5.5));
#3562 = VECTOR('',#3563,1.);
#3563 = DIRECTION('',(0.,0.,1.));
#3564 = PCURVE('',#3461,#3565);
#3565 = DEFINITIONAL_REPRESENTATION('',(#3566),#3570);
#3566 = LINE('',#3567,#3568);
#3567 = CARTESIAN_POINT('',(6.28318530718,-0.));
#3568 = VECTOR('',#3569,1.);
#3569 = DIRECTION('',(0.,1.));
#3570 = ( GEOMETRIC_REPRESENTATION_CONTEXT(2) 
PARAMETRIC_REPRESENTATION_CONTEXT() REPRESENTATION_CONTEXT('2D SPACE',''
  ) );
#3571 = PCURVE('',#3461,#3572);
#3572 = DEFINITIONAL_REPRESENTATION('',(#3573),#3577);
#3573 = LINE('',#3574,#3575);
#3574 = CARTESIAN_POINT('',(0.,-0.));
#3575 = VECTOR('',#3576,1.);
#3576 = DIRECTION('',(0.,1.));
#3577 = ( GEOMETRIC_REPRESENTATION_CONTEXT(2) 
PARAMETRIC_REPRESENTATION_CONTEXT() REPRESENTATION_CONTEXT('2D SPACE',''
  ) );
#3578 = ORIENTED_EDGE('',*,*,#3444,.T.);
#3579 = ORIENTED_EDGE('',*,*,#3558,.T.);
#3580 = ADVANCED_FACE('',(#3581,#3584),#3496,.T.);
#3581 = FACE_BOUND('',#3582,.T.);
#3582 = EDGE_LOOP('',(#3583));
#3583 = ORIENTED_EDGE('',*,*,#3479,.T.);
#3584 = FACE_BOUND('',#3585,.T.);
#3585 = EDGE_LOOP('',(#3586));
#3586 = ORIENTED_EDGE('',*,*,#3534,.F.);
#3587 = ( GEOMETRIC_REPRESENTATION_CONTEXT(3) 
GLOBAL_UNCERTAINTY_ASSIGNED_CONTEXT((#3591)) 
GLOBAL_UNIT_ASSIGNED_CONTEXT((#3588,#3589,#3590)) REPRESENTATION_CONTEXT
('Context #1','3D Context with UNIT and UNCERTAINTY') );
#3588 = ( LENGTH_UNIT() NAMED_UNIT(*) SI_UNIT(.MILLI.,.METRE.) );
#3589 = ( NAMED_UNIT(*) PLANE_ANGLE_UNIT() SI_UNIT($,.RADIAN.) );
#3590 = ( NAMED_UNIT(*) SI_UNIT($,.STERADIAN.) SOLID_ANGLE_UNIT() );
#3591 = UNCERTAINTY_MEASURE_WITH_UNIT(LENGTH_MEASURE(1.E-07),#3588,
  'distance_accuracy_value','confusion accuracy');
#3592 = PRODUCT_RELATED_PRODUCT_CATEGORY('part',$,(#7));
ENDSEC;
END-ISO-10303-21;
