ISO-10303-21;
HEADER;
FILE_DESCRIPTION(('Open CASCADE Model'),'2;1');
FILE_NAME('SOLID','2026-09-30T06:26:29',('Author'),('Open CASCADE'),
  'Open CASCADE STEP processor 7.8','build123d','Unknown');
FILE_SCHEMA(('AUTOMOTIVE_DESIGN { 1 0 10303 214 1 1 1 1 }'));
ENDSEC;
DATA;
#1 = APPLICATION_PROTOCOL_DEFINITION('international standard',
  'automotive_design',2000,#2);
#2 = APPLICATION_CONTEXT(
  'core data for automotive mechanical design processes');
#3 = SHAPE_DEFINITION_REPRESENTATION(#4,#10);
#4 = PRODUCT_DEFINITION_SHAPE('','',#5);
#5 = PRODUCT_DEFINITION('design','',#6,#9);
#6 = PRODUCT_DEFINITION_FORMATION('','',#7);
#7 = PRODUCT('SOLID','SOLID','',(#8));
#8 = PRODUCT_CONTEXT('',#2,'mechanical');
#9 = PRODUCT_DEFINITION_CONTEXT('part definition',#2,'design');
#10 = ADVANCED_BREP_SHAPE_REPRESENTATION('',(#11,#15),#3327);
#11 = AXIS2_PLACEMENT_3D('',#12,#13,#14);
#12 = CARTESIAN_POINT('',(0.,0.,0.));
#13 = DIRECTION('',(0.,0.,1.));
#14 = DIRECTION('',(1.,0.,-0.));
#15 = MANIFOLD_SOLID_BREP('',#16);
#16 = CLOSED_SHELL('',(#17,#1347,#1537,#1572,#1798,#2024,#2250,#2476,
    #2702,#2928,#2983,#3033,#3083,#3133,#3183,#3233,#3305));
#17 = ADVANCED_FACE('',(#18,#105,#312,#519,#726,#933,#1140),#31,.T.);
#18 = FACE_BOUND('',#19,.T.);
#19 = EDGE_LOOP('',(#20,#54,#77,#104));
#20 = ORIENTED_EDGE('',*,*,#21,.T.);
#21 = EDGE_CURVE('',#22,#22,#24,.T.);
#22 = VERTEX_POINT('',#23);
#23 = CARTESIAN_POINT('',(78.75,-1.928818708657E-14,-32.9));
#24 = SURFACE_CURVE('',#25,(#30,#42),.PCURVE_S1.);
#25 = CIRCLE('',#26,78.75);
#26 = AXIS2_PLACEMENT_3D('',#27,#28,#29);
#27 = CARTESIAN_POINT('',(0.,0.,-32.9));
#28 = DIRECTION('',(0.,0.,1.));
#29 = DIRECTION('',(1.,0.,-0.));
#30 = PCURVE('',#31,#36);
#31 = CYLINDRICAL_SURFACE('',#32,78.75);
#32 = AXIS2_PLACEMENT_3D('',#33,#34,#35);
#33 = CARTESIAN_POINT('',(0.,0.,-32.9));
#34 = DIRECTION('',(0.,0.,1.));
#35 = DIRECTION('',(1.,0.,-0.));
#36 = DEFINITIONAL_REPRESENTATION('',(#37),#41);
#37 = LINE('',#38,#39);
#38 = CARTESIAN_POINT('',(0.,0.));
#39 = VECTOR('',#40,1.);
#40 = DIRECTION('',(1.,0.));
#41 = ( GEOMETRIC_REPRESENTATION_CONTEXT(2) 
PARAMETRIC_REPRESENTATION_CONTEXT() REPRESENTATION_CONTEXT('2D SPACE',''
  ) );
#42 = PCURVE('',#43,#48);
#43 = PLANE('',#44);
#44 = AXIS2_PLACEMENT_3D('',#45,#46,#47);
#45 = CARTESIAN_POINT('',(0.,0.,-32.9));
#46 = DIRECTION('',(0.,0.,1.));
#47 = DIRECTION('',(1.,0.,-0.));
#48 = DEFINITIONAL_REPRESENTATION('',(#49),#53);
#49 = CIRCLE('',#50,78.75);
#50 = AXIS2_PLACEMENT_2D('',#51,#52);
#51 = CARTESIAN_POINT('',(0.,0.));
#52 = DIRECTION('',(1.,0.));
#53 = ( GEOMETRIC_REPRESENTATION_CONTEXT(2) 
PARAMETRIC_REPRESENTATION_CONTEXT() REPRESENTATION_CONTEXT('2D SPACE',''
  ) );
#54 = ORIENTED_EDGE('',*,*,#55,.T.);
#55 = EDGE_CURVE('',#22,#56,#58,.T.);
#56 = VERTEX_POINT('',#57);
#57 = CARTESIAN_POINT('',(78.75,-1.928818708657E-14,-15.7));
#58 = SEAM_CURVE('',#59,(#63,#70),.PCURVE_S1.);
#59 = LINE('',#60,#61);
#60 = CARTESIAN_POINT('',(78.75,-1.928818708657E-14,-32.9));
#61 = VECTOR('',#62,1.);
#62 = DIRECTION('',(0.,0.,1.));
#63 = PCURVE('',#31,#64);
#64 = DEFINITIONAL_REPRESENTATION('',(#65),#69);
#65 = LINE('',#66,#67);
#66 = CARTESIAN_POINT('',(6.28318530718,0.));
#67 = VECTOR('',#68,1.);
#68 = DIRECTION('',(0.,1.));
#69 = ( GEOMETRIC_REPRESENTATION_CONTEXT(2) 
PARAMETRIC_REPRESENTATION_CONTEXT() REPRESENTATION_CONTEXT('2D SPACE',''
  ) );
#70 = PCURVE('',#31,#71);
#71 = DEFINITIONAL_REPRESENTATION('',(#72),#76);
#72 = LINE('',#73,#74);
#73 = CARTESIAN_POINT('',(4.138911435803E-13,0.));
#74 = VECTOR('',#75,1.);
#75 = DIRECTION('',(0.,1.));
#76 = ( GEOMETRIC_REPRESENTATION_CONTEXT(2) 
PARAMETRIC_REPRESENTATION_CONTEXT() REPRESENTATION_CONTEXT('2D SPACE',''
  ) );
#77 = ORIENTED_EDGE('',*,*,#78,.F.);
#78 = EDGE_CURVE('',#56,#56,#79,.T.);
#79 = SURFACE_CURVE('',#80,(#85,#92),.PCURVE_S1.);
#80 = CIRCLE('',#81,78.75);
#81 = AXIS2_PLACEMENT_3D('',#82,#83,#84);
#82 = CARTESIAN_POINT('',(0.,0.,-15.7));
#83 = DIRECTION('',(0.,0.,1.));
#84 = DIRECTION('',(1.,0.,-0.));
#85 = PCURVE('',#31,#86);
#86 = DEFINITIONAL_REPRESENTATION('',(#87),#91);
#87 = LINE('',#88,#89);
#88 = CARTESIAN_POINT('',(0.,17.2));
#89 = VECTOR('',#90,1.);
#90 = DIRECTION('',(1.,0.));
#91 = ( GEOMETRIC_REPRESENTATION_CONTEXT(2) 
PARAMETRIC_REPRESENTATION_CONTEXT() REPRESENTATION_CONTEXT('2D SPACE',''
  ) );
#92 = PCURVE('',#93,#98);
#93 = PLANE('',#94);
#94 = AXIS2_PLACEMENT_3D('',#95,#96,#97);
#95 = CARTESIAN_POINT('',(0.,0.,-15.7));
#96 = DIRECTION('',(0.,0.,1.));
#97 = DIRECTION('',(1.,0.,-0.));
#98 = DEFINITIONAL_REPRESENTATION('',(#99),#103);
#99 = CIRCLE('',#100,78.75);
#100 = AXIS2_PLACEMENT_2D('',#101,#102);
#101 = CARTESIAN_POINT('',(0.,0.));
#102 = DIRECTION('',(1.,0.));
#103 = ( GEOMETRIC_REPRESENTATION_CONTEXT(2) 
PARAMETRIC_REPRESENTATION_CONTEXT() REPRESENTATION_CONTEXT('2D SPACE',''
  ) );
#104 = ORIENTED_EDGE('',*,*,#55,.F.);
#105 = FACE_BOUND('',#106,.T.);
#106 = EDGE_LOOP('',(#107));
#107 = ORIENTED_EDGE('',*,*,#108,.F.);
#108 = EDGE_CURVE('',#109,#109,#111,.T.);
#109 = VERTEX_POINT('',#110);
#110 = CARTESIAN_POINT('',(48.048931657225,62.392809414221,-27.3));
#111 = SURFACE_CURVE('',#112,(#175,#241),.PCURVE_S1.);
#112 = B_SPLINE_CURVE_WITH_KNOTS('',7,(#113,#114,#115,#116,#117,#118,
    #119,#120,#121,#122,#123,#124,#125,#126,#127,#128,#129,#130,#131,
    #132,#133,#134,#135,#136,#137,#138,#139,#140,#141,#142,#143,#144,
    #145,#146,#147,#148,#149,#150,#151,#152,#153,#154,#155,#156,#157,
    #158,#159,#160,#161,#162,#163,#164,#165,#166,#167,#168,#169,#170,
    #171,#172,#173,#174),.UNSPECIFIED.,.T.,.F.,(1,7,6,6,6,6,6,6,6,6,6,7,
    1),(-5.1294609233E-02,0.,8.234433926399E-02,0.180747899398,
    0.344502933696,0.442270845546,0.53181748486,0.631497080933,
    0.750063012667,0.844380057268,0.948705390767,1.,1.082344339264),
  .UNSPECIFIED.);
#113 = CARTESIAN_POINT('',(48.048931657225,62.392809414221,-27.3));
#114 = CARTESIAN_POINT('',(47.814594636763,62.573273214243,-27.3));
#115 = CARTESIAN_POINT('',(47.581818338444,62.750899711773,
    -27.26907246245));
#116 = CARTESIAN_POINT('',(47.354573195043,62.922688162019,
    -27.20833385517));
#117 = CARTESIAN_POINT('',(47.136699526763,63.08590933569,
    -27.12018301336));
#118 = CARTESIAN_POINT('',(46.931633245109,63.238275394264,
    -27.00822024297));
#119 = CARTESIAN_POINT('',(46.742159964112,63.378059736533,
    -26.87718221057));
#120 = CARTESIAN_POINT('',(46.36469806419,63.654867954268,
    -26.56046292324));
#121 = CARTESIAN_POINT('',(46.18160192896,63.787946508093,
    -26.36692412561));
#122 = CARTESIAN_POINT('',(46.020699639634,63.904037666916,
    -26.15746412066));
#123 = CARTESIAN_POINT('',(45.881371173699,64.00397676941,
    -25.93601451864));
#124 = CARTESIAN_POINT('',(45.762838810016,64.088615465383,
    -25.7055840765));
#125 = CARTESIAN_POINT('',(45.6643497294,64.15870217256,-25.46848985516)
  );
#126 = CARTESIAN_POINT('',(45.453721008105,64.308224821339,
    -24.8237635541));
#127 = CARTESIAN_POINT('',(45.375969746941,64.362946536863,
    -24.40748983677));
#128 = CARTESIAN_POINT('',(45.349092232128,64.381779595629,
    -23.98547111768));
#129 = CARTESIAN_POINT('',(45.371994768344,64.365700259536,
    -23.56271366548));
#130 = CARTESIAN_POINT('',(45.445300640827,64.314176308648,
    -23.14435307788));
#131 = CARTESIAN_POINT('',(45.571210321512,64.225206746174,
    -22.73662403616));
#132 = CARTESIAN_POINT('',(45.861549782149,64.017954791527,
    -22.11917091527));
#133 = CARTESIAN_POINT('',(45.990338293491,63.925698433971,
    -21.89517126843));
#134 = CARTESIAN_POINT('',(46.140083867186,63.817939755386,
    -21.68075268728));
#135 = CARTESIAN_POINT('',(46.311369817586,63.693966510775,
    -21.47928725037));
#136 = CARTESIAN_POINT('',(46.504544165519,63.553148982325,
    -21.29486008399));
#137 = CARTESIAN_POINT('',(46.719530597181,63.395065878547,
    -21.13244458993));
#138 = CARTESIAN_POINT('',(47.171674973531,63.059242579248,
    -20.8752716133));
#139 = CARTESIAN_POINT('',(47.407169409514,62.8829941282,-20.77499351588
    ));
#140 = CARTESIAN_POINT('',(47.656820546263,62.694451499663,
    -20.70569896131));
#141 = CARTESIAN_POINT('',(47.914147379965,62.498094426961,
    -20.6725458528));
#142 = CARTESIAN_POINT('',(48.172089961643,62.29915503394,-20.6774847343
    ));
#143 = CARTESIAN_POINT('',(48.423726247123,62.103122695544,
    -20.71919758385));
#144 = CARTESIAN_POINT('',(48.929331924374,61.705735026917,
    -20.87519990008));
#145 = CARTESIAN_POINT('',(49.176688026405,61.509159741811,
    -20.99604062607));
#146 = CARTESIAN_POINT('',(49.402672480215,61.327743601461,
    -21.14876755396));
#147 = CARTESIAN_POINT('',(49.606008741105,61.163089469499,
    -21.32718392957));
#148 = CARTESIAN_POINT('',(49.786178387409,61.016149839633,
    -21.52548222874));
#149 = CARTESIAN_POINT('',(49.943287094463,60.887281593084,
    -21.73817227974));
#150 = CARTESIAN_POINT('',(50.238319531116,60.64418259756,
    -22.22402247988));
#151 = CARTESIAN_POINT('',(50.368644327487,60.535970398826,
    -22.50376426593));
#152 = CARTESIAN_POINT('',(50.4707889347,60.450699585224,-22.79402779986
    ));
#153 = CARTESIAN_POINT('',(50.546288604089,60.387455619988,
    -23.09118027363));
#154 = CARTESIAN_POINT('',(50.596259394179,60.345522629626,
    -23.39258800263));
#155 = CARTESIAN_POINT('',(50.621281763847,60.324525133525,
    -23.69616424483));
#156 = CARTESIAN_POINT('',(50.621281763847,60.324525133525,
    -24.24169582317));
#157 = CARTESIAN_POINT('',(50.605447345416,60.337812595244,
    -24.48331119142));
#158 = CARTESIAN_POINT('',(50.57379853621,60.364370595729,
    -24.72381872149));
#159 = CARTESIAN_POINT('',(50.526111210085,60.404342870123,
    -24.9621554327));
#160 = CARTESIAN_POINT('',(50.461948362065,60.458006799725,
    -25.19708233541));
#161 = CARTESIAN_POINT('',(50.380688708179,60.525740784654,
    -25.42703998478));
#162 = CARTESIAN_POINT('',(50.17189685781,60.698958525443,
    -25.89661902886));
#163 = CARTESIAN_POINT('',(50.039916484138,60.808061183264,
    -26.13569499131));
#164 = CARTESIAN_POINT('',(49.884524884208,60.935911746077,
    -26.36368157978));
#165 = CARTESIAN_POINT('',(49.704757476225,61.082919391177,
    -26.57625813364));
#166 = CARTESIAN_POINT('',(49.499890547969,61.249176244641,
    -26.76822513333));
#167 = CARTESIAN_POINT('',(49.269672630449,61.434256469061,
    -26.93328331067));
#168 = CARTESIAN_POINT('',(48.88953824833,61.736546529524,
    -27.12769517189));
#169 = CARTESIAN_POINT('',(48.758410823152,61.840336805528,
    -27.18331855148));
#170 = CARTESIAN_POINT('',(48.622300487936,61.947525616082,
    -27.22920512598));
#171 = CARTESIAN_POINT('',(48.482186565146,62.057272974238,
    -27.26436239981));
#172 = CARTESIAN_POINT('',(48.3391489067,62.168682613284,-27.2880924829)
  );
#173 = CARTESIAN_POINT('',(48.194335763875,62.280833177717,-27.3));
#174 = CARTESIAN_POINT('',(48.048931657225,62.392809414221,-27.3));
#175 = PCURVE('',#31,#176);
#176 = DEFINITIONAL_REPRESENTATION('',(#177),#240);
#177 = B_SPLINE_CURVE_WITH_KNOTS('',7,(#178,#179,#180,#181,#182,#183,
    #184,#185,#186,#187,#188,#189,#190,#191,#192,#193,#194,#195,#196,
    #197,#198,#199,#200,#201,#202,#203,#204,#205,#206,#207,#208,#209,
    #210,#211,#212,#213,#214,#215,#216,#217,#218,#219,#220,#221,#222,
    #223,#224,#225,#226,#227,#228,#229,#230,#231,#232,#233,#234,#235,
    #236,#237,#238,#239),.UNSPECIFIED.,.T.,.F.,(1,7,6,6,6,6,6,6,6,6,6,7,
    1),(-5.1294609233E-02,0.,8.234433926399E-02,0.180747899398,
    0.344502933696,0.442270845546,0.53181748486,0.631497080933,
    0.750063012667,0.844380057268,0.948705390767,1.,1.082344339264),
  .UNSPECIFIED.);
#178 = CARTESIAN_POINT('',(0.914552528045,5.6));
#179 = CARTESIAN_POINT('',(0.918308361813,5.6));
#180 = CARTESIAN_POINT('',(0.922026510436,5.630927537549));
#181 = CARTESIAN_POINT('',(0.925643864788,5.691666144827));
#182 = CARTESIAN_POINT('',(0.929100722597,5.779816986636));
#183 = CARTESIAN_POINT('',(0.932344821272,5.891779757027));
#184 = CARTESIAN_POINT('',(0.935334733536,6.022817789426));
#185 = CARTESIAN_POINT('',(0.941278625391,6.339537076751));
#186 = CARTESIAN_POINT('',(0.9441528788,6.533075874381));
#187 = CARTESIAN_POINT('',(0.946672356284,6.742535879335));
#188 = CARTESIAN_POINT('',(0.948849679442,6.96398548136));
#189 = CARTESIAN_POINT('',(0.950699186436,7.194415923496));
#190 = CARTESIAN_POINT('',(0.952234183794,7.431510144836));
#191 = CARTESIAN_POINT('',(0.955514247475,8.076236445897));
#192 = CARTESIAN_POINT('',(0.956721570689,8.492510163226));
#193 = CARTESIAN_POINT('',(0.957138324436,8.914528882316));
#194 = CARTESIAN_POINT('',(0.956782978563,9.337286334518));
#195 = CARTESIAN_POINT('',(0.955645173403,9.75564692212));
#196 = CARTESIAN_POINT('',(0.95368746315,10.163375963838));
#197 = CARTESIAN_POINT('',(0.949157663716,10.780829084727));
#198 = CARTESIAN_POINT('',(0.947145951074,11.004828731564));
#199 = CARTESIAN_POINT('',(0.944803260894,11.219247312716));
#200 = CARTESIAN_POINT('',(0.942118287609,11.420712749629));
#201 = CARTESIAN_POINT('',(0.93908274139,11.605139916001));
#202 = CARTESIAN_POINT('',(0.935694196832,11.767555410061));
#203 = CARTESIAN_POINT('',(0.928542252555,12.024728386692));
#204 = CARTESIAN_POINT('',(0.924807104628,12.125006484117));
#205 = CARTESIAN_POINT('',(0.92083449452,12.194301038684));
#206 = CARTESIAN_POINT('',(0.916724276016,12.227454147195));
#207 = CARTESIAN_POINT('',(0.912587886583,12.2225152657));
#208 = CARTESIAN_POINT('',(0.908537358177,12.180802416146));
#209 = CARTESIAN_POINT('',(0.900371241478,12.024800099912));
#210 = CARTESIAN_POINT('',(0.896359186235,11.903959373929));
#211 = CARTESIAN_POINT('',(0.892679322898,11.751232446034));
#212 = CARTESIAN_POINT('',(0.889356923339,11.572816070429));
#213 = CARTESIAN_POINT('',(0.886404668456,11.374517771253));
#214 = CARTESIAN_POINT('',(0.883824359498,11.161827720254));
#215 = CARTESIAN_POINT('',(0.878969956116,10.67597752012));
#216 = CARTESIAN_POINT('',(0.876818932541,10.396235734064));
#217 = CARTESIAN_POINT('',(0.875129302448,10.105972200131));
#218 = CARTESIAN_POINT('',(0.873878654606,9.808819726369));
#219 = CARTESIAN_POINT('',(0.873050288139,9.507411997367));
#220 = CARTESIAN_POINT('',(0.872635492249,9.203835755161));
#221 = CARTESIAN_POINT('',(0.872635492249,8.658304176828));
#222 = CARTESIAN_POINT('',(0.872897979692,8.416688808578));
#223 = CARTESIAN_POINT('',(0.873422621482,8.176181278509));
#224 = CARTESIAN_POINT('',(0.87421277134,7.937844567294));
#225 = CARTESIAN_POINT('',(0.875274944018,7.702917664589));
#226 = CARTESIAN_POINT('',(0.876618275493,7.47296001522));
#227 = CARTESIAN_POINT('',(0.880063231582,7.003380971133));
#228 = CARTESIAN_POINT('',(0.88223767004,6.76430500869));
#229 = CARTESIAN_POINT('',(0.884792922037,6.536318420215));
#230 = CARTESIAN_POINT('',(0.88774176062,6.323741866354));
#231 = CARTESIAN_POINT('',(0.891092066944,6.131774866664));
#232 = CARTESIAN_POINT('',(0.89484299213,5.966716689324));
#233 = CARTESIAN_POINT('',(0.901010309712,5.772304828109));
#234 = CARTESIAN_POINT('',(0.903133896024,5.716681448511));
#235 = CARTESIAN_POINT('',(0.905333881168,5.670794874014));
#236 = CARTESIAN_POINT('',(0.907593912808,5.635637600187));
#237 = CARTESIAN_POINT('',(0.909896197994,5.6119075171));
#238 = CARTESIAN_POINT('',(0.91222206548,5.6));
#239 = CARTESIAN_POINT('',(0.914552528045,5.6));
#240 = ( GEOMETRIC_REPRESENTATION_CONTEXT(2) 
PARAMETRIC_REPRESENTATION_CONTEXT() REPRESENTATION_CONTEXT('2D SPACE',''
  ) );
#241 = PCURVE('',#242,#247);
#242 = CYLINDRICAL_SURFACE('',#243,3.3);
#243 = AXIS2_PLACEMENT_3D('',#244,#245,#246);
#244 = CARTESIAN_POINT('',(46.096467132741,59.857482555485,-24.));
#245 = DIRECTION('',(0.610145163901,0.792289643355,2.220446049251E-16));
#246 = DIRECTION('',(1.354794418654E-16,1.75923640845E-16,-1.));
#247 = DEFINITIONAL_REPRESENTATION('',(#248),#311);
#248 = B_SPLINE_CURVE_WITH_KNOTS('',7,(#249,#250,#251,#252,#253,#254,
    #255,#256,#257,#258,#259,#260,#261,#262,#263,#264,#265,#266,#267,
    #268,#269,#270,#271,#272,#273,#274,#275,#276,#277,#278,#279,#280,
    #281,#282,#283,#284,#285,#286,#287,#288,#289,#290,#291,#292,#293,
    #294,#295,#296,#297,#298,#299,#300,#301,#302,#303,#304,#305,#306,
    #307,#308,#309,#310),.UNSPECIFIED.,.F.,.F.,(8,6,6,6,6,6,6,6,6,6,8),(
    0.,8.234433926399E-02,0.180747899398,0.344502933696,0.442270845546,
    0.53181748486,0.631497080933,0.750063012667,0.844380057268,
    0.948705390767,1.),.UNSPECIFIED.);
#249 = CARTESIAN_POINT('',(0.,3.2));
#250 = CARTESIAN_POINT('',(8.962785127541E-02,3.2));
#251 = CARTESIAN_POINT('',(0.178356290875,3.198704301688));
#252 = CARTESIAN_POINT('',(0.265853893218,3.1961579864));
#253 = CARTESIAN_POINT('',(0.35176197027,3.192541866833));
#254 = CARTESIAN_POINT('',(0.435657380052,3.18813971701));
#255 = CARTESIAN_POINT('',(0.516990534779,3.183283197604));
#256 = CARTESIAN_POINT('',(0.688220222351,3.172288928917));
#257 = CARTESIAN_POINT('',(0.77787524969,3.166010467425));
#258 = CARTESIAN_POINT('',(0.864540134896,3.159814536553));
#259 = CARTESIAN_POINT('',(0.948677490023,3.153984662741));
#260 = CARTESIAN_POINT('',(1.030698941312,3.148721076521));
#261 = CARTESIAN_POINT('',(1.111004322815,3.14415741252));
#262 = CARTESIAN_POINT('',(1.321450633415,3.134108562917));
#263 = CARTESIAN_POINT('',(1.449256600734,3.130024455407));
#264 = CARTESIAN_POINT('',(1.575381922552,3.128546507139));
#265 = CARTESIAN_POINT('',(1.701374847473,3.129780887394));
#266 = CARTESIAN_POINT('',(1.828770715892,3.133686218301));
#267 = CARTESIAN_POINT('',(1.9591117743,3.140019738137));
#268 = CARTESIAN_POINT('',(2.175164335244,3.152965378703));
#269 = CARTESIAN_POINT('',(2.257937922144,3.158451309439));
#270 = CARTESIAN_POINT('',(2.343007257976,3.16444176202));
#271 = CARTESIAN_POINT('',(2.430673786144,3.170728338543));
#272 = CARTESIAN_POINT('',(2.52129380158,3.17702446333));
#273 = CARTESIAN_POINT('',(2.615277573348,3.182949789));
#274 = CARTESIAN_POINT('',(2.802876005279,3.192754171583));
#275 = CARTESIAN_POINT('',(2.896571231532,3.196800140401));
#276 = CARTESIAN_POINT('',(2.99270472611,3.19974320223));
#277 = CARTESIAN_POINT('',(3.090109525014,3.201178250254));
#278 = CARTESIAN_POINT('',(3.187788260424,3.200943048284));
#279 = CARTESIAN_POINT('',(3.284702874816,3.199163319457));
#280 = CARTESIAN_POINT('',(3.485218834305,3.192810044022));
#281 = CARTESIAN_POINT('',(3.586885964952,3.187988610909));
#282 = CARTESIAN_POINT('',(3.685045029069,3.182137803381));
#283 = CARTESIAN_POINT('',(3.779946277359,3.17574867612));
#284 = CARTESIAN_POINT('',(3.871737149626,3.169259567553));
#285 = CARTESIAN_POINT('',(3.960444977352,3.16301770827));
#286 = CARTESIAN_POINT('',(4.147744454141,3.150425506224));
#287 = CARTESIAN_POINT('',(4.246088144447,3.144207146125));
#288 = CARTESIAN_POINT('',(4.341853981751,3.138971001738));
#289 = CARTESIAN_POINT('',(4.435713840305,3.134929221231));
#290 = CARTESIAN_POINT('',(4.528324848906,3.132195583162));
#291 = CARTESIAN_POINT('',(4.620317539427,3.130826762306));
#292 = CARTESIAN_POINT('',(4.785630138922,3.130826762306));
#293 = CARTESIAN_POINT('',(4.858847167357,3.131692986784));
#294 = CARTESIAN_POINT('',(4.932369111898,3.133424247636));
#295 = CARTESIAN_POINT('',(5.006516633278,3.135997675245));
#296 = CARTESIAN_POINT('',(5.081607042778,3.139366399469));
#297 = CARTESIAN_POINT('',(5.157971983373,3.143451149393));
#298 = CARTESIAN_POINT('',(5.32228203641,3.153296433701));
#299 = CARTESIAN_POINT('',(5.410952597505,3.159210152829));
#300 = CARTESIAN_POINT('',(5.502307130734,3.165693396434));
#301 = CARTESIAN_POINT('',(5.596671143055,3.172481816534));
#302 = CARTESIAN_POINT('',(5.694450821727,3.179206834151));
#303 = CARTESIAN_POINT('',(5.796122565407,3.185377630131));
#304 = CARTESIAN_POINT('',(5.9546338283,3.192941759442));
#305 = CARTESIAN_POINT('',(6.007940822666,3.195166955874));
#306 = CARTESIAN_POINT('',(6.062078080351,3.19704447757));
#307 = CARTESIAN_POINT('',(6.11684695309,3.198506340438));
#308 = CARTESIAN_POINT('',(6.172068375528,3.199501308067));
#309 = CARTESIAN_POINT('',(6.227571995975,3.2));
#310 = CARTESIAN_POINT('',(6.28318530718,3.2));
#311 = ( GEOMETRIC_REPRESENTATION_CONTEXT(2) 
PARAMETRIC_REPRESENTATION_CONTEXT() REPRESENTATION_CONTEXT('2D SPACE',''
  ) );
#312 = FACE_BOUND('',#313,.T.);
#313 = EDGE_LOOP('',(#314));
#314 = ORIENTED_EDGE('',*,*,#315,.F.);
#315 = EDGE_CURVE('',#316,#316,#318,.T.);
#316 = VERTEX_POINT('',#317);
#317 = CARTESIAN_POINT('',(-30.00929213758,72.80800014697,-27.3));
#318 = SURFACE_CURVE('',#319,(#382,#448),.PCURVE_S1.);
#319 = B_SPLINE_CURVE_WITH_KNOTS('',7,(#320,#321,#322,#323,#324,#325,
    #326,#327,#328,#329,#330,#331,#332,#333,#334,#335,#336,#337,#338,
    #339,#340,#341,#342,#343,#344,#345,#346,#347,#348,#349,#350,#351,
    #352,#353,#354,#355,#356,#357,#358,#359,#360,#361,#362,#363,#364,
    #365,#366,#367,#368,#369,#370,#371,#372,#373,#374,#375,#376,#377,
    #378,#379,#380,#381),.UNSPECIFIED.,.T.,.F.,(1,7,6,6,6,6,6,6,6,6,6,7,
    1),(-5.1294610852E-02,0.,8.234433705252E-02,0.180747893621,
    0.344502918725,0.442270829358,0.531817470147,0.631497069351,
    0.750063004809,0.844380052372,0.948705389148,1.,1.082344337053),
  .UNSPECIFIED.);
#320 = CARTESIAN_POINT('',(-30.00929213758,72.80800014697,-27.3));
#321 = CARTESIAN_POINT('',(-30.2827468805,72.695290235283,-27.3));
#322 = CARTESIAN_POINT('',(-30.55296409687,72.582513292982,
    -27.26907246149));
#323 = CARTESIAN_POINT('',(-30.81535982249,72.471607454453,
    -27.20833385658));
#324 = CARTESIAN_POINT('',(-31.06565033891,72.364533909934,
    -27.12018301379));
#325 = CARTESIAN_POINT('',(-31.3001363651,72.263124326469,
    -27.00822024082));
#326 = CARTESIAN_POINT('',(-31.51592979051,72.168927825749,
    -26.87718221192));
#327 = CARTESIAN_POINT('',(-31.94438369084,71.980440339518,
    -26.56046292324));
#328 = CARTESIAN_POINT('',(-32.15118116677,71.888413711986,
    -26.36692412561));
#329 = CARTESIAN_POINT('',(-32.33217020413,71.807113821315,
    -26.15746412066));
#330 = CARTESIAN_POINT('',(-32.48838423868,71.736421381592,
    -25.93601451864));
#331 = CARTESIAN_POINT('',(-32.62094968138,71.676088691458,
    -25.7055840765));
#332 = CARTESIAN_POINT('',(-32.73089109057,71.625837999238,
    -25.46848985516));
#333 = CARTESIAN_POINT('',(-32.96569586058,71.518189501558,
    -24.82376356212));
#334 = CARTESIAN_POINT('',(-33.05196189513,71.478215788214,
    -24.40748980364));
#335 = CARTESIAN_POINT('',(-33.08171055505,71.464355709223,
    -23.98547118142));
#336 = CARTESIAN_POINT('',(-33.05633416179,71.4761502246,-23.5627135962)
  );
#337 = CARTESIAN_POINT('',(-32.97506019948,71.513872985923,
    -23.14435311865));
#338 = CARTESIAN_POINT('',(-32.83505543909,71.57842919529,
    -22.73662402542));
#339 = CARTESIAN_POINT('',(-32.51040025477,71.72624456491,
    -22.11917091159));
#340 = CARTESIAN_POINT('',(-32.3661096554,71.79165050608,-21.89517127748
    ));
#341 = CARTESIAN_POINT('',(-32.19791511261,71.867454639189,
    -21.68075267955));
#342 = CARTESIAN_POINT('',(-32.00490814819,71.953806005358,
    -21.47928725017));
#343 = CARTESIAN_POINT('',(-31.78636943674,72.050691125464,
    -21.29486008824));
#344 = CARTESIAN_POINT('',(-31.5419722226,72.157833291143,
    -21.13244458783));
#345 = CARTESIAN_POINT('',(-31.02506852698,72.381490157184,
    -20.87527161167));
#346 = CARTESIAN_POINT('',(-30.75468568506,72.497310090556,
    -20.77499351784));
#347 = CARTESIAN_POINT('',(-30.46657739589,72.619243008945,
    -20.70569896185));
#348 = CARTESIAN_POINT('',(-30.16786376659,72.743916047443,
    -20.67254585132));
#349 = CARTESIAN_POINT('',(-29.86660592254,72.867831173182,
    -20.6774847338));
#350 = CARTESIAN_POINT('',(-29.5710187809,72.987738425373,
    -20.71919758495));
#351 = CARTESIAN_POINT('',(-28.97406813031,73.226911950167,
    -20.87519990008));
#352 = CARTESIAN_POINT('',(-28.68015088864,73.342840975754,
    -20.99604062607));
#353 = CARTESIAN_POINT('',(-28.41004767553,73.44784118344,
    -21.14876755396));
#354 = CARTESIAN_POINT('',(-28.16578488397,73.541608484898,
    -21.32718392957));
#355 = CARTESIAN_POINT('',(-27.94844660853,73.624170160657,
    -21.52548222874));
#356 = CARTESIAN_POINT('',(-27.75828907975,73.695796168846,
    -21.73817227974));
#357 = CARTESIAN_POINT('',(-27.40024295567,73.829752256166,
    -22.22402247988));
#358 = CARTESIAN_POINT('',(-27.24136604438,73.8885107412,-22.50376426593
    ));
#359 = CARTESIAN_POINT('',(-27.11644704999,73.934335159105,
    -22.79402779987));
#360 = CARTESIAN_POINT('',(-27.02392633477,73.968097808155,
    -23.09118027363));
#361 = CARTESIAN_POINT('',(-26.96262590481,73.99040728664,
    -23.39258800263));
#362 = CARTESIAN_POINT('',(-26.93193035494,74.001578546383,
    -23.69616424483));
#363 = CARTESIAN_POINT('',(-26.93193035494,74.001578546383,
    -24.24169582317));
#364 = CARTESIAN_POINT('',(-26.95135484355,73.994509268628,
    -24.48331119142));
#365 = CARTESIAN_POINT('',(-26.99017915125,73.980379596099,
    -24.72381872149));
#366 = CARTESIAN_POINT('',(-27.04863981938,73.959067297432,
    -24.9621554327));
#367 = CARTESIAN_POINT('',(-27.1271955697,73.930332605869,
    -25.19708233541));
#368 = CARTESIAN_POINT('',(-27.22648474829,73.893826673766,
    -25.42703998478));
#369 = CARTESIAN_POINT('',(-27.48089163738,73.799616497638,
    -25.89661902886));
#370 = CARTESIAN_POINT('',(-27.64136749751,73.739869470147,
    -26.1356949913));
#371 = CARTESIAN_POINT('',(-27.82978513276,73.66922167848,
    -26.36368157978));
#372 = CARTESIAN_POINT('',(-28.04698119196,73.587042358944,
    -26.57625813364));
#373 = CARTESIAN_POINT('',(-28.29339731474,73.492750821411,
    -26.76822513333));
#374 = CARTESIAN_POINT('',(-28.56879044959,73.385916368642,
    -26.93328331067));
#375 = CARTESIAN_POINT('',(-29.02064851234,73.207855367097,
    -27.1276951719));
#376 = CARTESIAN_POINT('',(-29.17609724057,73.146190823782,
    -27.18331855148));
#377 = CARTESIAN_POINT('',(-29.33698064112,73.081910221042,
    -27.22920512597));
#378 = CARTESIAN_POINT('',(-29.50208160272,73.015441683544,
    -27.26436239981));
#379 = CARTESIAN_POINT('',(-29.67008400959,72.947272257152,
    -27.2880924829));
#380 = CARTESIAN_POINT('',(-29.8396158188,72.877935678901,-27.3));
#381 = CARTESIAN_POINT('',(-30.00929213758,72.80800014697,-27.3));
#382 = PCURVE('',#31,#383);
#383 = DEFINITIONAL_REPRESENTATION('',(#384),#447);
#384 = B_SPLINE_CURVE_WITH_KNOTS('',7,(#385,#386,#387,#388,#389,#390,
    #391,#392,#393,#394,#395,#396,#397,#398,#399,#400,#401,#402,#403,
    #404,#405,#406,#407,#408,#409,#410,#411,#412,#413,#414,#415,#416,
    #417,#418,#419,#420,#421,#422,#423,#424,#425,#426,#427,#428,#429,
    #430,#431,#432,#433,#434,#435,#436,#437,#438,#439,#440,#441,#442,
    #443,#444,#445,#446),.UNSPECIFIED.,.T.,.F.,(1,7,6,6,6,6,6,6,6,6,6,7,
    1),(-5.1294610852E-02,0.,8.234433705252E-02,0.180747893621,
    0.344502918725,0.442270829358,0.531817470147,0.631497069351,
    0.750063004809,0.844380052372,0.948705389148,1.,1.082344337053),
  .UNSPECIFIED.);
#385 = CARTESIAN_POINT('',(1.961750079242,5.6));
#386 = CARTESIAN_POINT('',(1.965505912974,5.6));
#387 = CARTESIAN_POINT('',(1.969224061706,5.63092753851));
#388 = CARTESIAN_POINT('',(1.972841415947,5.691666143416));
#389 = CARTESIAN_POINT('',(1.976298273749,5.779816986206));
#390 = CARTESIAN_POINT('',(1.979542372534,5.891779759173));
#391 = CARTESIAN_POINT('',(1.982532284707,6.022817788073));
#392 = CARTESIAN_POINT('',(1.988476176588,6.339537076751));
#393 = CARTESIAN_POINT('',(1.991350429997,6.533075874381));
#394 = CARTESIAN_POINT('',(1.99386990748,6.742535879335));
#395 = CARTESIAN_POINT('',(1.996047230639,6.96398548136));
#396 = CARTESIAN_POINT('',(1.997896737632,7.194415923496));
#397 = CARTESIAN_POINT('',(1.99943173499,7.431510144836));
#398 = CARTESIAN_POINT('',(2.002711798631,8.076236437878));
#399 = CARTESIAN_POINT('',(2.003919121959,8.492510196358));
#400 = CARTESIAN_POINT('',(2.004335875639,8.91452881857));
#401 = CARTESIAN_POINT('',(2.003980529604,9.337286403798));
#402 = CARTESIAN_POINT('',(2.002842724783,9.755646881343));
#403 = CARTESIAN_POINT('',(2.000885014267,10.163375974576));
#404 = CARTESIAN_POINT('',(1.996355214885,10.780829088404));
#405 = CARTESIAN_POINT('',(1.994343502322,11.004828722515));
#406 = CARTESIAN_POINT('',(1.992000812102,11.219247320446));
#407 = CARTESIAN_POINT('',(1.98931583868,11.420712749827));
#408 = CARTESIAN_POINT('',(1.986280292729,11.605139911752));
#409 = CARTESIAN_POINT('',(1.98289174797,11.767555412161));
#410 = CARTESIAN_POINT('',(1.975739803706,12.024728388325));
#411 = CARTESIAN_POINT('',(1.972004655946,12.12500648216));
#412 = CARTESIAN_POINT('',(1.968032045634,12.194301038145));
#413 = CARTESIAN_POINT('',(1.96392182714,12.227454148674));
#414 = CARTESIAN_POINT('',(1.959785437912,12.222515266196));
#415 = CARTESIAN_POINT('',(1.955734909316,12.180802415044));
#416 = CARTESIAN_POINT('',(1.947568792674,12.024800099912));
#417 = CARTESIAN_POINT('',(1.943556737432,11.903959373929));
#418 = CARTESIAN_POINT('',(1.939876874095,11.751232446033));
#419 = CARTESIAN_POINT('',(1.936554474536,11.57281607043));
#420 = CARTESIAN_POINT('',(1.933602219653,11.374517771252));
#421 = CARTESIAN_POINT('',(1.931021910694,11.161827720254));
#422 = CARTESIAN_POINT('',(1.926167507312,10.67597752012));
#423 = CARTESIAN_POINT('',(1.924016483737,10.396235734064));
#424 = CARTESIAN_POINT('',(1.922326853645,10.10597220013));
#425 = CARTESIAN_POINT('',(1.921076205803,9.808819726369));
#426 = CARTESIAN_POINT('',(1.920247839336,9.507411997367));
#427 = CARTESIAN_POINT('',(1.919833043445,9.203835755161));
#428 = CARTESIAN_POINT('',(1.919833043445,8.658304176828));
#429 = CARTESIAN_POINT('',(1.920095530889,8.416688808579));
#430 = CARTESIAN_POINT('',(1.920620172678,8.176181278509));
#431 = CARTESIAN_POINT('',(1.921410322536,7.937844567293));
#432 = CARTESIAN_POINT('',(1.922472495215,7.702917664588));
#433 = CARTESIAN_POINT('',(1.92381582669,7.47296001522));
#434 = CARTESIAN_POINT('',(1.927260782778,7.003380971133));
#435 = CARTESIAN_POINT('',(1.929435221237,6.764305008691));
#436 = CARTESIAN_POINT('',(1.931990473233,6.536318420215));
#437 = CARTESIAN_POINT('',(1.934939311816,6.323741866354));
#438 = CARTESIAN_POINT('',(1.938289618141,6.131774866664));
#439 = CARTESIAN_POINT('',(1.942040543327,5.966716689324));
#440 = CARTESIAN_POINT('',(1.948207860909,5.772304828098));
#441 = CARTESIAN_POINT('',(1.95033144722,5.716681448516));
#442 = CARTESIAN_POINT('',(1.952531432364,5.670794874022));
#443 = CARTESIAN_POINT('',(1.954791464005,5.635637600187));
#444 = CARTESIAN_POINT('',(1.957093749191,5.611907517094));
#445 = CARTESIAN_POINT('',(1.959419616677,5.6));
#446 = CARTESIAN_POINT('',(1.961750079242,5.6));
#447 = ( GEOMETRIC_REPRESENTATION_CONTEXT(2) 
PARAMETRIC_REPRESENTATION_CONTEXT() REPRESENTATION_CONTEXT('2D SPACE',''
  ) );
#448 = PCURVE('',#449,#454);
#449 = CYLINDRICAL_SURFACE('',#450,3.3);
#450 = AXIS2_PLACEMENT_3D('',#451,#452,#453);
#451 = CARTESIAN_POINT('',(-28.78986693326,69.84945283941,-24.));
#452 = DIRECTION('',(-0.38107037635,0.924546033612,2.220446049251E-16));
#453 = DIRECTION('',(-8.461462116533E-17,2.052904587685E-16,-1.));
#454 = DEFINITIONAL_REPRESENTATION('',(#455),#518);
#455 = B_SPLINE_CURVE_WITH_KNOTS('',7,(#456,#457,#458,#459,#460,#461,
    #462,#463,#464,#465,#466,#467,#468,#469,#470,#471,#472,#473,#474,
    #475,#476,#477,#478,#479,#480,#481,#482,#483,#484,#485,#486,#487,
    #488,#489,#490,#491,#492,#493,#494,#495,#496,#497,#498,#499,#500,
    #501,#502,#503,#504,#505,#506,#507,#508,#509,#510,#511,#512,#513,
    #514,#515,#516,#517),.UNSPECIFIED.,.F.,.F.,(8,6,6,6,6,6,6,6,6,6,8),(
    0.,8.234433705252E-02,0.180747893621,0.344502918725,0.442270829358,
    0.531817470147,0.631497069351,0.750063004809,0.844380052372,
    0.948705389148,1.),.UNSPECIFIED.);
#456 = CARTESIAN_POINT('',(0.,3.2));
#457 = CARTESIAN_POINT('',(8.962785042535E-02,3.2));
#458 = CARTESIAN_POINT('',(0.178356292718,3.198704301653));
#459 = CARTESIAN_POINT('',(0.265853892206,3.19615798645));
#460 = CARTESIAN_POINT('',(0.351761969172,3.19254186685));
#461 = CARTESIAN_POINT('',(0.435657381791,3.188139716934));
#462 = CARTESIAN_POINT('',(0.516990534047,3.183283197651));
#463 = CARTESIAN_POINT('',(0.688220222351,3.172288928917));
#464 = CARTESIAN_POINT('',(0.77787524969,3.166010467425));
#465 = CARTESIAN_POINT('',(0.864540134896,3.159814536553));
#466 = CARTESIAN_POINT('',(0.948677490023,3.153984662741));
#467 = CARTESIAN_POINT('',(1.030698941312,3.148721076521));
#468 = CARTESIAN_POINT('',(1.111004322815,3.14415741252));
#469 = CARTESIAN_POINT('',(1.321450630797,3.134108563042));
#470 = CARTESIAN_POINT('',(1.449256611555,3.130024455173));
#471 = CARTESIAN_POINT('',(1.57538190161,3.128546507148));
#472 = CARTESIAN_POINT('',(1.701374870495,3.129780887827));
#473 = CARTESIAN_POINT('',(1.828770702074,3.133686217778));
#474 = CARTESIAN_POINT('',(1.959111778058,3.140019738362));
#475 = CARTESIAN_POINT('',(2.175164336531,3.152965378781));
#476 = CARTESIAN_POINT('',(2.257937919282,3.158451309257));
#477 = CARTESIAN_POINT('',(2.343007259392,3.164441762132));
#478 = CARTESIAN_POINT('',(2.430673788518,3.170728338653));
#479 = CARTESIAN_POINT('',(2.521293798044,3.177024463144));
#480 = CARTESIAN_POINT('',(2.61527757488,3.18294978908));
#481 = CARTESIAN_POINT('',(2.80287600647,3.192754171645));
#482 = CARTESIAN_POINT('',(2.896571228469,3.196800140327));
#483 = CARTESIAN_POINT('',(2.992704728134,3.199743202207));
#484 = CARTESIAN_POINT('',(3.090109526862,3.201178250311));
#485 = CARTESIAN_POINT('',(3.187788257141,3.200943048306));
#486 = CARTESIAN_POINT('',(3.284702876232,3.199163319412));
#487 = CARTESIAN_POINT('',(3.485218834305,3.192810044023));
#488 = CARTESIAN_POINT('',(3.586885964951,3.187988610909));
#489 = CARTESIAN_POINT('',(3.68504502907,3.182137803381));
#490 = CARTESIAN_POINT('',(3.779946277358,3.17574867612));
#491 = CARTESIAN_POINT('',(3.871737149626,3.169259567553));
#492 = CARTESIAN_POINT('',(3.960444977352,3.16301770827));
#493 = CARTESIAN_POINT('',(4.147744454141,3.150425506224));
#494 = CARTESIAN_POINT('',(4.246088144447,3.144207146125));
#495 = CARTESIAN_POINT('',(4.341853981751,3.138971001738));
#496 = CARTESIAN_POINT('',(4.435713840305,3.134929221231));
#497 = CARTESIAN_POINT('',(4.528324848906,3.132195583162));
#498 = CARTESIAN_POINT('',(4.620317539427,3.130826762306));
#499 = CARTESIAN_POINT('',(4.785630138922,3.130826762306));
#500 = CARTESIAN_POINT('',(4.858847167356,3.131692986784));
#501 = CARTESIAN_POINT('',(4.932369111898,3.133424247636));
#502 = CARTESIAN_POINT('',(5.006516633278,3.135997675245));
#503 = CARTESIAN_POINT('',(5.081607042778,3.139366399469));
#504 = CARTESIAN_POINT('',(5.157971983373,3.143451149393));
#505 = CARTESIAN_POINT('',(5.32228203641,3.153296433701));
#506 = CARTESIAN_POINT('',(5.410952597505,3.159210152829));
#507 = CARTESIAN_POINT('',(5.502307130734,3.165693396435));
#508 = CARTESIAN_POINT('',(5.596671143056,3.172481816533));
#509 = CARTESIAN_POINT('',(5.694450821727,3.179206834151));
#510 = CARTESIAN_POINT('',(5.796122565407,3.185377630131));
#511 = CARTESIAN_POINT('',(5.954633828309,3.192941759443));
#512 = CARTESIAN_POINT('',(6.007940822657,3.195166955874));
#513 = CARTESIAN_POINT('',(6.062078080343,3.19704447757));
#514 = CARTESIAN_POINT('',(6.116846953097,3.198506340438));
#515 = CARTESIAN_POINT('',(6.172068375537,3.199501308067));
#516 = CARTESIAN_POINT('',(6.227571995967,3.2));
#517 = CARTESIAN_POINT('',(6.28318530718,3.2));
#518 = ( GEOMETRIC_REPRESENTATION_CONTEXT(2) 
PARAMETRIC_REPRESENTATION_CONTEXT() REPRESENTATION_CONTEXT('2D SPACE',''
  ) );
#519 = FACE_BOUND('',#520,.T.);
#520 = EDGE_LOOP('',(#521));
#521 = ORIENTED_EDGE('',*,*,#522,.F.);
#522 = EDGE_CURVE('',#523,#523,#525,.T.);
#523 = VERTEX_POINT('',#524);
#524 = CARTESIAN_POINT('',(-78.0582237948,10.415190732748,-27.3));
#525 = SURFACE_CURVE('',#526,(#589,#655),.PCURVE_S1.);
#526 = B_SPLINE_CURVE_WITH_KNOTS('',7,(#527,#528,#529,#530,#531,#532,
    #533,#534,#535,#536,#537,#538,#539,#540,#541,#542,#543,#544,#545,
    #546,#547,#548,#549,#550,#551,#552,#553,#554,#555,#556,#557,#558,
    #559,#560,#561,#562,#563,#564,#565,#566,#567,#568,#569,#570,#571,
    #572,#573,#574,#575,#576,#577,#578,#579,#580,#581,#582,#583,#584,
    #585,#586,#587,#588),.UNSPECIFIED.,.T.,.F.,(1,7,6,6,6,6,6,6,6,6,6,7,
    1),(-5.1294605674E-02,0.,8.234434056482E-02,0.180747901381,
    0.344502933553,0.44227084522,0.531817484085,0.631497081171,
    0.750063014147,0.844380059734,0.948705394326,1.,1.082344340565),
  .UNSPECIFIED.);
#527 = CARTESIAN_POINT('',(-78.0582237948,10.415190732748,-27.3));
#528 = CARTESIAN_POINT('',(-78.09734151951,10.122017022575,-27.3));
#529 = CARTESIAN_POINT('',(-78.13478243068,9.831613577685,
    -27.26907246145));
#530 = CARTESIAN_POINT('',(-78.16993301988,9.548919294326,-27.2083338566
    ));
#531 = CARTESIAN_POINT('',(-78.20234986847,9.27862457648,-27.12018301385
    ));
#532 = CARTESIAN_POINT('',(-78.23176960611,9.024848929101,
    -27.00822024083));
#533 = CARTESIAN_POINT('',(-78.25808975625,8.79086809029,-26.87718221185
    ));
#534 = CARTESIAN_POINT('',(-78.30908175503,8.32557238525,-26.56046292324
    ));
#535 = CARTESIAN_POINT('',(-78.33278309573,8.100467203893,
    -26.36692412561));
#536 = CARTESIAN_POINT('',(-78.35286984376,7.903076154398,
    -26.15746412066));
#537 = CARTESIAN_POINT('',(-78.36975541238,7.732444612181,
    -25.93601451864));
#538 = CARTESIAN_POINT('',(-78.3837884914,7.587473226075,-25.7055840765)
  );
#539 = CARTESIAN_POINT('',(-78.39524081997,7.467135826677,
    -25.46848985516));
#540 = CARTESIAN_POINT('',(-78.41941687131,7.209964682079,
    -24.82376356212));
#541 = CARTESIAN_POINT('',(-78.42793163734,7.115269248004,
    -24.40748980364));
#542 = CARTESIAN_POINT('',(-78.4308027868,7.082576113287,-23.98547118143
    ));
#543 = CARTESIAN_POINT('',(-78.42832894011,7.110449972202,-23.5627135962
    ));
#544 = CARTESIAN_POINT('',(-78.42036082856,7.19969666889,-23.14435311865
    ));
#545 = CARTESIAN_POINT('',(-78.40626576565,7.353222452721,
    -22.73662402542));
#546 = CARTESIAN_POINT('',(-78.37195003907,7.70828977029,-22.11917091912
    ));
#547 = CARTESIAN_POINT('',(-78.35644794485,7.865952078107,
    -21.89517125883));
#548 = CARTESIAN_POINT('',(-78.3379989787,8.049514884909,-21.68075269553
    ));
#549 = CARTESIAN_POINT('',(-78.3162779762,8.259839480189,-21.4792872506)
  );
#550 = CARTESIAN_POINT('',(-78.29091359056,8.497542159446,
    -21.29486007947));
#551 = CARTESIAN_POINT('',(-78.26150282455,8.762767405976,
    -21.13244459214));
#552 = CARTESIAN_POINT('',(-78.19674350338,9.322247580069,
    -20.87527161167));
#553 = CARTESIAN_POINT('',(-78.16185508699,9.614315956608,
    -20.77499351784));
#554 = CARTESIAN_POINT('',(-78.12339794728,9.924791513263,
    -20.70569896185));
#555 = CARTESIAN_POINT('',(-78.08201115114,10.245821623942,
    -20.67254585132));
#556 = CARTESIAN_POINT('',(-78.03869587592,10.56867613285,-20.6774847338
    ));
#557 = CARTESIAN_POINT('',(-77.99474503159,10.884615732636,
    -20.71919758495));
#558 = CARTESIAN_POINT('',(-77.90340005467,11.521176923332,
    -20.8751999001));
#559 = CARTESIAN_POINT('',(-77.85683891504,11.833681233951,
    -20.99604062609));
#560 = CARTESIAN_POINT('',(-77.81272015576,12.120097581919,
    -21.14876755394));
#561 = CARTESIAN_POINT('',(-77.77179362508,12.378519015346,
    -21.32718392951));
#562 = CARTESIAN_POINT('',(-77.73462499594,12.608020321038,
    -21.52548222873));
#563 = CARTESIAN_POINT('',(-77.70157617421,12.808514575815,
    -21.73817227981));
#564 = CARTESIAN_POINT('',(-77.63856248678,13.185569658606,
    -22.22402247987));
#565 = CARTESIAN_POINT('',(-77.61001037187,13.352540342374,
    -22.50376426593));
#566 = CARTESIAN_POINT('',(-77.58723598469,13.483635573881,
    -22.79402779986));
#567 = CARTESIAN_POINT('',(-77.57021493886,13.580642188167,
    -23.09118027363));
#568 = CARTESIAN_POINT('',(-77.55888529899,13.644884657013,
    -23.39258800263));
#569 = CARTESIAN_POINT('',(-77.55321211878,13.677053412859,
    -23.69616424483));
#570 = CARTESIAN_POINT('',(-77.55321211878,13.677053412859,
    -24.24169582317));
#571 = CARTESIAN_POINT('',(-77.55680218897,13.656696673384,
    -24.48331119142));
#572 = CARTESIAN_POINT('',(-77.56397768746,13.61600900037,
    -24.72381872149));
#573 = CARTESIAN_POINT('',(-77.57475102947,13.55472442731,-24.9621554327
    ));
#574 = CARTESIAN_POINT('',(-77.58914393176,13.472325806144,
    -25.19708233541));
#575 = CARTESIAN_POINT('',(-77.60717345647,13.368085889112,
    -25.42703998478));
#576 = CARTESIAN_POINT('',(-77.65278849519,13.100657972195,
    -25.89661902886));
#577 = CARTESIAN_POINT('',(-77.68128398165,12.931808286883,
    -26.13569499131));
#578 = CARTESIAN_POINT('',(-77.71431001697,12.733309932403,
    -26.36368157978));
#579 = CARTESIAN_POINT('',(-77.75173866818,12.504122967767,
    -26.57625813364));
#580 = CARTESIAN_POINT('',(-77.79328786271,12.24357457677,
    -26.76822513333));
#581 = CARTESIAN_POINT('',(-77.83846308004,11.951659899581,
    -26.93328331067));
#582 = CARTESIAN_POINT('',(-77.91018675876,11.471308850224,
    -27.12769516677));
#583 = CARTESIAN_POINT('',(-77.93450806562,11.305854004876,
    -27.18331855372));
#584 = CARTESIAN_POINT('',(-77.95928113066,11.134384594253,
    -27.22920512995));
#585 = CARTESIAN_POINT('',(-77.98426816645,10.958168719709,
    -27.26436239961));
#586 = CARTESIAN_POINT('',(-78.00923291433,10.778589657484,
    -27.28809247991));
#587 = CARTESIAN_POINT('',(-78.03395158429,10.597102489265,-27.3));
#588 = CARTESIAN_POINT('',(-78.0582237948,10.415190732748,-27.3));
#589 = PCURVE('',#31,#590);
#590 = DEFINITIONAL_REPRESENTATION('',(#591),#654);
#591 = B_SPLINE_CURVE_WITH_KNOTS('',7,(#592,#593,#594,#595,#596,#597,
    #598,#599,#600,#601,#602,#603,#604,#605,#606,#607,#608,#609,#610,
    #611,#612,#613,#614,#615,#616,#617,#618,#619,#620,#621,#622,#623,
    #624,#625,#626,#627,#628,#629,#630,#631,#632,#633,#634,#635,#636,
    #637,#638,#639,#640,#641,#642,#643,#644,#645,#646,#647,#648,#649,
    #650,#651,#652,#653),.UNSPECIFIED.,.T.,.F.,(1,7,6,6,6,6,6,6,6,6,6,7,
    1),(-5.1294605674E-02,0.,8.234434056482E-02,0.180747901381,
    0.344502933553,0.44227084522,0.531817484085,0.631497081171,
    0.750063014147,0.844380059734,0.948705394326,1.,1.082344340565),
  .UNSPECIFIED.);
#592 = CARTESIAN_POINT('',(3.008947630438,5.6));
#593 = CARTESIAN_POINT('',(3.012703464173,5.6));
#594 = CARTESIAN_POINT('',(3.016421612903,5.630927538547));
#595 = CARTESIAN_POINT('',(3.020038967142,5.691666143393));
#596 = CARTESIAN_POINT('',(3.023495824944,5.779816986145));
#597 = CARTESIAN_POINT('',(3.026739923731,5.89177975917));
#598 = CARTESIAN_POINT('',(3.029729835905,6.022817788146));
#599 = CARTESIAN_POINT('',(3.035673727784,6.339537076751));
#600 = CARTESIAN_POINT('',(3.038547981193,6.533075874381));
#601 = CARTESIAN_POINT('',(3.041067458677,6.742535879335));
#602 = CARTESIAN_POINT('',(3.043244781836,6.96398548136));
#603 = CARTESIAN_POINT('',(3.045094288829,7.194415923496));
#604 = CARTESIAN_POINT('',(3.046629286187,7.431510144837));
#605 = CARTESIAN_POINT('',(3.049909349827,8.076236437878));
#606 = CARTESIAN_POINT('',(3.051116673156,8.492510196357));
#607 = CARTESIAN_POINT('',(3.051533426835,8.91452881857));
#608 = CARTESIAN_POINT('',(3.051178080801,9.337286403799));
#609 = CARTESIAN_POINT('',(3.050040275979,9.755646881343));
#610 = CARTESIAN_POINT('',(3.048082565464,10.163375974576));
#611 = CARTESIAN_POINT('',(3.043552766137,10.780829080879));
#612 = CARTESIAN_POINT('',(3.041541053413,11.004828741169));
#613 = CARTESIAN_POINT('',(3.039198363276,11.219247304463));
#614 = CARTESIAN_POINT('',(3.036513390137,11.420712749393));
#615 = CARTESIAN_POINT('',(3.033477843631,11.60513992053));
#616 = CARTESIAN_POINT('',(3.030089299286,11.767555407858));
#617 = CARTESIAN_POINT('',(3.022937354902,12.024728388325));
#618 = CARTESIAN_POINT('',(3.019202207143,12.12500648216));
#619 = CARTESIAN_POINT('',(3.01522959683,12.194301038145));
#620 = CARTESIAN_POINT('',(3.011119378336,12.227454148674));
#621 = CARTESIAN_POINT('',(3.006982989109,12.222515266196));
#622 = CARTESIAN_POINT('',(3.002932460512,12.180802415044));
#623 = CARTESIAN_POINT('',(2.99476634387,12.024800099892));
#624 = CARTESIAN_POINT('',(2.990754288629,11.903959373906));
#625 = CARTESIAN_POINT('',(2.987074425292,11.751232446055));
#626 = CARTESIAN_POINT('',(2.983752025733,11.572816070483));
#627 = CARTESIAN_POINT('',(2.980799770849,11.374517771263));
#628 = CARTESIAN_POINT('',(2.97821946189,11.161827720186));
#629 = CARTESIAN_POINT('',(2.973365058509,10.675977520121));
#630 = CARTESIAN_POINT('',(2.971214034934,10.396235734063));
#631 = CARTESIAN_POINT('',(2.969524404841,10.105972200133));
#632 = CARTESIAN_POINT('',(2.968273756999,9.808819726367));
#633 = CARTESIAN_POINT('',(2.967445390533,9.507411997368));
#634 = CARTESIAN_POINT('',(2.967030594642,9.203835755161));
#635 = CARTESIAN_POINT('',(2.967030594642,8.658304176828));
#636 = CARTESIAN_POINT('',(2.967293082085,8.416688808578));
#637 = CARTESIAN_POINT('',(2.967817723875,8.176181278509));
#638 = CARTESIAN_POINT('',(2.968607873733,7.937844567294));
#639 = CARTESIAN_POINT('',(2.969670046411,7.702917664588));
#640 = CARTESIAN_POINT('',(2.971013377886,7.47296001522));
#641 = CARTESIAN_POINT('',(2.974458333975,7.003380971133));
#642 = CARTESIAN_POINT('',(2.976632772433,6.76430500869));
#643 = CARTESIAN_POINT('',(2.97918802443,6.536318420215));
#644 = CARTESIAN_POINT('',(2.982136863013,6.323741866354));
#645 = CARTESIAN_POINT('',(2.985487169337,6.131774866664));
#646 = CARTESIAN_POINT('',(2.989238094523,5.966716689324));
#647 = CARTESIAN_POINT('',(2.995405411943,5.772304833226));
#648 = CARTESIAN_POINT('',(2.997528998589,5.716681446272));
#649 = CARTESIAN_POINT('',(2.999728983699,5.670794870049));
#650 = CARTESIAN_POINT('',(3.001989015068,5.635637600383));
#651 = CARTESIAN_POINT('',(3.004291300213,5.611907520088));
#652 = CARTESIAN_POINT('',(3.006617168026,5.6));
#653 = CARTESIAN_POINT('',(3.008947630438,5.6));
#654 = ( GEOMETRIC_REPRESENTATION_CONTEXT(2) 
PARAMETRIC_REPRESENTATION_CONTEXT() REPRESENTATION_CONTEXT('2D SPACE',''
  ) );
#655 = PCURVE('',#656,#661);
#656 = CYLINDRICAL_SURFACE('',#657,3.3);
#657 = AXIS2_PLACEMENT_3D('',#658,#659,#660);
#658 = CARTESIAN_POINT('',(-74.886334066,9.991970283926,-24.));
#659 = DIRECTION('',(-0.991215540252,0.132256390257,2.220446049249E-16)
  );
#660 = DIRECTION('',(-2.200940630306E-16,2.936681792343E-17,-1.));
#661 = DEFINITIONAL_REPRESENTATION('',(#662),#725);
#662 = B_SPLINE_CURVE_WITH_KNOTS('',7,(#663,#664,#665,#666,#667,#668,
    #669,#670,#671,#672,#673,#674,#675,#676,#677,#678,#679,#680,#681,
    #682,#683,#684,#685,#686,#687,#688,#689,#690,#691,#692,#693,#694,
    #695,#696,#697,#698,#699,#700,#701,#702,#703,#704,#705,#706,#707,
    #708,#709,#710,#711,#712,#713,#714,#715,#716,#717,#718,#719,#720,
    #721,#722,#723,#724),.UNSPECIFIED.,.F.,.F.,(8,6,6,6,6,6,6,6,6,6,8),(
    0.,8.234434056482E-02,0.180747901381,0.344502933553,0.44227084522,
    0.531817484085,0.631497081171,0.750063014147,0.844380059734,
    0.948705394326,1.),.UNSPECIFIED.);
#663 = CARTESIAN_POINT('',(0.,3.2));
#664 = CARTESIAN_POINT('',(8.962785047929E-02,3.2));
#665 = CARTESIAN_POINT('',(0.178356292717,3.198704301652));
#666 = CARTESIAN_POINT('',(0.265853892165,3.196157986451));
#667 = CARTESIAN_POINT('',(0.35176196914,3.192541866852));
#668 = CARTESIAN_POINT('',(0.4356573818,3.188139716934));
#669 = CARTESIAN_POINT('',(0.516990534087,3.183283197648));
#670 = CARTESIAN_POINT('',(0.688220222351,3.172288928917));
#671 = CARTESIAN_POINT('',(0.77787524969,3.166010467425));
#672 = CARTESIAN_POINT('',(0.864540134896,3.159814536553));
#673 = CARTESIAN_POINT('',(0.948677490023,3.153984662741));
#674 = CARTESIAN_POINT('',(1.030698941312,3.148721076521));
#675 = CARTESIAN_POINT('',(1.111004322815,3.14415741252));
#676 = CARTESIAN_POINT('',(1.321450630797,3.134108563042));
#677 = CARTESIAN_POINT('',(1.449256611555,3.130024455173));
#678 = CARTESIAN_POINT('',(1.575381901609,3.128546507148));
#679 = CARTESIAN_POINT('',(1.701374870495,3.129780887827));
#680 = CARTESIAN_POINT('',(1.828770702074,3.133686217778));
#681 = CARTESIAN_POINT('',(1.959111778058,3.140019738362));
#682 = CARTESIAN_POINT('',(2.175164333898,3.152965378623));
#683 = CARTESIAN_POINT('',(2.257937925184,3.158451309633));
#684 = CARTESIAN_POINT('',(2.343007256455,3.164441761901));
#685 = CARTESIAN_POINT('',(2.43067378361,3.170728338425));
#686 = CARTESIAN_POINT('',(2.521293805338,3.177024463528));
#687 = CARTESIAN_POINT('',(2.615277571741,3.182949788916));
#688 = CARTESIAN_POINT('',(2.80287600647,3.192754171645));
#689 = CARTESIAN_POINT('',(2.896571228469,3.196800140327));
#690 = CARTESIAN_POINT('',(2.992704728134,3.199743202207));
#691 = CARTESIAN_POINT('',(3.090109526862,3.201178250311));
#692 = CARTESIAN_POINT('',(3.187788257141,3.200943048306));
#693 = CARTESIAN_POINT('',(3.284702876232,3.199163319412));
#694 = CARTESIAN_POINT('',(3.48521883433,3.192810044022));
#695 = CARTESIAN_POINT('',(3.586885964956,3.187988610908));
#696 = CARTESIAN_POINT('',(3.685045029051,3.182137803382));
#697 = CARTESIAN_POINT('',(3.779946277337,3.175748676122));
#698 = CARTESIAN_POINT('',(3.871737149626,3.169259567553));
#699 = CARTESIAN_POINT('',(3.960444977378,3.163017708268));
#700 = CARTESIAN_POINT('',(4.147744454141,3.150425506224));
#701 = CARTESIAN_POINT('',(4.246088144448,3.144207146125));
#702 = CARTESIAN_POINT('',(4.34185398175,3.138971001738));
#703 = CARTESIAN_POINT('',(4.435713840306,3.134929221231));
#704 = CARTESIAN_POINT('',(4.528324848905,3.132195583162));
#705 = CARTESIAN_POINT('',(4.620317539427,3.130826762306));
#706 = CARTESIAN_POINT('',(4.785630138922,3.130826762306));
#707 = CARTESIAN_POINT('',(4.858847167357,3.131692986784));
#708 = CARTESIAN_POINT('',(4.932369111898,3.133424247636));
#709 = CARTESIAN_POINT('',(5.006516633278,3.135997675245));
#710 = CARTESIAN_POINT('',(5.081607042778,3.139366399469));
#711 = CARTESIAN_POINT('',(5.157971983373,3.143451149393));
#712 = CARTESIAN_POINT('',(5.322282036409,3.153296433701));
#713 = CARTESIAN_POINT('',(5.410952597505,3.159210152829));
#714 = CARTESIAN_POINT('',(5.502307130734,3.165693396435));
#715 = CARTESIAN_POINT('',(5.596671143055,3.172481816533));
#716 = CARTESIAN_POINT('',(5.694450821727,3.179206834151));
#717 = CARTESIAN_POINT('',(5.796122565407,3.185377630131));
#718 = CARTESIAN_POINT('',(5.954633824128,3.192941759243));
#719 = CARTESIAN_POINT('',(6.007940826868,3.195166955963));
#720 = CARTESIAN_POINT('',(6.062078083847,3.197044477726));
#721 = CARTESIAN_POINT('',(6.116846949913,3.198506340429));
#722 = CARTESIAN_POINT('',(6.172068371209,3.199501307949));
#723 = CARTESIAN_POINT('',(6.227571999616,3.2));
#724 = CARTESIAN_POINT('',(6.28318530718,3.2));
#725 = ( GEOMETRIC_REPRESENTATION_CONTEXT(2) 
PARAMETRIC_REPRESENTATION_CONTEXT() REPRESENTATION_CONTEXT('2D SPACE',''
  ) );
#726 = FACE_BOUND('',#727,.T.);
#727 = EDGE_LOOP('',(#728));
#728 = ORIENTED_EDGE('',*,*,#729,.F.);
#729 = EDGE_CURVE('',#730,#730,#732,.T.);
#730 = VERTEX_POINT('',#731);
#731 = CARTESIAN_POINT('',(30.009292137584,-72.80800014697,-27.3));
#732 = SURFACE_CURVE('',#733,(#796,#862),.PCURVE_S1.);
#733 = B_SPLINE_CURVE_WITH_KNOTS('',7,(#734,#735,#736,#737,#738,#739,
    #740,#741,#742,#743,#744,#745,#746,#747,#748,#749,#750,#751,#752,
    #753,#754,#755,#756,#757,#758,#759,#760,#761,#762,#763,#764,#765,
    #766,#767,#768,#769,#770,#771,#772,#773,#774,#775,#776,#777,#778,
    #779,#780,#781,#782,#783,#784,#785,#786,#787,#788,#789,#790,#791,
    #792,#793,#794,#795),.UNSPECIFIED.,.T.,.F.,(1,7,6,6,6,6,6,6,6,6,6,7,
    1),(-5.1294601253E-02,0.,8.234434352505E-02,0.180747908751,
    0.344502951524,0.442270868476,0.531817512423,0.631497109931,
    0.750063035689,0.844380073147,0.948705398747,1.,1.082344343525),
  .UNSPECIFIED.);
#734 = CARTESIAN_POINT('',(30.009292137584,-72.80800014697,-27.3));
#735 = CARTESIAN_POINT('',(30.282746883097,-72.69529023421,-27.3));
#736 = CARTESIAN_POINT('',(30.552964091503,-72.58251329523,
    -27.26907246245));
#737 = CARTESIAN_POINT('',(30.815359825193,-72.47160745328,
    -27.20833385517));
#738 = CARTESIAN_POINT('',(31.065650342168,-72.36453390857,
    -27.12018301336));
#739 = CARTESIAN_POINT('',(31.300136360395,-72.26312432849,
    -27.00822024297));
#740 = CARTESIAN_POINT('',(31.515929792349,-72.16892782494,
    -26.87718221057));
#741 = CARTESIAN_POINT('',(31.944383690845,-71.98044033951,
    -26.56046292324));
#742 = CARTESIAN_POINT('',(32.151181166772,-71.88841371198,
    -26.36692412561));
#743 = CARTESIAN_POINT('',(32.33217020413,-71.80711382131,
    -26.15746412066));
#744 = CARTESIAN_POINT('',(32.488384238689,-71.73642138159,
    -25.93601451864));
#745 = CARTESIAN_POINT('',(32.620949681386,-71.67608869145,
    -25.7055840765));
#746 = CARTESIAN_POINT('',(32.730891090577,-71.62583799923,
    -25.46848985516));
#747 = CARTESIAN_POINT('',(32.965695863508,-71.51818950021,
    -24.8237635541));
#748 = CARTESIAN_POINT('',(33.051961889871,-71.47821579063,
    -24.40748983677));
#749 = CARTESIAN_POINT('',(33.081710554605,-71.4643557094,
    -23.98547111768));
#750 = CARTESIAN_POINT('',(33.056334172958,-71.47615021953,
    -23.56271366548));
#751 = CARTESIAN_POINT('',(32.975060186349,-71.5138729919,
    -23.14435307788));
#752 = CARTESIAN_POINT('',(32.835055444738,-71.57842919272,
    -22.73662403616));
#753 = CARTESIAN_POINT('',(32.510400256658,-71.72624456405,
    -22.11917091517));
#754 = CARTESIAN_POINT('',(32.366109651718,-71.79165050779,
    -21.89517126844));
#755 = CARTESIAN_POINT('',(32.197915111812,-71.86745463939,
    -21.68075268736));
#756 = CARTESIAN_POINT('',(32.004908157404,-71.95380600144,
    -21.47928725041));
#757 = CARTESIAN_POINT('',(31.786369426426,-72.05069112992,
    -21.29486008396));
#758 = CARTESIAN_POINT('',(31.541972226724,-72.15783328935,
    -21.13244458989));
#759 = CARTESIAN_POINT('',(31.025068530468,-72.38149015567,
    -20.8752716134));
#760 = CARTESIAN_POINT('',(30.754685676089,-72.49731009434,
    -20.77499351572));
#761 = CARTESIAN_POINT('',(30.466577401738,-72.61924300655,
    -20.70569896136));
#762 = CARTESIAN_POINT('',(30.167863772051,-72.74391604513,
    -20.67254585288));
#763 = CARTESIAN_POINT('',(29.866605913095,-72.86783117705,
    -20.67748473419));
#764 = CARTESIAN_POINT('',(29.571018784905,-72.98773842377,
    -20.71919758391));
#765 = CARTESIAN_POINT('',(28.974068142299,-73.22691194536,
    -20.87519989695));
#766 = CARTESIAN_POINT('',(28.680150859254,-73.34284098757,
    -20.99604063145));
#767 = CARTESIAN_POINT('',(28.410047700327,-73.44784117323,
    -21.14876755897));
#768 = CARTESIAN_POINT('',(28.165784884636,-73.54160848517,
    -21.32718390778));
#769 = CARTESIAN_POINT('',(27.948446595369,-73.62417016545,
    -21.52548225118));
#770 = CARTESIAN_POINT('',(27.758289086144,-73.69579616645,
    -21.73817227107));
#771 = CARTESIAN_POINT('',(27.400242960676,-73.82975225429,
    -22.22402247308));
#772 = CARTESIAN_POINT('',(27.241366031206,-73.88851074612,
    -22.50376428125));
#773 = CARTESIAN_POINT('',(27.116447064745,-73.93433515358,
    -22.7940277924));
#774 = CARTESIAN_POINT('',(27.023926326864,-73.96809781112,
    -23.09118026085));
#775 = CARTESIAN_POINT('',(26.962625906502,-73.990407286,-23.39258802105
    ));
#776 = CARTESIAN_POINT('',(26.931930354942,-74.00157854638,
    -23.69616423714));
#777 = CARTESIAN_POINT('',(26.931930354942,-74.00157854638,
    -24.24169582317));
#778 = CARTESIAN_POINT('',(26.951354843558,-73.99450926862,
    -24.48331119142));
#779 = CARTESIAN_POINT('',(26.990179151255,-73.98037959609,
    -24.72381872149));
#780 = CARTESIAN_POINT('',(27.048639819389,-73.95906729743,
    -24.9621554327));
#781 = CARTESIAN_POINT('',(27.127195569702,-73.93033260586,
    -25.19708233541));
#782 = CARTESIAN_POINT('',(27.226484748292,-73.89382667376,
    -25.42703998478));
#783 = CARTESIAN_POINT('',(27.480891637387,-73.79961649763,
    -25.89661902886));
#784 = CARTESIAN_POINT('',(27.641367497516,-73.73986947014,
    -26.1356949913));
#785 = CARTESIAN_POINT('',(27.829785132766,-73.66922167848,
    -26.36368157978));
#786 = CARTESIAN_POINT('',(28.046981191963,-73.58704235894,
    -26.57625813364));
#787 = CARTESIAN_POINT('',(28.293397314745,-73.49275082141,
    -26.76822513333));
#788 = CARTESIAN_POINT('',(28.568790449591,-73.38591636864,
    -26.93328331067));
#789 = CARTESIAN_POINT('',(29.020648500431,-73.20785537179,
    -27.12769516677));
#790 = CARTESIAN_POINT('',(29.17609725311,-73.14619081871,
    -27.18331855372));
#791 = CARTESIAN_POINT('',(29.336980651204,-73.08191021705,
    -27.22920512995));
#792 = CARTESIAN_POINT('',(29.502081593003,-73.01544168754,
    -27.26436239961));
#793 = CARTESIAN_POINT('',(29.670083996816,-72.94727226229,
    -27.28809247991));
#794 = CARTESIAN_POINT('',(29.839615829934,-72.87793567431,-27.3));
#795 = CARTESIAN_POINT('',(30.009292137584,-72.80800014697,-27.3));
#796 = PCURVE('',#31,#797);
#797 = DEFINITIONAL_REPRESENTATION('',(#798),#861);
#798 = B_SPLINE_CURVE_WITH_KNOTS('',7,(#799,#800,#801,#802,#803,#804,
    #805,#806,#807,#808,#809,#810,#811,#812,#813,#814,#815,#816,#817,
    #818,#819,#820,#821,#822,#823,#824,#825,#826,#827,#828,#829,#830,
    #831,#832,#833,#834,#835,#836,#837,#838,#839,#840,#841,#842,#843,
    #844,#845,#846,#847,#848,#849,#850,#851,#852,#853,#854,#855,#856,
    #857,#858,#859,#860),.UNSPECIFIED.,.T.,.F.,(1,7,6,6,6,6,6,6,6,6,6,7,
    1),(-5.1294601253E-02,0.,8.234434352505E-02,0.180747908751,
    0.344502951524,0.442270868476,0.531817512423,0.631497109931,
    0.750063035689,0.844380073147,0.948705398747,1.,1.082344343525),
  .UNSPECIFIED.);
#799 = CARTESIAN_POINT('',(5.103342732831,5.6));
#800 = CARTESIAN_POINT('',(5.107098566599,5.6));
#801 = CARTESIAN_POINT('',(5.110816715222,5.630927537549));
#802 = CARTESIAN_POINT('',(5.114434069574,5.691666144827));
#803 = CARTESIAN_POINT('',(5.117890927383,5.779816986636));
#804 = CARTESIAN_POINT('',(5.121135026059,5.891779757027));
#805 = CARTESIAN_POINT('',(5.124124938322,6.022817789426));
#806 = CARTESIAN_POINT('',(5.130068830177,6.339537076751));
#807 = CARTESIAN_POINT('',(5.132943083587,6.533075874381));
#808 = CARTESIAN_POINT('',(5.13546256107,6.742535879335));
#809 = CARTESIAN_POINT('',(5.137639884229,6.96398548136));
#810 = CARTESIAN_POINT('',(5.139489391222,7.194415923496));
#811 = CARTESIAN_POINT('',(5.14102438858,7.431510144837));
#812 = CARTESIAN_POINT('',(5.144304452261,8.076236445899));
#813 = CARTESIAN_POINT('',(5.145511775475,8.492510163224));
#814 = CARTESIAN_POINT('',(5.145928529222,8.914528882315));
#815 = CARTESIAN_POINT('',(5.14557318335,9.337286334521));
#816 = CARTESIAN_POINT('',(5.144435378189,9.755646922117));
#817 = CARTESIAN_POINT('',(5.142477667936,10.163375963838));
#818 = CARTESIAN_POINT('',(5.137947868501,10.780829084829));
#819 = CARTESIAN_POINT('',(5.135936155861,11.004828731556));
#820 = CARTESIAN_POINT('',(5.133593465682,11.219247312634));
#821 = CARTESIAN_POINT('',(5.130908492397,11.420712749583));
#822 = CARTESIAN_POINT('',(5.127872946176,11.605139916032));
#823 = CARTESIAN_POINT('',(5.124484401617,11.767555410109));
#824 = CARTESIAN_POINT('',(5.117332457344,12.024728386593));
#825 = CARTESIAN_POINT('',(5.113597309412,12.125006484271));
#826 = CARTESIAN_POINT('',(5.109624699304,12.194301038638));
#827 = CARTESIAN_POINT('',(5.105514480805,12.227454147113));
#828 = CARTESIAN_POINT('',(5.101378091372,12.222515265809));
#829 = CARTESIAN_POINT('',(5.09732756296,12.18080241609));
#830 = CARTESIAN_POINT('',(5.089161446428,12.024800103044));
#831 = CARTESIAN_POINT('',(5.08514939062,11.903959368541));
#832 = CARTESIAN_POINT('',(5.081469528025,11.751232441028));
#833 = CARTESIAN_POINT('',(5.078147128132,11.572816092219));
#834 = CARTESIAN_POINT('',(5.075194873065,11.374517748819));
#835 = CARTESIAN_POINT('',(5.072614564371,11.161827728922));
#836 = CARTESIAN_POINT('',(5.06776016097,10.675977526912));
#837 = CARTESIAN_POINT('',(5.065609137149,10.39623571875));
#838 = CARTESIAN_POINT('',(5.063919507434,10.105972207593));
#839 = CARTESIAN_POINT('',(5.062668859285,9.808819739142));
#840 = CARTESIAN_POINT('',(5.061840492949,9.507411978942));
#841 = CARTESIAN_POINT('',(5.061425697035,9.203835762853));
#842 = CARTESIAN_POINT('',(5.061425697035,8.658304176828));
#843 = CARTESIAN_POINT('',(5.061688184478,8.416688808578));
#844 = CARTESIAN_POINT('',(5.062212826268,8.176181278509));
#845 = CARTESIAN_POINT('',(5.063002976126,7.937844567294));
#846 = CARTESIAN_POINT('',(5.064065148805,7.702917664588));
#847 = CARTESIAN_POINT('',(5.06540848028,7.47296001522));
#848 = CARTESIAN_POINT('',(5.068853436368,7.003380971133));
#849 = CARTESIAN_POINT('',(5.071027874826,6.764305008691));
#850 = CARTESIAN_POINT('',(5.073583126823,6.536318420214));
#851 = CARTESIAN_POINT('',(5.076531965406,6.323741866355));
#852 = CARTESIAN_POINT('',(5.079882271731,6.131774866664));
#853 = CARTESIAN_POINT('',(5.083633196917,5.966716689324));
#854 = CARTESIAN_POINT('',(5.089800514336,5.772304833226));
#855 = CARTESIAN_POINT('',(5.091924100982,5.716681446272));
#856 = CARTESIAN_POINT('',(5.094124086092,5.670794870049));
#857 = CARTESIAN_POINT('',(5.096384117461,5.635637600383));
#858 = CARTESIAN_POINT('',(5.098686402606,5.611907520088));
#859 = CARTESIAN_POINT('',(5.101012270419,5.6));
#860 = CARTESIAN_POINT('',(5.103342732831,5.6));
#861 = ( GEOMETRIC_REPRESENTATION_CONTEXT(2) 
PARAMETRIC_REPRESENTATION_CONTEXT() REPRESENTATION_CONTEXT('2D SPACE',''
  ) );
#862 = PCURVE('',#863,#868);
#863 = CYLINDRICAL_SURFACE('',#864,3.3);
#864 = AXIS2_PLACEMENT_3D('',#865,#866,#867);
#865 = CARTESIAN_POINT('',(28.789866933263,-69.84945283941,-24.));
#866 = DIRECTION('',(0.38107037635,-0.924546033612,2.220446049251E-16));
#867 = DIRECTION('',(8.461462116533E-17,-2.052904587685E-16,-1.));
#868 = DEFINITIONAL_REPRESENTATION('',(#869),#932);
#869 = B_SPLINE_CURVE_WITH_KNOTS('',7,(#870,#871,#872,#873,#874,#875,
    #876,#877,#878,#879,#880,#881,#882,#883,#884,#885,#886,#887,#888,
    #889,#890,#891,#892,#893,#894,#895,#896,#897,#898,#899,#900,#901,
    #902,#903,#904,#905,#906,#907,#908,#909,#910,#911,#912,#913,#914,
    #915,#916,#917,#918,#919,#920,#921,#922,#923,#924,#925,#926,#927,
    #928,#929,#930,#931),.UNSPECIFIED.,.F.,.F.,(8,6,6,6,6,6,6,6,6,6,8),(
    0.,8.234434352505E-02,0.180747908751,0.344502951524,0.442270868476,
    0.531817512423,0.631497109931,0.750063035689,0.844380073147,
    0.948705398747,1.),.UNSPECIFIED.);
#870 = CARTESIAN_POINT('',(0.,3.2));
#871 = CARTESIAN_POINT('',(8.962785127538E-02,3.2));
#872 = CARTESIAN_POINT('',(0.178356290875,3.198704301688));
#873 = CARTESIAN_POINT('',(0.265853893218,3.1961579864));
#874 = CARTESIAN_POINT('',(0.35176197027,3.192541866833));
#875 = CARTESIAN_POINT('',(0.435657380052,3.18813971701));
#876 = CARTESIAN_POINT('',(0.516990534779,3.183283197604));
#877 = CARTESIAN_POINT('',(0.688220222351,3.172288928917));
#878 = CARTESIAN_POINT('',(0.77787524969,3.166010467425));
#879 = CARTESIAN_POINT('',(0.864540134896,3.159814536553));
#880 = CARTESIAN_POINT('',(0.948677490023,3.153984662741));
#881 = CARTESIAN_POINT('',(1.030698941312,3.148721076521));
#882 = CARTESIAN_POINT('',(1.111004322815,3.14415741252));
#883 = CARTESIAN_POINT('',(1.321450633415,3.134108562917));
#884 = CARTESIAN_POINT('',(1.449256600733,3.130024455407));
#885 = CARTESIAN_POINT('',(1.575381922552,3.128546507139));
#886 = CARTESIAN_POINT('',(1.701374847474,3.129780887394));
#887 = CARTESIAN_POINT('',(1.828770715891,3.133686218301));
#888 = CARTESIAN_POINT('',(1.9591117743,3.140019738137));
#889 = CARTESIAN_POINT('',(2.17516433528,3.152965378706));
#890 = CARTESIAN_POINT('',(2.257937922145,3.158451309439));
#891 = CARTESIAN_POINT('',(2.343007257946,3.164441762018));
#892 = CARTESIAN_POINT('',(2.430673786119,3.170728338541));
#893 = CARTESIAN_POINT('',(2.521293801586,3.177024463331));
#894 = CARTESIAN_POINT('',(2.615277573383,3.182949789002));
#895 = CARTESIAN_POINT('',(2.802876005206,3.192754171579));
#896 = CARTESIAN_POINT('',(2.896571231607,3.196800140407));
#897 = CARTESIAN_POINT('',(2.992704726166,3.199743202228));
#898 = CARTESIAN_POINT('',(3.090109524954,3.201178250251));
#899 = CARTESIAN_POINT('',(3.187788260353,3.200943048288));
#900 = CARTESIAN_POINT('',(3.284702874888,3.199163319455));
#901 = CARTESIAN_POINT('',(3.485218830279,3.19281004415));
#902 = CARTESIAN_POINT('',(3.586885974372,3.187988610637));
#903 = CARTESIAN_POINT('',(3.685045022723,3.182137803393));
#904 = CARTESIAN_POINT('',(3.779946273551,3.175748676629));
#905 = CARTESIAN_POINT('',(3.871737157206,3.169259566973));
#906 = CARTESIAN_POINT('',(3.96044497401,3.163017708495));
#907 = CARTESIAN_POINT('',(4.147744451523,3.1504255064));
#908 = CARTESIAN_POINT('',(4.24608815052,3.144207145657));
#909 = CARTESIAN_POINT('',(4.341853977863,3.138971002259));
#910 = CARTESIAN_POINT('',(4.43571383738,3.134929220961));
#911 = CARTESIAN_POINT('',(4.528324854246,3.132195583214));
#912 = CARTESIAN_POINT('',(4.620317537096,3.130826762306));
#913 = CARTESIAN_POINT('',(4.785630138922,3.130826762306));
#914 = CARTESIAN_POINT('',(4.858847167357,3.131692986784));
#915 = CARTESIAN_POINT('',(4.932369111898,3.133424247636));
#916 = CARTESIAN_POINT('',(5.006516633278,3.135997675245));
#917 = CARTESIAN_POINT('',(5.081607042778,3.139366399469));
#918 = CARTESIAN_POINT('',(5.157971983373,3.143451149393));
#919 = CARTESIAN_POINT('',(5.32228203641,3.153296433701));
#920 = CARTESIAN_POINT('',(5.410952597505,3.159210152829));
#921 = CARTESIAN_POINT('',(5.502307130734,3.165693396435));
#922 = CARTESIAN_POINT('',(5.596671143055,3.172481816533));
#923 = CARTESIAN_POINT('',(5.694450821727,3.179206834151));
#924 = CARTESIAN_POINT('',(5.796122565407,3.185377630131));
#925 = CARTESIAN_POINT('',(5.954633824128,3.192941759243));
#926 = CARTESIAN_POINT('',(6.007940826868,3.195166955963));
#927 = CARTESIAN_POINT('',(6.062078083847,3.197044477726));
#928 = CARTESIAN_POINT('',(6.116846949913,3.198506340429));
#929 = CARTESIAN_POINT('',(6.172068371209,3.199501307949));
#930 = CARTESIAN_POINT('',(6.227571999616,3.2));
#931 = CARTESIAN_POINT('',(6.28318530718,3.2));
#932 = ( GEOMETRIC_REPRESENTATION_CONTEXT(2) 
PARAMETRIC_REPRESENTATION_CONTEXT() REPRESENTATION_CONTEXT('2D SPACE',''
  ) );
#933 = FACE_BOUND('',#934,.T.);
#934 = EDGE_LOOP('',(#935));
#935 = ORIENTED_EDGE('',*,*,#936,.F.);
#936 = EDGE_CURVE('',#937,#937,#939,.T.);
#937 = VERTEX_POINT('',#938);
#938 = CARTESIAN_POINT('',(78.058223794809,-10.41519073274,-27.3));
#939 = SURFACE_CURVE('',#940,(#1003,#1069),.PCURVE_S1.);
#940 = B_SPLINE_CURVE_WITH_KNOTS('',7,(#941,#942,#943,#944,#945,#946,
    #947,#948,#949,#950,#951,#952,#953,#954,#955,#956,#957,#958,#959,
    #960,#961,#962,#963,#964,#965,#966,#967,#968,#969,#970,#971,#972,
    #973,#974,#975,#976,#977,#978,#979,#980,#981,#982,#983,#984,#985,
    #986,#987,#988,#989,#990,#991,#992,#993,#994,#995,#996,#997,#998,
    #999,#1000,#1001,#1002),.UNSPECIFIED.,.T.,.F.,(1,7,6,6,6,6,6,6,6,6,6
    ,7,1),(-5.1294604683E-02,0.,8.23443412623E-02,0.180747903785,
    0.344502942057,0.44227085465,0.531817493102,0.631497088292,
    0.750063018976,0.844380062741,0.948705395317,1.,1.082344341262),
  .UNSPECIFIED.);
#941 = CARTESIAN_POINT('',(78.058223794809,-10.41519073274,-27.3));
#942 = CARTESIAN_POINT('',(78.09734151986,-10.12201701997,-27.3));
#943 = CARTESIAN_POINT('',(78.134782429947,-9.831613583462,
    -27.26907246245));
#944 = CARTESIAN_POINT('',(78.169933020236,-9.548919291267,
    -27.20833385517));
#945 = CARTESIAN_POINT('',(78.202349868931,-9.278624572886,
    -27.12018301336));
#946 = CARTESIAN_POINT('',(78.231769605504,-9.024848934227,
    -27.00822024297));
#947 = CARTESIAN_POINT('',(78.258089756461,-8.79086808841,
    -26.87718221057));
#948 = CARTESIAN_POINT('',(78.309081755035,-8.32557238525,
    -26.56046292324));
#949 = CARTESIAN_POINT('',(78.332783095731,-8.100467203893,
    -26.36692412561));
#950 = CARTESIAN_POINT('',(78.352869843764,-7.903076154398,
    -26.15746412066));
#951 = CARTESIAN_POINT('',(78.369755412388,-7.732444612181,
    -25.93601451864));
#952 = CARTESIAN_POINT('',(78.383788491402,-7.587473226075,
    -25.7055840765));
#953 = CARTESIAN_POINT('',(78.395240819977,-7.467135826677,
    -25.46848985516));
#954 = CARTESIAN_POINT('',(78.419416871613,-7.20996467888,-24.8237635541
    ));
#955 = CARTESIAN_POINT('',(78.427931636814,-7.115269253774,
    -24.40748983677));
#956 = CARTESIAN_POINT('',(78.43080278673,-7.082576113771,
    -23.98547111768));
#957 = CARTESIAN_POINT('',(78.428328941305,-7.110449959993,
    -23.56271366548));
#958 = CARTESIAN_POINT('',(78.420360827174,-7.199696683253,
    -23.14435307788));
#959 = CARTESIAN_POINT('',(78.40626576625,-7.353222446546,
    -22.73662403616));
#960 = CARTESIAN_POINT('',(78.371950039075,-7.70828977029,
    -22.11917091912));
#961 = CARTESIAN_POINT('',(78.35644794485,-7.865952078107,
    -21.89517125883));
#962 = CARTESIAN_POINT('',(78.337998978705,-8.04951488491,
    -21.68075269553));
#963 = CARTESIAN_POINT('',(78.316277976203,-8.259839480188,
    -21.4792872506));
#964 = CARTESIAN_POINT('',(78.290913590568,-8.497542159447,
    -21.29486007947));
#965 = CARTESIAN_POINT('',(78.261502824555,-8.762767405976,
    -21.13244459214));
#966 = CARTESIAN_POINT('',(78.196743503824,-9.3222475763,-20.8752716134)
  );
#967 = CARTESIAN_POINT('',(78.161855085782,-9.614315966273,
    -20.77499351572));
#968 = CARTESIAN_POINT('',(78.123397948145,-9.924791507009,
    -20.70569896136));
#969 = CARTESIAN_POINT('',(78.082011151871,-10.24582161806,
    -20.67254585288));
#970 = CARTESIAN_POINT('',(78.038695874555,-10.56867614297,
    -20.67748473419));
#971 = CARTESIAN_POINT('',(77.994745032211,-10.88461572837,
    -20.71919758391));
#972 = CARTESIAN_POINT('',(77.903400054688,-11.52117692325,
    -20.87519990008));
#973 = CARTESIAN_POINT('',(77.856838915046,-11.83368123394,
    -20.99604062607));
#974 = CARTESIAN_POINT('',(77.812720155751,-12.12009758197,
    -21.14876755396));
#975 = CARTESIAN_POINT('',(77.771793625079,-12.3785190154,
    -21.32718392957));
#976 = CARTESIAN_POINT('',(77.734624995945,-12.60802032102,
    -21.52548222874));
#977 = CARTESIAN_POINT('',(77.701576174218,-12.80851457576,
    -21.73817227974));
#978 = CARTESIAN_POINT('',(77.638562486787,-13.1855696586,
    -22.22402247988));
#979 = CARTESIAN_POINT('',(77.61001037187,-13.35254034237,
    -22.50376426593));
#980 = CARTESIAN_POINT('',(77.587235984696,-13.48363557388,
    -22.79402779986));
#981 = CARTESIAN_POINT('',(77.57021493886,-13.58064218816,
    -23.09118027363));
#982 = CARTESIAN_POINT('',(77.558885298995,-13.64488465701,
    -23.39258800263));
#983 = CARTESIAN_POINT('',(77.553212118789,-13.67705341285,
    -23.69616424483));
#984 = CARTESIAN_POINT('',(77.553212118789,-13.67705341285,
    -24.24169582317));
#985 = CARTESIAN_POINT('',(77.556802188974,-13.65669667338,
    -24.48331119142));
#986 = CARTESIAN_POINT('',(77.563977687465,-13.61600900037,
    -24.72381872149));
#987 = CARTESIAN_POINT('',(77.574751029474,-13.55472442731,
    -24.9621554327));
#988 = CARTESIAN_POINT('',(77.589143931767,-13.47232580614,
    -25.19708233541));
#989 = CARTESIAN_POINT('',(77.607173456472,-13.36808588911,
    -25.42703998478));
#990 = CARTESIAN_POINT('',(77.652788495197,-13.10065797219,
    -25.89661902886));
#991 = CARTESIAN_POINT('',(77.681283981654,-12.93180828688,
    -26.1356949913));
#992 = CARTESIAN_POINT('',(77.714310016973,-12.7333099324,
    -26.36368157978));
#993 = CARTESIAN_POINT('',(77.751738668189,-12.50412296776,
    -26.57625813364));
#994 = CARTESIAN_POINT('',(77.793287862714,-12.24357457677,
    -26.76822513333));
#995 = CARTESIAN_POINT('',(77.83846308004,-11.95165989958,
    -26.93328331067));
#996 = CARTESIAN_POINT('',(77.910186758765,-11.47130885022,
    -27.12769516677));
#997 = CARTESIAN_POINT('',(77.934508065622,-11.30585400487,
    -27.18331855372));
#998 = CARTESIAN_POINT('',(77.959281130666,-11.13438459425,
    -27.22920512995));
#999 = CARTESIAN_POINT('',(77.984268166453,-10.9581687197,
    -27.26436239961));
#1000 = CARTESIAN_POINT('',(78.009232914331,-10.77858965748,
    -27.28809247991));
#1001 = CARTESIAN_POINT('',(78.03395158429,-10.59710248926,-27.3));
#1002 = CARTESIAN_POINT('',(78.058223794809,-10.41519073274,-27.3));
#1003 = PCURVE('',#31,#1004);
#1004 = DEFINITIONAL_REPRESENTATION('',(#1005),#1068);
#1005 = B_SPLINE_CURVE_WITH_KNOTS('',7,(#1006,#1007,#1008,#1009,#1010,
    #1011,#1012,#1013,#1014,#1015,#1016,#1017,#1018,#1019,#1020,#1021,
    #1022,#1023,#1024,#1025,#1026,#1027,#1028,#1029,#1030,#1031,#1032,
    #1033,#1034,#1035,#1036,#1037,#1038,#1039,#1040,#1041,#1042,#1043,
    #1044,#1045,#1046,#1047,#1048,#1049,#1050,#1051,#1052,#1053,#1054,
    #1055,#1056,#1057,#1058,#1059,#1060,#1061,#1062,#1063,#1064,#1065,
    #1066,#1067),.UNSPECIFIED.,.T.,.F.,(1,7,6,6,6,6,6,6,6,6,6,7,1),(
    -5.1294604683E-02,0.,8.23443412623E-02,0.180747903785,0.344502942057
    ,0.44227085465,0.531817493102,0.631497088292,0.750063018976,
    0.844380062741,0.948705395317,1.,1.082344341262),.UNSPECIFIED.);
#1006 = CARTESIAN_POINT('',(6.150540284028,5.6));
#1007 = CARTESIAN_POINT('',(6.154296117796,5.6));
#1008 = CARTESIAN_POINT('',(6.158014266419,5.630927537549));
#1009 = CARTESIAN_POINT('',(6.161631620771,5.691666144827));
#1010 = CARTESIAN_POINT('',(6.16508847858,5.779816986636));
#1011 = CARTESIAN_POINT('',(6.168332577255,5.891779757027));
#1012 = CARTESIAN_POINT('',(6.171322489519,6.022817789426));
#1013 = CARTESIAN_POINT('',(6.177266381374,6.339537076751));
#1014 = CARTESIAN_POINT('',(6.180140634783,6.533075874381));
#1015 = CARTESIAN_POINT('',(6.182660112267,6.742535879335));
#1016 = CARTESIAN_POINT('',(6.184837435425,6.96398548136));
#1017 = CARTESIAN_POINT('',(6.186686942419,7.194415923496));
#1018 = CARTESIAN_POINT('',(6.188221939776,7.431510144837));
#1019 = CARTESIAN_POINT('',(6.191502003458,8.076236445898));
#1020 = CARTESIAN_POINT('',(6.192709326672,8.492510163226));
#1021 = CARTESIAN_POINT('',(6.193126080419,8.914528882315));
#1022 = CARTESIAN_POINT('',(6.192770734546,9.337286334519));
#1023 = CARTESIAN_POINT('',(6.191632929386,9.755646922119));
#1024 = CARTESIAN_POINT('',(6.189675219133,10.163375963838));
#1025 = CARTESIAN_POINT('',(6.185145419727,10.780829080879));
#1026 = CARTESIAN_POINT('',(6.183133707003,11.004828741167));
#1027 = CARTESIAN_POINT('',(6.180791016866,11.219247304465));
#1028 = CARTESIAN_POINT('',(6.178106043727,11.420712749391));
#1029 = CARTESIAN_POINT('',(6.175070497221,11.60513992053));
#1030 = CARTESIAN_POINT('',(6.171681952876,11.767555407858));
#1031 = CARTESIAN_POINT('',(6.16453000854,12.024728386593));
#1032 = CARTESIAN_POINT('',(6.160794860609,12.12500648427));
#1033 = CARTESIAN_POINT('',(6.1568222505,12.194301038638));
#1034 = CARTESIAN_POINT('',(6.152712032001,12.227454147114));
#1035 = CARTESIAN_POINT('',(6.148575642569,12.222515265809));
#1036 = CARTESIAN_POINT('',(6.144525114157,12.18080241609));
#1037 = CARTESIAN_POINT('',(6.136358997461,12.024800099912));
#1038 = CARTESIAN_POINT('',(6.132346942218,11.903959373929));
#1039 = CARTESIAN_POINT('',(6.128667078881,11.751232446035));
#1040 = CARTESIAN_POINT('',(6.125344679322,11.572816070428));
#1041 = CARTESIAN_POINT('',(6.122392424439,11.374517771253));
#1042 = CARTESIAN_POINT('',(6.119812115481,11.161827720254));
#1043 = CARTESIAN_POINT('',(6.114957712099,10.67597752012));
#1044 = CARTESIAN_POINT('',(6.112806688524,10.396235734064));
#1045 = CARTESIAN_POINT('',(6.111117058431,10.105972200131));
#1046 = CARTESIAN_POINT('',(6.109866410589,9.808819726368));
#1047 = CARTESIAN_POINT('',(6.109038044122,9.507411997367));
#1048 = CARTESIAN_POINT('',(6.108623248232,9.203835755161));
#1049 = CARTESIAN_POINT('',(6.108623248232,8.658304176828));
#1050 = CARTESIAN_POINT('',(6.108885735675,8.416688808579));
#1051 = CARTESIAN_POINT('',(6.109410377465,8.176181278509));
#1052 = CARTESIAN_POINT('',(6.110200527323,7.937844567293));
#1053 = CARTESIAN_POINT('',(6.111262700001,7.702917664589));
#1054 = CARTESIAN_POINT('',(6.112606031476,7.47296001522));
#1055 = CARTESIAN_POINT('',(6.116050987564,7.003380971133));
#1056 = CARTESIAN_POINT('',(6.118225426023,6.764305008691));
#1057 = CARTESIAN_POINT('',(6.12078067802,6.536318420214));
#1058 = CARTESIAN_POINT('',(6.123729516603,6.323741866355));
#1059 = CARTESIAN_POINT('',(6.127079822927,6.131774866664));
#1060 = CARTESIAN_POINT('',(6.130830748113,5.966716689324));
#1061 = CARTESIAN_POINT('',(6.136998065533,5.772304833226));
#1062 = CARTESIAN_POINT('',(6.139121652179,5.716681446272));
#1063 = CARTESIAN_POINT('',(6.141321637288,5.670794870049));
#1064 = CARTESIAN_POINT('',(6.143581668658,5.635637600383));
#1065 = CARTESIAN_POINT('',(6.145883953803,5.611907520088));
#1066 = CARTESIAN_POINT('',(6.148209821616,5.6));
#1067 = CARTESIAN_POINT('',(6.150540284028,5.6));
#1068 = ( GEOMETRIC_REPRESENTATION_CONTEXT(2) 
PARAMETRIC_REPRESENTATION_CONTEXT() REPRESENTATION_CONTEXT('2D SPACE',''
  ) );
#1069 = PCURVE('',#1070,#1075);
#1070 = CYLINDRICAL_SURFACE('',#1071,3.3);
#1071 = AXIS2_PLACEMENT_3D('',#1072,#1073,#1074);
#1072 = CARTESIAN_POINT('',(74.886334066004,-9.991970283926,-24.));
#1073 = DIRECTION('',(0.991215540252,-0.132256390257,2.220446049249E-16)
  );
#1074 = DIRECTION('',(2.200940630306E-16,-2.936681792343E-17,-1.));
#1075 = DEFINITIONAL_REPRESENTATION('',(#1076),#1139);
#1076 = B_SPLINE_CURVE_WITH_KNOTS('',7,(#1077,#1078,#1079,#1080,#1081,
    #1082,#1083,#1084,#1085,#1086,#1087,#1088,#1089,#1090,#1091,#1092,
    #1093,#1094,#1095,#1096,#1097,#1098,#1099,#1100,#1101,#1102,#1103,
    #1104,#1105,#1106,#1107,#1108,#1109,#1110,#1111,#1112,#1113,#1114,
    #1115,#1116,#1117,#1118,#1119,#1120,#1121,#1122,#1123,#1124,#1125,
    #1126,#1127,#1128,#1129,#1130,#1131,#1132,#1133,#1134,#1135,#1136,
    #1137,#1138),.UNSPECIFIED.,.F.,.F.,(8,6,6,6,6,6,6,6,6,6,8),(0.,
    8.23443412623E-02,0.180747903785,0.344502942057,0.44227085465,
    0.531817493102,0.631497088292,0.750063018976,0.844380062741,
    0.948705395317,1.),.UNSPECIFIED.);
#1077 = CARTESIAN_POINT('',(0.,3.2));
#1078 = CARTESIAN_POINT('',(8.962785127544E-02,3.2));
#1079 = CARTESIAN_POINT('',(0.178356290875,3.198704301688));
#1080 = CARTESIAN_POINT('',(0.265853893218,3.1961579864));
#1081 = CARTESIAN_POINT('',(0.35176197027,3.192541866833));
#1082 = CARTESIAN_POINT('',(0.435657380052,3.18813971701));
#1083 = CARTESIAN_POINT('',(0.516990534779,3.183283197604));
#1084 = CARTESIAN_POINT('',(0.688220222351,3.172288928917));
#1085 = CARTESIAN_POINT('',(0.77787524969,3.166010467425));
#1086 = CARTESIAN_POINT('',(0.864540134896,3.159814536553));
#1087 = CARTESIAN_POINT('',(0.948677490023,3.153984662741));
#1088 = CARTESIAN_POINT('',(1.030698941312,3.148721076521));
#1089 = CARTESIAN_POINT('',(1.111004322815,3.14415741252));
#1090 = CARTESIAN_POINT('',(1.321450633415,3.134108562917));
#1091 = CARTESIAN_POINT('',(1.449256600734,3.130024455407));
#1092 = CARTESIAN_POINT('',(1.575381922552,3.128546507139));
#1093 = CARTESIAN_POINT('',(1.701374847473,3.129780887394));
#1094 = CARTESIAN_POINT('',(1.828770715892,3.133686218301));
#1095 = CARTESIAN_POINT('',(1.9591117743,3.140019738137));
#1096 = CARTESIAN_POINT('',(2.175164333898,3.152965378623));
#1097 = CARTESIAN_POINT('',(2.257937925183,3.158451309633));
#1098 = CARTESIAN_POINT('',(2.343007256456,3.164441761901));
#1099 = CARTESIAN_POINT('',(2.43067378361,3.170728338425));
#1100 = CARTESIAN_POINT('',(2.521293805338,3.177024463528));
#1101 = CARTESIAN_POINT('',(2.615277571741,3.182949788916));
#1102 = CARTESIAN_POINT('',(2.802876005206,3.192754171579));
#1103 = CARTESIAN_POINT('',(2.896571231607,3.196800140407));
#1104 = CARTESIAN_POINT('',(2.992704726166,3.199743202228));
#1105 = CARTESIAN_POINT('',(3.090109524954,3.201178250251));
#1106 = CARTESIAN_POINT('',(3.187788260353,3.200943048288));
#1107 = CARTESIAN_POINT('',(3.284702874888,3.199163319455));
#1108 = CARTESIAN_POINT('',(3.485218834305,3.192810044022));
#1109 = CARTESIAN_POINT('',(3.586885964952,3.187988610909));
#1110 = CARTESIAN_POINT('',(3.685045029068,3.182137803381));
#1111 = CARTESIAN_POINT('',(3.779946277359,3.17574867612));
#1112 = CARTESIAN_POINT('',(3.871737149626,3.169259567553));
#1113 = CARTESIAN_POINT('',(3.960444977352,3.16301770827));
#1114 = CARTESIAN_POINT('',(4.147744454141,3.150425506224));
#1115 = CARTESIAN_POINT('',(4.246088144447,3.144207146125));
#1116 = CARTESIAN_POINT('',(4.341853981751,3.138971001738));
#1117 = CARTESIAN_POINT('',(4.435713840305,3.134929221231));
#1118 = CARTESIAN_POINT('',(4.528324848906,3.132195583162));
#1119 = CARTESIAN_POINT('',(4.620317539427,3.130826762306));
#1120 = CARTESIAN_POINT('',(4.785630138922,3.130826762306));
#1121 = CARTESIAN_POINT('',(4.858847167357,3.131692986784));
#1122 = CARTESIAN_POINT('',(4.932369111898,3.133424247636));
#1123 = CARTESIAN_POINT('',(5.006516633278,3.135997675245));
#1124 = CARTESIAN_POINT('',(5.081607042778,3.139366399469));
#1125 = CARTESIAN_POINT('',(5.157971983373,3.143451149393));
#1126 = CARTESIAN_POINT('',(5.32228203641,3.153296433701));
#1127 = CARTESIAN_POINT('',(5.410952597505,3.159210152829));
#1128 = CARTESIAN_POINT('',(5.502307130734,3.165693396435));
#1129 = CARTESIAN_POINT('',(5.596671143056,3.172481816533));
#1130 = CARTESIAN_POINT('',(5.694450821727,3.179206834151));
#1131 = CARTESIAN_POINT('',(5.796122565407,3.185377630131));
#1132 = CARTESIAN_POINT('',(5.954633824128,3.192941759243));
#1133 = CARTESIAN_POINT('',(6.007940826868,3.195166955963));
#1134 = CARTESIAN_POINT('',(6.062078083847,3.197044477726));
#1135 = CARTESIAN_POINT('',(6.116846949913,3.198506340429));
#1136 = CARTESIAN_POINT('',(6.172068371209,3.199501307949));
#1137 = CARTESIAN_POINT('',(6.227571999616,3.2));
#1138 = CARTESIAN_POINT('',(6.28318530718,3.2));
#1139 = ( GEOMETRIC_REPRESENTATION_CONTEXT(2) 
PARAMETRIC_REPRESENTATION_CONTEXT() REPRESENTATION_CONTEXT('2D SPACE',''
  ) );
#1140 = FACE_BOUND('',#1141,.T.);
#1141 = EDGE_LOOP('',(#1142));
#1142 = ORIENTED_EDGE('',*,*,#1143,.F.);
#1143 = EDGE_CURVE('',#1144,#1144,#1146,.T.);
#1144 = VERTEX_POINT('',#1145);
#1145 = CARTESIAN_POINT('',(-48.04893165722,-62.39280941422,-27.3));
#1146 = SURFACE_CURVE('',#1147,(#1210,#1276),.PCURVE_S1.);
#1147 = B_SPLINE_CURVE_WITH_KNOTS('',7,(#1148,#1149,#1150,#1151,#1152,
    #1153,#1154,#1155,#1156,#1157,#1158,#1159,#1160,#1161,#1162,#1163,
    #1164,#1165,#1166,#1167,#1168,#1169,#1170,#1171,#1172,#1173,#1174,
    #1175,#1176,#1177,#1178,#1179,#1180,#1181,#1182,#1183,#1184,#1185,
    #1186,#1187,#1188,#1189,#1190,#1191,#1192,#1193,#1194,#1195,#1196,
    #1197,#1198,#1199,#1200,#1201,#1202,#1203,#1204,#1205,#1206,#1207,
    #1208,#1209),.UNSPECIFIED.,.T.,.F.,(1,7,6,6,6,6,6,6,6,6,6,7,1),(
    -5.1294604851E-02,0.,8.234434130638E-02,0.180747903007,
    0.344502939911,0.442270851688,0.53181749073,0.631497087086,
    0.750063018158,0.844380062232,0.948705395149,1.,1.082344341306),
  .UNSPECIFIED.);
#1148 = CARTESIAN_POINT('',(-48.04893165722,-62.39280941422,-27.3));
#1149 = CARTESIAN_POINT('',(-47.81459463884,-62.57327321264,-27.3));
#1150 = CARTESIAN_POINT('',(-47.58181833381,-62.75089971529,
    -27.26907246145));
#1151 = CARTESIAN_POINT('',(-47.35457319751,-62.92268816017,
    -27.20833385661));
#1152 = CARTESIAN_POINT('',(-47.13669952964,-63.08590933349,
    -27.12018301385));
#1153 = CARTESIAN_POINT('',(-46.93163324097,-63.23827539735,
    -27.00822024082));
#1154 = CARTESIAN_POINT('',(-46.74215996564,-63.37805973541,
    -26.87718221185));
#1155 = CARTESIAN_POINT('',(-46.36469806419,-63.65486795426,
    -26.56046292324));
#1156 = CARTESIAN_POINT('',(-46.18160192896,-63.78794650809,
    -26.36692412561));
#1157 = CARTESIAN_POINT('',(-46.02069963963,-63.90403766691,
    -26.15746412066));
#1158 = CARTESIAN_POINT('',(-45.88137117369,-64.00397676941,
    -25.93601451864));
#1159 = CARTESIAN_POINT('',(-45.76283881001,-64.08861546538,
    -25.7055840765));
#1160 = CARTESIAN_POINT('',(-45.6643497294,-64.15870217256,
    -25.46848985516));
#1161 = CARTESIAN_POINT('',(-45.4537210081,-64.30822482133,
    -24.8237635541));
#1162 = CARTESIAN_POINT('',(-45.37596974694,-64.36294653686,
    -24.40748983677));
#1163 = CARTESIAN_POINT('',(-45.34909223212,-64.38177959563,
    -23.98547111768));
#1164 = CARTESIAN_POINT('',(-45.37199476834,-64.36570025953,
    -23.56271366548));
#1165 = CARTESIAN_POINT('',(-45.44530064082,-64.31417630864,
    -23.14435307788));
#1166 = CARTESIAN_POINT('',(-45.57121032151,-64.22520674617,
    -22.73662403616));
#1167 = CARTESIAN_POINT('',(-45.86154978034,-64.01795479281,
    -22.11917091912));
#1168 = CARTESIAN_POINT('',(-45.99033829701,-63.9256984315,
    -21.89517125883));
#1169 = CARTESIAN_POINT('',(-46.14008386782,-63.81793975474,
    -21.68075269553));
#1170 = CARTESIAN_POINT('',(-46.31136980912,-63.69396651714,
    -21.4792872506));
#1171 = CARTESIAN_POINT('',(-46.50454417509,-63.5531489752,
    -21.29486007947));
#1172 = CARTESIAN_POINT('',(-46.7195305933,-63.39506588142,
    -21.13244459214));
#1173 = CARTESIAN_POINT('',(-47.17167497658,-63.05924257697,
    -20.87527161157));
#1174 = CARTESIAN_POINT('',(-47.40716940173,-62.88299413408,
    -20.774993518));
#1175 = CARTESIAN_POINT('',(-47.65682055124,-62.6944514958,
    -20.7056989618));
#1176 = CARTESIAN_POINT('',(-47.9141473847,-62.49809442338,
    -20.67254585124));
#1177 = CARTESIAN_POINT('',(-48.17208995357,-62.29915504017,
    -20.67748473391));
#1178 = CARTESIAN_POINT('',(-48.4237262505,-62.10312269288,
    -20.71919758489));
#1179 = CARTESIAN_POINT('',(-48.92933192217,-61.70573502864,
    -20.8751998994));
#1180 = CARTESIAN_POINT('',(-49.17668803192,-61.50915973748,
    -20.99604062727));
#1181 = CARTESIAN_POINT('',(-49.40267247548,-61.3277436051,
    -21.14876755505));
#1182 = CARTESIAN_POINT('',(-49.60600874105,-61.16308946968,
    -21.32718392471));
#1183 = CARTESIAN_POINT('',(-49.78617838979,-61.01614983763,
    -21.52548223369));
#1184 = CARTESIAN_POINT('',(-49.94328709332,-60.88728159401,
    -21.73817227787));
#1185 = CARTESIAN_POINT('',(-50.23831953111,-60.64418259756,
    -22.22402247987));
#1186 = CARTESIAN_POINT('',(-50.36864432748,-60.53597039882,
    -22.50376426593));
#1187 = CARTESIAN_POINT('',(-50.4707889347,-60.45069958522,
    -22.79402779986));
#1188 = CARTESIAN_POINT('',(-50.54628860408,-60.38745561998,
    -23.09118027363));
#1189 = CARTESIAN_POINT('',(-50.59625939417,-60.34552262962,
    -23.39258800263));
#1190 = CARTESIAN_POINT('',(-50.62128176384,-60.32452513352,
    -23.69616424483));
#1191 = CARTESIAN_POINT('',(-50.62128176384,-60.32452513352,
    -24.24169582317));
#1192 = CARTESIAN_POINT('',(-50.60544734541,-60.33781259524,
    -24.48331119142));
#1193 = CARTESIAN_POINT('',(-50.57379853621,-60.36437059572,
    -24.72381872149));
#1194 = CARTESIAN_POINT('',(-50.52611121008,-60.40434287012,
    -24.9621554327));
#1195 = CARTESIAN_POINT('',(-50.46194836206,-60.45800679972,
    -25.19708233541));
#1196 = CARTESIAN_POINT('',(-50.38068870817,-60.52574078465,
    -25.42703998478));
#1197 = CARTESIAN_POINT('',(-50.17189685781,-60.69895852544,
    -25.89661902886));
#1198 = CARTESIAN_POINT('',(-50.03991648413,-60.80806118326,
    -26.1356949913));
#1199 = CARTESIAN_POINT('',(-49.8845248842,-60.93591174607,
    -26.36368157978));
#1200 = CARTESIAN_POINT('',(-49.70475747622,-61.08291939117,
    -26.57625813364));
#1201 = CARTESIAN_POINT('',(-49.49989054796,-61.24917624464,
    -26.76822513333));
#1202 = CARTESIAN_POINT('',(-49.26967263044,-61.43425646906,
    -26.93328331067));
#1203 = CARTESIAN_POINT('',(-48.88953825833,-61.73654652156,
    -27.12769516677));
#1204 = CARTESIAN_POINT('',(-48.75841081251,-61.84033681383,
    -27.18331855372));
#1205 = CARTESIAN_POINT('',(-48.62230047946,-61.9475256228,
    -27.22920512995));
#1206 = CARTESIAN_POINT('',(-48.48218657345,-62.05727296783,
    -27.26436239961));
#1207 = CARTESIAN_POINT('',(-48.33914891751,-62.1686826048,
    -27.28809247991));
#1208 = CARTESIAN_POINT('',(-48.19433575435,-62.28083318504,-27.3));
#1209 = CARTESIAN_POINT('',(-48.04893165722,-62.39280941422,-27.3));
#1210 = PCURVE('',#31,#1211);
#1211 = DEFINITIONAL_REPRESENTATION('',(#1212),#1275);
#1212 = B_SPLINE_CURVE_WITH_KNOTS('',7,(#1213,#1214,#1215,#1216,#1217,
    #1218,#1219,#1220,#1221,#1222,#1223,#1224,#1225,#1226,#1227,#1228,
    #1229,#1230,#1231,#1232,#1233,#1234,#1235,#1236,#1237,#1238,#1239,
    #1240,#1241,#1242,#1243,#1244,#1245,#1246,#1247,#1248,#1249,#1250,
    #1251,#1252,#1253,#1254,#1255,#1256,#1257,#1258,#1259,#1260,#1261,
    #1262,#1263,#1264,#1265,#1266,#1267,#1268,#1269,#1270,#1271,#1272,
    #1273,#1274),.UNSPECIFIED.,.T.,.F.,(1,7,6,6,6,6,6,6,6,6,6,7,1),(
    -5.1294604851E-02,0.,8.234434130638E-02,0.180747903007,
    0.344502939911,0.442270851688,0.53181749073,0.631497087086,
    0.750063018158,0.844380062232,0.948705395149,1.,1.082344341306),
  .UNSPECIFIED.);
#1213 = CARTESIAN_POINT('',(4.056145181635,5.6));
#1214 = CARTESIAN_POINT('',(4.059901015369,5.6));
#1215 = CARTESIAN_POINT('',(4.063619164099,5.630927538548));
#1216 = CARTESIAN_POINT('',(4.067236518338,5.69166614339));
#1217 = CARTESIAN_POINT('',(4.070693376141,5.779816986145));
#1218 = CARTESIAN_POINT('',(4.073937474928,5.891779759175));
#1219 = CARTESIAN_POINT('',(4.076927387101,6.022817788143));
#1220 = CARTESIAN_POINT('',(4.082871278981,6.339537076751));
#1221 = CARTESIAN_POINT('',(4.08574553239,6.533075874382));
#1222 = CARTESIAN_POINT('',(4.088265009874,6.742535879335));
#1223 = CARTESIAN_POINT('',(4.090442333032,6.96398548136));
#1224 = CARTESIAN_POINT('',(4.092291840026,7.194415923497));
#1225 = CARTESIAN_POINT('',(4.093826837383,7.431510144836));
#1226 = CARTESIAN_POINT('',(4.097106901065,8.076236445898));
#1227 = CARTESIAN_POINT('',(4.098314224279,8.492510163225));
#1228 = CARTESIAN_POINT('',(4.098730978026,8.914528882315));
#1229 = CARTESIAN_POINT('',(4.098375632153,9.337286334519));
#1230 = CARTESIAN_POINT('',(4.097237826993,9.755646922119));
#1231 = CARTESIAN_POINT('',(4.095280116739,10.163375963838));
#1232 = CARTESIAN_POINT('',(4.090750317334,10.78082908088));
#1233 = CARTESIAN_POINT('',(4.08873860461,11.004828741167));
#1234 = CARTESIAN_POINT('',(4.086395914473,11.219247304465));
#1235 = CARTESIAN_POINT('',(4.083710941334,11.420712749391));
#1236 = CARTESIAN_POINT('',(4.080675394828,11.60513992053));
#1237 = CARTESIAN_POINT('',(4.077286850483,11.767555407858));
#1238 = CARTESIAN_POINT('',(4.070134906096,12.02472838843));
#1239 = CARTESIAN_POINT('',(4.066399758342,12.125006481998));
#1240 = CARTESIAN_POINT('',(4.062427148029,12.194301038193));
#1241 = CARTESIAN_POINT('',(4.058316929531,12.22745414876));
#1242 = CARTESIAN_POINT('',(4.054180540302,12.222515266081));
#1243 = CARTESIAN_POINT('',(4.050130011712,12.180802415103));
#1244 = CARTESIAN_POINT('',(4.041963895103,12.024800100591));
#1245 = CARTESIAN_POINT('',(4.037951839736,11.903959372721));
#1246 = CARTESIAN_POINT('',(4.034271976564,11.751232444943));
#1247 = CARTESIAN_POINT('',(4.030949576931,11.572816075284));
#1248 = CARTESIAN_POINT('',(4.027997322006,11.374517766301));
#1249 = CARTESIAN_POINT('',(4.025417013106,11.161827722122));
#1250 = CARTESIAN_POINT('',(4.020562609705,10.675977520121));
#1251 = CARTESIAN_POINT('',(4.018411586131,10.396235734063));
#1252 = CARTESIAN_POINT('',(4.016721956038,10.105972200132));
#1253 = CARTESIAN_POINT('',(4.015471308196,9.808819726368));
#1254 = CARTESIAN_POINT('',(4.014642941729,9.507411997368));
#1255 = CARTESIAN_POINT('',(4.014228145838,9.203835755161));
#1256 = CARTESIAN_POINT('',(4.014228145838,8.658304176828));
#1257 = CARTESIAN_POINT('',(4.014490633282,8.416688808578));
#1258 = CARTESIAN_POINT('',(4.015015275072,8.176181278509));
#1259 = CARTESIAN_POINT('',(4.01580542493,7.937844567294));
#1260 = CARTESIAN_POINT('',(4.016867597608,7.702917664589));
#1261 = CARTESIAN_POINT('',(4.018210929083,7.47296001522));
#1262 = CARTESIAN_POINT('',(4.021655885171,7.003380971133));
#1263 = CARTESIAN_POINT('',(4.02383032363,6.764305008691));
#1264 = CARTESIAN_POINT('',(4.026385575627,6.536318420214));
#1265 = CARTESIAN_POINT('',(4.029334414209,6.323741866355));
#1266 = CARTESIAN_POINT('',(4.032684720534,6.131774866663));
#1267 = CARTESIAN_POINT('',(4.03643564572,5.966716689324));
#1268 = CARTESIAN_POINT('',(4.04260296314,5.772304833226));
#1269 = CARTESIAN_POINT('',(4.044726549785,5.716681446272));
#1270 = CARTESIAN_POINT('',(4.046926534895,5.670794870049));
#1271 = CARTESIAN_POINT('',(4.049186566265,5.635637600383));
#1272 = CARTESIAN_POINT('',(4.051488851409,5.611907520088));
#1273 = CARTESIAN_POINT('',(4.053814719223,5.6));
#1274 = CARTESIAN_POINT('',(4.056145181635,5.6));
#1275 = ( GEOMETRIC_REPRESENTATION_CONTEXT(2) 
PARAMETRIC_REPRESENTATION_CONTEXT() REPRESENTATION_CONTEXT('2D SPACE',''
  ) );
#1276 = PCURVE('',#1277,#1282);
#1277 = CYLINDRICAL_SURFACE('',#1278,3.3);
#1278 = AXIS2_PLACEMENT_3D('',#1279,#1280,#1281);
#1279 = CARTESIAN_POINT('',(-46.09646713274,-59.85748255548,-24.));
#1280 = DIRECTION('',(-0.610145163901,-0.792289643355,2.220446049251E-16
    ));
#1281 = DIRECTION('',(-1.354794418654E-16,-1.75923640845E-16,-1.));
#1282 = DEFINITIONAL_REPRESENTATION('',(#1283),#1346);
#1283 = B_SPLINE_CURVE_WITH_KNOTS('',7,(#1284,#1285,#1286,#1287,#1288,
    #1289,#1290,#1291,#1292,#1293,#1294,#1295,#1296,#1297,#1298,#1299,
    #1300,#1301,#1302,#1303,#1304,#1305,#1306,#1307,#1308,#1309,#1310,
    #1311,#1312,#1313,#1314,#1315,#1316,#1317,#1318,#1319,#1320,#1321,
    #1322,#1323,#1324,#1325,#1326,#1327,#1328,#1329,#1330,#1331,#1332,
    #1333,#1334,#1335,#1336,#1337,#1338,#1339,#1340,#1341,#1342,#1343,
    #1344,#1345),.UNSPECIFIED.,.F.,.F.,(8,6,6,6,6,6,6,6,6,6,8),(0.,
    8.234434130638E-02,0.180747903007,0.344502939911,0.442270851688,
    0.53181749073,0.631497087086,0.750063018158,0.844380062232,
    0.948705395149,1.),.UNSPECIFIED.);
#1284 = CARTESIAN_POINT('',(0.,3.2));
#1285 = CARTESIAN_POINT('',(8.962785048094E-02,3.2));
#1286 = CARTESIAN_POINT('',(0.178356292716,3.198704301652));
#1287 = CARTESIAN_POINT('',(0.265853892163,3.196157986451));
#1288 = CARTESIAN_POINT('',(0.351761969141,3.192541866852));
#1289 = CARTESIAN_POINT('',(0.435657381802,3.188139716934));
#1290 = CARTESIAN_POINT('',(0.516990534085,3.183283197648));
#1291 = CARTESIAN_POINT('',(0.688220222351,3.172288928917));
#1292 = CARTESIAN_POINT('',(0.77787524969,3.166010467425));
#1293 = CARTESIAN_POINT('',(0.864540134896,3.159814536553));
#1294 = CARTESIAN_POINT('',(0.948677490023,3.153984662741));
#1295 = CARTESIAN_POINT('',(1.030698941312,3.148721076521));
#1296 = CARTESIAN_POINT('',(1.111004322815,3.14415741252));
#1297 = CARTESIAN_POINT('',(1.321450633415,3.134108562917));
#1298 = CARTESIAN_POINT('',(1.449256600734,3.130024455407));
#1299 = CARTESIAN_POINT('',(1.575381922552,3.128546507139));
#1300 = CARTESIAN_POINT('',(1.701374847473,3.129780887394));
#1301 = CARTESIAN_POINT('',(1.828770715892,3.133686218301));
#1302 = CARTESIAN_POINT('',(1.9591117743,3.140019738137));
#1303 = CARTESIAN_POINT('',(2.175164333898,3.152965378623));
#1304 = CARTESIAN_POINT('',(2.257937925183,3.158451309632));
#1305 = CARTESIAN_POINT('',(2.343007256456,3.164441761901));
#1306 = CARTESIAN_POINT('',(2.43067378361,3.170728338425));
#1307 = CARTESIAN_POINT('',(2.521293805338,3.177024463528));
#1308 = CARTESIAN_POINT('',(2.615277571741,3.182949788916));
#1309 = CARTESIAN_POINT('',(2.802876006546,3.192754171649));
#1310 = CARTESIAN_POINT('',(2.896571228391,3.196800140321));
#1311 = CARTESIAN_POINT('',(2.992704728075,3.199743202209));
#1312 = CARTESIAN_POINT('',(3.090109526924,3.201178250314));
#1313 = CARTESIAN_POINT('',(3.187788257216,3.200943048302));
#1314 = CARTESIAN_POINT('',(3.284702876156,3.199163319414));
#1315 = CARTESIAN_POINT('',(3.485218833433,3.19281004405));
#1316 = CARTESIAN_POINT('',(3.586885967037,3.187988610848));
#1317 = CARTESIAN_POINT('',(3.685045027653,3.182137803385));
#1318 = CARTESIAN_POINT('',(3.779946276502,3.175748676233));
#1319 = CARTESIAN_POINT('',(3.871737151302,3.169259567425));
#1320 = CARTESIAN_POINT('',(3.960444976632,3.163017708319));
#1321 = CARTESIAN_POINT('',(4.147744454141,3.150425506224));
#1322 = CARTESIAN_POINT('',(4.246088144448,3.144207146126));
#1323 = CARTESIAN_POINT('',(4.341853981751,3.138971001738));
#1324 = CARTESIAN_POINT('',(4.435713840306,3.134929221231));
#1325 = CARTESIAN_POINT('',(4.528324848905,3.132195583162));
#1326 = CARTESIAN_POINT('',(4.620317539427,3.130826762306));
#1327 = CARTESIAN_POINT('',(4.785630138922,3.130826762306));
#1328 = CARTESIAN_POINT('',(4.858847167357,3.131692986784));
#1329 = CARTESIAN_POINT('',(4.932369111898,3.133424247636));
#1330 = CARTESIAN_POINT('',(5.006516633278,3.135997675245));
#1331 = CARTESIAN_POINT('',(5.081607042778,3.139366399469));
#1332 = CARTESIAN_POINT('',(5.157971983374,3.143451149393));
#1333 = CARTESIAN_POINT('',(5.32228203641,3.153296433701));
#1334 = CARTESIAN_POINT('',(5.410952597505,3.159210152829));
#1335 = CARTESIAN_POINT('',(5.502307130734,3.165693396434));
#1336 = CARTESIAN_POINT('',(5.596671143055,3.172481816534));
#1337 = CARTESIAN_POINT('',(5.694450821727,3.179206834151));
#1338 = CARTESIAN_POINT('',(5.796122565407,3.185377630131));
#1339 = CARTESIAN_POINT('',(5.954633824128,3.192941759243));
#1340 = CARTESIAN_POINT('',(6.007940826867,3.195166955963));
#1341 = CARTESIAN_POINT('',(6.062078083847,3.197044477726));
#1342 = CARTESIAN_POINT('',(6.116846949913,3.198506340429));
#1343 = CARTESIAN_POINT('',(6.172068371209,3.199501307949));
#1344 = CARTESIAN_POINT('',(6.227571999616,3.2));
#1345 = CARTESIAN_POINT('',(6.28318530718,3.2));
#1346 = ( GEOMETRIC_REPRESENTATION_CONTEXT(2) 
PARAMETRIC_REPRESENTATION_CONTEXT() REPRESENTATION_CONTEXT('2D SPACE',''
  ) );
#1347 = ADVANCED_FACE('',(#1348,#1351,#1382,#1413,#1444,#1475,#1506),#43
  ,.F.);
#1348 = FACE_BOUND('',#1349,.F.);
#1349 = EDGE_LOOP('',(#1350));
#1350 = ORIENTED_EDGE('',*,*,#21,.T.);
#1351 = FACE_BOUND('',#1352,.F.);
#1352 = EDGE_LOOP('',(#1353));
#1353 = ORIENTED_EDGE('',*,*,#1354,.F.);
#1354 = EDGE_CURVE('',#1355,#1355,#1357,.T.);
#1355 = VERTEX_POINT('',#1356);
#1356 = CARTESIAN_POINT('',(14.413483370684,-63.02769619278,-32.9));
#1357 = SURFACE_CURVE('',#1358,(#1363,#1370),.PCURVE_S1.);
#1358 = CIRCLE('',#1359,3.3);
#1359 = AXIS2_PLACEMENT_3D('',#1360,#1361,#1362);
#1360 = CARTESIAN_POINT('',(11.113483370684,-63.02769619278,-32.9));
#1361 = DIRECTION('',(0.,0.,1.));
#1362 = DIRECTION('',(1.,0.,-0.));
#1363 = PCURVE('',#43,#1364);
#1364 = DEFINITIONAL_REPRESENTATION('',(#1365),#1369);
#1365 = CIRCLE('',#1366,3.3);
#1366 = AXIS2_PLACEMENT_2D('',#1367,#1368);
#1367 = CARTESIAN_POINT('',(11.113483370684,-63.02769619278));
#1368 = DIRECTION('',(1.,0.));
#1369 = ( GEOMETRIC_REPRESENTATION_CONTEXT(2) 
PARAMETRIC_REPRESENTATION_CONTEXT() REPRESENTATION_CONTEXT('2D SPACE',''
  ) );
#1370 = PCURVE('',#1371,#1376);
#1371 = CYLINDRICAL_SURFACE('',#1372,3.3);
#1372 = AXIS2_PLACEMENT_3D('',#1373,#1374,#1375);
#1373 = CARTESIAN_POINT('',(11.113483370684,-63.02769619278,-40.));
#1374 = DIRECTION('',(0.,0.,1.));
#1375 = DIRECTION('',(1.,0.,0.));
#1376 = DEFINITIONAL_REPRESENTATION('',(#1377),#1381);
#1377 = LINE('',#1378,#1379);
#1378 = CARTESIAN_POINT('',(0.,7.1));
#1379 = VECTOR('',#1380,1.);
#1380 = DIRECTION('',(1.,0.));
#1381 = ( GEOMETRIC_REPRESENTATION_CONTEXT(2) 
PARAMETRIC_REPRESENTATION_CONTEXT() REPRESENTATION_CONTEXT('2D SPACE',''
  ) );
#1382 = FACE_BOUND('',#1383,.F.);
#1383 = EDGE_LOOP('',(#1384));
#1384 = ORIENTED_EDGE('',*,*,#1385,.F.);
#1385 = EDGE_CURVE('',#1386,#1386,#1388,.T.);
#1386 = VERTEX_POINT('',#1387);
#1387 = CARTESIAN_POINT('',(44.21219330882,-41.01219330882,-32.9));
#1388 = SURFACE_CURVE('',#1389,(#1394,#1401),.PCURVE_S1.);
#1389 = CIRCLE('',#1390,3.2);
#1390 = AXIS2_PLACEMENT_3D('',#1391,#1392,#1393);
#1391 = CARTESIAN_POINT('',(41.01219330882,-41.01219330882,-32.9));
#1392 = DIRECTION('',(0.,0.,1.));
#1393 = DIRECTION('',(1.,0.,-0.));
#1394 = PCURVE('',#43,#1395);
#1395 = DEFINITIONAL_REPRESENTATION('',(#1396),#1400);
#1396 = CIRCLE('',#1397,3.2);
#1397 = AXIS2_PLACEMENT_2D('',#1398,#1399);
#1398 = CARTESIAN_POINT('',(41.01219330882,-41.01219330882));
#1399 = DIRECTION('',(1.,0.));
#1400 = ( GEOMETRIC_REPRESENTATION_CONTEXT(2) 
PARAMETRIC_REPRESENTATION_CONTEXT() REPRESENTATION_CONTEXT('2D SPACE',''
  ) );
#1401 = PCURVE('',#1402,#1407);
#1402 = CYLINDRICAL_SURFACE('',#1403,3.2);
#1403 = AXIS2_PLACEMENT_3D('',#1404,#1405,#1406);
#1404 = CARTESIAN_POINT('',(41.01219330882,-41.01219330882,-40.));
#1405 = DIRECTION('',(0.,0.,1.));
#1406 = DIRECTION('',(1.,0.,0.));
#1407 = DEFINITIONAL_REPRESENTATION('',(#1408),#1412);
#1408 = LINE('',#1409,#1410);
#1409 = CARTESIAN_POINT('',(0.,7.1));
#1410 = VECTOR('',#1411,1.);
#1411 = DIRECTION('',(1.,0.));
#1412 = ( GEOMETRIC_REPRESENTATION_CONTEXT(2) 
PARAMETRIC_REPRESENTATION_CONTEXT() REPRESENTATION_CONTEXT('2D SPACE',''
  ) );
#1413 = FACE_BOUND('',#1414,.F.);
#1414 = EDGE_LOOP('',(#1415));
#1415 = ORIENTED_EDGE('',*,*,#1416,.F.);
#1416 = EDGE_CURVE('',#1417,#1417,#1419,.T.);
#1417 = VERTEX_POINT('',#1418);
#1418 = CARTESIAN_POINT('',(-53.1188496747,-10.07159430468,-32.9));
#1419 = SURFACE_CURVE('',#1420,(#1425,#1432),.PCURVE_S1.);
#1420 = CIRCLE('',#1421,4.);
#1421 = AXIS2_PLACEMENT_3D('',#1422,#1423,#1424);
#1422 = CARTESIAN_POINT('',(-57.1188496747,-10.07159430468,-32.9));
#1423 = DIRECTION('',(0.,0.,1.));
#1424 = DIRECTION('',(1.,0.,-0.));
#1425 = PCURVE('',#43,#1426);
#1426 = DEFINITIONAL_REPRESENTATION('',(#1427),#1431);
#1427 = CIRCLE('',#1428,4.);
#1428 = AXIS2_PLACEMENT_2D('',#1429,#1430);
#1429 = CARTESIAN_POINT('',(-57.1188496747,-10.07159430468));
#1430 = DIRECTION('',(1.,0.));
#1431 = ( GEOMETRIC_REPRESENTATION_CONTEXT(2) 
PARAMETRIC_REPRESENTATION_CONTEXT() REPRESENTATION_CONTEXT('2D SPACE',''
  ) );
#1432 = PCURVE('',#1433,#1438);
#1433 = CYLINDRICAL_SURFACE('',#1434,4.);
#1434 = AXIS2_PLACEMENT_3D('',#1435,#1436,#1437);
#1435 = CARTESIAN_POINT('',(-57.1188496747,-10.07159430468,-40.));
#1436 = DIRECTION('',(0.,0.,1.));
#1437 = DIRECTION('',(1.,0.,0.));
#1438 = DEFINITIONAL_REPRESENTATION('',(#1439),#1443);
#1439 = LINE('',#1440,#1441);
#1440 = CARTESIAN_POINT('',(0.,7.1));
#1441 = VECTOR('',#1442,1.);
#1442 = DIRECTION('',(1.,0.));
#1443 = ( GEOMETRIC_REPRESENTATION_CONTEXT(2) 
PARAMETRIC_REPRESENTATION_CONTEXT() REPRESENTATION_CONTEXT('2D SPACE',''
  ) );
#1444 = FACE_BOUND('',#1445,.F.);
#1445 = EDGE_LOOP('',(#1446));
#1446 = ORIENTED_EDGE('',*,*,#1447,.F.);
#1447 = EDGE_CURVE('',#1448,#1448,#1450,.T.);
#1448 = VERTEX_POINT('',#1449);
#1449 = CARTESIAN_POINT('',(-54.,6.123233995737E-15,-32.9));
#1450 = SURFACE_CURVE('',#1451,(#1456,#1463),.PCURVE_S1.);
#1451 = CIRCLE('',#1452,4.);
#1452 = AXIS2_PLACEMENT_3D('',#1453,#1454,#1455);
#1453 = CARTESIAN_POINT('',(-58.,7.102951435055E-15,-32.9));
#1454 = DIRECTION('',(0.,0.,1.));
#1455 = DIRECTION('',(1.,0.,-0.));
#1456 = PCURVE('',#43,#1457);
#1457 = DEFINITIONAL_REPRESENTATION('',(#1458),#1462);
#1458 = CIRCLE('',#1459,4.);
#1459 = AXIS2_PLACEMENT_2D('',#1460,#1461);
#1460 = CARTESIAN_POINT('',(-58.,7.102951435055E-15));
#1461 = DIRECTION('',(1.,0.));
#1462 = ( GEOMETRIC_REPRESENTATION_CONTEXT(2) 
PARAMETRIC_REPRESENTATION_CONTEXT() REPRESENTATION_CONTEXT('2D SPACE',''
  ) );
#1463 = PCURVE('',#1464,#1469);
#1464 = CYLINDRICAL_SURFACE('',#1465,4.);
#1465 = AXIS2_PLACEMENT_3D('',#1466,#1467,#1468);
#1466 = CARTESIAN_POINT('',(-58.,7.102951435055E-15,-40.));
#1467 = DIRECTION('',(0.,0.,1.));
#1468 = DIRECTION('',(1.,0.,0.));
#1469 = DEFINITIONAL_REPRESENTATION('',(#1470),#1474);
#1470 = LINE('',#1471,#1472);
#1471 = CARTESIAN_POINT('',(0.,7.1));
#1472 = VECTOR('',#1473,1.);
#1473 = DIRECTION('',(1.,0.));
#1474 = ( GEOMETRIC_REPRESENTATION_CONTEXT(2) 
PARAMETRIC_REPRESENTATION_CONTEXT() REPRESENTATION_CONTEXT('2D SPACE',''
  ) );
#1475 = FACE_BOUND('',#1476,.F.);
#1476 = EDGE_LOOP('',(#1477));
#1477 = ORIENTED_EDGE('',*,*,#1478,.F.);
#1478 = EDGE_CURVE('',#1479,#1479,#1481,.T.);
#1479 = VERTEX_POINT('',#1480);
#1480 = CARTESIAN_POINT('',(-56.84032773029,21.889289172843,-32.9));
#1481 = SURFACE_CURVE('',#1482,(#1487,#1494),.PCURVE_S1.);
#1482 = CIRCLE('',#1483,3.3);
#1483 = AXIS2_PLACEMENT_3D('',#1484,#1485,#1486);
#1484 = CARTESIAN_POINT('',(-60.14032773029,21.889289172843,-32.9));
#1485 = DIRECTION('',(0.,0.,1.));
#1486 = DIRECTION('',(1.,0.,-0.));
#1487 = PCURVE('',#43,#1488);
#1488 = DEFINITIONAL_REPRESENTATION('',(#1489),#1493);
#1489 = CIRCLE('',#1490,3.3);
#1490 = AXIS2_PLACEMENT_2D('',#1491,#1492);
#1491 = CARTESIAN_POINT('',(-60.14032773029,21.889289172843));
#1492 = DIRECTION('',(1.,0.));
#1493 = ( GEOMETRIC_REPRESENTATION_CONTEXT(2) 
PARAMETRIC_REPRESENTATION_CONTEXT() REPRESENTATION_CONTEXT('2D SPACE',''
  ) );
#1494 = PCURVE('',#1495,#1500);
#1495 = CYLINDRICAL_SURFACE('',#1496,3.3);
#1496 = AXIS2_PLACEMENT_3D('',#1497,#1498,#1499);
#1497 = CARTESIAN_POINT('',(-60.14032773029,21.889289172843,-40.));
#1498 = DIRECTION('',(0.,0.,1.));
#1499 = DIRECTION('',(1.,0.,0.));
#1500 = DEFINITIONAL_REPRESENTATION('',(#1501),#1505);
#1501 = LINE('',#1502,#1503);
#1502 = CARTESIAN_POINT('',(0.,7.1));
#1503 = VECTOR('',#1504,1.);
#1504 = DIRECTION('',(1.,0.));
#1505 = ( GEOMETRIC_REPRESENTATION_CONTEXT(2) 
PARAMETRIC_REPRESENTATION_CONTEXT() REPRESENTATION_CONTEXT('2D SPACE',''
  ) );
#1506 = FACE_BOUND('',#1507,.F.);
#1507 = EDGE_LOOP('',(#1508));
#1508 = ORIENTED_EDGE('',*,*,#1509,.F.);
#1509 = EDGE_CURVE('',#1510,#1510,#1512,.T.);
#1510 = VERTEX_POINT('',#1511);
#1511 = CARTESIAN_POINT('',(52.326844359615,41.138407019939,-32.9));
#1512 = SURFACE_CURVE('',#1513,(#1518,#1525),.PCURVE_S1.);
#1513 = CIRCLE('',#1514,3.3);
#1514 = AXIS2_PLACEMENT_3D('',#1515,#1516,#1517);
#1515 = CARTESIAN_POINT('',(49.026844359615,41.138407019939,-32.9));
#1516 = DIRECTION('',(0.,0.,1.));
#1517 = DIRECTION('',(1.,0.,-0.));
#1518 = PCURVE('',#43,#1519);
#1519 = DEFINITIONAL_REPRESENTATION('',(#1520),#1524);
#1520 = CIRCLE('',#1521,3.3);
#1521 = AXIS2_PLACEMENT_2D('',#1522,#1523);
#1522 = CARTESIAN_POINT('',(49.026844359615,41.138407019939));
#1523 = DIRECTION('',(1.,0.));
#1524 = ( GEOMETRIC_REPRESENTATION_CONTEXT(2) 
PARAMETRIC_REPRESENTATION_CONTEXT() REPRESENTATION_CONTEXT('2D SPACE',''
  ) );
#1525 = PCURVE('',#1526,#1531);
#1526 = CYLINDRICAL_SURFACE('',#1527,3.3);
#1527 = AXIS2_PLACEMENT_3D('',#1528,#1529,#1530);
#1528 = CARTESIAN_POINT('',(49.026844359615,41.138407019939,-40.));
#1529 = DIRECTION('',(0.,0.,1.));
#1530 = DIRECTION('',(1.,0.,0.));
#1531 = DEFINITIONAL_REPRESENTATION('',(#1532),#1536);
#1532 = LINE('',#1533,#1534);
#1533 = CARTESIAN_POINT('',(0.,7.1));
#1534 = VECTOR('',#1535,1.);
#1535 = DIRECTION('',(1.,0.));
#1536 = ( GEOMETRIC_REPRESENTATION_CONTEXT(2) 
PARAMETRIC_REPRESENTATION_CONTEXT() REPRESENTATION_CONTEXT('2D SPACE',''
  ) );
#1537 = ADVANCED_FACE('',(#1538,#1541),#93,.T.);
#1538 = FACE_BOUND('',#1539,.T.);
#1539 = EDGE_LOOP('',(#1540));
#1540 = ORIENTED_EDGE('',*,*,#78,.T.);
#1541 = FACE_BOUND('',#1542,.T.);
#1542 = EDGE_LOOP('',(#1543));
#1543 = ORIENTED_EDGE('',*,*,#1544,.F.);
#1544 = EDGE_CURVE('',#1545,#1545,#1547,.T.);
#1545 = VERTEX_POINT('',#1546);
#1546 = CARTESIAN_POINT('',(77.55,-1.899427185478E-14,-15.7));
#1547 = SURFACE_CURVE('',#1548,(#1553,#1560),.PCURVE_S1.);
#1548 = CIRCLE('',#1549,77.55);
#1549 = AXIS2_PLACEMENT_3D('',#1550,#1551,#1552);
#1550 = CARTESIAN_POINT('',(0.,0.,-15.7));
#1551 = DIRECTION('',(0.,0.,1.));
#1552 = DIRECTION('',(1.,0.,-0.));
#1553 = PCURVE('',#93,#1554);
#1554 = DEFINITIONAL_REPRESENTATION('',(#1555),#1559);
#1555 = CIRCLE('',#1556,77.55);
#1556 = AXIS2_PLACEMENT_2D('',#1557,#1558);
#1557 = CARTESIAN_POINT('',(0.,0.));
#1558 = DIRECTION('',(1.,0.));
#1559 = ( GEOMETRIC_REPRESENTATION_CONTEXT(2) 
PARAMETRIC_REPRESENTATION_CONTEXT() REPRESENTATION_CONTEXT('2D SPACE',''
  ) );
#1560 = PCURVE('',#1561,#1566);
#1561 = CYLINDRICAL_SURFACE('',#1562,77.55);
#1562 = AXIS2_PLACEMENT_3D('',#1563,#1564,#1565);
#1563 = CARTESIAN_POINT('',(0.,0.,-33.7));
#1564 = DIRECTION('',(0.,0.,1.));
#1565 = DIRECTION('',(1.,0.,-0.));
#1566 = DEFINITIONAL_REPRESENTATION('',(#1567),#1571);
#1567 = LINE('',#1568,#1569);
#1568 = CARTESIAN_POINT('',(0.,18.));
#1569 = VECTOR('',#1570,1.);
#1570 = DIRECTION('',(1.,0.));
#1571 = ( GEOMETRIC_REPRESENTATION_CONTEXT(2) 
PARAMETRIC_REPRESENTATION_CONTEXT() REPRESENTATION_CONTEXT('2D SPACE',''
  ) );
#1572 = ADVANCED_FACE('',(#1573),#242,.F.);
#1573 = FACE_BOUND('',#1574,.F.);
#1574 = EDGE_LOOP('',(#1575,#1576,#1599,#1797));
#1575 = ORIENTED_EDGE('',*,*,#108,.F.);
#1576 = ORIENTED_EDGE('',*,*,#1577,.F.);
#1577 = EDGE_CURVE('',#1578,#109,#1580,.T.);
#1578 = VERTEX_POINT('',#1579);
#1579 = CARTESIAN_POINT('',(47.316757460543,61.442061842195,-27.3));
#1580 = SEAM_CURVE('',#1581,(#1585,#1592),.PCURVE_S1.);
#1581 = LINE('',#1582,#1583);
#1582 = CARTESIAN_POINT('',(46.096467132741,59.857482555485,-27.3));
#1583 = VECTOR('',#1584,1.);
#1584 = DIRECTION('',(0.610145163901,0.792289643355,2.220446049251E-16)
  );
#1585 = PCURVE('',#242,#1586);
#1586 = DEFINITIONAL_REPRESENTATION('',(#1587),#1591);
#1587 = LINE('',#1588,#1589);
#1588 = CARTESIAN_POINT('',(0.,-0.));
#1589 = VECTOR('',#1590,1.);
#1590 = DIRECTION('',(0.,1.));
#1591 = ( GEOMETRIC_REPRESENTATION_CONTEXT(2) 
PARAMETRIC_REPRESENTATION_CONTEXT() REPRESENTATION_CONTEXT('2D SPACE',''
  ) );
#1592 = PCURVE('',#242,#1593);
#1593 = DEFINITIONAL_REPRESENTATION('',(#1594),#1598);
#1594 = LINE('',#1595,#1596);
#1595 = CARTESIAN_POINT('',(6.28318530718,-0.));
#1596 = VECTOR('',#1597,1.);
#1597 = DIRECTION('',(0.,1.));
#1598 = ( GEOMETRIC_REPRESENTATION_CONTEXT(2) 
PARAMETRIC_REPRESENTATION_CONTEXT() REPRESENTATION_CONTEXT('2D SPACE',''
  ) );
#1599 = ORIENTED_EDGE('',*,*,#1600,.T.);
#1600 = EDGE_CURVE('',#1578,#1578,#1601,.T.);
#1601 = SURFACE_CURVE('',#1602,(#1665,#1731),.PCURVE_S1.);
#1602 = B_SPLINE_CURVE_WITH_KNOTS('',7,(#1603,#1604,#1605,#1606,#1607,
    #1608,#1609,#1610,#1611,#1612,#1613,#1614,#1615,#1616,#1617,#1618,
    #1619,#1620,#1621,#1622,#1623,#1624,#1625,#1626,#1627,#1628,#1629,
    #1630,#1631,#1632,#1633,#1634,#1635,#1636,#1637,#1638,#1639,#1640,
    #1641,#1642,#1643,#1644,#1645,#1646,#1647,#1648,#1649,#1650,#1651,
    #1652,#1653,#1654,#1655,#1656,#1657,#1658,#1659,#1660,#1661,#1662,
    #1663,#1664),.UNSPECIFIED.,.T.,.F.,(1,7,6,6,6,6,6,6,6,6,6,7,1),(
    -5.1294545474E-02,0.,8.234440700457E-02,0.180748277868,
    0.344502792494,0.442271127853,0.531817658912,0.631497540721,
    0.75006312352,0.844379790952,0.948705454526,1.,1.082344407005),
  .UNSPECIFIED.);
#1603 = CARTESIAN_POINT('',(47.316757460543,61.442061842195,-27.3));
#1604 = CARTESIAN_POINT('',(47.08241935702,61.622526476287,-27.3));
#1605 = CARTESIAN_POINT('',(46.84963022309,61.800137537287,
    -27.26907217624));
#1606 = CARTESIAN_POINT('',(46.622360840858,61.971894905509,
    -27.20833323536));
#1607 = CARTESIAN_POINT('',(46.404453141034,62.13507164482,
    -27.12018215356));
#1608 = CARTESIAN_POINT('',(46.199345647324,62.287383444193,
    -27.0082193265));
#1609 = CARTESIAN_POINT('',(46.009827084013,62.427107782795,
    -26.87718151973));
#1610 = CARTESIAN_POINT('',(45.632262652828,62.70378016389,
    -26.56046334619));
#1611 = CARTESIAN_POINT('',(45.449107546672,62.836781437893,
    -26.36692503755));
#1612 = CARTESIAN_POINT('',(45.288146857322,62.952796458914,
    -26.15746548243));
#1613 = CARTESIAN_POINT('',(45.14876322891,63.052664051887,
    -25.93601615555));
#1614 = CARTESIAN_POINT('',(45.030180862793,63.137238306698,
    -25.7055856675));
#1615 = CARTESIAN_POINT('',(44.931648278413,63.207269235349,
    -25.46849093956));
#1616 = CARTESIAN_POINT('',(44.720924424687,63.356668574747,
    -24.82376429924));
#1617 = CARTESIAN_POINT('',(44.643134224073,63.41134034845,
    -24.40749029646));
#1618 = CARTESIAN_POINT('',(44.616242519255,63.430155389801,
    -23.98547044929));
#1619 = CARTESIAN_POINT('',(44.639157001661,63.414091031511,
    -23.56271178427));
#1620 = CARTESIAN_POINT('',(44.712500368594,63.36261466813,
    -23.14435074776));
#1621 = CARTESIAN_POINT('',(44.838470156704,63.273722724356,
    -22.73662242432));
#1622 = CARTESIAN_POINT('',(45.128931610229,63.066629977192,
    -22.11917014517));
#1623 = CARTESIAN_POINT('',(45.257772173799,62.974440817103,
    -21.89517041789));
#1624 = CARTESIAN_POINT('',(45.407574347479,62.866755667035,
    -21.68075207896));
#1625 = CARTESIAN_POINT('',(45.578919512106,62.742859694148,
    -21.47928699369));
#1626 = CARTESIAN_POINT('',(45.77215305927,62.602119609289,
    -21.29486007691));
#1627 = CARTESIAN_POINT('',(45.987195301325,62.444109299174,
    -21.13244464126));
#1628 = CARTESIAN_POINT('',(46.439431247736,62.108406997773,
    -20.87527224748));
#1629 = CARTESIAN_POINT('',(46.674963572113,61.932208405871,
    -20.77499398211));
#1630 = CARTESIAN_POINT('',(46.924642677473,61.743701733172,
    -20.70569910793));
#1631 = CARTESIAN_POINT('',(47.181983494305,61.547361928638,
    -20.67254578131));
#1632 = CARTESIAN_POINT('',(47.439924342405,61.348419280346,
    -20.67748462781));
#1633 = CARTESIAN_POINT('',(47.691544173405,61.152364850558,
    -20.71919759042));
#1634 = CARTESIAN_POINT('',(48.197090901679,60.754898466356,
    -20.87520022768));
#1635 = CARTESIAN_POINT('',(48.444401697526,60.5582638691,
    -20.99604137715));
#1636 = CARTESIAN_POINT('',(48.670330600966,60.376776199979,
    -21.14876843852));
#1637 = CARTESIAN_POINT('',(48.873606025673,60.212044084511,
    -21.32718458928));
#1638 = CARTESIAN_POINT('',(49.053713945974,60.065025178324,
    -21.52548244434));
#1639 = CARTESIAN_POINT('',(49.210763481612,59.936080487683,
    -21.73817213018));
#1640 = CARTESIAN_POINT('',(49.505676167124,59.692827546453,
    -22.22402112437));
#1641 = CARTESIAN_POINT('',(49.635941979861,59.584539179503,
    -22.50376192024));
#1642 = CARTESIAN_POINT('',(49.738037243708,59.499203933852,
    -22.79402498619));
#1643 = CARTESIAN_POINT('',(49.813499065977,59.43591001544,
    -23.09117763692));
#1644 = CARTESIAN_POINT('',(49.863444310287,59.393943190448,
    -23.39258609236));
#1645 = CARTESIAN_POINT('',(49.888453893063,59.372928748376,
    -23.69616327471));
#1646 = CARTESIAN_POINT('',(49.888453893063,59.372928748376,
    -24.24169633966));
#1647 = CARTESIAN_POINT('',(49.872627599903,59.386226905873,
    -24.48331223392));
#1648 = CARTESIAN_POINT('',(49.840995028413,59.412806284707,
    -24.72382016029));
#1649 = CARTESIAN_POINT('',(49.793331881425,59.4528102981,
    -24.96215701598));
#1650 = CARTESIAN_POINT('',(49.729200796261,59.506515674123,
    -25.19708372863));
#1651 = CARTESIAN_POINT('',(49.647979849793,59.574299741018,
    -25.42704083103));
#1652 = CARTESIAN_POINT('',(49.439281084352,59.747638340091,
    -25.8966198593));
#1653 = CARTESIAN_POINT('',(49.307356432111,59.856813733274,
    -26.13569583673));
#1654 = CARTESIAN_POINT('',(49.152026184621,59.984743792298,
    -26.36368205433));
#1655 = CARTESIAN_POINT('',(48.97232319636,60.13183450038,
    -26.57625819725));
#1656 = CARTESIAN_POINT('',(48.767520117902,60.29817358933,
    -26.7682249685));
#1657 = CARTESIAN_POINT('',(48.537360625905,60.483329385173,
    -26.93328317273));
#1658 = CARTESIAN_POINT('',(48.157297826688,60.785712084181,
    -27.12769495731));
#1659 = CARTESIAN_POINT('',(48.026191625708,60.88952947951,
    -27.18331829973));
#1660 = CARTESIAN_POINT('',(47.890099105328,60.996741245187,
    -27.22920492036));
#1661 = CARTESIAN_POINT('',(47.749998961996,61.106506547571,
    -27.26436227007));
#1662 = CARTESIAN_POINT('',(47.606970554781,61.217928498585,
    -27.28809242913));
#1663 = CARTESIAN_POINT('',(47.462161865785,61.330085375745,-27.3));
#1664 = CARTESIAN_POINT('',(47.316757460543,61.442061842195,-27.3));
#1665 = PCURVE('',#242,#1666);
#1666 = DEFINITIONAL_REPRESENTATION('',(#1667),#1730);
#1667 = B_SPLINE_CURVE_WITH_KNOTS('',7,(#1668,#1669,#1670,#1671,#1672,
    #1673,#1674,#1675,#1676,#1677,#1678,#1679,#1680,#1681,#1682,#1683,
    #1684,#1685,#1686,#1687,#1688,#1689,#1690,#1691,#1692,#1693,#1694,
    #1695,#1696,#1697,#1698,#1699,#1700,#1701,#1702,#1703,#1704,#1705,
    #1706,#1707,#1708,#1709,#1710,#1711,#1712,#1713,#1714,#1715,#1716,
    #1717,#1718,#1719,#1720,#1721,#1722,#1723,#1724,#1725,#1726,#1727,
    #1728,#1729),.UNSPECIFIED.,.F.,.F.,(8,6,6,6,6,6,6,6,6,6,8),(0.,
    8.234440700457E-02,0.180748277868,0.344502792494,0.442271127853,
    0.531817658912,0.631497540721,0.75006312352,0.844379790952,
    0.948705454526,1.),.UNSPECIFIED.);
#1668 = CARTESIAN_POINT('',(0.,2.));
#1669 = CARTESIAN_POINT('',(8.962826551858E-02,2.));
#1670 = CARTESIAN_POINT('',(0.178356932692,1.9986842399));
#1671 = CARTESIAN_POINT('',(0.265854623986,1.996098509441));
#1672 = CARTESIAN_POINT('',(0.351762681764,1.992426420808));
#1673 = CARTESIAN_POINT('',(0.435657976161,1.987956136646));
#1674 = CARTESIAN_POINT('',(0.516990908271,1.983024448171));
#1675 = CARTESIAN_POINT('',(0.688219993694,1.971859998567));
#1676 = CARTESIAN_POINT('',(0.777874830113,1.965484328247));
#1677 = CARTESIAN_POINT('',(0.864539582628,1.959192441691));
#1678 = CARTESIAN_POINT('',(0.948676887308,1.953272254507));
#1679 = CARTESIAN_POINT('',(1.030698395889,1.947927103477));
#1680 = CARTESIAN_POINT('',(1.111003968855,1.943292703117));
#1681 = CARTESIAN_POINT('',(1.321450390191,1.933088112176));
#1682 = CARTESIAN_POINT('',(1.449256480545,1.928940677562));
#1683 = CARTESIAN_POINT('',(1.575382127313,1.927439796319));
#1684 = CARTESIAN_POINT('',(1.701375391066,1.928693332243));
#1685 = CARTESIAN_POINT('',(1.828771428418,1.932659243296));
#1686 = CARTESIAN_POINT('',(1.959112338297,1.939090933879));
#1687 = CARTESIAN_POINT('',(2.17516460471,1.952237146255));
#1688 = CARTESIAN_POINT('',(2.257938249239,1.957808076264));
#1689 = CARTESIAN_POINT('',(2.343007526543,1.963891318935));
#1690 = CARTESIAN_POINT('',(2.430673935691,1.970275246318));
#1691 = CARTESIAN_POINT('',(2.521293825801,1.976668848985));
#1692 = CARTESIAN_POINT('',(2.615277535909,1.982685900761));
#1693 = CARTESIAN_POINT('',(2.802875542669,1.992642019756));
#1694 = CARTESIAN_POINT('',(2.896570678582,1.996750608879));
#1695 = CARTESIAN_POINT('',(2.99270425759,1.99973922306));
#1696 = CARTESIAN_POINT('',(3.090109216403,2.001196484213));
#1697 = CARTESIAN_POINT('',(3.187788131009,2.00095764539));
#1698 = CARTESIAN_POINT('',(3.284702883267,1.999150374161));
#1699 = CARTESIAN_POINT('',(3.485219255376,1.992698765759));
#1700 = CARTESIAN_POINT('',(3.586886502714,1.987802696895));
#1701 = CARTESIAN_POINT('',(3.685045490507,1.981861324073));
#1702 = CARTESIAN_POINT('',(3.779946555191,1.975373292384));
#1703 = CARTESIAN_POINT('',(3.871737223736,1.968783712187));
#1704 = CARTESIAN_POINT('',(3.960444919694,1.962445183889));
#1705 = CARTESIAN_POINT('',(4.147743931583,1.949657946675));
#1706 = CARTESIAN_POINT('',(4.246087337401,1.943343250708));
#1707 = CARTESIAN_POINT('',(4.341853078897,1.938025950859));
#1708 = CARTESIAN_POINT('',(4.435713030161,1.933921500731));
#1709 = CARTESIAN_POINT('',(4.528324269787,1.9311454692));
#1710 = CARTESIAN_POINT('',(4.62031724545,1.929755420368));
#1711 = CARTESIAN_POINT('',(4.785630295434,1.929755420368));
#1712 = CARTESIAN_POINT('',(4.858847483277,1.930635076594));
#1713 = CARTESIAN_POINT('',(4.932369551995,1.932393182655));
#1714 = CARTESIAN_POINT('',(5.006517129716,1.935006509527));
#1715 = CARTESIAN_POINT('',(5.081607499132,1.938427451275));
#1716 = CARTESIAN_POINT('',(5.157972279484,1.942575497765));
#1717 = CARTESIAN_POINT('',(5.322282326988,1.952573332158));
#1718 = CARTESIAN_POINT('',(5.410952927096,1.958578676923));
#1719 = CARTESIAN_POINT('',(5.50230735781,1.965162338446));
#1720 = CARTESIAN_POINT('',(5.5966712138,1.972055873869));
#1721 = CARTESIAN_POINT('',(5.694450756964,1.978885003455));
#1722 = CARTESIAN_POINT('',(5.796122452941,1.985151321941));
#1723 = CARTESIAN_POINT('',(5.954633653348,1.992832523774));
#1724 = CARTESIAN_POINT('',(6.007940567955,1.995092156407));
#1725 = CARTESIAN_POINT('',(6.06207779797,1.996998734846));
#1726 = CARTESIAN_POINT('',(6.116846684007,1.998483222209));
#1727 = CARTESIAN_POINT('',(6.172068163228,1.999493589077));
#1728 = CARTESIAN_POINT('',(6.227571881772,2.));
#1729 = CARTESIAN_POINT('',(6.28318530718,2.));
#1730 = ( GEOMETRIC_REPRESENTATION_CONTEXT(2) 
PARAMETRIC_REPRESENTATION_CONTEXT() REPRESENTATION_CONTEXT('2D SPACE',''
  ) );
#1731 = PCURVE('',#1561,#1732);
#1732 = DEFINITIONAL_REPRESENTATION('',(#1733),#1796);
#1733 = B_SPLINE_CURVE_WITH_KNOTS('',7,(#1734,#1735,#1736,#1737,#1738,
    #1739,#1740,#1741,#1742,#1743,#1744,#1745,#1746,#1747,#1748,#1749,
    #1750,#1751,#1752,#1753,#1754,#1755,#1756,#1757,#1758,#1759,#1760,
    #1761,#1762,#1763,#1764,#1765,#1766,#1767,#1768,#1769,#1770,#1771,
    #1772,#1773,#1774,#1775,#1776,#1777,#1778,#1779,#1780,#1781,#1782,
    #1783,#1784,#1785,#1786,#1787,#1788,#1789,#1790,#1791,#1792,#1793,
    #1794,#1795),.UNSPECIFIED.,.T.,.F.,(1,7,6,6,6,6,6,6,6,6,6,7,1),(
    -5.1294545474E-02,0.,8.234440700457E-02,0.180748277868,
    0.344502792494,0.442271127853,0.531817658912,0.631497540721,
    0.75006312352,0.844379790952,0.948705454526,1.,1.082344407005),
  .UNSPECIFIED.);
#1734 = CARTESIAN_POINT('',(0.914552528045,6.4));
#1735 = CARTESIAN_POINT('',(0.918366496791,6.4));
#1736 = CARTESIAN_POINT('',(0.922142189314,6.430927823757));
#1737 = CARTESIAN_POINT('',(0.925815524023,6.491666764639));
#1738 = CARTESIAN_POINT('',(0.929325878948,6.579817846435));
#1739 = CARTESIAN_POINT('',(0.932620184853,6.691780673494));
#1740 = CARTESIAN_POINT('',(0.935656372979,6.822818480266));
#1741 = CARTESIAN_POINT('',(0.941692270678,7.139536653809));
#1742 = CARTESIAN_POINT('',(0.944611028637,7.333074962446));
#1743 = CARTESIAN_POINT('',(0.947169528141,7.54253451757));
#1744 = CARTESIAN_POINT('',(0.949380583481,7.763983844447));
#1745 = CARTESIAN_POINT('',(0.951258751552,7.994414332495));
#1746 = CARTESIAN_POINT('',(0.952817541557,8.231509060438));
#1747 = CARTESIAN_POINT('',(0.956148441059,8.876235700755));
#1748 = CARTESIAN_POINT('',(0.957374486187,9.29250970354));
#1749 = CARTESIAN_POINT('',(0.957797705523,9.714529550706));
#1750 = CARTESIAN_POINT('',(0.957436845854,10.137288215723));
#1751 = CARTESIAN_POINT('',(0.956281391292,10.555649252235));
#1752 = CARTESIAN_POINT('',(0.954293332549,10.963377575674));
#1753 = CARTESIAN_POINT('',(0.949693351182,11.58082985483));
#1754 = CARTESIAN_POINT('',(0.947650468268,11.804829582105));
#1755 = CARTESIAN_POINT('',(0.945271488958,12.019247921033));
#1756 = CARTESIAN_POINT('',(0.942544934719,12.220713006303));
#1757 = CARTESIAN_POINT('',(0.939462389073,12.405139923081));
#1758 = CARTESIAN_POINT('',(0.936021387862,12.567555358737));
#1759 = CARTESIAN_POINT('',(0.928758757332,12.824727752514));
#1760 = CARTESIAN_POINT('',(0.924965806898,12.925006017882));
#1761 = CARTESIAN_POINT('',(0.920931718732,12.994300892068));
#1762 = CARTESIAN_POINT('',(0.916757893779,13.027454218688));
#1763 = CARTESIAN_POINT('',(0.912557493024,13.022515372182));
#1764 = CARTESIAN_POINT('',(0.908444280646,12.980802409571));
#1765 = CARTESIAN_POINT('',(0.900151772688,12.824799772317));
#1766 = CARTESIAN_POINT('',(0.896077618611,12.703958622844));
#1767 = CARTESIAN_POINT('',(0.892340796551,12.551231561477));
#1768 = CARTESIAN_POINT('',(0.888966964429,12.372815410714));
#1769 = CARTESIAN_POINT('',(0.885968997764,12.174517555658));
#1770 = CARTESIAN_POINT('',(0.883348726088,11.961827869816));
#1771 = CARTESIAN_POINT('',(0.878419134952,11.475978875622));
#1772 = CARTESIAN_POINT('',(0.87623478454,11.196238079751));
#1773 = CARTESIAN_POINT('',(0.87451896514,10.905975013809));
#1774 = CARTESIAN_POINT('',(0.873248925166,10.60882236308));
#1775 = CARTESIAN_POINT('',(0.872407712352,10.307413907635));
#1776 = CARTESIAN_POINT('',(0.87198648371,10.003836725284));
#1777 = CARTESIAN_POINT('',(0.87198648371,9.458303660337));
#1778 = CARTESIAN_POINT('',(0.872253041309,9.216687766078));
#1779 = CARTESIAN_POINT('',(0.872785818267,8.976179839709));
#1780 = CARTESIAN_POINT('',(0.873588218944,8.737842984014));
#1781 = CARTESIAN_POINT('',(0.87466685643,8.502916271368));
#1782 = CARTESIAN_POINT('',(0.876031004691,8.27295916897));
#1783 = CARTESIAN_POINT('',(0.879529339466,7.803380140692));
#1784 = CARTESIAN_POINT('',(0.881737468941,7.564304163266));
#1785 = CARTESIAN_POINT('',(0.884332300938,7.336317945661));
#1786 = CARTESIAN_POINT('',(0.887326803995,7.123741802746));
#1787 = CARTESIAN_POINT('',(0.890728980205,6.931775031495));
#1788 = CARTESIAN_POINT('',(0.89453796871,6.766716827262));
#1789 = CARTESIAN_POINT('',(0.900800739898,6.572305042685));
#1790 = CARTESIAN_POINT('',(0.902957188664,6.516681700266));
#1791 = CARTESIAN_POINT('',(0.905191218467,6.470795079631));
#1792 = CARTESIAN_POINT('',(0.907486223941,6.435637729923));
#1793 = CARTESIAN_POINT('',(0.909824137446,6.411907570861));
#1794 = CARTESIAN_POINT('',(0.912185999304,6.4));
#1795 = CARTESIAN_POINT('',(0.914552528045,6.4));
#1796 = ( GEOMETRIC_REPRESENTATION_CONTEXT(2) 
PARAMETRIC_REPRESENTATION_CONTEXT() REPRESENTATION_CONTEXT('2D SPACE',''
  ) );
#1797 = ORIENTED_EDGE('',*,*,#1577,.T.);
#1798 = ADVANCED_FACE('',(#1799),#449,.F.);
#1799 = FACE_BOUND('',#1800,.F.);
#1800 = EDGE_LOOP('',(#1801,#1802,#1825,#2023));
#1801 = ORIENTED_EDGE('',*,*,#315,.F.);
#1802 = ORIENTED_EDGE('',*,*,#1803,.F.);
#1803 = EDGE_CURVE('',#1804,#316,#1806,.T.);
#1804 = VERTEX_POINT('',#1805);
#1805 = CARTESIAN_POINT('',(-29.55200768596,71.698544906635,-27.3));
#1806 = SEAM_CURVE('',#1807,(#1811,#1818),.PCURVE_S1.);
#1807 = LINE('',#1808,#1809);
#1808 = CARTESIAN_POINT('',(-28.78986693326,69.84945283941,-27.3));
#1809 = VECTOR('',#1810,1.);
#1810 = DIRECTION('',(-0.38107037635,0.924546033612,2.220446049251E-16)
  );
#1811 = PCURVE('',#449,#1812);
#1812 = DEFINITIONAL_REPRESENTATION('',(#1813),#1817);
#1813 = LINE('',#1814,#1815);
#1814 = CARTESIAN_POINT('',(0.,-0.));
#1815 = VECTOR('',#1816,1.);
#1816 = DIRECTION('',(0.,1.));
#1817 = ( GEOMETRIC_REPRESENTATION_CONTEXT(2) 
PARAMETRIC_REPRESENTATION_CONTEXT() REPRESENTATION_CONTEXT('2D SPACE',''
  ) );
#1818 = PCURVE('',#449,#1819);
#1819 = DEFINITIONAL_REPRESENTATION('',(#1820),#1824);
#1820 = LINE('',#1821,#1822);
#1821 = CARTESIAN_POINT('',(6.28318530718,-0.));
#1822 = VECTOR('',#1823,1.);
#1823 = DIRECTION('',(0.,1.));
#1824 = ( GEOMETRIC_REPRESENTATION_CONTEXT(2) 
PARAMETRIC_REPRESENTATION_CONTEXT() REPRESENTATION_CONTEXT('2D SPACE',''
  ) );
#1825 = ORIENTED_EDGE('',*,*,#1826,.T.);
#1826 = EDGE_CURVE('',#1804,#1804,#1827,.T.);
#1827 = SURFACE_CURVE('',#1828,(#1891,#1957),.PCURVE_S1.);
#1828 = B_SPLINE_CURVE_WITH_KNOTS('',7,(#1829,#1830,#1831,#1832,#1833,
    #1834,#1835,#1836,#1837,#1838,#1839,#1840,#1841,#1842,#1843,#1844,
    #1845,#1846,#1847,#1848,#1849,#1850,#1851,#1852,#1853,#1854,#1855,
    #1856,#1857,#1858,#1859,#1860,#1861,#1862,#1863,#1864,#1865,#1866,
    #1867,#1868,#1869,#1870,#1871,#1872,#1873,#1874,#1875,#1876,#1877,
    #1878,#1879,#1880,#1881,#1882,#1883,#1884,#1885,#1886,#1887,#1888,
    #1889,#1890),.UNSPECIFIED.,.T.,.F.,(1,7,6,6,6,6,6,6,6,6,6,7,1),(
    -5.1294545162E-02,0.,8.234440951345E-02,0.18074828247,0.344502797319
    ,0.442271132426,0.531817661724,0.63149754296,0.750063125038,
    0.844379791898,0.948705454838,1.,1.082344409513),.UNSPECIFIED.);
#1829 = CARTESIAN_POINT('',(-29.55200768596,71.698544906635,-27.3));
#1830 = CARTESIAN_POINT('',(-29.82546369278,71.585834474006,-27.3));
#1831 = CARTESIAN_POINT('',(-30.09567395849,71.473038697493,
    -27.26907217527));
#1832 = CARTESIAN_POINT('',(-30.35805488567,71.362096326524,
    -27.20833323677));
#1833 = CARTESIAN_POINT('',(-30.60832393658,71.254971092641,
    -27.12018215401));
#1834 = CARTESIAN_POINT('',(-30.84278357897,71.153498688874,
    -27.00821932436));
#1835 = CARTESIAN_POINT('',(-31.05854768088,71.059232970673,
    -26.87718152106));
#1836 = CARTESIAN_POINT('',(-31.48693520883,70.870588771458,
    -26.56046334619));
#1837 = CARTESIAN_POINT('',(-31.69369524393,70.778472433696,
    -26.36692503755));
#1838 = CARTESIAN_POINT('',(-31.87464754403,70.697083898219,
    -26.15746548243));
#1839 = CARTESIAN_POINT('',(-32.03082723076,70.626307931629,
    -25.93601615555));
#1840 = CARTESIAN_POINT('',(-32.16336186699,70.565899717535,
    -25.7055856675));
#1841 = CARTESIAN_POINT('',(-32.27327672244,70.515583460688,
    -25.46849093956));
#1842 = CARTESIAN_POINT('',(-32.50802226961,70.407790921218,
    -24.82376430726));
#1843 = CARTESIAN_POINT('',(-32.594264523,70.367758514404,
    -24.40749026332));
#1844 = CARTESIAN_POINT('',(-32.62400467439,70.353877137805,
    -23.98547051304));
#1845 = CARTESIAN_POINT('',(-32.59863527919,70.365689487794,
    -23.56271171499));
#1846 = CARTESIAN_POINT('',(-32.51738378163,70.403468514002,
    -23.14435078854));
#1847 = CARTESIAN_POINT('',(-32.3774161873,70.468115587288,
    -22.73662241358));
#1848 = CARTESIAN_POINT('',(-32.05283789005,70.61611620695,
    -22.11917015249));
#1849 = CARTESIAN_POINT('',(-31.90857944248,70.681600833177,
    -21.89517039978));
#1850 = CARTESIAN_POINT('',(-31.74042028573,70.757490743115,
    -21.68075209446));
#1851 = CARTESIAN_POINT('',(-31.54745066347,70.843932013814,
    -21.47928699411));
#1852 = CARTESIAN_POINT('',(-31.32894936211,70.9409071488,-21.2948600684
    ));
#1853 = CARTESIAN_POINT('',(-31.08458732752,71.04813402569,
    -21.13244464544));
#1854 = CARTESIAN_POINT('',(-30.5677426213,71.271930698234,
    -20.87527224575));
#1855 = CARTESIAN_POINT('',(-30.29738401487,71.387808373313,
    -20.77499398422));
#1856 = CARTESIAN_POINT('',(-30.00929288003,71.509783491171,
    -20.70569910842));
#1857 = CARTESIAN_POINT('',(-29.71058721351,71.634477273638,
    -20.67254577975));
#1858 = CARTESIAN_POINT('',(-29.40932741704,71.758389270434,
    -20.67748462743));
#1859 = CARTESIAN_POINT('',(-29.11372937137,71.878271226757,
    -20.71919759147));
#1860 = CARTESIAN_POINT('',(-28.51674002544,72.117354342508,
    -20.87520022766));
#1861 = CARTESIAN_POINT('',(-28.22279407096,72.233214475743,
    -20.99604137713));
#1862 = CARTESIAN_POINT('',(-27.95265668724,72.338130811037,
    -21.14876843854));
#1863 = CARTESIAN_POINT('',(-27.70835677808,72.43180643506,
    -21.32718458934));
#1864 = CARTESIAN_POINT('',(-27.4909807104,72.514275016345,
    -21.52548244435));
#1865 = CARTESIAN_POINT('',(-27.30078656484,72.585811558526,
    -21.73817213011));
#1866 = CARTESIAN_POINT('',(-26.94266699539,72.719586965482,
    -22.22402112437));
#1867 = CARTESIAN_POINT('',(-26.7837536123,72.778256285082,
    -22.50376192025));
#1868 = CARTESIAN_POINT('',(-26.65880348981,72.824005754353,
    -22.79402498618));
#1869 = CARTESIAN_POINT('',(-26.56625843742,72.857710650249,
    -23.09117763692));
#1870 = CARTESIAN_POINT('',(-26.50494147871,72.879981088123,
    -23.39258609236));
#1871 = CARTESIAN_POINT('',(-26.47423764664,72.891132801109,
    -23.69616327471));
#1872 = CARTESIAN_POINT('',(-26.47423764664,72.891132801109,
    -24.24169633966));
#1873 = CARTESIAN_POINT('',(-26.49366733544,72.884075907933,
    -24.48331223392));
#1874 = CARTESIAN_POINT('',(-26.53250203847,72.869970986853,
    -24.72382016029));
#1875 = CARTESIAN_POINT('',(-26.59097810381,72.848695497433,
    -24.96215701598));
#1876 = CARTESIAN_POINT('',(-26.66955386635,72.820009036521,
    -25.19708372863));
#1877 = CARTESIAN_POINT('',(-26.76886706349,72.783561667007,
    -25.42704083103));
#1878 = CARTESIAN_POINT('',(-27.02333207646,72.689492533934,
    -25.8966198593));
#1879 = CARTESIAN_POINT('',(-27.18384306655,72.6298301303,
    -26.13569583673));
#1880 = CARTESIAN_POINT('',(-27.37229887132,72.559275219507,
    -26.36368205434));
#1881 = CARTESIAN_POINT('',(-27.5895346553,72.477193220581,
    -26.57625819725));
#1882 = CARTESIAN_POINT('',(-27.83599007121,72.382998096336,
    -26.7682249685));
#1883 = CARTESIAN_POINT('',(-28.11141944006,72.276252027267,
    -26.93328317273));
#1884 = CARTESIAN_POINT('',(-28.56332193868,72.098299337615,
    -27.12769495731));
#1885 = CARTESIAN_POINT('',(-28.71878354088,72.036666734638,
    -27.18331829973));
#1886 = CARTESIAN_POINT('',(-28.87967791373,71.972413037562,
    -27.22920492036));
#1887 = CARTESIAN_POINT('',(-29.04478752571,71.905965405555,
    -27.26436227007));
#1888 = CARTESIAN_POINT('',(-29.21279596944,71.837810146951,
    -27.28809242913));
#1889 = CARTESIAN_POINT('',(-29.38233101877,71.768480582171,-27.3));
#1890 = CARTESIAN_POINT('',(-29.55200768596,71.698544906635,-27.3));
#1891 = PCURVE('',#449,#1892);
#1892 = DEFINITIONAL_REPRESENTATION('',(#1893),#1956);
#1893 = B_SPLINE_CURVE_WITH_KNOTS('',7,(#1894,#1895,#1896,#1897,#1898,
    #1899,#1900,#1901,#1902,#1903,#1904,#1905,#1906,#1907,#1908,#1909,
    #1910,#1911,#1912,#1913,#1914,#1915,#1916,#1917,#1918,#1919,#1920,
    #1921,#1922,#1923,#1924,#1925,#1926,#1927,#1928,#1929,#1930,#1931,
    #1932,#1933,#1934,#1935,#1936,#1937,#1938,#1939,#1940,#1941,#1942,
    #1943,#1944,#1945,#1946,#1947,#1948,#1949,#1950,#1951,#1952,#1953,
    #1954,#1955),.UNSPECIFIED.,.F.,.F.,(8,6,6,6,6,6,6,6,6,6,8),(0.,
    8.234440951345E-02,0.18074828247,0.344502797319,0.442271132426,
    0.531817661724,0.63149754296,0.750063125038,0.844379791898,
    0.948705454838,1.),.UNSPECIFIED.);
#1894 = CARTESIAN_POINT('',(0.,2.));
#1895 = CARTESIAN_POINT('',(8.962826468294E-02,2.));
#1896 = CARTESIAN_POINT('',(0.178356934535,1.998684239865));
#1897 = CARTESIAN_POINT('',(0.265854622964,1.996098509492));
#1898 = CARTESIAN_POINT('',(0.351762680656,1.992426420825));
#1899 = CARTESIAN_POINT('',(0.4356579779,1.987956136569));
#1900 = CARTESIAN_POINT('',(0.516990907554,1.983024448218));
#1901 = CARTESIAN_POINT('',(0.688219993694,1.971859998567));
#1902 = CARTESIAN_POINT('',(0.777874830113,1.965484328247));
#1903 = CARTESIAN_POINT('',(0.864539582628,1.959192441691));
#1904 = CARTESIAN_POINT('',(0.948676887308,1.953272254507));
#1905 = CARTESIAN_POINT('',(1.030698395889,1.947927103477));
#1906 = CARTESIAN_POINT('',(1.111003968855,1.943292703117));
#1907 = CARTESIAN_POINT('',(1.321450387573,1.933088112303));
#1908 = CARTESIAN_POINT('',(1.449256491367,1.928940677324));
#1909 = CARTESIAN_POINT('',(1.575382106369,1.927439796329));
#1910 = CARTESIAN_POINT('',(1.701375414089,1.928693332682));
#1911 = CARTESIAN_POINT('',(1.8287714146,1.932659242765));
#1912 = CARTESIAN_POINT('',(1.959112342054,1.939090934108));
#1913 = CARTESIAN_POINT('',(2.175164602149,1.952237146099));
#1914 = CARTESIAN_POINT('',(2.257938254967,1.957808076634));
#1915 = CARTESIAN_POINT('',(2.343007523697,1.963891318708));
#1916 = CARTESIAN_POINT('',(2.430673930931,1.970275246094));
#1917 = CARTESIAN_POINT('',(2.521293832879,1.976668849363));
#1918 = CARTESIAN_POINT('',(2.615277532857,1.982685900599));
#1919 = CARTESIAN_POINT('',(2.802875543932,1.992642019823));
#1920 = CARTESIAN_POINT('',(2.896570675445,1.996750608798));
#1921 = CARTESIAN_POINT('',(2.992704259557,1.999739223039));
#1922 = CARTESIAN_POINT('',(3.09010921831,2.001196484274));
#1923 = CARTESIAN_POINT('',(3.187788127799,2.000957645409));
#1924 = CARTESIAN_POINT('',(3.28470288461,1.999150374118));
#1925 = CARTESIAN_POINT('',(3.485219255349,1.99269876576));
#1926 = CARTESIAN_POINT('',(3.58688650271,1.987802696895));
#1927 = CARTESIAN_POINT('',(3.685045490527,1.981861324072));
#1928 = CARTESIAN_POINT('',(3.779946555213,1.975373292382));
#1929 = CARTESIAN_POINT('',(3.871737223736,1.968783712187));
#1930 = CARTESIAN_POINT('',(3.960444919667,1.962445183891));
#1931 = CARTESIAN_POINT('',(4.147743931583,1.949657946675));
#1932 = CARTESIAN_POINT('',(4.246087337402,1.943343250708));
#1933 = CARTESIAN_POINT('',(4.341853078896,1.938025950859));
#1934 = CARTESIAN_POINT('',(4.435713030162,1.933921500731));
#1935 = CARTESIAN_POINT('',(4.528324269786,1.9311454692));
#1936 = CARTESIAN_POINT('',(4.62031724545,1.929755420368));
#1937 = CARTESIAN_POINT('',(4.785630295434,1.929755420368));
#1938 = CARTESIAN_POINT('',(4.858847483277,1.930635076594));
#1939 = CARTESIAN_POINT('',(4.932369551995,1.932393182655));
#1940 = CARTESIAN_POINT('',(5.006517129716,1.935006509527));
#1941 = CARTESIAN_POINT('',(5.081607499132,1.938427451275));
#1942 = CARTESIAN_POINT('',(5.157972279484,1.942575497765));
#1943 = CARTESIAN_POINT('',(5.322282326988,1.952573332158));
#1944 = CARTESIAN_POINT('',(5.410952927096,1.958578676923));
#1945 = CARTESIAN_POINT('',(5.50230735781,1.965162338446));
#1946 = CARTESIAN_POINT('',(5.5966712138,1.972055873869));
#1947 = CARTESIAN_POINT('',(5.694450756964,1.978885003455));
#1948 = CARTESIAN_POINT('',(5.796122452941,1.985151321941));
#1949 = CARTESIAN_POINT('',(5.954633653348,1.992832523774));
#1950 = CARTESIAN_POINT('',(6.007940567955,1.995092156407));
#1951 = CARTESIAN_POINT('',(6.06207779797,1.996998734846));
#1952 = CARTESIAN_POINT('',(6.116846684007,1.998483222209));
#1953 = CARTESIAN_POINT('',(6.172068163228,1.999493589077));
#1954 = CARTESIAN_POINT('',(6.227571881772,2.));
#1955 = CARTESIAN_POINT('',(6.28318530718,2.));
#1956 = ( GEOMETRIC_REPRESENTATION_CONTEXT(2) 
PARAMETRIC_REPRESENTATION_CONTEXT() REPRESENTATION_CONTEXT('2D SPACE',''
  ) );
#1957 = PCURVE('',#1561,#1958);
#1958 = DEFINITIONAL_REPRESENTATION('',(#1959),#2022);
#1959 = B_SPLINE_CURVE_WITH_KNOTS('',7,(#1960,#1961,#1962,#1963,#1964,
    #1965,#1966,#1967,#1968,#1969,#1970,#1971,#1972,#1973,#1974,#1975,
    #1976,#1977,#1978,#1979,#1980,#1981,#1982,#1983,#1984,#1985,#1986,
    #1987,#1988,#1989,#1990,#1991,#1992,#1993,#1994,#1995,#1996,#1997,
    #1998,#1999,#2000,#2001,#2002,#2003,#2004,#2005,#2006,#2007,#2008,
    #2009,#2010,#2011,#2012,#2013,#2014,#2015,#2016,#2017,#2018,#2019,
    #2020,#2021),.UNSPECIFIED.,.T.,.F.,(1,7,6,6,6,6,6,6,6,6,6,7,1),(
    -5.1294545162E-02,0.,8.234440951345E-02,0.18074828247,0.344502797319
    ,0.442271132426,0.531817661724,0.63149754296,0.750063125038,
    0.844379791898,0.948705454838,1.,1.082344409513),.UNSPECIFIED.);
#1960 = CARTESIAN_POINT('',(1.961750079242,6.4));
#1961 = CARTESIAN_POINT('',(1.965564047952,6.4));
#1962 = CARTESIAN_POINT('',(1.969339740586,6.430927824727));
#1963 = CARTESIAN_POINT('',(1.973013075182,6.491666763225));
#1964 = CARTESIAN_POINT('',(1.976523430099,6.579817845988));
#1965 = CARTESIAN_POINT('',(1.979817736115,6.691780675633));
#1966 = CARTESIAN_POINT('',(1.98285392415,6.822818478939));
#1967 = CARTESIAN_POINT('',(1.988889821875,7.139536653809));
#1968 = CARTESIAN_POINT('',(1.991808579834,7.333074962446));
#1969 = CARTESIAN_POINT('',(1.994367079338,7.54253451757));
#1970 = CARTESIAN_POINT('',(1.996578134678,7.763983844447));
#1971 = CARTESIAN_POINT('',(1.998456302749,7.994414332495));
#1972 = CARTESIAN_POINT('',(2.000015092754,8.231509060438));
#1973 = CARTESIAN_POINT('',(2.003345992214,8.876235692734));
#1974 = CARTESIAN_POINT('',(2.004572037459,9.292509736675));
#1975 = CARTESIAN_POINT('',(2.004995256726,9.714529486955));
#1976 = CARTESIAN_POINT('',(2.004634396892,10.137288285008));
#1977 = CARTESIAN_POINT('',(2.003478942674,10.555649211456));
#1978 = CARTESIAN_POINT('',(2.001490883665,10.963377586412));
#1979 = CARTESIAN_POINT('',(1.996890902434,11.58082984751));
#1980 = CARTESIAN_POINT('',(1.994848019361,11.804829600212));
#1981 = CARTESIAN_POINT('',(1.992469040133,12.019247905533));
#1982 = CARTESIAN_POINT('',(1.989742486172,12.220713005889));
#1983 = CARTESIAN_POINT('',(1.986659939979,12.405139931595));
#1984 = CARTESIAN_POINT('',(1.983218939177,12.567555354553));
#1985 = CARTESIAN_POINT('',(1.97595630848,12.824727754246));
#1986 = CARTESIAN_POINT('',(1.97216335822,12.925006015772));
#1987 = CARTESIAN_POINT('',(1.968129269847,12.994300891575));
#1988 = CARTESIAN_POINT('',(1.9639554449,13.027454220248));
#1989 = CARTESIAN_POINT('',(1.959755044352,13.022515372569));
#1990 = CARTESIAN_POINT('',(1.955641831787,12.980802408526));
#1991 = CARTESIAN_POINT('',(1.947349323885,12.824799772338));
#1992 = CARTESIAN_POINT('',(1.943275169808,12.703958622869));
#1993 = CARTESIAN_POINT('',(1.939538347747,12.551231561453));
#1994 = CARTESIAN_POINT('',(1.936164515625,12.372815410659));
#1995 = CARTESIAN_POINT('',(1.933166548961,12.174517555647));
#1996 = CARTESIAN_POINT('',(1.930546277285,11.961827869887));
#1997 = CARTESIAN_POINT('',(1.925616686149,11.475978875622));
#1998 = CARTESIAN_POINT('',(1.923432335737,11.19623807975));
#1999 = CARTESIAN_POINT('',(1.921716516336,10.905975013812));
#2000 = CARTESIAN_POINT('',(1.920446476363,10.608822363077));
#2001 = CARTESIAN_POINT('',(1.919605263549,10.307413907636));
#2002 = CARTESIAN_POINT('',(1.919184034907,10.003836725284));
#2003 = CARTESIAN_POINT('',(1.919184034907,9.458303660337));
#2004 = CARTESIAN_POINT('',(1.919450592506,9.216687766078));
#2005 = CARTESIAN_POINT('',(1.919983369464,8.976179839709));
#2006 = CARTESIAN_POINT('',(1.920785770141,8.737842984013));
#2007 = CARTESIAN_POINT('',(1.921864407627,8.502916271369));
#2008 = CARTESIAN_POINT('',(1.923228555888,8.27295916897));
#2009 = CARTESIAN_POINT('',(1.926726890663,7.803380140692));
#2010 = CARTESIAN_POINT('',(1.928935020137,7.564304163266));
#2011 = CARTESIAN_POINT('',(1.931529852135,7.33631794566));
#2012 = CARTESIAN_POINT('',(1.934524355192,7.123741802747));
#2013 = CARTESIAN_POINT('',(1.937926531402,6.931775031494));
#2014 = CARTESIAN_POINT('',(1.941735519907,6.766716827262));
#2015 = CARTESIAN_POINT('',(1.947998291095,6.572305042685));
#2016 = CARTESIAN_POINT('',(1.950154739861,6.516681700266));
#2017 = CARTESIAN_POINT('',(1.952388769663,6.470795079631));
#2018 = CARTESIAN_POINT('',(1.954683775138,6.435637729923));
#2019 = CARTESIAN_POINT('',(1.957021688643,6.411907570861));
#2020 = CARTESIAN_POINT('',(1.959383550501,6.4));
#2021 = CARTESIAN_POINT('',(1.961750079242,6.4));
#2022 = ( GEOMETRIC_REPRESENTATION_CONTEXT(2) 
PARAMETRIC_REPRESENTATION_CONTEXT() REPRESENTATION_CONTEXT('2D SPACE',''
  ) );
#2023 = ORIENTED_EDGE('',*,*,#1803,.T.);
#2024 = ADVANCED_FACE('',(#2025),#656,.F.);
#2025 = FACE_BOUND('',#2026,.F.);
#2026 = EDGE_LOOP('',(#2027,#2028,#2051,#2249));
#2027 = ORIENTED_EDGE('',*,*,#522,.F.);
#2028 = ORIENTED_EDGE('',*,*,#2029,.F.);
#2029 = EDGE_CURVE('',#2030,#523,#2032,.T.);
#2030 = VERTEX_POINT('',#2031);
#2031 = CARTESIAN_POINT('',(-76.8687651465,10.25648306444,-27.3));
#2032 = SEAM_CURVE('',#2033,(#2037,#2044),.PCURVE_S1.);
#2033 = LINE('',#2034,#2035);
#2034 = CARTESIAN_POINT('',(-74.886334066,9.991970283926,-27.3));
#2035 = VECTOR('',#2036,1.);
#2036 = DIRECTION('',(-0.991215540252,0.132256390257,2.220446049249E-16)
  );
#2037 = PCURVE('',#656,#2038);
#2038 = DEFINITIONAL_REPRESENTATION('',(#2039),#2043);
#2039 = LINE('',#2040,#2041);
#2040 = CARTESIAN_POINT('',(0.,-0.));
#2041 = VECTOR('',#2042,1.);
#2042 = DIRECTION('',(0.,1.));
#2043 = ( GEOMETRIC_REPRESENTATION_CONTEXT(2) 
PARAMETRIC_REPRESENTATION_CONTEXT() REPRESENTATION_CONTEXT('2D SPACE',''
  ) );
#2044 = PCURVE('',#656,#2045);
#2045 = DEFINITIONAL_REPRESENTATION('',(#2046),#2050);
#2046 = LINE('',#2047,#2048);
#2047 = CARTESIAN_POINT('',(6.28318530718,-0.));
#2048 = VECTOR('',#2049,1.);
#2049 = DIRECTION('',(0.,1.));
#2050 = ( GEOMETRIC_REPRESENTATION_CONTEXT(2) 
PARAMETRIC_REPRESENTATION_CONTEXT() REPRESENTATION_CONTEXT('2D SPACE',''
  ) );
#2051 = ORIENTED_EDGE('',*,*,#2052,.T.);
#2052 = EDGE_CURVE('',#2030,#2030,#2053,.T.);
#2053 = SURFACE_CURVE('',#2054,(#2117,#2183),.PCURVE_S1.);
#2054 = B_SPLINE_CURVE_WITH_KNOTS('',7,(#2055,#2056,#2057,#2058,#2059,
    #2060,#2061,#2062,#2063,#2064,#2065,#2066,#2067,#2068,#2069,#2070,
    #2071,#2072,#2073,#2074,#2075,#2076,#2077,#2078,#2079,#2080,#2081,
    #2082,#2083,#2084,#2085,#2086,#2087,#2088,#2089,#2090,#2091,#2092,
    #2093,#2094,#2095,#2096,#2097,#2098,#2099,#2100,#2101,#2102,#2103,
    #2104,#2105,#2106,#2107,#2108,#2109,#2110,#2111,#2112,#2113,#2114,
    #2115,#2116),.UNSPECIFIED.,.T.,.F.,(1,7,6,6,6,6,6,6,6,6,6,7,1),(
    -5.1294543781E-02,0.,8.234441110023E-02,0.180748285954,
    0.344502803961,0.44227114096,0.531817671996,0.631497552883,
    0.750063131768,0.844379796088,0.948705456219,1.,1.0823444111),
  .UNSPECIFIED.);
#2055 = CARTESIAN_POINT('',(-76.8687651465,10.25648306444,-27.3));
#2056 = CARTESIAN_POINT('',(-76.90788305198,9.963307999398,-27.3));
#2057 = CARTESIAN_POINT('',(-76.94530417694,9.672901156676,
    -27.26907217527));
#2058 = CARTESIAN_POINT('',(-76.98041572891,9.390201422791,
    -27.20833323677));
#2059 = CARTESIAN_POINT('',(-77.01277708044,9.119899449981,
    -27.12018215401));
#2060 = CARTESIAN_POINT('',(-77.04212922219,8.866115241615,
    -27.00821932436));
#2061 = CARTESIAN_POINT('',(-77.06837476648,8.632125189033,
    -26.87718152105));
#2062 = CARTESIAN_POINT('',(-77.11919786165,8.166808607568,
    -26.56046334619));
#2063 = CARTESIAN_POINT('',(-77.1428027906,7.941690995802,
    -26.36692503755));
#2064 = CARTESIAN_POINT('',(-77.16279440135,7.744287439304,
    -26.15746548243));
#2065 = CARTESIAN_POINT('',(-77.17959045967,7.573643879742,
    -25.93601615555));
#2066 = CARTESIAN_POINT('',(-77.19354272978,7.428661410838,
    -25.7055856675));
#2067 = CARTESIAN_POINT('',(-77.20492500086,7.308314225339,
    -25.46849093956));
#2068 = CARTESIAN_POINT('',(-77.22894669692,7.051122348329,
    -24.82376430726));
#2069 = CARTESIAN_POINT('',(-77.23739874234,6.956418162608,
    -24.40749026332));
#2070 = CARTESIAN_POINT('',(-77.24024719326,6.923721747699,
    -23.98547051304));
#2071 = CARTESIAN_POINT('',(-77.23779229083,6.951598463414,
    -23.56271171499));
#2072 = CARTESIAN_POINT('',(-77.22988413848,7.040853837495,
    -23.14435078854));
#2073 = CARTESIAN_POINT('',(-77.21588634906,7.194392866534,
    -22.73662241358));
#2074 = CARTESIAN_POINT('',(-77.18176949683,7.549486227312,
    -22.11917015247));
#2075 = CARTESIAN_POINT('',(-77.16635162292,7.707160020722,
    -21.89517039978));
#2076 = CARTESIAN_POINT('',(-77.14799463444,7.890735077308,
    -21.68075209448));
#2077 = CARTESIAN_POINT('',(-77.12637015967,8.101072307691,
    -21.47928699411));
#2078 = CARTESIAN_POINT('',(-77.10110243943,8.338787552931,
    -21.2948600684));
#2079 = CARTESIAN_POINT('',(-77.07178262148,8.604024721071,
    -21.13244464543));
#2080 = CARTESIAN_POINT('',(-77.00717387208,9.163523702722,
    -20.87527224575));
#2081 = CARTESIAN_POINT('',(-76.97234757922,9.455599961565,
    -20.77499398422));
#2082 = CARTESIAN_POINT('',(-76.93393556249,9.766081761865,
    -20.70569910842));
#2083 = CARTESIAN_POINT('',(-76.89257071254,10.087115348566,
    -20.67254577975));
#2084 = CARTESIAN_POINT('',(-76.84925175136,10.409969983845,
    -20.67748462743));
#2085 = CARTESIAN_POINT('',(-76.80527354816,10.725906378862,
    -20.71919759147));
#2086 = CARTESIAN_POINT('',(-76.71383092816,11.362455868416,
    -20.87520022577));
#2087 = CARTESIAN_POINT('',(-76.66719576577,11.674950625716,
    -20.99604138043));
#2088 = CARTESIAN_POINT('',(-76.62298729043,11.961354594872,
    -21.14876844156));
#2089 = CARTESIAN_POINT('',(-76.58196280416,12.219762350263,
    -21.32718457603));
#2090 = CARTESIAN_POINT('',(-76.54469465488,12.44924984642,
    -21.52548245798));
#2091 = CARTESIAN_POINT('',(-76.51155004709,12.649731066773,
    -21.73817212491));
#2092 = CARTESIAN_POINT('',(-76.44834316251,13.026759419028,
    -22.22402112437));
#2093 = CARTESIAN_POINT('',(-76.41969559216,13.193717105579,
    -22.50376192024));
#2094 = CARTESIAN_POINT('',(-76.39684073352,13.324801820501,
    -22.79402498619));
#2095 = CARTESIAN_POINT('',(-76.3797575034,13.421800634809,
    -23.09117763692));
#2096 = CARTESIAN_POINT('',(-76.368385789,13.486037897675,
    -23.39258609236));
#2097 = CARTESIAN_POINT('',(-76.3626915397,13.518204052733,
    -23.69616327471));
#2098 = CARTESIAN_POINT('',(-76.3626915397,13.518204052733,
    -24.24169633966));
#2099 = CARTESIAN_POINT('',(-76.36629493534,13.49784900206,
    -24.48331223392));
#2100 = CARTESIAN_POINT('',(-76.37349706688,13.457164702146,
    -24.72382016029));
#2101 = CARTESIAN_POINT('',(-76.38430998524,13.395885199334,
    -24.96215701598));
#2102 = CARTESIAN_POINT('',(-76.39875466261,13.313493362398,
    -25.19708372863));
#2103 = CARTESIAN_POINT('',(-76.41684691328,13.20926192599,
    -25.42704083103));
#2104 = CARTESIAN_POINT('',(-76.46261316082,12.941854193842,
    -25.8966198593));
#2105 = CARTESIAN_POINT('',(-76.49119949866,12.773016397026,
    -26.13569583673));
#2106 = CARTESIAN_POINT('',(-76.52432505594,12.57453142721,
    -26.36368205434));
#2107 = CARTESIAN_POINT('',(-76.56185785167,12.3453587202,
    -26.57625819725));
#2108 = CARTESIAN_POINT('',(-76.60351018911,12.084824507007,
    -26.7682249685));
#2109 = CARTESIAN_POINT('',(-76.64878006597,11.792922642093,
    -26.93328317273));
#2110 = CARTESIAN_POINT('',(-76.72061976537,11.312587253435,
    -27.12769495731));
#2111 = CARTESIAN_POINT('',(-76.74497516659,11.147137255128,
    -27.18331829973));
#2112 = CARTESIAN_POINT('',(-76.76977701906,10.975671792375,
    -27.22920492036));
#2113 = CARTESIAN_POINT('',(-76.79478648771,10.799458857983,
    -27.26436227007));
#2114 = CARTESIAN_POINT('',(-76.81976652422,10.619881648366,
    -27.28809242913));
#2115 = CARTESIAN_POINT('',(-76.84449288455,10.438395206426,-27.3));
#2116 = CARTESIAN_POINT('',(-76.8687651465,10.25648306444,-27.3));
#2117 = PCURVE('',#656,#2118);
#2118 = DEFINITIONAL_REPRESENTATION('',(#2119),#2182);
#2119 = B_SPLINE_CURVE_WITH_KNOTS('',7,(#2120,#2121,#2122,#2123,#2124,
    #2125,#2126,#2127,#2128,#2129,#2130,#2131,#2132,#2133,#2134,#2135,
    #2136,#2137,#2138,#2139,#2140,#2141,#2142,#2143,#2144,#2145,#2146,
    #2147,#2148,#2149,#2150,#2151,#2152,#2153,#2154,#2155,#2156,#2157,
    #2158,#2159,#2160,#2161,#2162,#2163,#2164,#2165,#2166,#2167,#2168,
    #2169,#2170,#2171,#2172,#2173,#2174,#2175,#2176,#2177,#2178,#2179,
    #2180,#2181),.UNSPECIFIED.,.F.,.F.,(8,6,6,6,6,6,6,6,6,6,8),(0.,
    8.234441110023E-02,0.180748285954,0.344502803961,0.44227114096,
    0.531817671996,0.631497552883,0.750063131768,0.844379796088,
    0.948705456219,1.),.UNSPECIFIED.);
#2120 = CARTESIAN_POINT('',(0.,2.));
#2121 = CARTESIAN_POINT('',(8.962826468396E-02,2.));
#2122 = CARTESIAN_POINT('',(0.178356934535,1.998684239864));
#2123 = CARTESIAN_POINT('',(0.265854622964,1.996098509492));
#2124 = CARTESIAN_POINT('',(0.351762680655,1.992426420825));
#2125 = CARTESIAN_POINT('',(0.4356579779,1.987956136569));
#2126 = CARTESIAN_POINT('',(0.516990907555,1.983024448218));
#2127 = CARTESIAN_POINT('',(0.688219993694,1.971859998567));
#2128 = CARTESIAN_POINT('',(0.777874830113,1.965484328247));
#2129 = CARTESIAN_POINT('',(0.864539582628,1.959192441691));
#2130 = CARTESIAN_POINT('',(0.948676887308,1.953272254507));
#2131 = CARTESIAN_POINT('',(1.030698395889,1.947927103477));
#2132 = CARTESIAN_POINT('',(1.111003968855,1.943292703117));
#2133 = CARTESIAN_POINT('',(1.321450387573,1.933088112303));
#2134 = CARTESIAN_POINT('',(1.449256491367,1.928940677324));
#2135 = CARTESIAN_POINT('',(1.575382106369,1.927439796329));
#2136 = CARTESIAN_POINT('',(1.701375414089,1.928693332682));
#2137 = CARTESIAN_POINT('',(1.8287714146,1.932659242765));
#2138 = CARTESIAN_POINT('',(1.959112342054,1.939090934108));
#2139 = CARTESIAN_POINT('',(2.175164602154,1.952237146099));
#2140 = CARTESIAN_POINT('',(2.257938254967,1.957808076634));
#2141 = CARTESIAN_POINT('',(2.343007523693,1.963891318707));
#2142 = CARTESIAN_POINT('',(2.430673930927,1.970275246094));
#2143 = CARTESIAN_POINT('',(2.52129383288,1.976668849363));
#2144 = CARTESIAN_POINT('',(2.615277532862,1.9826859006));
#2145 = CARTESIAN_POINT('',(2.802875543932,1.992642019823));
#2146 = CARTESIAN_POINT('',(2.896570675445,1.996750608798));
#2147 = CARTESIAN_POINT('',(2.992704259557,1.999739223039));
#2148 = CARTESIAN_POINT('',(3.09010921831,2.001196484274));
#2149 = CARTESIAN_POINT('',(3.187788127799,2.000957645409));
#2150 = CARTESIAN_POINT('',(3.28470288461,1.999150374118));
#2151 = CARTESIAN_POINT('',(3.485219252929,1.992698765838));
#2152 = CARTESIAN_POINT('',(3.586886508443,1.987802696726));
#2153 = CARTESIAN_POINT('',(3.685045486648,1.98186132408));
#2154 = CARTESIAN_POINT('',(3.779946552874,1.975373292699));
#2155 = CARTESIAN_POINT('',(3.871737228346,1.968783711829));
#2156 = CARTESIAN_POINT('',(3.960444917663,1.962445184028));
#2157 = CARTESIAN_POINT('',(4.147743931583,1.949657946675));
#2158 = CARTESIAN_POINT('',(4.246087337401,1.943343250708));
#2159 = CARTESIAN_POINT('',(4.341853078897,1.938025950859));
#2160 = CARTESIAN_POINT('',(4.435713030161,1.933921500731));
#2161 = CARTESIAN_POINT('',(4.528324269787,1.9311454692));
#2162 = CARTESIAN_POINT('',(4.62031724545,1.929755420368));
#2163 = CARTESIAN_POINT('',(4.785630295434,1.929755420368));
#2164 = CARTESIAN_POINT('',(4.858847483277,1.930635076594));
#2165 = CARTESIAN_POINT('',(4.932369551995,1.932393182655));
#2166 = CARTESIAN_POINT('',(5.006517129716,1.935006509527));
#2167 = CARTESIAN_POINT('',(5.081607499132,1.938427451275));
#2168 = CARTESIAN_POINT('',(5.157972279484,1.942575497765));
#2169 = CARTESIAN_POINT('',(5.322282326989,1.952573332158));
#2170 = CARTESIAN_POINT('',(5.410952927096,1.958578676923));
#2171 = CARTESIAN_POINT('',(5.50230735781,1.965162338446));
#2172 = CARTESIAN_POINT('',(5.5966712138,1.972055873869));
#2173 = CARTESIAN_POINT('',(5.694450756963,1.978885003455));
#2174 = CARTESIAN_POINT('',(5.796122452941,1.985151321941));
#2175 = CARTESIAN_POINT('',(5.954633653348,1.992832523774));
#2176 = CARTESIAN_POINT('',(6.007940567955,1.995092156407));
#2177 = CARTESIAN_POINT('',(6.06207779797,1.996998734846));
#2178 = CARTESIAN_POINT('',(6.116846684007,1.998483222209));
#2179 = CARTESIAN_POINT('',(6.172068163228,1.999493589077));
#2180 = CARTESIAN_POINT('',(6.227571881772,2.));
#2181 = CARTESIAN_POINT('',(6.28318530718,2.));
#2182 = ( GEOMETRIC_REPRESENTATION_CONTEXT(2) 
PARAMETRIC_REPRESENTATION_CONTEXT() REPRESENTATION_CONTEXT('2D SPACE',''
  ) );
#2183 = PCURVE('',#1561,#2184);
#2184 = DEFINITIONAL_REPRESENTATION('',(#2185),#2248);
#2185 = B_SPLINE_CURVE_WITH_KNOTS('',7,(#2186,#2187,#2188,#2189,#2190,
    #2191,#2192,#2193,#2194,#2195,#2196,#2197,#2198,#2199,#2200,#2201,
    #2202,#2203,#2204,#2205,#2206,#2207,#2208,#2209,#2210,#2211,#2212,
    #2213,#2214,#2215,#2216,#2217,#2218,#2219,#2220,#2221,#2222,#2223,
    #2224,#2225,#2226,#2227,#2228,#2229,#2230,#2231,#2232,#2233,#2234,
    #2235,#2236,#2237,#2238,#2239,#2240,#2241,#2242,#2243,#2244,#2245,
    #2246,#2247),.UNSPECIFIED.,.T.,.F.,(1,7,6,6,6,6,6,6,6,6,6,7,1),(
    -5.1294543781E-02,0.,8.234441110023E-02,0.180748285954,
    0.344502803961,0.44227114096,0.531817671996,0.631497552883,
    0.750063131768,0.844379796088,0.948705456219,1.,1.0823444111),
  .UNSPECIFIED.);
#2186 = CARTESIAN_POINT('',(3.008947630438,6.4));
#2187 = CARTESIAN_POINT('',(3.012761599148,6.4));
#2188 = CARTESIAN_POINT('',(3.016537291783,6.430927824727));
#2189 = CARTESIAN_POINT('',(3.020210626378,6.491666763224));
#2190 = CARTESIAN_POINT('',(3.023720981295,6.579817845986));
#2191 = CARTESIAN_POINT('',(3.027015287312,6.691780675632));
#2192 = CARTESIAN_POINT('',(3.030051475347,6.822818478941));
#2193 = CARTESIAN_POINT('',(3.036087373071,7.139536653809));
#2194 = CARTESIAN_POINT('',(3.03900613103,7.333074962446));
#2195 = CARTESIAN_POINT('',(3.041564630534,7.54253451757));
#2196 = CARTESIAN_POINT('',(3.043775685874,7.763983844447));
#2197 = CARTESIAN_POINT('',(3.045653853946,7.994414332495));
#2198 = CARTESIAN_POINT('',(3.047212643951,8.231509060438));
#2199 = CARTESIAN_POINT('',(3.05054354341,8.876235692734));
#2200 = CARTESIAN_POINT('',(3.051769588655,9.292509736675));
#2201 = CARTESIAN_POINT('',(3.052192807922,9.714529486955));
#2202 = CARTESIAN_POINT('',(3.051831948089,10.137288285008));
#2203 = CARTESIAN_POINT('',(3.050676493871,10.555649211457));
#2204 = CARTESIAN_POINT('',(3.048688434862,10.963377586412));
#2205 = CARTESIAN_POINT('',(3.04408845363,11.580829847526));
#2206 = CARTESIAN_POINT('',(3.042045570557,11.80482960021));
#2207 = CARTESIAN_POINT('',(3.039666591329,12.01924790552));
#2208 = CARTESIAN_POINT('',(3.036940037369,12.220713005882));
#2209 = CARTESIAN_POINT('',(3.033857491176,12.4051399316));
#2210 = CARTESIAN_POINT('',(3.030416490373,12.567555354561));
#2211 = CARTESIAN_POINT('',(3.023153859676,12.824727754246));
#2212 = CARTESIAN_POINT('',(3.019360909417,12.925006015772));
#2213 = CARTESIAN_POINT('',(3.015326821044,12.994300891575));
#2214 = CARTESIAN_POINT('',(3.011152996096,13.027454220249));
#2215 = CARTESIAN_POINT('',(3.006952595549,13.022515372569));
#2216 = CARTESIAN_POINT('',(3.002839382984,12.980802408526));
#2217 = CARTESIAN_POINT('',(2.994546875182,12.824799774221));
#2218 = CARTESIAN_POINT('',(2.990472720756,12.703958619567));
#2219 = CARTESIAN_POINT('',(2.986735899155,12.551231558434));
#2220 = CARTESIAN_POINT('',(2.983362066826,12.372815423967));
#2221 = CARTESIAN_POINT('',(2.980364100047,12.174517542016));
#2222 = CARTESIAN_POINT('',(2.977743828534,11.961827875085));
#2223 = CARTESIAN_POINT('',(2.972814237345,11.475978875622));
#2224 = CARTESIAN_POINT('',(2.970629886934,11.196238079751));
#2225 = CARTESIAN_POINT('',(2.968914067533,10.90597501381));
#2226 = CARTESIAN_POINT('',(2.967644027559,10.608822363079));
#2227 = CARTESIAN_POINT('',(2.966802814746,10.307413907635));
#2228 = CARTESIAN_POINT('',(2.966381586103,10.003836725284));
#2229 = CARTESIAN_POINT('',(2.966381586103,9.458303660337));
#2230 = CARTESIAN_POINT('',(2.966648143702,9.216687766078));
#2231 = CARTESIAN_POINT('',(2.96718092066,8.976179839709));
#2232 = CARTESIAN_POINT('',(2.967983321337,8.737842984014));
#2233 = CARTESIAN_POINT('',(2.969061958823,8.502916271368));
#2234 = CARTESIAN_POINT('',(2.970426107085,8.27295916897));
#2235 = CARTESIAN_POINT('',(2.973924441859,7.803380140692));
#2236 = CARTESIAN_POINT('',(2.976132571334,7.564304163267));
#2237 = CARTESIAN_POINT('',(2.978727403332,7.33631794566));
#2238 = CARTESIAN_POINT('',(2.981721906388,7.123741802746));
#2239 = CARTESIAN_POINT('',(2.985124082598,6.931775031495));
#2240 = CARTESIAN_POINT('',(2.988933071103,6.766716827262));
#2241 = CARTESIAN_POINT('',(2.995195842291,6.572305042685));
#2242 = CARTESIAN_POINT('',(2.997352291057,6.516681700266));
#2243 = CARTESIAN_POINT('',(2.99958632086,6.470795079631));
#2244 = CARTESIAN_POINT('',(3.001881326334,6.435637729923));
#2245 = CARTESIAN_POINT('',(3.004219239839,6.411907570861));
#2246 = CARTESIAN_POINT('',(3.006581101697,6.4));
#2247 = CARTESIAN_POINT('',(3.008947630438,6.4));
#2248 = ( GEOMETRIC_REPRESENTATION_CONTEXT(2) 
PARAMETRIC_REPRESENTATION_CONTEXT() REPRESENTATION_CONTEXT('2D SPACE',''
  ) );
#2249 = ORIENTED_EDGE('',*,*,#2029,.T.);
#2250 = ADVANCED_FACE('',(#2251),#863,.F.);
#2251 = FACE_BOUND('',#2252,.F.);
#2252 = EDGE_LOOP('',(#2253,#2254,#2277,#2475));
#2253 = ORIENTED_EDGE('',*,*,#729,.F.);
#2254 = ORIENTED_EDGE('',*,*,#2255,.F.);
#2255 = EDGE_CURVE('',#2256,#730,#2258,.T.);
#2256 = VERTEX_POINT('',#2257);
#2257 = CARTESIAN_POINT('',(29.552007685964,-71.69854490663,-27.3));
#2258 = SEAM_CURVE('',#2259,(#2263,#2270),.PCURVE_S1.);
#2259 = LINE('',#2260,#2261);
#2260 = CARTESIAN_POINT('',(28.789866933263,-69.84945283941,-27.3));
#2261 = VECTOR('',#2262,1.);
#2262 = DIRECTION('',(0.38107037635,-0.924546033612,2.220446049251E-16)
  );
#2263 = PCURVE('',#863,#2264);
#2264 = DEFINITIONAL_REPRESENTATION('',(#2265),#2269);
#2265 = LINE('',#2266,#2267);
#2266 = CARTESIAN_POINT('',(0.,-0.));
#2267 = VECTOR('',#2268,1.);
#2268 = DIRECTION('',(0.,1.));
#2269 = ( GEOMETRIC_REPRESENTATION_CONTEXT(2) 
PARAMETRIC_REPRESENTATION_CONTEXT() REPRESENTATION_CONTEXT('2D SPACE',''
  ) );
#2270 = PCURVE('',#863,#2271);
#2271 = DEFINITIONAL_REPRESENTATION('',(#2272),#2276);
#2272 = LINE('',#2273,#2274);
#2273 = CARTESIAN_POINT('',(6.28318530718,-0.));
#2274 = VECTOR('',#2275,1.);
#2275 = DIRECTION('',(0.,1.));
#2276 = ( GEOMETRIC_REPRESENTATION_CONTEXT(2) 
PARAMETRIC_REPRESENTATION_CONTEXT() REPRESENTATION_CONTEXT('2D SPACE',''
  ) );
#2277 = ORIENTED_EDGE('',*,*,#2278,.T.);
#2278 = EDGE_CURVE('',#2256,#2256,#2279,.T.);
#2279 = SURFACE_CURVE('',#2280,(#2343,#2409),.PCURVE_S1.);
#2280 = B_SPLINE_CURVE_WITH_KNOTS('',7,(#2281,#2282,#2283,#2284,#2285,
    #2286,#2287,#2288,#2289,#2290,#2291,#2292,#2293,#2294,#2295,#2296,
    #2297,#2298,#2299,#2300,#2301,#2302,#2303,#2304,#2305,#2306,#2307,
    #2308,#2309,#2310,#2311,#2312,#2313,#2314,#2315,#2316,#2317,#2318,
    #2319,#2320,#2321,#2322,#2323,#2324,#2325,#2326,#2327,#2328,#2329,
    #2330,#2331,#2332,#2333,#2334,#2335,#2336,#2337,#2338,#2339,#2340,
    #2341,#2342),.UNSPECIFIED.,.T.,.F.,(1,7,6,6,6,6,6,6,6,6,6,7,1),(
    -5.1294547861E-02,0.,8.234441161322E-02,0.1807482871,0.34450280616,
    0.442271143856,0.531817674319,0.631497551679,0.750063127621,
    0.844379791987,0.948705452139,1.,1.082344411613),.UNSPECIFIED.);
#2281 = CARTESIAN_POINT('',(29.552007685964,-71.69854490663,-27.3));
#2282 = CARTESIAN_POINT('',(29.825463692834,-71.58583447398,-27.3));
#2283 = CARTESIAN_POINT('',(30.0956739585,-71.47303869748,
    -27.26907217526));
#2284 = CARTESIAN_POINT('',(30.358054885631,-71.36209632654,
    -27.20833323678));
#2285 = CARTESIAN_POINT('',(30.608323936543,-71.25497109265,
    -27.12018215403));
#2286 = CARTESIAN_POINT('',(30.842783578985,-71.15349868887,
    -27.00821932437));
#2287 = CARTESIAN_POINT('',(31.058547680931,-71.05923297065,
    -26.87718152103));
#2288 = CARTESIAN_POINT('',(31.48693520883,-70.87058877145,
    -26.56046334619));
#2289 = CARTESIAN_POINT('',(31.69369524393,-70.77847243369,
    -26.36692503755));
#2290 = CARTESIAN_POINT('',(31.87464754403,-70.69708389821,
    -26.15746548243));
#2291 = CARTESIAN_POINT('',(32.030827230765,-70.62630793162,
    -25.93601615555));
#2292 = CARTESIAN_POINT('',(32.163361866996,-70.56589971753,
    -25.7055856675));
#2293 = CARTESIAN_POINT('',(32.273276722448,-70.51558346068,
    -25.46849093956));
#2294 = CARTESIAN_POINT('',(32.508022269618,-70.40779092121,
    -24.82376430726));
#2295 = CARTESIAN_POINT('',(32.594264523007,-70.3677585144,
    -24.40749026332));
#2296 = CARTESIAN_POINT('',(32.62400467439,-70.3538771378,
    -23.98547051304));
#2297 = CARTESIAN_POINT('',(32.598635279191,-70.36568948779,
    -23.56271171499));
#2298 = CARTESIAN_POINT('',(32.517383781638,-70.403468514,
    -23.14435078854));
#2299 = CARTESIAN_POINT('',(32.377416187308,-70.46811558728,
    -22.73662241358));
#2300 = CARTESIAN_POINT('',(32.052837889962,-70.61611620699,
    -22.11917015231));
#2301 = CARTESIAN_POINT('',(31.908579442455,-70.68160083319,
    -21.8951703998));
#2302 = CARTESIAN_POINT('',(31.74042028583,-70.75749074307,
    -21.68075209461));
#2303 = CARTESIAN_POINT('',(31.547450663596,-70.84393201376,
    -21.47928699418));
#2304 = CARTESIAN_POINT('',(31.328949362108,-70.9409071488,
    -21.29486006835));
#2305 = CARTESIAN_POINT('',(31.084587327356,-71.04813402576,
    -21.13244464536));
#2306 = CARTESIAN_POINT('',(30.567742624787,-71.27193069672,
    -20.87527224748));
#2307 = CARTESIAN_POINT('',(30.2973840059,-71.38780837709,
    -20.77499398211));
#2308 = CARTESIAN_POINT('',(30.00929288588,-71.50978348878,
    -20.70569910793));
#2309 = CARTESIAN_POINT('',(29.710587218963,-71.63447727132,
    -20.67254578131));
#2310 = CARTESIAN_POINT('',(29.409327407596,-71.7583892743,
    -20.67748462781));
#2311 = CARTESIAN_POINT('',(29.113729375375,-71.87827122515,
    -20.71919759042));
#2312 = CARTESIAN_POINT('',(28.516740037315,-72.11735433775,
    -20.87520022456));
#2313 = CARTESIAN_POINT('',(28.222794041656,-72.23321448752,
    -20.99604138252));
#2314 = CARTESIAN_POINT('',(27.952656712028,-72.33813080083,
    -21.14876844351));
#2315 = CARTESIAN_POINT('',(27.708356778804,-72.43180643532,
    -21.32718456755));
#2316 = CARTESIAN_POINT('',(27.490980697262,-72.51427502112,
    -21.52548246671));
#2317 = CARTESIAN_POINT('',(27.300786571165,-72.58581155616,
    -21.73817212154));
#2318 = CARTESIAN_POINT('',(26.942666990382,-72.71958696735,
    -22.22402113117));
#2319 = CARTESIAN_POINT('',(26.783753625492,-72.77825628016,
    -22.50376190493));
#2320 = CARTESIAN_POINT('',(26.658803475055,-72.82400575986,
    -22.79402499365));
#2321 = CARTESIAN_POINT('',(26.56625844534,-72.85771064728,
    -23.09117764969));
#2322 = CARTESIAN_POINT('',(26.504941477027,-72.87998108876,
    -23.39258607393));
#2323 = CARTESIAN_POINT('',(26.474237646646,-72.8911328011,
    -23.69616328241));
#2324 = CARTESIAN_POINT('',(26.474237646646,-72.8911328011,
    -24.24169633966));
#2325 = CARTESIAN_POINT('',(26.493667335442,-72.88407590793,
    -24.48331223392));
#2326 = CARTESIAN_POINT('',(26.532502038473,-72.86997098685,
    -24.72382016029));
#2327 = CARTESIAN_POINT('',(26.590978103819,-72.84869549743,
    -24.96215701598));
#2328 = CARTESIAN_POINT('',(26.669553866357,-72.82000903652,
    -25.19708372863));
#2329 = CARTESIAN_POINT('',(26.768867063493,-72.783561667,
    -25.42704083103));
#2330 = CARTESIAN_POINT('',(27.023332076428,-72.68949253394,
    -25.89661985923));
#2331 = CARTESIAN_POINT('',(27.183843066538,-72.6298301303,
    -26.13569583674));
#2332 = CARTESIAN_POINT('',(27.372298871364,-72.55927521949,
    -26.36368205439));
#2333 = CARTESIAN_POINT('',(27.589534655363,-72.47719322056,
    -26.57625819728));
#2334 = CARTESIAN_POINT('',(27.835990071208,-72.38299809633,
    -26.76822496848));
#2335 = CARTESIAN_POINT('',(28.111419439997,-72.27625202729,
    -26.9332831727));
#2336 = CARTESIAN_POINT('',(28.563321950537,-72.09829933294,
    -27.12769496241));
#2337 = CARTESIAN_POINT('',(28.718783528411,-72.03666673968,
    -27.1833182975));
#2338 = CARTESIAN_POINT('',(28.879677903708,-71.97241304152,
    -27.22920491641));
#2339 = CARTESIAN_POINT('',(29.044787535386,-71.90596540157,
    -27.26436227027));
#2340 = CARTESIAN_POINT('',(29.212795982151,-71.83781014184,
    -27.28809243211));
#2341 = CARTESIAN_POINT('',(29.382331007699,-71.76848058673,-27.3));
#2342 = CARTESIAN_POINT('',(29.552007685964,-71.69854490663,-27.3));
#2343 = PCURVE('',#863,#2344);
#2344 = DEFINITIONAL_REPRESENTATION('',(#2345),#2408);
#2345 = B_SPLINE_CURVE_WITH_KNOTS('',7,(#2346,#2347,#2348,#2349,#2350,
    #2351,#2352,#2353,#2354,#2355,#2356,#2357,#2358,#2359,#2360,#2361,
    #2362,#2363,#2364,#2365,#2366,#2367,#2368,#2369,#2370,#2371,#2372,
    #2373,#2374,#2375,#2376,#2377,#2378,#2379,#2380,#2381,#2382,#2383,
    #2384,#2385,#2386,#2387,#2388,#2389,#2390,#2391,#2392,#2393,#2394,
    #2395,#2396,#2397,#2398,#2399,#2400,#2401,#2402,#2403,#2404,#2405,
    #2406,#2407),.UNSPECIFIED.,.F.,.F.,(8,6,6,6,6,6,6,6,6,6,8),(0.,
    8.234441161322E-02,0.1807482871,0.34450280616,0.442271143856,
    0.531817674319,0.631497551679,0.750063127621,0.844379791987,
    0.948705452139,1.),.UNSPECIFIED.);
#2346 = CARTESIAN_POINT('',(0.,2.));
#2347 = CARTESIAN_POINT('',(8.962826469941E-02,2.));
#2348 = CARTESIAN_POINT('',(0.178356934537,1.998684239864));
#2349 = CARTESIAN_POINT('',(0.265854622952,1.996098509492));
#2350 = CARTESIAN_POINT('',(0.351762680642,1.992426420826));
#2351 = CARTESIAN_POINT('',(0.4356579779,1.987956136569));
#2352 = CARTESIAN_POINT('',(0.516990907571,1.983024448217));
#2353 = CARTESIAN_POINT('',(0.688219993694,1.971859998567));
#2354 = CARTESIAN_POINT('',(0.777874830113,1.965484328247));
#2355 = CARTESIAN_POINT('',(0.864539582628,1.959192441691));
#2356 = CARTESIAN_POINT('',(0.948676887308,1.953272254507));
#2357 = CARTESIAN_POINT('',(1.030698395889,1.947927103477));
#2358 = CARTESIAN_POINT('',(1.111003968855,1.943292703117));
#2359 = CARTESIAN_POINT('',(1.321450387573,1.933088112303));
#2360 = CARTESIAN_POINT('',(1.449256491367,1.928940677324));
#2361 = CARTESIAN_POINT('',(1.57538210637,1.927439796328));
#2362 = CARTESIAN_POINT('',(1.701375414089,1.928693332682));
#2363 = CARTESIAN_POINT('',(1.8287714146,1.932659242765));
#2364 = CARTESIAN_POINT('',(1.959112342054,1.939090934108));
#2365 = CARTESIAN_POINT('',(2.175164602211,1.952237146103));
#2366 = CARTESIAN_POINT('',(2.257938254969,1.957808076635));
#2367 = CARTESIAN_POINT('',(2.343007523645,1.963891318703));
#2368 = CARTESIAN_POINT('',(2.430673930887,1.970275246091));
#2369 = CARTESIAN_POINT('',(2.521293832889,1.976668849365));
#2370 = CARTESIAN_POINT('',(2.615277532917,1.982685900603));
#2371 = CARTESIAN_POINT('',(2.802875542669,1.992642019756));
#2372 = CARTESIAN_POINT('',(2.896570678582,1.996750608879));
#2373 = CARTESIAN_POINT('',(2.99270425759,1.99973922306));
#2374 = CARTESIAN_POINT('',(3.090109216403,2.001196484213));
#2375 = CARTESIAN_POINT('',(3.187788131009,2.00095764539));
#2376 = CARTESIAN_POINT('',(3.284702883267,1.999150374161));
#2377 = CARTESIAN_POINT('',(3.485219251363,1.992698765888));
#2378 = CARTESIAN_POINT('',(3.586886512107,1.987802696619));
#2379 = CARTESIAN_POINT('',(3.68504548418,1.981861324085));
#2380 = CARTESIAN_POINT('',(3.779946551393,1.9753732929));
#2381 = CARTESIAN_POINT('',(3.871737231294,1.968783711599));
#2382 = CARTESIAN_POINT('',(3.960444916364,1.962445184117));
#2383 = CARTESIAN_POINT('',(4.147743934203,1.949657946496));
#2384 = CARTESIAN_POINT('',(4.246087331326,1.943343251183));
#2385 = CARTESIAN_POINT('',(4.341853082787,1.93802595033));
#2386 = CARTESIAN_POINT('',(4.435713033088,1.933921501005));
#2387 = CARTESIAN_POINT('',(4.528324264444,1.931145469147));
#2388 = CARTESIAN_POINT('',(4.620317247782,1.929755420368));
#2389 = CARTESIAN_POINT('',(4.785630295434,1.929755420368));
#2390 = CARTESIAN_POINT('',(4.858847483276,1.930635076594));
#2391 = CARTESIAN_POINT('',(4.932369551995,1.932393182655));
#2392 = CARTESIAN_POINT('',(5.006517129716,1.935006509527));
#2393 = CARTESIAN_POINT('',(5.081607499132,1.938427451275));
#2394 = CARTESIAN_POINT('',(5.157972279484,1.942575497765));
#2395 = CARTESIAN_POINT('',(5.322282326963,1.952573332157));
#2396 = CARTESIAN_POINT('',(5.410952927095,1.958578676922));
#2397 = CARTESIAN_POINT('',(5.502307357832,1.965162338448));
#2398 = CARTESIAN_POINT('',(5.596671213818,1.972055873871));
#2399 = CARTESIAN_POINT('',(5.69445075696,1.978885003454));
#2400 = CARTESIAN_POINT('',(5.796122452916,1.98515132194));
#2401 = CARTESIAN_POINT('',(5.954633657506,1.992832523975));
#2402 = CARTESIAN_POINT('',(6.007940563768,1.995092156318));
#2403 = CARTESIAN_POINT('',(6.062077794485,1.996998734689));
#2404 = CARTESIAN_POINT('',(6.116846687175,1.998483222218));
#2405 = CARTESIAN_POINT('',(6.172068167533,1.999493589196));
#2406 = CARTESIAN_POINT('',(6.227571878143,2.));
#2407 = CARTESIAN_POINT('',(6.28318530718,2.));
#2408 = ( GEOMETRIC_REPRESENTATION_CONTEXT(2) 
PARAMETRIC_REPRESENTATION_CONTEXT() REPRESENTATION_CONTEXT('2D SPACE',''
  ) );
#2409 = PCURVE('',#1561,#2410);
#2410 = DEFINITIONAL_REPRESENTATION('',(#2411),#2474);
#2411 = B_SPLINE_CURVE_WITH_KNOTS('',7,(#2412,#2413,#2414,#2415,#2416,
    #2417,#2418,#2419,#2420,#2421,#2422,#2423,#2424,#2425,#2426,#2427,
    #2428,#2429,#2430,#2431,#2432,#2433,#2434,#2435,#2436,#2437,#2438,
    #2439,#2440,#2441,#2442,#2443,#2444,#2445,#2446,#2447,#2448,#2449,
    #2450,#2451,#2452,#2453,#2454,#2455,#2456,#2457,#2458,#2459,#2460,
    #2461,#2462,#2463,#2464,#2465,#2466,#2467,#2468,#2469,#2470,#2471,
    #2472,#2473),.UNSPECIFIED.,.T.,.F.,(1,7,6,6,6,6,6,6,6,6,6,7,1),(
    -5.1294547861E-02,0.,8.234441161322E-02,0.1807482871,0.34450280616,
    0.442271143856,0.531817674319,0.631497551679,0.750063127621,
    0.844379791987,0.948705452139,1.,1.082344411613),.UNSPECIFIED.);
#2412 = CARTESIAN_POINT('',(5.103342732831,6.4));
#2413 = CARTESIAN_POINT('',(5.107156701542,6.4));
#2414 = CARTESIAN_POINT('',(5.110932394176,6.430927824738));
#2415 = CARTESIAN_POINT('',(5.114605728771,6.49166676322));
#2416 = CARTESIAN_POINT('',(5.118116083688,6.579817845966));
#2417 = CARTESIAN_POINT('',(5.121410389705,6.691780675625));
#2418 = CARTESIAN_POINT('',(5.12444657774,6.82281847897));
#2419 = CARTESIAN_POINT('',(5.130482475464,7.139536653809));
#2420 = CARTESIAN_POINT('',(5.133401233424,7.333074962446));
#2421 = CARTESIAN_POINT('',(5.135959732928,7.54253451757));
#2422 = CARTESIAN_POINT('',(5.138170788268,7.763983844447));
#2423 = CARTESIAN_POINT('',(5.140048956339,7.994414332495));
#2424 = CARTESIAN_POINT('',(5.141607746344,8.231509060438));
#2425 = CARTESIAN_POINT('',(5.144938645804,8.876235692734));
#2426 = CARTESIAN_POINT('',(5.146164691049,9.292509736674));
#2427 = CARTESIAN_POINT('',(5.146587910315,9.714529486957));
#2428 = CARTESIAN_POINT('',(5.146227050482,10.137288285005));
#2429 = CARTESIAN_POINT('',(5.145071596264,10.555649211458));
#2430 = CARTESIAN_POINT('',(5.143083537255,10.963377586412));
#2431 = CARTESIAN_POINT('',(5.138483556022,11.580829847686));
#2432 = CARTESIAN_POINT('',(5.13644067295,11.804829600198));
#2433 = CARTESIAN_POINT('',(5.134061693724,12.019247905389));
#2434 = CARTESIAN_POINT('',(5.131335139763,12.220713005811));
#2435 = CARTESIAN_POINT('',(5.128252593569,12.40513993165));
#2436 = CARTESIAN_POINT('',(5.124811592764,12.567555354636));
#2437 = CARTESIAN_POINT('',(5.117548962118,12.824727752514));
#2438 = CARTESIAN_POINT('',(5.113756011684,12.925006017882));
#2439 = CARTESIAN_POINT('',(5.109721923518,12.994300892068));
#2440 = CARTESIAN_POINT('',(5.105548098566,13.027454218688));
#2441 = CARTESIAN_POINT('',(5.101347697811,13.022515372182));
#2442 = CARTESIAN_POINT('',(5.097234485433,12.980802409571));
#2443 = CARTESIAN_POINT('',(5.08894197764,12.824799775439));
#2444 = CARTESIAN_POINT('',(5.08486782299,12.703958617471));
#2445 = CARTESIAN_POINT('',(5.081131001683,12.551231556487));
#2446 = CARTESIAN_POINT('',(5.077757169222,12.372815432443));
#2447 = CARTESIAN_POINT('',(5.07475920237,12.17451753329));
#2448 = CARTESIAN_POINT('',(5.072138930962,11.961827878455));
#2449 = CARTESIAN_POINT('',(5.06720933967,11.475978868827));
#2450 = CARTESIAN_POINT('',(5.065024989508,11.19623809507));
#2451 = CARTESIAN_POINT('',(5.063309169723,10.905975006345));
#2452 = CARTESIAN_POINT('',(5.062039130062,10.608822350301));
#2453 = CARTESIAN_POINT('',(5.061197917116,10.307413926068));
#2454 = CARTESIAN_POINT('',(5.060776688497,10.003836717589));
#2455 = CARTESIAN_POINT('',(5.060776688497,9.458303660336));
#2456 = CARTESIAN_POINT('',(5.061043246096,9.216687766079));
#2457 = CARTESIAN_POINT('',(5.061576023053,8.976179839709));
#2458 = CARTESIAN_POINT('',(5.062378423731,8.737842984013));
#2459 = CARTESIAN_POINT('',(5.063457061217,8.502916271369));
#2460 = CARTESIAN_POINT('',(5.064821209478,8.27295916897));
#2461 = CARTESIAN_POINT('',(5.068319544252,7.803380140766));
#2462 = CARTESIAN_POINT('',(5.070527673727,7.564304163258));
#2463 = CARTESIAN_POINT('',(5.073122505725,7.336317945601));
#2464 = CARTESIAN_POINT('',(5.076117008782,7.123741802716));
#2465 = CARTESIAN_POINT('',(5.079519184991,6.931775031519));
#2466 = CARTESIAN_POINT('',(5.083328173495,6.766716827293));
#2467 = CARTESIAN_POINT('',(5.089590944849,6.572305037585));
#2468 = CARTESIAN_POINT('',(5.091747393277,6.516681702498));
#2469 = CARTESIAN_POINT('',(5.093981423114,6.470795083582));
#2470 = CARTESIAN_POINT('',(5.096276428862,6.435637729729));
#2471 = CARTESIAN_POINT('',(5.098614342409,6.411907567884));
#2472 = CARTESIAN_POINT('',(5.100976203936,6.4));
#2473 = CARTESIAN_POINT('',(5.103342732831,6.4));
#2474 = ( GEOMETRIC_REPRESENTATION_CONTEXT(2) 
PARAMETRIC_REPRESENTATION_CONTEXT() REPRESENTATION_CONTEXT('2D SPACE',''
  ) );
#2475 = ORIENTED_EDGE('',*,*,#2255,.T.);
#2476 = ADVANCED_FACE('',(#2477),#1070,.F.);
#2477 = FACE_BOUND('',#2478,.F.);
#2478 = EDGE_LOOP('',(#2479,#2480,#2503,#2701));
#2479 = ORIENTED_EDGE('',*,*,#936,.F.);
#2480 = ORIENTED_EDGE('',*,*,#2481,.F.);
#2481 = EDGE_CURVE('',#2482,#937,#2484,.T.);
#2482 = VERTEX_POINT('',#2483);
#2483 = CARTESIAN_POINT('',(76.868765146507,-10.25648306444,-27.3));
#2484 = SEAM_CURVE('',#2485,(#2489,#2496),.PCURVE_S1.);
#2485 = LINE('',#2486,#2487);
#2486 = CARTESIAN_POINT('',(74.886334066004,-9.991970283926,-27.3));
#2487 = VECTOR('',#2488,1.);
#2488 = DIRECTION('',(0.991215540252,-0.132256390257,2.220446049249E-16)
  );
#2489 = PCURVE('',#1070,#2490);
#2490 = DEFINITIONAL_REPRESENTATION('',(#2491),#2495);
#2491 = LINE('',#2492,#2493);
#2492 = CARTESIAN_POINT('',(0.,-0.));
#2493 = VECTOR('',#2494,1.);
#2494 = DIRECTION('',(0.,1.));
#2495 = ( GEOMETRIC_REPRESENTATION_CONTEXT(2) 
PARAMETRIC_REPRESENTATION_CONTEXT() REPRESENTATION_CONTEXT('2D SPACE',''
  ) );
#2496 = PCURVE('',#1070,#2497);
#2497 = DEFINITIONAL_REPRESENTATION('',(#2498),#2502);
#2498 = LINE('',#2499,#2500);
#2499 = CARTESIAN_POINT('',(6.28318530718,-0.));
#2500 = VECTOR('',#2501,1.);
#2501 = DIRECTION('',(0.,1.));
#2502 = ( GEOMETRIC_REPRESENTATION_CONTEXT(2) 
PARAMETRIC_REPRESENTATION_CONTEXT() REPRESENTATION_CONTEXT('2D SPACE',''
  ) );
#2503 = ORIENTED_EDGE('',*,*,#2504,.T.);
#2504 = EDGE_CURVE('',#2482,#2482,#2505,.T.);
#2505 = SURFACE_CURVE('',#2506,(#2569,#2635),.PCURVE_S1.);
#2506 = B_SPLINE_CURVE_WITH_KNOTS('',7,(#2507,#2508,#2509,#2510,#2511,
    #2512,#2513,#2514,#2515,#2516,#2517,#2518,#2519,#2520,#2521,#2522,
    #2523,#2524,#2525,#2526,#2527,#2528,#2529,#2530,#2531,#2532,#2533,
    #2534,#2535,#2536,#2537,#2538,#2539,#2540,#2541,#2542,#2543,#2544,
    #2545,#2546,#2547,#2548,#2549,#2550,#2551,#2552,#2553,#2554,#2555,
    #2556,#2557,#2558,#2559,#2560,#2561,#2562,#2563,#2564,#2565,#2566,
    #2567,#2568),.UNSPECIFIED.,.T.,.F.,(1,7,6,6,6,6,6,6,6,6,6,7,1),(
    -5.1294549046E-02,0.,8.234440912783E-02,0.180748281636,
    0.344502795738,0.442271130417,0.531817659409,0.631497540249,
    0.750063121889,0.8443797884,0.948705450954,1.,1.082344409128),
  .UNSPECIFIED.);
#2507 = CARTESIAN_POINT('',(76.868765146507,-10.25648306444,-27.3));
#2508 = CARTESIAN_POINT('',(76.907883051993,-9.96330799937,-27.3));
#2509 = CARTESIAN_POINT('',(76.945304176944,-9.672901156673,
    -27.26907217526));
#2510 = CARTESIAN_POINT('',(76.980415728914,-9.390201422813,
    -27.20833323677));
#2511 = CARTESIAN_POINT('',(77.012777080441,-9.119899450002,
    -27.12018215402));
#2512 = CARTESIAN_POINT('',(77.042129222197,-8.866115241612,
    -27.00821932437));
#2513 = CARTESIAN_POINT('',(77.068374766487,-8.63212518901,
    -26.87718152104));
#2514 = CARTESIAN_POINT('',(77.119197861658,-8.166808607568,
    -26.56046334619));
#2515 = CARTESIAN_POINT('',(77.142802790602,-7.941690995802,
    -26.36692503755));
#2516 = CARTESIAN_POINT('',(77.162794401352,-7.744287439305,
    -26.15746548243));
#2517 = CARTESIAN_POINT('',(77.179590459675,-7.573643879742,
    -25.93601615555));
#2518 = CARTESIAN_POINT('',(77.193542729788,-7.428661410838,
    -25.7055856675));
#2519 = CARTESIAN_POINT('',(77.204925000862,-7.308314225339,
    -25.46849093956));
#2520 = CARTESIAN_POINT('',(77.228946696927,-7.05112234833,
    -24.82376430726));
#2521 = CARTESIAN_POINT('',(77.237398742346,-6.956418162609,
    -24.40749026332));
#2522 = CARTESIAN_POINT('',(77.240247193263,-6.923721747699,
    -23.98547051304));
#2523 = CARTESIAN_POINT('',(77.237792290833,-6.951598463414,
    -23.56271171499));
#2524 = CARTESIAN_POINT('',(77.229884138483,-7.040853837494,
    -23.14435078854));
#2525 = CARTESIAN_POINT('',(77.215886349063,-7.194392866534,
    -22.73662241358));
#2526 = CARTESIAN_POINT('',(77.181769496838,-7.549486227326,
    -22.11917015244));
#2527 = CARTESIAN_POINT('',(77.166351622926,-7.707160020727,
    -21.89517039979));
#2528 = CARTESIAN_POINT('',(77.147994634449,-7.890735077294,
    -21.6807520945));
#2529 = CARTESIAN_POINT('',(77.126370159681,-8.101072307671,
    -21.47928699412));
#2530 = CARTESIAN_POINT('',(77.101102439433,-8.338787552933,
    -21.29486006839));
#2531 = CARTESIAN_POINT('',(77.071782621485,-8.604024721096,
    -21.13244464542));
#2532 = CARTESIAN_POINT('',(77.007173872062,-9.163523702941,
    -20.87527224565));
#2533 = CARTESIAN_POINT('',(76.972347579243,-9.455599961342,
    -20.77499398438));
#2534 = CARTESIAN_POINT('',(76.933935562524,-9.766081761681,
    -20.70569910837));
#2535 = CARTESIAN_POINT('',(76.892570712524,-10.08711534874,
    -20.67254577966));
#2536 = CARTESIAN_POINT('',(76.849251751333,-10.40996998408,
    -20.67748462754));
#2537 = CARTESIAN_POINT('',(76.805273548201,-10.72590637862,
    -20.71919759141));
#2538 = CARTESIAN_POINT('',(76.71383092705,-11.36245587617,
    -20.87520022768));
#2539 = CARTESIAN_POINT('',(76.667195768485,-11.67495060664,
    -20.99604137715));
#2540 = CARTESIAN_POINT('',(76.622987288271,-11.96135461104,
    -21.14876843852));
#2541 = CARTESIAN_POINT('',(76.58196280381,-12.21976235053,
    -21.32718458929));
#2542 = CARTESIAN_POINT('',(76.544694656368,-12.44924983802,
    -21.52548244434));
#2543 = CARTESIAN_POINT('',(76.51155004641,-12.64973107085,
    -21.73817213017));
#2544 = CARTESIAN_POINT('',(76.448343162514,-13.02675941902,
    -22.22402112437));
#2545 = CARTESIAN_POINT('',(76.419695592169,-13.19371710557,
    -22.50376192024));
#2546 = CARTESIAN_POINT('',(76.396840733521,-13.3248018205,
    -22.79402498619));
#2547 = CARTESIAN_POINT('',(76.379757503406,-13.4218006348,
    -23.09117763692));
#2548 = CARTESIAN_POINT('',(76.368385789001,-13.48603789767,
    -23.39258609236));
#2549 = CARTESIAN_POINT('',(76.362691539709,-13.51820405273,
    -23.69616327471));
#2550 = CARTESIAN_POINT('',(76.362691539709,-13.51820405273,
    -24.24169633966));
#2551 = CARTESIAN_POINT('',(76.366294935344,-13.49784900206,
    -24.48331223392));
#2552 = CARTESIAN_POINT('',(76.373497066886,-13.45716470214,
    -24.72382016029));
#2553 = CARTESIAN_POINT('',(76.384309985244,-13.39588519933,
    -24.96215701598));
#2554 = CARTESIAN_POINT('',(76.398754662618,-13.31349336239,
    -25.19708372863));
#2555 = CARTESIAN_POINT('',(76.416846913286,-13.20926192599,
    -25.42704083103));
#2556 = CARTESIAN_POINT('',(76.46261316082,-12.94185419384,
    -25.8966198593));
#2557 = CARTESIAN_POINT('',(76.491199498664,-12.77301639702,
    -26.13569583673));
#2558 = CARTESIAN_POINT('',(76.524325055941,-12.5745314272,
    -26.36368205434));
#2559 = CARTESIAN_POINT('',(76.561857851671,-12.3453587202,
    -26.57625819725));
#2560 = CARTESIAN_POINT('',(76.603510189115,-12.084824507,-26.7682249685
    ));
#2561 = CARTESIAN_POINT('',(76.648780065974,-11.79292264209,
    -26.93328317273));
#2562 = CARTESIAN_POINT('',(76.720619767252,-11.31258724086,
    -27.1276949624));
#2563 = CARTESIAN_POINT('',(76.744975164727,-11.14713726842,
    -27.1833182975));
#2564 = CARTESIAN_POINT('',(76.769777017484,-10.97567180301,
    -27.22920491642));
#2565 = CARTESIAN_POINT('',(76.794786489103,-10.79945884764,
    -27.26436227027));
#2566 = CARTESIAN_POINT('',(76.81976652615,-10.61988163483,
    -27.28809243211));
#2567 = CARTESIAN_POINT('',(76.844492882975,-10.43839521827,-27.3));
#2568 = CARTESIAN_POINT('',(76.868765146507,-10.25648306444,-27.3));
#2569 = PCURVE('',#1070,#2570);
#2570 = DEFINITIONAL_REPRESENTATION('',(#2571),#2634);
#2571 = B_SPLINE_CURVE_WITH_KNOTS('',7,(#2572,#2573,#2574,#2575,#2576,
    #2577,#2578,#2579,#2580,#2581,#2582,#2583,#2584,#2585,#2586,#2587,
    #2588,#2589,#2590,#2591,#2592,#2593,#2594,#2595,#2596,#2597,#2598,
    #2599,#2600,#2601,#2602,#2603,#2604,#2605,#2606,#2607,#2608,#2609,
    #2610,#2611,#2612,#2613,#2614,#2615,#2616,#2617,#2618,#2619,#2620,
    #2621,#2622,#2623,#2624,#2625,#2626,#2627,#2628,#2629,#2630,#2631,
    #2632,#2633),.UNSPECIFIED.,.F.,.F.,(8,6,6,6,6,6,6,6,6,6,8),(0.,
    8.234440912783E-02,0.180748281636,0.344502795738,0.442271130417,
    0.531817659409,0.631497540249,0.750063121889,0.8443797884,
    0.948705450954,1.),.UNSPECIFIED.);
#2572 = CARTESIAN_POINT('',(0.,2.));
#2573 = CARTESIAN_POINT('',(8.962826469255E-02,2.));
#2574 = CARTESIAN_POINT('',(0.178356934536,1.998684239864));
#2575 = CARTESIAN_POINT('',(0.265854622957,1.996098509492));
#2576 = CARTESIAN_POINT('',(0.351762680648,1.992426420826));
#2577 = CARTESIAN_POINT('',(0.4356579779,1.987956136569));
#2578 = CARTESIAN_POINT('',(0.516990907564,1.983024448217));
#2579 = CARTESIAN_POINT('',(0.688219993694,1.971859998567));
#2580 = CARTESIAN_POINT('',(0.777874830113,1.965484328247));
#2581 = CARTESIAN_POINT('',(0.864539582628,1.959192441691));
#2582 = CARTESIAN_POINT('',(0.948676887308,1.953272254507));
#2583 = CARTESIAN_POINT('',(1.030698395889,1.947927103477));
#2584 = CARTESIAN_POINT('',(1.111003968855,1.943292703117));
#2585 = CARTESIAN_POINT('',(1.321450387573,1.933088112303));
#2586 = CARTESIAN_POINT('',(1.449256491367,1.928940677324));
#2587 = CARTESIAN_POINT('',(1.57538210637,1.927439796329));
#2588 = CARTESIAN_POINT('',(1.701375414089,1.928693332682));
#2589 = CARTESIAN_POINT('',(1.8287714146,1.932659242765));
#2590 = CARTESIAN_POINT('',(1.959112342054,1.939090934108));
#2591 = CARTESIAN_POINT('',(2.175164602163,1.9522371461));
#2592 = CARTESIAN_POINT('',(2.257938254968,1.957808076635));
#2593 = CARTESIAN_POINT('',(2.343007523686,1.963891318707));
#2594 = CARTESIAN_POINT('',(2.430673930921,1.970275246093));
#2595 = CARTESIAN_POINT('',(2.521293832882,1.976668849364));
#2596 = CARTESIAN_POINT('',(2.615277532871,1.9826859006));
#2597 = CARTESIAN_POINT('',(2.802875544006,1.992642019827));
#2598 = CARTESIAN_POINT('',(2.896570675369,1.996750608792));
#2599 = CARTESIAN_POINT('',(2.9927042595,1.999739223041));
#2600 = CARTESIAN_POINT('',(3.090109218371,2.001196484277));
#2601 = CARTESIAN_POINT('',(3.187788127871,2.000957645404));
#2602 = CARTESIAN_POINT('',(3.284702884537,1.99915037412));
#2603 = CARTESIAN_POINT('',(3.485219255372,1.992698765759));
#2604 = CARTESIAN_POINT('',(3.586886502714,1.987802696895));
#2605 = CARTESIAN_POINT('',(3.68504549051,1.981861324073));
#2606 = CARTESIAN_POINT('',(3.779946555193,1.975373292384));
#2607 = CARTESIAN_POINT('',(3.871737223736,1.968783712187));
#2608 = CARTESIAN_POINT('',(3.960444919691,1.962445183889));
#2609 = CARTESIAN_POINT('',(4.147743931583,1.949657946675));
#2610 = CARTESIAN_POINT('',(4.246087337401,1.943343250708));
#2611 = CARTESIAN_POINT('',(4.341853078897,1.938025950859));
#2612 = CARTESIAN_POINT('',(4.435713030161,1.933921500731));
#2613 = CARTESIAN_POINT('',(4.528324269787,1.9311454692));
#2614 = CARTESIAN_POINT('',(4.62031724545,1.929755420368));
#2615 = CARTESIAN_POINT('',(4.785630295434,1.929755420368));
#2616 = CARTESIAN_POINT('',(4.858847483276,1.930635076594));
#2617 = CARTESIAN_POINT('',(4.932369551995,1.932393182655));
#2618 = CARTESIAN_POINT('',(5.006517129716,1.935006509527));
#2619 = CARTESIAN_POINT('',(5.081607499132,1.938427451275));
#2620 = CARTESIAN_POINT('',(5.157972279484,1.942575497765));
#2621 = CARTESIAN_POINT('',(5.322282326989,1.952573332158));
#2622 = CARTESIAN_POINT('',(5.410952927096,1.958578676923));
#2623 = CARTESIAN_POINT('',(5.50230735781,1.965162338446));
#2624 = CARTESIAN_POINT('',(5.5966712138,1.972055873869));
#2625 = CARTESIAN_POINT('',(5.694450756964,1.978885003455));
#2626 = CARTESIAN_POINT('',(5.796122452941,1.985151321941));
#2627 = CARTESIAN_POINT('',(5.954633657497,1.992832523975));
#2628 = CARTESIAN_POINT('',(6.007940563777,1.995092156318));
#2629 = CARTESIAN_POINT('',(6.062077794492,1.996998734689));
#2630 = CARTESIAN_POINT('',(6.116846687168,1.998483222217));
#2631 = CARTESIAN_POINT('',(6.172068167524,1.999493589196));
#2632 = CARTESIAN_POINT('',(6.22757187815,2.));
#2633 = CARTESIAN_POINT('',(6.28318530718,2.));
#2634 = ( GEOMETRIC_REPRESENTATION_CONTEXT(2) 
PARAMETRIC_REPRESENTATION_CONTEXT() REPRESENTATION_CONTEXT('2D SPACE',''
  ) );
#2635 = PCURVE('',#1561,#2636);
#2636 = DEFINITIONAL_REPRESENTATION('',(#2637),#2700);
#2637 = B_SPLINE_CURVE_WITH_KNOTS('',7,(#2638,#2639,#2640,#2641,#2642,
    #2643,#2644,#2645,#2646,#2647,#2648,#2649,#2650,#2651,#2652,#2653,
    #2654,#2655,#2656,#2657,#2658,#2659,#2660,#2661,#2662,#2663,#2664,
    #2665,#2666,#2667,#2668,#2669,#2670,#2671,#2672,#2673,#2674,#2675,
    #2676,#2677,#2678,#2679,#2680,#2681,#2682,#2683,#2684,#2685,#2686,
    #2687,#2688,#2689,#2690,#2691,#2692,#2693,#2694,#2695,#2696,#2697,
    #2698,#2699),.UNSPECIFIED.,.T.,.F.,(1,7,6,6,6,6,6,6,6,6,6,7,1),(
    -5.1294549046E-02,0.,8.234440912783E-02,0.180748281636,
    0.344502795738,0.442271130417,0.531817659409,0.631497540249,
    0.750063121889,0.8443797884,0.948705450954,1.,1.082344409128),
  .UNSPECIFIED.);
#2638 = CARTESIAN_POINT('',(6.150540284028,6.4));
#2639 = CARTESIAN_POINT('',(6.154354252738,6.4));
#2640 = CARTESIAN_POINT('',(6.158129945372,6.430927824733));
#2641 = CARTESIAN_POINT('',(6.161803279968,6.491666763222));
#2642 = CARTESIAN_POINT('',(6.165313634885,6.579817845975));
#2643 = CARTESIAN_POINT('',(6.168607940902,6.691780675628));
#2644 = CARTESIAN_POINT('',(6.171644128937,6.822818478957));
#2645 = CARTESIAN_POINT('',(6.177680026661,7.139536653809));
#2646 = CARTESIAN_POINT('',(6.18059878462,7.333074962446));
#2647 = CARTESIAN_POINT('',(6.183157284124,7.54253451757));
#2648 = CARTESIAN_POINT('',(6.185368339464,7.763983844447));
#2649 = CARTESIAN_POINT('',(6.187246507535,7.994414332495));
#2650 = CARTESIAN_POINT('',(6.18880529754,8.231509060438));
#2651 = CARTESIAN_POINT('',(6.192136197,8.876235692734));
#2652 = CARTESIAN_POINT('',(6.193362242245,9.292509736675));
#2653 = CARTESIAN_POINT('',(6.193785461512,9.714529486956));
#2654 = CARTESIAN_POINT('',(6.193424601678,10.137288285007));
#2655 = CARTESIAN_POINT('',(6.192269147461,10.555649211457));
#2656 = CARTESIAN_POINT('',(6.190281088452,10.963377586412));
#2657 = CARTESIAN_POINT('',(6.18568110722,11.580829847551));
#2658 = CARTESIAN_POINT('',(6.183638224147,11.804829600208));
#2659 = CARTESIAN_POINT('',(6.181259244919,12.0192479055));
#2660 = CARTESIAN_POINT('',(6.178532690959,12.220713005871));
#2661 = CARTESIAN_POINT('',(6.175450144766,12.405139931608));
#2662 = CARTESIAN_POINT('',(6.172009143963,12.567555354572));
#2663 = CARTESIAN_POINT('',(6.164746513263,12.824727754347));
#2664 = CARTESIAN_POINT('',(6.16095356301,12.925006015616));
#2665 = CARTESIAN_POINT('',(6.156919474636,12.994300891622));
#2666 = CARTESIAN_POINT('',(6.152745649684,13.027454220331));
#2667 = CARTESIAN_POINT('',(6.148545249136,13.022515372458));
#2668 = CARTESIAN_POINT('',(6.144432036577,12.980802408583));
#2669 = CARTESIAN_POINT('',(6.136139528671,12.82479977232));
#2670 = CARTESIAN_POINT('',(6.132065374594,12.703958622848));
#2671 = CARTESIAN_POINT('',(6.128328552534,12.551231561473));
#2672 = CARTESIAN_POINT('',(6.124954720412,12.372815410707));
#2673 = CARTESIAN_POINT('',(6.121956753747,12.174517555656));
#2674 = CARTESIAN_POINT('',(6.119336482071,11.961827869825));
#2675 = CARTESIAN_POINT('',(6.114406890935,11.475978875622));
#2676 = CARTESIAN_POINT('',(6.112222540523,11.196238079751));
#2677 = CARTESIAN_POINT('',(6.110506721122,10.905975013809));
#2678 = CARTESIAN_POINT('',(6.109236681149,10.60882236308));
#2679 = CARTESIAN_POINT('',(6.108395468335,10.307413907634));
#2680 = CARTESIAN_POINT('',(6.107974239693,10.003836725284));
#2681 = CARTESIAN_POINT('',(6.107974239693,9.458303660337));
#2682 = CARTESIAN_POINT('',(6.108240797292,9.216687766078));
#2683 = CARTESIAN_POINT('',(6.10877357425,8.976179839709));
#2684 = CARTESIAN_POINT('',(6.109575974927,8.737842984013));
#2685 = CARTESIAN_POINT('',(6.110654612413,8.502916271369));
#2686 = CARTESIAN_POINT('',(6.112018760674,8.27295916897));
#2687 = CARTESIAN_POINT('',(6.115517095449,7.803380140692));
#2688 = CARTESIAN_POINT('',(6.117725224924,7.564304163266));
#2689 = CARTESIAN_POINT('',(6.120320056921,7.33631794566));
#2690 = CARTESIAN_POINT('',(6.123314559978,7.123741802747));
#2691 = CARTESIAN_POINT('',(6.126716736188,6.931775031495));
#2692 = CARTESIAN_POINT('',(6.130525724693,6.766716827262));
#2693 = CARTESIAN_POINT('',(6.136788496045,6.572305037596));
#2694 = CARTESIAN_POINT('',(6.138944944474,6.516681702493));
#2695 = CARTESIAN_POINT('',(6.141178974311,6.470795083574));
#2696 = CARTESIAN_POINT('',(6.143473980059,6.435637729729));
#2697 = CARTESIAN_POINT('',(6.145811893605,6.41190756789));
#2698 = CARTESIAN_POINT('',(6.148173755133,6.4));
#2699 = CARTESIAN_POINT('',(6.150540284028,6.4));
#2700 = ( GEOMETRIC_REPRESENTATION_CONTEXT(2) 
PARAMETRIC_REPRESENTATION_CONTEXT() REPRESENTATION_CONTEXT('2D SPACE',''
  ) );
#2701 = ORIENTED_EDGE('',*,*,#2481,.T.);
#2702 = ADVANCED_FACE('',(#2703),#1277,.F.);
#2703 = FACE_BOUND('',#2704,.F.);
#2704 = EDGE_LOOP('',(#2705,#2706,#2729,#2927));
#2705 = ORIENTED_EDGE('',*,*,#1143,.F.);
#2706 = ORIENTED_EDGE('',*,*,#2707,.F.);
#2707 = EDGE_CURVE('',#2708,#1144,#2710,.T.);
#2708 = VERTEX_POINT('',#2709);
#2709 = CARTESIAN_POINT('',(-47.31675746054,-61.44206184219,-27.3));
#2710 = SEAM_CURVE('',#2711,(#2715,#2722),.PCURVE_S1.);
#2711 = LINE('',#2712,#2713);
#2712 = CARTESIAN_POINT('',(-46.09646713274,-59.85748255548,-27.3));
#2713 = VECTOR('',#2714,1.);
#2714 = DIRECTION('',(-0.610145163901,-0.792289643355,2.220446049251E-16
    ));
#2715 = PCURVE('',#1277,#2716);
#2716 = DEFINITIONAL_REPRESENTATION('',(#2717),#2721);
#2717 = LINE('',#2718,#2719);
#2718 = CARTESIAN_POINT('',(0.,-0.));
#2719 = VECTOR('',#2720,1.);
#2720 = DIRECTION('',(0.,1.));
#2721 = ( GEOMETRIC_REPRESENTATION_CONTEXT(2) 
PARAMETRIC_REPRESENTATION_CONTEXT() REPRESENTATION_CONTEXT('2D SPACE',''
  ) );
#2722 = PCURVE('',#1277,#2723);
#2723 = DEFINITIONAL_REPRESENTATION('',(#2724),#2728);
#2724 = LINE('',#2725,#2726);
#2725 = CARTESIAN_POINT('',(6.28318530718,-0.));
#2726 = VECTOR('',#2727,1.);
#2727 = DIRECTION('',(0.,1.));
#2728 = ( GEOMETRIC_REPRESENTATION_CONTEXT(2) 
PARAMETRIC_REPRESENTATION_CONTEXT() REPRESENTATION_CONTEXT('2D SPACE',''
  ) );
#2729 = ORIENTED_EDGE('',*,*,#2730,.T.);
#2730 = EDGE_CURVE('',#2708,#2708,#2731,.T.);
#2731 = SURFACE_CURVE('',#2732,(#2795,#2861),.PCURVE_S1.);
#2732 = B_SPLINE_CURVE_WITH_KNOTS('',7,(#2733,#2734,#2735,#2736,#2737,
    #2738,#2739,#2740,#2741,#2742,#2743,#2744,#2745,#2746,#2747,#2748,
    #2749,#2750,#2751,#2752,#2753,#2754,#2755,#2756,#2757,#2758,#2759,
    #2760,#2761,#2762,#2763,#2764,#2765,#2766,#2767,#2768,#2769,#2770,
    #2771,#2772,#2773,#2774,#2775,#2776,#2777,#2778,#2779,#2780,#2781,
    #2782,#2783,#2784,#2785,#2786,#2787,#2788,#2789,#2790,#2791,#2792,
    #2793,#2794),.UNSPECIFIED.,.T.,.F.,(1,7,6,6,6,6,6,6,6,6,6,7,1),(
    -5.1294546425E-02,0.,8.234441198896E-02,0.180748287882,
    0.344502810879,0.442271148135,0.531817679476,0.631497559119,
    0.750063134685,0.844379796365,0.948705453575,1.,1.082344411989),
  .UNSPECIFIED.);
#2733 = CARTESIAN_POINT('',(-47.31675746054,-61.44206184219,-27.3));
#2734 = CARTESIAN_POINT('',(-47.08241935924,-61.62252647457,-27.3));
#2735 = CARTESIAN_POINT('',(-46.84963021845,-61.80013754081,
    -27.26907217528));
#2736 = CARTESIAN_POINT('',(-46.62236084321,-61.97189490376,
    -27.20833323677));
#2737 = CARTESIAN_POINT('',(-46.40445314382,-62.13507164268,
    -27.12018215399));
#2738 = CARTESIAN_POINT('',(-46.19934564322,-62.28738344725,
    -27.00821932436));
#2739 = CARTESIAN_POINT('',(-46.00982708563,-62.4271077816,
    -26.87718152109));
#2740 = CARTESIAN_POINT('',(-45.63226265282,-62.70378016389,
    -26.56046334619));
#2741 = CARTESIAN_POINT('',(-45.44910754667,-62.83678143789,
    -26.36692503755));
#2742 = CARTESIAN_POINT('',(-45.28814685732,-62.95279645891,
    -26.15746548243));
#2743 = CARTESIAN_POINT('',(-45.14876322891,-63.05266405188,
    -25.93601615555));
#2744 = CARTESIAN_POINT('',(-45.03018086279,-63.13723830669,
    -25.7055856675));
#2745 = CARTESIAN_POINT('',(-44.93164827841,-63.20726923534,
    -25.46849093956));
#2746 = CARTESIAN_POINT('',(-44.72092442468,-63.35666857474,
    -24.82376429924));
#2747 = CARTESIAN_POINT('',(-44.64313422407,-63.41134034845,
    -24.40749029645));
#2748 = CARTESIAN_POINT('',(-44.61624251925,-63.4301553898,
    -23.98547044929));
#2749 = CARTESIAN_POINT('',(-44.63915700166,-63.41409103151,
    -23.56271178427));
#2750 = CARTESIAN_POINT('',(-44.71250036859,-63.36261466812,
    -23.14435074776));
#2751 = CARTESIAN_POINT('',(-44.8384701567,-63.27372272435,
    -22.73662242432));
#2752 = CARTESIAN_POINT('',(-45.12893160678,-63.06662997964,
    -22.11917015249));
#2753 = CARTESIAN_POINT('',(-45.25777218043,-62.97444081245,
    -21.89517039978));
#2754 = CARTESIAN_POINT('',(-45.40757434871,-62.86675566579,
    -21.68075209446));
#2755 = CARTESIAN_POINT('',(-45.5789194962,-62.74285970611,
    -21.47928699411));
#2756 = CARTESIAN_POINT('',(-45.77215307731,-62.60211959587,
    -21.2948600684));
#2757 = CARTESIAN_POINT('',(-45.98719529396,-62.44410930463,
    -21.13244464544));
#2758 = CARTESIAN_POINT('',(-46.43943125096,-62.10840699538,
    -20.87527224565));
#2759 = CARTESIAN_POINT('',(-46.67496356416,-61.93220841188,
    -20.77499398438));
#2760 = CARTESIAN_POINT('',(-46.92464268231,-61.74370172942,
    -20.70569910837));
#2761 = CARTESIAN_POINT('',(-47.18198349918,-61.54736192496,
    -20.67254577966));
#2762 = CARTESIAN_POINT('',(-47.43992433451,-61.34841928644,
    -20.67748462754));
#2763 = CARTESIAN_POINT('',(-47.6915441766,-61.15236484804,
    -20.71919759141));
#2764 = CARTESIAN_POINT('',(-48.19709089149,-60.75489847436,
    -20.87520022453));
#2765 = CARTESIAN_POINT('',(-48.44440172237,-60.55826384961,
    -20.9960413825));
#2766 = CARTESIAN_POINT('',(-48.67033057984,-60.37677621625,
    -21.14876844353));
#2767 = CARTESIAN_POINT('',(-48.87360602563,-60.21204408519,
    -21.32718456761));
#2768 = CARTESIAN_POINT('',(-49.05371395666,-60.06502516935,
    -21.52548246672));
#2769 = CARTESIAN_POINT('',(-49.21076347632,-59.93608049204,
    -21.73817212147));
#2770 = CARTESIAN_POINT('',(-49.50567616712,-59.69282754645,
    -22.22402112437));
#2771 = CARTESIAN_POINT('',(-49.63594197986,-59.5845391795,
    -22.50376192025));
#2772 = CARTESIAN_POINT('',(-49.7380372437,-59.49920393385,
    -22.79402498618));
#2773 = CARTESIAN_POINT('',(-49.81349906597,-59.43591001544,
    -23.09117763692));
#2774 = CARTESIAN_POINT('',(-49.86344431028,-59.39394319044,
    -23.39258609236));
#2775 = CARTESIAN_POINT('',(-49.88845389306,-59.37292874837,
    -23.69616327471));
#2776 = CARTESIAN_POINT('',(-49.88845389306,-59.37292874837,
    -24.24169633966));
#2777 = CARTESIAN_POINT('',(-49.8726275999,-59.38622690587,
    -24.48331223392));
#2778 = CARTESIAN_POINT('',(-49.84099502841,-59.4128062847,
    -24.72382016029));
#2779 = CARTESIAN_POINT('',(-49.79333188142,-59.4528102981,
    -24.96215701598));
#2780 = CARTESIAN_POINT('',(-49.72920079626,-59.50651567412,
    -25.19708372863));
#2781 = CARTESIAN_POINT('',(-49.64797984979,-59.57429974101,
    -25.42704083103));
#2782 = CARTESIAN_POINT('',(-49.43928108435,-59.74763834009,
    -25.8966198593));
#2783 = CARTESIAN_POINT('',(-49.30735643211,-59.85681373327,
    -26.13569583673));
#2784 = CARTESIAN_POINT('',(-49.15202618461,-59.98474379229,
    -26.36368205434));
#2785 = CARTESIAN_POINT('',(-48.97232319636,-60.13183450038,
    -26.57625819725));
#2786 = CARTESIAN_POINT('',(-48.7675201179,-60.29817358933,
    -26.7682249685));
#2787 = CARTESIAN_POINT('',(-48.5373606259,-60.48332938517,
    -26.93328317273));
#2788 = CARTESIAN_POINT('',(-48.15729781672,-60.7857120921,
    -27.12769496241));
#2789 = CARTESIAN_POINT('',(-48.0261916363,-60.88952947123,
    -27.1833182975));
#2790 = CARTESIAN_POINT('',(-47.89009911376,-60.99674123849,
    -27.22920491642));
#2791 = CARTESIAN_POINT('',(-47.74999895372,-61.10650655395,
    -27.26436227027));
#2792 = CARTESIAN_POINT('',(-47.606970544,-61.21792850703,
    -27.28809243211));
#2793 = CARTESIAN_POINT('',(-47.46216187526,-61.33008536844,-27.3));
#2794 = CARTESIAN_POINT('',(-47.31675746054,-61.44206184219,-27.3));
#2795 = PCURVE('',#1277,#2796);
#2796 = DEFINITIONAL_REPRESENTATION('',(#2797),#2860);
#2797 = B_SPLINE_CURVE_WITH_KNOTS('',7,(#2798,#2799,#2800,#2801,#2802,
    #2803,#2804,#2805,#2806,#2807,#2808,#2809,#2810,#2811,#2812,#2813,
    #2814,#2815,#2816,#2817,#2818,#2819,#2820,#2821,#2822,#2823,#2824,
    #2825,#2826,#2827,#2828,#2829,#2830,#2831,#2832,#2833,#2834,#2835,
    #2836,#2837,#2838,#2839,#2840,#2841,#2842,#2843,#2844,#2845,#2846,
    #2847,#2848,#2849,#2850,#2851,#2852,#2853,#2854,#2855,#2856,#2857,
    #2858,#2859),.UNSPECIFIED.,.F.,.F.,(8,6,6,6,6,6,6,6,6,6,8),(0.,
    8.234441198896E-02,0.180748287882,0.344502810879,0.442271148135,
    0.531817679476,0.631497559119,0.750063134685,0.844379796365,
    0.948705453575,1.),.UNSPECIFIED.);
#2798 = CARTESIAN_POINT('',(0.,2.));
#2799 = CARTESIAN_POINT('',(8.962826466601E-02,2.));
#2800 = CARTESIAN_POINT('',(0.178356934533,1.998684239865));
#2801 = CARTESIAN_POINT('',(0.265854622977,1.996098509492));
#2802 = CARTESIAN_POINT('',(0.351762680669,1.992426420825));
#2803 = CARTESIAN_POINT('',(0.435657977899,1.987956136569));
#2804 = CARTESIAN_POINT('',(0.516990907537,1.983024448219));
#2805 = CARTESIAN_POINT('',(0.688219993694,1.971859998567));
#2806 = CARTESIAN_POINT('',(0.777874830113,1.965484328247));
#2807 = CARTESIAN_POINT('',(0.864539582628,1.959192441691));
#2808 = CARTESIAN_POINT('',(0.948676887308,1.953272254507));
#2809 = CARTESIAN_POINT('',(1.030698395889,1.947927103477));
#2810 = CARTESIAN_POINT('',(1.111003968855,1.943292703117));
#2811 = CARTESIAN_POINT('',(1.321450390191,1.933088112176));
#2812 = CARTESIAN_POINT('',(1.449256480545,1.928940677562));
#2813 = CARTESIAN_POINT('',(1.575382127313,1.927439796319));
#2814 = CARTESIAN_POINT('',(1.701375391066,1.928693332243));
#2815 = CARTESIAN_POINT('',(1.828771428419,1.932659243296));
#2816 = CARTESIAN_POINT('',(1.959112338296,1.939090933879));
#2817 = CARTESIAN_POINT('',(2.175164602149,1.952237146099));
#2818 = CARTESIAN_POINT('',(2.257938254967,1.957808076634));
#2819 = CARTESIAN_POINT('',(2.343007523698,1.963891318708));
#2820 = CARTESIAN_POINT('',(2.430673930931,1.970275246094));
#2821 = CARTESIAN_POINT('',(2.52129383288,1.976668849363));
#2822 = CARTESIAN_POINT('',(2.615277532857,1.982685900599));
#2823 = CARTESIAN_POINT('',(2.802875544006,1.992642019827));
#2824 = CARTESIAN_POINT('',(2.896570675369,1.996750608792));
#2825 = CARTESIAN_POINT('',(2.9927042595,1.999739223041));
#2826 = CARTESIAN_POINT('',(3.090109218371,2.001196484277));
#2827 = CARTESIAN_POINT('',(3.187788127871,2.000957645404));
#2828 = CARTESIAN_POINT('',(3.284702884537,1.99915037412));
#2829 = CARTESIAN_POINT('',(3.485219251335,1.992698765889));
#2830 = CARTESIAN_POINT('',(3.586886512102,1.98780269662));
#2831 = CARTESIAN_POINT('',(3.6850454842,1.981861324084));
#2832 = CARTESIAN_POINT('',(3.779946551417,1.975373292897));
#2833 = CARTESIAN_POINT('',(3.871737231294,1.9687837116));
#2834 = CARTESIAN_POINT('',(3.960444916335,1.962445184119));
#2835 = CARTESIAN_POINT('',(4.147743931583,1.949657946675));
#2836 = CARTESIAN_POINT('',(4.246087337401,1.943343250708));
#2837 = CARTESIAN_POINT('',(4.341853078896,1.938025950859));
#2838 = CARTESIAN_POINT('',(4.435713030162,1.933921500731));
#2839 = CARTESIAN_POINT('',(4.528324269786,1.9311454692));
#2840 = CARTESIAN_POINT('',(4.62031724545,1.929755420368));
#2841 = CARTESIAN_POINT('',(4.785630295434,1.929755420368));
#2842 = CARTESIAN_POINT('',(4.858847483277,1.930635076594));
#2843 = CARTESIAN_POINT('',(4.932369551995,1.932393182655));
#2844 = CARTESIAN_POINT('',(5.006517129716,1.935006509527));
#2845 = CARTESIAN_POINT('',(5.081607499132,1.938427451275));
#2846 = CARTESIAN_POINT('',(5.157972279484,1.942575497765));
#2847 = CARTESIAN_POINT('',(5.322282326989,1.952573332158));
#2848 = CARTESIAN_POINT('',(5.410952927096,1.958578676923));
#2849 = CARTESIAN_POINT('',(5.50230735781,1.965162338446));
#2850 = CARTESIAN_POINT('',(5.5966712138,1.972055873869));
#2851 = CARTESIAN_POINT('',(5.694450756964,1.978885003455));
#2852 = CARTESIAN_POINT('',(5.796122452941,1.985151321941));
#2853 = CARTESIAN_POINT('',(5.954633657504,1.992832523975));
#2854 = CARTESIAN_POINT('',(6.00794056377,1.995092156318));
#2855 = CARTESIAN_POINT('',(6.062077794487,1.996998734689));
#2856 = CARTESIAN_POINT('',(6.116846687173,1.998483222218));
#2857 = CARTESIAN_POINT('',(6.17206816753,1.999493589196));
#2858 = CARTESIAN_POINT('',(6.227571878145,2.));
#2859 = CARTESIAN_POINT('',(6.28318530718,2.));
#2860 = ( GEOMETRIC_REPRESENTATION_CONTEXT(2) 
PARAMETRIC_REPRESENTATION_CONTEXT() REPRESENTATION_CONTEXT('2D SPACE',''
  ) );
#2861 = PCURVE('',#1561,#2862);
#2862 = DEFINITIONAL_REPRESENTATION('',(#2863),#2926);
#2863 = B_SPLINE_CURVE_WITH_KNOTS('',7,(#2864,#2865,#2866,#2867,#2868,
    #2869,#2870,#2871,#2872,#2873,#2874,#2875,#2876,#2877,#2878,#2879,
    #2880,#2881,#2882,#2883,#2884,#2885,#2886,#2887,#2888,#2889,#2890,
    #2891,#2892,#2893,#2894,#2895,#2896,#2897,#2898,#2899,#2900,#2901,
    #2902,#2903,#2904,#2905,#2906,#2907,#2908,#2909,#2910,#2911,#2912,
    #2913,#2914,#2915,#2916,#2917,#2918,#2919,#2920,#2921,#2922,#2923,
    #2924,#2925),.UNSPECIFIED.,.T.,.F.,(1,7,6,6,6,6,6,6,6,6,6,7,1),(
    -5.1294546425E-02,0.,8.234441198896E-02,0.180748287882,
    0.344502810879,0.442271148135,0.531817679476,0.631497559119,
    0.750063134685,0.844379796365,0.948705453575,1.,1.082344411989),
  .UNSPECIFIED.);
#2864 = CARTESIAN_POINT('',(4.056145181635,6.4));
#2865 = CARTESIAN_POINT('',(4.059959150344,6.4));
#2866 = CARTESIAN_POINT('',(4.063734842979,6.430927824715));
#2867 = CARTESIAN_POINT('',(4.067408177575,6.491666763229));
#2868 = CARTESIAN_POINT('',(4.070918532493,6.57981784601));
#2869 = CARTESIAN_POINT('',(4.074212838509,6.69178067564));
#2870 = CARTESIAN_POINT('',(4.077249026543,6.822818478908));
#2871 = CARTESIAN_POINT('',(4.083284924268,7.139536653809));
#2872 = CARTESIAN_POINT('',(4.086203682227,7.333074962446));
#2873 = CARTESIAN_POINT('',(4.088762181731,7.54253451757));
#2874 = CARTESIAN_POINT('',(4.090973237071,7.763983844447));
#2875 = CARTESIAN_POINT('',(4.092851405142,7.994414332495));
#2876 = CARTESIAN_POINT('',(4.094410195147,8.231509060438));
#2877 = CARTESIAN_POINT('',(4.097741094648,8.876235700755));
#2878 = CARTESIAN_POINT('',(4.098967139777,9.292509703541));
#2879 = CARTESIAN_POINT('',(4.099390359113,9.714529550705));
#2880 = CARTESIAN_POINT('',(4.099029499443,10.137288215722));
#2881 = CARTESIAN_POINT('',(4.097874044881,10.555649252236));
#2882 = CARTESIAN_POINT('',(4.095885986138,10.963377575673));
#2883 = CARTESIAN_POINT('',(4.091286004827,11.58082984751));
#2884 = CARTESIAN_POINT('',(4.089243121754,11.804829600212));
#2885 = CARTESIAN_POINT('',(4.086864142526,12.019247905533));
#2886 = CARTESIAN_POINT('',(4.084137588565,12.220713005889));
#2887 = CARTESIAN_POINT('',(4.081055042372,12.405139931595));
#2888 = CARTESIAN_POINT('',(4.07761404157,12.567555354553));
#2889 = CARTESIAN_POINT('',(4.07035141087,12.824727754347));
#2890 = CARTESIAN_POINT('',(4.066558460616,12.925006015616));
#2891 = CARTESIAN_POINT('',(4.062524372243,12.994300891622));
#2892 = CARTESIAN_POINT('',(4.05835054729,13.027454220331));
#2893 = CARTESIAN_POINT('',(4.054150146743,13.022515372458));
#2894 = CARTESIAN_POINT('',(4.050036934184,12.980802408583));
#2895 = CARTESIAN_POINT('',(4.041744426444,12.824799775461));
#2896 = CARTESIAN_POINT('',(4.037670271794,12.703958617497));
#2897 = CARTESIAN_POINT('',(4.033933450485,12.551231556463));
#2898 = CARTESIAN_POINT('',(4.030559618025,12.372815432384));
#2899 = CARTESIAN_POINT('',(4.027561651174,12.17451753328));
#2900 = CARTESIAN_POINT('',(4.024941379766,11.96182787853));
#2901 = CARTESIAN_POINT('',(4.020011788542,11.475978875622));
#2902 = CARTESIAN_POINT('',(4.01782743813,11.19623807975));
#2903 = CARTESIAN_POINT('',(4.016111618729,10.905975013811));
#2904 = CARTESIAN_POINT('',(4.014841578756,10.608822363078));
#2905 = CARTESIAN_POINT('',(4.014000365942,10.307413907636));
#2906 = CARTESIAN_POINT('',(4.0135791373,10.003836725284));
#2907 = CARTESIAN_POINT('',(4.0135791373,9.458303660337));
#2908 = CARTESIAN_POINT('',(4.013845694899,9.216687766078));
#2909 = CARTESIAN_POINT('',(4.014378471857,8.976179839709));
#2910 = CARTESIAN_POINT('',(4.015180872534,8.737842984014));
#2911 = CARTESIAN_POINT('',(4.01625951002,8.502916271368));
#2912 = CARTESIAN_POINT('',(4.017623658281,8.27295916897));
#2913 = CARTESIAN_POINT('',(4.021121993056,7.803380140692));
#2914 = CARTESIAN_POINT('',(4.023330122531,7.564304163266));
#2915 = CARTESIAN_POINT('',(4.025924954528,7.33631794566));
#2916 = CARTESIAN_POINT('',(4.028919457585,7.123741802747));
#2917 = CARTESIAN_POINT('',(4.032321633795,6.931775031495));
#2918 = CARTESIAN_POINT('',(4.0361306223,6.766716827262));
#2919 = CARTESIAN_POINT('',(4.042393393652,6.572305037588));
#2920 = CARTESIAN_POINT('',(4.04454984208,6.516681702497));
#2921 = CARTESIAN_POINT('',(4.046783871917,6.47079508358));
#2922 = CARTESIAN_POINT('',(4.049078877666,6.435637729729));
#2923 = CARTESIAN_POINT('',(4.051416791213,6.411907567885));
#2924 = CARTESIAN_POINT('',(4.05377865274,6.4));
#2925 = CARTESIAN_POINT('',(4.056145181635,6.4));
#2926 = ( GEOMETRIC_REPRESENTATION_CONTEXT(2) 
PARAMETRIC_REPRESENTATION_CONTEXT() REPRESENTATION_CONTEXT('2D SPACE',''
  ) );
#2927 = ORIENTED_EDGE('',*,*,#2707,.T.);
#2928 = ADVANCED_FACE('',(#2929),#1371,.F.);
#2929 = FACE_BOUND('',#2930,.F.);
#2930 = EDGE_LOOP('',(#2931,#2960,#2981,#2982));
#2931 = ORIENTED_EDGE('',*,*,#2932,.F.);
#2932 = EDGE_CURVE('',#2933,#2933,#2935,.T.);
#2933 = VERTEX_POINT('',#2934);
#2934 = CARTESIAN_POINT('',(14.413483370684,-63.02769619278,-31.7));
#2935 = SURFACE_CURVE('',#2936,(#2941,#2948),.PCURVE_S1.);
#2936 = CIRCLE('',#2937,3.3);
#2937 = AXIS2_PLACEMENT_3D('',#2938,#2939,#2940);
#2938 = CARTESIAN_POINT('',(11.113483370684,-63.02769619278,-31.7));
#2939 = DIRECTION('',(0.,0.,1.));
#2940 = DIRECTION('',(1.,0.,-0.));
#2941 = PCURVE('',#1371,#2942);
#2942 = DEFINITIONAL_REPRESENTATION('',(#2943),#2947);
#2943 = LINE('',#2944,#2945);
#2944 = CARTESIAN_POINT('',(0.,8.3));
#2945 = VECTOR('',#2946,1.);
#2946 = DIRECTION('',(1.,0.));
#2947 = ( GEOMETRIC_REPRESENTATION_CONTEXT(2) 
PARAMETRIC_REPRESENTATION_CONTEXT() REPRESENTATION_CONTEXT('2D SPACE',''
  ) );
#2948 = PCURVE('',#2949,#2954);
#2949 = PLANE('',#2950);
#2950 = AXIS2_PLACEMENT_3D('',#2951,#2952,#2953);
#2951 = CARTESIAN_POINT('',(0.,0.,-31.7));
#2952 = DIRECTION('',(0.,0.,1.));
#2953 = DIRECTION('',(1.,0.,-0.));
#2954 = DEFINITIONAL_REPRESENTATION('',(#2955),#2959);
#2955 = CIRCLE('',#2956,3.3);
#2956 = AXIS2_PLACEMENT_2D('',#2957,#2958);
#2957 = CARTESIAN_POINT('',(11.113483370684,-63.02769619278));
#2958 = DIRECTION('',(1.,0.));
#2959 = ( GEOMETRIC_REPRESENTATION_CONTEXT(2) 
PARAMETRIC_REPRESENTATION_CONTEXT() REPRESENTATION_CONTEXT('2D SPACE',''
  ) );
#2960 = ORIENTED_EDGE('',*,*,#2961,.F.);
#2961 = EDGE_CURVE('',#1355,#2933,#2962,.T.);
#2962 = SEAM_CURVE('',#2963,(#2967,#2974),.PCURVE_S1.);
#2963 = LINE('',#2964,#2965);
#2964 = CARTESIAN_POINT('',(14.413483370684,-63.02769619278,-40.));
#2965 = VECTOR('',#2966,1.);
#2966 = DIRECTION('',(0.,0.,1.));
#2967 = PCURVE('',#1371,#2968);
#2968 = DEFINITIONAL_REPRESENTATION('',(#2969),#2973);
#2969 = LINE('',#2970,#2971);
#2970 = CARTESIAN_POINT('',(6.28318530718,-0.));
#2971 = VECTOR('',#2972,1.);
#2972 = DIRECTION('',(0.,1.));
#2973 = ( GEOMETRIC_REPRESENTATION_CONTEXT(2) 
PARAMETRIC_REPRESENTATION_CONTEXT() REPRESENTATION_CONTEXT('2D SPACE',''
  ) );
#2974 = PCURVE('',#1371,#2975);
#2975 = DEFINITIONAL_REPRESENTATION('',(#2976),#2980);
#2976 = LINE('',#2977,#2978);
#2977 = CARTESIAN_POINT('',(0.,-0.));
#2978 = VECTOR('',#2979,1.);
#2979 = DIRECTION('',(0.,1.));
#2980 = ( GEOMETRIC_REPRESENTATION_CONTEXT(2) 
PARAMETRIC_REPRESENTATION_CONTEXT() REPRESENTATION_CONTEXT('2D SPACE',''
  ) );
#2981 = ORIENTED_EDGE('',*,*,#1354,.T.);
#2982 = ORIENTED_EDGE('',*,*,#2961,.T.);
#2983 = ADVANCED_FACE('',(#2984),#1402,.F.);
#2984 = FACE_BOUND('',#2985,.F.);
#2985 = EDGE_LOOP('',(#2986,#3010,#3031,#3032));
#2986 = ORIENTED_EDGE('',*,*,#2987,.F.);
#2987 = EDGE_CURVE('',#2988,#2988,#2990,.T.);
#2988 = VERTEX_POINT('',#2989);
#2989 = CARTESIAN_POINT('',(44.21219330882,-41.01219330882,-31.7));
#2990 = SURFACE_CURVE('',#2991,(#2996,#3003),.PCURVE_S1.);
#2991 = CIRCLE('',#2992,3.2);
#2992 = AXIS2_PLACEMENT_3D('',#2993,#2994,#2995);
#2993 = CARTESIAN_POINT('',(41.01219330882,-41.01219330882,-31.7));
#2994 = DIRECTION('',(0.,0.,1.));
#2995 = DIRECTION('',(1.,0.,-0.));
#2996 = PCURVE('',#1402,#2997);
#2997 = DEFINITIONAL_REPRESENTATION('',(#2998),#3002);
#2998 = LINE('',#2999,#3000);
#2999 = CARTESIAN_POINT('',(0.,8.3));
#3000 = VECTOR('',#3001,1.);
#3001 = DIRECTION('',(1.,0.));
#3002 = ( GEOMETRIC_REPRESENTATION_CONTEXT(2) 
PARAMETRIC_REPRESENTATION_CONTEXT() REPRESENTATION_CONTEXT('2D SPACE',''
  ) );
#3003 = PCURVE('',#2949,#3004);
#3004 = DEFINITIONAL_REPRESENTATION('',(#3005),#3009);
#3005 = CIRCLE('',#3006,3.2);
#3006 = AXIS2_PLACEMENT_2D('',#3007,#3008);
#3007 = CARTESIAN_POINT('',(41.01219330882,-41.01219330882));
#3008 = DIRECTION('',(1.,0.));
#3009 = ( GEOMETRIC_REPRESENTATION_CONTEXT(2) 
PARAMETRIC_REPRESENTATION_CONTEXT() REPRESENTATION_CONTEXT('2D SPACE',''
  ) );
#3010 = ORIENTED_EDGE('',*,*,#3011,.F.);
#3011 = EDGE_CURVE('',#1386,#2988,#3012,.T.);
#3012 = SEAM_CURVE('',#3013,(#3017,#3024),.PCURVE_S1.);
#3013 = LINE('',#3014,#3015);
#3014 = CARTESIAN_POINT('',(44.21219330882,-41.01219330882,-40.));
#3015 = VECTOR('',#3016,1.);
#3016 = DIRECTION('',(0.,0.,1.));
#3017 = PCURVE('',#1402,#3018);
#3018 = DEFINITIONAL_REPRESENTATION('',(#3019),#3023);
#3019 = LINE('',#3020,#3021);
#3020 = CARTESIAN_POINT('',(6.28318530718,-0.));
#3021 = VECTOR('',#3022,1.);
#3022 = DIRECTION('',(0.,1.));
#3023 = ( GEOMETRIC_REPRESENTATION_CONTEXT(2) 
PARAMETRIC_REPRESENTATION_CONTEXT() REPRESENTATION_CONTEXT('2D SPACE',''
  ) );
#3024 = PCURVE('',#1402,#3025);
#3025 = DEFINITIONAL_REPRESENTATION('',(#3026),#3030);
#3026 = LINE('',#3027,#3028);
#3027 = CARTESIAN_POINT('',(0.,-0.));
#3028 = VECTOR('',#3029,1.);
#3029 = DIRECTION('',(0.,1.));
#3030 = ( GEOMETRIC_REPRESENTATION_CONTEXT(2) 
PARAMETRIC_REPRESENTATION_CONTEXT() REPRESENTATION_CONTEXT('2D SPACE',''
  ) );
#3031 = ORIENTED_EDGE('',*,*,#1385,.T.);
#3032 = ORIENTED_EDGE('',*,*,#3011,.T.);
#3033 = ADVANCED_FACE('',(#3034),#1433,.F.);
#3034 = FACE_BOUND('',#3035,.F.);
#3035 = EDGE_LOOP('',(#3036,#3060,#3081,#3082));
#3036 = ORIENTED_EDGE('',*,*,#3037,.F.);
#3037 = EDGE_CURVE('',#3038,#3038,#3040,.T.);
#3038 = VERTEX_POINT('',#3039);
#3039 = CARTESIAN_POINT('',(-53.1188496747,-10.07159430468,-31.7));
#3040 = SURFACE_CURVE('',#3041,(#3046,#3053),.PCURVE_S1.);
#3041 = CIRCLE('',#3042,4.);
#3042 = AXIS2_PLACEMENT_3D('',#3043,#3044,#3045);
#3043 = CARTESIAN_POINT('',(-57.1188496747,-10.07159430468,-31.7));
#3044 = DIRECTION('',(0.,0.,1.));
#3045 = DIRECTION('',(1.,0.,-0.));
#3046 = PCURVE('',#1433,#3047);
#3047 = DEFINITIONAL_REPRESENTATION('',(#3048),#3052);
#3048 = LINE('',#3049,#3050);
#3049 = CARTESIAN_POINT('',(0.,8.3));
#3050 = VECTOR('',#3051,1.);
#3051 = DIRECTION('',(1.,0.));
#3052 = ( GEOMETRIC_REPRESENTATION_CONTEXT(2) 
PARAMETRIC_REPRESENTATION_CONTEXT() REPRESENTATION_CONTEXT('2D SPACE',''
  ) );
#3053 = PCURVE('',#2949,#3054);
#3054 = DEFINITIONAL_REPRESENTATION('',(#3055),#3059);
#3055 = CIRCLE('',#3056,4.);
#3056 = AXIS2_PLACEMENT_2D('',#3057,#3058);
#3057 = CARTESIAN_POINT('',(-57.1188496747,-10.07159430468));
#3058 = DIRECTION('',(1.,0.));
#3059 = ( GEOMETRIC_REPRESENTATION_CONTEXT(2) 
PARAMETRIC_REPRESENTATION_CONTEXT() REPRESENTATION_CONTEXT('2D SPACE',''
  ) );
#3060 = ORIENTED_EDGE('',*,*,#3061,.F.);
#3061 = EDGE_CURVE('',#1417,#3038,#3062,.T.);
#3062 = SEAM_CURVE('',#3063,(#3067,#3074),.PCURVE_S1.);
#3063 = LINE('',#3064,#3065);
#3064 = CARTESIAN_POINT('',(-53.1188496747,-10.07159430468,-40.));
#3065 = VECTOR('',#3066,1.);
#3066 = DIRECTION('',(0.,0.,1.));
#3067 = PCURVE('',#1433,#3068);
#3068 = DEFINITIONAL_REPRESENTATION('',(#3069),#3073);
#3069 = LINE('',#3070,#3071);
#3070 = CARTESIAN_POINT('',(6.28318530718,-0.));
#3071 = VECTOR('',#3072,1.);
#3072 = DIRECTION('',(0.,1.));
#3073 = ( GEOMETRIC_REPRESENTATION_CONTEXT(2) 
PARAMETRIC_REPRESENTATION_CONTEXT() REPRESENTATION_CONTEXT('2D SPACE',''
  ) );
#3074 = PCURVE('',#1433,#3075);
#3075 = DEFINITIONAL_REPRESENTATION('',(#3076),#3080);
#3076 = LINE('',#3077,#3078);
#3077 = CARTESIAN_POINT('',(0.,-0.));
#3078 = VECTOR('',#3079,1.);
#3079 = DIRECTION('',(0.,1.));
#3080 = ( GEOMETRIC_REPRESENTATION_CONTEXT(2) 
PARAMETRIC_REPRESENTATION_CONTEXT() REPRESENTATION_CONTEXT('2D SPACE',''
  ) );
#3081 = ORIENTED_EDGE('',*,*,#1416,.T.);
#3082 = ORIENTED_EDGE('',*,*,#3061,.T.);
#3083 = ADVANCED_FACE('',(#3084),#1464,.F.);
#3084 = FACE_BOUND('',#3085,.F.);
#3085 = EDGE_LOOP('',(#3086,#3110,#3131,#3132));
#3086 = ORIENTED_EDGE('',*,*,#3087,.F.);
#3087 = EDGE_CURVE('',#3088,#3088,#3090,.T.);
#3088 = VERTEX_POINT('',#3089);
#3089 = CARTESIAN_POINT('',(-54.,6.123233995737E-15,-31.7));
#3090 = SURFACE_CURVE('',#3091,(#3096,#3103),.PCURVE_S1.);
#3091 = CIRCLE('',#3092,4.);
#3092 = AXIS2_PLACEMENT_3D('',#3093,#3094,#3095);
#3093 = CARTESIAN_POINT('',(-58.,7.102951435055E-15,-31.7));
#3094 = DIRECTION('',(0.,0.,1.));
#3095 = DIRECTION('',(1.,0.,-0.));
#3096 = PCURVE('',#1464,#3097);
#3097 = DEFINITIONAL_REPRESENTATION('',(#3098),#3102);
#3098 = LINE('',#3099,#3100);
#3099 = CARTESIAN_POINT('',(0.,8.3));
#3100 = VECTOR('',#3101,1.);
#3101 = DIRECTION('',(1.,0.));
#3102 = ( GEOMETRIC_REPRESENTATION_CONTEXT(2) 
PARAMETRIC_REPRESENTATION_CONTEXT() REPRESENTATION_CONTEXT('2D SPACE',''
  ) );
#3103 = PCURVE('',#2949,#3104);
#3104 = DEFINITIONAL_REPRESENTATION('',(#3105),#3109);
#3105 = CIRCLE('',#3106,4.);
#3106 = AXIS2_PLACEMENT_2D('',#3107,#3108);
#3107 = CARTESIAN_POINT('',(-58.,7.102951435055E-15));
#3108 = DIRECTION('',(1.,0.));
#3109 = ( GEOMETRIC_REPRESENTATION_CONTEXT(2) 
PARAMETRIC_REPRESENTATION_CONTEXT() REPRESENTATION_CONTEXT('2D SPACE',''
  ) );
#3110 = ORIENTED_EDGE('',*,*,#3111,.F.);
#3111 = EDGE_CURVE('',#1448,#3088,#3112,.T.);
#3112 = SEAM_CURVE('',#3113,(#3117,#3124),.PCURVE_S1.);
#3113 = LINE('',#3114,#3115);
#3114 = CARTESIAN_POINT('',(-54.,6.123233995737E-15,-40.));
#3115 = VECTOR('',#3116,1.);
#3116 = DIRECTION('',(0.,0.,1.));
#3117 = PCURVE('',#1464,#3118);
#3118 = DEFINITIONAL_REPRESENTATION('',(#3119),#3123);
#3119 = LINE('',#3120,#3121);
#3120 = CARTESIAN_POINT('',(6.28318530718,-0.));
#3121 = VECTOR('',#3122,1.);
#3122 = DIRECTION('',(0.,1.));
#3123 = ( GEOMETRIC_REPRESENTATION_CONTEXT(2) 
PARAMETRIC_REPRESENTATION_CONTEXT() REPRESENTATION_CONTEXT('2D SPACE',''
  ) );
#3124 = PCURVE('',#1464,#3125);
#3125 = DEFINITIONAL_REPRESENTATION('',(#3126),#3130);
#3126 = LINE('',#3127,#3128);
#3127 = CARTESIAN_POINT('',(0.,-0.));
#3128 = VECTOR('',#3129,1.);
#3129 = DIRECTION('',(0.,1.));
#3130 = ( GEOMETRIC_REPRESENTATION_CONTEXT(2) 
PARAMETRIC_REPRESENTATION_CONTEXT() REPRESENTATION_CONTEXT('2D SPACE',''
  ) );
#3131 = ORIENTED_EDGE('',*,*,#1447,.T.);
#3132 = ORIENTED_EDGE('',*,*,#3111,.T.);
#3133 = ADVANCED_FACE('',(#3134),#1495,.F.);
#3134 = FACE_BOUND('',#3135,.F.);
#3135 = EDGE_LOOP('',(#3136,#3160,#3181,#3182));
#3136 = ORIENTED_EDGE('',*,*,#3137,.F.);
#3137 = EDGE_CURVE('',#3138,#3138,#3140,.T.);
#3138 = VERTEX_POINT('',#3139);
#3139 = CARTESIAN_POINT('',(-56.84032773029,21.889289172843,-31.7));
#3140 = SURFACE_CURVE('',#3141,(#3146,#3153),.PCURVE_S1.);
#3141 = CIRCLE('',#3142,3.3);
#3142 = AXIS2_PLACEMENT_3D('',#3143,#3144,#3145);
#3143 = CARTESIAN_POINT('',(-60.14032773029,21.889289172843,-31.7));
#3144 = DIRECTION('',(0.,0.,1.));
#3145 = DIRECTION('',(1.,0.,-0.));
#3146 = PCURVE('',#1495,#3147);
#3147 = DEFINITIONAL_REPRESENTATION('',(#3148),#3152);
#3148 = LINE('',#3149,#3150);
#3149 = CARTESIAN_POINT('',(0.,8.3));
#3150 = VECTOR('',#3151,1.);
#3151 = DIRECTION('',(1.,0.));
#3152 = ( GEOMETRIC_REPRESENTATION_CONTEXT(2) 
PARAMETRIC_REPRESENTATION_CONTEXT() REPRESENTATION_CONTEXT('2D SPACE',''
  ) );
#3153 = PCURVE('',#2949,#3154);
#3154 = DEFINITIONAL_REPRESENTATION('',(#3155),#3159);
#3155 = CIRCLE('',#3156,3.3);
#3156 = AXIS2_PLACEMENT_2D('',#3157,#3158);
#3157 = CARTESIAN_POINT('',(-60.14032773029,21.889289172843));
#3158 = DIRECTION('',(1.,0.));
#3159 = ( GEOMETRIC_REPRESENTATION_CONTEXT(2) 
PARAMETRIC_REPRESENTATION_CONTEXT() REPRESENTATION_CONTEXT('2D SPACE',''
  ) );
#3160 = ORIENTED_EDGE('',*,*,#3161,.F.);
#3161 = EDGE_CURVE('',#1479,#3138,#3162,.T.);
#3162 = SEAM_CURVE('',#3163,(#3167,#3174),.PCURVE_S1.);
#3163 = LINE('',#3164,#3165);
#3164 = CARTESIAN_POINT('',(-56.84032773029,21.889289172843,-40.));
#3165 = VECTOR('',#3166,1.);
#3166 = DIRECTION('',(0.,0.,1.));
#3167 = PCURVE('',#1495,#3168);
#3168 = DEFINITIONAL_REPRESENTATION('',(#3169),#3173);
#3169 = LINE('',#3170,#3171);
#3170 = CARTESIAN_POINT('',(6.28318530718,-0.));
#3171 = VECTOR('',#3172,1.);
#3172 = DIRECTION('',(0.,1.));
#3173 = ( GEOMETRIC_REPRESENTATION_CONTEXT(2) 
PARAMETRIC_REPRESENTATION_CONTEXT() REPRESENTATION_CONTEXT('2D SPACE',''
  ) );
#3174 = PCURVE('',#1495,#3175);
#3175 = DEFINITIONAL_REPRESENTATION('',(#3176),#3180);
#3176 = LINE('',#3177,#3178);
#3177 = CARTESIAN_POINT('',(0.,-0.));
#3178 = VECTOR('',#3179,1.);
#3179 = DIRECTION('',(0.,1.));
#3180 = ( GEOMETRIC_REPRESENTATION_CONTEXT(2) 
PARAMETRIC_REPRESENTATION_CONTEXT() REPRESENTATION_CONTEXT('2D SPACE',''
  ) );
#3181 = ORIENTED_EDGE('',*,*,#1478,.T.);
#3182 = ORIENTED_EDGE('',*,*,#3161,.T.);
#3183 = ADVANCED_FACE('',(#3184),#1526,.F.);
#3184 = FACE_BOUND('',#3185,.F.);
#3185 = EDGE_LOOP('',(#3186,#3210,#3231,#3232));
#3186 = ORIENTED_EDGE('',*,*,#3187,.F.);
#3187 = EDGE_CURVE('',#3188,#3188,#3190,.T.);
#3188 = VERTEX_POINT('',#3189);
#3189 = CARTESIAN_POINT('',(52.326844359615,41.138407019939,-31.7));
#3190 = SURFACE_CURVE('',#3191,(#3196,#3203),.PCURVE_S1.);
#3191 = CIRCLE('',#3192,3.3);
#3192 = AXIS2_PLACEMENT_3D('',#3193,#3194,#3195);
#3193 = CARTESIAN_POINT('',(49.026844359615,41.138407019939,-31.7));
#3194 = DIRECTION('',(0.,0.,1.));
#3195 = DIRECTION('',(1.,0.,-0.));
#3196 = PCURVE('',#1526,#3197);
#3197 = DEFINITIONAL_REPRESENTATION('',(#3198),#3202);
#3198 = LINE('',#3199,#3200);
#3199 = CARTESIAN_POINT('',(0.,8.3));
#3200 = VECTOR('',#3201,1.);
#3201 = DIRECTION('',(1.,0.));
#3202 = ( GEOMETRIC_REPRESENTATION_CONTEXT(2) 
PARAMETRIC_REPRESENTATION_CONTEXT() REPRESENTATION_CONTEXT('2D SPACE',''
  ) );
#3203 = PCURVE('',#2949,#3204);
#3204 = DEFINITIONAL_REPRESENTATION('',(#3205),#3209);
#3205 = CIRCLE('',#3206,3.3);
#3206 = AXIS2_PLACEMENT_2D('',#3207,#3208);
#3207 = CARTESIAN_POINT('',(49.026844359615,41.138407019939));
#3208 = DIRECTION('',(1.,0.));
#3209 = ( GEOMETRIC_REPRESENTATION_CONTEXT(2) 
PARAMETRIC_REPRESENTATION_CONTEXT() REPRESENTATION_CONTEXT('2D SPACE',''
  ) );
#3210 = ORIENTED_EDGE('',*,*,#3211,.F.);
#3211 = EDGE_CURVE('',#1510,#3188,#3212,.T.);
#3212 = SEAM_CURVE('',#3213,(#3217,#3224),.PCURVE_S1.);
#3213 = LINE('',#3214,#3215);
#3214 = CARTESIAN_POINT('',(52.326844359615,41.138407019939,-40.));
#3215 = VECTOR('',#3216,1.);
#3216 = DIRECTION('',(0.,0.,1.));
#3217 = PCURVE('',#1526,#3218);
#3218 = DEFINITIONAL_REPRESENTATION('',(#3219),#3223);
#3219 = LINE('',#3220,#3221);
#3220 = CARTESIAN_POINT('',(6.28318530718,-0.));
#3221 = VECTOR('',#3222,1.);
#3222 = DIRECTION('',(0.,1.));
#3223 = ( GEOMETRIC_REPRESENTATION_CONTEXT(2) 
PARAMETRIC_REPRESENTATION_CONTEXT() REPRESENTATION_CONTEXT('2D SPACE',''
  ) );
#3224 = PCURVE('',#1526,#3225);
#3225 = DEFINITIONAL_REPRESENTATION('',(#3226),#3230);
#3226 = LINE('',#3227,#3228);
#3227 = CARTESIAN_POINT('',(0.,-0.));
#3228 = VECTOR('',#3229,1.);
#3229 = DIRECTION('',(0.,1.));
#3230 = ( GEOMETRIC_REPRESENTATION_CONTEXT(2) 
PARAMETRIC_REPRESENTATION_CONTEXT() REPRESENTATION_CONTEXT('2D SPACE',''
  ) );
#3231 = ORIENTED_EDGE('',*,*,#1509,.T.);
#3232 = ORIENTED_EDGE('',*,*,#3211,.T.);
#3233 = ADVANCED_FACE('',(#3234,#3287,#3290,#3293,#3296,#3299,#3302),
  #1561,.F.);
#3234 = FACE_BOUND('',#3235,.F.);
#3235 = EDGE_LOOP('',(#3236,#3237,#3260,#3286));
#3236 = ORIENTED_EDGE('',*,*,#1544,.F.);
#3237 = ORIENTED_EDGE('',*,*,#3238,.F.);
#3238 = EDGE_CURVE('',#3239,#1545,#3241,.T.);
#3239 = VERTEX_POINT('',#3240);
#3240 = CARTESIAN_POINT('',(77.55,-1.899427185478E-14,-31.7));
#3241 = SEAM_CURVE('',#3242,(#3246,#3253),.PCURVE_S1.);
#3242 = LINE('',#3243,#3244);
#3243 = CARTESIAN_POINT('',(77.55,-1.899427185478E-14,-33.7));
#3244 = VECTOR('',#3245,1.);
#3245 = DIRECTION('',(0.,0.,1.));
#3246 = PCURVE('',#1561,#3247);
#3247 = DEFINITIONAL_REPRESENTATION('',(#3248),#3252);
#3248 = LINE('',#3249,#3250);
#3249 = CARTESIAN_POINT('',(4.138911435803E-13,0.));
#3250 = VECTOR('',#3251,1.);
#3251 = DIRECTION('',(0.,1.));
#3252 = ( GEOMETRIC_REPRESENTATION_CONTEXT(2) 
PARAMETRIC_REPRESENTATION_CONTEXT() REPRESENTATION_CONTEXT('2D SPACE',''
  ) );
#3253 = PCURVE('',#1561,#3254);
#3254 = DEFINITIONAL_REPRESENTATION('',(#3255),#3259);
#3255 = LINE('',#3256,#3257);
#3256 = CARTESIAN_POINT('',(6.28318530718,0.));
#3257 = VECTOR('',#3258,1.);
#3258 = DIRECTION('',(0.,1.));
#3259 = ( GEOMETRIC_REPRESENTATION_CONTEXT(2) 
PARAMETRIC_REPRESENTATION_CONTEXT() REPRESENTATION_CONTEXT('2D SPACE',''
  ) );
#3260 = ORIENTED_EDGE('',*,*,#3261,.F.);
#3261 = EDGE_CURVE('',#3239,#3239,#3262,.T.);
#3262 = SURFACE_CURVE('',#3263,(#3268,#3275),.PCURVE_S1.);
#3263 = CIRCLE('',#3264,77.55);
#3264 = AXIS2_PLACEMENT_3D('',#3265,#3266,#3267);
#3265 = CARTESIAN_POINT('',(2.233028982323E-15,-8.501737886423E-15,-31.7
    ));
#3266 = DIRECTION('',(-0.,0.,-1.));
#3267 = DIRECTION('',(1.,-1.353002445951E-16,-0.));
#3268 = PCURVE('',#1561,#3269);
#3269 = DEFINITIONAL_REPRESENTATION('',(#3270),#3274);
#3270 = LINE('',#3271,#3272);
#3271 = CARTESIAN_POINT('',(6.28318530718,2.));
#3272 = VECTOR('',#3273,1.);
#3273 = DIRECTION('',(-1.,-0.));
#3274 = ( GEOMETRIC_REPRESENTATION_CONTEXT(2) 
PARAMETRIC_REPRESENTATION_CONTEXT() REPRESENTATION_CONTEXT('2D SPACE',''
  ) );
#3275 = PCURVE('',#2949,#3276);
#3276 = DEFINITIONAL_REPRESENTATION('',(#3277),#3285);
#3277 = ( BOUNDED_CURVE() B_SPLINE_CURVE(2,(#3278,#3279,#3280,#3281,
#3282,#3283,#3284),.UNSPECIFIED.,.T.,.F.) B_SPLINE_CURVE_WITH_KNOTS((1,2
    ,2,2,2,1),(-2.094395102393,0.,2.094395102393,4.188790204786,
6.28318530718,8.377580409573),.UNSPECIFIED.) CURVE() 
GEOMETRIC_REPRESENTATION_ITEM() RATIONAL_B_SPLINE_CURVE((1.,0.5,1.,0.5,
1.,0.5,1.)) REPRESENTATION_ITEM('') );
#3278 = CARTESIAN_POINT('',(77.55,-1.899427185478E-14));
#3279 = CARTESIAN_POINT('',(77.55,-134.3205401269));
#3280 = CARTESIAN_POINT('',(-38.775,-67.16027006348));
#3281 = CARTESIAN_POINT('',(-155.1,-6.510941804494E-15));
#3282 = CARTESIAN_POINT('',(-38.775,67.160270063483));
#3283 = CARTESIAN_POINT('',(77.55,134.32054012696));
#3284 = CARTESIAN_POINT('',(77.55,-1.899427185478E-14));
#3285 = ( GEOMETRIC_REPRESENTATION_CONTEXT(2) 
PARAMETRIC_REPRESENTATION_CONTEXT() REPRESENTATION_CONTEXT('2D SPACE',''
  ) );
#3286 = ORIENTED_EDGE('',*,*,#3238,.T.);
#3287 = FACE_BOUND('',#3288,.F.);
#3288 = EDGE_LOOP('',(#3289));
#3289 = ORIENTED_EDGE('',*,*,#1600,.F.);
#3290 = FACE_BOUND('',#3291,.F.);
#3291 = EDGE_LOOP('',(#3292));
#3292 = ORIENTED_EDGE('',*,*,#1826,.F.);
#3293 = FACE_BOUND('',#3294,.F.);
#3294 = EDGE_LOOP('',(#3295));
#3295 = ORIENTED_EDGE('',*,*,#2052,.F.);
#3296 = FACE_BOUND('',#3297,.F.);
#3297 = EDGE_LOOP('',(#3298));
#3298 = ORIENTED_EDGE('',*,*,#2278,.F.);
#3299 = FACE_BOUND('',#3300,.F.);
#3300 = EDGE_LOOP('',(#3301));
#3301 = ORIENTED_EDGE('',*,*,#2730,.F.);
#3302 = FACE_BOUND('',#3303,.F.);
#3303 = EDGE_LOOP('',(#3304));
#3304 = ORIENTED_EDGE('',*,*,#2504,.F.);
#3305 = ADVANCED_FACE('',(#3306,#3309,#3312,#3315,#3318,#3321,#3324),
  #2949,.T.);
#3306 = FACE_BOUND('',#3307,.T.);
#3307 = EDGE_LOOP('',(#3308));
#3308 = ORIENTED_EDGE('',*,*,#3261,.F.);
#3309 = FACE_BOUND('',#3310,.T.);
#3310 = EDGE_LOOP('',(#3311));
#3311 = ORIENTED_EDGE('',*,*,#2932,.F.);
#3312 = FACE_BOUND('',#3313,.T.);
#3313 = EDGE_LOOP('',(#3314));
#3314 = ORIENTED_EDGE('',*,*,#2987,.F.);
#3315 = FACE_BOUND('',#3316,.T.);
#3316 = EDGE_LOOP('',(#3317));
#3317 = ORIENTED_EDGE('',*,*,#3037,.F.);
#3318 = FACE_BOUND('',#3319,.T.);
#3319 = EDGE_LOOP('',(#3320));
#3320 = ORIENTED_EDGE('',*,*,#3087,.F.);
#3321 = FACE_BOUND('',#3322,.T.);
#3322 = EDGE_LOOP('',(#3323));
#3323 = ORIENTED_EDGE('',*,*,#3137,.F.);
#3324 = FACE_BOUND('',#3325,.T.);
#3325 = EDGE_LOOP('',(#3326));
#3326 = ORIENTED_EDGE('',*,*,#3187,.F.);
#3327 = ( GEOMETRIC_REPRESENTATION_CONTEXT(3) 
GLOBAL_UNCERTAINTY_ASSIGNED_CONTEXT((#3331)) 
GLOBAL_UNIT_ASSIGNED_CONTEXT((#3328,#3329,#3330)) REPRESENTATION_CONTEXT
('Context #1','3D Context with UNIT and UNCERTAINTY') );
#3328 = ( LENGTH_UNIT() NAMED_UNIT(*) SI_UNIT(.MILLI.,.METRE.) );
#3329 = ( NAMED_UNIT(*) PLANE_ANGLE_UNIT() SI_UNIT($,.RADIAN.) );
#3330 = ( NAMED_UNIT(*) SI_UNIT($,.STERADIAN.) SOLID_ANGLE_UNIT() );
#3331 = UNCERTAINTY_MEASURE_WITH_UNIT(LENGTH_MEASURE(1.E-07),#3328,
  'distance_accuracy_value','confusion accuracy');
#3332 = PRODUCT_RELATED_PRODUCT_CATEGORY('part',$,(#7));
ENDSEC;
END-ISO-10303-21;
