ISO-10303-21;
HEADER;
FILE_DESCRIPTION(('Open CASCADE Model'),'2;1');
FILE_NAME('SOLID','2026-09-28T19:37:57',('Author'),('Open CASCADE'),
  'Open CASCADE STEP processor 7.8','build123d','Unknown');
FILE_SCHEMA(('AUTOMOTIVE_DESIGN { 1 0 10303 214 1 1 1 1 }'));
ENDSEC;
DATA;
#1 = APPLICATION_PROTOCOL_DEFINITION('international standard',
  'automotive_design',2000,#2);
#2 = APPLICATION_CONTEXT(
  'core data for automotive mechanical design processes');
#3 = SHAPE_DEFINITION_REPRESENTATION(#4,#10);
#4 = PRODUCT_DEFINITION_SHAPE('','',#5);
#5 = PRODUCT_DEFINITION('design','',#6,#9);
#6 = PRODUCT_DEFINITION_FORMATION('','',#7);
#7 = PRODUCT('=>[0:1:1:2]','=>[0:1:1:2]','',(#8));
#8 = PRODUCT_CONTEXT('',#2,'mechanical');
#9 = PRODUCT_DEFINITION_CONTEXT('part definition',#2,'design');
#10 = SHAPE_REPRESENTATION('',(#11,#15),#19);
#11 = AXIS2_PLACEMENT_3D('',#12,#13,#14);
#12 = CARTESIAN_POINT('',(0.,0.,0.));
#13 = DIRECTION('',(0.,0.,1.));
#14 = DIRECTION('',(1.,0.,-0.));
#15 = AXIS2_PLACEMENT_3D('',#16,#17,#18);
#16 = CARTESIAN_POINT('',(0.,0.,1.2));
#17 = DIRECTION('',(0.,0.,1.));
#18 = DIRECTION('',(1.,0.,-0.));
#19 = ( GEOMETRIC_REPRESENTATION_CONTEXT(3) 
GLOBAL_UNCERTAINTY_ASSIGNED_CONTEXT((#23)) GLOBAL_UNIT_ASSIGNED_CONTEXT(
(#20,#21,#22)) REPRESENTATION_CONTEXT('Context #1',
  '3D Context with UNIT and UNCERTAINTY') );
#20 = ( LENGTH_UNIT() NAMED_UNIT(*) SI_UNIT(.MILLI.,.METRE.) );
#21 = ( NAMED_UNIT(*) PLANE_ANGLE_UNIT() SI_UNIT($,.RADIAN.) );
#22 = ( NAMED_UNIT(*) SI_UNIT($,.STERADIAN.) SOLID_ANGLE_UNIT() );
#23 = UNCERTAINTY_MEASURE_WITH_UNIT(LENGTH_MEASURE(2.E-07),#20,
  'distance_accuracy_value','confusion accuracy');
#24 = PRODUCT_RELATED_PRODUCT_CATEGORY('part',$,(#7));
#25 = SHAPE_DEFINITION_REPRESENTATION(#26,#32);
#26 = PRODUCT_DEFINITION_SHAPE('','',#27);
#27 = PRODUCT_DEFINITION('design','',#28,#31);
#28 = PRODUCT_DEFINITION_FORMATION('','',#29);
#29 = PRODUCT('SOLID','SOLID','',(#30));
#30 = PRODUCT_CONTEXT('',#2,'mechanical');
#31 = PRODUCT_DEFINITION_CONTEXT('part definition',#2,'design');
#32 = ADVANCED_BREP_SHAPE_REPRESENTATION('',(#11,#33),#5447);
#33 = MANIFOLD_SOLID_BREP('',#34);
#34 = CLOSED_SHELL('',(#35,#2607,#2642,#2672,#2898,#3124,#3350,#3576,
    #3802,#4028,#4254,#4480,#4706,#4932,#5158,#5384));
#35 = ADVANCED_FACE('',(#36,#123,#330,#537,#744,#951,#1158,#1365,#1572,
    #1779,#1986,#2193,#2400),#49,.T.);
#36 = FACE_BOUND('',#37,.T.);
#37 = EDGE_LOOP('',(#38,#72,#95,#122));
#38 = ORIENTED_EDGE('',*,*,#39,.F.);
#39 = EDGE_CURVE('',#40,#40,#42,.T.);
#40 = VERTEX_POINT('',#41);
#41 = CARTESIAN_POINT('',(71.65,-1.754918863178E-14,126.));
#42 = SURFACE_CURVE('',#43,(#48,#60),.PCURVE_S1.);
#43 = CIRCLE('',#44,71.65);
#44 = AXIS2_PLACEMENT_3D('',#45,#46,#47);
#45 = CARTESIAN_POINT('',(0.,0.,126.));
#46 = DIRECTION('',(0.,0.,1.));
#47 = DIRECTION('',(1.,0.,-0.));
#48 = PCURVE('',#49,#54);
#49 = CYLINDRICAL_SURFACE('',#50,71.65);
#50 = AXIS2_PLACEMENT_3D('',#51,#52,#53);
#51 = CARTESIAN_POINT('',(0.,0.,91.));
#52 = DIRECTION('',(0.,0.,1.));
#53 = DIRECTION('',(1.,0.,-0.));
#54 = DEFINITIONAL_REPRESENTATION('',(#55),#59);
#55 = LINE('',#56,#57);
#56 = CARTESIAN_POINT('',(0.,35.));
#57 = VECTOR('',#58,1.);
#58 = DIRECTION('',(1.,0.));
#59 = ( GEOMETRIC_REPRESENTATION_CONTEXT(2) 
PARAMETRIC_REPRESENTATION_CONTEXT() REPRESENTATION_CONTEXT('2D SPACE',''
  ) );
#60 = PCURVE('',#61,#66);
#61 = PLANE('',#62);
#62 = AXIS2_PLACEMENT_3D('',#63,#64,#65);
#63 = CARTESIAN_POINT('',(0.,0.,126.));
#64 = DIRECTION('',(0.,0.,1.));
#65 = DIRECTION('',(1.,0.,-0.));
#66 = DEFINITIONAL_REPRESENTATION('',(#67),#71);
#67 = CIRCLE('',#68,71.65);
#68 = AXIS2_PLACEMENT_2D('',#69,#70);
#69 = CARTESIAN_POINT('',(0.,0.));
#70 = DIRECTION('',(1.,0.));
#71 = ( GEOMETRIC_REPRESENTATION_CONTEXT(2) 
PARAMETRIC_REPRESENTATION_CONTEXT() REPRESENTATION_CONTEXT('2D SPACE',''
  ) );
#72 = ORIENTED_EDGE('',*,*,#73,.F.);
#73 = EDGE_CURVE('',#74,#40,#76,.T.);
#74 = VERTEX_POINT('',#75);
#75 = CARTESIAN_POINT('',(71.65,-1.754918863178E-14,91.));
#76 = SEAM_CURVE('',#77,(#81,#88),.PCURVE_S1.);
#77 = LINE('',#78,#79);
#78 = CARTESIAN_POINT('',(71.65,-1.754918863178E-14,91.));
#79 = VECTOR('',#80,1.);
#80 = DIRECTION('',(0.,0.,1.));
#81 = PCURVE('',#49,#82);
#82 = DEFINITIONAL_REPRESENTATION('',(#83),#87);
#83 = LINE('',#84,#85);
#84 = CARTESIAN_POINT('',(0.,-0.));
#85 = VECTOR('',#86,1.);
#86 = DIRECTION('',(0.,1.));
#87 = ( GEOMETRIC_REPRESENTATION_CONTEXT(2) 
PARAMETRIC_REPRESENTATION_CONTEXT() REPRESENTATION_CONTEXT('2D SPACE',''
  ) );
#88 = PCURVE('',#49,#89);
#89 = DEFINITIONAL_REPRESENTATION('',(#90),#94);
#90 = LINE('',#91,#92);
#91 = CARTESIAN_POINT('',(6.28318530718,-0.));
#92 = VECTOR('',#93,1.);
#93 = DIRECTION('',(0.,1.));
#94 = ( GEOMETRIC_REPRESENTATION_CONTEXT(2) 
PARAMETRIC_REPRESENTATION_CONTEXT() REPRESENTATION_CONTEXT('2D SPACE',''
  ) );
#95 = ORIENTED_EDGE('',*,*,#96,.T.);
#96 = EDGE_CURVE('',#74,#74,#97,.T.);
#97 = SURFACE_CURVE('',#98,(#103,#110),.PCURVE_S1.);
#98 = CIRCLE('',#99,71.65);
#99 = AXIS2_PLACEMENT_3D('',#100,#101,#102);
#100 = CARTESIAN_POINT('',(0.,0.,91.));
#101 = DIRECTION('',(0.,0.,1.));
#102 = DIRECTION('',(1.,0.,-0.));
#103 = PCURVE('',#49,#104);
#104 = DEFINITIONAL_REPRESENTATION('',(#105),#109);
#105 = LINE('',#106,#107);
#106 = CARTESIAN_POINT('',(0.,0.));
#107 = VECTOR('',#108,1.);
#108 = DIRECTION('',(1.,0.));
#109 = ( GEOMETRIC_REPRESENTATION_CONTEXT(2) 
PARAMETRIC_REPRESENTATION_CONTEXT() REPRESENTATION_CONTEXT('2D SPACE',''
  ) );
#110 = PCURVE('',#111,#116);
#111 = PLANE('',#112);
#112 = AXIS2_PLACEMENT_3D('',#113,#114,#115);
#113 = CARTESIAN_POINT('',(0.,0.,91.));
#114 = DIRECTION('',(0.,0.,1.));
#115 = DIRECTION('',(1.,0.,-0.));
#116 = DEFINITIONAL_REPRESENTATION('',(#117),#121);
#117 = CIRCLE('',#118,71.65);
#118 = AXIS2_PLACEMENT_2D('',#119,#120);
#119 = CARTESIAN_POINT('',(0.,0.));
#120 = DIRECTION('',(1.,0.));
#121 = ( GEOMETRIC_REPRESENTATION_CONTEXT(2) 
PARAMETRIC_REPRESENTATION_CONTEXT() REPRESENTATION_CONTEXT('2D SPACE',''
  ) );
#122 = ORIENTED_EDGE('',*,*,#73,.T.);
#123 = FACE_BOUND('',#124,.T.);
#124 = EDGE_LOOP('',(#125));
#125 = ORIENTED_EDGE('',*,*,#126,.F.);
#126 = EDGE_CURVE('',#127,#127,#129,.T.);
#127 = VERTEX_POINT('',#128);
#128 = CARTESIAN_POINT('',(43.716900993526,56.767552946399,95.7));
#129 = SURFACE_CURVE('',#130,(#193,#259),.PCURVE_S1.);
#130 = B_SPLINE_CURVE_WITH_KNOTS('',7,(#131,#132,#133,#134,#135,#136,
    #137,#138,#139,#140,#141,#142,#143,#144,#145,#146,#147,#148,#149,
    #150,#151,#152,#153,#154,#155,#156,#157,#158,#159,#160,#161,#162,
    #163,#164,#165,#166,#167,#168,#169,#170,#171,#172,#173,#174,#175,
    #176,#177,#178,#179,#180,#181,#182,#183,#184,#185,#186,#187,#188,
    #189,#190,#191,#192),.UNSPECIFIED.,.T.,.F.,(1,7,6,6,6,6,6,6,6,6,6,7,
    1),(-5.1294216052E-02,0.,8.234479018881E-02,0.180750422299,
    0.344501989179,0.442272716605,0.53181861759,0.631500100893,
    0.750063700281,0.844378238564,0.948705783948,1.,1.082344790189),
  .UNSPECIFIED.);
#131 = CARTESIAN_POINT('',(43.716900993526,56.767552946399,95.7));
#132 = CARTESIAN_POINT('',(43.482556749415,56.94802230938,95.7));
#133 = CARTESIAN_POINT('',(43.249698089034,57.125550067324,
    95.730929446476));
#134 = CARTESIAN_POINT('',(43.022297665713,57.297139502363,
    95.791670278891));
#135 = CARTESIAN_POINT('',(42.804206088201,57.460076091159,
    95.879822721446));
#136 = CARTESIAN_POINT('',(42.598875977598,57.612094596643,
    95.991785869792));
#137 = CARTESIAN_POINT('',(42.40911285933,57.75149455105,96.122822397207
    ));
#138 = CARTESIAN_POINT('',(42.030994679673,58.02743258519,
    96.439534256658));
#139 = CARTESIAN_POINT('',(41.84752096429,58.160016142674,
    96.633069793387));
#140 = CARTESIAN_POINT('',(41.686244687867,58.275619642353,
    96.842526798178));
#141 = CARTESIAN_POINT('',(41.546562902372,58.375100752247,
    97.063974564622));
#142 = CARTESIAN_POINT('',(41.42771020898,58.459326747832,
    97.294405312277));
#143 = CARTESIAN_POINT('',(41.328942385243,58.529056250041,
    97.531502911976));
#144 = CARTESIAN_POINT('',(41.11770429679,58.677789103576,98.17623147497
    ));
#145 = CARTESIAN_POINT('',(41.039703526985,58.732190975864,
    98.592507097124));
#146 = CARTESIAN_POINT('',(41.01273505727,58.750908652681,
    99.014533341083));
#147 = CARTESIAN_POINT('',(41.0357141915,58.734925215216,99.437298882732
    ));
#148 = CARTESIAN_POINT('',(41.109260389794,58.683705996362,
    99.855662466196));
#149 = CARTESIAN_POINT('',(41.235555130753,58.595233558097,
    100.26338671779));
#150 = CARTESIAN_POINT('',(41.5266758298,58.389001398425,100.88083419935
    ));
#151 = CARTESIAN_POINT('',(41.655797810856,58.297175377755,
    101.10483445417));
#152 = CARTESIAN_POINT('',(41.80590587076,58.189887640554,
    101.31925132425));
#153 = CARTESIAN_POINT('',(41.977570960114,58.066409356794,
    101.52071445853));
#154 = CARTESIAN_POINT('',(42.171124461097,57.926087785981,
    101.70513998581));
#155 = CARTESIAN_POINT('',(42.386468201432,57.768470953293,
    101.86755505508));
#156 = CARTESIAN_POINT('',(42.839198747832,57.433422714515,
    102.12472415767));
#157 = CARTESIAN_POINT('',(43.074935735722,57.257493630866,
    102.22500337342));
#158 = CARTESIAN_POINT('',(43.324766032378,57.069181230699,
    102.29430006107));
#159 = CARTESIAN_POINT('',(43.582182532094,56.872934656442,
    102.32745462457));
#160 = CARTESIAN_POINT('',(43.840114142826,56.673974319095,
    102.32251597517));
#161 = CARTESIAN_POINT('',(44.091645145052,56.477800438475,
    102.28080237267));
#162 = CARTESIAN_POINT('',(44.596873589354,56.079908454506,
    102.12479791483));
#163 = CARTESIAN_POINT('',(44.843939604613,55.882953274434,
    102.00395436381));
#164 = CARTESIAN_POINT('',(45.06956822872,55.701079112429,
    101.85122654477));
#165 = CARTESIAN_POINT('',(45.272514752217,55.535925658698,
    101.67281166817));
#166 = CARTESIAN_POINT('',(45.452288969825,55.388478402013,
    101.47451633143));
#167 = CARTESIAN_POINT('',(45.609018658084,55.259120602893,
    101.26182871698));
#168 = CARTESIAN_POINT('',(45.903283953822,55.015035774734,
    100.77598652387));
#169 = CARTESIAN_POINT('',(46.033230830885,54.906335843045,
    100.49625146785));
#170 = CARTESIAN_POINT('',(46.135059559982,54.820652185937,
    100.20599092625));
#171 = CARTESIAN_POINT('',(46.21031679589,54.75708825199,99.908837242425
    ));
#172 = CARTESIAN_POINT('',(46.260124077679,54.714938425687,
    99.607424845631));
#173 = CARTESIAN_POINT('',(46.285064574742,54.693832351664,
    99.303842184388));
#174 = CARTESIAN_POINT('',(46.285064574742,54.693832351664,
    98.758300730752));
#175 = CARTESIAN_POINT('',(46.269282184623,54.7071883403,98.516681853705
    ));
#176 = CARTESIAN_POINT('',(46.237737349688,54.733883310312,
    98.27617168033));
#177 = CARTESIAN_POINT('',(46.190204858683,54.77405892181,
    98.037834005504));
#178 = CARTESIAN_POINT('',(46.126245434933,54.827988347431,
    97.802908370573));
#179 = CARTESIAN_POINT('',(46.045233726252,54.896043090996,
    97.572954369769));
#180 = CARTESIAN_POINT('',(45.837038085076,55.0700349233,97.103375433372
    ));
#181 = CARTESIAN_POINT('',(45.705414554609,55.179603482145,
    96.864299371798));
#182 = CARTESIAN_POINT('',(45.550415918773,55.307963173798,
    96.636315257301));
#183 = CARTESIAN_POINT('',(45.371061158324,55.455502731767,
    96.423741444233));
#184 = CARTESIAN_POINT('',(45.166603227592,55.622286176212,
    96.231775967586));
#185 = CARTESIAN_POINT('',(44.93675951513,55.807850345138,
    96.066717610038));
#186 = CARTESIAN_POINT('',(44.557083526198,56.110733691,95.87230622521)
  );
#187 = CARTESIAN_POINT('',(44.42609221376,56.214697486244,
    95.816683142508));
#188 = CARTESIAN_POINT('',(44.290095973013,56.322033294075,
    95.770796271769));
#189 = CARTESIAN_POINT('',(44.150070175933,56.431895659676,
    95.735638464185));
#190 = CARTESIAN_POINT('',(44.007091707732,56.543384188501,95.7119078558
    ));
#191 = CARTESIAN_POINT('',(43.862307154949,56.655575127508,95.7));
#192 = CARTESIAN_POINT('',(43.716900993526,56.767552946399,95.7));
#193 = PCURVE('',#49,#194);
#194 = DEFINITIONAL_REPRESENTATION('',(#195),#258);
#195 = B_SPLINE_CURVE_WITH_KNOTS('',7,(#196,#197,#198,#199,#200,#201,
    #202,#203,#204,#205,#206,#207,#208,#209,#210,#211,#212,#213,#214,
    #215,#216,#217,#218,#219,#220,#221,#222,#223,#224,#225,#226,#227,
    #228,#229,#230,#231,#232,#233,#234,#235,#236,#237,#238,#239,#240,
    #241,#242,#243,#244,#245,#246,#247,#248,#249,#250,#251,#252,#253,
    #254,#255,#256,#257),.UNSPECIFIED.,.T.,.F.,(1,7,6,6,6,6,6,6,6,6,6,7,
    1),(-5.1294216052E-02,0.,8.234479018881E-02,0.180750422299,
    0.344501989179,0.442272716605,0.53181861759,0.631500100893,
    0.750063700281,0.844378238564,0.948705783948,1.,1.082344790189),
  .UNSPECIFIED.);
#196 = CARTESIAN_POINT('',(0.914552528045,4.7));
#197 = CARTESIAN_POINT('',(0.918680665193,4.7));
#198 = CARTESIAN_POINT('',(0.922767325546,4.730929446476));
#199 = CARTESIAN_POINT('',(0.926743175744,4.791670278891));
#200 = CARTESIAN_POINT('',(0.93054262725,4.879822721446));
#201 = CARTESIAN_POINT('',(0.934108253497,4.991785869792));
#202 = CARTESIAN_POINT('',(0.937394518901,5.122822397207));
#203 = CARTESIAN_POINT('',(0.943927629568,5.439534256658));
#204 = CARTESIAN_POINT('',(0.947086907851,5.633069793387));
#205 = CARTESIAN_POINT('',(0.949856306681,5.842526798179));
#206 = CARTESIAN_POINT('',(0.952249679503,6.063974564622));
#207 = CARTESIAN_POINT('',(0.954282762678,6.294405312277));
#208 = CARTESIAN_POINT('',(0.955970157995,6.531502911976));
#209 = CARTESIAN_POINT('',(0.959575833505,7.17623147497));
#210 = CARTESIAN_POINT('',(0.960903082096,7.592507097124));
#211 = CARTESIAN_POINT('',(0.961361254362,8.014533341083));
#212 = CARTESIAN_POINT('',(0.96097058641,8.437298882733));
#213 = CARTESIAN_POINT('',(0.959719721496,8.855662466196));
#214 = CARTESIAN_POINT('',(0.957567618365,9.263386717797));
#215 = CARTESIAN_POINT('',(0.952588310865,9.880834199352));
#216 = CARTESIAN_POINT('',(0.950376953612,10.104834454175));
#217 = CARTESIAN_POINT('',(0.947801841216,10.319251324251));
#218 = CARTESIAN_POINT('',(0.944850561926,10.520714458533));
#219 = CARTESIAN_POINT('',(0.941514013067,10.705139985815));
#220 = CARTESIAN_POINT('',(0.937789525509,10.867555055086));
#221 = CARTESIAN_POINT('',(0.929928745551,11.124724157674));
#222 = CARTESIAN_POINT('',(0.92582343347,11.225003373423));
#223 = CARTESIAN_POINT('',(0.921457120527,11.294300061072));
#224 = CARTESIAN_POINT('',(0.916939569975,11.327454624576));
#225 = CARTESIAN_POINT('',(0.912393255845,11.322515975178));
#226 = CARTESIAN_POINT('',(0.907941301952,11.280802372675));
#227 = CARTESIAN_POINT('',(0.898965767451,11.124797914838));
#228 = CARTESIAN_POINT('',(0.894556025494,11.003954363811));
#229 = CARTESIAN_POINT('',(0.890511391918,10.851226544778));
#230 = CARTESIAN_POINT('',(0.886859606718,10.672811668176));
#231 = CARTESIAN_POINT('',(0.883614595816,10.474516331434));
#232 = CARTESIAN_POINT('',(0.880778341899,10.261828716989));
#233 = CARTESIAN_POINT('',(0.875442387151,9.775986523872));
#234 = CARTESIAN_POINT('',(0.87307790989,9.496251467855));
#235 = CARTESIAN_POINT('',(0.871220528385,9.205990926251));
#236 = CARTESIAN_POINT('',(0.869845665261,8.908837242425));
#237 = CARTESIAN_POINT('',(0.868935008498,8.607424845631));
#238 = CARTESIAN_POINT('',(0.868479006588,8.303842184388));
#239 = CARTESIAN_POINT('',(0.868479006588,7.758300730752));
#240 = CARTESIAN_POINT('',(0.868767565696,7.516681853705));
#241 = CARTESIAN_POINT('',(0.869344317888,7.27617168033));
#242 = CARTESIAN_POINT('',(0.870212940139,7.037834005504));
#243 = CARTESIAN_POINT('',(0.871380574922,6.802908370573));
#244 = CARTESIAN_POINT('',(0.872857239124,6.572954369769));
#245 = CARTESIAN_POINT('',(0.876644084143,6.103375433372));
#246 = CARTESIAN_POINT('',(0.879034311481,5.864299371798));
#247 = CARTESIAN_POINT('',(0.881843061656,5.636315257302));
#248 = CARTESIAN_POINT('',(0.88508435784,5.423741444233));
#249 = CARTESIAN_POINT('',(0.888766854845,5.231775967586));
#250 = CARTESIAN_POINT('',(0.892889628038,5.066717610038));
#251 = CARTESIAN_POINT('',(0.899668236902,4.87230622521));
#252 = CARTESIAN_POINT('',(0.902002269645,4.816683142508));
#253 = CARTESIAN_POINT('',(0.904420274612,4.770796271769));
#254 = CARTESIAN_POINT('',(0.906904278147,4.735638464185));
#255 = CARTESIAN_POINT('',(0.909434725324,4.7119078558));
#256 = CARTESIAN_POINT('',(0.911991097195,4.7));
#257 = CARTESIAN_POINT('',(0.914552528045,4.7));
#258 = ( GEOMETRIC_REPRESENTATION_CONTEXT(2) 
PARAMETRIC_REPRESENTATION_CONTEXT() REPRESENTATION_CONTEXT('2D SPACE',''
  ) );
#259 = PCURVE('',#260,#265);
#260 = CYLINDRICAL_SURFACE('',#261,3.3);
#261 = AXIS2_PLACEMENT_3D('',#262,#263,#264);
#262 = CARTESIAN_POINT('',(40.7882042068,52.964562658294,99.));
#263 = DIRECTION('',(0.610145163901,0.792289643355,2.220446049251E-16));
#264 = DIRECTION('',(1.354794418654E-16,1.75923640845E-16,-1.));
#265 = DEFINITIONAL_REPRESENTATION('',(#266),#329);
#266 = B_SPLINE_CURVE_WITH_KNOTS('',7,(#267,#268,#269,#270,#271,#272,
    #273,#274,#275,#276,#277,#278,#279,#280,#281,#282,#283,#284,#285,
    #286,#287,#288,#289,#290,#291,#292,#293,#294,#295,#296,#297,#298,
    #299,#300,#301,#302,#303,#304,#305,#306,#307,#308,#309,#310,#311,
    #312,#313,#314,#315,#316,#317,#318,#319,#320,#321,#322,#323,#324,
    #325,#326,#327,#328),.UNSPECIFIED.,.F.,.F.,(8,6,6,6,6,6,6,6,6,6,8),(
    0.,8.234479018881E-02,0.180750422299,0.344501989179,0.442272716605,
    0.53181861759,0.631500100893,0.750063700281,0.844378238564,
    0.948705783948,1.),.UNSPECIFIED.);
#267 = CARTESIAN_POINT('',(0.,4.8));
#268 = CARTESIAN_POINT('',(8.963061413459E-02,4.8));
#269 = CARTESIAN_POINT('',(0.178360571643,4.798575818523));
#270 = CARTESIAN_POINT('',(0.265858767345,4.795777082255));
#271 = CARTESIAN_POINT('',(0.35176671587,4.791802532776));
#272 = CARTESIAN_POINT('',(0.435661356031,4.786964046281));
#273 = CARTESIAN_POINT('',(0.516993025909,4.781626137543));
#274 = CARTESIAN_POINT('',(0.688218697709,4.7695420055));
#275 = CARTESIAN_POINT('',(0.77787245182,4.76264098483));
#276 = CARTESIAN_POINT('',(0.86453645196,4.755830500249));
#277 = CARTESIAN_POINT('',(0.948673470426,4.749422187423));
#278 = CARTESIAN_POINT('',(1.030695303591,4.743636175337));
#279 = CARTESIAN_POINT('',(1.111001961924,4.738619427771));
#280 = CARTESIAN_POINT('',(1.321449010845,4.727573029152));
#281 = CARTESIAN_POINT('',(1.449255799109,4.723083276668));
#282 = CARTESIAN_POINT('',(1.575383288458,4.721458416783));
#283 = CARTESIAN_POINT('',(1.701378473457,4.722815512435));
#284 = CARTESIAN_POINT('',(1.828775469032,4.727108913009));
#285 = CARTESIAN_POINT('',(1.95911553721,4.734071241872));
#286 = CARTESIAN_POINT('',(2.175166124899,4.748301524272));
#287 = CARTESIAN_POINT('',(2.257940119422,4.7543318714));
#288 = CARTESIAN_POINT('',(2.343009040432,4.760916615169));
#289 = CARTESIAN_POINT('',(2.430674769242,4.767826673847));
#290 = CARTESIAN_POINT('',(2.521293982356,4.774747079134));
#291 = CARTESIAN_POINT('',(2.615277314406,4.781259836718));
#292 = CARTESIAN_POINT('',(2.802872920363,4.792035940546));
#293 = CARTESIAN_POINT('',(2.896567543066,4.79648293272));
#294 = CARTESIAN_POINT('',(2.992701600836,4.799717715653));
#295 = CARTESIAN_POINT('',(3.090107467053,4.801295019735));
#296 = CARTESIAN_POINT('',(3.187787397743,4.801036529921));
#297 = CARTESIAN_POINT('',(3.284702930691,4.799080420589));
#298 = CARTESIAN_POINT('',(3.485221642868,4.792097414473));
#299 = CARTESIAN_POINT('',(3.586889552269,4.786797999472));
#300 = CARTESIAN_POINT('',(3.685048107687,4.780367198357));
#301 = CARTESIAN_POINT('',(3.779948131445,4.773344667244));
#302 = CARTESIAN_POINT('',(3.871737644685,4.766212102299));
#303 = CARTESIAN_POINT('',(3.960444593102,4.7593511191));
#304 = CARTESIAN_POINT('',(4.147740983116,4.745509784748));
#305 = CARTESIAN_POINT('',(4.24608272661,4.738674413242));
#306 = CARTESIAN_POINT('',(4.341847981357,4.732918445715));
#307 = CARTESIAN_POINT('',(4.435708452715,4.728475237695));
#308 = CARTESIAN_POINT('',(4.5283209552,4.725470038957));
#309 = CARTESIAN_POINT('',(4.620315591176,4.723965238765));
#310 = CARTESIAN_POINT('',(4.785631183187,4.723965238765));
#311 = CARTESIAN_POINT('',(4.858849274966,4.724917501232));
#312 = CARTESIAN_POINT('',(4.932372047775,4.726820721021));
#313 = CARTESIAN_POINT('',(5.006519944933,4.729649722412));
#314 = CARTESIAN_POINT('',(5.081610087062,4.733352914716));
#315 = CARTESIAN_POINT('',(5.157973958769,4.737843080953));
#316 = CARTESIAN_POINT('',(5.322283974123,4.748665444107));
#317 = CARTESIAN_POINT('',(5.410954795095,4.755166017947));
#318 = CARTESIAN_POINT('',(5.502308644351,4.762292404201));
#319 = CARTESIAN_POINT('',(5.596671613898,4.769754028254));
#320 = CARTESIAN_POINT('',(5.694450388873,4.777145806315));
#321 = CARTESIAN_POINT('',(5.796121814715,4.783928345921));
#322 = CARTESIAN_POINT('',(5.954632689191,4.792242215495));
#323 = CARTESIAN_POINT('',(6.007939095914,4.794687937953));
#324 = CARTESIAN_POINT('',(6.06207617373,4.796751538259));
#325 = CARTESIAN_POINT('',(6.116845179537,4.798358289809));
#326 = CARTESIAN_POINT('',(6.172066988291,4.799451875635));
#327 = CARTESIAN_POINT('',(6.227571210078,4.8));
#328 = CARTESIAN_POINT('',(6.28318530718,4.8));
#329 = ( GEOMETRIC_REPRESENTATION_CONTEXT(2) 
PARAMETRIC_REPRESENTATION_CONTEXT() REPRESENTATION_CONTEXT('2D SPACE',''
  ) );
#330 = FACE_BOUND('',#331,.T.);
#331 = EDGE_LOOP('',(#332));
#332 = ORIENTED_EDGE('',*,*,#333,.F.);
#333 = EDGE_CURVE('',#334,#334,#336,.T.);
#334 = VERTEX_POINT('',#335);
#335 = CARTESIAN_POINT('',(-27.30369246549,66.243723308322,95.7));
#336 = SURFACE_CURVE('',#337,(#400,#466),.PCURVE_S1.);
#337 = B_SPLINE_CURVE_WITH_KNOTS('',7,(#338,#339,#340,#341,#342,#343,
    #344,#345,#346,#347,#348,#349,#350,#351,#352,#353,#354,#355,#356,
    #357,#358,#359,#360,#361,#362,#363,#364,#365,#366,#367,#368,#369,
    #370,#371,#372,#373,#374,#375,#376,#377,#378,#379,#380,#381,#382,
    #383,#384,#385,#386,#387,#388,#389,#390,#391,#392,#393,#394,#395,
    #396,#397,#398,#399),.UNSPECIFIED.,.T.,.F.,(1,7,6,6,6,6,6,6,6,6,6,7,
    1),(-5.1294216052E-02,0.,8.234479129862E-02,0.180750423855,
    0.344501991479,0.442272717767,0.531818617484,0.631500100834,
    0.750063700243,0.844378238544,0.948705783948,1.,1.082344791299),
  .UNSPECIFIED.);
#338 = CARTESIAN_POINT('',(-27.30369246549,66.243723308322,95.7));
#339 = CARTESIAN_POINT('',(-27.57715563801,66.131009922207,95.7));
#340 = CARTESIAN_POINT('',(-27.8473285243,66.018112282522,
    95.730929447453));
#341 = CARTESIAN_POINT('',(-28.10962953761,65.906972460061,
    95.791670277478));
#342 = CARTESIAN_POINT('',(-28.35978255092,65.79956790817,
    95.879822720978));
#343 = CARTESIAN_POINT('',(-28.59409950181,65.69775606556,
    95.991785871914));
#344 = CARTESIAN_POINT('',(-28.80970495632,65.603116364437,
    96.122822395917));
#345 = CARTESIAN_POINT('',(-29.23773339532,65.41362543152,
    96.439534256658));
#346 = CARTESIAN_POINT('',(-29.44429098192,65.321024311814,
    96.633069793387));
#347 = CARTESIAN_POINT('',(-29.62504468762,65.239156709243,
    96.842526798179));
#348 = CARTESIAN_POINT('',(-29.78103874873,65.167929289505,
    97.063974564622));
#349 = CARTESIAN_POINT('',(-29.91340694726,65.107112835513,
    97.294405312277));
#350 = CARTESIAN_POINT('',(-30.02317837944,65.056442142184,
    97.531502911976));
#351 = CARTESIAN_POINT('',(-30.2576038532,64.947871018105,98.17623147497
    ));
#352 = CARTESIAN_POINT('',(-30.34371764152,64.907521306083,
    98.592507097124));
#353 = CARTESIAN_POINT('',(-30.37341186,64.893524764617,99.014533341081)
  );
#354 = CARTESIAN_POINT('',(-30.34808023,64.905433559884,99.437298882734)
  );
#355 = CARTESIAN_POINT('',(-30.26694998617,64.943516826532,
    99.855662466195));
#356 = CARTESIAN_POINT('',(-30.12718323661,65.008655061435,
    100.26338671779));
#357 = CARTESIAN_POINT('',(-29.8030205997,65.157656901639,
    100.88083419561));
#358 = CARTESIAN_POINT('',(-29.65893593693,65.223566809706,
    101.10483446322));
#359 = CARTESIAN_POINT('',(-29.49096800381,65.299920332812,
    101.31925131657));
#360 = CARTESIAN_POINT('',(-29.29820013856,65.386847515145,
    101.52071445836));
#361 = CARTESIAN_POINT('',(-29.07990132366,65.484308986921,
    101.70513999004));
#362 = CARTESIAN_POINT('',(-28.83572928688,65.591993713932,
    101.86755505296));
#363 = CARTESIAN_POINT('',(-28.31920371985,65.816545752079,
    102.12472415931));
#364 = CARTESIAN_POINT('',(-28.04897618226,65.932735425249,
    102.22500337146));
#365 = CARTESIAN_POINT('',(-27.76097769678,66.05493861485,
    102.29430006053));
#366 = CARTESIAN_POINT('',(-27.46231492891,66.179744555632,
    102.32745462605));
#367 = CARTESIAN_POINT('',(-27.16104443198,66.303639708098,
    102.32251597566));
#368 = CARTESIAN_POINT('',(-26.86538735286,66.423385011178,
    102.28080237157));
#369 = CARTESIAN_POINT('',(-26.2681885689,66.661979684969,
    102.12479791485));
#370 = CARTESIAN_POINT('',(-25.97408737186,66.777467540585,
    102.00395436383));
#371 = CARTESIAN_POINT('',(-25.70376541515,66.881930579902,
    101.85122654475));
#372 = CARTESIAN_POINT('',(-25.45926506696,66.975110697991,
    101.67281166812));
#373 = CARTESIAN_POINT('',(-25.2416848882,67.057076109021,
    101.47451633142));
#374 = CARTESIAN_POINT('',(-25.05129290389,67.128129101009,
    101.26182871705));
#375 = CARTESIAN_POINT('',(-24.69277659411,67.260927908507,
    100.77598652387));
#376 = CARTESIAN_POINT('',(-24.53366625335,67.319115239342,
    100.49625146785));
#377 = CARTESIAN_POINT('',(-24.40854766506,67.364459677021,
    100.20599092625));
#378 = CARTESIAN_POINT('',(-24.31587106554,67.397852388163,
    99.908837242422));
#379 = CARTESIAN_POINT('',(-24.2544646043,67.419911846333,
    99.607424845633));
#380 = CARTESIAN_POINT('',(-24.22371595949,67.430957913362,
    99.303842184387));
#381 = CARTESIAN_POINT('',(-24.22371595949,67.430957913362,
    98.758300730752));
#382 = CARTESIAN_POINT('',(-24.24317378,67.423967956904,98.516681853704)
  );
#383 = CARTESIAN_POINT('',(-24.28206471966,67.409996813498,
    98.27617168033));
#384 = CARTESIAN_POINT('',(-24.34062406533,67.388920274532,
    98.037834005504));
#385 = CARTESIAN_POINT('',(-24.4193080298,67.360494501564,
    97.802908370573));
#386 = CARTESIAN_POINT('',(-24.51875102092,67.324363675624,
    97.572954369769));
#387 = CARTESIAN_POINT('',(-24.77353018833,67.23105687756,
    97.103375433372));
#388 = CARTESIAN_POINT('',(-24.93423110898,67.171851835863,96.8642993718
    ));
#389 = CARTESIAN_POINT('',(-25.12289318069,67.101798925504,96.6363152573
    ));
#390 = CARTESIAN_POINT('',(-25.34034356618,67.020242925649,
    96.423741444233));
#391 = CARTESIAN_POINT('',(-25.58701123137,66.926568885854,
    96.231775967587));
#392 = CARTESIAN_POINT('',(-25.86263637192,66.820300476424,
    96.066717610037));
#393 = CARTESIAN_POINT('',(-26.31477903826,66.642933097744,
    95.872306225222));
#394 = CARTESIAN_POINT('',(-26.47030998229,66.581473191096,
    95.816683142502));
#395 = CARTESIAN_POINT('',(-26.63126363898,66.517364895708,
    95.770796271759));
#396 = CARTESIAN_POINT('',(-26.796420137,66.451030181071,95.735638464186
    ));
#397 = CARTESIAN_POINT('',(-26.96446126928,66.382951459831,
    95.711907855807));
#398 = CARTESIAN_POINT('',(-27.13401374899,66.313659828524,95.7));
#399 = CARTESIAN_POINT('',(-27.30369246549,66.243723308322,95.7));
#400 = PCURVE('',#49,#401);
#401 = DEFINITIONAL_REPRESENTATION('',(#402),#465);
#402 = B_SPLINE_CURVE_WITH_KNOTS('',7,(#403,#404,#405,#406,#407,#408,
    #409,#410,#411,#412,#413,#414,#415,#416,#417,#418,#419,#420,#421,
    #422,#423,#424,#425,#426,#427,#428,#429,#430,#431,#432,#433,#434,
    #435,#436,#437,#438,#439,#440,#441,#442,#443,#444,#445,#446,#447,
    #448,#449,#450,#451,#452,#453,#454,#455,#456,#457,#458,#459,#460,
    #461,#462,#463,#464),.UNSPECIFIED.,.T.,.F.,(1,7,6,6,6,6,6,6,6,6,6,7,
    1),(-5.1294216052E-02,0.,8.234479129862E-02,0.180750423855,
    0.344501991479,0.442272717767,0.531818617484,0.631500100834,
    0.750063700243,0.844378238544,0.948705783948,1.,1.082344791299),
  .UNSPECIFIED.);
#403 = CARTESIAN_POINT('',(1.961750079242,4.7));
#404 = CARTESIAN_POINT('',(1.965878216352,4.7));
#405 = CARTESIAN_POINT('',(1.969964876823,4.730929447453));
#406 = CARTESIAN_POINT('',(1.973940726899,4.791670277478));
#407 = CARTESIAN_POINT('',(1.977740178396,4.879822720978));
#408 = CARTESIAN_POINT('',(1.981305804765,4.991785871914));
#409 = CARTESIAN_POINT('',(1.984592070071,5.122822395917));
#410 = CARTESIAN_POINT('',(1.991125180764,5.439534256658));
#411 = CARTESIAN_POINT('',(1.994284459048,5.633069793387));
#412 = CARTESIAN_POINT('',(1.997053857878,5.842526798179));
#413 = CARTESIAN_POINT('',(1.999447230699,6.063974564622));
#414 = CARTESIAN_POINT('',(2.001480313875,6.294405312277));
#415 = CARTESIAN_POINT('',(2.003167709191,6.531502911976));
#416 = CARTESIAN_POINT('',(2.006773384702,7.17623147497));
#417 = CARTESIAN_POINT('',(2.008100633293,7.592507097124));
#418 = CARTESIAN_POINT('',(2.008558805559,8.014533341081));
#419 = CARTESIAN_POINT('',(2.008168137607,8.437298882734));
#420 = CARTESIAN_POINT('',(2.006917272693,8.855662466195));
#421 = CARTESIAN_POINT('',(2.004765169561,9.263386717797));
#422 = CARTESIAN_POINT('',(1.999785862092,9.880834195618));
#423 = CARTESIAN_POINT('',(1.997574504752,10.104834463223));
#424 = CARTESIAN_POINT('',(1.9949993924,10.319251316574));
#425 = CARTESIAN_POINT('',(1.992048113261,10.520714458361));
#426 = CARTESIAN_POINT('',(1.988711564107,10.705139990042));
#427 = CARTESIAN_POINT('',(1.984987076771,10.86755505296));
#428 = CARTESIAN_POINT('',(1.977126296698,11.12472415931));
#429 = CARTESIAN_POINT('',(1.9730209848,11.225003371461));
#430 = CARTESIAN_POINT('',(1.968654671634,11.294300060537));
#431 = CARTESIAN_POINT('',(1.964137121091,11.327454626058));
#432 = CARTESIAN_POINT('',(1.959590807187,11.322515975667));
#433 = CARTESIAN_POINT('',(1.955138853085,11.280802371578));
#434 = CARTESIAN_POINT('',(1.946163318649,11.124797914856));
#435 = CARTESIAN_POINT('',(1.941753576691,11.003954363833));
#436 = CARTESIAN_POINT('',(1.937708943114,10.851226544757));
#437 = CARTESIAN_POINT('',(1.934057157914,10.672811668128));
#438 = CARTESIAN_POINT('',(1.930812147012,10.474516331425));
#439 = CARTESIAN_POINT('',(1.927975893096,10.261828717051));
#440 = CARTESIAN_POINT('',(1.922639938348,9.775986523873));
#441 = CARTESIAN_POINT('',(1.920275461087,9.496251467853));
#442 = CARTESIAN_POINT('',(1.918418079582,9.205990926255));
#443 = CARTESIAN_POINT('',(1.917043216458,8.908837242421));
#444 = CARTESIAN_POINT('',(1.916132559695,8.607424845633));
#445 = CARTESIAN_POINT('',(1.915676557785,8.303842184387));
#446 = CARTESIAN_POINT('',(1.915676557785,7.758300730752));
#447 = CARTESIAN_POINT('',(1.915965116892,7.516681853704));
#448 = CARTESIAN_POINT('',(1.916541869085,7.27617168033));
#449 = CARTESIAN_POINT('',(1.917410491335,7.037834005504));
#450 = CARTESIAN_POINT('',(1.918578126119,6.802908370573));
#451 = CARTESIAN_POINT('',(1.920054790321,6.572954369769));
#452 = CARTESIAN_POINT('',(1.923841635339,6.103375433372));
#453 = CARTESIAN_POINT('',(1.926231862678,5.8642993718));
#454 = CARTESIAN_POINT('',(1.929040612852,5.6363152573));
#455 = CARTESIAN_POINT('',(1.932281909037,5.423741444233));
#456 = CARTESIAN_POINT('',(1.935964406042,5.231775967587));
#457 = CARTESIAN_POINT('',(1.940087179234,5.066717610037));
#458 = CARTESIAN_POINT('',(1.946865788098,4.872306225222));
#459 = CARTESIAN_POINT('',(1.949199820842,4.816683142502));
#460 = CARTESIAN_POINT('',(1.951617825809,4.770796271759));
#461 = CARTESIAN_POINT('',(1.954101829344,4.735638464186));
#462 = CARTESIAN_POINT('',(1.95663227652,4.711907855807));
#463 = CARTESIAN_POINT('',(1.959188648392,4.7));
#464 = CARTESIAN_POINT('',(1.961750079242,4.7));
#465 = ( GEOMETRIC_REPRESENTATION_CONTEXT(2) 
PARAMETRIC_REPRESENTATION_CONTEXT() REPRESENTATION_CONTEXT('2D SPACE',''
  ) );
#466 = PCURVE('',#467,#472);
#467 = CYLINDRICAL_SURFACE('',#468,3.3);
#468 = AXIS2_PLACEMENT_3D('',#469,#470,#471);
#469 = CARTESIAN_POINT('',(-25.47455465901,61.805902346983,99.));
#470 = DIRECTION('',(-0.38107037635,0.924546033612,2.220446049251E-16));
#471 = DIRECTION('',(-8.461462116533E-17,2.052904587685E-16,-1.));
#472 = DEFINITIONAL_REPRESENTATION('',(#473),#536);
#473 = B_SPLINE_CURVE_WITH_KNOTS('',7,(#474,#475,#476,#477,#478,#479,
    #480,#481,#482,#483,#484,#485,#486,#487,#488,#489,#490,#491,#492,
    #493,#494,#495,#496,#497,#498,#499,#500,#501,#502,#503,#504,#505,
    #506,#507,#508,#509,#510,#511,#512,#513,#514,#515,#516,#517,#518,
    #519,#520,#521,#522,#523,#524,#525,#526,#527,#528,#529,#530,#531,
    #532,#533,#534,#535),.UNSPECIFIED.,.F.,.F.,(8,6,6,6,6,6,6,6,6,6,8),(
    0.,8.234479129862E-02,0.180750423855,0.344501991479,0.442272717767,
    0.531818617484,0.631500100834,0.750063700243,0.844378238544,
    0.948705783948,1.),.UNSPECIFIED.);
#474 = CARTESIAN_POINT('',(0.,4.8));
#475 = CARTESIAN_POINT('',(8.963061331938E-02,4.8));
#476 = CARTESIAN_POINT('',(0.178360573481,4.798575818484));
#477 = CARTESIAN_POINT('',(0.265858766315,4.795777082311));
#478 = CARTESIAN_POINT('',(0.351766714753,4.791802532795));
#479 = CARTESIAN_POINT('',(0.435661357763,4.786964046198));
#480 = CARTESIAN_POINT('',(0.516993025212,4.781626137593));
#481 = CARTESIAN_POINT('',(0.688218697709,4.7695420055));
#482 = CARTESIAN_POINT('',(0.77787245182,4.76264098483));
#483 = CARTESIAN_POINT('',(0.86453645196,4.755830500249));
#484 = CARTESIAN_POINT('',(0.948673470426,4.749422187423));
#485 = CARTESIAN_POINT('',(1.030695303591,4.743636175337));
#486 = CARTESIAN_POINT('',(1.111001961924,4.738619427771));
#487 = CARTESIAN_POINT('',(1.321449010845,4.727573029152));
#488 = CARTESIAN_POINT('',(1.44925579911,4.723083276668));
#489 = CARTESIAN_POINT('',(1.575383288457,4.721458416783));
#490 = CARTESIAN_POINT('',(1.701378473458,4.722815512435));
#491 = CARTESIAN_POINT('',(1.828775469032,4.727108913009));
#492 = CARTESIAN_POINT('',(1.95911553721,4.734071241872));
#493 = CARTESIAN_POINT('',(2.175166123592,4.748301524186));
#494 = CARTESIAN_POINT('',(2.257940122282,4.754331871599));
#495 = CARTESIAN_POINT('',(2.343009039034,4.760916615048));
#496 = CARTESIAN_POINT('',(2.430674766885,4.767826673727));
#497 = CARTESIAN_POINT('',(2.521293985887,4.774747079337));
#498 = CARTESIAN_POINT('',(2.615277312855,4.781259836629));
#499 = CARTESIAN_POINT('',(2.802872921556,4.792035940614));
#500 = CARTESIAN_POINT('',(2.896567540004,4.796482932638));
#501 = CARTESIAN_POINT('',(2.992701602854,4.799717715628));
#502 = CARTESIAN_POINT('',(3.090107468901,4.801295019797));
#503 = CARTESIAN_POINT('',(3.187787394471,4.801036529946));
#504 = CARTESIAN_POINT('',(3.2847029321,4.79908042054));
#505 = CARTESIAN_POINT('',(3.485221642844,4.792097414474));
#506 = CARTESIAN_POINT('',(3.586889552265,4.786797999472));
#507 = CARTESIAN_POINT('',(3.685048107704,4.780367198356));
#508 = CARTESIAN_POINT('',(3.779948131465,4.773344667242));
#509 = CARTESIAN_POINT('',(3.871737644685,4.766212102299));
#510 = CARTESIAN_POINT('',(3.960444593078,4.759351119102));
#511 = CARTESIAN_POINT('',(4.147740983116,4.745509784748));
#512 = CARTESIAN_POINT('',(4.24608272661,4.738674413242));
#513 = CARTESIAN_POINT('',(4.341847981356,4.732918445715));
#514 = CARTESIAN_POINT('',(4.435708452716,4.728475237696));
#515 = CARTESIAN_POINT('',(4.5283209552,4.725470038957));
#516 = CARTESIAN_POINT('',(4.620315591176,4.723965238765));
#517 = CARTESIAN_POINT('',(4.785631183187,4.723965238765));
#518 = CARTESIAN_POINT('',(4.858849274966,4.724917501232));
#519 = CARTESIAN_POINT('',(4.932372047775,4.726820721021));
#520 = CARTESIAN_POINT('',(5.006519944933,4.729649722412));
#521 = CARTESIAN_POINT('',(5.081610087062,4.733352914716));
#522 = CARTESIAN_POINT('',(5.157973958769,4.737843080953));
#523 = CARTESIAN_POINT('',(5.322283974123,4.748665444107));
#524 = CARTESIAN_POINT('',(5.410954795094,4.755166017947));
#525 = CARTESIAN_POINT('',(5.502308644351,4.762292404201));
#526 = CARTESIAN_POINT('',(5.596671613898,4.769754028254));
#527 = CARTESIAN_POINT('',(5.694450388873,4.777145806314));
#528 = CARTESIAN_POINT('',(5.796121814715,4.783928345921));
#529 = CARTESIAN_POINT('',(5.954632689181,4.792242215494));
#530 = CARTESIAN_POINT('',(6.007939095924,4.794687937954));
#531 = CARTESIAN_POINT('',(6.062076173739,4.796751538259));
#532 = CARTESIAN_POINT('',(6.116845179529,4.798358289809));
#533 = CARTESIAN_POINT('',(6.172066988281,4.799451875635));
#534 = CARTESIAN_POINT('',(6.227571210087,4.8));
#535 = CARTESIAN_POINT('',(6.28318530718,4.8));
#536 = ( GEOMETRIC_REPRESENTATION_CONTEXT(2) 
PARAMETRIC_REPRESENTATION_CONTEXT() REPRESENTATION_CONTEXT('2D SPACE',''
  ) );
#537 = FACE_BOUND('',#538,.T.);
#538 = EDGE_LOOP('',(#539));
#539 = ORIENTED_EDGE('',*,*,#540,.F.);
#540 = EDGE_CURVE('',#541,#541,#543,.T.);
#541 = VERTEX_POINT('',#542);
#542 = CARTESIAN_POINT('',(-71.02059345902,9.476170361923,95.7));
#543 = SURFACE_CURVE('',#544,(#607,#673),.PCURVE_S1.);
#544 = B_SPLINE_CURVE_WITH_KNOTS('',7,(#545,#546,#547,#548,#549,#550,
    #551,#552,#553,#554,#555,#556,#557,#558,#559,#560,#561,#562,#563,
    #564,#565,#566,#567,#568,#569,#570,#571,#572,#573,#574,#575,#576,
    #577,#578,#579,#580,#581,#582,#583,#584,#585,#586,#587,#588,#589,
    #590,#591,#592,#593,#594,#595,#596,#597,#598,#599,#600,#601,#602,
    #603,#604,#605,#606),.UNSPECIFIED.,.T.,.F.,(1,7,6,6,6,6,6,6,6,6,6,7,
    1),(-5.1294214626E-02,0.,8.234479485155E-02,0.180750431728,
    0.344502003277,0.442272732065,0.531818630559,0.631500111095,
    0.750063707202,0.844378242876,0.948705785374,1.,1.082344794852),
  .UNSPECIFIED.);
#545 = CARTESIAN_POINT('',(-71.02059345902,9.476170361923,95.7));
#546 = CARTESIAN_POINT('',(-71.05971238958,9.182987614278,95.7));
#547 = CARTESIAN_POINT('',(-71.09702660871,8.892562211658,
    95.730929447493));
#548 = CARTESIAN_POINT('',(-71.13192720572,8.609832959636,
    95.791670277463));
#549 = CARTESIAN_POINT('',(-71.16398864196,8.339491819325,
    95.879822720902));
#550 = CARTESIAN_POINT('',(-71.19297547532,8.085661465842,
    95.991785871887));
#551 = CARTESIAN_POINT('',(-71.2188178172,7.851621814352,96.122822396026
    ));
#552 = CARTESIAN_POINT('',(-71.268728075,7.38619284633,96.439534256658)
  );
#553 = CARTESIAN_POINT('',(-71.29181194621,7.161008169141,
    96.633069793387));
#554 = CARTESIAN_POINT('',(-71.31128937549,6.963537066891,
    96.842526798179));
#555 = CARTESIAN_POINT('',(-71.3276016511,6.792828537258,97.063974564622
    ));
#556 = CARTESIAN_POINT('',(-71.34111715624,6.647786087681,
    97.294405312277));
#557 = CARTESIAN_POINT('',(-71.35212076468,6.527385892144,
    97.531502911976));
#558 = CARTESIAN_POINT('',(-71.3753081497,6.270081917731,98.176231466946
    ));
#559 = CARTESIAN_POINT('',(-71.38342116902,6.175330324442,
    98.592507130273));
#560 = CARTESIAN_POINT('',(-71.38614691735,6.142616111454,
    99.014533277305));
#561 = CARTESIAN_POINT('',(-71.38379442035,6.170508356887,
    99.437298952046));
#562 = CARTESIAN_POINT('',(-71.3762103773,6.259810815794,99.855662425401
    ));
#563 = CARTESIAN_POINT('',(-71.36273836679,6.413421509518,
    100.26338672854));
#564 = CARTESIAN_POINT('',(-71.32969642806,6.768655498489,
    100.88083418957));
#565 = CARTESIAN_POINT('',(-71.31473375052,6.926391441263,101.1048344788
    ));
#566 = CARTESIAN_POINT('',(-71.29687387482,7.110032694206,101.319251303)
  );
#567 = CARTESIAN_POINT('',(-71.27577109285,7.320438135195,
    101.52071445788));
#568 = CARTESIAN_POINT('',(-71.25102579156,7.558221226894,
    101.70513999746));
#569 = CARTESIAN_POINT('',(-71.22219748544,7.823522750293,
    101.86755504947));
#570 = CARTESIAN_POINT('',(-71.15840247097,8.38312303614,102.12472415767
    ));
#571 = CARTESIAN_POINT('',(-71.12391190921,8.675241798079,
    102.22500337341));
#572 = CARTESIAN_POINT('',(-71.08574373515,8.985757381703,
    102.29430006107));
#573 = CARTESIAN_POINT('',(-71.04449746629,9.306809896948,
    102.32745462457));
#574 = CARTESIAN_POINT('',(-71.00115856517,9.629665392955,
    102.32251597517));
#575 = CARTESIAN_POINT('',(-70.95703250211,9.94558457102,102.28080237267
    ));
#576 = CARTESIAN_POINT('',(-70.86506215818,10.582071230517,
    102.12479791483));
#577 = CARTESIAN_POINT('',(-70.81802697646,10.894514266156,
    102.0039543638));
#578 = CARTESIAN_POINT('',(-70.77333364393,11.180851467431,
    101.85122654478));
#579 = CARTESIAN_POINT('',(-70.73177981922,11.439185039262,
    101.67281166819));
#580 = CARTESIAN_POINT('',(-70.69397385802,11.668597707016,
    101.47451633143));
#581 = CARTESIAN_POINT('',(-70.66031156193,11.86900849815,
    101.26182871696));
#582 = CARTESIAN_POINT('',(-70.59606054794,12.245892133773,
    100.77598652387));
#583 = CARTESIAN_POINT('',(-70.56689708423,12.412779396297,
    100.49625146785));
#584 = CARTESIAN_POINT('',(-70.54360722504,12.543807491083,
    100.20599092625));
#585 = CARTESIAN_POINT('',(-70.52618786143,12.640764136173,
    99.908837242423));
#586 = CARTESIAN_POINT('',(-70.51458868198,12.704973420646,
    99.607424845632));
#587 = CARTESIAN_POINT('',(-70.50878053423,12.737125561698,
    99.303842184388));
#588 = CARTESIAN_POINT('',(-70.50878053423,12.737125561698,
    98.758300730752));
#589 = CARTESIAN_POINT('',(-70.51245596463,12.716779616604,
    98.516681853704));
#590 = CARTESIAN_POINT('',(-70.51980206934,12.676113503186,
    98.27617168033));
#591 = CARTESIAN_POINT('',(-70.53082892401,12.614861352722,
    98.037834005504));
#592 = CARTESIAN_POINT('',(-70.54555346473,12.532506154133,
    97.802908370573));
#593 = CARTESIAN_POINT('',(-70.56398474717,12.428320584628,
    97.572954369769));
#594 = CARTESIAN_POINT('',(-70.61056827341,12.16102195426,
    97.103375433372));
#595 = CARTESIAN_POINT('',(-70.63964566359,11.992248353718,96.8642993718
    ));
#596 = CARTESIAN_POINT('',(-70.67330909947,11.793835751706,96.6363152573
    ));
#597 = CARTESIAN_POINT('',(-70.7114047245,11.564740193881,
    96.423741444233));
#598 = CARTESIAN_POINT('',(-70.75361445896,11.304282709642,
    96.231775967587));
#599 = CARTESIAN_POINT('',(-70.79939588705,11.012450131285,
    96.066717610037));
#600 = CARTESIAN_POINT('',(-70.87186256448,10.532199406756,
    95.872306225219));
#601 = CARTESIAN_POINT('',(-70.89640219602,10.36677570484,
    95.816683142504));
#602 = CARTESIAN_POINT('',(-70.92135961197,10.195331601623,
    95.770796271762));
#603 = CARTESIAN_POINT('',(-70.94649031295,10.019134521404,
    95.735638464185));
#604 = CARTESIAN_POINT('',(-70.97155297704,9.839567271342,
    95.711907855806));
#605 = CARTESIAN_POINT('',(-70.99632090391,9.658084701006,95.7));
#606 = CARTESIAN_POINT('',(-71.02059345902,9.476170361923,95.7));
#607 = PCURVE('',#49,#608);
#608 = DEFINITIONAL_REPRESENTATION('',(#609),#672);
#609 = B_SPLINE_CURVE_WITH_KNOTS('',7,(#610,#611,#612,#613,#614,#615,
    #616,#617,#618,#619,#620,#621,#622,#623,#624,#625,#626,#627,#628,
    #629,#630,#631,#632,#633,#634,#635,#636,#637,#638,#639,#640,#641,
    #642,#643,#644,#645,#646,#647,#648,#649,#650,#651,#652,#653,#654,
    #655,#656,#657,#658,#659,#660,#661,#662,#663,#664,#665,#666,#667,
    #668,#669,#670,#671),.UNSPECIFIED.,.T.,.F.,(1,7,6,6,6,6,6,6,6,6,6,7,
    1),(-5.1294214626E-02,0.,8.234479485155E-02,0.180750431728,
    0.344502003277,0.442272732065,0.531818630559,0.631500111095,
    0.750063707202,0.844378242876,0.948705785374,1.,1.082344794852),
  .UNSPECIFIED.);
#610 = CARTESIAN_POINT('',(3.008947630438,4.7));
#611 = CARTESIAN_POINT('',(3.013075767551,4.7));
#612 = CARTESIAN_POINT('',(3.01716242802,4.730929447493));
#613 = CARTESIAN_POINT('',(3.021138278093,4.791670277463));
#614 = CARTESIAN_POINT('',(3.024937729591,4.879822720902));
#615 = CARTESIAN_POINT('',(3.028503355962,4.991785871887));
#616 = CARTESIAN_POINT('',(3.03178962127,5.122822396026));
#617 = CARTESIAN_POINT('',(3.038322731961,5.439534256658));
#618 = CARTESIAN_POINT('',(3.041482010244,5.633069793387));
#619 = CARTESIAN_POINT('',(3.044251409074,5.842526798179));
#620 = CARTESIAN_POINT('',(3.046644781896,6.063974564622));
#621 = CARTESIAN_POINT('',(3.048677865072,6.294405312277));
#622 = CARTESIAN_POINT('',(3.050365260388,6.531502911976));
#623 = CARTESIAN_POINT('',(3.053970935853,7.176231466946));
#624 = CARTESIAN_POINT('',(3.055298184571,7.592507130273));
#625 = CARTESIAN_POINT('',(3.055756356762,8.014533277305));
#626 = CARTESIAN_POINT('',(3.055365688632,8.437298952046));
#627 = CARTESIAN_POINT('',(3.054114824091,8.855662425401));
#628 = CARTESIAN_POINT('',(3.051962720671,9.26338672854));
#629 = CARTESIAN_POINT('',(3.046983413337,9.880834189572));
#630 = CARTESIAN_POINT('',(3.04477205585,10.104834478807));
#631 = CARTESIAN_POINT('',(3.042196943578,10.319251303002));
#632 = CARTESIAN_POINT('',(3.0392456647,10.520714457888));
#633 = CARTESIAN_POINT('',(3.035909115033,10.70513999746));
#634 = CARTESIAN_POINT('',(3.032184628074,10.867555049478));
#635 = CARTESIAN_POINT('',(3.024323847944,11.124724157677));
#636 = CARTESIAN_POINT('',(3.020218535864,11.225003373419));
#637 = CARTESIAN_POINT('',(3.015852222921,11.294300061073));
#638 = CARTESIAN_POINT('',(3.011334672368,11.327454624578));
#639 = CARTESIAN_POINT('',(3.006788358238,11.322515975176));
#640 = CARTESIAN_POINT('',(3.002336404345,11.280802372676));
#641 = CARTESIAN_POINT('',(2.993360869844,11.124797914831));
#642 = CARTESIAN_POINT('',(2.988951127887,11.003954363803));
#643 = CARTESIAN_POINT('',(2.984906494312,10.851226544786));
#644 = CARTESIAN_POINT('',(2.981254709112,10.672811668191));
#645 = CARTESIAN_POINT('',(2.978009698209,10.474516331438));
#646 = CARTESIAN_POINT('',(2.975173444292,10.261828716967));
#647 = CARTESIAN_POINT('',(2.969837489544,9.775986523873));
#648 = CARTESIAN_POINT('',(2.967473012283,9.496251467853));
#649 = CARTESIAN_POINT('',(2.965615630778,9.205990926253));
#650 = CARTESIAN_POINT('',(2.964240767654,8.908837242423));
#651 = CARTESIAN_POINT('',(2.963330110891,8.607424845632));
#652 = CARTESIAN_POINT('',(2.962874108982,8.303842184388));
#653 = CARTESIAN_POINT('',(2.962874108982,7.758300730752));
#654 = CARTESIAN_POINT('',(2.963162668089,7.516681853704));
#655 = CARTESIAN_POINT('',(2.963739420281,7.27617168033));
#656 = CARTESIAN_POINT('',(2.964608042532,7.037834005504));
#657 = CARTESIAN_POINT('',(2.965775677315,6.802908370573));
#658 = CARTESIAN_POINT('',(2.967252341518,6.572954369769));
#659 = CARTESIAN_POINT('',(2.971039186536,6.103375433372));
#660 = CARTESIAN_POINT('',(2.973429413874,5.8642993718));
#661 = CARTESIAN_POINT('',(2.976238164049,5.6363152573));
#662 = CARTESIAN_POINT('',(2.979479460233,5.423741444233));
#663 = CARTESIAN_POINT('',(2.983161957238,5.231775967587));
#664 = CARTESIAN_POINT('',(2.987284730431,5.066717610037));
#665 = CARTESIAN_POINT('',(2.994063339294,4.872306225219));
#666 = CARTESIAN_POINT('',(2.996397372039,4.816683142504));
#667 = CARTESIAN_POINT('',(2.998815377006,4.770796271762));
#668 = CARTESIAN_POINT('',(3.00129938054,4.735638464185));
#669 = CARTESIAN_POINT('',(3.003829827717,4.711907855806));
#670 = CARTESIAN_POINT('',(3.006386199588,4.7));
#671 = CARTESIAN_POINT('',(3.008947630438,4.7));
#672 = ( GEOMETRIC_REPRESENTATION_CONTEXT(2) 
PARAMETRIC_REPRESENTATION_CONTEXT() REPRESENTATION_CONTEXT('2D SPACE',''
  ) );
#673 = PCURVE('',#674,#679);
#674 = CYLINDRICAL_SURFACE('',#675,3.3);
#675 = AXIS2_PLACEMENT_3D('',#676,#677,#678);
#676 = CARTESIAN_POINT('',(-66.26275886581,8.841339688689,99.));
#677 = DIRECTION('',(-0.991215540252,0.132256390257,2.220446049249E-16)
  );
#678 = DIRECTION('',(-2.200940630306E-16,2.936681792343E-17,-1.));
#679 = DEFINITIONAL_REPRESENTATION('',(#680),#743);
#680 = B_SPLINE_CURVE_WITH_KNOTS('',7,(#681,#682,#683,#684,#685,#686,
    #687,#688,#689,#690,#691,#692,#693,#694,#695,#696,#697,#698,#699,
    #700,#701,#702,#703,#704,#705,#706,#707,#708,#709,#710,#711,#712,
    #713,#714,#715,#716,#717,#718,#719,#720,#721,#722,#723,#724,#725,
    #726,#727,#728,#729,#730,#731,#732,#733,#734,#735,#736,#737,#738,
    #739,#740,#741,#742),.UNSPECIFIED.,.F.,.F.,(8,6,6,6,6,6,6,6,6,6,8),(
    0.,8.234479485155E-02,0.180750431728,0.344502003277,0.442272732065,
    0.531818630559,0.631500111095,0.750063707202,0.844378242876,
    0.948705785374,1.),.UNSPECIFIED.);
#681 = CARTESIAN_POINT('',(0.,4.8));
#682 = CARTESIAN_POINT('',(8.963061337738E-02,4.8));
#683 = CARTESIAN_POINT('',(0.178360573488,4.798575818482));
#684 = CARTESIAN_POINT('',(0.265858766272,4.795777082312));
#685 = CARTESIAN_POINT('',(0.351766714706,4.791802532798));
#686 = CARTESIAN_POINT('',(0.435661357764,4.786964046199));
#687 = CARTESIAN_POINT('',(0.51699302527,4.781626137588));
#688 = CARTESIAN_POINT('',(0.688218697709,4.7695420055));
#689 = CARTESIAN_POINT('',(0.777872451821,4.76264098483));
#690 = CARTESIAN_POINT('',(0.86453645196,4.755830500249));
#691 = CARTESIAN_POINT('',(0.948673470426,4.749422187423));
#692 = CARTESIAN_POINT('',(1.030695303591,4.743636175337));
#693 = CARTESIAN_POINT('',(1.111001961924,4.738619427771));
#694 = CARTESIAN_POINT('',(1.321449008226,4.72757302929));
#695 = CARTESIAN_POINT('',(1.449255809936,4.723083276411));
#696 = CARTESIAN_POINT('',(1.575383267504,4.721458416793));
#697 = CARTESIAN_POINT('',(1.70137849649,4.722815512911));
#698 = CARTESIAN_POINT('',(1.828775455208,4.727108912435));
#699 = CARTESIAN_POINT('',(1.959115540969,4.73407124212));
#700 = CARTESIAN_POINT('',(2.175166121477,4.748301524046));
#701 = CARTESIAN_POINT('',(2.257940127221,4.754331871947));
#702 = CARTESIAN_POINT('',(2.343009036504,4.760916614829));
#703 = CARTESIAN_POINT('',(2.430674762718,4.767826673512));
#704 = CARTESIAN_POINT('',(2.521293992001,4.774747079693));
#705 = CARTESIAN_POINT('',(2.615277310316,4.781259836483));
#706 = CARTESIAN_POINT('',(2.802872920364,4.792035940546));
#707 = CARTESIAN_POINT('',(2.896567543064,4.796482932719));
#708 = CARTESIAN_POINT('',(2.992701600835,4.799717715653));
#709 = CARTESIAN_POINT('',(3.090107467054,4.801295019735));
#710 = CARTESIAN_POINT('',(3.187787397745,4.801036529921));
#711 = CARTESIAN_POINT('',(3.284702930689,4.79908042059));
#712 = CARTESIAN_POINT('',(3.485221642876,4.792097414473));
#713 = CARTESIAN_POINT('',(3.586889552271,4.786797999471));
#714 = CARTESIAN_POINT('',(3.68504810768,4.780367198358));
#715 = CARTESIAN_POINT('',(3.779948131438,4.773344667244));
#716 = CARTESIAN_POINT('',(3.871737644685,4.766212102299));
#717 = CARTESIAN_POINT('',(3.96044459311,4.759351119099));
#718 = CARTESIAN_POINT('',(4.147740983116,4.745509784748));
#719 = CARTESIAN_POINT('',(4.24608272661,4.738674413242));
#720 = CARTESIAN_POINT('',(4.341847981357,4.732918445715));
#721 = CARTESIAN_POINT('',(4.435708452715,4.728475237696));
#722 = CARTESIAN_POINT('',(4.5283209552,4.725470038957));
#723 = CARTESIAN_POINT('',(4.620315591176,4.723965238765));
#724 = CARTESIAN_POINT('',(4.785631183187,4.723965238765));
#725 = CARTESIAN_POINT('',(4.858849274966,4.724917501232));
#726 = CARTESIAN_POINT('',(4.932372047774,4.726820721021));
#727 = CARTESIAN_POINT('',(5.006519944933,4.729649722412));
#728 = CARTESIAN_POINT('',(5.081610087062,4.733352914716));
#729 = CARTESIAN_POINT('',(5.157973958769,4.737843080953));
#730 = CARTESIAN_POINT('',(5.322283974123,4.748665444107));
#731 = CARTESIAN_POINT('',(5.410954795094,4.755166017947));
#732 = CARTESIAN_POINT('',(5.502308644351,4.762292404201));
#733 = CARTESIAN_POINT('',(5.596671613898,4.769754028254));
#734 = CARTESIAN_POINT('',(5.694450388873,4.777145806314));
#735 = CARTESIAN_POINT('',(5.796121814715,4.783928345921));
#736 = CARTESIAN_POINT('',(5.954632689184,4.792242215494));
#737 = CARTESIAN_POINT('',(6.007939095922,4.794687937954));
#738 = CARTESIAN_POINT('',(6.062076173737,4.796751538259));
#739 = CARTESIAN_POINT('',(6.116845179531,4.798358289809));
#740 = CARTESIAN_POINT('',(6.172066988284,4.799451875635));
#741 = CARTESIAN_POINT('',(6.227571210084,4.8));
#742 = CARTESIAN_POINT('',(6.28318530718,4.8));
#743 = ( GEOMETRIC_REPRESENTATION_CONTEXT(2) 
PARAMETRIC_REPRESENTATION_CONTEXT() REPRESENTATION_CONTEXT('2D SPACE',''
  ) );
#744 = FACE_BOUND('',#745,.T.);
#745 = EDGE_LOOP('',(#746));
#746 = ORIENTED_EDGE('',*,*,#747,.F.);
#747 = EDGE_CURVE('',#748,#748,#750,.T.);
#748 = VERTEX_POINT('',#749);
#749 = CARTESIAN_POINT('',(-43.71690099352,-56.76755294639,95.7));
#750 = SURFACE_CURVE('',#751,(#814,#880),.PCURVE_S1.);
#751 = B_SPLINE_CURVE_WITH_KNOTS('',7,(#752,#753,#754,#755,#756,#757,
    #758,#759,#760,#761,#762,#763,#764,#765,#766,#767,#768,#769,#770,
    #771,#772,#773,#774,#775,#776,#777,#778,#779,#780,#781,#782,#783,
    #784,#785,#786,#787,#788,#789,#790,#791,#792,#793,#794,#795,#796,
    #797,#798,#799,#800,#801,#802,#803,#804,#805,#806,#807,#808,#809,
    #810,#811,#812,#813),.UNSPECIFIED.,.T.,.F.,(1,7,6,6,6,6,6,6,6,6,6,7,
    1),(-5.1294210817E-02,0.,8.234479280871E-02,0.1807504272,
    0.344501997876,0.44227272752,0.531818630434,0.631500113689,
    0.750063710251,0.844378246285,0.948705789183,1.,1.082344792809),
  .UNSPECIFIED.);
#752 = CARTESIAN_POINT('',(-43.71690099352,-56.76755294639,95.7));
#753 = CARTESIAN_POINT('',(-43.48255675148,-56.94802230778,95.7));
#754 = CARTESIAN_POINT('',(-43.24969808439,-57.12555007084,
    95.730929447469));
#755 = CARTESIAN_POINT('',(-43.02229766817,-57.29713950053,
    95.791670277472));
#756 = CARTESIAN_POINT('',(-42.80420609109,-57.46007608895,
    95.879822720948));
#757 = CARTESIAN_POINT('',(-42.59887597349,-57.6120945997,
    95.991785871903));
#758 = CARTESIAN_POINT('',(-42.40911286081,-57.75149454996,
    96.122822395961));
#759 = CARTESIAN_POINT('',(-42.03099467967,-58.02743258519,
    96.439534256658));
#760 = CARTESIAN_POINT('',(-41.84752096429,-58.16001614267,
    96.633069793387));
#761 = CARTESIAN_POINT('',(-41.68624468786,-58.27561964235,
    96.842526798179));
#762 = CARTESIAN_POINT('',(-41.54656290237,-58.37510075224,
    97.063974564622));
#763 = CARTESIAN_POINT('',(-41.42771020898,-58.45932674783,
    97.294405312277));
#764 = CARTESIAN_POINT('',(-41.32894238524,-58.52905625004,
    97.531502911976));
#765 = CARTESIAN_POINT('',(-41.11770429679,-58.67778910357,
    98.176231474969));
#766 = CARTESIAN_POINT('',(-41.03970352698,-58.73219097586,
    98.592507097125));
#767 = CARTESIAN_POINT('',(-41.01273505727,-58.75090865268,
    99.014533341081));
#768 = CARTESIAN_POINT('',(-41.03571419149,-58.73492521521,
    99.437298882732));
#769 = CARTESIAN_POINT('',(-41.10926038979,-58.68370599636,
    99.855662466197));
#770 = CARTESIAN_POINT('',(-41.23555513075,-58.59523355809,
    100.26338671779));
#771 = CARTESIAN_POINT('',(-41.52667582974,-58.38900139846,
    100.88083419924));
#772 = CARTESIAN_POINT('',(-41.65579781083,-58.29717537776,
    101.10483445418));
#773 = CARTESIAN_POINT('',(-41.80590587081,-58.18988764051,
    101.31925132434));
#774 = CARTESIAN_POINT('',(-41.97757096018,-58.06640935674,
    101.52071445858));
#775 = CARTESIAN_POINT('',(-42.17112446109,-57.92608778598,
    101.70513998578));
#776 = CARTESIAN_POINT('',(-42.38646820133,-57.76847095336,
    101.86755505503));
#777 = CARTESIAN_POINT('',(-42.83919874766,-57.43342271463,
    102.12472415758));
#778 = CARTESIAN_POINT('',(-43.07493573589,-57.25749363074,
    102.22500337356));
#779 = CARTESIAN_POINT('',(-43.32476603251,-57.06918123059,
    102.29430006102));
#780 = CARTESIAN_POINT('',(-43.58218253195,-56.87293465654,
    102.3274546245));
#781 = CARTESIAN_POINT('',(-43.84011414265,-56.67397431923,
    102.32251597528));
#782 = CARTESIAN_POINT('',(-44.09164514522,-56.47780043834,
    102.28080237262));
#783 = CARTESIAN_POINT('',(-44.5968735833,-56.07990845927,102.1247979167
    ));
#784 = CARTESIAN_POINT('',(-44.84393961932,-55.88295326288,
    102.00395436064));
#785 = CARTESIAN_POINT('',(-45.06956821621,-55.70107912206,
    101.8512265418));
#786 = CARTESIAN_POINT('',(-45.27251475222,-55.53592565911,101.672811681
    ));
#787 = CARTESIAN_POINT('',(-45.45228897613,-55.38847839667,
    101.47451631817));
#788 = CARTESIAN_POINT('',(-45.60901865494,-55.25912060549,
    101.26182872217));
#789 = CARTESIAN_POINT('',(-45.90328395382,-55.01503577473,
    100.77598652387));
#790 = CARTESIAN_POINT('',(-46.03323083088,-54.90633584304,
    100.49625146785));
#791 = CARTESIAN_POINT('',(-46.13505955998,-54.82065218593,
    100.20599092625));
#792 = CARTESIAN_POINT('',(-46.21031679589,-54.75708825198,
    99.908837242423));
#793 = CARTESIAN_POINT('',(-46.26012407767,-54.71493842568,
    99.607424845632));
#794 = CARTESIAN_POINT('',(-46.28506457474,-54.69383235166,
    99.303842184388));
#795 = CARTESIAN_POINT('',(-46.28506457474,-54.69383235166,
    98.758300730752));
#796 = CARTESIAN_POINT('',(-46.26928218462,-54.7071883403,
    98.516681853705));
#797 = CARTESIAN_POINT('',(-46.23773734968,-54.73388331031,
    98.27617168033));
#798 = CARTESIAN_POINT('',(-46.19020485868,-54.77405892181,
    98.037834005504));
#799 = CARTESIAN_POINT('',(-46.12624543493,-54.82798834743,
    97.802908370573));
#800 = CARTESIAN_POINT('',(-46.04523372625,-54.89604309099,
    97.572954369769));
#801 = CARTESIAN_POINT('',(-45.83703808507,-55.0700349233,
    97.103375433372));
#802 = CARTESIAN_POINT('',(-45.70541455461,-55.17960348214,96.8642993718
    ));
#803 = CARTESIAN_POINT('',(-45.55041591877,-55.30796317379,96.6363152573
    ));
#804 = CARTESIAN_POINT('',(-45.37106115832,-55.45550273176,
    96.423741444233));
#805 = CARTESIAN_POINT('',(-45.16660322759,-55.62228617621,
    96.231775967587));
#806 = CARTESIAN_POINT('',(-44.93675951513,-55.80785034513,
    96.066717610037));
#807 = CARTESIAN_POINT('',(-44.55708353598,-56.11073368319,
    95.872306230222));
#808 = CARTESIAN_POINT('',(-44.42609220334,-56.21469749438,
    95.816683140314));
#809 = CARTESIAN_POINT('',(-44.29009596472,-56.32203330067,
    95.770796267885));
#810 = CARTESIAN_POINT('',(-44.15007018406,-56.4318956534,
    95.735638464376));
#811 = CARTESIAN_POINT('',(-44.00709171832,-56.54338418018,
    95.711907858727));
#812 = CARTESIAN_POINT('',(-43.86230714562,-56.65557513468,95.7));
#813 = CARTESIAN_POINT('',(-43.71690099352,-56.76755294639,95.7));
#814 = PCURVE('',#49,#815);
#815 = DEFINITIONAL_REPRESENTATION('',(#816),#879);
#816 = B_SPLINE_CURVE_WITH_KNOTS('',7,(#817,#818,#819,#820,#821,#822,
    #823,#824,#825,#826,#827,#828,#829,#830,#831,#832,#833,#834,#835,
    #836,#837,#838,#839,#840,#841,#842,#843,#844,#845,#846,#847,#848,
    #849,#850,#851,#852,#853,#854,#855,#856,#857,#858,#859,#860,#861,
    #862,#863,#864,#865,#866,#867,#868,#869,#870,#871,#872,#873,#874,
    #875,#876,#877,#878),.UNSPECIFIED.,.T.,.F.,(1,7,6,6,6,6,6,6,6,6,6,7,
    1),(-5.1294210817E-02,0.,8.234479280871E-02,0.1807504272,
    0.344501997876,0.44227272752,0.531818630434,0.631500113689,
    0.750063710251,0.844378246285,0.948705789183,1.,1.082344792809),
  .UNSPECIFIED.);
#817 = CARTESIAN_POINT('',(4.056145181635,4.7));
#818 = CARTESIAN_POINT('',(4.060273318746,4.7));
#819 = CARTESIAN_POINT('',(4.064359979217,4.730929447469));
#820 = CARTESIAN_POINT('',(4.068335829291,4.791670277472));
#821 = CARTESIAN_POINT('',(4.072135280789,4.879822720948));
#822 = CARTESIAN_POINT('',(4.075700907158,4.991785871903));
#823 = CARTESIAN_POINT('',(4.078987172465,5.122822395961));
#824 = CARTESIAN_POINT('',(4.085520283157,5.439534256658));
#825 = CARTESIAN_POINT('',(4.088679561441,5.633069793387));
#826 = CARTESIAN_POINT('',(4.091448960271,5.842526798179));
#827 = CARTESIAN_POINT('',(4.093842333093,6.063974564622));
#828 = CARTESIAN_POINT('',(4.095875416268,6.294405312277));
#829 = CARTESIAN_POINT('',(4.097562811584,6.531502911976));
#830 = CARTESIAN_POINT('',(4.101168487095,7.176231474969));
#831 = CARTESIAN_POINT('',(4.102495735686,7.592507097125));
#832 = CARTESIAN_POINT('',(4.102953907952,8.014533341082));
#833 = CARTESIAN_POINT('',(4.10256324,8.437298882732));
#834 = CARTESIAN_POINT('',(4.101312375086,8.855662466197));
#835 = CARTESIAN_POINT('',(4.099160271955,9.263386717796));
#836 = CARTESIAN_POINT('',(4.094180964456,9.88083419924));
#837 = CARTESIAN_POINT('',(4.091969607202,10.104834454185));
#838 = CARTESIAN_POINT('',(4.089394494805,10.31925132434));
#839 = CARTESIAN_POINT('',(4.086443215515,10.520714458584));
#840 = CARTESIAN_POINT('',(4.083106666657,10.70513998578));
#841 = CARTESIAN_POINT('',(4.079382179101,10.867555055033));
#842 = CARTESIAN_POINT('',(4.071521399144,11.124724157581));
#843 = CARTESIAN_POINT('',(4.067416087057,11.225003373568));
#844 = CARTESIAN_POINT('',(4.063049774115,11.294300061029));
#845 = CARTESIAN_POINT('',(4.058532223567,11.3274546245));
#846 = CARTESIAN_POINT('',(4.053985909438,11.322515975281));
#847 = CARTESIAN_POINT('',(4.049533955539,11.280802372622));
#848 = CARTESIAN_POINT('',(4.040558421148,11.124797916706));
#849 = CARTESIAN_POINT('',(4.036148678823,11.003954360649));
#850 = CARTESIAN_POINT('',(4.032104045728,10.8512265418));
#851 = CARTESIAN_POINT('',(4.028452260312,10.672811681));
#852 = CARTESIAN_POINT('',(4.02520724929,10.474516318171));
#853 = CARTESIAN_POINT('',(4.022370995546,10.261828722172));
#854 = CARTESIAN_POINT('',(4.017035040741,9.775986523872));
#855 = CARTESIAN_POINT('',(4.01467056348,9.496251467854));
#856 = CARTESIAN_POINT('',(4.012813181975,9.205990926253));
#857 = CARTESIAN_POINT('',(4.011438318851,8.908837242424));
#858 = CARTESIAN_POINT('',(4.010527662088,8.607424845632));
#859 = CARTESIAN_POINT('',(4.010071660178,8.303842184388));
#860 = CARTESIAN_POINT('',(4.010071660178,7.758300730752));
#861 = CARTESIAN_POINT('',(4.010360219286,7.516681853705));
#862 = CARTESIAN_POINT('',(4.010936971478,7.27617168033));
#863 = CARTESIAN_POINT('',(4.011805593729,7.037834005504));
#864 = CARTESIAN_POINT('',(4.012973228512,6.802908370573));
#865 = CARTESIAN_POINT('',(4.014449892714,6.572954369769));
#866 = CARTESIAN_POINT('',(4.018236737732,6.103375433372));
#867 = CARTESIAN_POINT('',(4.020626965071,5.8642993718));
#868 = CARTESIAN_POINT('',(4.023435715246,5.6363152573));
#869 = CARTESIAN_POINT('',(4.02667701143,5.423741444233));
#870 = CARTESIAN_POINT('',(4.030359508435,5.231775967587));
#871 = CARTESIAN_POINT('',(4.034482281627,5.066717610037));
#872 = CARTESIAN_POINT('',(4.041260890317,4.872306230222));
#873 = CARTESIAN_POINT('',(4.04359492342,4.816683140314));
#874 = CARTESIAN_POINT('',(4.04601292835,4.770796267885));
#875 = CARTESIAN_POINT('',(4.048496931594,4.735638464376));
#876 = CARTESIAN_POINT('',(4.051027378726,4.711907858727));
#877 = CARTESIAN_POINT('',(4.053583750949,4.7));
#878 = CARTESIAN_POINT('',(4.056145181635,4.7));
#879 = ( GEOMETRIC_REPRESENTATION_CONTEXT(2) 
PARAMETRIC_REPRESENTATION_CONTEXT() REPRESENTATION_CONTEXT('2D SPACE',''
  ) );
#880 = PCURVE('',#881,#886);
#881 = CYLINDRICAL_SURFACE('',#882,3.3);
#882 = AXIS2_PLACEMENT_3D('',#883,#884,#885);
#883 = CARTESIAN_POINT('',(-40.7882042068,-52.96456265829,99.));
#884 = DIRECTION('',(-0.610145163901,-0.792289643355,2.220446049251E-16)
  );
#885 = DIRECTION('',(-1.354794418654E-16,-1.75923640845E-16,-1.));
#886 = DEFINITIONAL_REPRESENTATION('',(#887),#950);
#887 = B_SPLINE_CURVE_WITH_KNOTS('',7,(#888,#889,#890,#891,#892,#893,
    #894,#895,#896,#897,#898,#899,#900,#901,#902,#903,#904,#905,#906,
    #907,#908,#909,#910,#911,#912,#913,#914,#915,#916,#917,#918,#919,
    #920,#921,#922,#923,#924,#925,#926,#927,#928,#929,#930,#931,#932,
    #933,#934,#935,#936,#937,#938,#939,#940,#941,#942,#943,#944,#945,
    #946,#947,#948,#949),.UNSPECIFIED.,.F.,.F.,(8,6,6,6,6,6,6,6,6,6,8),(
    0.,8.234479280871E-02,0.1807504272,0.344501997876,0.44227272752,
    0.531818630434,0.631500113689,0.750063710251,0.844378246285,
    0.948705789183,1.),.UNSPECIFIED.);
#888 = CARTESIAN_POINT('',(0.,4.8));
#889 = CARTESIAN_POINT('',(8.963061334272E-02,4.8));
#890 = CARTESIAN_POINT('',(0.178360573484,4.798575818483));
#891 = CARTESIAN_POINT('',(0.265858766298,4.795777082311));
#892 = CARTESIAN_POINT('',(0.351766714734,4.791802532796));
#893 = CARTESIAN_POINT('',(0.435661357764,4.786964046198));
#894 = CARTESIAN_POINT('',(0.516993025235,4.781626137591));
#895 = CARTESIAN_POINT('',(0.688218697709,4.7695420055));
#896 = CARTESIAN_POINT('',(0.777872451821,4.76264098483));
#897 = CARTESIAN_POINT('',(0.86453645196,4.755830500249));
#898 = CARTESIAN_POINT('',(0.948673470426,4.749422187423));
#899 = CARTESIAN_POINT('',(1.030695303591,4.743636175337));
#900 = CARTESIAN_POINT('',(1.111001961924,4.738619427771));
#901 = CARTESIAN_POINT('',(1.321449010845,4.727573029152));
#902 = CARTESIAN_POINT('',(1.44925579911,4.723083276668));
#903 = CARTESIAN_POINT('',(1.575383288457,4.721458416783));
#904 = CARTESIAN_POINT('',(1.701378473457,4.722815512435));
#905 = CARTESIAN_POINT('',(1.828775469032,4.727108913009));
#906 = CARTESIAN_POINT('',(1.95911553721,4.734071241872));
#907 = CARTESIAN_POINT('',(2.175166124859,4.748301524269));
#908 = CARTESIAN_POINT('',(2.257940119421,4.754331871399));
#909 = CARTESIAN_POINT('',(2.343009040464,4.760916615172));
#910 = CARTESIAN_POINT('',(2.430674769271,4.767826673849));
#911 = CARTESIAN_POINT('',(2.52129398235,4.774747079132));
#912 = CARTESIAN_POINT('',(2.615277314368,4.781259836716));
#913 = CARTESIAN_POINT('',(2.802872920295,4.792035940542));
#914 = CARTESIAN_POINT('',(2.896567543136,4.796482932726));
#915 = CARTESIAN_POINT('',(2.992701600889,4.799717715651));
#916 = CARTESIAN_POINT('',(3.090107466997,4.801295019732));
#917 = CARTESIAN_POINT('',(3.187787397676,4.801036529926));
#918 = CARTESIAN_POINT('',(3.284702930759,4.799080420587));
#919 = CARTESIAN_POINT('',(3.485221640466,4.792097414557));
#920 = CARTESIAN_POINT('',(3.58688955783,4.786797999296));
#921 = CARTESIAN_POINT('',(3.685048103955,4.780367198363));
#922 = CARTESIAN_POINT('',(3.779948129215,4.773344667573));
#923 = CARTESIAN_POINT('',(3.871737649163,4.766212101922));
#924 = CARTESIAN_POINT('',(3.960444591104,4.759351119248));
#925 = CARTESIAN_POINT('',(4.147740983116,4.745509784748));
#926 = CARTESIAN_POINT('',(4.24608272661,4.738674413242));
#927 = CARTESIAN_POINT('',(4.341847981357,4.732918445716));
#928 = CARTESIAN_POINT('',(4.435708452715,4.728475237695));
#929 = CARTESIAN_POINT('',(4.5283209552,4.725470038957));
#930 = CARTESIAN_POINT('',(4.620315591176,4.723965238765));
#931 = CARTESIAN_POINT('',(4.785631183187,4.723965238765));
#932 = CARTESIAN_POINT('',(4.858849274966,4.724917501232));
#933 = CARTESIAN_POINT('',(4.932372047775,4.726820721021));
#934 = CARTESIAN_POINT('',(5.006519944933,4.729649722412));
#935 = CARTESIAN_POINT('',(5.081610087062,4.733352914716));
#936 = CARTESIAN_POINT('',(5.157973958769,4.737843080953));
#937 = CARTESIAN_POINT('',(5.322283974123,4.748665444107));
#938 = CARTESIAN_POINT('',(5.410954795094,4.755166017947));
#939 = CARTESIAN_POINT('',(5.502308644351,4.762292404202));
#940 = CARTESIAN_POINT('',(5.596671613899,4.769754028254));
#941 = CARTESIAN_POINT('',(5.694450388873,4.777145806315));
#942 = CARTESIAN_POINT('',(5.796121814715,4.783928345921));
#943 = CARTESIAN_POINT('',(5.954632685105,4.79224221528));
#944 = CARTESIAN_POINT('',(6.00793910003,4.794687938049));
#945 = CARTESIAN_POINT('',(6.062076177156,4.796751538426));
#946 = CARTESIAN_POINT('',(6.116845176424,4.7983582898));
#947 = CARTESIAN_POINT('',(6.17206698406,4.799451875508));
#948 = CARTESIAN_POINT('',(6.227571213645,4.8));
#949 = CARTESIAN_POINT('',(6.28318530718,4.8));
#950 = ( GEOMETRIC_REPRESENTATION_CONTEXT(2) 
PARAMETRIC_REPRESENTATION_CONTEXT() REPRESENTATION_CONTEXT('2D SPACE',''
  ) );
#951 = FACE_BOUND('',#952,.T.);
#952 = EDGE_LOOP('',(#953));
#953 = ORIENTED_EDGE('',*,*,#954,.F.);
#954 = EDGE_CURVE('',#955,#955,#957,.T.);
#955 = VERTEX_POINT('',#956);
#956 = CARTESIAN_POINT('',(27.303692465497,-66.24372330832,95.7));
#957 = SURFACE_CURVE('',#958,(#1021,#1087),.PCURVE_S1.);
#958 = B_SPLINE_CURVE_WITH_KNOTS('',7,(#959,#960,#961,#962,#963,#964,
    #965,#966,#967,#968,#969,#970,#971,#972,#973,#974,#975,#976,#977,
    #978,#979,#980,#981,#982,#983,#984,#985,#986,#987,#988,#989,#990,
    #991,#992,#993,#994,#995,#996,#997,#998,#999,#1000,#1001,#1002,#1003
    ,#1004,#1005,#1006,#1007,#1008,#1009,#1010,#1011,#1012,#1013,#1014,
    #1015,#1016,#1017,#1018,#1019,#1020),.UNSPECIFIED.,.T.,.F.,(1,7,6,6,
    6,6,6,6,6,6,6,7,1),(-5.1294210013E-02,0.,8.234479370406E-02,
    0.180750429016,0.344502001225,0.442272732057,0.53181863626,
    0.631500119469,0.750063714171,0.844378248726,0.948705789987,1.,
    1.082344793704),.UNSPECIFIED.);
#959 = CARTESIAN_POINT('',(27.303692465497,-66.24372330832,95.7));
#960 = CARTESIAN_POINT('',(27.577155637726,-66.13100992232,95.7));
#961 = CARTESIAN_POINT('',(27.847328524268,-66.01811228254,
    95.730929447389));
#962 = CARTESIAN_POINT('',(28.109629537836,-65.90697245996,
    95.791670277502));
#963 = CARTESIAN_POINT('',(28.359782551136,-65.79956790807,
    95.879822721101));
#964 = CARTESIAN_POINT('',(28.594099501782,-65.69775606557,
    95.991785871956));
#965 = CARTESIAN_POINT('',(28.809704956084,-65.60311636454,
    96.122822395743));
#966 = CARTESIAN_POINT('',(29.237733395327,-65.41362543152,
    96.439534256658));
#967 = CARTESIAN_POINT('',(29.444290981923,-65.32102431181,
    96.633069793387));
#968 = CARTESIAN_POINT('',(29.625044687624,-65.23915670924,
    96.842526798179));
#969 = CARTESIAN_POINT('',(29.781038748736,-65.1679292895,
    97.063974564622));
#970 = CARTESIAN_POINT('',(29.913406947267,-65.10711283551,
    97.294405312277));
#971 = CARTESIAN_POINT('',(30.023178379442,-65.05644214218,
    97.531502911976));
#972 = CARTESIAN_POINT('',(30.257603853208,-64.9478710181,
    98.176231474969));
#973 = CARTESIAN_POINT('',(30.343717641525,-64.90752130608,
    98.592507097124));
#974 = CARTESIAN_POINT('',(30.373411860004,-64.89352476461,
    99.014533341083));
#975 = CARTESIAN_POINT('',(30.348080230007,-64.90543355988,
    99.437298882732));
#976 = CARTESIAN_POINT('',(30.266949986169,-64.94351682653,
    99.855662466197));
#977 = CARTESIAN_POINT('',(30.127183236619,-65.00865506143,
    100.26338671779));
#978 = CARTESIAN_POINT('',(29.803020597463,-65.15765690266,
    100.88083419988));
#979 = CARTESIAN_POINT('',(29.658935940486,-65.22356680803,
    101.10483445412));
#980 = CARTESIAN_POINT('',(29.490968004987,-65.29992033244,
    101.31925132382));
#981 = CARTESIAN_POINT('',(29.298200129844,-65.38684751885,
    101.52071445829));
#982 = CARTESIAN_POINT('',(29.079901333929,-65.48430898247,
    101.70513998598));
#983 = CARTESIAN_POINT('',(28.835729282121,-65.591993716,101.86755505533
    ));
#984 = CARTESIAN_POINT('',(28.319203723332,-65.81654575056,
    102.12472415758));
#985 = CARTESIAN_POINT('',(28.048976173305,-65.93273542903,
    102.22500337356));
#986 = CARTESIAN_POINT('',(27.760977702615,-66.05493861247,
    102.29430006102));
#987 = CARTESIAN_POINT('',(27.46231493436,-66.17974455331,102.3274546245
    ));
#988 = CARTESIAN_POINT('',(27.161044422555,-66.30363971196,
    102.32251597528));
#989 = CARTESIAN_POINT('',(26.865387356859,-66.42338500958,
    102.28080237262));
#990 = CARTESIAN_POINT('',(26.268188580656,-66.66197968027,
    102.12479791792));
#991 = CARTESIAN_POINT('',(25.974087343037,-66.77746755214,
    102.00395435855));
#992 = CARTESIAN_POINT('',(25.703765439466,-66.88193056989,
    101.85122653985));
#993 = CARTESIAN_POINT('',(25.459265067629,-66.97511069831,
    101.67281168949));
#994 = CARTESIAN_POINT('',(25.241684875278,-67.05707611367,
    101.47451630942));
#995 = CARTESIAN_POINT('',(25.051292910169,-67.12812909868,
    101.26182872555));
#996 = CARTESIAN_POINT('',(24.692776594119,-67.2609279085,
    100.77598652387));
#997 = CARTESIAN_POINT('',(24.533666253354,-67.31911523934,
    100.49625146785));
#998 = CARTESIAN_POINT('',(24.408547665063,-67.36445967702,
    100.20599092625));
#999 = CARTESIAN_POINT('',(24.315871065543,-67.39785238816,
    99.908837242421));
#1000 = CARTESIAN_POINT('',(24.254464604307,-67.41991184633,
    99.607424845633));
#1001 = CARTESIAN_POINT('',(24.223715959497,-67.43095791336,
    99.303842184387));
#1002 = CARTESIAN_POINT('',(24.223715959497,-67.43095791336,
    98.758300730752));
#1003 = CARTESIAN_POINT('',(24.243173780008,-67.4239679569,
    98.516681853704));
#1004 = CARTESIAN_POINT('',(24.28206471966,-67.40999681349,
    98.27617168033));
#1005 = CARTESIAN_POINT('',(24.340624065331,-67.38892027453,
    98.037834005504));
#1006 = CARTESIAN_POINT('',(24.419308029806,-67.36049450156,
    97.802908370573));
#1007 = CARTESIAN_POINT('',(24.518751020922,-67.32436367562,
    97.572954369769));
#1008 = CARTESIAN_POINT('',(24.773530188337,-67.23105687756,
    97.103375433372));
#1009 = CARTESIAN_POINT('',(24.934231108985,-67.17185183586,
    96.8642993718));
#1010 = CARTESIAN_POINT('',(25.122893180697,-67.1017989255,96.6363152573
    ));
#1011 = CARTESIAN_POINT('',(25.340343566186,-67.02024292564,
    96.423741444233));
#1012 = CARTESIAN_POINT('',(25.587011231371,-66.92656888585,
    96.231775967587));
#1013 = CARTESIAN_POINT('',(25.862636371925,-66.82030047642,
    96.066717610037));
#1014 = CARTESIAN_POINT('',(26.314779026633,-66.6429331023,
    95.872306230222));
#1015 = CARTESIAN_POINT('',(26.470309994527,-66.58147318615,
    95.816683140314));
#1016 = CARTESIAN_POINT('',(26.631263648814,-66.51736489183,
    95.770796267885));
#1017 = CARTESIAN_POINT('',(26.796420127523,-66.45103018496,
    95.735638464376));
#1018 = CARTESIAN_POINT('',(26.964461256824,-66.38295146483,
    95.711907858727));
#1019 = CARTESIAN_POINT('',(27.134013759848,-66.31365982405,95.7));
#1020 = CARTESIAN_POINT('',(27.303692465497,-66.24372330832,95.7));
#1021 = PCURVE('',#49,#1022);
#1022 = DEFINITIONAL_REPRESENTATION('',(#1023),#1086);
#1023 = B_SPLINE_CURVE_WITH_KNOTS('',7,(#1024,#1025,#1026,#1027,#1028,
    #1029,#1030,#1031,#1032,#1033,#1034,#1035,#1036,#1037,#1038,#1039,
    #1040,#1041,#1042,#1043,#1044,#1045,#1046,#1047,#1048,#1049,#1050,
    #1051,#1052,#1053,#1054,#1055,#1056,#1057,#1058,#1059,#1060,#1061,
    #1062,#1063,#1064,#1065,#1066,#1067,#1068,#1069,#1070,#1071,#1072,
    #1073,#1074,#1075,#1076,#1077,#1078,#1079,#1080,#1081,#1082,#1083,
    #1084,#1085),.UNSPECIFIED.,.T.,.F.,(1,7,6,6,6,6,6,6,6,6,6,7,1),(
    -5.1294210013E-02,0.,8.234479370406E-02,0.180750429016,
    0.344502001225,0.442272732057,0.53181863626,0.631500119469,
    0.750063714171,0.844378248726,0.948705789987,1.,1.082344793704),
  .UNSPECIFIED.);
#1024 = CARTESIAN_POINT('',(5.103342732831,4.7));
#1025 = CARTESIAN_POINT('',(5.107470869937,4.7));
#1026 = CARTESIAN_POINT('',(5.111557530413,4.730929447389));
#1027 = CARTESIAN_POINT('',(5.115533380492,4.791670277502));
#1028 = CARTESIAN_POINT('',(5.119332831989,4.879822721101));
#1029 = CARTESIAN_POINT('',(5.122898458354,4.991785871956));
#1030 = CARTESIAN_POINT('',(5.126184723657,5.122822395743));
#1031 = CARTESIAN_POINT('',(5.132717834354,5.439534256658));
#1032 = CARTESIAN_POINT('',(5.135877112637,5.633069793387));
#1033 = CARTESIAN_POINT('',(5.138646511468,5.842526798179));
#1034 = CARTESIAN_POINT('',(5.141039884289,6.063974564622));
#1035 = CARTESIAN_POINT('',(5.143072967465,6.294405312277));
#1036 = CARTESIAN_POINT('',(5.144760362781,6.531502911976));
#1037 = CARTESIAN_POINT('',(5.148366038292,7.176231474969));
#1038 = CARTESIAN_POINT('',(5.149693286883,7.592507097124));
#1039 = CARTESIAN_POINT('',(5.150151459149,8.014533341083));
#1040 = CARTESIAN_POINT('',(5.149760791197,8.437298882732));
#1041 = CARTESIAN_POINT('',(5.148509926283,8.855662466197));
#1042 = CARTESIAN_POINT('',(5.146357823151,9.263386717797));
#1043 = CARTESIAN_POINT('',(5.141378515648,9.880834199883));
#1044 = CARTESIAN_POINT('',(5.139167158397,10.104834454129));
#1045 = CARTESIAN_POINT('',(5.136592046007,10.319251323827));
#1046 = CARTESIAN_POINT('',(5.133640766718,10.520714458294));
#1047 = CARTESIAN_POINT('',(5.130304217853,10.70513998598));
#1048 = CARTESIAN_POINT('',(5.126579730288,10.867555055334));
#1049 = CARTESIAN_POINT('',(5.11871895034,11.124724157581));
#1050 = CARTESIAN_POINT('',(5.114613638254,11.225003373567));
#1051 = CARTESIAN_POINT('',(5.110247325311,11.294300061029));
#1052 = CARTESIAN_POINT('',(5.105729774764,11.3274546245));
#1053 = CARTESIAN_POINT('',(5.101183460634,11.322515975281));
#1054 = CARTESIAN_POINT('',(5.096731506735,11.280802372622));
#1055 = CARTESIAN_POINT('',(5.087755972415,11.124797917927));
#1056 = CARTESIAN_POINT('',(5.083346229847,11.00395435855));
#1057 = CARTESIAN_POINT('',(5.079301597071,10.851226539849));
#1058 = CARTESIAN_POINT('',(5.075649811511,10.672811689492));
#1059 = CARTESIAN_POINT('',(5.07240480041,10.474516309429));
#1060 = CARTESIAN_POINT('',(5.069568546779,10.26182872555));
#1061 = CARTESIAN_POINT('',(5.064232591938,9.775986523873));
#1062 = CARTESIAN_POINT('',(5.061868114677,9.496251467853));
#1063 = CARTESIAN_POINT('',(5.060010733171,9.205990926255));
#1064 = CARTESIAN_POINT('',(5.058635870047,8.908837242421));
#1065 = CARTESIAN_POINT('',(5.057725213284,8.607424845633));
#1066 = CARTESIAN_POINT('',(5.057269211375,8.303842184387));
#1067 = CARTESIAN_POINT('',(5.057269211375,7.758300730752));
#1068 = CARTESIAN_POINT('',(5.057557770482,7.516681853704));
#1069 = CARTESIAN_POINT('',(5.058134522675,7.27617168033));
#1070 = CARTESIAN_POINT('',(5.059003144925,7.037834005504));
#1071 = CARTESIAN_POINT('',(5.060170779709,6.802908370573));
#1072 = CARTESIAN_POINT('',(5.061647443911,6.572954369769));
#1073 = CARTESIAN_POINT('',(5.065434288929,6.103375433372));
#1074 = CARTESIAN_POINT('',(5.067824516268,5.8642993718));
#1075 = CARTESIAN_POINT('',(5.070633266442,5.6363152573));
#1076 = CARTESIAN_POINT('',(5.073874562627,5.423741444233));
#1077 = CARTESIAN_POINT('',(5.077557059631,5.231775967587));
#1078 = CARTESIAN_POINT('',(5.081679832824,5.066717610037));
#1079 = CARTESIAN_POINT('',(5.088458441513,4.872306230222));
#1080 = CARTESIAN_POINT('',(5.090792474616,4.816683140314));
#1081 = CARTESIAN_POINT('',(5.093210479547,4.770796267885));
#1082 = CARTESIAN_POINT('',(5.09569448279,4.735638464376));
#1083 = CARTESIAN_POINT('',(5.098224929922,4.711907858727));
#1084 = CARTESIAN_POINT('',(5.100781302145,4.7));
#1085 = CARTESIAN_POINT('',(5.103342732831,4.7));
#1086 = ( GEOMETRIC_REPRESENTATION_CONTEXT(2) 
PARAMETRIC_REPRESENTATION_CONTEXT() REPRESENTATION_CONTEXT('2D SPACE',''
  ) );
#1087 = PCURVE('',#1088,#1093);
#1088 = CYLINDRICAL_SURFACE('',#1089,3.3);
#1089 = AXIS2_PLACEMENT_3D('',#1090,#1091,#1092);
#1090 = CARTESIAN_POINT('',(25.474554659016,-61.80590234698,99.));
#1091 = DIRECTION('',(0.38107037635,-0.924546033612,2.220446049251E-16)
  );
#1092 = DIRECTION('',(8.461462116533E-17,-2.052904587685E-16,-1.));
#1093 = DEFINITIONAL_REPRESENTATION('',(#1094),#1157);
#1094 = B_SPLINE_CURVE_WITH_KNOTS('',7,(#1095,#1096,#1097,#1098,#1099,
    #1100,#1101,#1102,#1103,#1104,#1105,#1106,#1107,#1108,#1109,#1110,
    #1111,#1112,#1113,#1114,#1115,#1116,#1117,#1118,#1119,#1120,#1121,
    #1122,#1123,#1124,#1125,#1126,#1127,#1128,#1129,#1130,#1131,#1132,
    #1133,#1134,#1135,#1136,#1137,#1138,#1139,#1140,#1141,#1142,#1143,
    #1144,#1145,#1146,#1147,#1148,#1149,#1150,#1151,#1152,#1153,#1154,
    #1155,#1156),.UNSPECIFIED.,.F.,.F.,(8,6,6,6,6,6,6,6,6,6,8),(0.,
    8.234479370406E-02,0.180750429016,0.344502001225,0.442272732057,
    0.53181863626,0.631500119469,0.750063714171,0.844378248726,
    0.948705789987,1.),.UNSPECIFIED.);
#1095 = CARTESIAN_POINT('',(0.,4.8));
#1096 = CARTESIAN_POINT('',(8.963061322588E-02,4.8));
#1097 = CARTESIAN_POINT('',(0.178360573469,4.798575818487));
#1098 = CARTESIAN_POINT('',(0.265858766385,4.795777082309));
#1099 = CARTESIAN_POINT('',(0.351766714829,4.791802532789));
#1100 = CARTESIAN_POINT('',(0.435661357761,4.786964046197));
#1101 = CARTESIAN_POINT('',(0.516993025117,4.781626137599));
#1102 = CARTESIAN_POINT('',(0.688218697709,4.7695420055));
#1103 = CARTESIAN_POINT('',(0.777872451821,4.76264098483));
#1104 = CARTESIAN_POINT('',(0.86453645196,4.755830500249));
#1105 = CARTESIAN_POINT('',(0.948673470426,4.749422187423));
#1106 = CARTESIAN_POINT('',(1.030695303591,4.743636175337));
#1107 = CARTESIAN_POINT('',(1.111001961924,4.738619427771));
#1108 = CARTESIAN_POINT('',(1.321449010845,4.727573029152));
#1109 = CARTESIAN_POINT('',(1.44925579911,4.723083276668));
#1110 = CARTESIAN_POINT('',(1.575383288458,4.721458416783));
#1111 = CARTESIAN_POINT('',(1.701378473457,4.722815512435));
#1112 = CARTESIAN_POINT('',(1.828775469032,4.727108913009));
#1113 = CARTESIAN_POINT('',(1.95911553721,4.734071241872));
#1114 = CARTESIAN_POINT('',(2.175166125084,4.748301524284));
#1115 = CARTESIAN_POINT('',(2.257940119426,4.754331871403));
#1116 = CARTESIAN_POINT('',(2.343009040278,4.760916615156));
#1117 = CARTESIAN_POINT('',(2.430674769109,4.767826673835));
#1118 = CARTESIAN_POINT('',(2.521293982386,4.774747079139));
#1119 = CARTESIAN_POINT('',(2.615277314587,4.781259836728));
#1120 = CARTESIAN_POINT('',(2.802872920295,4.792035940542));
#1121 = CARTESIAN_POINT('',(2.896567543136,4.796482932726));
#1122 = CARTESIAN_POINT('',(2.992701600889,4.799717715651));
#1123 = CARTESIAN_POINT('',(3.090107466997,4.801295019732));
#1124 = CARTESIAN_POINT('',(3.187787397676,4.801036529926));
#1125 = CARTESIAN_POINT('',(3.284702930759,4.799080420587));
#1126 = CARTESIAN_POINT('',(3.485221638897,4.792097414611));
#1127 = CARTESIAN_POINT('',(3.586889561501,4.786797999179));
#1128 = CARTESIAN_POINT('',(3.685048101482,4.780367198368));
#1129 = CARTESIAN_POINT('',(3.779948127731,4.773344667791));
#1130 = CARTESIAN_POINT('',(3.871737652117,4.766212101673));
#1131 = CARTESIAN_POINT('',(3.960444589801,4.759351119344));
#1132 = CARTESIAN_POINT('',(4.147740983116,4.745509784748));
#1133 = CARTESIAN_POINT('',(4.246082726611,4.738674413242));
#1134 = CARTESIAN_POINT('',(4.341847981356,4.732918445715));
#1135 = CARTESIAN_POINT('',(4.435708452716,4.728475237696));
#1136 = CARTESIAN_POINT('',(4.5283209552,4.725470038957));
#1137 = CARTESIAN_POINT('',(4.620315591176,4.723965238765));
#1138 = CARTESIAN_POINT('',(4.785631183187,4.723965238765));
#1139 = CARTESIAN_POINT('',(4.858849274966,4.724917501232));
#1140 = CARTESIAN_POINT('',(4.932372047775,4.726820721021));
#1141 = CARTESIAN_POINT('',(5.006519944933,4.729649722412));
#1142 = CARTESIAN_POINT('',(5.081610087062,4.733352914716));
#1143 = CARTESIAN_POINT('',(5.157973958769,4.737843080953));
#1144 = CARTESIAN_POINT('',(5.322283974123,4.748665444107));
#1145 = CARTESIAN_POINT('',(5.410954795094,4.755166017947));
#1146 = CARTESIAN_POINT('',(5.502308644351,4.762292404201));
#1147 = CARTESIAN_POINT('',(5.596671613899,4.769754028254));
#1148 = CARTESIAN_POINT('',(5.694450388873,4.777145806314));
#1149 = CARTESIAN_POINT('',(5.796121814715,4.783928345921));
#1150 = CARTESIAN_POINT('',(5.954632685105,4.79224221528));
#1151 = CARTESIAN_POINT('',(6.00793910003,4.794687938049));
#1152 = CARTESIAN_POINT('',(6.062076177156,4.796751538426));
#1153 = CARTESIAN_POINT('',(6.116845176424,4.7983582898));
#1154 = CARTESIAN_POINT('',(6.17206698406,4.799451875508));
#1155 = CARTESIAN_POINT('',(6.227571213645,4.8));
#1156 = CARTESIAN_POINT('',(6.28318530718,4.8));
#1157 = ( GEOMETRIC_REPRESENTATION_CONTEXT(2) 
PARAMETRIC_REPRESENTATION_CONTEXT() REPRESENTATION_CONTEXT('2D SPACE',''
  ) );
#1158 = FACE_BOUND('',#1159,.T.);
#1159 = EDGE_LOOP('',(#1160));
#1160 = ORIENTED_EDGE('',*,*,#1161,.F.);
#1161 = EDGE_CURVE('',#1162,#1162,#1164,.T.);
#1162 = VERTEX_POINT('',#1163);
#1163 = CARTESIAN_POINT('',(71.020593459023,-9.476170361923,95.7));
#1164 = SURFACE_CURVE('',#1165,(#1228,#1294),.PCURVE_S1.);
#1165 = B_SPLINE_CURVE_WITH_KNOTS('',7,(#1166,#1167,#1168,#1169,#1170,
    #1171,#1172,#1173,#1174,#1175,#1176,#1177,#1178,#1179,#1180,#1181,
    #1182,#1183,#1184,#1185,#1186,#1187,#1188,#1189,#1190,#1191,#1192,
    #1193,#1194,#1195,#1196,#1197,#1198,#1199,#1200,#1201,#1202,#1203,
    #1204,#1205,#1206,#1207,#1208,#1209,#1210,#1211,#1212,#1213,#1214,
    #1215,#1216,#1217,#1218,#1219,#1220,#1221,#1222,#1223,#1224,#1225,
    #1226,#1227),.UNSPECIFIED.,.T.,.F.,(1,7,6,6,6,6,6,6,6,6,6,7,1),(
    -5.1294210523E-02,0.,8.234479519644E-02,0.180750432485,
    0.344502007982,0.442272736596,0.531818635069,0.63150011555,
    0.750063711547,0.844378247133,0.948705789477,1.,1.082344795196),
  .UNSPECIFIED.);
#1166 = CARTESIAN_POINT('',(71.020593459023,-9.476170361923,95.7));
#1167 = CARTESIAN_POINT('',(71.059712389583,-9.182987614279,95.7));
#1168 = CARTESIAN_POINT('',(71.097026608711,-8.892562211658,
    95.730929447493));
#1169 = CARTESIAN_POINT('',(71.131927205723,-8.609832959636,
    95.791670277463));
#1170 = CARTESIAN_POINT('',(71.163988641961,-8.339491819325,
    95.879822720902));
#1171 = CARTESIAN_POINT('',(71.192975475321,-8.085661465842,
    95.991785871887));
#1172 = CARTESIAN_POINT('',(71.218817817206,-7.851621814352,
    96.122822396026));
#1173 = CARTESIAN_POINT('',(71.268728075,-7.386192846331,96.439534256658
    ));
#1174 = CARTESIAN_POINT('',(71.291811946214,-7.16100816914,
    96.633069793387));
#1175 = CARTESIAN_POINT('',(71.31128937549,-6.96353706689,
    96.842526798179));
#1176 = CARTESIAN_POINT('',(71.327601651108,-6.792828537259,
    97.063974564622));
#1177 = CARTESIAN_POINT('',(71.341117156248,-6.647786087681,
    97.294405312277));
#1178 = CARTESIAN_POINT('',(71.352120764685,-6.527385892144,
    97.531502911976));
#1179 = CARTESIAN_POINT('',(71.375308149998,-6.270081914529,
    98.176231474969));
#1180 = CARTESIAN_POINT('',(71.38342116851,-6.175330330218,
    98.592507097125));
#1181 = CARTESIAN_POINT('',(71.386146917275,-6.142616111938,
    99.014533341081));
#1182 = CARTESIAN_POINT('',(71.383794421506,-6.170508344667,
    99.437298882733));
#1183 = CARTESIAN_POINT('',(71.376210375963,-6.259810830171,
    99.855662466197));
#1184 = CARTESIAN_POINT('',(71.362738367371,-6.413421503337,
    100.26338671779));
#1185 = CARTESIAN_POINT('',(71.329696428041,-6.768655498741,
    100.88083419001));
#1186 = CARTESIAN_POINT('',(71.314733750512,-6.926391441351,
    101.10483447876));
#1187 = CARTESIAN_POINT('',(71.296873874851,-7.110032693949,
    101.31925130265));
#1188 = CARTESIAN_POINT('',(71.275771092892,-7.320438134861,
    101.52071445768));
#1189 = CARTESIAN_POINT('',(71.251025791563,-7.558221226923,
    101.70513999759));
#1190 = CARTESIAN_POINT('',(71.222197485391,-7.823522750738,
    101.86755504968));
#1191 = CARTESIAN_POINT('',(71.158402470975,-8.383123036145,
    102.12472415767));
#1192 = CARTESIAN_POINT('',(71.123911909218,-8.675241798074,
    102.22500337341));
#1193 = CARTESIAN_POINT('',(71.085743735154,-8.985757381699,
    102.29430006107));
#1194 = CARTESIAN_POINT('',(71.044497466297,-9.306809896951,
    102.32745462458));
#1195 = CARTESIAN_POINT('',(71.001158565174,-9.629665392959,
    102.32251597517));
#1196 = CARTESIAN_POINT('',(70.957032502115,-9.945584571016,
    102.28080237267));
#1197 = CARTESIAN_POINT('',(70.865062158196,-10.58207123041,
    102.12479791485));
#1198 = CARTESIAN_POINT('',(70.818026976467,-10.89451426614,
    102.00395436383));
#1199 = CARTESIAN_POINT('',(70.773333643921,-11.1808514675,
    101.85122654475));
#1200 = CARTESIAN_POINT('',(70.731779819217,-11.43918503932,
    101.67281166812));
#1201 = CARTESIAN_POINT('',(70.693973858023,-11.668597707,
    101.47451633142));
#1202 = CARTESIAN_POINT('',(70.660311561943,-11.86900849808,
    101.26182871705));
#1203 = CARTESIAN_POINT('',(70.59606054794,-12.24589213377,
    100.77598652387));
#1204 = CARTESIAN_POINT('',(70.566897084239,-12.41277939629,
    100.49625146785));
#1205 = CARTESIAN_POINT('',(70.543607225044,-12.54380749108,
    100.20599092625));
#1206 = CARTESIAN_POINT('',(70.526187861434,-12.64076413617,
    99.908837242421));
#1207 = CARTESIAN_POINT('',(70.514588681986,-12.70497342064,
    99.607424845633));
#1208 = CARTESIAN_POINT('',(70.508780534239,-12.73712556169,
    99.303842184387));
#1209 = CARTESIAN_POINT('',(70.508780534239,-12.73712556169,
    98.758300730752));
#1210 = CARTESIAN_POINT('',(70.512455964631,-12.7167796166,
    98.516681853704));
#1211 = CARTESIAN_POINT('',(70.519802069347,-12.67611350318,
    98.27617168033));
#1212 = CARTESIAN_POINT('',(70.530828924015,-12.61486135272,
    98.037834005504));
#1213 = CARTESIAN_POINT('',(70.545553464739,-12.53250615413,
    97.802908370573));
#1214 = CARTESIAN_POINT('',(70.563984747174,-12.42832058462,
    97.572954369769));
#1215 = CARTESIAN_POINT('',(70.610568273399,-12.16102195433,
    97.103375433507));
#1216 = CARTESIAN_POINT('',(70.63964566359,-11.99224835374,
    96.864299371786));
#1217 = CARTESIAN_POINT('',(70.673309099484,-11.79383575162,
    96.636315257192));
#1218 = CARTESIAN_POINT('',(70.711404724526,-11.56474019377,
    96.423741444176));
#1219 = CARTESIAN_POINT('',(70.753614458961,-11.30428270965,
    96.231775967631));
#1220 = CARTESIAN_POINT('',(70.799395887034,-11.01245013142,
    96.066717610094));
#1221 = CARTESIAN_POINT('',(70.87186256262,-10.53219941911,
    95.872306230222));
#1222 = CARTESIAN_POINT('',(70.896402197868,-10.36677569177,
    95.816683140314));
#1223 = CARTESIAN_POINT('',(70.921359613535,-10.19533159116,
    95.770796267885));
#1224 = CARTESIAN_POINT('',(70.946490311591,-10.01913453156,
    95.735638464376));
#1225 = CARTESIAN_POINT('',(70.971552975145,-9.839567284644,
    95.711907858727));
#1226 = CARTESIAN_POINT('',(70.99632090547,-9.65808468936,95.7));
#1227 = CARTESIAN_POINT('',(71.020593459023,-9.476170361923,95.7));
#1228 = PCURVE('',#49,#1229);
#1229 = DEFINITIONAL_REPRESENTATION('',(#1230),#1293);
#1230 = B_SPLINE_CURVE_WITH_KNOTS('',7,(#1231,#1232,#1233,#1234,#1235,
    #1236,#1237,#1238,#1239,#1240,#1241,#1242,#1243,#1244,#1245,#1246,
    #1247,#1248,#1249,#1250,#1251,#1252,#1253,#1254,#1255,#1256,#1257,
    #1258,#1259,#1260,#1261,#1262,#1263,#1264,#1265,#1266,#1267,#1268,
    #1269,#1270,#1271,#1272,#1273,#1274,#1275,#1276,#1277,#1278,#1279,
    #1280,#1281,#1282,#1283,#1284,#1285,#1286,#1287,#1288,#1289,#1290,
    #1291,#1292),.UNSPECIFIED.,.T.,.F.,(1,7,6,6,6,6,6,6,6,6,6,7,1),(
    -5.1294210523E-02,0.,8.234479519644E-02,0.180750432485,
    0.344502007982,0.442272736596,0.531818635069,0.63150011555,
    0.750063711547,0.844378247133,0.948705789477,1.,1.082344795196),
  .UNSPECIFIED.);
#1231 = CARTESIAN_POINT('',(6.150540284028,4.7));
#1232 = CARTESIAN_POINT('',(6.154668421141,4.7));
#1233 = CARTESIAN_POINT('',(6.15875508161,4.730929447493));
#1234 = CARTESIAN_POINT('',(6.162730931683,4.791670277463));
#1235 = CARTESIAN_POINT('',(6.16653038318,4.879822720902));
#1236 = CARTESIAN_POINT('',(6.170096009552,4.991785871887));
#1237 = CARTESIAN_POINT('',(6.17338227486,5.122822396026));
#1238 = CARTESIAN_POINT('',(6.179915385551,5.439534256658));
#1239 = CARTESIAN_POINT('',(6.183074663834,5.633069793387));
#1240 = CARTESIAN_POINT('',(6.185844062664,5.842526798179));
#1241 = CARTESIAN_POINT('',(6.188237435486,6.063974564622));
#1242 = CARTESIAN_POINT('',(6.190270518661,6.294405312277));
#1243 = CARTESIAN_POINT('',(6.191957913978,6.531502911976));
#1244 = CARTESIAN_POINT('',(6.195563589488,7.176231474969));
#1245 = CARTESIAN_POINT('',(6.196890838079,7.592507097125));
#1246 = CARTESIAN_POINT('',(6.197349010345,8.014533341081));
#1247 = CARTESIAN_POINT('',(6.196958342393,8.437298882733));
#1248 = CARTESIAN_POINT('',(6.195707477479,8.855662466197));
#1249 = CARTESIAN_POINT('',(6.193555374348,9.263386717796));
#1250 = CARTESIAN_POINT('',(6.188576066924,9.88083419001));
#1251 = CARTESIAN_POINT('',(6.186364709439,10.104834478768));
#1252 = CARTESIAN_POINT('',(6.183789597171,10.319251302654));
#1253 = CARTESIAN_POINT('',(6.180838318294,10.520714457689));
#1254 = CARTESIAN_POINT('',(6.177501768623,10.705139997597));
#1255 = CARTESIAN_POINT('',(6.173777281657,10.867555049683));
#1256 = CARTESIAN_POINT('',(6.165916501534,11.124724157679));
#1257 = CARTESIAN_POINT('',(6.161811189453,11.225003373416));
#1258 = CARTESIAN_POINT('',(6.157444876511,11.294300061074));
#1259 = CARTESIAN_POINT('',(6.152927325958,11.32745462458));
#1260 = CARTESIAN_POINT('',(6.148381011828,11.322515975174));
#1261 = CARTESIAN_POINT('',(6.143929057935,11.280802372677));
#1262 = CARTESIAN_POINT('',(6.134953523435,11.124797914856));
#1263 = CARTESIAN_POINT('',(6.130543781477,11.003954363833));
#1264 = CARTESIAN_POINT('',(6.126499147901,10.851226544757));
#1265 = CARTESIAN_POINT('',(6.122847362701,10.672811668128));
#1266 = CARTESIAN_POINT('',(6.119602351799,10.474516331425));
#1267 = CARTESIAN_POINT('',(6.116766097883,10.261828717051));
#1268 = CARTESIAN_POINT('',(6.111430143134,9.775986523873));
#1269 = CARTESIAN_POINT('',(6.109065665873,9.496251467853));
#1270 = CARTESIAN_POINT('',(6.107208284368,9.205990926255));
#1271 = CARTESIAN_POINT('',(6.105833421244,8.908837242421));
#1272 = CARTESIAN_POINT('',(6.104922764481,8.607424845633));
#1273 = CARTESIAN_POINT('',(6.104466762571,8.303842184387));
#1274 = CARTESIAN_POINT('',(6.104466762571,7.758300730752));
#1275 = CARTESIAN_POINT('',(6.104755321679,7.516681853704));
#1276 = CARTESIAN_POINT('',(6.105332073871,7.27617168033));
#1277 = CARTESIAN_POINT('',(6.106200696122,7.037834005504));
#1278 = CARTESIAN_POINT('',(6.107368330905,6.802908370573));
#1279 = CARTESIAN_POINT('',(6.108844995107,6.572954369769));
#1280 = CARTESIAN_POINT('',(6.112631840124,6.103375433507));
#1281 = CARTESIAN_POINT('',(6.115022067464,5.864299371786));
#1282 = CARTESIAN_POINT('',(6.11783081764,5.636315257192));
#1283 = CARTESIAN_POINT('',(6.121072113825,5.423741444176));
#1284 = CARTESIAN_POINT('',(6.124754610828,5.231775967631));
#1285 = CARTESIAN_POINT('',(6.128877384019,5.066717610094));
#1286 = CARTESIAN_POINT('',(6.13565599271,4.872306230222));
#1287 = CARTESIAN_POINT('',(6.137990025813,4.816683140314));
#1288 = CARTESIAN_POINT('',(6.140408030743,4.770796267885));
#1289 = CARTESIAN_POINT('',(6.142892033987,4.735638464376));
#1290 = CARTESIAN_POINT('',(6.145422481119,4.711907858727));
#1291 = CARTESIAN_POINT('',(6.147978853342,4.7));
#1292 = CARTESIAN_POINT('',(6.150540284028,4.7));
#1293 = ( GEOMETRIC_REPRESENTATION_CONTEXT(2) 
PARAMETRIC_REPRESENTATION_CONTEXT() REPRESENTATION_CONTEXT('2D SPACE',''
  ) );
#1294 = PCURVE('',#1295,#1300);
#1295 = CYLINDRICAL_SURFACE('',#1296,3.3);
#1296 = AXIS2_PLACEMENT_3D('',#1297,#1298,#1299);
#1297 = CARTESIAN_POINT('',(66.262758865816,-8.841339688689,99.));
#1298 = DIRECTION('',(0.991215540252,-0.132256390257,2.220446049249E-16)
  );
#1299 = DIRECTION('',(2.200940630306E-16,-2.936681792343E-17,-1.));
#1300 = DEFINITIONAL_REPRESENTATION('',(#1301),#1364);
#1301 = B_SPLINE_CURVE_WITH_KNOTS('',7,(#1302,#1303,#1304,#1305,#1306,
    #1307,#1308,#1309,#1310,#1311,#1312,#1313,#1314,#1315,#1316,#1317,
    #1318,#1319,#1320,#1321,#1322,#1323,#1324,#1325,#1326,#1327,#1328,
    #1329,#1330,#1331,#1332,#1333,#1334,#1335,#1336,#1337,#1338,#1339,
    #1340,#1341,#1342,#1343,#1344,#1345,#1346,#1347,#1348,#1349,#1350,
    #1351,#1352,#1353,#1354,#1355,#1356,#1357,#1358,#1359,#1360,#1361,
    #1362,#1363),.UNSPECIFIED.,.F.,.F.,(8,6,6,6,6,6,6,6,6,6,8),(0.,
    8.234479519644E-02,0.180750432485,0.344502007982,0.442272736596,
    0.531818635069,0.63150011555,0.750063711547,0.844378247133,
    0.948705789477,1.),.UNSPECIFIED.);
#1302 = CARTESIAN_POINT('',(0.,4.8));
#1303 = CARTESIAN_POINT('',(8.963061337735E-02,4.8));
#1304 = CARTESIAN_POINT('',(0.178360573488,4.798575818482));
#1305 = CARTESIAN_POINT('',(0.265858766272,4.795777082312));
#1306 = CARTESIAN_POINT('',(0.351766714706,4.791802532798));
#1307 = CARTESIAN_POINT('',(0.435661357764,4.786964046199));
#1308 = CARTESIAN_POINT('',(0.51699302527,4.781626137588));
#1309 = CARTESIAN_POINT('',(0.688218697709,4.7695420055));
#1310 = CARTESIAN_POINT('',(0.777872451821,4.76264098483));
#1311 = CARTESIAN_POINT('',(0.86453645196,4.755830500249));
#1312 = CARTESIAN_POINT('',(0.948673470426,4.749422187423));
#1313 = CARTESIAN_POINT('',(1.030695303591,4.743636175337));
#1314 = CARTESIAN_POINT('',(1.111001961924,4.738619427771));
#1315 = CARTESIAN_POINT('',(1.321449010845,4.727573029152));
#1316 = CARTESIAN_POINT('',(1.44925579911,4.723083276668));
#1317 = CARTESIAN_POINT('',(1.575383288457,4.721458416783));
#1318 = CARTESIAN_POINT('',(1.701378473457,4.722815512435));
#1319 = CARTESIAN_POINT('',(1.828775469032,4.727108913009));
#1320 = CARTESIAN_POINT('',(1.95911553721,4.734071241872));
#1321 = CARTESIAN_POINT('',(2.17516612163,4.748301524056));
#1322 = CARTESIAN_POINT('',(2.257940127224,4.754331871949));
#1323 = CARTESIAN_POINT('',(2.343009036378,4.760916614819));
#1324 = CARTESIAN_POINT('',(2.430674762607,4.767826673503));
#1325 = CARTESIAN_POINT('',(2.521293992026,4.774747079698));
#1326 = CARTESIAN_POINT('',(2.615277310465,4.781259836491));
#1327 = CARTESIAN_POINT('',(2.802872920366,4.792035940546));
#1328 = CARTESIAN_POINT('',(2.896567543062,4.796482932719));
#1329 = CARTESIAN_POINT('',(2.992701600834,4.799717715653));
#1330 = CARTESIAN_POINT('',(3.090107467056,4.801295019735));
#1331 = CARTESIAN_POINT('',(3.187787397746,4.801036529921));
#1332 = CARTESIAN_POINT('',(3.284702930688,4.79908042059));
#1333 = CARTESIAN_POINT('',(3.485221642844,4.792097414474));
#1334 = CARTESIAN_POINT('',(3.586889552265,4.786797999472));
#1335 = CARTESIAN_POINT('',(3.685048107704,4.780367198356));
#1336 = CARTESIAN_POINT('',(3.779948131465,4.773344667242));
#1337 = CARTESIAN_POINT('',(3.871737644685,4.766212102299));
#1338 = CARTESIAN_POINT('',(3.960444593078,4.759351119102));
#1339 = CARTESIAN_POINT('',(4.147740983116,4.745509784748));
#1340 = CARTESIAN_POINT('',(4.24608272661,4.738674413242));
#1341 = CARTESIAN_POINT('',(4.341847981356,4.732918445715));
#1342 = CARTESIAN_POINT('',(4.435708452716,4.728475237695));
#1343 = CARTESIAN_POINT('',(4.5283209552,4.725470038957));
#1344 = CARTESIAN_POINT('',(4.620315591176,4.723965238765));
#1345 = CARTESIAN_POINT('',(4.785631183187,4.723965238765));
#1346 = CARTESIAN_POINT('',(4.858849274966,4.724917501232));
#1347 = CARTESIAN_POINT('',(4.932372047774,4.726820721021));
#1348 = CARTESIAN_POINT('',(5.006519944933,4.729649722412));
#1349 = CARTESIAN_POINT('',(5.081610087062,4.733352914716));
#1350 = CARTESIAN_POINT('',(5.157973958769,4.737843080953));
#1351 = CARTESIAN_POINT('',(5.322283974076,4.748665444103));
#1352 = CARTESIAN_POINT('',(5.410954795094,4.755166017946));
#1353 = CARTESIAN_POINT('',(5.502308644389,4.762292404205));
#1354 = CARTESIAN_POINT('',(5.596671613933,4.769754028257));
#1355 = CARTESIAN_POINT('',(5.694450388865,4.777145806313));
#1356 = CARTESIAN_POINT('',(5.796121814669,4.783928345918));
#1357 = CARTESIAN_POINT('',(5.954632685105,4.79224221528));
#1358 = CARTESIAN_POINT('',(6.00793910003,4.794687938049));
#1359 = CARTESIAN_POINT('',(6.062076177156,4.796751538426));
#1360 = CARTESIAN_POINT('',(6.116845176424,4.7983582898));
#1361 = CARTESIAN_POINT('',(6.17206698406,4.799451875508));
#1362 = CARTESIAN_POINT('',(6.227571213645,4.8));
#1363 = CARTESIAN_POINT('',(6.28318530718,4.8));
#1364 = ( GEOMETRIC_REPRESENTATION_CONTEXT(2) 
PARAMETRIC_REPRESENTATION_CONTEXT() REPRESENTATION_CONTEXT('2D SPACE',''
  ) );
#1365 = FACE_BOUND('',#1366,.T.);
#1366 = EDGE_LOOP('',(#1367));
#1367 = ORIENTED_EDGE('',*,*,#1368,.F.);
#1368 = EDGE_CURVE('',#1369,#1369,#1371,.T.);
#1369 = VERTEX_POINT('',#1370);
#1370 = CARTESIAN_POINT('',(43.716900993526,56.767552946399,115.7));
#1371 = SURFACE_CURVE('',#1372,(#1435,#1501),.PCURVE_S1.);
#1372 = B_SPLINE_CURVE_WITH_KNOTS('',7,(#1373,#1374,#1375,#1376,#1377,
    #1378,#1379,#1380,#1381,#1382,#1383,#1384,#1385,#1386,#1387,#1388,
    #1389,#1390,#1391,#1392,#1393,#1394,#1395,#1396,#1397,#1398,#1399,
    #1400,#1401,#1402,#1403,#1404,#1405,#1406,#1407,#1408,#1409,#1410,
    #1411,#1412,#1413,#1414,#1415,#1416,#1417,#1418,#1419,#1420,#1421,
    #1422,#1423,#1424,#1425,#1426,#1427,#1428,#1429,#1430,#1431,#1432,
    #1433,#1434),.UNSPECIFIED.,.T.,.F.,(1,7,6,6,6,6,6,6,6,6,6,7,1),(
    -5.1294215544E-02,0.,8.234479220918E-02,0.180750425835,
    0.344501995239,0.442272724162,0.531818626444,0.631500107516,
    0.750063702733,0.844378240093,0.948705784456,1.,1.082344792209),
  .UNSPECIFIED.);
#1373 = CARTESIAN_POINT('',(43.716900993526,56.767552946399,115.7));
#1374 = CARTESIAN_POINT('',(43.482556751527,56.948022307753,115.7));
#1375 = CARTESIAN_POINT('',(43.249698084436,57.125550070816,
    115.73092944745));
#1376 = CARTESIAN_POINT('',(43.022297668141,57.297139500564,
    115.79167027746));
#1377 = CARTESIAN_POINT('',(42.804206091023,57.46007608901,
    115.87982272098));
#1378 = CARTESIAN_POINT('',(42.598875973476,57.612094599711,
    115.99178587194));
#1379 = CARTESIAN_POINT('',(42.409112860902,57.751494549902,
    116.12282239589));
#1380 = CARTESIAN_POINT('',(42.030994679673,58.02743258519,
    116.43953425665));
#1381 = CARTESIAN_POINT('',(41.84752096429,58.160016142674,
    116.63306979338));
#1382 = CARTESIAN_POINT('',(41.686244687867,58.275619642353,
    116.84252679817));
#1383 = CARTESIAN_POINT('',(41.546562902372,58.375100752247,
    117.06397456462));
#1384 = CARTESIAN_POINT('',(41.42771020898,58.459326747832,
    117.29440531227));
#1385 = CARTESIAN_POINT('',(41.328942385243,58.529056250041,
    117.53150291197));
#1386 = CARTESIAN_POINT('',(41.11770429679,58.677789103577,
    118.17623147497));
#1387 = CARTESIAN_POINT('',(41.039703526985,58.732190975864,
    118.59250709712));
#1388 = CARTESIAN_POINT('',(41.01273505727,58.75090865268,
    119.01453334108));
#1389 = CARTESIAN_POINT('',(41.035714191499,58.734925215216,
    119.43729888273));
#1390 = CARTESIAN_POINT('',(41.109260389794,58.683705996362,
    119.85566246619));
#1391 = CARTESIAN_POINT('',(41.235555130753,58.595233558097,
    120.26338671779));
#1392 = CARTESIAN_POINT('',(41.52667582979,58.389001398432,
    120.88083419933));
#1393 = CARTESIAN_POINT('',(41.655797810853,58.297175377757,
    121.10483445417));
#1394 = CARTESIAN_POINT('',(41.805905870769,58.189887640547,
    121.31925132426));
#1395 = CARTESIAN_POINT('',(41.977570960127,58.066409356784,
    121.52071445854));
#1396 = CARTESIAN_POINT('',(42.171124461096,57.926087785982,
    121.7051399858));
#1397 = CARTESIAN_POINT('',(42.386468201415,57.768470953306,
    121.86755505507));
#1398 = CARTESIAN_POINT('',(42.839198747667,57.433422714637,
    122.12472415758));
#1399 = CARTESIAN_POINT('',(43.07493573589,57.257493630744,
    122.22500337356));
#1400 = CARTESIAN_POINT('',(43.324766032513,57.069181230593,
    122.29430006102));
#1401 = CARTESIAN_POINT('',(43.582182531957,56.872934656543,
    122.3274546245));
#1402 = CARTESIAN_POINT('',(43.840114142654,56.673974319233,
    122.32251597528));
#1403 = CARTESIAN_POINT('',(44.091645145223,56.47780043834,
    122.28080237262));
#1404 = CARTESIAN_POINT('',(44.59687357935,56.079908462385,
    122.12479791792));
#1405 = CARTESIAN_POINT('',(44.843939629032,55.88295325526,
    122.00395435855));
#1406 = CARTESIAN_POINT('',(45.069568207945,55.701079128442,
    121.85122653984));
#1407 = CARTESIAN_POINT('',(45.272514752196,55.535925659404,
    121.67281168949));
#1408 = CARTESIAN_POINT('',(45.452288980309,55.388478393149,
    121.47451630942));
#1409 = CARTESIAN_POINT('',(45.609018652899,55.259120607194,
    121.26182872555));
#1410 = CARTESIAN_POINT('',(45.903283957946,55.015035771313,
    120.77598651706));
#1411 = CARTESIAN_POINT('',(46.033230820033,54.906335852053,
    120.4962514832));
#1412 = CARTESIAN_POINT('',(46.135059572133,54.820652175856,
    120.20599091877));
#1413 = CARTESIAN_POINT('',(46.210316789366,54.757088257389,
    119.90883722961));
#1414 = CARTESIAN_POINT('',(46.260124079075,54.714938424539,
    119.6074248641));
#1415 = CARTESIAN_POINT('',(46.285064574742,54.693832351664,
    119.30384217667));
#1416 = CARTESIAN_POINT('',(46.285064574742,54.693832351664,
    118.75830073075));
#1417 = CARTESIAN_POINT('',(46.269282184623,54.7071883403,118.5166818537
    ));
#1418 = CARTESIAN_POINT('',(46.237737349688,54.733883310312,
    118.27617168033));
#1419 = CARTESIAN_POINT('',(46.190204858683,54.77405892181,
    118.0378340055));
#1420 = CARTESIAN_POINT('',(46.126245434933,54.827988347431,
    117.80290837057));
#1421 = CARTESIAN_POINT('',(46.045233726252,54.896043090996,
    117.57295436976));
#1422 = CARTESIAN_POINT('',(45.837038085076,55.0700349233,
    117.10337543337));
#1423 = CARTESIAN_POINT('',(45.705414554609,55.179603482145,
    116.86429937179));
#1424 = CARTESIAN_POINT('',(45.550415918773,55.307963173798,
    116.6363152573));
#1425 = CARTESIAN_POINT('',(45.371061158324,55.455502731767,
    116.42374144423));
#1426 = CARTESIAN_POINT('',(45.166603227592,55.622286176212,
    116.23177596758));
#1427 = CARTESIAN_POINT('',(44.93675951513,55.807850345139,
    116.06671761003));
#1428 = CARTESIAN_POINT('',(44.557083526211,56.110733690989,
    115.87230622521));
#1429 = CARTESIAN_POINT('',(44.426092213745,56.214697486255,
    115.8166831425));
#1430 = CARTESIAN_POINT('',(44.290095973002,56.322033294084,
    115.77079627176));
#1431 = CARTESIAN_POINT('',(44.150070175944,56.431895659667,
    115.73563846418));
#1432 = CARTESIAN_POINT('',(44.007091707747,56.543384188489,
    115.7119078558));
#1433 = CARTESIAN_POINT('',(43.862307154936,56.655575127517,115.7));
#1434 = CARTESIAN_POINT('',(43.716900993526,56.767552946399,115.7));
#1435 = PCURVE('',#49,#1436);
#1436 = DEFINITIONAL_REPRESENTATION('',(#1437),#1500);
#1437 = B_SPLINE_CURVE_WITH_KNOTS('',7,(#1438,#1439,#1440,#1441,#1442,
    #1443,#1444,#1445,#1446,#1447,#1448,#1449,#1450,#1451,#1452,#1453,
    #1454,#1455,#1456,#1457,#1458,#1459,#1460,#1461,#1462,#1463,#1464,
    #1465,#1466,#1467,#1468,#1469,#1470,#1471,#1472,#1473,#1474,#1475,
    #1476,#1477,#1478,#1479,#1480,#1481,#1482,#1483,#1484,#1485,#1486,
    #1487,#1488,#1489,#1490,#1491,#1492,#1493,#1494,#1495,#1496,#1497,
    #1498,#1499),.UNSPECIFIED.,.T.,.F.,(1,7,6,6,6,6,6,6,6,6,6,7,1),(
    -5.1294215544E-02,0.,8.234479220918E-02,0.180750425835,
    0.344501995239,0.442272724162,0.531818626444,0.631500107516,
    0.750063702733,0.844378240093,0.948705784456,1.,1.082344792209),
  .UNSPECIFIED.);
#1438 = CARTESIAN_POINT('',(0.914552528045,24.7));
#1439 = CARTESIAN_POINT('',(0.918680665156,24.7));
#1440 = CARTESIAN_POINT('',(0.922767325626,24.730929447458));
#1441 = CARTESIAN_POINT('',(0.926743175702,24.791670277462));
#1442 = CARTESIAN_POINT('',(0.9305426272,24.879822720983));
#1443 = CARTESIAN_POINT('',(0.934108253569,24.991785871943));
#1444 = CARTESIAN_POINT('',(0.937394518874,25.12282239589));
#1445 = CARTESIAN_POINT('',(0.943927629568,25.439534256658));
#1446 = CARTESIAN_POINT('',(0.947086907851,25.633069793387));
#1447 = CARTESIAN_POINT('',(0.949856306681,25.842526798179));
#1448 = CARTESIAN_POINT('',(0.952249679503,26.063974564622));
#1449 = CARTESIAN_POINT('',(0.954282762678,26.294405312277));
#1450 = CARTESIAN_POINT('',(0.955970157995,26.531502911976));
#1451 = CARTESIAN_POINT('',(0.959575833505,27.17623147497));
#1452 = CARTESIAN_POINT('',(0.960903082096,27.592507097124));
#1453 = CARTESIAN_POINT('',(0.961361254362,28.014533341082));
#1454 = CARTESIAN_POINT('',(0.96097058641,28.437298882732));
#1455 = CARTESIAN_POINT('',(0.959719721496,28.855662466197));
#1456 = CARTESIAN_POINT('',(0.957567618365,29.263386717797));
#1457 = CARTESIAN_POINT('',(0.952588310866,29.880834199331));
#1458 = CARTESIAN_POINT('',(0.950376953612,30.104834454177));
#1459 = CARTESIAN_POINT('',(0.947801841216,30.319251324266));
#1460 = CARTESIAN_POINT('',(0.944850561926,30.520714458544));
#1461 = CARTESIAN_POINT('',(0.941514013067,30.705139985808));
#1462 = CARTESIAN_POINT('',(0.93778952551,30.867555055076));
#1463 = CARTESIAN_POINT('',(0.929928745554,31.124724157581));
#1464 = CARTESIAN_POINT('',(0.925823433467,31.225003373568));
#1465 = CARTESIAN_POINT('',(0.921457120525,31.294300061029));
#1466 = CARTESIAN_POINT('',(0.916939569977,31.3274546245));
#1467 = CARTESIAN_POINT('',(0.912393255848,31.322515975281));
#1468 = CARTESIAN_POINT('',(0.907941301949,31.280802372622));
#1469 = CARTESIAN_POINT('',(0.898965767629,31.124797917927));
#1470 = CARTESIAN_POINT('',(0.894556025061,31.00395435855));
#1471 = CARTESIAN_POINT('',(0.890511392284,30.851226539849));
#1472 = CARTESIAN_POINT('',(0.886859606725,30.672811689492));
#1473 = CARTESIAN_POINT('',(0.883614595624,30.474516309429));
#1474 = CARTESIAN_POINT('',(0.880778341993,30.26182872555));
#1475 = CARTESIAN_POINT('',(0.875442387076,29.775986517064));
#1476 = CARTESIAN_POINT('',(0.873077910087,29.496251483206));
#1477 = CARTESIAN_POINT('',(0.871220528165,29.205990918771));
#1478 = CARTESIAN_POINT('',(0.869845665379,28.908837229617));
#1479 = CARTESIAN_POINT('',(0.868935008473,28.607424864106));
#1480 = CARTESIAN_POINT('',(0.868479006588,28.303842176675));
#1481 = CARTESIAN_POINT('',(0.868479006588,27.758300730752));
#1482 = CARTESIAN_POINT('',(0.868767565696,27.516681853705));
#1483 = CARTESIAN_POINT('',(0.869344317888,27.27617168033));
#1484 = CARTESIAN_POINT('',(0.870212940139,27.037834005504));
#1485 = CARTESIAN_POINT('',(0.871380574922,26.802908370573));
#1486 = CARTESIAN_POINT('',(0.872857239124,26.572954369769));
#1487 = CARTESIAN_POINT('',(0.876644084143,26.103375433372));
#1488 = CARTESIAN_POINT('',(0.879034311481,25.864299371799));
#1489 = CARTESIAN_POINT('',(0.881843061656,25.636315257301));
#1490 = CARTESIAN_POINT('',(0.88508435784,25.423741444233));
#1491 = CARTESIAN_POINT('',(0.888766854845,25.231775967586));
#1492 = CARTESIAN_POINT('',(0.892889628038,25.066717610038));
#1493 = CARTESIAN_POINT('',(0.899668236901,24.872306225217));
#1494 = CARTESIAN_POINT('',(0.902002269645,24.816683142505));
#1495 = CARTESIAN_POINT('',(0.904420274612,24.770796271764));
#1496 = CARTESIAN_POINT('',(0.906904278147,24.735638464185));
#1497 = CARTESIAN_POINT('',(0.909434725323,24.711907855804));
#1498 = CARTESIAN_POINT('',(0.911991097195,24.7));
#1499 = CARTESIAN_POINT('',(0.914552528045,24.7));
#1500 = ( GEOMETRIC_REPRESENTATION_CONTEXT(2) 
PARAMETRIC_REPRESENTATION_CONTEXT() REPRESENTATION_CONTEXT('2D SPACE',''
  ) );
#1501 = PCURVE('',#1502,#1507);
#1502 = CYLINDRICAL_SURFACE('',#1503,3.3);
#1503 = AXIS2_PLACEMENT_3D('',#1504,#1505,#1506);
#1504 = CARTESIAN_POINT('',(40.7882042068,52.964562658294,119.));
#1505 = DIRECTION('',(0.610145163901,0.792289643355,2.220446049251E-16)
  );
#1506 = DIRECTION('',(1.354794418654E-16,1.75923640845E-16,-1.));
#1507 = DEFINITIONAL_REPRESENTATION('',(#1508),#1571);
#1508 = B_SPLINE_CURVE_WITH_KNOTS('',7,(#1509,#1510,#1511,#1512,#1513,
    #1514,#1515,#1516,#1517,#1518,#1519,#1520,#1521,#1522,#1523,#1524,
    #1525,#1526,#1527,#1528,#1529,#1530,#1531,#1532,#1533,#1534,#1535,
    #1536,#1537,#1538,#1539,#1540,#1541,#1542,#1543,#1544,#1545,#1546,
    #1547,#1548,#1549,#1550,#1551,#1552,#1553,#1554,#1555,#1556,#1557,
    #1558,#1559,#1560,#1561,#1562,#1563,#1564,#1565,#1566,#1567,#1568,
    #1569,#1570),.UNSPECIFIED.,.F.,.F.,(8,6,6,6,6,6,6,6,6,6,8),(0.,
    8.234479220918E-02,0.180750425835,0.344501995239,0.442272724162,
    0.531818626444,0.631500107516,0.750063702733,0.844378240093,
    0.948705784456,1.),.UNSPECIFIED.);
#1509 = CARTESIAN_POINT('',(0.,4.8));
#1510 = CARTESIAN_POINT('',(8.963061332654E-02,4.8));
#1511 = CARTESIAN_POINT('',(0.17836057347,4.798575818484));
#1512 = CARTESIAN_POINT('',(0.265858766309,4.795777082311));
#1513 = CARTESIAN_POINT('',(0.351766714764,4.791802532795));
#1514 = CARTESIAN_POINT('',(0.435661357774,4.786964046197));
#1515 = CARTESIAN_POINT('',(0.516993025197,4.781626137594));
#1516 = CARTESIAN_POINT('',(0.688218697709,4.7695420055));
#1517 = CARTESIAN_POINT('',(0.777872451821,4.76264098483));
#1518 = CARTESIAN_POINT('',(0.86453645196,4.755830500249));
#1519 = CARTESIAN_POINT('',(0.948673470426,4.749422187423));
#1520 = CARTESIAN_POINT('',(1.030695303591,4.743636175337));
#1521 = CARTESIAN_POINT('',(1.111001961924,4.738619427771));
#1522 = CARTESIAN_POINT('',(1.321449010845,4.727573029152));
#1523 = CARTESIAN_POINT('',(1.449255799109,4.723083276668));
#1524 = CARTESIAN_POINT('',(1.575383288458,4.721458416783));
#1525 = CARTESIAN_POINT('',(1.701378473457,4.722815512435));
#1526 = CARTESIAN_POINT('',(1.828775469032,4.727108913009));
#1527 = CARTESIAN_POINT('',(1.95911553721,4.734071241872));
#1528 = CARTESIAN_POINT('',(2.175166124891,4.748301524271));
#1529 = CARTESIAN_POINT('',(2.257940119422,4.754331871399));
#1530 = CARTESIAN_POINT('',(2.343009040437,4.760916615169));
#1531 = CARTESIAN_POINT('',(2.430674769248,4.767826673847));
#1532 = CARTESIAN_POINT('',(2.521293982355,4.774747079133));
#1533 = CARTESIAN_POINT('',(2.615277314399,4.781259836717));
#1534 = CARTESIAN_POINT('',(2.802872920294,4.792035940542));
#1535 = CARTESIAN_POINT('',(2.896567543136,4.796482932726));
#1536 = CARTESIAN_POINT('',(2.992701600889,4.799717715651));
#1537 = CARTESIAN_POINT('',(3.090107466997,4.801295019732));
#1538 = CARTESIAN_POINT('',(3.187787397676,4.801036529926));
#1539 = CARTESIAN_POINT('',(3.284702930759,4.799080420587));
#1540 = CARTESIAN_POINT('',(3.485221638897,4.792097414611));
#1541 = CARTESIAN_POINT('',(3.586889561501,4.786797999179));
#1542 = CARTESIAN_POINT('',(3.685048101482,4.780367198368));
#1543 = CARTESIAN_POINT('',(3.779948127731,4.773344667791));
#1544 = CARTESIAN_POINT('',(3.871737652117,4.766212101673));
#1545 = CARTESIAN_POINT('',(3.960444589801,4.759351119344));
#1546 = CARTESIAN_POINT('',(4.147740985741,4.745509784554));
#1547 = CARTESIAN_POINT('',(4.246082720522,4.738674413758));
#1548 = CARTESIAN_POINT('',(4.341847985255,4.732918445142));
#1549 = CARTESIAN_POINT('',(4.435708455648,4.728475237992));
#1550 = CARTESIAN_POINT('',(4.528320949845,4.725470038899));
#1551 = CARTESIAN_POINT('',(4.620315593514,4.723965238765));
#1552 = CARTESIAN_POINT('',(4.785631183187,4.723965238765));
#1553 = CARTESIAN_POINT('',(4.858849274966,4.724917501232));
#1554 = CARTESIAN_POINT('',(4.932372047775,4.726820721021));
#1555 = CARTESIAN_POINT('',(5.006519944933,4.729649722412));
#1556 = CARTESIAN_POINT('',(5.081610087062,4.733352914716));
#1557 = CARTESIAN_POINT('',(5.157973958769,4.737843080953));
#1558 = CARTESIAN_POINT('',(5.322283974123,4.748665444107));
#1559 = CARTESIAN_POINT('',(5.410954795095,4.755166017947));
#1560 = CARTESIAN_POINT('',(5.502308644351,4.762292404201));
#1561 = CARTESIAN_POINT('',(5.596671613898,4.769754028254));
#1562 = CARTESIAN_POINT('',(5.694450388873,4.777145806315));
#1563 = CARTESIAN_POINT('',(5.796121814715,4.783928345921));
#1564 = CARTESIAN_POINT('',(5.954632689186,4.792242215494));
#1565 = CARTESIAN_POINT('',(6.00793909592,4.794687937954));
#1566 = CARTESIAN_POINT('',(6.062076173735,4.796751538259));
#1567 = CARTESIAN_POINT('',(6.116845179533,4.798358289809));
#1568 = CARTESIAN_POINT('',(6.172066988286,4.799451875635));
#1569 = CARTESIAN_POINT('',(6.227571210083,4.8));
#1570 = CARTESIAN_POINT('',(6.28318530718,4.8));
#1571 = ( GEOMETRIC_REPRESENTATION_CONTEXT(2) 
PARAMETRIC_REPRESENTATION_CONTEXT() REPRESENTATION_CONTEXT('2D SPACE',''
  ) );
#1572 = FACE_BOUND('',#1573,.T.);
#1573 = EDGE_LOOP('',(#1574));
#1574 = ORIENTED_EDGE('',*,*,#1575,.F.);
#1575 = EDGE_CURVE('',#1576,#1576,#1578,.T.);
#1576 = VERTEX_POINT('',#1577);
#1577 = CARTESIAN_POINT('',(-27.30369246549,66.243723308322,115.7));
#1578 = SURFACE_CURVE('',#1579,(#1642,#1708),.PCURVE_S1.);
#1579 = B_SPLINE_CURVE_WITH_KNOTS('',7,(#1580,#1581,#1582,#1583,#1584,
    #1585,#1586,#1587,#1588,#1589,#1590,#1591,#1592,#1593,#1594,#1595,
    #1596,#1597,#1598,#1599,#1600,#1601,#1602,#1603,#1604,#1605,#1606,
    #1607,#1608,#1609,#1610,#1611,#1612,#1613,#1614,#1615,#1616,#1617,
    #1618,#1619,#1620,#1621,#1622,#1623,#1624,#1625,#1626,#1627,#1628,
    #1629,#1630,#1631,#1632,#1633,#1634,#1635,#1636,#1637,#1638,#1639,
    #1640,#1641),.UNSPECIFIED.,.T.,.F.,(1,7,6,6,6,6,6,6,6,6,6,7,1),(
    -5.1294216585E-02,0.,8.234479019527E-02,0.18075042228,0.344501985856
    ,0.44227271402,0.531818616869,0.631500099981,0.750063697625,
    0.844378236916,0.948705783415,1.,1.082344790195),.UNSPECIFIED.);
#1580 = CARTESIAN_POINT('',(-27.30369246549,66.243723308322,115.7));
#1581 = CARTESIAN_POINT('',(-27.57715564052,66.13100992117,115.7));
#1582 = CARTESIAN_POINT('',(-27.84732851888,66.018112284796,
    115.73092944648));
#1583 = CARTESIAN_POINT('',(-28.10962954035,65.906972458874,
    115.79167027886));
#1584 = CARTESIAN_POINT('',(-28.35978255429,65.799567906761,
    115.87982272145));
#1585 = CARTESIAN_POINT('',(-28.59409949716,65.697756067565,
    115.99178586984));
#1586 = CARTESIAN_POINT('',(-28.80970495799,65.603116363695,
    116.12282239715));
#1587 = CARTESIAN_POINT('',(-29.23773339532,65.413625431521,
    116.43953425665));
#1588 = CARTESIAN_POINT('',(-29.44429098192,65.321024311814,
    116.63306979338));
#1589 = CARTESIAN_POINT('',(-29.62504468762,65.239156709243,
    116.84252679817));
#1590 = CARTESIAN_POINT('',(-29.78103874873,65.167929289505,
    117.06397456462));
#1591 = CARTESIAN_POINT('',(-29.91340694726,65.107112835513,
    117.29440531227));
#1592 = CARTESIAN_POINT('',(-30.02317837944,65.056442142184,
    117.53150291197));
#1593 = CARTESIAN_POINT('',(-30.25760385029,64.947871019456,
    118.17623146694));
#1594 = CARTESIAN_POINT('',(-30.34371764678,64.907521303638,
    118.59250713027));
#1595 = CARTESIAN_POINT('',(-30.37341186046,64.89352476444,
    119.0145332773));
#1596 = CARTESIAN_POINT('',(-30.34808021884,64.905433564998,
    119.43729895204));
#1597 = CARTESIAN_POINT('',(-30.26694999928,64.943516820503,
    119.8556624254));
#1598 = CARTESIAN_POINT('',(-30.12718323097,65.008655064027,
    120.26338672854));
#1599 = CARTESIAN_POINT('',(-29.80302059774,65.157656902537,
    120.88083419933));
#1600 = CARTESIAN_POINT('',(-29.65893594058,65.223566807986,
    121.10483445417));
#1601 = CARTESIAN_POINT('',(-29.49096800469,65.299920332579,
    121.31925132426));
#1602 = CARTESIAN_POINT('',(-29.29820012946,65.386847519024,
    121.52071445854));
#1603 = CARTESIAN_POINT('',(-29.07990133396,65.484308982455,
    121.70513998581));
#1604 = CARTESIAN_POINT('',(-28.83572928263,65.591993715783,
    121.86755505508));
#1605 = CARTESIAN_POINT('',(-28.31920371985,65.816545752079,
    122.12472415931));
#1606 = CARTESIAN_POINT('',(-28.04897618226,65.932735425249,
    122.22500337146));
#1607 = CARTESIAN_POINT('',(-27.76097769678,66.05493861485,
    122.29430006053));
#1608 = CARTESIAN_POINT('',(-27.46231492891,66.179744555632,
    122.32745462605));
#1609 = CARTESIAN_POINT('',(-27.16104443198,66.303639708098,
    122.32251597566));
#1610 = CARTESIAN_POINT('',(-26.86538735286,66.423385011179,
    122.28080237157));
#1611 = CARTESIAN_POINT('',(-26.26818858065,66.661979680273,
    122.12479791792));
#1612 = CARTESIAN_POINT('',(-25.97408734303,66.777467552148,
    122.00395435855));
#1613 = CARTESIAN_POINT('',(-25.70376543946,66.881930569896,
    121.85122653985));
#1614 = CARTESIAN_POINT('',(-25.45926506762,66.97511069831,
    121.67281168949));
#1615 = CARTESIAN_POINT('',(-25.24168487527,67.057076113673,
    121.47451630943));
#1616 = CARTESIAN_POINT('',(-25.05129291016,67.128129098686,
    121.26182872555));
#1617 = CARTESIAN_POINT('',(-24.69277658909,67.260927910368,
    120.77598651706));
#1618 = CARTESIAN_POINT('',(-24.53366626658,67.319115234448,
    120.4962514832));
#1619 = CARTESIAN_POINT('',(-24.40854765025,67.364459682504,
    120.20599091877));
#1620 = CARTESIAN_POINT('',(-24.31587107348,67.397852385212,
    119.90883722961));
#1621 = CARTESIAN_POINT('',(-24.25446460261,67.419911846969,
    119.6074248641));
#1622 = CARTESIAN_POINT('',(-24.22371595949,67.430957913362,
    119.30384217667));
#1623 = CARTESIAN_POINT('',(-24.22371595949,67.430957913362,
    118.75830073075));
#1624 = CARTESIAN_POINT('',(-24.24317378,67.423967956904,118.5166818537)
  );
#1625 = CARTESIAN_POINT('',(-24.28206471966,67.409996813498,
    118.27617168033));
#1626 = CARTESIAN_POINT('',(-24.34062406533,67.388920274532,
    118.0378340055));
#1627 = CARTESIAN_POINT('',(-24.4193080298,67.360494501564,
    117.80290837057));
#1628 = CARTESIAN_POINT('',(-24.51875102092,67.324363675624,
    117.57295436976));
#1629 = CARTESIAN_POINT('',(-24.77353018833,67.23105687756,
    117.10337543337));
#1630 = CARTESIAN_POINT('',(-24.93423110898,67.171851835864,
    116.8642993718));
#1631 = CARTESIAN_POINT('',(-25.12289318069,67.101798925503,
    116.6363152573));
#1632 = CARTESIAN_POINT('',(-25.34034356618,67.020242925649,
    116.42374144423));
#1633 = CARTESIAN_POINT('',(-25.58701123137,66.926568885854,
    116.23177596758));
#1634 = CARTESIAN_POINT('',(-25.86263637192,66.820300476424,
    116.06671761003));
#1635 = CARTESIAN_POINT('',(-26.31477903824,66.642933097749,
    115.87230622522));
#1636 = CARTESIAN_POINT('',(-26.47030998231,66.58147319109,
    115.8166831425));
#1637 = CARTESIAN_POINT('',(-26.63126363899,66.517364895703,
    115.77079627175));
#1638 = CARTESIAN_POINT('',(-26.79642013699,66.451030181076,
    115.73563846418));
#1639 = CARTESIAN_POINT('',(-26.96446126927,66.382951459836,
    115.71190785581));
#1640 = CARTESIAN_POINT('',(-27.134013749,66.313659828519,115.7));
#1641 = CARTESIAN_POINT('',(-27.30369246549,66.243723308322,115.7));
#1642 = PCURVE('',#49,#1643);
#1643 = DEFINITIONAL_REPRESENTATION('',(#1644),#1707);
#1644 = B_SPLINE_CURVE_WITH_KNOTS('',7,(#1645,#1646,#1647,#1648,#1649,
    #1650,#1651,#1652,#1653,#1654,#1655,#1656,#1657,#1658,#1659,#1660,
    #1661,#1662,#1663,#1664,#1665,#1666,#1667,#1668,#1669,#1670,#1671,
    #1672,#1673,#1674,#1675,#1676,#1677,#1678,#1679,#1680,#1681,#1682,
    #1683,#1684,#1685,#1686,#1687,#1688,#1689,#1690,#1691,#1692,#1693,
    #1694,#1695,#1696,#1697,#1698,#1699,#1700,#1701,#1702,#1703,#1704,
    #1705,#1706),.UNSPECIFIED.,.T.,.F.,(1,7,6,6,6,6,6,6,6,6,6,7,1),(
    -5.1294216585E-02,0.,8.234479019527E-02,0.18075042228,0.344501985856
    ,0.44227271402,0.531818616869,0.631500099981,0.750063697625,
    0.844378236916,0.948705783415,1.,1.082344790195),.UNSPECIFIED.);
#1645 = CARTESIAN_POINT('',(1.961750079242,24.7));
#1646 = CARTESIAN_POINT('',(1.96587821639,24.7));
#1647 = CARTESIAN_POINT('',(1.969964876741,24.730929446482));
#1648 = CARTESIAN_POINT('',(1.973940726941,24.791670278865));
#1649 = CARTESIAN_POINT('',(1.977740178447,24.879822721456));
#1650 = CARTESIAN_POINT('',(1.981305804694,24.991785869841));
#1651 = CARTESIAN_POINT('',(1.984592070097,25.122822397159));
#1652 = CARTESIAN_POINT('',(1.991125180764,25.439534256658));
#1653 = CARTESIAN_POINT('',(1.994284459048,25.633069793387));
#1654 = CARTESIAN_POINT('',(1.997053857878,25.842526798179));
#1655 = CARTESIAN_POINT('',(1.999447230699,26.063974564622));
#1656 = CARTESIAN_POINT('',(2.001480313875,26.294405312277));
#1657 = CARTESIAN_POINT('',(2.003167709191,26.531502911976));
#1658 = CARTESIAN_POINT('',(2.006773384657,27.176231466946));
#1659 = CARTESIAN_POINT('',(2.008100633374,27.592507130273));
#1660 = CARTESIAN_POINT('',(2.008558805566,28.014533277305));
#1661 = CARTESIAN_POINT('',(2.008168137436,28.437298952048));
#1662 = CARTESIAN_POINT('',(2.006917272894,28.8556624254));
#1663 = CARTESIAN_POINT('',(2.004765169475,29.26338672854));
#1664 = CARTESIAN_POINT('',(1.999785862062,29.880834199339));
#1665 = CARTESIAN_POINT('',(1.997574504808,30.104834454177));
#1666 = CARTESIAN_POINT('',(1.994999392413,30.31925132426));
#1667 = CARTESIAN_POINT('',(1.992048113123,30.52071445854));
#1668 = CARTESIAN_POINT('',(1.988711564264,30.70513998581));
#1669 = CARTESIAN_POINT('',(1.984987076706,30.86755505508));
#1670 = CARTESIAN_POINT('',(1.977126296698,31.12472415931));
#1671 = CARTESIAN_POINT('',(1.9730209848,31.225003371461));
#1672 = CARTESIAN_POINT('',(1.968654671634,31.294300060536));
#1673 = CARTESIAN_POINT('',(1.964137121091,31.327454626058));
#1674 = CARTESIAN_POINT('',(1.959590807187,31.322515975667));
#1675 = CARTESIAN_POINT('',(1.955138853085,31.280802371578));
#1676 = CARTESIAN_POINT('',(1.946163318825,31.124797917927));
#1677 = CARTESIAN_POINT('',(1.941753576257,31.00395435855));
#1678 = CARTESIAN_POINT('',(1.937708943481,30.85122653985));
#1679 = CARTESIAN_POINT('',(1.934057157921,30.672811689491));
#1680 = CARTESIAN_POINT('',(1.930812146821,30.47451630943));
#1681 = CARTESIAN_POINT('',(1.92797589319,30.26182872555));
#1682 = CARTESIAN_POINT('',(1.922639938273,29.775986517064));
#1683 = CARTESIAN_POINT('',(1.920275461284,29.496251483206));
#1684 = CARTESIAN_POINT('',(1.918418079361,29.205990918772));
#1685 = CARTESIAN_POINT('',(1.917043216576,28.908837229617));
#1686 = CARTESIAN_POINT('',(1.916132559669,28.607424864107));
#1687 = CARTESIAN_POINT('',(1.915676557785,28.303842176675));
#1688 = CARTESIAN_POINT('',(1.915676557785,27.758300730752));
#1689 = CARTESIAN_POINT('',(1.915965116892,27.516681853705));
#1690 = CARTESIAN_POINT('',(1.916541869085,27.27617168033));
#1691 = CARTESIAN_POINT('',(1.917410491335,27.037834005504));
#1692 = CARTESIAN_POINT('',(1.918578126119,26.802908370573));
#1693 = CARTESIAN_POINT('',(1.920054790321,26.572954369769));
#1694 = CARTESIAN_POINT('',(1.923841635339,26.103375433372));
#1695 = CARTESIAN_POINT('',(1.926231862678,25.8642993718));
#1696 = CARTESIAN_POINT('',(1.929040612852,25.636315257299));
#1697 = CARTESIAN_POINT('',(1.932281909037,25.423741444233));
#1698 = CARTESIAN_POINT('',(1.935964406042,25.231775967587));
#1699 = CARTESIAN_POINT('',(1.940087179234,25.066717610037));
#1700 = CARTESIAN_POINT('',(1.946865788098,24.872306225228));
#1701 = CARTESIAN_POINT('',(1.949199820842,24.8166831425));
#1702 = CARTESIAN_POINT('',(1.951617825809,24.770796271755));
#1703 = CARTESIAN_POINT('',(1.954101829343,24.735638464186));
#1704 = CARTESIAN_POINT('',(1.95663227652,24.711907855811));
#1705 = CARTESIAN_POINT('',(1.959188648392,24.7));
#1706 = CARTESIAN_POINT('',(1.961750079242,24.7));
#1707 = ( GEOMETRIC_REPRESENTATION_CONTEXT(2) 
PARAMETRIC_REPRESENTATION_CONTEXT() REPRESENTATION_CONTEXT('2D SPACE',''
  ) );
#1708 = PCURVE('',#1709,#1714);
#1709 = CYLINDRICAL_SURFACE('',#1710,3.3);
#1710 = AXIS2_PLACEMENT_3D('',#1711,#1712,#1713);
#1711 = CARTESIAN_POINT('',(-25.47455465901,61.805902346983,119.));
#1712 = DIRECTION('',(-0.38107037635,0.924546033612,2.220446049251E-16)
  );
#1713 = DIRECTION('',(-8.461462116533E-17,2.052904587685E-16,-1.));
#1714 = DEFINITIONAL_REPRESENTATION('',(#1715),#1778);
#1715 = B_SPLINE_CURVE_WITH_KNOTS('',7,(#1716,#1717,#1718,#1719,#1720,
    #1721,#1722,#1723,#1724,#1725,#1726,#1727,#1728,#1729,#1730,#1731,
    #1732,#1733,#1734,#1735,#1736,#1737,#1738,#1739,#1740,#1741,#1742,
    #1743,#1744,#1745,#1746,#1747,#1748,#1749,#1750,#1751,#1752,#1753,
    #1754,#1755,#1756,#1757,#1758,#1759,#1760,#1761,#1762,#1763,#1764,
    #1765,#1766,#1767,#1768,#1769,#1770,#1771,#1772,#1773,#1774,#1775,
    #1776,#1777),.UNSPECIFIED.,.F.,.F.,(8,6,6,6,6,6,6,6,6,6,8),(0.,
    8.234479019527E-02,0.18075042228,0.344501985856,0.44227271402,
    0.531818616869,0.631500099981,0.750063697625,0.844378236916,
    0.948705783415,1.),.UNSPECIFIED.);
#1716 = CARTESIAN_POINT('',(0.,4.8));
#1717 = CARTESIAN_POINT('',(8.963061414412E-02,4.8));
#1718 = CARTESIAN_POINT('',(0.178360571626,4.798575818523));
#1719 = CARTESIAN_POINT('',(0.265858767336,4.795777082256));
#1720 = CARTESIAN_POINT('',(0.35176671589,4.791802532775));
#1721 = CARTESIAN_POINT('',(0.43566135605,4.786964046279));
#1722 = CARTESIAN_POINT('',(0.516993025883,4.781626137545));
#1723 = CARTESIAN_POINT('',(0.688218697709,4.7695420055));
#1724 = CARTESIAN_POINT('',(0.77787245182,4.76264098483));
#1725 = CARTESIAN_POINT('',(0.86453645196,4.755830500249));
#1726 = CARTESIAN_POINT('',(0.948673470426,4.749422187423));
#1727 = CARTESIAN_POINT('',(1.030695303591,4.743636175337));
#1728 = CARTESIAN_POINT('',(1.111001961924,4.738619427771));
#1729 = CARTESIAN_POINT('',(1.321449008226,4.72757302929));
#1730 = CARTESIAN_POINT('',(1.449255809936,4.723083276411));
#1731 = CARTESIAN_POINT('',(1.575383267504,4.721458416793));
#1732 = CARTESIAN_POINT('',(1.701378496491,4.722815512911));
#1733 = CARTESIAN_POINT('',(1.828775455207,4.727108912434));
#1734 = CARTESIAN_POINT('',(1.959115540969,4.73407124212));
#1735 = CARTESIAN_POINT('',(2.175166124894,4.748301524271));
#1736 = CARTESIAN_POINT('',(2.257940119422,4.754331871399));
#1737 = CARTESIAN_POINT('',(2.343009040435,4.760916615169));
#1738 = CARTESIAN_POINT('',(2.430674769246,4.767826673847));
#1739 = CARTESIAN_POINT('',(2.521293982355,4.774747079133));
#1740 = CARTESIAN_POINT('',(2.615277314402,4.781259836718));
#1741 = CARTESIAN_POINT('',(2.802872921556,4.792035940614));
#1742 = CARTESIAN_POINT('',(2.896567540004,4.796482932638));
#1743 = CARTESIAN_POINT('',(2.992701602854,4.799717715628));
#1744 = CARTESIAN_POINT('',(3.090107468901,4.801295019797));
#1745 = CARTESIAN_POINT('',(3.18778739447,4.801036529946));
#1746 = CARTESIAN_POINT('',(3.284702932101,4.79908042054));
#1747 = CARTESIAN_POINT('',(3.485221638897,4.792097414611));
#1748 = CARTESIAN_POINT('',(3.586889561502,4.786797999179));
#1749 = CARTESIAN_POINT('',(3.685048101481,4.780367198368));
#1750 = CARTESIAN_POINT('',(3.779948127732,4.773344667791));
#1751 = CARTESIAN_POINT('',(3.871737652117,4.766212101673));
#1752 = CARTESIAN_POINT('',(3.960444589801,4.759351119344));
#1753 = CARTESIAN_POINT('',(4.147740985741,4.745509784554));
#1754 = CARTESIAN_POINT('',(4.246082720522,4.738674413758));
#1755 = CARTESIAN_POINT('',(4.341847985255,4.732918445142));
#1756 = CARTESIAN_POINT('',(4.435708455648,4.728475237993));
#1757 = CARTESIAN_POINT('',(4.528320949845,4.725470038899));
#1758 = CARTESIAN_POINT('',(4.620315593514,4.723965238765));
#1759 = CARTESIAN_POINT('',(4.785631183187,4.723965238765));
#1760 = CARTESIAN_POINT('',(4.858849274966,4.724917501232));
#1761 = CARTESIAN_POINT('',(4.932372047775,4.726820721021));
#1762 = CARTESIAN_POINT('',(5.006519944933,4.729649722412));
#1763 = CARTESIAN_POINT('',(5.081610087062,4.733352914716));
#1764 = CARTESIAN_POINT('',(5.157973958769,4.737843080953));
#1765 = CARTESIAN_POINT('',(5.322283974123,4.748665444107));
#1766 = CARTESIAN_POINT('',(5.410954795094,4.755166017947));
#1767 = CARTESIAN_POINT('',(5.502308644351,4.762292404201));
#1768 = CARTESIAN_POINT('',(5.596671613899,4.769754028254));
#1769 = CARTESIAN_POINT('',(5.694450388873,4.777145806314));
#1770 = CARTESIAN_POINT('',(5.796121814715,4.783928345921));
#1771 = CARTESIAN_POINT('',(5.954632689176,4.792242215494));
#1772 = CARTESIAN_POINT('',(6.007939095929,4.794687937954));
#1773 = CARTESIAN_POINT('',(6.062076173743,4.796751538259));
#1774 = CARTESIAN_POINT('',(6.116845179526,4.798358289809));
#1775 = CARTESIAN_POINT('',(6.172066988276,4.799451875635));
#1776 = CARTESIAN_POINT('',(6.227571210091,4.8));
#1777 = CARTESIAN_POINT('',(6.28318530718,4.8));
#1778 = ( GEOMETRIC_REPRESENTATION_CONTEXT(2) 
PARAMETRIC_REPRESENTATION_CONTEXT() REPRESENTATION_CONTEXT('2D SPACE',''
  ) );
#1779 = FACE_BOUND('',#1780,.T.);
#1780 = EDGE_LOOP('',(#1781));
#1781 = ORIENTED_EDGE('',*,*,#1782,.F.);
#1782 = EDGE_CURVE('',#1783,#1783,#1785,.T.);
#1783 = VERTEX_POINT('',#1784);
#1784 = CARTESIAN_POINT('',(-71.02059345902,9.476170361923,115.7));
#1785 = SURFACE_CURVE('',#1786,(#1849,#1915),.PCURVE_S1.);
#1786 = B_SPLINE_CURVE_WITH_KNOTS('',7,(#1787,#1788,#1789,#1790,#1791,
    #1792,#1793,#1794,#1795,#1796,#1797,#1798,#1799,#1800,#1801,#1802,
    #1803,#1804,#1805,#1806,#1807,#1808,#1809,#1810,#1811,#1812,#1813,
    #1814,#1815,#1816,#1817,#1818,#1819,#1820,#1821,#1822,#1823,#1824,
    #1825,#1826,#1827,#1828,#1829,#1830,#1831,#1832,#1833,#1834,#1835,
    #1836,#1837,#1838,#1839,#1840,#1841,#1842,#1843,#1844,#1845,#1846,
    #1847,#1848),.UNSPECIFIED.,.T.,.F.,(1,7,6,6,6,6,6,6,6,6,6,7,1),(
    -5.129421422E-02,0.,8.234479599996E-02,0.180750434249,0.344502008082
    ,0.442272738419,0.531818638469,0.631500116982,0.750063709155,
    0.844378244094,0.94870578578,1.,1.082344796),.UNSPECIFIED.);
#1787 = CARTESIAN_POINT('',(-71.02059345902,9.476170361923,115.7));
#1788 = CARTESIAN_POINT('',(-71.05971238958,9.182987614278,115.7));
#1789 = CARTESIAN_POINT('',(-71.09702660871,8.892562211658,
    115.73092944749));
#1790 = CARTESIAN_POINT('',(-71.13192720572,8.609832959636,
    115.79167027746));
#1791 = CARTESIAN_POINT('',(-71.16398864196,8.339491819325,
    115.8798227209));
#1792 = CARTESIAN_POINT('',(-71.19297547532,8.085661465842,
    115.99178587188));
#1793 = CARTESIAN_POINT('',(-71.2188178172,7.851621814352,
    116.12282239602));
#1794 = CARTESIAN_POINT('',(-71.268728075,7.38619284633,116.43953425665)
  );
#1795 = CARTESIAN_POINT('',(-71.29181194621,7.161008169141,
    116.63306979338));
#1796 = CARTESIAN_POINT('',(-71.31128937549,6.96353706689,
    116.84252679817));
#1797 = CARTESIAN_POINT('',(-71.3276016511,6.792828537258,
    117.06397456462));
#1798 = CARTESIAN_POINT('',(-71.34111715624,6.647786087681,
    117.29440531227));
#1799 = CARTESIAN_POINT('',(-71.35212076468,6.527385892144,
    117.53150291197));
#1800 = CARTESIAN_POINT('',(-71.3753081497,6.27008191773,118.17623146694
    ));
#1801 = CARTESIAN_POINT('',(-71.38342116902,6.175330324442,
    118.59250713027));
#1802 = CARTESIAN_POINT('',(-71.38614691735,6.142616111453,
    119.0145332773));
#1803 = CARTESIAN_POINT('',(-71.38379442035,6.170508356887,
    119.43729895204));
#1804 = CARTESIAN_POINT('',(-71.3762103773,6.259810815794,119.8556624254
    ));
#1805 = CARTESIAN_POINT('',(-71.36273836679,6.413421509518,
    120.26338672854));
#1806 = CARTESIAN_POINT('',(-71.32969642804,6.768655498741,
    120.88083419001));
#1807 = CARTESIAN_POINT('',(-71.31473375051,6.92639144135,
    121.10483447876));
#1808 = CARTESIAN_POINT('',(-71.29687387485,7.110032693948,
    121.31925130265));
#1809 = CARTESIAN_POINT('',(-71.27577109289,7.320438134862,
    121.52071445769));
#1810 = CARTESIAN_POINT('',(-71.25102579156,7.558221226922,
    121.70513999759));
#1811 = CARTESIAN_POINT('',(-71.22219748539,7.823522750739,
    121.86755504968));
#1812 = CARTESIAN_POINT('',(-71.15840247097,8.383123036141,
    122.12472415767));
#1813 = CARTESIAN_POINT('',(-71.12391190921,8.675241798079,
    122.22500337341));
#1814 = CARTESIAN_POINT('',(-71.08574373515,8.985757381703,
    122.29430006107));
#1815 = CARTESIAN_POINT('',(-71.04449746629,9.306809896948,
    122.32745462457));
#1816 = CARTESIAN_POINT('',(-71.00115856517,9.629665392955,
    122.32251597517));
#1817 = CARTESIAN_POINT('',(-70.95703250211,9.94558457102,
    122.28080237267));
#1818 = CARTESIAN_POINT('',(-70.86506216,10.582071217887,122.12479791792
    ));
#1819 = CARTESIAN_POINT('',(-70.81802697206,10.894514296889,
    122.00395435855));
#1820 = CARTESIAN_POINT('',(-70.77333364741,11.180851441452,
    121.85122653985));
#1821 = CARTESIAN_POINT('',(-70.73177981982,11.439185038908,
    121.67281168949));
#1822 = CARTESIAN_POINT('',(-70.69397385558,11.668597720524,
    121.47451630943));
#1823 = CARTESIAN_POINT('',(-70.66031156306,11.869008491492,
    121.26182872555));
#1824 = CARTESIAN_POINT('',(-70.59606054704,12.245892139055,
    120.77598651706));
#1825 = CARTESIAN_POINT('',(-70.56689708661,12.412779382395,
    120.4962514832));
#1826 = CARTESIAN_POINT('',(-70.54360722238,12.543807506648,
    120.20599091877));
#1827 = CARTESIAN_POINT('',(-70.52618786284,12.640764127824,
    119.90883722961));
#1828 = CARTESIAN_POINT('',(-70.51458868168,12.70497342243,
    119.6074248641));
#1829 = CARTESIAN_POINT('',(-70.50878053423,12.737125561698,
    119.30384217667));
#1830 = CARTESIAN_POINT('',(-70.50878053423,12.737125561698,
    118.75830073075));
#1831 = CARTESIAN_POINT('',(-70.51245596463,12.716779616604,
    118.5166818537));
#1832 = CARTESIAN_POINT('',(-70.51980206934,12.676113503186,
    118.27617168033));
#1833 = CARTESIAN_POINT('',(-70.53082892401,12.614861352722,
    118.0378340055));
#1834 = CARTESIAN_POINT('',(-70.54555346473,12.532506154133,
    117.80290837057));
#1835 = CARTESIAN_POINT('',(-70.56398474717,12.428320584628,
    117.57295436976));
#1836 = CARTESIAN_POINT('',(-70.61056827341,12.16102195426,
    117.10337543337));
#1837 = CARTESIAN_POINT('',(-70.63964566359,11.992248353719,
    116.8642993718));
#1838 = CARTESIAN_POINT('',(-70.67330909947,11.793835751705,
    116.6363152573));
#1839 = CARTESIAN_POINT('',(-70.7114047245,11.564740193883,
    116.42374144423));
#1840 = CARTESIAN_POINT('',(-70.75361445896,11.304282709641,
    116.23177596758));
#1841 = CARTESIAN_POINT('',(-70.79939588705,11.012450131285,
    116.06671761003));
#1842 = CARTESIAN_POINT('',(-70.87186256448,10.532199406772,
    115.87230622522));
#1843 = CARTESIAN_POINT('',(-70.89640219603,10.366775704822,
    115.8166831425));
#1844 = CARTESIAN_POINT('',(-70.92135961197,10.19533160161,
    115.77079627175));
#1845 = CARTESIAN_POINT('',(-70.94649031295,10.019134521418,
    115.73563846418));
#1846 = CARTESIAN_POINT('',(-70.97155297704,9.83956727136,
    115.71190785581));
#1847 = CARTESIAN_POINT('',(-70.99632090391,9.65808470099,115.7));
#1848 = CARTESIAN_POINT('',(-71.02059345902,9.476170361923,115.7));
#1849 = PCURVE('',#49,#1850);
#1850 = DEFINITIONAL_REPRESENTATION('',(#1851),#1914);
#1851 = B_SPLINE_CURVE_WITH_KNOTS('',7,(#1852,#1853,#1854,#1855,#1856,
    #1857,#1858,#1859,#1860,#1861,#1862,#1863,#1864,#1865,#1866,#1867,
    #1868,#1869,#1870,#1871,#1872,#1873,#1874,#1875,#1876,#1877,#1878,
    #1879,#1880,#1881,#1882,#1883,#1884,#1885,#1886,#1887,#1888,#1889,
    #1890,#1891,#1892,#1893,#1894,#1895,#1896,#1897,#1898,#1899,#1900,
    #1901,#1902,#1903,#1904,#1905,#1906,#1907,#1908,#1909,#1910,#1911,
    #1912,#1913),.UNSPECIFIED.,.T.,.F.,(1,7,6,6,6,6,6,6,6,6,6,7,1),(
    -5.129421422E-02,0.,8.234479599996E-02,0.180750434249,0.344502008082
    ,0.442272738419,0.531818638469,0.631500116982,0.750063709155,
    0.844378244094,0.94870578578,1.,1.082344796),.UNSPECIFIED.);
#1852 = CARTESIAN_POINT('',(3.008947630438,24.7));
#1853 = CARTESIAN_POINT('',(3.013075767551,24.7));
#1854 = CARTESIAN_POINT('',(3.01716242802,24.730929447493));
#1855 = CARTESIAN_POINT('',(3.021138278093,24.791670277463));
#1856 = CARTESIAN_POINT('',(3.024937729591,24.879822720902));
#1857 = CARTESIAN_POINT('',(3.028503355962,24.991785871887));
#1858 = CARTESIAN_POINT('',(3.03178962127,25.122822396026));
#1859 = CARTESIAN_POINT('',(3.038322731961,25.439534256658));
#1860 = CARTESIAN_POINT('',(3.041482010244,25.633069793387));
#1861 = CARTESIAN_POINT('',(3.044251409074,25.842526798179));
#1862 = CARTESIAN_POINT('',(3.046644781896,26.063974564622));
#1863 = CARTESIAN_POINT('',(3.048677865072,26.294405312277));
#1864 = CARTESIAN_POINT('',(3.050365260388,26.531502911976));
#1865 = CARTESIAN_POINT('',(3.053970935853,27.176231466946));
#1866 = CARTESIAN_POINT('',(3.055298184571,27.592507130273));
#1867 = CARTESIAN_POINT('',(3.055756356762,28.014533277304));
#1868 = CARTESIAN_POINT('',(3.055365688632,28.437298952048));
#1869 = CARTESIAN_POINT('',(3.054114824091,28.8556624254));
#1870 = CARTESIAN_POINT('',(3.051962720671,29.26338672854));
#1871 = CARTESIAN_POINT('',(3.046983413334,29.880834190011));
#1872 = CARTESIAN_POINT('',(3.044772055849,30.104834478767));
#1873 = CARTESIAN_POINT('',(3.042196943582,30.319251302655));
#1874 = CARTESIAN_POINT('',(3.039245664704,30.520714457689));
#1875 = CARTESIAN_POINT('',(3.035909115033,30.705139997597));
#1876 = CARTESIAN_POINT('',(3.032184628068,30.867555049683));
#1877 = CARTESIAN_POINT('',(3.024323847944,31.124724157677));
#1878 = CARTESIAN_POINT('',(3.020218535864,31.225003373419));
#1879 = CARTESIAN_POINT('',(3.015852222921,31.294300061073));
#1880 = CARTESIAN_POINT('',(3.011334672368,31.327454624578));
#1881 = CARTESIAN_POINT('',(3.006788358238,31.322515975176));
#1882 = CARTESIAN_POINT('',(3.002336404345,31.280802372676));
#1883 = CARTESIAN_POINT('',(2.993360870022,31.124797917927));
#1884 = CARTESIAN_POINT('',(2.988951127454,31.00395435855));
#1885 = CARTESIAN_POINT('',(2.984906494678,30.85122653985));
#1886 = CARTESIAN_POINT('',(2.981254709118,30.672811689491));
#1887 = CARTESIAN_POINT('',(2.978009698017,30.47451630943));
#1888 = CARTESIAN_POINT('',(2.975173444386,30.26182872555));
#1889 = CARTESIAN_POINT('',(2.96983748947,29.775986517064));
#1890 = CARTESIAN_POINT('',(2.96747301248,29.496251483205));
#1891 = CARTESIAN_POINT('',(2.965615630558,29.205990918772));
#1892 = CARTESIAN_POINT('',(2.964240767772,28.908837229617));
#1893 = CARTESIAN_POINT('',(2.963330110866,28.607424864106));
#1894 = CARTESIAN_POINT('',(2.962874108982,28.303842176675));
#1895 = CARTESIAN_POINT('',(2.962874108982,27.758300730752));
#1896 = CARTESIAN_POINT('',(2.963162668089,27.516681853705));
#1897 = CARTESIAN_POINT('',(2.963739420281,27.27617168033));
#1898 = CARTESIAN_POINT('',(2.964608042532,27.037834005504));
#1899 = CARTESIAN_POINT('',(2.965775677315,26.802908370573));
#1900 = CARTESIAN_POINT('',(2.967252341518,26.572954369769));
#1901 = CARTESIAN_POINT('',(2.971039186536,26.103375433372));
#1902 = CARTESIAN_POINT('',(2.973429413874,25.8642993718));
#1903 = CARTESIAN_POINT('',(2.976238164049,25.6363152573));
#1904 = CARTESIAN_POINT('',(2.979479460233,25.423741444234));
#1905 = CARTESIAN_POINT('',(2.983161957238,25.231775967586));
#1906 = CARTESIAN_POINT('',(2.987284730431,25.066717610038));
#1907 = CARTESIAN_POINT('',(2.994063339294,24.872306225226));
#1908 = CARTESIAN_POINT('',(2.996397372039,24.816683142501));
#1909 = CARTESIAN_POINT('',(2.998815377006,24.770796271757));
#1910 = CARTESIAN_POINT('',(3.00129938054,24.735638464186));
#1911 = CARTESIAN_POINT('',(3.003829827716,24.71190785581));
#1912 = CARTESIAN_POINT('',(3.006386199588,24.7));
#1913 = CARTESIAN_POINT('',(3.008947630438,24.7));
#1914 = ( GEOMETRIC_REPRESENTATION_CONTEXT(2) 
PARAMETRIC_REPRESENTATION_CONTEXT() REPRESENTATION_CONTEXT('2D SPACE',''
  ) );
#1915 = PCURVE('',#1916,#1921);
#1916 = CYLINDRICAL_SURFACE('',#1917,3.3);
#1917 = AXIS2_PLACEMENT_3D('',#1918,#1919,#1920);
#1918 = CARTESIAN_POINT('',(-66.26275886581,8.841339688689,119.));
#1919 = DIRECTION('',(-0.991215540252,0.132256390257,2.220446049249E-16)
  );
#1920 = DIRECTION('',(-2.200940630306E-16,2.936681792343E-17,-1.));
#1921 = DEFINITIONAL_REPRESENTATION('',(#1922),#1985);
#1922 = B_SPLINE_CURVE_WITH_KNOTS('',7,(#1923,#1924,#1925,#1926,#1927,
    #1928,#1929,#1930,#1931,#1932,#1933,#1934,#1935,#1936,#1937,#1938,
    #1939,#1940,#1941,#1942,#1943,#1944,#1945,#1946,#1947,#1948,#1949,
    #1950,#1951,#1952,#1953,#1954,#1955,#1956,#1957,#1958,#1959,#1960,
    #1961,#1962,#1963,#1964,#1965,#1966,#1967,#1968,#1969,#1970,#1971,
    #1972,#1973,#1974,#1975,#1976,#1977,#1978,#1979,#1980,#1981,#1982,
    #1983,#1984),.UNSPECIFIED.,.F.,.F.,(8,6,6,6,6,6,6,6,6,6,8),(0.,
    8.234479599996E-02,0.180750434249,0.344502008082,0.442272738419,
    0.531818638469,0.631500116982,0.750063709155,0.844378244094,
    0.94870578578,1.),.UNSPECIFIED.);
#1923 = CARTESIAN_POINT('',(0.,4.8));
#1924 = CARTESIAN_POINT('',(8.963061337736E-02,4.8));
#1925 = CARTESIAN_POINT('',(0.178360573488,4.798575818482));
#1926 = CARTESIAN_POINT('',(0.265858766272,4.795777082312));
#1927 = CARTESIAN_POINT('',(0.351766714706,4.791802532798));
#1928 = CARTESIAN_POINT('',(0.435661357764,4.786964046199));
#1929 = CARTESIAN_POINT('',(0.51699302527,4.781626137588));
#1930 = CARTESIAN_POINT('',(0.688218697709,4.7695420055));
#1931 = CARTESIAN_POINT('',(0.777872451821,4.76264098483));
#1932 = CARTESIAN_POINT('',(0.86453645196,4.755830500249));
#1933 = CARTESIAN_POINT('',(0.948673470426,4.749422187423));
#1934 = CARTESIAN_POINT('',(1.030695303591,4.743636175337));
#1935 = CARTESIAN_POINT('',(1.111001961924,4.738619427771));
#1936 = CARTESIAN_POINT('',(1.321449008226,4.72757302929));
#1937 = CARTESIAN_POINT('',(1.449255809936,4.723083276411));
#1938 = CARTESIAN_POINT('',(1.575383267504,4.721458416793));
#1939 = CARTESIAN_POINT('',(1.701378496491,4.722815512911));
#1940 = CARTESIAN_POINT('',(1.828775455207,4.727108912434));
#1941 = CARTESIAN_POINT('',(1.959115540969,4.73407124212));
#1942 = CARTESIAN_POINT('',(2.17516612163,4.748301524056));
#1943 = CARTESIAN_POINT('',(2.257940127224,4.754331871949));
#1944 = CARTESIAN_POINT('',(2.343009036378,4.760916614819));
#1945 = CARTESIAN_POINT('',(2.430674762607,4.767826673503));
#1946 = CARTESIAN_POINT('',(2.521293992026,4.774747079698));
#1947 = CARTESIAN_POINT('',(2.615277310465,4.781259836491));
#1948 = CARTESIAN_POINT('',(2.802872920364,4.792035940546));
#1949 = CARTESIAN_POINT('',(2.896567543064,4.796482932719));
#1950 = CARTESIAN_POINT('',(2.992701600835,4.799717715653));
#1951 = CARTESIAN_POINT('',(3.090107467054,4.801295019735));
#1952 = CARTESIAN_POINT('',(3.187787397745,4.801036529921));
#1953 = CARTESIAN_POINT('',(3.284702930689,4.79908042059));
#1954 = CARTESIAN_POINT('',(3.485221638897,4.792097414611));
#1955 = CARTESIAN_POINT('',(3.586889561502,4.786797999179));
#1956 = CARTESIAN_POINT('',(3.685048101481,4.780367198368));
#1957 = CARTESIAN_POINT('',(3.779948127732,4.773344667791));
#1958 = CARTESIAN_POINT('',(3.871737652117,4.766212101673));
#1959 = CARTESIAN_POINT('',(3.960444589802,4.759351119344));
#1960 = CARTESIAN_POINT('',(4.147740985741,4.745509784554));
#1961 = CARTESIAN_POINT('',(4.246082720522,4.738674413758));
#1962 = CARTESIAN_POINT('',(4.341847985255,4.732918445142));
#1963 = CARTESIAN_POINT('',(4.435708455648,4.728475237993));
#1964 = CARTESIAN_POINT('',(4.528320949846,4.725470038899));
#1965 = CARTESIAN_POINT('',(4.620315593514,4.723965238765));
#1966 = CARTESIAN_POINT('',(4.785631183187,4.723965238765));
#1967 = CARTESIAN_POINT('',(4.858849274966,4.724917501232));
#1968 = CARTESIAN_POINT('',(4.932372047774,4.726820721021));
#1969 = CARTESIAN_POINT('',(5.006519944933,4.729649722412));
#1970 = CARTESIAN_POINT('',(5.081610087062,4.733352914716));
#1971 = CARTESIAN_POINT('',(5.157973958769,4.737843080953));
#1972 = CARTESIAN_POINT('',(5.322283974123,4.748665444107));
#1973 = CARTESIAN_POINT('',(5.410954795094,4.755166017947));
#1974 = CARTESIAN_POINT('',(5.502308644351,4.762292404201));
#1975 = CARTESIAN_POINT('',(5.596671613898,4.769754028254));
#1976 = CARTESIAN_POINT('',(5.694450388873,4.777145806314));
#1977 = CARTESIAN_POINT('',(5.796121814715,4.783928345921));
#1978 = CARTESIAN_POINT('',(5.954632689178,4.792242215494));
#1979 = CARTESIAN_POINT('',(6.007939095927,4.794687937954));
#1980 = CARTESIAN_POINT('',(6.062076173741,4.796751538259));
#1981 = CARTESIAN_POINT('',(6.116845179527,4.798358289809));
#1982 = CARTESIAN_POINT('',(6.172066988278,4.799451875635));
#1983 = CARTESIAN_POINT('',(6.227571210089,4.8));
#1984 = CARTESIAN_POINT('',(6.28318530718,4.8));
#1985 = ( GEOMETRIC_REPRESENTATION_CONTEXT(2) 
PARAMETRIC_REPRESENTATION_CONTEXT() REPRESENTATION_CONTEXT('2D SPACE',''
  ) );
#1986 = FACE_BOUND('',#1987,.T.);
#1987 = EDGE_LOOP('',(#1988));
#1988 = ORIENTED_EDGE('',*,*,#1989,.F.);
#1989 = EDGE_CURVE('',#1990,#1990,#1992,.T.);
#1990 = VERTEX_POINT('',#1991);
#1991 = CARTESIAN_POINT('',(-43.71690099352,-56.76755294639,115.7));
#1992 = SURFACE_CURVE('',#1993,(#2056,#2122),.PCURVE_S1.);
#1993 = B_SPLINE_CURVE_WITH_KNOTS('',7,(#1994,#1995,#1996,#1997,#1998,
    #1999,#2000,#2001,#2002,#2003,#2004,#2005,#2006,#2007,#2008,#2009,
    #2010,#2011,#2012,#2013,#2014,#2015,#2016,#2017,#2018,#2019,#2020,
    #2021,#2022,#2023,#2024,#2025,#2026,#2027,#2028,#2029,#2030,#2031,
    #2032,#2033,#2034,#2035,#2036,#2037,#2038,#2039,#2040,#2041,#2042,
    #2043,#2044,#2045,#2046,#2047,#2048,#2049,#2050,#2051,#2052,#2053,
    #2054,#2055),.UNSPECIFIED.,.T.,.F.,(1,7,6,6,6,6,6,6,6,6,6,7,1),(
    -5.1294210148E-02,0.,8.234479515821E-02,0.180750433067,
    0.344502006336,0.442272736063,0.531818636543,0.631500118498,
    0.750063713512,0.844378248316,0.948705789852,1.,1.082344795158),
  .UNSPECIFIED.);
#1994 = CARTESIAN_POINT('',(-43.71690099352,-56.76755294639,115.7));
#1995 = CARTESIAN_POINT('',(-43.4825567497,-56.94802230916,115.7));
#1996 = CARTESIAN_POINT('',(-43.24969808907,-57.12555006729,
    115.7309294464));
#1997 = CARTESIAN_POINT('',(-43.02229766548,-57.29713950253,
    115.79167027891));
#1998 = CARTESIAN_POINT('',(-42.80420608798,-57.46007609131,
    115.87982272159));
#1999 = CARTESIAN_POINT('',(-42.59887597763,-57.61209459661,
    115.99178586984));
#2000 = CARTESIAN_POINT('',(-42.40911285957,-57.75149455087,
    116.122822397));
#2001 = CARTESIAN_POINT('',(-42.03099467967,-58.02743258519,
    116.43953425665));
#2002 = CARTESIAN_POINT('',(-41.84752096429,-58.16001614267,
    116.63306979338));
#2003 = CARTESIAN_POINT('',(-41.68624468786,-58.27561964235,
    116.84252679817));
#2004 = CARTESIAN_POINT('',(-41.54656290237,-58.37510075224,
    117.06397456462));
#2005 = CARTESIAN_POINT('',(-41.42771020898,-58.45932674783,
    117.29440531227));
#2006 = CARTESIAN_POINT('',(-41.32894238524,-58.52905625004,
    117.53150291197));
#2007 = CARTESIAN_POINT('',(-41.11770429941,-58.67778910172,
    118.17623146694));
#2008 = CARTESIAN_POINT('',(-41.03970352223,-58.73219097919,
    118.59250713027));
#2009 = CARTESIAN_POINT('',(-41.01273505688,-58.75090865298,
    119.0145332773));
#2010 = CARTESIAN_POINT('',(-41.0357142015,-58.73492520811,
    119.43729895204));
#2011 = CARTESIAN_POINT('',(-41.10926037801,-58.6837060047,
    119.8556624254));
#2012 = CARTESIAN_POINT('',(-41.23555513581,-58.5952335545,
    120.26338672854));
#2013 = CARTESIAN_POINT('',(-41.52667582509,-58.38900140176,
    120.88083418936));
#2014 = CARTESIAN_POINT('',(-41.65579781991,-58.29717537146,
    121.10483447882));
#2015 = CARTESIAN_POINT('',(-41.80590587243,-58.18988763884,
    121.31925130316));
#2016 = CARTESIAN_POINT('',(-41.97757093846,-58.06640937305,
    121.52071445797));
#2017 = CARTESIAN_POINT('',(-42.17112448568,-57.92608776775,
    121.70513999739));
#2018 = CARTESIAN_POINT('',(-42.38646819139,-57.76847096072,
    121.86755504938));
#2019 = CARTESIAN_POINT('',(-42.83919875071,-57.43342271238,
    122.12472415931));
#2020 = CARTESIAN_POINT('',(-43.07493572813,-57.2574936366,
    122.22500337146));
#2021 = CARTESIAN_POINT('',(-43.32476603749,-57.06918122673,
    122.29430006053));
#2022 = CARTESIAN_POINT('',(-43.58218253668,-56.87293465298,
    122.32745462605));
#2023 = CARTESIAN_POINT('',(-43.84011413459,-56.67397432546,
    122.32251597566));
#2024 = CARTESIAN_POINT('',(-44.0916451486,-56.47780043567,
    122.28080237157));
#2025 = CARTESIAN_POINT('',(-44.5968735833,-56.07990845927,
    122.1247979167));
#2026 = CARTESIAN_POINT('',(-44.84393961932,-55.88295326288,
    122.00395436064));
#2027 = CARTESIAN_POINT('',(-45.06956821621,-55.70107912206,
    121.8512265418));
#2028 = CARTESIAN_POINT('',(-45.27251475222,-55.53592565911,
    121.672811681));
#2029 = CARTESIAN_POINT('',(-45.45228897613,-55.38847839667,
    121.47451631817));
#2030 = CARTESIAN_POINT('',(-45.60901865494,-55.25912060549,
    121.26182872217));
#2031 = CARTESIAN_POINT('',(-45.90328395382,-55.01503577473,
    120.77598652387));
#2032 = CARTESIAN_POINT('',(-46.03323083088,-54.90633584304,
    120.49625146785));
#2033 = CARTESIAN_POINT('',(-46.13505955998,-54.82065218593,
    120.20599092625));
#2034 = CARTESIAN_POINT('',(-46.21031679589,-54.75708825198,
    119.90883724242));
#2035 = CARTESIAN_POINT('',(-46.26012407767,-54.71493842568,
    119.60742484563));
#2036 = CARTESIAN_POINT('',(-46.28506457474,-54.69383235166,
    119.30384218438));
#2037 = CARTESIAN_POINT('',(-46.28506457474,-54.69383235166,
    118.75830073075));
#2038 = CARTESIAN_POINT('',(-46.26928218462,-54.7071883403,
    118.5166818537));
#2039 = CARTESIAN_POINT('',(-46.23773734968,-54.73388331031,
    118.27617168033));
#2040 = CARTESIAN_POINT('',(-46.19020485868,-54.77405892181,
    118.0378340055));
#2041 = CARTESIAN_POINT('',(-46.12624543493,-54.82798834743,
    117.80290837057));
#2042 = CARTESIAN_POINT('',(-46.04523372625,-54.89604309099,
    117.57295436976));
#2043 = CARTESIAN_POINT('',(-45.83703808507,-55.0700349233,
    117.10337543337));
#2044 = CARTESIAN_POINT('',(-45.70541455461,-55.17960348214,
    116.8642993718));
#2045 = CARTESIAN_POINT('',(-45.55041591877,-55.30796317379,
    116.63631525729));
#2046 = CARTESIAN_POINT('',(-45.37106115832,-55.45550273176,
    116.42374144423));
#2047 = CARTESIAN_POINT('',(-45.16660322759,-55.62228617621,
    116.23177596758));
#2048 = CARTESIAN_POINT('',(-44.93675951513,-55.80785034513,
    116.06671761003));
#2049 = CARTESIAN_POINT('',(-44.55708353598,-56.11073368319,
    115.87230623022));
#2050 = CARTESIAN_POINT('',(-44.42609220334,-56.21469749438,
    115.81668314031));
#2051 = CARTESIAN_POINT('',(-44.29009596472,-56.32203330067,
    115.77079626788));
#2052 = CARTESIAN_POINT('',(-44.15007018406,-56.4318956534,
    115.73563846437));
#2053 = CARTESIAN_POINT('',(-44.00709171832,-56.54338418018,
    115.71190785872));
#2054 = CARTESIAN_POINT('',(-43.86230714562,-56.65557513468,115.7));
#2055 = CARTESIAN_POINT('',(-43.71690099352,-56.76755294639,115.7));
#2056 = PCURVE('',#49,#2057);
#2057 = DEFINITIONAL_REPRESENTATION('',(#2058),#2121);
#2058 = B_SPLINE_CURVE_WITH_KNOTS('',7,(#2059,#2060,#2061,#2062,#2063,
    #2064,#2065,#2066,#2067,#2068,#2069,#2070,#2071,#2072,#2073,#2074,
    #2075,#2076,#2077,#2078,#2079,#2080,#2081,#2082,#2083,#2084,#2085,
    #2086,#2087,#2088,#2089,#2090,#2091,#2092,#2093,#2094,#2095,#2096,
    #2097,#2098,#2099,#2100,#2101,#2102,#2103,#2104,#2105,#2106,#2107,
    #2108,#2109,#2110,#2111,#2112,#2113,#2114,#2115,#2116,#2117,#2118,
    #2119,#2120),.UNSPECIFIED.,.T.,.F.,(1,7,6,6,6,6,6,6,6,6,6,7,1),(
    -5.1294210148E-02,0.,8.234479515821E-02,0.180750433067,
    0.344502006336,0.442272736063,0.531818636543,0.631500118498,
    0.750063713512,0.844378248316,0.948705789852,1.,1.082344795158),
  .UNSPECIFIED.);
#2059 = CARTESIAN_POINT('',(4.056145181635,24.7));
#2060 = CARTESIAN_POINT('',(4.060273318778,24.7));
#2061 = CARTESIAN_POINT('',(4.064359979135,24.730929446401));
#2062 = CARTESIAN_POINT('',(4.068335829338,24.791670278919));
#2063 = CARTESIAN_POINT('',(4.072135280843,24.87982272159));
#2064 = CARTESIAN_POINT('',(4.075700907086,24.991785869842));
#2065 = CARTESIAN_POINT('',(4.078987172487,25.122822397003));
#2066 = CARTESIAN_POINT('',(4.085520283157,25.439534256658));
#2067 = CARTESIAN_POINT('',(4.088679561441,25.633069793387));
#2068 = CARTESIAN_POINT('',(4.091448960271,25.842526798179));
#2069 = CARTESIAN_POINT('',(4.093842333093,26.063974564622));
#2070 = CARTESIAN_POINT('',(4.095875416268,26.294405312277));
#2071 = CARTESIAN_POINT('',(4.097562811584,26.531502911976));
#2072 = CARTESIAN_POINT('',(4.10116848705,27.176231466946));
#2073 = CARTESIAN_POINT('',(4.102495735767,27.592507130272));
#2074 = CARTESIAN_POINT('',(4.102953907959,28.014533277307));
#2075 = CARTESIAN_POINT('',(4.102563239829,28.437298952045));
#2076 = CARTESIAN_POINT('',(4.101312375287,28.855662425401));
#2077 = CARTESIAN_POINT('',(4.099160271868,29.26338672854));
#2078 = CARTESIAN_POINT('',(4.094180964536,29.880834189367));
#2079 = CARTESIAN_POINT('',(4.091969607048,30.104834478825));
#2080 = CARTESIAN_POINT('',(4.089394494773,30.319251303167));
#2081 = CARTESIAN_POINT('',(4.086443215894,30.520714457979));
#2082 = CARTESIAN_POINT('',(4.08310666623,30.705139997397));
#2083 = CARTESIAN_POINT('',(4.079382179273,30.867555049382));
#2084 = CARTESIAN_POINT('',(4.071521399091,31.12472415931));
#2085 = CARTESIAN_POINT('',(4.067416087193,31.225003371461));
#2086 = CARTESIAN_POINT('',(4.063049774027,31.294300060536));
#2087 = CARTESIAN_POINT('',(4.058532223485,31.327454626058));
#2088 = CARTESIAN_POINT('',(4.05398590958,31.322515975667));
#2089 = CARTESIAN_POINT('',(4.049533955479,31.280802371578));
#2090 = CARTESIAN_POINT('',(4.040558421148,31.124797916706));
#2091 = CARTESIAN_POINT('',(4.036148678823,31.003954360649));
#2092 = CARTESIAN_POINT('',(4.032104045728,30.851226541801));
#2093 = CARTESIAN_POINT('',(4.028452260312,30.672811681));
#2094 = CARTESIAN_POINT('',(4.02520724929,30.474516318171));
#2095 = CARTESIAN_POINT('',(4.022370995546,30.261828722172));
#2096 = CARTESIAN_POINT('',(4.017035040741,29.775986523873));
#2097 = CARTESIAN_POINT('',(4.01467056348,29.496251467852));
#2098 = CARTESIAN_POINT('',(4.012813181975,29.205990926255));
#2099 = CARTESIAN_POINT('',(4.011438318851,28.908837242421));
#2100 = CARTESIAN_POINT('',(4.010527662088,28.607424845633));
#2101 = CARTESIAN_POINT('',(4.010071660178,28.303842184387));
#2102 = CARTESIAN_POINT('',(4.010071660178,27.758300730752));
#2103 = CARTESIAN_POINT('',(4.010360219286,27.516681853705));
#2104 = CARTESIAN_POINT('',(4.010936971478,27.27617168033));
#2105 = CARTESIAN_POINT('',(4.011805593729,27.037834005504));
#2106 = CARTESIAN_POINT('',(4.012973228512,26.802908370573));
#2107 = CARTESIAN_POINT('',(4.014449892714,26.572954369769));
#2108 = CARTESIAN_POINT('',(4.018236737732,26.103375433372));
#2109 = CARTESIAN_POINT('',(4.020626965071,25.8642993718));
#2110 = CARTESIAN_POINT('',(4.023435715246,25.6363152573));
#2111 = CARTESIAN_POINT('',(4.02667701143,25.423741444233));
#2112 = CARTESIAN_POINT('',(4.030359508435,25.231775967587));
#2113 = CARTESIAN_POINT('',(4.034482281627,25.066717610037));
#2114 = CARTESIAN_POINT('',(4.041260890317,24.872306230222));
#2115 = CARTESIAN_POINT('',(4.04359492342,24.816683140314));
#2116 = CARTESIAN_POINT('',(4.04601292835,24.770796267885));
#2117 = CARTESIAN_POINT('',(4.048496931594,24.735638464376));
#2118 = CARTESIAN_POINT('',(4.051027378726,24.711907858727));
#2119 = CARTESIAN_POINT('',(4.053583750949,24.7));
#2120 = CARTESIAN_POINT('',(4.056145181635,24.7));
#2121 = ( GEOMETRIC_REPRESENTATION_CONTEXT(2) 
PARAMETRIC_REPRESENTATION_CONTEXT() REPRESENTATION_CONTEXT('2D SPACE',''
  ) );
#2122 = PCURVE('',#2123,#2128);
#2123 = CYLINDRICAL_SURFACE('',#2124,3.3);
#2124 = AXIS2_PLACEMENT_3D('',#2125,#2126,#2127);
#2125 = CARTESIAN_POINT('',(-40.7882042068,-52.96456265829,119.));
#2126 = DIRECTION('',(-0.610145163901,-0.792289643355,2.220446049251E-16
    ));
#2127 = DIRECTION('',(-1.354794418654E-16,-1.75923640845E-16,-1.));
#2128 = DEFINITIONAL_REPRESENTATION('',(#2129),#2192);
#2129 = B_SPLINE_CURVE_WITH_KNOTS('',7,(#2130,#2131,#2132,#2133,#2134,
    #2135,#2136,#2137,#2138,#2139,#2140,#2141,#2142,#2143,#2144,#2145,
    #2146,#2147,#2148,#2149,#2150,#2151,#2152,#2153,#2154,#2155,#2156,
    #2157,#2158,#2159,#2160,#2161,#2162,#2163,#2164,#2165,#2166,#2167,
    #2168,#2169,#2170,#2171,#2172,#2173,#2174,#2175,#2176,#2177,#2178,
    #2179,#2180,#2181,#2182,#2183,#2184,#2185,#2186,#2187,#2188,#2189,
    #2190,#2191),.UNSPECIFIED.,.F.,.F.,(8,6,6,6,6,6,6,6,6,6,8),(0.,
    8.234479515821E-02,0.180750433067,0.344502006336,0.442272736063,
    0.531818636543,0.631500118498,0.750063713512,0.844378248316,
    0.948705789852,1.),.UNSPECIFIED.);
#2130 = CARTESIAN_POINT('',(0.,4.8));
#2131 = CARTESIAN_POINT('',(8.963061402517E-02,4.8));
#2132 = CARTESIAN_POINT('',(0.178360571629,4.798575818527));
#2133 = CARTESIAN_POINT('',(0.265858767427,4.795777082254));
#2134 = CARTESIAN_POINT('',(0.351766715959,4.791802532769));
#2135 = CARTESIAN_POINT('',(0.435661356029,4.78696404628));
#2136 = CARTESIAN_POINT('',(0.516993025798,4.781626137551));
#2137 = CARTESIAN_POINT('',(0.688218697709,4.7695420055));
#2138 = CARTESIAN_POINT('',(0.777872451821,4.76264098483));
#2139 = CARTESIAN_POINT('',(0.86453645196,4.755830500249));
#2140 = CARTESIAN_POINT('',(0.948673470426,4.749422187423));
#2141 = CARTESIAN_POINT('',(1.030695303591,4.743636175337));
#2142 = CARTESIAN_POINT('',(1.111001961924,4.738619427771));
#2143 = CARTESIAN_POINT('',(1.321449008226,4.72757302929));
#2144 = CARTESIAN_POINT('',(1.449255809936,4.723083276411));
#2145 = CARTESIAN_POINT('',(1.575383267505,4.721458416793));
#2146 = CARTESIAN_POINT('',(1.70137849649,4.722815512911));
#2147 = CARTESIAN_POINT('',(1.828775455208,4.727108912434));
#2148 = CARTESIAN_POINT('',(1.959115540969,4.73407124212));
#2149 = CARTESIAN_POINT('',(2.175166121405,4.748301524042));
#2150 = CARTESIAN_POINT('',(2.257940127219,4.754331871946));
#2151 = CARTESIAN_POINT('',(2.343009036564,4.760916614834));
#2152 = CARTESIAN_POINT('',(2.430674762769,4.767826673517));
#2153 = CARTESIAN_POINT('',(2.52129399199,4.774747079691));
#2154 = CARTESIAN_POINT('',(2.615277310246,4.781259836479));
#2155 = CARTESIAN_POINT('',(2.802872921556,4.792035940614));
#2156 = CARTESIAN_POINT('',(2.896567540004,4.796482932638));
#2157 = CARTESIAN_POINT('',(2.992701602854,4.799717715628));
#2158 = CARTESIAN_POINT('',(3.090107468901,4.801295019797));
#2159 = CARTESIAN_POINT('',(3.18778739447,4.801036529946));
#2160 = CARTESIAN_POINT('',(3.284702932101,4.79908042054));
#2161 = CARTESIAN_POINT('',(3.485221640466,4.792097414557));
#2162 = CARTESIAN_POINT('',(3.586889557831,4.786797999296));
#2163 = CARTESIAN_POINT('',(3.685048103954,4.780367198364));
#2164 = CARTESIAN_POINT('',(3.779948129216,4.773344667573));
#2165 = CARTESIAN_POINT('',(3.871737649163,4.766212101922));
#2166 = CARTESIAN_POINT('',(3.960444591104,4.759351119248));
#2167 = CARTESIAN_POINT('',(4.147740983116,4.745509784748));
#2168 = CARTESIAN_POINT('',(4.246082726611,4.738674413242));
#2169 = CARTESIAN_POINT('',(4.341847981356,4.732918445716));
#2170 = CARTESIAN_POINT('',(4.435708452716,4.728475237695));
#2171 = CARTESIAN_POINT('',(4.5283209552,4.725470038957));
#2172 = CARTESIAN_POINT('',(4.620315591176,4.723965238765));
#2173 = CARTESIAN_POINT('',(4.785631183187,4.723965238765));
#2174 = CARTESIAN_POINT('',(4.858849274966,4.724917501232));
#2175 = CARTESIAN_POINT('',(4.932372047774,4.726820721021));
#2176 = CARTESIAN_POINT('',(5.006519944933,4.729649722412));
#2177 = CARTESIAN_POINT('',(5.081610087062,4.733352914716));
#2178 = CARTESIAN_POINT('',(5.157973958769,4.737843080953));
#2179 = CARTESIAN_POINT('',(5.322283974123,4.748665444107));
#2180 = CARTESIAN_POINT('',(5.410954795094,4.755166017947));
#2181 = CARTESIAN_POINT('',(5.502308644351,4.762292404202));
#2182 = CARTESIAN_POINT('',(5.596671613898,4.769754028254));
#2183 = CARTESIAN_POINT('',(5.694450388873,4.777145806315));
#2184 = CARTESIAN_POINT('',(5.796121814715,4.783928345921));
#2185 = CARTESIAN_POINT('',(5.954632685105,4.79224221528));
#2186 = CARTESIAN_POINT('',(6.00793910003,4.794687938049));
#2187 = CARTESIAN_POINT('',(6.062076177156,4.796751538426));
#2188 = CARTESIAN_POINT('',(6.116845176424,4.7983582898));
#2189 = CARTESIAN_POINT('',(6.17206698406,4.799451875508));
#2190 = CARTESIAN_POINT('',(6.227571213645,4.8));
#2191 = CARTESIAN_POINT('',(6.28318530718,4.8));
#2192 = ( GEOMETRIC_REPRESENTATION_CONTEXT(2) 
PARAMETRIC_REPRESENTATION_CONTEXT() REPRESENTATION_CONTEXT('2D SPACE',''
  ) );
#2193 = FACE_BOUND('',#2194,.T.);
#2194 = EDGE_LOOP('',(#2195));
#2195 = ORIENTED_EDGE('',*,*,#2196,.F.);
#2196 = EDGE_CURVE('',#2197,#2197,#2199,.T.);
#2197 = VERTEX_POINT('',#2198);
#2198 = CARTESIAN_POINT('',(27.303692465497,-66.24372330832,115.7));
#2199 = SURFACE_CURVE('',#2200,(#2263,#2329),.PCURVE_S1.);
#2200 = B_SPLINE_CURVE_WITH_KNOTS('',7,(#2201,#2202,#2203,#2204,#2205,
    #2206,#2207,#2208,#2209,#2210,#2211,#2212,#2213,#2214,#2215,#2216,
    #2217,#2218,#2219,#2220,#2221,#2222,#2223,#2224,#2225,#2226,#2227,
    #2228,#2229,#2230,#2231,#2232,#2233,#2234,#2235,#2236,#2237,#2238,
    #2239,#2240,#2241,#2242,#2243,#2244,#2245,#2246,#2247,#2248,#2249,
    #2250,#2251,#2252,#2253,#2254,#2255,#2256,#2257,#2258,#2259,#2260,
    #2261,#2262),.UNSPECIFIED.,.T.,.F.,(1,7,6,6,6,6,6,6,6,6,6,7,1),(
    -5.1294216817E-02,0.,8.234479259631E-02,0.180750426676,
    0.344501996833,0.442272722091,0.53181861862,0.631500098353,
    0.750063696519,0.844378236225,0.948705783183,1.,1.082344792596),
  .UNSPECIFIED.);
#2201 = CARTESIAN_POINT('',(27.303692465497,-66.24372330832,115.7));
#2202 = CARTESIAN_POINT('',(27.577155637992,-66.13100992221,115.7));
#2203 = CARTESIAN_POINT('',(27.847328524274,-66.01811228253,
    115.73092944744));
#2204 = CARTESIAN_POINT('',(28.109629537631,-65.90697246005,
    115.79167027747));
#2205 = CARTESIAN_POINT('',(28.359782550974,-65.79956790814,
    115.87982272099));
#2206 = CARTESIAN_POINT('',(28.594099501832,-65.69775606555,
    115.99178587194));
#2207 = CARTESIAN_POINT('',(28.809704956264,-65.60311636446,
    116.12282239587));
#2208 = CARTESIAN_POINT('',(29.237733395327,-65.41362543152,
    116.43953425665));
#2209 = CARTESIAN_POINT('',(29.444290981923,-65.32102431181,
    116.63306979338));
#2210 = CARTESIAN_POINT('',(29.625044687624,-65.23915670924,
    116.84252679817));
#2211 = CARTESIAN_POINT('',(29.781038748736,-65.1679292895,
    117.06397456462));
#2212 = CARTESIAN_POINT('',(29.913406947267,-65.10711283551,
    117.29440531227));
#2213 = CARTESIAN_POINT('',(30.023178379442,-65.05644214218,
    117.53150291197));
#2214 = CARTESIAN_POINT('',(30.257603853208,-64.9478710181,
    118.17623147496));
#2215 = CARTESIAN_POINT('',(30.343717641525,-64.90752130608,
    118.59250709712));
#2216 = CARTESIAN_POINT('',(30.373411860004,-64.89352476461,
    119.01453334108));
#2217 = CARTESIAN_POINT('',(30.348080230007,-64.90543355988,
    119.43729888273));
#2218 = CARTESIAN_POINT('',(30.266949986169,-64.94351682653,
    119.85566246619));
#2219 = CARTESIAN_POINT('',(30.127183236618,-65.00865506143,
    120.26338671779));
#2220 = CARTESIAN_POINT('',(29.803020602854,-65.15765690019,
    120.88083418961));
#2221 = CARTESIAN_POINT('',(29.658935930563,-65.22356681271,
    121.1048344788));
#2222 = CARTESIAN_POINT('',(29.490968002517,-65.2999203331,
    121.31925130296));
#2223 = CARTESIAN_POINT('',(29.298200154546,-65.38684750832,
    121.52071445786));
#2224 = CARTESIAN_POINT('',(29.079901305865,-65.48430899464,
    121.70513999747));
#2225 = CARTESIAN_POINT('',(28.835729293842,-65.5919937109,
    121.86755504949));
#2226 = CARTESIAN_POINT('',(28.319203719676,-65.81654575215,
    122.1247241594));
#2227 = CARTESIAN_POINT('',(28.048976182444,-65.93273542516,
    122.22500337132));
#2228 = CARTESIAN_POINT('',(27.760977696936,-66.05493861478,
    122.29430006057));
#2229 = CARTESIAN_POINT('',(27.462314928765,-66.17974455569,
    122.32745462613));
#2230 = CARTESIAN_POINT('',(27.161044431787,-66.30363970817,
    122.32251597556));
#2231 = CARTESIAN_POINT('',(26.865387353061,-66.4233850111,
    122.28080237163));
#2232 = CARTESIAN_POINT('',(26.2681885689,-66.66197968496,
    122.12479791485));
#2233 = CARTESIAN_POINT('',(25.97408737186,-66.77746754058,
    122.00395436383));
#2234 = CARTESIAN_POINT('',(25.703765415158,-66.8819305799,
    121.85122654475));
#2235 = CARTESIAN_POINT('',(25.459265066962,-66.97511069799,
    121.67281166812));
#2236 = CARTESIAN_POINT('',(25.241684888208,-67.05707610902,
    121.47451633142));
#2237 = CARTESIAN_POINT('',(25.051292903896,-67.128129101,
    121.26182871705));
#2238 = CARTESIAN_POINT('',(24.692776589094,-67.26092791036,
    120.77598651706));
#2239 = CARTESIAN_POINT('',(24.533666266581,-67.31911523444,
    120.4962514832));
#2240 = CARTESIAN_POINT('',(24.408547650255,-67.3644596825,
    120.20599091877));
#2241 = CARTESIAN_POINT('',(24.315871073482,-67.39785238521,
    119.90883722961));
#2242 = CARTESIAN_POINT('',(24.254464602614,-67.41991184696,
    119.6074248641));
#2243 = CARTESIAN_POINT('',(24.223715959497,-67.43095791336,
    119.30384217667));
#2244 = CARTESIAN_POINT('',(24.223715959497,-67.43095791336,
    118.75830073075));
#2245 = CARTESIAN_POINT('',(24.243173780008,-67.4239679569,
    118.5166818537));
#2246 = CARTESIAN_POINT('',(24.28206471966,-67.40999681349,
    118.27617168033));
#2247 = CARTESIAN_POINT('',(24.340624065331,-67.38892027453,
    118.0378340055));
#2248 = CARTESIAN_POINT('',(24.419308029806,-67.36049450156,
    117.80290837057));
#2249 = CARTESIAN_POINT('',(24.518751020922,-67.32436367562,
    117.57295436976));
#2250 = CARTESIAN_POINT('',(24.773530188337,-67.23105687756,
    117.10337543337));
#2251 = CARTESIAN_POINT('',(24.934231108985,-67.17185183586,
    116.86429937179));
#2252 = CARTESIAN_POINT('',(25.122893180697,-67.1017989255,
    116.6363152573));
#2253 = CARTESIAN_POINT('',(25.340343566186,-67.02024292564,
    116.42374144423));
#2254 = CARTESIAN_POINT('',(25.587011231371,-66.92656888585,
    116.23177596758));
#2255 = CARTESIAN_POINT('',(25.862636371925,-66.82030047642,
    116.06671761003));
#2256 = CARTESIAN_POINT('',(26.314779038266,-66.64293309774,
    115.87230622522));
#2257 = CARTESIAN_POINT('',(26.47030998229,-66.58147319109,
    115.8166831425));
#2258 = CARTESIAN_POINT('',(26.631263638976,-66.51736489571,
    115.77079627176));
#2259 = CARTESIAN_POINT('',(26.796420137006,-66.45103018107,
    115.73563846418));
#2260 = CARTESIAN_POINT('',(26.964461269293,-66.38295145982,
    115.7119078558));
#2261 = CARTESIAN_POINT('',(27.134013748988,-66.31365982852,115.7));
#2262 = CARTESIAN_POINT('',(27.303692465497,-66.24372330832,115.7));
#2263 = PCURVE('',#49,#2264);
#2264 = DEFINITIONAL_REPRESENTATION('',(#2265),#2328);
#2265 = B_SPLINE_CURVE_WITH_KNOTS('',7,(#2266,#2267,#2268,#2269,#2270,
    #2271,#2272,#2273,#2274,#2275,#2276,#2277,#2278,#2279,#2280,#2281,
    #2282,#2283,#2284,#2285,#2286,#2287,#2288,#2289,#2290,#2291,#2292,
    #2293,#2294,#2295,#2296,#2297,#2298,#2299,#2300,#2301,#2302,#2303,
    #2304,#2305,#2306,#2307,#2308,#2309,#2310,#2311,#2312,#2313,#2314,
    #2315,#2316,#2317,#2318,#2319,#2320,#2321,#2322,#2323,#2324,#2325,
    #2326,#2327),.UNSPECIFIED.,.T.,.F.,(1,7,6,6,6,6,6,6,6,6,6,7,1),(
    -5.1294216817E-02,0.,8.234479259631E-02,0.180750426676,
    0.344501996833,0.442272722091,0.53181861862,0.631500098353,
    0.750063696519,0.844378236225,0.948705783183,1.,1.082344792596),
  .UNSPECIFIED.);
#2266 = CARTESIAN_POINT('',(5.103342732831,24.7));
#2267 = CARTESIAN_POINT('',(5.107470869941,24.7));
#2268 = CARTESIAN_POINT('',(5.111557530413,24.730929447449));
#2269 = CARTESIAN_POINT('',(5.115533380489,24.79167027747));
#2270 = CARTESIAN_POINT('',(5.119332831987,24.879822720997));
#2271 = CARTESIAN_POINT('',(5.122898458355,24.99178587194));
#2272 = CARTESIAN_POINT('',(5.12618472366,25.122822395876));
#2273 = CARTESIAN_POINT('',(5.132717834354,25.439534256658));
#2274 = CARTESIAN_POINT('',(5.135877112637,25.633069793387));
#2275 = CARTESIAN_POINT('',(5.138646511468,25.842526798179));
#2276 = CARTESIAN_POINT('',(5.141039884289,26.063974564622));
#2277 = CARTESIAN_POINT('',(5.143072967465,26.294405312277));
#2278 = CARTESIAN_POINT('',(5.144760362781,26.531502911976));
#2279 = CARTESIAN_POINT('',(5.148366038292,27.176231474969));
#2280 = CARTESIAN_POINT('',(5.149693286883,27.592507097125));
#2281 = CARTESIAN_POINT('',(5.150151459149,28.014533341081));
#2282 = CARTESIAN_POINT('',(5.149760791197,28.437298882733));
#2283 = CARTESIAN_POINT('',(5.148509926283,28.855662466196));
#2284 = CARTESIAN_POINT('',(5.146357823151,29.263386717797));
#2285 = CARTESIAN_POINT('',(5.14137851573,29.880834189614));
#2286 = CARTESIAN_POINT('',(5.139167158244,30.104834478805));
#2287 = CARTESIAN_POINT('',(5.136592045972,30.319251302967));
#2288 = CARTESIAN_POINT('',(5.133640767093,30.520714457869));
#2289 = CARTESIAN_POINT('',(5.130304217426,30.705139997473));
#2290 = CARTESIAN_POINT('',(5.126579730467,30.867555049498));
#2291 = CARTESIAN_POINT('',(5.118718950285,31.124724159401));
#2292 = CARTESIAN_POINT('',(5.114613638392,31.225003371321));
#2293 = CARTESIAN_POINT('',(5.110247325226,31.294300060578));
#2294 = CARTESIAN_POINT('',(5.105729774679,31.327454626132));
#2295 = CARTESIAN_POINT('',(5.101183460774,31.322515975568));
#2296 = CARTESIAN_POINT('',(5.096731506678,31.28080237163));
#2297 = CARTESIAN_POINT('',(5.087755972238,31.124797914856));
#2298 = CARTESIAN_POINT('',(5.08334623028,31.003954363833));
#2299 = CARTESIAN_POINT('',(5.079301596704,30.851226544757));
#2300 = CARTESIAN_POINT('',(5.075649811504,30.672811668128));
#2301 = CARTESIAN_POINT('',(5.072404800602,30.474516331425));
#2302 = CARTESIAN_POINT('',(5.069568546686,30.261828717051));
#2303 = CARTESIAN_POINT('',(5.064232591863,29.775986517064));
#2304 = CARTESIAN_POINT('',(5.061868114873,29.496251483206));
#2305 = CARTESIAN_POINT('',(5.060010732951,29.205990918772));
#2306 = CARTESIAN_POINT('',(5.058635870166,28.908837229617));
#2307 = CARTESIAN_POINT('',(5.057725213259,28.607424864106));
#2308 = CARTESIAN_POINT('',(5.057269211375,28.303842176675));
#2309 = CARTESIAN_POINT('',(5.057269211375,27.758300730752));
#2310 = CARTESIAN_POINT('',(5.057557770482,27.516681853705));
#2311 = CARTESIAN_POINT('',(5.058134522675,27.27617168033));
#2312 = CARTESIAN_POINT('',(5.059003144925,27.037834005504));
#2313 = CARTESIAN_POINT('',(5.060170779709,26.802908370573));
#2314 = CARTESIAN_POINT('',(5.061647443911,26.572954369769));
#2315 = CARTESIAN_POINT('',(5.065434288929,26.103375433372));
#2316 = CARTESIAN_POINT('',(5.067824516268,25.864299371799));
#2317 = CARTESIAN_POINT('',(5.070633266442,25.6363152573));
#2318 = CARTESIAN_POINT('',(5.073874562627,25.423741444233));
#2319 = CARTESIAN_POINT('',(5.077557059631,25.231775967587));
#2320 = CARTESIAN_POINT('',(5.081679832824,25.066717610037));
#2321 = CARTESIAN_POINT('',(5.088458441688,24.87230622522));
#2322 = CARTESIAN_POINT('',(5.090792474432,24.816683142503));
#2323 = CARTESIAN_POINT('',(5.093210479399,24.770796271761));
#2324 = CARTESIAN_POINT('',(5.095694482933,24.735638464185));
#2325 = CARTESIAN_POINT('',(5.09822493011,24.711907855806));
#2326 = CARTESIAN_POINT('',(5.100781301981,24.7));
#2327 = CARTESIAN_POINT('',(5.103342732831,24.7));
#2328 = ( GEOMETRIC_REPRESENTATION_CONTEXT(2) 
PARAMETRIC_REPRESENTATION_CONTEXT() REPRESENTATION_CONTEXT('2D SPACE',''
  ) );
#2329 = PCURVE('',#2330,#2335);
#2330 = CYLINDRICAL_SURFACE('',#2331,3.3);
#2331 = AXIS2_PLACEMENT_3D('',#2332,#2333,#2334);
#2332 = CARTESIAN_POINT('',(25.474554659016,-61.80590234698,119.));
#2333 = DIRECTION('',(0.38107037635,-0.924546033612,2.220446049251E-16)
  );
#2334 = DIRECTION('',(8.461462116533E-17,-2.052904587685E-16,-1.));
#2335 = DEFINITIONAL_REPRESENTATION('',(#2336),#2399);
#2336 = B_SPLINE_CURVE_WITH_KNOTS('',7,(#2337,#2338,#2339,#2340,#2341,
    #2342,#2343,#2344,#2345,#2346,#2347,#2348,#2349,#2350,#2351,#2352,
    #2353,#2354,#2355,#2356,#2357,#2358,#2359,#2360,#2361,#2362,#2363,
    #2364,#2365,#2366,#2367,#2368,#2369,#2370,#2371,#2372,#2373,#2374,
    #2375,#2376,#2377,#2378,#2379,#2380,#2381,#2382,#2383,#2384,#2385,
    #2386,#2387,#2388,#2389,#2390,#2391,#2392,#2393,#2394,#2395,#2396,
    #2397,#2398),.UNSPECIFIED.,.F.,.F.,(8,6,6,6,6,6,6,6,6,6,8),(0.,
    8.234479259631E-02,0.180750426676,0.344501996833,0.442272722091,
    0.53181861862,0.631500098353,0.750063696519,0.844378236225,
    0.948705783183,1.),.UNSPECIFIED.);
#2337 = CARTESIAN_POINT('',(0.,4.8));
#2338 = CARTESIAN_POINT('',(8.963061331291E-02,4.8));
#2339 = CARTESIAN_POINT('',(0.178360573472,4.798575818484));
#2340 = CARTESIAN_POINT('',(0.265858766319,4.795777082311));
#2341 = CARTESIAN_POINT('',(0.35176671477,4.791802532794));
#2342 = CARTESIAN_POINT('',(0.435661357771,4.786964046197));
#2343 = CARTESIAN_POINT('',(0.516993025189,4.781626137594));
#2344 = CARTESIAN_POINT('',(0.688218697709,4.7695420055));
#2345 = CARTESIAN_POINT('',(0.777872451821,4.76264098483));
#2346 = CARTESIAN_POINT('',(0.86453645196,4.755830500249));
#2347 = CARTESIAN_POINT('',(0.948673470426,4.749422187423));
#2348 = CARTESIAN_POINT('',(1.030695303591,4.743636175337));
#2349 = CARTESIAN_POINT('',(1.111001961924,4.738619427771));
#2350 = CARTESIAN_POINT('',(1.321449010845,4.727573029152));
#2351 = CARTESIAN_POINT('',(1.44925579911,4.723083276668));
#2352 = CARTESIAN_POINT('',(1.575383288457,4.721458416783));
#2353 = CARTESIAN_POINT('',(1.701378473457,4.722815512435));
#2354 = CARTESIAN_POINT('',(1.828775469032,4.727108913009));
#2355 = CARTESIAN_POINT('',(1.95911553721,4.734071241872));
#2356 = CARTESIAN_POINT('',(2.175166121491,4.748301524047));
#2357 = CARTESIAN_POINT('',(2.257940127222,4.754331871947));
#2358 = CARTESIAN_POINT('',(2.343009036491,4.760916614828));
#2359 = CARTESIAN_POINT('',(2.430674762707,4.767826673512));
#2360 = CARTESIAN_POINT('',(2.521293992004,4.774747079694));
#2361 = CARTESIAN_POINT('',(2.61527731033,4.781259836484));
#2362 = CARTESIAN_POINT('',(2.802872921622,4.792035940618));
#2363 = CARTESIAN_POINT('',(2.896567539936,4.796482932632));
#2364 = CARTESIAN_POINT('',(2.992701602802,4.79971771563));
#2365 = CARTESIAN_POINT('',(3.090107468956,4.8012950198));
#2366 = CARTESIAN_POINT('',(3.187787394535,4.801036529941));
#2367 = CARTESIAN_POINT('',(3.284702932034,4.799080420543));
#2368 = CARTESIAN_POINT('',(3.485221642844,4.792097414474));
#2369 = CARTESIAN_POINT('',(3.586889552265,4.786797999473));
#2370 = CARTESIAN_POINT('',(3.685048107704,4.780367198356));
#2371 = CARTESIAN_POINT('',(3.779948131464,4.773344667242));
#2372 = CARTESIAN_POINT('',(3.871737644685,4.766212102299));
#2373 = CARTESIAN_POINT('',(3.960444593078,4.759351119102));
#2374 = CARTESIAN_POINT('',(4.147740985741,4.745509784554));
#2375 = CARTESIAN_POINT('',(4.246082720522,4.738674413758));
#2376 = CARTESIAN_POINT('',(4.341847985255,4.732918445142));
#2377 = CARTESIAN_POINT('',(4.435708455648,4.728475237993));
#2378 = CARTESIAN_POINT('',(4.528320949846,4.725470038899));
#2379 = CARTESIAN_POINT('',(4.620315593514,4.723965238765));
#2380 = CARTESIAN_POINT('',(4.785631183187,4.723965238765));
#2381 = CARTESIAN_POINT('',(4.858849274966,4.724917501232));
#2382 = CARTESIAN_POINT('',(4.932372047775,4.726820721021));
#2383 = CARTESIAN_POINT('',(5.006519944933,4.729649722412));
#2384 = CARTESIAN_POINT('',(5.081610087062,4.733352914716));
#2385 = CARTESIAN_POINT('',(5.157973958769,4.737843080953));
#2386 = CARTESIAN_POINT('',(5.322283974123,4.748665444107));
#2387 = CARTESIAN_POINT('',(5.410954795094,4.755166017947));
#2388 = CARTESIAN_POINT('',(5.502308644351,4.762292404201));
#2389 = CARTESIAN_POINT('',(5.596671613898,4.769754028254));
#2390 = CARTESIAN_POINT('',(5.694450388873,4.777145806314));
#2391 = CARTESIAN_POINT('',(5.796121814715,4.783928345921));
#2392 = CARTESIAN_POINT('',(5.954632689183,4.792242215494));
#2393 = CARTESIAN_POINT('',(6.007939095923,4.794687937954));
#2394 = CARTESIAN_POINT('',(6.062076173737,4.796751538259));
#2395 = CARTESIAN_POINT('',(6.116845179531,4.798358289809));
#2396 = CARTESIAN_POINT('',(6.172066988283,4.799451875635));
#2397 = CARTESIAN_POINT('',(6.227571210085,4.8));
#2398 = CARTESIAN_POINT('',(6.28318530718,4.8));
#2399 = ( GEOMETRIC_REPRESENTATION_CONTEXT(2) 
PARAMETRIC_REPRESENTATION_CONTEXT() REPRESENTATION_CONTEXT('2D SPACE',''
  ) );
#2400 = FACE_BOUND('',#2401,.T.);
#2401 = EDGE_LOOP('',(#2402));
#2402 = ORIENTED_EDGE('',*,*,#2403,.F.);
#2403 = EDGE_CURVE('',#2404,#2404,#2406,.T.);
#2404 = VERTEX_POINT('',#2405);
#2405 = CARTESIAN_POINT('',(71.020593459023,-9.476170361923,115.7));
#2406 = SURFACE_CURVE('',#2407,(#2470,#2536),.PCURVE_S1.);
#2407 = B_SPLINE_CURVE_WITH_KNOTS('',7,(#2408,#2409,#2410,#2411,#2412,
    #2413,#2414,#2415,#2416,#2417,#2418,#2419,#2420,#2421,#2422,#2423,
    #2424,#2425,#2426,#2427,#2428,#2429,#2430,#2431,#2432,#2433,#2434,
    #2435,#2436,#2437,#2438,#2439,#2440,#2441,#2442,#2443,#2444,#2445,
    #2446,#2447,#2448,#2449,#2450,#2451,#2452,#2453,#2454,#2455,#2456,
    #2457,#2458,#2459,#2460,#2461,#2462,#2463,#2464,#2465,#2466,#2467,
    #2468,#2469),.UNSPECIFIED.,.T.,.F.,(1,7,6,6,6,6,6,6,6,6,6,7,1),(
    -5.1294216081E-02,0.,8.234479379734E-02,0.180750429414,
    0.344502002129,0.442272728809,0.531818625308,0.631500103606,
    0.750063700084,0.844378238447,0.948705783919,1.,1.082344793797),
  .UNSPECIFIED.);
#2408 = CARTESIAN_POINT('',(71.020593459023,-9.476170361923,115.7));
#2409 = CARTESIAN_POINT('',(71.059712389583,-9.182987614278,115.7));
#2410 = CARTESIAN_POINT('',(71.097026608711,-8.892562211658,
    115.73092944749));
#2411 = CARTESIAN_POINT('',(71.131927205723,-8.609832959636,
    115.79167027746));
#2412 = CARTESIAN_POINT('',(71.163988641961,-8.339491819325,
    115.8798227209));
#2413 = CARTESIAN_POINT('',(71.192975475321,-8.085661465843,
    115.99178587188));
#2414 = CARTESIAN_POINT('',(71.218817817206,-7.851621814352,
    116.12282239602));
#2415 = CARTESIAN_POINT('',(71.268728075,-7.38619284633,116.43953425665)
  );
#2416 = CARTESIAN_POINT('',(71.291811946214,-7.16100816914,
    116.63306979338));
#2417 = CARTESIAN_POINT('',(71.31128937549,-6.963537066891,
    116.84252679817));
#2418 = CARTESIAN_POINT('',(71.327601651108,-6.792828537259,
    117.06397456462));
#2419 = CARTESIAN_POINT('',(71.341117156248,-6.647786087681,
    117.29440531227));
#2420 = CARTESIAN_POINT('',(71.352120764685,-6.527385892144,
    117.53150291197));
#2421 = CARTESIAN_POINT('',(71.375308149998,-6.270081914529,
    118.17623147496));
#2422 = CARTESIAN_POINT('',(71.38342116851,-6.175330330218,
    118.59250709712));
#2423 = CARTESIAN_POINT('',(71.386146917275,-6.142616111938,
    119.01453334108));
#2424 = CARTESIAN_POINT('',(71.383794421506,-6.170508344668,
    119.43729888273));
#2425 = CARTESIAN_POINT('',(71.376210375964,-6.25981083017,
    119.85566246619));
#2426 = CARTESIAN_POINT('',(71.362738367371,-6.413421503337,
    120.26338671779));
#2427 = CARTESIAN_POINT('',(71.329696428075,-6.768655498371,
    120.88083418936));
#2428 = CARTESIAN_POINT('',(71.314733750525,-6.926391441222,
    121.10483447882));
#2429 = CARTESIAN_POINT('',(71.296873874817,-7.110032694329,
    121.31925130316));
#2430 = CARTESIAN_POINT('',(71.275771092841,-7.320438135348,
    121.52071445797));
#2431 = CARTESIAN_POINT('',(71.251025791561,-7.558221226884,
    121.70513999739));
#2432 = CARTESIAN_POINT('',(71.222197485466,-7.823522750083,
    121.86755504938));
#2433 = CARTESIAN_POINT('',(71.158402470976,-8.383123036138,
    122.12472415767));
#2434 = CARTESIAN_POINT('',(71.123911909217,-8.675241798081,
    122.22500337342));
#2435 = CARTESIAN_POINT('',(71.085743735153,-8.985757381705,
    122.29430006107));
#2436 = CARTESIAN_POINT('',(71.044497466298,-9.306809896945,
    122.32745462457));
#2437 = CARTESIAN_POINT('',(71.001158565175,-9.629665392952,
    122.32251597517));
#2438 = CARTESIAN_POINT('',(70.957032502114,-9.945584571023,
    122.28080237267));
#2439 = CARTESIAN_POINT('',(70.86506215819,-10.58207123045,
    122.12479791484));
#2440 = CARTESIAN_POINT('',(70.818026976466,-10.89451426615,
    122.00395436382));
#2441 = CARTESIAN_POINT('',(70.773333643926,-11.18085146747,
    121.85122654476));
#2442 = CARTESIAN_POINT('',(70.731779819221,-11.43918503929,
    121.67281166815));
#2443 = CARTESIAN_POINT('',(70.693973858022,-11.668597707,
    121.47451633143));
#2444 = CARTESIAN_POINT('',(70.660311561939,-11.86900849811,
    121.26182871701));
#2445 = CARTESIAN_POINT('',(70.59606054704,-12.24589213905,
    120.77598651706));
#2446 = CARTESIAN_POINT('',(70.566897086615,-12.41277938239,
    120.4962514832));
#2447 = CARTESIAN_POINT('',(70.543607222389,-12.54380750664,
    120.20599091877));
#2448 = CARTESIAN_POINT('',(70.526187862848,-12.64076412782,
    119.90883722961));
#2449 = CARTESIAN_POINT('',(70.514588681689,-12.70497342243,
    119.6074248641));
#2450 = CARTESIAN_POINT('',(70.508780534239,-12.73712556169,
    119.30384217667));
#2451 = CARTESIAN_POINT('',(70.508780534239,-12.73712556169,
    118.75830073075));
#2452 = CARTESIAN_POINT('',(70.512455964631,-12.7167796166,
    118.5166818537));
#2453 = CARTESIAN_POINT('',(70.519802069347,-12.67611350318,
    118.27617168033));
#2454 = CARTESIAN_POINT('',(70.530828924015,-12.61486135272,
    118.0378340055));
#2455 = CARTESIAN_POINT('',(70.545553464739,-12.53250615413,
    117.80290837057));
#2456 = CARTESIAN_POINT('',(70.563984747174,-12.42832058462,
    117.57295436976));
#2457 = CARTESIAN_POINT('',(70.610568273412,-12.16102195426,
    117.10337543337));
#2458 = CARTESIAN_POINT('',(70.639645663595,-11.99224835371,
    116.86429937179));
#2459 = CARTESIAN_POINT('',(70.67330909947,-11.7938357517,116.6363152573
    ));
#2460 = CARTESIAN_POINT('',(70.711404724509,-11.56474019388,
    116.42374144423));
#2461 = CARTESIAN_POINT('',(70.753614458964,-11.30428270964,
    116.23177596758));
#2462 = CARTESIAN_POINT('',(70.799395887055,-11.01245013128,
    116.06671761003));
#2463 = CARTESIAN_POINT('',(70.871862564481,-10.53219940677,
    115.87230622522));
#2464 = CARTESIAN_POINT('',(70.896402196031,-10.36677570481,
    115.8166831425));
#2465 = CARTESIAN_POINT('',(70.921359611974,-10.1953316016,
    115.77079627175));
#2466 = CARTESIAN_POINT('',(70.946490312954,-10.01913452142,
    115.73563846418));
#2467 = CARTESIAN_POINT('',(70.971552977044,-9.839567271366,
    115.71190785581));
#2468 = CARTESIAN_POINT('',(70.996320903919,-9.658084700985,115.7));
#2469 = CARTESIAN_POINT('',(71.020593459023,-9.476170361923,115.7));
#2470 = PCURVE('',#49,#2471);
#2471 = DEFINITIONAL_REPRESENTATION('',(#2472),#2535);
#2472 = B_SPLINE_CURVE_WITH_KNOTS('',7,(#2473,#2474,#2475,#2476,#2477,
    #2478,#2479,#2480,#2481,#2482,#2483,#2484,#2485,#2486,#2487,#2488,
    #2489,#2490,#2491,#2492,#2493,#2494,#2495,#2496,#2497,#2498,#2499,
    #2500,#2501,#2502,#2503,#2504,#2505,#2506,#2507,#2508,#2509,#2510,
    #2511,#2512,#2513,#2514,#2515,#2516,#2517,#2518,#2519,#2520,#2521,
    #2522,#2523,#2524,#2525,#2526,#2527,#2528,#2529,#2530,#2531,#2532,
    #2533,#2534),.UNSPECIFIED.,.T.,.F.,(1,7,6,6,6,6,6,6,6,6,6,7,1),(
    -5.1294216081E-02,0.,8.234479379734E-02,0.180750429414,
    0.344502002129,0.442272728809,0.531818625308,0.631500103606,
    0.750063700084,0.844378238447,0.948705783919,1.,1.082344793797),
  .UNSPECIFIED.);
#2473 = CARTESIAN_POINT('',(6.150540284028,24.7));
#2474 = CARTESIAN_POINT('',(6.154668421141,24.7));
#2475 = CARTESIAN_POINT('',(6.15875508161,24.730929447493));
#2476 = CARTESIAN_POINT('',(6.162730931683,24.791670277463));
#2477 = CARTESIAN_POINT('',(6.16653038318,24.879822720902));
#2478 = CARTESIAN_POINT('',(6.170096009552,24.991785871887));
#2479 = CARTESIAN_POINT('',(6.17338227486,25.122822396026));
#2480 = CARTESIAN_POINT('',(6.179915385551,25.439534256658));
#2481 = CARTESIAN_POINT('',(6.183074663834,25.633069793387));
#2482 = CARTESIAN_POINT('',(6.185844062664,25.842526798179));
#2483 = CARTESIAN_POINT('',(6.188237435486,26.063974564622));
#2484 = CARTESIAN_POINT('',(6.190270518661,26.294405312277));
#2485 = CARTESIAN_POINT('',(6.191957913978,26.531502911976));
#2486 = CARTESIAN_POINT('',(6.195563589488,27.176231474969));
#2487 = CARTESIAN_POINT('',(6.196890838079,27.592507097125));
#2488 = CARTESIAN_POINT('',(6.197349010345,28.014533341081));
#2489 = CARTESIAN_POINT('',(6.196958342393,28.437298882733));
#2490 = CARTESIAN_POINT('',(6.195707477479,28.855662466196));
#2491 = CARTESIAN_POINT('',(6.193555374348,29.263386717797));
#2492 = CARTESIAN_POINT('',(6.188576066929,29.880834189367));
#2493 = CARTESIAN_POINT('',(6.186364709441,30.104834478825));
#2494 = CARTESIAN_POINT('',(6.183789597166,30.319251303166));
#2495 = CARTESIAN_POINT('',(6.180838318287,30.520714457979));
#2496 = CARTESIAN_POINT('',(6.177501768623,30.705139997398));
#2497 = CARTESIAN_POINT('',(6.173777281667,30.867555049382));
#2498 = CARTESIAN_POINT('',(6.165916501534,31.124724157675));
#2499 = CARTESIAN_POINT('',(6.161811189453,31.225003373421));
#2500 = CARTESIAN_POINT('',(6.157444876511,31.294300061073));
#2501 = CARTESIAN_POINT('',(6.152927325958,31.327454624577));
#2502 = CARTESIAN_POINT('',(6.148381011828,31.322515975177));
#2503 = CARTESIAN_POINT('',(6.143929057935,31.280802372676));
#2504 = CARTESIAN_POINT('',(6.134953523434,31.124797914846));
#2505 = CARTESIAN_POINT('',(6.130543781477,31.00395436382));
#2506 = CARTESIAN_POINT('',(6.126499147901,30.851226544769));
#2507 = CARTESIAN_POINT('',(6.122847362701,30.672811668154));
#2508 = CARTESIAN_POINT('',(6.119602351799,30.47451633143));
#2509 = CARTESIAN_POINT('',(6.116766097882,30.261828717016));
#2510 = CARTESIAN_POINT('',(6.111430143059,29.775986517064));
#2511 = CARTESIAN_POINT('',(6.10906566607,29.496251483206));
#2512 = CARTESIAN_POINT('',(6.107208284148,29.205990918772));
#2513 = CARTESIAN_POINT('',(6.105833421362,28.908837229616));
#2514 = CARTESIAN_POINT('',(6.104922764456,28.607424864107));
#2515 = CARTESIAN_POINT('',(6.104466762571,28.303842176675));
#2516 = CARTESIAN_POINT('',(6.104466762571,27.758300730752));
#2517 = CARTESIAN_POINT('',(6.104755321679,27.516681853705));
#2518 = CARTESIAN_POINT('',(6.105332073871,27.27617168033));
#2519 = CARTESIAN_POINT('',(6.106200696122,27.037834005504));
#2520 = CARTESIAN_POINT('',(6.107368330905,26.802908370573));
#2521 = CARTESIAN_POINT('',(6.108844995107,26.572954369769));
#2522 = CARTESIAN_POINT('',(6.112631840126,26.103375433372));
#2523 = CARTESIAN_POINT('',(6.115022067464,25.864299371799));
#2524 = CARTESIAN_POINT('',(6.117830817639,25.636315257301));
#2525 = CARTESIAN_POINT('',(6.121072113823,25.423741444233));
#2526 = CARTESIAN_POINT('',(6.124754610828,25.231775967586));
#2527 = CARTESIAN_POINT('',(6.128877384021,25.066717610038));
#2528 = CARTESIAN_POINT('',(6.135655992884,24.872306225228));
#2529 = CARTESIAN_POINT('',(6.137990025629,24.8166831425));
#2530 = CARTESIAN_POINT('',(6.140408030596,24.770796271755));
#2531 = CARTESIAN_POINT('',(6.14289203413,24.735638464186));
#2532 = CARTESIAN_POINT('',(6.145422481306,24.711907855811));
#2533 = CARTESIAN_POINT('',(6.147978853178,24.7));
#2534 = CARTESIAN_POINT('',(6.150540284028,24.7));
#2535 = ( GEOMETRIC_REPRESENTATION_CONTEXT(2) 
PARAMETRIC_REPRESENTATION_CONTEXT() REPRESENTATION_CONTEXT('2D SPACE',''
  ) );
#2536 = PCURVE('',#2537,#2542);
#2537 = CYLINDRICAL_SURFACE('',#2538,3.3);
#2538 = AXIS2_PLACEMENT_3D('',#2539,#2540,#2541);
#2539 = CARTESIAN_POINT('',(66.262758865816,-8.841339688689,119.));
#2540 = DIRECTION('',(0.991215540252,-0.132256390257,2.220446049249E-16)
  );
#2541 = DIRECTION('',(2.200940630306E-16,-2.936681792343E-17,-1.));
#2542 = DEFINITIONAL_REPRESENTATION('',(#2543),#2606);
#2543 = B_SPLINE_CURVE_WITH_KNOTS('',7,(#2544,#2545,#2546,#2547,#2548,
    #2549,#2550,#2551,#2552,#2553,#2554,#2555,#2556,#2557,#2558,#2559,
    #2560,#2561,#2562,#2563,#2564,#2565,#2566,#2567,#2568,#2569,#2570,
    #2571,#2572,#2573,#2574,#2575,#2576,#2577,#2578,#2579,#2580,#2581,
    #2582,#2583,#2584,#2585,#2586,#2587,#2588,#2589,#2590,#2591,#2592,
    #2593,#2594,#2595,#2596,#2597,#2598,#2599,#2600,#2601,#2602,#2603,
    #2604,#2605),.UNSPECIFIED.,.F.,.F.,(8,6,6,6,6,6,6,6,6,6,8),(0.,
    8.234479379734E-02,0.180750429414,0.344502002129,0.442272728809,
    0.531818625308,0.631500103606,0.750063700084,0.844378238447,
    0.948705783919,1.),.UNSPECIFIED.);
#2544 = CARTESIAN_POINT('',(0.,4.8));
#2545 = CARTESIAN_POINT('',(8.963061337738E-02,4.8));
#2546 = CARTESIAN_POINT('',(0.178360573488,4.798575818482));
#2547 = CARTESIAN_POINT('',(0.265858766272,4.795777082312));
#2548 = CARTESIAN_POINT('',(0.351766714706,4.791802532798));
#2549 = CARTESIAN_POINT('',(0.435661357764,4.786964046199));
#2550 = CARTESIAN_POINT('',(0.51699302527,4.781626137588));
#2551 = CARTESIAN_POINT('',(0.688218697709,4.7695420055));
#2552 = CARTESIAN_POINT('',(0.777872451821,4.76264098483));
#2553 = CARTESIAN_POINT('',(0.86453645196,4.755830500249));
#2554 = CARTESIAN_POINT('',(0.948673470426,4.749422187423));
#2555 = CARTESIAN_POINT('',(1.030695303591,4.743636175337));
#2556 = CARTESIAN_POINT('',(1.111001961924,4.738619427771));
#2557 = CARTESIAN_POINT('',(1.321449010845,4.727573029152));
#2558 = CARTESIAN_POINT('',(1.44925579911,4.723083276668));
#2559 = CARTESIAN_POINT('',(1.575383288457,4.721458416783));
#2560 = CARTESIAN_POINT('',(1.701378473457,4.722815512435));
#2561 = CARTESIAN_POINT('',(1.828775469032,4.727108913009));
#2562 = CARTESIAN_POINT('',(1.95911553721,4.734071241872));
#2563 = CARTESIAN_POINT('',(2.175166121405,4.748301524042));
#2564 = CARTESIAN_POINT('',(2.257940127219,4.754331871945));
#2565 = CARTESIAN_POINT('',(2.343009036564,4.760916614835));
#2566 = CARTESIAN_POINT('',(2.430674762768,4.767826673517));
#2567 = CARTESIAN_POINT('',(2.52129399199,4.774747079691));
#2568 = CARTESIAN_POINT('',(2.615277310245,4.781259836479));
#2569 = CARTESIAN_POINT('',(2.802872920363,4.792035940546));
#2570 = CARTESIAN_POINT('',(2.896567543065,4.796482932719));
#2571 = CARTESIAN_POINT('',(2.992701600835,4.799717715653));
#2572 = CARTESIAN_POINT('',(3.090107467054,4.801295019735));
#2573 = CARTESIAN_POINT('',(3.187787397744,4.801036529921));
#2574 = CARTESIAN_POINT('',(3.28470293069,4.79908042059));
#2575 = CARTESIAN_POINT('',(3.485221642857,4.792097414473));
#2576 = CARTESIAN_POINT('',(3.586889552268,4.786797999472));
#2577 = CARTESIAN_POINT('',(3.685048107693,4.780367198357));
#2578 = CARTESIAN_POINT('',(3.779948131454,4.773344667243));
#2579 = CARTESIAN_POINT('',(3.871737644684,4.766212102299));
#2580 = CARTESIAN_POINT('',(3.960444593092,4.759351119101));
#2581 = CARTESIAN_POINT('',(4.147740985741,4.745509784554));
#2582 = CARTESIAN_POINT('',(4.246082720522,4.738674413758));
#2583 = CARTESIAN_POINT('',(4.341847985254,4.732918445142));
#2584 = CARTESIAN_POINT('',(4.435708455649,4.728475237992));
#2585 = CARTESIAN_POINT('',(4.528320949845,4.725470038899));
#2586 = CARTESIAN_POINT('',(4.620315593514,4.723965238765));
#2587 = CARTESIAN_POINT('',(4.785631183187,4.723965238765));
#2588 = CARTESIAN_POINT('',(4.858849274966,4.724917501232));
#2589 = CARTESIAN_POINT('',(4.932372047774,4.726820721021));
#2590 = CARTESIAN_POINT('',(5.006519944933,4.729649722412));
#2591 = CARTESIAN_POINT('',(5.081610087062,4.733352914716));
#2592 = CARTESIAN_POINT('',(5.157973958769,4.737843080953));
#2593 = CARTESIAN_POINT('',(5.322283974123,4.748665444107));
#2594 = CARTESIAN_POINT('',(5.410954795094,4.755166017947));
#2595 = CARTESIAN_POINT('',(5.502308644351,4.762292404201));
#2596 = CARTESIAN_POINT('',(5.596671613898,4.769754028254));
#2597 = CARTESIAN_POINT('',(5.694450388873,4.777145806314));
#2598 = CARTESIAN_POINT('',(5.796121814715,4.783928345921));
#2599 = CARTESIAN_POINT('',(5.954632689176,4.792242215494));
#2600 = CARTESIAN_POINT('',(6.007939095929,4.794687937954));
#2601 = CARTESIAN_POINT('',(6.062076173743,4.796751538259));
#2602 = CARTESIAN_POINT('',(6.116845179526,4.798358289809));
#2603 = CARTESIAN_POINT('',(6.172066988276,4.799451875635));
#2604 = CARTESIAN_POINT('',(6.227571210091,4.8));
#2605 = CARTESIAN_POINT('',(6.28318530718,4.8));
#2606 = ( GEOMETRIC_REPRESENTATION_CONTEXT(2) 
PARAMETRIC_REPRESENTATION_CONTEXT() REPRESENTATION_CONTEXT('2D SPACE',''
  ) );
#2607 = ADVANCED_FACE('',(#2608,#2611),#61,.T.);
#2608 = FACE_BOUND('',#2609,.T.);
#2609 = EDGE_LOOP('',(#2610));
#2610 = ORIENTED_EDGE('',*,*,#39,.T.);
#2611 = FACE_BOUND('',#2612,.T.);
#2612 = EDGE_LOOP('',(#2613));
#2613 = ORIENTED_EDGE('',*,*,#2614,.F.);
#2614 = EDGE_CURVE('',#2615,#2615,#2617,.T.);
#2615 = VERTEX_POINT('',#2616);
#2616 = CARTESIAN_POINT('',(70.85,-1.735324514392E-14,126.));
#2617 = SURFACE_CURVE('',#2618,(#2623,#2630),.PCURVE_S1.);
#2618 = CIRCLE('',#2619,70.85);
#2619 = AXIS2_PLACEMENT_3D('',#2620,#2621,#2622);
#2620 = CARTESIAN_POINT('',(0.,0.,126.));
#2621 = DIRECTION('',(0.,0.,1.));
#2622 = DIRECTION('',(1.,0.,-0.));
#2623 = PCURVE('',#61,#2624);
#2624 = DEFINITIONAL_REPRESENTATION('',(#2625),#2629);
#2625 = CIRCLE('',#2626,70.85);
#2626 = AXIS2_PLACEMENT_2D('',#2627,#2628);
#2627 = CARTESIAN_POINT('',(0.,0.));
#2628 = DIRECTION('',(1.,0.));
#2629 = ( GEOMETRIC_REPRESENTATION_CONTEXT(2) 
PARAMETRIC_REPRESENTATION_CONTEXT() REPRESENTATION_CONTEXT('2D SPACE',''
  ) );
#2630 = PCURVE('',#2631,#2636);
#2631 = CYLINDRICAL_SURFACE('',#2632,70.85);
#2632 = AXIS2_PLACEMENT_3D('',#2633,#2634,#2635);
#2633 = CARTESIAN_POINT('',(0.,0.,91.));
#2634 = DIRECTION('',(0.,0.,1.));
#2635 = DIRECTION('',(1.,0.,-0.));
#2636 = DEFINITIONAL_REPRESENTATION('',(#2637),#2641);
#2637 = LINE('',#2638,#2639);
#2638 = CARTESIAN_POINT('',(0.,35.));
#2639 = VECTOR('',#2640,1.);
#2640 = DIRECTION('',(1.,0.));
#2641 = ( GEOMETRIC_REPRESENTATION_CONTEXT(2) 
PARAMETRIC_REPRESENTATION_CONTEXT() REPRESENTATION_CONTEXT('2D SPACE',''
  ) );
#2642 = ADVANCED_FACE('',(#2643,#2646),#111,.F.);
#2643 = FACE_BOUND('',#2644,.F.);
#2644 = EDGE_LOOP('',(#2645));
#2645 = ORIENTED_EDGE('',*,*,#96,.T.);
#2646 = FACE_BOUND('',#2647,.F.);
#2647 = EDGE_LOOP('',(#2648));
#2648 = ORIENTED_EDGE('',*,*,#2649,.F.);
#2649 = EDGE_CURVE('',#2650,#2650,#2652,.T.);
#2650 = VERTEX_POINT('',#2651);
#2651 = CARTESIAN_POINT('',(70.85,-1.735324514392E-14,91.));
#2652 = SURFACE_CURVE('',#2653,(#2658,#2665),.PCURVE_S1.);
#2653 = CIRCLE('',#2654,70.85);
#2654 = AXIS2_PLACEMENT_3D('',#2655,#2656,#2657);
#2655 = CARTESIAN_POINT('',(0.,0.,91.));
#2656 = DIRECTION('',(0.,0.,1.));
#2657 = DIRECTION('',(1.,0.,-0.));
#2658 = PCURVE('',#111,#2659);
#2659 = DEFINITIONAL_REPRESENTATION('',(#2660),#2664);
#2660 = CIRCLE('',#2661,70.85);
#2661 = AXIS2_PLACEMENT_2D('',#2662,#2663);
#2662 = CARTESIAN_POINT('',(0.,0.));
#2663 = DIRECTION('',(1.,0.));
#2664 = ( GEOMETRIC_REPRESENTATION_CONTEXT(2) 
PARAMETRIC_REPRESENTATION_CONTEXT() REPRESENTATION_CONTEXT('2D SPACE',''
  ) );
#2665 = PCURVE('',#2631,#2666);
#2666 = DEFINITIONAL_REPRESENTATION('',(#2667),#2671);
#2667 = LINE('',#2668,#2669);
#2668 = CARTESIAN_POINT('',(0.,0.));
#2669 = VECTOR('',#2670,1.);
#2670 = DIRECTION('',(1.,0.));
#2671 = ( GEOMETRIC_REPRESENTATION_CONTEXT(2) 
PARAMETRIC_REPRESENTATION_CONTEXT() REPRESENTATION_CONTEXT('2D SPACE',''
  ) );
#2672 = ADVANCED_FACE('',(#2673),#260,.F.);
#2673 = FACE_BOUND('',#2674,.F.);
#2674 = EDGE_LOOP('',(#2675,#2676,#2699,#2897));
#2675 = ORIENTED_EDGE('',*,*,#126,.F.);
#2676 = ORIENTED_EDGE('',*,*,#2677,.F.);
#2677 = EDGE_CURVE('',#2678,#127,#2680,.T.);
#2678 = VERTEX_POINT('',#2679);
#2679 = CARTESIAN_POINT('',(43.228784862405,56.133721231715,95.7));
#2680 = SEAM_CURVE('',#2681,(#2685,#2692),.PCURVE_S1.);
#2681 = LINE('',#2682,#2683);
#2682 = CARTESIAN_POINT('',(40.7882042068,52.964562658294,95.7));
#2683 = VECTOR('',#2684,1.);
#2684 = DIRECTION('',(0.610145163901,0.792289643355,2.220446049251E-16)
  );
#2685 = PCURVE('',#260,#2686);
#2686 = DEFINITIONAL_REPRESENTATION('',(#2687),#2691);
#2687 = LINE('',#2688,#2689);
#2688 = CARTESIAN_POINT('',(0.,-0.));
#2689 = VECTOR('',#2690,1.);
#2690 = DIRECTION('',(0.,1.));
#2691 = ( GEOMETRIC_REPRESENTATION_CONTEXT(2) 
PARAMETRIC_REPRESENTATION_CONTEXT() REPRESENTATION_CONTEXT('2D SPACE',''
  ) );
#2692 = PCURVE('',#260,#2693);
#2693 = DEFINITIONAL_REPRESENTATION('',(#2694),#2698);
#2694 = LINE('',#2695,#2696);
#2695 = CARTESIAN_POINT('',(6.28318530718,-0.));
#2696 = VECTOR('',#2697,1.);
#2697 = DIRECTION('',(0.,1.));
#2698 = ( GEOMETRIC_REPRESENTATION_CONTEXT(2) 
PARAMETRIC_REPRESENTATION_CONTEXT() REPRESENTATION_CONTEXT('2D SPACE',''
  ) );
#2699 = ORIENTED_EDGE('',*,*,#2700,.T.);
#2700 = EDGE_CURVE('',#2678,#2678,#2701,.T.);
#2701 = SURFACE_CURVE('',#2702,(#2765,#2831),.PCURVE_S1.);
#2702 = B_SPLINE_CURVE_WITH_KNOTS('',7,(#2703,#2704,#2705,#2706,#2707,
    #2708,#2709,#2710,#2711,#2712,#2713,#2714,#2715,#2716,#2717,#2718,
    #2719,#2720,#2721,#2722,#2723,#2724,#2725,#2726,#2727,#2728,#2729,
    #2730,#2731,#2732,#2733,#2734,#2735,#2736,#2737,#2738,#2739,#2740,
    #2741,#2742,#2743,#2744,#2745,#2746,#2747,#2748,#2749,#2750,#2751,
    #2752,#2753,#2754,#2755,#2756,#2757,#2758,#2759,#2760,#2761,#2762,
    #2763,#2764),.UNSPECIFIED.,.T.,.F.,(1,7,6,6,6,6,6,6,6,6,6,7,1),(
    -5.1294162681E-02,0.,8.234485369864E-02,0.18075076398,0.344501881556
    ,0.442272981095,0.531818781488,0.631500510229,0.7500637982,
    0.844378003168,0.948705837319,1.,1.082344853699),.UNSPECIFIED.);
#2703 = CARTESIAN_POINT('',(43.228784862405,56.133721231715,95.7));
#2704 = CARTESIAN_POINT('',(42.994439665589,56.314191328377,95.7));
#2705 = CARTESIAN_POINT('',(42.761570662659,56.491706739229,
    95.730929698242));
#2706 = CARTESIAN_POINT('',(42.534150782405,56.663271254678,
    95.79167082418));
#2707 = CARTESIAN_POINT('',(42.316031918027,56.826172196592,
    95.879823477915));
#2708 = CARTESIAN_POINT('',(42.110668780226,56.978147160463,
    95.991786676095));
#2709 = CARTESIAN_POINT('',(41.92086938701,57.117498952057,
    96.12282300492));
#2710 = CARTESIAN_POINT('',(41.542669067812,57.393327953842,
    96.439533884839));
#2711 = CARTESIAN_POINT('',(41.359148074603,57.525849500166,
    96.633068991563));
#2712 = CARTESIAN_POINT('',(41.197824959782,57.641391911493,
    96.842525600656));
#2713 = CARTESIAN_POINT('',(41.058098913328,57.740815653004,
    97.063973124918));
#2714 = CARTESIAN_POINT('',(40.939206081495,57.824989957111,
    97.294403912747));
#2715 = CARTESIAN_POINT('',(40.84040332258,57.89467472158,
    97.531501957946));
#2716 = CARTESIAN_POINT('',(40.629088891232,58.043308637507,
    98.176230819139));
#2717 = CARTESIAN_POINT('',(40.551056848396,58.097670448561,
    98.592506692694));
#2718 = CARTESIAN_POINT('',(40.524076973332,58.116373674633,
    99.014533929315));
#2719 = CARTESIAN_POINT('',(40.547065716879,58.100402244783,
    99.437300537998));
#2720 = CARTESIAN_POINT('',(40.620642050013,58.049221188951,
    99.85566451691));
#2721 = CARTESIAN_POINT('',(40.746985039669,57.960811021638,
    100.26338813681));
#2722 = CARTESIAN_POINT('',(41.038203580344,57.75470662572,
    100.88083486401));
#2723 = CARTESIAN_POINT('',(41.167367356807,57.662934496551,
    101.10483523326));
#2724 = CARTESIAN_POINT('',(41.317520814128,57.555705755745,
    101.31925183184));
#2725 = CARTESIAN_POINT('',(41.489233361182,57.43228949344,
    101.52071468296));
#2726 = CARTESIAN_POINT('',(41.682834386313,57.292030016611,
    101.70514000636));
#2727 = CARTESIAN_POINT('',(41.898222837467,57.134471614962,
    101.86755500252));
#2728 = CARTESIAN_POINT('',(42.351026763022,56.799520474412,
    102.1247235998));
#2729 = CARTESIAN_POINT('',(42.586794115349,56.623631400452,
    102.22500296327));
#2730 = CARTESIAN_POINT('',(42.836646858676,56.435347829394,
    102.29429993208));
#2731 = CARTESIAN_POINT('',(43.094074607601,56.239115080258,
    102.32745468746));
#2732 = CARTESIAN_POINT('',(43.352004866088,56.040152103569,
    102.32251606885));
#2733 = CARTESIAN_POINT('',(43.60352269827,55.843960483658,
    102.28080236689));
#2734 = CARTESIAN_POINT('',(44.108703942475,55.446005300996,
    102.12479762661));
#2735 = CARTESIAN_POINT('',(44.355733635329,55.249002531575,
    102.00395370288));
#2736 = CARTESIAN_POINT('',(44.581317679929,55.06707101352,
    101.85122576615));
#2737 = CARTESIAN_POINT('',(44.784215367608,54.901855037176,
    101.67281108715));
#2738 = CARTESIAN_POINT('',(44.963940037724,54.754344213351,
    101.4745161412));
#2739 = CARTESIAN_POINT('',(45.120622242063,54.624925100109,
    101.26182884831));
#2740 = CARTESIAN_POINT('',(45.414791412464,54.380716811206,
    100.77598771079));
#2741 = CARTESIAN_POINT('',(45.544690937674,54.271955792418,
    100.49625354544));
#2742 = CARTESIAN_POINT('',(45.646480106499,54.186220406947,
    100.20599339552));
#2743 = CARTESIAN_POINT('',(45.721706983365,54.122616375292,
    99.908839551463));
#2744 = CARTESIAN_POINT('',(45.77149379498,54.080439369973,
    99.607426543205));
#2745 = CARTESIAN_POINT('',(45.796424041481,54.059319686922,
    99.303843031787));
#2746 = CARTESIAN_POINT('',(45.796424041481,54.059319686922,
    98.758300276011));
#2747 = CARTESIAN_POINT('',(45.78064816663,54.072684263382,
    98.516680936083));
#2748 = CARTESIAN_POINT('',(45.749116351883,54.099396398525,
    98.276170414048));
#2749 = CARTESIAN_POINT('',(45.701603251763,54.13959749031,
    98.037832612131));
#2750 = CARTESIAN_POINT('',(45.637669308227,54.193560179997,
    97.802907144437));
#2751 = CARTESIAN_POINT('',(45.55668866371,54.261655102303,
    97.572953624942));
#2752 = CARTESIAN_POINT('',(45.348567709713,54.435743904157,
    97.103374703054));
#2753 = CARTESIAN_POINT('',(45.216988872261,54.545370831587,
    96.864298628647));
#2754 = CARTESIAN_POINT('',(45.062039463319,54.673794294249,
    96.636314840586));
#2755 = CARTESIAN_POINT('',(44.882736401635,54.821400467112,
    96.423741388968));
#2756 = CARTESIAN_POINT('',(44.67832971237,54.988249856135,
    96.231776113037));
#2757 = CARTESIAN_POINT('',(44.448532874543,55.173874633472,
    96.066717731563));
#2758 = CARTESIAN_POINT('',(44.068914303063,55.47683228047,
    95.872306409498));
#2759 = CARTESIAN_POINT('',(43.937940047945,55.58081779969,
    95.816683365926));
#2760 = CARTESIAN_POINT('',(43.801958100455,55.68817201501,
    95.770796456109));
#2761 = CARTESIAN_POINT('',(43.661943338788,55.798048785923,
    95.735638578143));
#2762 = CARTESIAN_POINT('',(43.518972277327,55.909547200278,
    95.711907900486));
#2763 = CARTESIAN_POINT('',(43.374191294796,56.02174320415,95.7));
#2764 = CARTESIAN_POINT('',(43.228784862405,56.133721231715,95.7));
#2765 = PCURVE('',#260,#2766);
#2766 = DEFINITIONAL_REPRESENTATION('',(#2767),#2830);
#2767 = B_SPLINE_CURVE_WITH_KNOTS('',7,(#2768,#2769,#2770,#2771,#2772,
    #2773,#2774,#2775,#2776,#2777,#2778,#2779,#2780,#2781,#2782,#2783,
    #2784,#2785,#2786,#2787,#2788,#2789,#2790,#2791,#2792,#2793,#2794,
    #2795,#2796,#2797,#2798,#2799,#2800,#2801,#2802,#2803,#2804,#2805,
    #2806,#2807,#2808,#2809,#2810,#2811,#2812,#2813,#2814,#2815,#2816,
    #2817,#2818,#2819,#2820,#2821,#2822,#2823,#2824,#2825,#2826,#2827,
    #2828,#2829),.UNSPECIFIED.,.F.,.F.,(8,6,6,6,6,6,6,6,6,6,8),(0.,
    8.234485369864E-02,0.18075076398,0.344501881556,0.442272981095,
    0.531818781488,0.631500510229,0.7500637982,0.844378003168,
    0.948705837319,1.),.UNSPECIFIED.);
#2768 = CARTESIAN_POINT('',(0.,4.));
#2769 = CARTESIAN_POINT('',(8.963097851931E-02,4.));
#2770 = CARTESIAN_POINT('',(0.178361136262,3.998559725593));
#2771 = CARTESIAN_POINT('',(0.265859410262,3.995729374239));
#2772 = CARTESIAN_POINT('',(0.351767341845,3.991709933155));
#2773 = CARTESIAN_POINT('',(0.435661880469,3.986816797705));
#2774 = CARTESIAN_POINT('',(0.51699335446,3.981418597086));
#2775 = CARTESIAN_POINT('',(0.68821849669,3.969197962793));
#2776 = CARTESIAN_POINT('',(0.777872082895,3.962218964986));
#2777 = CARTESIAN_POINT('',(0.864535966287,3.955331502515));
#2778 = CARTESIAN_POINT('',(0.948672940314,3.948850731703));
#2779 = CARTESIAN_POINT('',(1.030694823804,3.942999274719));
#2780 = CARTESIAN_POINT('',(1.111001650517,3.937925766375));
#2781 = CARTESIAN_POINT('',(1.321448796774,3.926754400265));
#2782 = CARTESIAN_POINT('',(1.449255693378,3.922213826592));
#2783 = CARTESIAN_POINT('',(1.575383468651,3.920570558613));
#2784 = CARTESIAN_POINT('',(1.701378951778,3.921943030853));
#2785 = CARTESIAN_POINT('',(1.828776096094,3.92628505422));
#2786 = CARTESIAN_POINT('',(1.959116033738,3.933326158422));
#2787 = CARTESIAN_POINT('',(2.17516635747,3.947717364318));
#2788 = CARTESIAN_POINT('',(2.257940416912,3.953815910389));
#2789 = CARTESIAN_POINT('',(2.343009271486,3.960475095405));
#2790 = CARTESIAN_POINT('',(2.430674892254,3.967463249126));
#2791 = CARTESIAN_POINT('',(2.521294015675,3.974461847462));
#2792 = CARTESIAN_POINT('',(2.615277276067,3.981048179443));
#2793 = CARTESIAN_POINT('',(2.80287251342,3.991945985129));
#2794 = CARTESIAN_POINT('',(2.896567056647,3.996443203279));
#2795 = CARTESIAN_POINT('',(2.992701188675,3.999714522944));
#2796 = CARTESIAN_POINT('',(3.090107195557,4.001309644177));
#2797 = CARTESIAN_POINT('',(3.187787283893,4.001048238175));
#2798 = CARTESIAN_POINT('',(3.284702938126,3.999070038548));
#2799 = CARTESIAN_POINT('',(3.485222013332,3.99200816185));
#2800 = CARTESIAN_POINT('',(3.586890025528,3.98664888036));
#2801 = CARTESIAN_POINT('',(3.685048513913,3.980145436672));
#2802 = CARTESIAN_POINT('',(3.779948376173,3.973043572602));
#2803 = CARTESIAN_POINT('',(3.871737710116,3.965830412907));
#2804 = CARTESIAN_POINT('',(3.960444542476,3.95889187908));
#2805 = CARTESIAN_POINT('',(4.147740525547,3.94489407765));
#2806 = CARTESIAN_POINT('',(4.246082011102,3.937981415963));
#2807 = CARTESIAN_POINT('',(4.341847190323,3.932160327082));
#2808 = CARTESIAN_POINT('',(4.435707742365,3.927666826641));
#2809 = CARTESIAN_POINT('',(4.528320440778,3.924627604472));
#2810 = CARTESIAN_POINT('',(4.620315334389,3.923105767657));
#2811 = CARTESIAN_POINT('',(4.785631320987,3.923105767657));
#2812 = CARTESIAN_POINT('',(4.858849553043,3.924068809427));
#2813 = CARTESIAN_POINT('',(4.932372435104,3.925993573176));
#2814 = CARTESIAN_POINT('',(5.006520381826,3.928854593589));
#2815 = CARTESIAN_POINT('',(5.081610488686,3.932599687297));
#2816 = CARTESIAN_POINT('',(5.157974219391,3.937140640384));
#2817 = CARTESIAN_POINT('',(5.322284229668,3.948085401529));
#2818 = CARTESIAN_POINT('',(5.410955084828,3.954659489423));
#2819 = CARTESIAN_POINT('',(5.502308843806,3.961866436338));
#2820 = CARTESIAN_POINT('',(5.596671675802,3.969412382434));
#2821 = CARTESIAN_POINT('',(5.694450331628,3.976887672432));
#2822 = CARTESIAN_POINT('',(5.79612171563,3.983746831787));
#2823 = CARTESIAN_POINT('',(5.954632538934,3.992154602362));
#2824 = CARTESIAN_POINT('',(6.007938868186,3.994627943944));
#2825 = CARTESIAN_POINT('',(6.062075922274,3.996714849273));
#2826 = CARTESIAN_POINT('',(6.116844945602,3.998339747207));
#2827 = CARTESIAN_POINT('',(6.172066805305,3.999445684423));
#2828 = CARTESIAN_POINT('',(6.227571106439,4.));
#2829 = CARTESIAN_POINT('',(6.28318530718,4.));
#2830 = ( GEOMETRIC_REPRESENTATION_CONTEXT(2) 
PARAMETRIC_REPRESENTATION_CONTEXT() REPRESENTATION_CONTEXT('2D SPACE',''
  ) );
#2831 = PCURVE('',#2631,#2832);
#2832 = DEFINITIONAL_REPRESENTATION('',(#2833),#2896);
#2833 = B_SPLINE_CURVE_WITH_KNOTS('',7,(#2834,#2835,#2836,#2837,#2838,
    #2839,#2840,#2841,#2842,#2843,#2844,#2845,#2846,#2847,#2848,#2849,
    #2850,#2851,#2852,#2853,#2854,#2855,#2856,#2857,#2858,#2859,#2860,
    #2861,#2862,#2863,#2864,#2865,#2866,#2867,#2868,#2869,#2870,#2871,
    #2872,#2873,#2874,#2875,#2876,#2877,#2878,#2879,#2880,#2881,#2882,
    #2883,#2884,#2885,#2886,#2887,#2888,#2889,#2890,#2891,#2892,#2893,
    #2894,#2895),.UNSPECIFIED.,.T.,.F.,(1,7,6,6,6,6,6,6,6,6,6,7,1),(
    -5.1294162681E-02,0.,8.234485369864E-02,0.18075076398,0.344501881556
    ,0.442272981095,0.531818781488,0.631500510229,0.7500637982,
    0.844378003168,0.948705837319,1.,1.082344853699),.UNSPECIFIED.);
#2834 = CARTESIAN_POINT('',(0.914552528045,4.7));
#2835 = CARTESIAN_POINT('',(0.918727294864,4.7));
#2836 = CARTESIAN_POINT('',(0.92286010891,4.730929698242));
#2837 = CARTESIAN_POINT('',(0.926880857874,4.79167082418));
#2838 = CARTESIAN_POINT('',(0.930723216598,4.879823477915));
#2839 = CARTESIAN_POINT('',(0.934329112071,4.991786676095));
#2840 = CARTESIAN_POINT('',(0.937652494125,5.12282300492));
#2841 = CARTESIAN_POINT('',(0.944259402753,5.439533884839));
#2842 = CARTESIAN_POINT('',(0.94745438152,5.633068991563));
#2843 = CARTESIAN_POINT('',(0.95025508549,5.842525600656));
#2844 = CARTESIAN_POINT('',(0.952675522019,6.063973124918));
#2845 = CARTESIAN_POINT('',(0.95473160214,6.294403912747));
#2846 = CARTESIAN_POINT('',(0.956438089405,6.531501957946));
#2847 = CARTESIAN_POINT('',(0.960084555786,7.176230819139));
#2848 = CARTESIAN_POINT('',(0.961426829424,7.592506692694));
#2849 = CARTESIAN_POINT('',(0.961890191297,8.014533929315));
#2850 = CARTESIAN_POINT('',(0.961495097475,8.437300537998));
#2851 = CARTESIAN_POINT('',(0.960230066915,8.85566451691));
#2852 = CARTESIAN_POINT('',(0.958053610309,9.263388136817));
#2853 = CARTESIAN_POINT('',(0.953017994189,9.880834864015));
#2854 = CARTESIAN_POINT('',(0.950781627445,10.104835233262));
#2855 = CARTESIAN_POINT('',(0.948177401247,10.319251831849));
#2856 = CARTESIAN_POINT('',(0.945192765509,10.520714682962));
#2857 = CARTESIAN_POINT('',(0.941818514402,10.705140006368));
#2858 = CARTESIAN_POINT('',(0.938051950853,10.867555002528));
#2859 = CARTESIAN_POINT('',(0.93010239377,11.124723599809));
#2860 = CARTESIAN_POINT('',(0.925950721665,11.225002963272));
#2861 = CARTESIAN_POINT('',(0.921535100572,11.294299932081));
#2862 = CARTESIAN_POINT('',(0.916966535085,11.327454687466));
#2863 = CARTESIAN_POINT('',(0.912368881328,11.322516068857));
#2864 = CARTESIAN_POINT('',(0.907866652065,11.28080236689));
#2865 = CARTESIAN_POINT('',(0.898789742081,11.124797626614));
#2866 = CARTESIAN_POINT('',(0.894330191568,11.003953702888));
#2867 = CARTESIAN_POINT('',(0.890239871864,10.851225766157));
#2868 = CARTESIAN_POINT('',(0.886546831368,10.672811087158));
#2869 = CARTESIAN_POINT('',(0.883265151704,10.474516141201));
#2870 = CARTESIAN_POINT('',(0.880396838337,10.261828848312));
#2871 = CARTESIAN_POINT('',(0.87500056417,9.775987710795));
#2872 = CARTESIAN_POINT('',(0.872609348157,9.496253545442));
#2873 = CARTESIAN_POINT('',(0.870730951191,9.205993395529));
#2874 = CARTESIAN_POINT('',(0.869340525865,8.908839551463));
#2875 = CARTESIAN_POINT('',(0.868419559067,8.607426543205));
#2876 = CARTESIAN_POINT('',(0.867958394526,8.303843031787));
#2877 = CARTESIAN_POINT('',(0.867958394526,7.758300276011));
#2878 = CARTESIAN_POINT('',(0.868250220033,7.516680936083));
#2879 = CARTESIAN_POINT('',(0.868833500901,7.276170414047));
#2880 = CARTESIAN_POINT('',(0.869711954411,7.037832612131));
#2881 = CARTESIAN_POINT('',(0.870892801305,6.802907144437));
#2882 = CARTESIAN_POINT('',(0.872386168319,6.572953624942));
#2883 = CARTESIAN_POINT('',(0.876215841527,6.103374703054));
#2884 = CARTESIAN_POINT('',(0.8786331004,5.864298628647));
#2885 = CARTESIAN_POINT('',(0.881473604295,5.636314840586));
#2886 = CARTESIAN_POINT('',(0.884751532648,5.423741388968));
#2887 = CARTESIAN_POINT('',(0.888475637024,5.231776113037));
#2888 = CARTESIAN_POINT('',(0.892644983465,5.066717731563));
#2889 = CARTESIAN_POINT('',(0.899500153329,4.872306409498));
#2890 = CARTESIAN_POINT('',(0.901860542619,4.816683365926));
#2891 = CARTESIAN_POINT('',(0.904305852677,4.770796456109));
#2892 = CARTESIAN_POINT('',(0.906817906774,4.735638578143));
#2893 = CARTESIAN_POINT('',(0.90937692934,4.711907900486));
#2894 = CARTESIAN_POINT('',(0.911962170071,4.7));
#2895 = CARTESIAN_POINT('',(0.914552528045,4.7));
#2896 = ( GEOMETRIC_REPRESENTATION_CONTEXT(2) 
PARAMETRIC_REPRESENTATION_CONTEXT() REPRESENTATION_CONTEXT('2D SPACE',''
  ) );
#2897 = ORIENTED_EDGE('',*,*,#2677,.T.);
#2898 = ADVANCED_FACE('',(#2899),#467,.F.);
#2899 = FACE_BOUND('',#2900,.F.);
#2900 = EDGE_LOOP('',(#2901,#2902,#2925,#3123));
#2901 = ORIENTED_EDGE('',*,*,#333,.F.);
#2902 = ORIENTED_EDGE('',*,*,#2903,.F.);
#2903 = EDGE_CURVE('',#2904,#334,#2906,.T.);
#2904 = VERTEX_POINT('',#2905);
#2905 = CARTESIAN_POINT('',(-26.99883616441,65.504086481432,95.7));
#2906 = SEAM_CURVE('',#2907,(#2911,#2918),.PCURVE_S1.);
#2907 = LINE('',#2908,#2909);
#2908 = CARTESIAN_POINT('',(-25.47455465901,61.805902346983,95.7));
#2909 = VECTOR('',#2910,1.);
#2910 = DIRECTION('',(-0.38107037635,0.924546033612,2.220446049251E-16)
  );
#2911 = PCURVE('',#467,#2912);
#2912 = DEFINITIONAL_REPRESENTATION('',(#2913),#2917);
#2913 = LINE('',#2914,#2915);
#2914 = CARTESIAN_POINT('',(0.,-0.));
#2915 = VECTOR('',#2916,1.);
#2916 = DIRECTION('',(0.,1.));
#2917 = ( GEOMETRIC_REPRESENTATION_CONTEXT(2) 
PARAMETRIC_REPRESENTATION_CONTEXT() REPRESENTATION_CONTEXT('2D SPACE',''
  ) );
#2918 = PCURVE('',#467,#2919);
#2919 = DEFINITIONAL_REPRESENTATION('',(#2920),#2924);
#2920 = LINE('',#2921,#2922);
#2921 = CARTESIAN_POINT('',(6.28318530718,-0.));
#2922 = VECTOR('',#2923,1.);
#2923 = DIRECTION('',(0.,1.));
#2924 = ( GEOMETRIC_REPRESENTATION_CONTEXT(2) 
PARAMETRIC_REPRESENTATION_CONTEXT() REPRESENTATION_CONTEXT('2D SPACE',''
  ) );
#2925 = ORIENTED_EDGE('',*,*,#2926,.T.);
#2926 = EDGE_CURVE('',#2904,#2904,#2927,.T.);
#2927 = SURFACE_CURVE('',#2928,(#2991,#3057),.PCURVE_S1.);
#2928 = B_SPLINE_CURVE_WITH_KNOTS('',7,(#2929,#2930,#2931,#2932,#2933,
    #2934,#2935,#2936,#2937,#2938,#2939,#2940,#2941,#2942,#2943,#2944,
    #2945,#2946,#2947,#2948,#2949,#2950,#2951,#2952,#2953,#2954,#2955,
    #2956,#2957,#2958,#2959,#2960,#2961,#2962,#2963,#2964,#2965,#2966,
    #2967,#2968,#2969,#2970,#2971,#2972,#2973,#2974,#2975,#2976,#2977,
    #2978,#2979,#2980,#2981,#2982,#2983,#2984,#2985,#2986,#2987,#2988,
    #2989,#2990),.UNSPECIFIED.,.T.,.F.,(1,7,6,6,6,6,6,6,6,6,6,7,1),(
    -5.1294160358E-02,0.,8.234485223218E-02,0.180750759905,
    0.344501869879,0.442272969951,0.531818774297,0.631500505059,
    0.750063793966,0.844378002072,0.948705839642,1.,1.082344852232),
  .UNSPECIFIED.);
#2929 = CARTESIAN_POINT('',(-26.99883616441,65.504086481432,95.7));
#2930 = CARTESIAN_POINT('',(-27.27230044876,65.391372637052,95.7));
#2931 = CARTESIAN_POINT('',(-27.54246781332,65.278459866954,
    95.73092969924));
#2932 = CARTESIAN_POINT('',(-27.80475697405,65.167290734526,
    95.791670822752));
#2933 = CARTESIAN_POINT('',(-28.05489275972,65.059844728062,
    95.879823477415));
#2934 = CARTESIAN_POINT('',(-28.28918851613,64.957982512225,
    95.99178667822));
#2935 = CARTESIAN_POINT('',(-28.50477039791,64.863287314659,
    96.122823003665));
#2936 = CARTESIAN_POINT('',(-28.93274548185,64.673670730656,
    96.439533884839));
#2937 = CARTESIAN_POINT('',(-29.13927300412,64.580997661571,
    96.633068991563));
#2938 = CARTESIAN_POINT('',(-29.31999722495,64.499058951582,
    96.842525600656));
#2939 = CARTESIAN_POINT('',(-29.47596373407,64.427764516538,
    97.063973124918));
#2940 = CARTESIAN_POINT('',(-29.60830723569,64.366887455897,
    97.294403912747));
#2941 = CARTESIAN_POINT('',(-29.71805739143,64.316164138947,
    97.531501957946));
#2942 = CARTESIAN_POINT('',(-29.95243535124,64.207477432529,
    98.176230811115));
#2943 = CARTESIAN_POINT('',(-30.03853009021,64.16708060285,
    98.592506725845));
#2944 = CARTESIAN_POINT('',(-30.06821749185,64.153066960961,
    99.014533865536));
#2945 = CARTESIAN_POINT('',(-30.04289144448,64.164990087244,
    99.437300607314));
#2946 = CARTESIAN_POINT('',(-29.96177920764,64.203118521786,
    99.855664476112));
#2947 = CARTESIAN_POINT('',(-29.82204224321,64.268329685392,
    100.26338814756));
#2948 = CARTESIAN_POINT('',(-29.4979413329,64.417480140459,
    100.88083486957));
#2949 = CARTESIAN_POINT('',(-29.35388245821,64.483453183436,
    101.10483521893));
#2950 = CARTESIAN_POINT('',(-29.18594291137,64.559875524017,
    101.31925184431));
#2951 = CARTESIAN_POINT('',(-28.99320500355,64.646874827308,
    101.5207146834));
#2952 = CARTESIAN_POINT('',(-28.77493625197,64.744408481491,
    101.70513999954));
#2953 = CARTESIAN_POINT('',(-28.53079242519,64.852161160947,
    101.86755500573));
#2954 = CARTESIAN_POINT('',(-28.01431426844,65.076825291931,
    102.12472360163));
#2955 = CARTESIAN_POINT('',(-27.74410619878,65.193061265985,
    102.22500296102));
#2956 = CARTESIAN_POINT('',(-27.45612145665,65.315298309568,
    102.29429993163));
#2957 = CARTESIAN_POINT('',(-27.15746503646,65.440120905276,
    102.3274546891));
#2958 = CARTESIAN_POINT('',(-26.85619292981,65.564013567019,
    102.32251606914));
#2959 = CARTESIAN_POINT('',(-26.56052707385,65.683738594536,
    102.2808023659));
#2960 = CARTESIAN_POINT('',(-25.96329716951,65.922260788005,
    102.12479762967));
#2961 = CARTESIAN_POINT('',(-25.66917287968,66.037693409007,
    102.00395369762));
#2962 = CARTESIAN_POINT('',(-25.39882359398,66.142089141784,
    101.85122576126));
#2963 = CARTESIAN_POINT('',(-25.15429349395,66.235195715814,
    101.67281110846));
#2964 = CARTESIAN_POINT('',(-24.93668302455,66.317086438219,
    101.47451611926));
#2965 = CARTESIAN_POINT('',(-24.74626170174,66.388067643928,
    101.26182885678));
#2966 = CARTESIAN_POINT('',(-24.38768652325,66.520721478228,
    100.77598770398));
#2967 = CARTESIAN_POINT('',(-24.22854697369,66.578837250856,
    100.49625356079));
#2968 = CARTESIAN_POINT('',(-24.10340333941,66.624121574522,
    100.20599338804));
#2969 = CARTESIAN_POINT('',(-24.01070721654,66.65746793668,
    99.908839538652));
#2970 = CARTESIAN_POINT('',(-23.94928744303,66.679496081236,
    99.607426561686));
#2971 = CARTESIAN_POINT('',(-23.91853213943,66.690526465868,
    99.303843024071));
#2972 = CARTESIAN_POINT('',(-23.91853213943,66.690526465868,
    98.758300276011));
#2973 = CARTESIAN_POINT('',(-23.93799413958,66.68354644571,
    98.516680936083));
#2974 = CARTESIAN_POINT('',(-23.97689343458,66.669595160683,
    98.276170414047));
#2975 = CARTESIAN_POINT('',(-24.03546515139,66.648548154859,
    98.037832612131));
#2976 = CARTESIAN_POINT('',(-24.11416518328,66.620161080436,
    97.802907144437));
#2977 = CARTESIAN_POINT('',(-24.21362743812,66.584077246222,
    97.572953624942));
#2978 = CARTESIAN_POINT('',(-24.46845323997,66.490883613954,
    97.10337470318));
#2979 = CARTESIAN_POINT('',(-24.62918236284,66.43174646182,
    96.864298628633));
#2980 = CARTESIAN_POINT('',(-24.81787504851,66.36176806867,
    96.636314840486));
#2981 = CARTESIAN_POINT('',(-25.03535727483,66.280290148698,
    96.423741388914));
#2982 = CARTESIAN_POINT('',(-25.28205642886,66.186693457639,
    96.231776113079));
#2983 = CARTESIAN_POINT('',(-25.55771062041,66.080495947086,
    96.066717731616));
#2984 = CARTESIAN_POINT('',(-26.00988891327,65.903215448424,
    95.872306414475));
#2985 = CARTESIAN_POINT('',(-26.16543016584,65.841781166409,
    95.816683363748));
#2986 = CARTESIAN_POINT('',(-26.32639261487,65.777694454147,
    95.770796452253));
#2987 = CARTESIAN_POINT('',(-26.49155605138,65.711376506827,
    95.735638578333));
#2988 = CARTESIAN_POINT('',(-26.65960203845,65.64330914387,
    95.711907903391));
#2989 = CARTESIAN_POINT('',(-26.82915714248,65.574023127521,95.7));
#2990 = CARTESIAN_POINT('',(-26.99883616441,65.504086481432,95.7));
#2991 = PCURVE('',#467,#2992);
#2992 = DEFINITIONAL_REPRESENTATION('',(#2993),#3056);
#2993 = B_SPLINE_CURVE_WITH_KNOTS('',7,(#2994,#2995,#2996,#2997,#2998,
    #2999,#3000,#3001,#3002,#3003,#3004,#3005,#3006,#3007,#3008,#3009,
    #3010,#3011,#3012,#3013,#3014,#3015,#3016,#3017,#3018,#3019,#3020,
    #3021,#3022,#3023,#3024,#3025,#3026,#3027,#3028,#3029,#3030,#3031,
    #3032,#3033,#3034,#3035,#3036,#3037,#3038,#3039,#3040,#3041,#3042,
    #3043,#3044,#3045,#3046,#3047,#3048,#3049,#3050,#3051,#3052,#3053,
    #3054,#3055),.UNSPECIFIED.,.F.,.F.,(8,6,6,6,6,6,6,6,6,6,8),(0.,
    8.234485223218E-02,0.180750759905,0.344501869879,0.442272969951,
    0.531818774297,0.631500505059,0.750063793966,0.844378002072,
    0.948705839642,1.),.UNSPECIFIED.);
#2994 = CARTESIAN_POINT('',(0.,4.));
#2995 = CARTESIAN_POINT('',(8.963097773554E-02,4.));
#2996 = CARTESIAN_POINT('',(0.178361138096,3.998559725553));
#2997 = CARTESIAN_POINT('',(0.265859409209,3.995729374296));
#2998 = CARTESIAN_POINT('',(0.351767340713,3.991709933176));
#2999 = CARTESIAN_POINT('',(0.435661882207,3.986816797621));
#3000 = CARTESIAN_POINT('',(0.516993353782,3.981418597135));
#3001 = CARTESIAN_POINT('',(0.68821849669,3.969197962793));
#3002 = CARTESIAN_POINT('',(0.777872082895,3.962218964986));
#3003 = CARTESIAN_POINT('',(0.864535966287,3.955331502515));
#3004 = CARTESIAN_POINT('',(0.948672940314,3.948850731703));
#3005 = CARTESIAN_POINT('',(1.030694823804,3.942999274719));
#3006 = CARTESIAN_POINT('',(1.111001650517,3.937925766375));
#3007 = CARTESIAN_POINT('',(1.321448794155,3.926754400404));
#3008 = CARTESIAN_POINT('',(1.449255704205,3.922213826332));
#3009 = CARTESIAN_POINT('',(1.575383447697,3.920570558623));
#3010 = CARTESIAN_POINT('',(1.701378974812,3.921943031334));
#3011 = CARTESIAN_POINT('',(1.828776082269,3.926285053639));
#3012 = CARTESIAN_POINT('',(1.959116037498,3.933326158673));
#3013 = CARTESIAN_POINT('',(2.175166359416,3.947717364448));
#3014 = CARTESIAN_POINT('',(2.257940412371,3.953815910066));
#3015 = CARTESIAN_POINT('',(2.343009273809,3.960475095608));
#3016 = CARTESIAN_POINT('',(2.430674896087,3.967463249325));
#3017 = CARTESIAN_POINT('',(2.521294010052,3.974461847131));
#3018 = CARTESIAN_POINT('',(2.615277278404,3.981048179579));
#3019 = CARTESIAN_POINT('',(2.802872514749,3.991945985206));
#3020 = CARTESIAN_POINT('',(2.896567053445,3.996443203184));
#3021 = CARTESIAN_POINT('',(2.992701190585,3.999714522923));
#3022 = CARTESIAN_POINT('',(3.090107197518,4.001309644246));
#3023 = CARTESIAN_POINT('',(3.187787280755,4.001048238191));
#3024 = CARTESIAN_POINT('',(3.284702939399,3.999070038503));
#3025 = CARTESIAN_POINT('',(3.485222009396,3.992008161989));
#3026 = CARTESIAN_POINT('',(3.58689003474,3.986648880064));
#3027 = CARTESIAN_POINT('',(3.685048507707,3.980145436684));
#3028 = CARTESIAN_POINT('',(3.779948372449,3.973043573155));
#3029 = CARTESIAN_POINT('',(3.871737717529,3.965830412276));
#3030 = CARTESIAN_POINT('',(3.960444539208,3.958891879324));
#3031 = CARTESIAN_POINT('',(4.147740528173,3.944894077454));
#3032 = CARTESIAN_POINT('',(4.246082005012,3.937981416485));
#3033 = CARTESIAN_POINT('',(4.341847194223,3.932160326502));
#3034 = CARTESIAN_POINT('',(4.435707745298,3.927666826942));
#3035 = CARTESIAN_POINT('',(4.528320435421,3.924627604413));
#3036 = CARTESIAN_POINT('',(4.620315336727,3.923105767657));
#3037 = CARTESIAN_POINT('',(4.785631320987,3.923105767657));
#3038 = CARTESIAN_POINT('',(4.858849553043,3.924068809427));
#3039 = CARTESIAN_POINT('',(4.932372435104,3.925993573176));
#3040 = CARTESIAN_POINT('',(5.006520381826,3.928854593589));
#3041 = CARTESIAN_POINT('',(5.081610488686,3.932599687297));
#3042 = CARTESIAN_POINT('',(5.157974219391,3.937140640384));
#3043 = CARTESIAN_POINT('',(5.322284229624,3.948085401526));
#3044 = CARTESIAN_POINT('',(5.410955084828,3.954659489422));
#3045 = CARTESIAN_POINT('',(5.502308843842,3.961866436341));
#3046 = CARTESIAN_POINT('',(5.596671675834,3.969412382437));
#3047 = CARTESIAN_POINT('',(5.69445033162,3.976887672431));
#3048 = CARTESIAN_POINT('',(5.796121715587,3.983746831784));
#3049 = CARTESIAN_POINT('',(5.954632534877,3.992154602147));
#3050 = CARTESIAN_POINT('',(6.007938872272,3.994627944039));
#3051 = CARTESIAN_POINT('',(6.062075925675,3.996714849441));
#3052 = CARTESIAN_POINT('',(6.116844942511,3.998339747198));
#3053 = CARTESIAN_POINT('',(6.172066801104,3.999445684296));
#3054 = CARTESIAN_POINT('',(6.22757110998,4.));
#3055 = CARTESIAN_POINT('',(6.28318530718,4.));
#3056 = ( GEOMETRIC_REPRESENTATION_CONTEXT(2) 
PARAMETRIC_REPRESENTATION_CONTEXT() REPRESENTATION_CONTEXT('2D SPACE',''
  ) );
#3057 = PCURVE('',#2631,#3058);
#3058 = DEFINITIONAL_REPRESENTATION('',(#3059),#3122);
#3059 = B_SPLINE_CURVE_WITH_KNOTS('',7,(#3060,#3061,#3062,#3063,#3064,
    #3065,#3066,#3067,#3068,#3069,#3070,#3071,#3072,#3073,#3074,#3075,
    #3076,#3077,#3078,#3079,#3080,#3081,#3082,#3083,#3084,#3085,#3086,
    #3087,#3088,#3089,#3090,#3091,#3092,#3093,#3094,#3095,#3096,#3097,
    #3098,#3099,#3100,#3101,#3102,#3103,#3104,#3105,#3106,#3107,#3108,
    #3109,#3110,#3111,#3112,#3113,#3114,#3115,#3116,#3117,#3118,#3119,
    #3120,#3121),.UNSPECIFIED.,.T.,.F.,(1,7,6,6,6,6,6,6,6,6,6,7,1),(
    -5.1294160358E-02,0.,8.234485223218E-02,0.180750759905,
    0.344501869879,0.442272969951,0.531818774297,0.631500505059,
    0.750063793966,0.844378002072,0.948705839642,1.,1.082344852232),
  .UNSPECIFIED.);
#3060 = CARTESIAN_POINT('',(1.961750079242,4.7));
#3061 = CARTESIAN_POINT('',(1.965924846024,4.7));
#3062 = CARTESIAN_POINT('',(1.970057660189,4.73092969924));
#3063 = CARTESIAN_POINT('',(1.974078409027,4.791670822752));
#3064 = CARTESIAN_POINT('',(1.977920767743,4.879823477415));
#3065 = CARTESIAN_POINT('',(1.981526663341,4.99178667822));
#3066 = CARTESIAN_POINT('',(1.984850045296,5.122823003665));
#3067 = CARTESIAN_POINT('',(1.991456953949,5.43953388484));
#3068 = CARTESIAN_POINT('',(1.994651932716,5.633068991563));
#3069 = CARTESIAN_POINT('',(1.997452636687,5.842525600656));
#3070 = CARTESIAN_POINT('',(1.999873073215,6.063973124918));
#3071 = CARTESIAN_POINT('',(2.001929153337,6.294403912747));
#3072 = CARTESIAN_POINT('',(2.003635640601,6.531501957946));
#3073 = CARTESIAN_POINT('',(2.007282106938,7.176230811115));
#3074 = CARTESIAN_POINT('',(2.008624380702,7.592506725845));
#3075 = CARTESIAN_POINT('',(2.009087742501,8.014533865535));
#3076 = CARTESIAN_POINT('',(2.008692648499,8.437300607314));
#3077 = CARTESIAN_POINT('',(2.007427618315,8.855664476112));
#3078 = CARTESIAN_POINT('',(2.005251161418,9.263388147561));
#3079 = CARTESIAN_POINT('',(2.00021554534,9.880834869576));
#3080 = CARTESIAN_POINT('',(1.997979178733,10.104835218937));
#3081 = CARTESIAN_POINT('',(1.995374952461,10.31925184432));
#3082 = CARTESIAN_POINT('',(1.99239031648,10.520714683399));
#3083 = CARTESIAN_POINT('',(1.989016065851,10.705139999546));
#3084 = CARTESIAN_POINT('',(1.985249501951,10.867555005731));
#3085 = CARTESIAN_POINT('',(1.97729994491,11.124723601632));
#3086 = CARTESIAN_POINT('',(1.973148273001,11.225002961021));
#3087 = CARTESIAN_POINT('',(1.968732651682,11.294299931632));
#3088 = CARTESIAN_POINT('',(1.964164086196,11.327454689101));
#3089 = CARTESIAN_POINT('',(1.959566432665,11.32251606914));
#3090 = CARTESIAN_POINT('',(1.955064203204,11.2808023659));
#3091 = CARTESIAN_POINT('',(1.945987293456,11.124797629677));
#3092 = CARTESIAN_POINT('',(1.941527742327,11.00395369762));
#3093 = CARTESIAN_POINT('',(1.93743742343,10.851225761262));
#3094 = CARTESIAN_POINT('',(1.933744382572,10.672811108467));
#3095 = CARTESIAN_POINT('',(1.930462702707,10.474516119262));
#3096 = CARTESIAN_POINT('',(1.927594389628,10.261828856789));
#3097 = CARTESIAN_POINT('',(1.922198115291,9.775987703985));
#3098 = CARTESIAN_POINT('',(1.919806899553,9.496253560798));
#3099 = CARTESIAN_POINT('',(1.917928502164,9.205993388046));
#3100 = CARTESIAN_POINT('',(1.916538077181,8.908839538652));
#3101 = CARTESIAN_POINT('',(1.915617110239,8.607426561686));
#3102 = CARTESIAN_POINT('',(1.915155945723,8.303843024071));
#3103 = CARTESIAN_POINT('',(1.915155945723,7.758300276011));
#3104 = CARTESIAN_POINT('',(1.915447771229,7.516680936083));
#3105 = CARTESIAN_POINT('',(1.916031052097,7.276170414047));
#3106 = CARTESIAN_POINT('',(1.916909505607,7.037832612131));
#3107 = CARTESIAN_POINT('',(1.918090352501,6.802907144437));
#3108 = CARTESIAN_POINT('',(1.919583719515,6.572953624942));
#3109 = CARTESIAN_POINT('',(1.923413392723,6.10337470318));
#3110 = CARTESIAN_POINT('',(1.925830651596,5.864298628633));
#3111 = CARTESIAN_POINT('',(1.928671155492,5.636314840486));
#3112 = CARTESIAN_POINT('',(1.931949083846,5.423741388914));
#3113 = CARTESIAN_POINT('',(1.935673188221,5.231776113079));
#3114 = CARTESIAN_POINT('',(1.93984253466,5.066717731616));
#3115 = CARTESIAN_POINT('',(1.94669770435,4.872306414475));
#3116 = CARTESIAN_POINT('',(1.949058094001,4.816683363748));
#3117 = CARTESIAN_POINT('',(1.951503404022,4.770796452253));
#3118 = CARTESIAN_POINT('',(1.954015457827,4.735638578333));
#3119 = CARTESIAN_POINT('',(1.956574480348,4.711907903391));
#3120 = CARTESIAN_POINT('',(1.959159721433,4.7));
#3121 = CARTESIAN_POINT('',(1.961750079242,4.7));
#3122 = ( GEOMETRIC_REPRESENTATION_CONTEXT(2) 
PARAMETRIC_REPRESENTATION_CONTEXT() REPRESENTATION_CONTEXT('2D SPACE',''
  ) );
#3123 = ORIENTED_EDGE('',*,*,#2903,.T.);
#3124 = ADVANCED_FACE('',(#3125),#674,.F.);
#3125 = FACE_BOUND('',#3126,.F.);
#3126 = EDGE_LOOP('',(#3127,#3128,#3151,#3349));
#3127 = ORIENTED_EDGE('',*,*,#540,.F.);
#3128 = ORIENTED_EDGE('',*,*,#3129,.F.);
#3129 = EDGE_CURVE('',#3130,#541,#3132,.T.);
#3130 = VERTEX_POINT('',#3131);
#3131 = CARTESIAN_POINT('',(-70.22762102682,9.370365249717,95.7));
#3132 = SEAM_CURVE('',#3133,(#3137,#3144),.PCURVE_S1.);
#3133 = LINE('',#3134,#3135);
#3134 = CARTESIAN_POINT('',(-66.26275886581,8.841339688689,95.7));
#3135 = VECTOR('',#3136,1.);
#3136 = DIRECTION('',(-0.991215540252,0.132256390257,2.220446049249E-16)
  );
#3137 = PCURVE('',#674,#3138);
#3138 = DEFINITIONAL_REPRESENTATION('',(#3139),#3143);
#3139 = LINE('',#3140,#3141);
#3140 = CARTESIAN_POINT('',(0.,-0.));
#3141 = VECTOR('',#3142,1.);
#3142 = DIRECTION('',(0.,1.));
#3143 = ( GEOMETRIC_REPRESENTATION_CONTEXT(2) 
PARAMETRIC_REPRESENTATION_CONTEXT() REPRESENTATION_CONTEXT('2D SPACE',''
  ) );
#3144 = PCURVE('',#674,#3145);
#3145 = DEFINITIONAL_REPRESENTATION('',(#3146),#3150);
#3146 = LINE('',#3147,#3148);
#3147 = CARTESIAN_POINT('',(6.28318530718,-0.));
#3148 = VECTOR('',#3149,1.);
#3149 = DIRECTION('',(0.,1.));
#3150 = ( GEOMETRIC_REPRESENTATION_CONTEXT(2) 
PARAMETRIC_REPRESENTATION_CONTEXT() REPRESENTATION_CONTEXT('2D SPACE',''
  ) );
#3151 = ORIENTED_EDGE('',*,*,#3152,.T.);
#3152 = EDGE_CURVE('',#3130,#3130,#3153,.T.);
#3153 = SURFACE_CURVE('',#3154,(#3217,#3283),.PCURVE_S1.);
#3154 = B_SPLINE_CURVE_WITH_KNOTS('',7,(#3155,#3156,#3157,#3158,#3159,
    #3160,#3161,#3162,#3163,#3164,#3165,#3166,#3167,#3168,#3169,#3170,
    #3171,#3172,#3173,#3174,#3175,#3176,#3177,#3178,#3179,#3180,#3181,
    #3182,#3183,#3184,#3185,#3186,#3187,#3188,#3189,#3190,#3191,#3192,
    #3193,#3194,#3195,#3196,#3197,#3198,#3199,#3200,#3201,#3202,#3203,
    #3204,#3205,#3206,#3207,#3208,#3209,#3210,#3211,#3212,#3213,#3214,
    #3215,#3216),.UNSPECIFIED.,.T.,.F.,(1,7,6,6,6,6,6,6,6,6,6,7,1),(
    -5.1294158203E-02,0.,8.234485444815E-02,0.18075076565,0.344501884757
    ,0.442272985131,0.531818787562,0.631500517669,0.750063804541,
    0.844378008634,0.948705841797,1.,1.082344854448),.UNSPECIFIED.);
#3155 = CARTESIAN_POINT('',(-70.22762102682,9.370365249717,95.7));
#3156 = CARTESIAN_POINT('',(-70.26674011675,9.077181307643,95.7));
#3157 = CARTESIAN_POINT('',(-70.30403847064,8.786753129956,
    95.730929698252));
#3158 = CARTESIAN_POINT('',(-70.33890775927,8.504019478658,
    95.791670824179));
#3159 = CARTESIAN_POINT('',(-70.37092468108,8.233672530115,
    95.879823477893));
#3160 = CARTESIAN_POINT('',(-70.39985729164,7.979835353796,
    95.991786676081));
#3161 = CARTESIAN_POINT('',(-70.42563978662,7.745788361799,
    96.122823004956));
#3162 = CARTESIAN_POINT('',(-70.47541454966,7.280342776814,
    96.439533884839));
#3163 = CARTESIAN_POINT('',(-70.49842107872,7.055148161405,
    96.633068991563));
#3164 = CARTESIAN_POINT('',(-70.51782218473,6.85766704009,
    96.842525600656));
#3165 = CARTESIAN_POINT('',(-70.53406264739,6.686948863534,
    97.063973124918));
#3166 = CARTESIAN_POINT('',(-70.54751331718,6.541897498785,
    97.294403912747));
#3167 = CARTESIAN_POINT('',(-70.55846071401,6.421489417367,
    97.531501957946));
#3168 = CARTESIAN_POINT('',(-70.58152424539,6.16416879367,
    98.176230819139));
#3169 = CARTESIAN_POINT('',(-70.58958693334,6.069410156738,
    98.592506692694));
#3170 = CARTESIAN_POINT('',(-70.59229446472,6.036693286505,
    99.014533929316));
#3171 = CARTESIAN_POINT('',(-70.58995717251,6.064587837343,
    99.437300537998));
#3172 = CARTESIAN_POINT('',(-70.58242124454,6.153897338869,
    99.855664516909));
#3173 = CARTESIAN_POINT('',(-70.56902728852,6.307518661159,
    100.26338813681));
#3174 = CARTESIAN_POINT('',(-70.53614491617,6.662773513289,
    100.88083486383));
#3175 = CARTESIAN_POINT('',(-70.52124980917,6.820518689608,
    101.10483523327));
#3176 = CARTESIAN_POINT('',(-70.50346372427,7.004169768663,
    101.31925183199));
#3177 = CARTESIAN_POINT('',(-70.48243837939,7.214585327747,
    101.52071468304));
#3178 = CARTESIAN_POINT('',(-70.45777062192,7.452378471967,
    101.7051400063));
#3179 = CARTESIAN_POINT('',(-70.42901526911,7.717689542999,
    101.86755500244));
#3180 = CARTESIAN_POINT('',(-70.36534103467,8.277304819897,
    102.12472360163));
#3181 = CARTESIAN_POINT('',(-70.33090030621,8.569429859546,
    102.22500296101));
#3182 = CARTESIAN_POINT('',(-70.29276832017,8.879950483924,
    102.29429993163));
#3183 = CARTESIAN_POINT('',(-70.25153964892,9.201005828679,
    102.3274546891));
#3184 = CARTESIAN_POINT('',(-70.20819778801,9.52386145736,
    102.32251606913));
#3185 = CARTESIAN_POINT('',(-70.16404977533,9.839778113399,
    102.2808023659));
#3186 = CARTESIAN_POINT('',(-70.07200110135,10.476255484171,
    102.12479762845));
#3187 = CARTESIAN_POINT('',(-70.02490654111,10.788690884357,
    102.00395369971));
#3188 = CARTESIAN_POINT('',(-69.98014125176,11.075018122602,
    101.85122576321));
#3189 = CARTESIAN_POINT('',(-69.93850886125,11.333340678066,
    101.67281109998));
#3190 = CARTESIAN_POINT('',(-69.90062307371,11.56274222835,101.474516128
    ));
#3191 = CARTESIAN_POINT('',(-69.86688393822,11.763142542177,
    101.26182885341));
#3192 = CARTESIAN_POINT('',(-69.80247794074,12.140004665162,
    100.77598771079));
#3193 = CARTESIAN_POINT('',(-69.77323789813,12.306881463328,
    100.49625354544));
#3194 = CARTESIAN_POINT('',(-69.74988346072,12.437901162095,
    100.20599339553));
#3195 = CARTESIAN_POINT('',(-69.73241419196,12.534851564337,
    99.908839551462));
#3196 = CARTESIAN_POINT('',(-69.72078123971,12.599056710628,
    99.607426543206));
#3197 = CARTESIAN_POINT('',(-69.71495618091,12.631206778946,
    99.303843031786));
#3198 = CARTESIAN_POINT('',(-69.71495618091,12.631206778946,
    98.758300276011));
#3199 = CARTESIAN_POINT('',(-69.71864230621,12.610862182328,
    98.516680936083));
#3200 = CARTESIAN_POINT('',(-69.72600978646,12.570198762158,
    98.276170414047));
#3201 = CARTESIAN_POINT('',(-69.73706840315,12.508950664549,
    98.037832612131));
#3202 = CARTESIAN_POINT('',(-69.75183449151,12.426600900439,
    97.802907144437));
#3203 = CARTESIAN_POINT('',(-69.77031610183,12.32242214392,
    97.572953624942));
#3204 = CARTESIAN_POINT('',(-69.81702094975,12.0551397098,
    97.103374703105));
#3205 = CARTESIAN_POINT('',(-69.84617123512,11.886375630234,
    96.864298628642));
#3206 = CARTESIAN_POINT('',(-69.87991451176,11.687973774415,
    96.636314840545));
#3207 = CARTESIAN_POINT('',(-69.91809367638,11.458889681583,
    96.423741388947));
#3208 = CARTESIAN_POINT('',(-69.96038614124,11.198443601505,
    96.231776113053));
#3209 = CARTESIAN_POINT('',(-70.00624349506,10.906621313618,
    96.066717731585));
#3210 = CARTESIAN_POINT('',(-70.07880322604,10.426383175709,
    95.872306414475));
#3211 = CARTESIAN_POINT('',(-70.10337020344,10.260963358633,
    95.816683363748));
#3212 = CARTESIAN_POINT('',(-70.1283507071,10.089522432587,
    95.770796452253));
#3213 = CARTESIAN_POINT('',(-70.15349939824,9.913327727135,
    95.735638578333));
#3214 = CARTESIAN_POINT('',(-70.17857432629,9.733761951848,
    95.711907903391));
#3215 = CARTESIAN_POINT('',(-70.20334842802,9.552279916241,95.7));
#3216 = CARTESIAN_POINT('',(-70.22762102682,9.370365249717,95.7));
#3217 = PCURVE('',#674,#3218);
#3218 = DEFINITIONAL_REPRESENTATION('',(#3219),#3282);
#3219 = B_SPLINE_CURVE_WITH_KNOTS('',7,(#3220,#3221,#3222,#3223,#3224,
    #3225,#3226,#3227,#3228,#3229,#3230,#3231,#3232,#3233,#3234,#3235,
    #3236,#3237,#3238,#3239,#3240,#3241,#3242,#3243,#3244,#3245,#3246,
    #3247,#3248,#3249,#3250,#3251,#3252,#3253,#3254,#3255,#3256,#3257,
    #3258,#3259,#3260,#3261,#3262,#3263,#3264,#3265,#3266,#3267,#3268,
    #3269,#3270,#3271,#3272,#3273,#3274,#3275,#3276,#3277,#3278,#3279,
    #3280,#3281),.UNSPECIFIED.,.F.,.F.,(8,6,6,6,6,6,6,6,6,6,8),(0.,
    8.234485444815E-02,0.18075076565,0.344501884757,0.442272985131,
    0.531818787562,0.631500517669,0.750063804541,0.844378008634,
    0.948705841797,1.),.UNSPECIFIED.);
#3220 = CARTESIAN_POINT('',(0.,4.));
#3221 = CARTESIAN_POINT('',(8.96309785336E-02,4.));
#3222 = CARTESIAN_POINT('',(0.178361136267,3.998559725593));
#3223 = CARTESIAN_POINT('',(0.265859410252,3.995729374239));
#3224 = CARTESIAN_POINT('',(0.351767341829,3.991709933156));
#3225 = CARTESIAN_POINT('',(0.435661880467,3.986816797706));
#3226 = CARTESIAN_POINT('',(0.516993354479,3.981418597085));
#3227 = CARTESIAN_POINT('',(0.68821849669,3.969197962793));
#3228 = CARTESIAN_POINT('',(0.777872082895,3.962218964986));
#3229 = CARTESIAN_POINT('',(0.864535966287,3.955331502515));
#3230 = CARTESIAN_POINT('',(0.948672940314,3.948850731703));
#3231 = CARTESIAN_POINT('',(1.030694823804,3.942999274719));
#3232 = CARTESIAN_POINT('',(1.111001650517,3.937925766375));
#3233 = CARTESIAN_POINT('',(1.321448796774,3.926754400265));
#3234 = CARTESIAN_POINT('',(1.449255693378,3.922213826592));
#3235 = CARTESIAN_POINT('',(1.575383468651,3.920570558613));
#3236 = CARTESIAN_POINT('',(1.701378951778,3.921943030853));
#3237 = CARTESIAN_POINT('',(1.828776096094,3.92628505422));
#3238 = CARTESIAN_POINT('',(1.959116033739,3.933326158422));
#3239 = CARTESIAN_POINT('',(2.175166357406,3.947717364314));
#3240 = CARTESIAN_POINT('',(2.25794041691,3.953815910388));
#3241 = CARTESIAN_POINT('',(2.343009271539,3.96047509541));
#3242 = CARTESIAN_POINT('',(2.430674892301,3.96746324913));
#3243 = CARTESIAN_POINT('',(2.521294015664,3.97446184746));
#3244 = CARTESIAN_POINT('',(2.615277276004,3.98104817944));
#3245 = CARTESIAN_POINT('',(2.802872514751,3.991945985206));
#3246 = CARTESIAN_POINT('',(2.896567053444,3.996443203184));
#3247 = CARTESIAN_POINT('',(2.992701190584,3.999714522923));
#3248 = CARTESIAN_POINT('',(3.090107197519,4.001309644246));
#3249 = CARTESIAN_POINT('',(3.187787280757,4.001048238191));
#3250 = CARTESIAN_POINT('',(3.284702939397,3.999070038503));
#3251 = CARTESIAN_POINT('',(3.485222010963,3.992008161933));
#3252 = CARTESIAN_POINT('',(3.586890031073,3.986648880182));
#3253 = CARTESIAN_POINT('',(3.685048510177,3.980145436679));
#3254 = CARTESIAN_POINT('',(3.779948373933,3.973043572935));
#3255 = CARTESIAN_POINT('',(3.871737714576,3.965830412528));
#3256 = CARTESIAN_POINT('',(3.960444540509,3.958891879227));
#3257 = CARTESIAN_POINT('',(4.147740525547,3.94489407765));
#3258 = CARTESIAN_POINT('',(4.246082011103,3.937981415963));
#3259 = CARTESIAN_POINT('',(4.341847190323,3.932160327082));
#3260 = CARTESIAN_POINT('',(4.435707742365,3.927666826641));
#3261 = CARTESIAN_POINT('',(4.528320440777,3.924627604472));
#3262 = CARTESIAN_POINT('',(4.620315334389,3.923105767657));
#3263 = CARTESIAN_POINT('',(4.785631320987,3.923105767657));
#3264 = CARTESIAN_POINT('',(4.858849553043,3.924068809427));
#3265 = CARTESIAN_POINT('',(4.932372435104,3.925993573176));
#3266 = CARTESIAN_POINT('',(5.006520381826,3.928854593589));
#3267 = CARTESIAN_POINT('',(5.081610488686,3.932599687297));
#3268 = CARTESIAN_POINT('',(5.157974219391,3.937140640384));
#3269 = CARTESIAN_POINT('',(5.322284229651,3.948085401528));
#3270 = CARTESIAN_POINT('',(5.410955084828,3.954659489422));
#3271 = CARTESIAN_POINT('',(5.50230884382,3.961866436339));
#3272 = CARTESIAN_POINT('',(5.596671675815,3.969412382435));
#3273 = CARTESIAN_POINT('',(5.694450331625,3.976887672432));
#3274 = CARTESIAN_POINT('',(5.796121715613,3.983746831786));
#3275 = CARTESIAN_POINT('',(5.954632534877,3.992154602147));
#3276 = CARTESIAN_POINT('',(6.007938872272,3.994627944039));
#3277 = CARTESIAN_POINT('',(6.062075925675,3.996714849441));
#3278 = CARTESIAN_POINT('',(6.116844942511,3.998339747198));
#3279 = CARTESIAN_POINT('',(6.172066801104,3.999445684296));
#3280 = CARTESIAN_POINT('',(6.227571109981,4.));
#3281 = CARTESIAN_POINT('',(6.28318530718,4.));
#3282 = ( GEOMETRIC_REPRESENTATION_CONTEXT(2) 
PARAMETRIC_REPRESENTATION_CONTEXT() REPRESENTATION_CONTEXT('2D SPACE',''
  ) );
#3283 = PCURVE('',#2631,#3284);
#3284 = DEFINITIONAL_REPRESENTATION('',(#3285),#3348);
#3285 = B_SPLINE_CURVE_WITH_KNOTS('',7,(#3286,#3287,#3288,#3289,#3290,
    #3291,#3292,#3293,#3294,#3295,#3296,#3297,#3298,#3299,#3300,#3301,
    #3302,#3303,#3304,#3305,#3306,#3307,#3308,#3309,#3310,#3311,#3312,
    #3313,#3314,#3315,#3316,#3317,#3318,#3319,#3320,#3321,#3322,#3323,
    #3324,#3325,#3326,#3327,#3328,#3329,#3330,#3331,#3332,#3333,#3334,
    #3335,#3336,#3337,#3338,#3339,#3340,#3341,#3342,#3343,#3344,#3345,
    #3346,#3347),.UNSPECIFIED.,.T.,.F.,(1,7,6,6,6,6,6,6,6,6,6,7,1),(
    -5.1294158203E-02,0.,8.234485444815E-02,0.18075076565,0.344501884757
    ,0.442272985131,0.531818787562,0.631500517669,0.750063804541,
    0.844378008634,0.948705841797,1.,1.082344854448),.UNSPECIFIED.);
#3286 = CARTESIAN_POINT('',(3.008947630438,4.7));
#3287 = CARTESIAN_POINT('',(3.013122397258,4.7));
#3288 = CARTESIAN_POINT('',(3.017255211304,4.730929698252));
#3289 = CARTESIAN_POINT('',(3.021275960267,4.791670824179));
#3290 = CARTESIAN_POINT('',(3.02511831899,4.879823477893));
#3291 = CARTESIAN_POINT('',(3.028724214465,4.991786676081));
#3292 = CARTESIAN_POINT('',(3.032047596519,5.122823004956));
#3293 = CARTESIAN_POINT('',(3.038654505146,5.439533884839));
#3294 = CARTESIAN_POINT('',(3.041849483913,5.633068991563));
#3295 = CARTESIAN_POINT('',(3.044650187883,5.842525600656));
#3296 = CARTESIAN_POINT('',(3.047070624412,6.063973124918));
#3297 = CARTESIAN_POINT('',(3.049126704533,6.294403912747));
#3298 = CARTESIAN_POINT('',(3.050833191798,6.531501957946));
#3299 = CARTESIAN_POINT('',(3.05447965818,7.176230819139));
#3300 = CARTESIAN_POINT('',(3.055821931817,7.592506692694));
#3301 = CARTESIAN_POINT('',(3.056285293691,8.014533929315));
#3302 = CARTESIAN_POINT('',(3.055890199869,8.437300537998));
#3303 = CARTESIAN_POINT('',(3.054625169308,8.855664516909));
#3304 = CARTESIAN_POINT('',(3.052448712702,9.263388136818));
#3305 = CARTESIAN_POINT('',(3.047413096584,9.88083486383));
#3306 = CARTESIAN_POINT('',(3.045176729839,10.104835233279));
#3307 = CARTESIAN_POINT('',(3.042572503638,10.319251831996));
#3308 = CARTESIAN_POINT('',(3.0395878679,10.520714683046));
#3309 = CARTESIAN_POINT('',(3.036213616796,10.705140006309));
#3310 = CARTESIAN_POINT('',(3.032447053249,10.867555002442));
#3311 = CARTESIAN_POINT('',(3.024497496106,11.124723601633));
#3312 = CARTESIAN_POINT('',(3.020345824198,11.225002961018));
#3313 = CARTESIAN_POINT('',(3.015930202879,11.294299931633));
#3314 = CARTESIAN_POINT('',(3.011361637392,11.327454689102));
#3315 = CARTESIAN_POINT('',(3.006763983861,11.322516069138));
#3316 = CARTESIAN_POINT('',(3.002261754401,11.280802365901));
#3317 = CARTESIAN_POINT('',(2.993184844581,11.124797628458));
#3318 = CARTESIAN_POINT('',(2.988725293698,11.003953699717));
#3319 = CARTESIAN_POINT('',(2.98463497448,10.851225763213));
#3320 = CARTESIAN_POINT('',(2.980941933766,10.67281109998));
#3321 = CARTESIAN_POINT('',(2.97766025398,10.474516127999));
#3322 = CARTESIAN_POINT('',(2.974791940787,10.261828853413));
#3323 = CARTESIAN_POINT('',(2.969395666563,9.775987710796));
#3324 = CARTESIAN_POINT('',(2.967004450551,9.496253545441));
#3325 = CARTESIAN_POINT('',(2.965126053584,9.20599339553));
#3326 = CARTESIAN_POINT('',(2.963735628258,8.908839551462));
#3327 = CARTESIAN_POINT('',(2.962814661461,8.607426543206));
#3328 = CARTESIAN_POINT('',(2.962353496919,8.303843031786));
#3329 = CARTESIAN_POINT('',(2.962353496919,7.758300276011));
#3330 = CARTESIAN_POINT('',(2.962645322426,7.516680936083));
#3331 = CARTESIAN_POINT('',(2.963228603294,7.276170414047));
#3332 = CARTESIAN_POINT('',(2.964107056804,7.037832612131));
#3333 = CARTESIAN_POINT('',(2.965287903698,6.802907144437));
#3334 = CARTESIAN_POINT('',(2.966781270712,6.572953624942));
#3335 = CARTESIAN_POINT('',(2.97061094392,6.103374703105));
#3336 = CARTESIAN_POINT('',(2.973028202793,5.864298628642));
#3337 = CARTESIAN_POINT('',(2.975868706688,5.636314840545));
#3338 = CARTESIAN_POINT('',(2.979146635042,5.423741388947));
#3339 = CARTESIAN_POINT('',(2.982870739418,5.231776113053));
#3340 = CARTESIAN_POINT('',(2.987040085858,5.066717731585));
#3341 = CARTESIAN_POINT('',(2.993895255546,4.872306414475));
#3342 = CARTESIAN_POINT('',(2.996255645198,4.816683363748));
#3343 = CARTESIAN_POINT('',(2.998700955218,4.770796452253));
#3344 = CARTESIAN_POINT('',(3.001213009023,4.735638578333));
#3345 = CARTESIAN_POINT('',(3.003772031544,4.711907903391));
#3346 = CARTESIAN_POINT('',(3.006357272629,4.7));
#3347 = CARTESIAN_POINT('',(3.008947630438,4.7));
#3348 = ( GEOMETRIC_REPRESENTATION_CONTEXT(2) 
PARAMETRIC_REPRESENTATION_CONTEXT() REPRESENTATION_CONTEXT('2D SPACE',''
  ) );
#3349 = ORIENTED_EDGE('',*,*,#3129,.T.);
#3350 = ADVANCED_FACE('',(#3351),#881,.F.);
#3351 = FACE_BOUND('',#3352,.F.);
#3352 = EDGE_LOOP('',(#3353,#3354,#3377,#3575));
#3353 = ORIENTED_EDGE('',*,*,#747,.F.);
#3354 = ORIENTED_EDGE('',*,*,#3355,.F.);
#3355 = EDGE_CURVE('',#3356,#748,#3358,.T.);
#3356 = VERTEX_POINT('',#3357);
#3357 = CARTESIAN_POINT('',(-43.2287848624,-56.13372123171,95.7));
#3358 = SEAM_CURVE('',#3359,(#3363,#3370),.PCURVE_S1.);
#3359 = LINE('',#3360,#3361);
#3360 = CARTESIAN_POINT('',(-40.7882042068,-52.96456265829,95.7));
#3361 = VECTOR('',#3362,1.);
#3362 = DIRECTION('',(-0.610145163901,-0.792289643355,2.220446049251E-16
    ));
#3363 = PCURVE('',#881,#3364);
#3364 = DEFINITIONAL_REPRESENTATION('',(#3365),#3369);
#3365 = LINE('',#3366,#3367);
#3366 = CARTESIAN_POINT('',(0.,-0.));
#3367 = VECTOR('',#3368,1.);
#3368 = DIRECTION('',(0.,1.));
#3369 = ( GEOMETRIC_REPRESENTATION_CONTEXT(2) 
PARAMETRIC_REPRESENTATION_CONTEXT() REPRESENTATION_CONTEXT('2D SPACE',''
  ) );
#3370 = PCURVE('',#881,#3371);
#3371 = DEFINITIONAL_REPRESENTATION('',(#3372),#3376);
#3372 = LINE('',#3373,#3374);
#3373 = CARTESIAN_POINT('',(6.28318530718,-0.));
#3374 = VECTOR('',#3375,1.);
#3375 = DIRECTION('',(0.,1.));
#3376 = ( GEOMETRIC_REPRESENTATION_CONTEXT(2) 
PARAMETRIC_REPRESENTATION_CONTEXT() REPRESENTATION_CONTEXT('2D SPACE',''
  ) );
#3377 = ORIENTED_EDGE('',*,*,#3378,.T.);
#3378 = EDGE_CURVE('',#3356,#3356,#3379,.T.);
#3379 = SURFACE_CURVE('',#3380,(#3443,#3509),.PCURVE_S1.);
#3380 = B_SPLINE_CURVE_WITH_KNOTS('',7,(#3381,#3382,#3383,#3384,#3385,
    #3386,#3387,#3388,#3389,#3390,#3391,#3392,#3393,#3394,#3395,#3396,
    #3397,#3398,#3399,#3400,#3401,#3402,#3403,#3404,#3405,#3406,#3407,
    #3408,#3409,#3410,#3411,#3412,#3413,#3414,#3415,#3416,#3417,#3418,
    #3419,#3420,#3421,#3422,#3423,#3424,#3425,#3426,#3427,#3428,#3429,
    #3430,#3431,#3432,#3433,#3434,#3435,#3436,#3437,#3438,#3439,#3440,
    #3441,#3442),.UNSPECIFIED.,.T.,.F.,(1,7,6,6,6,6,6,6,6,6,6,7,1),(
    -5.1294160853E-02,0.,8.234485274903E-02,0.180750761101,
    0.344501875468,0.442272973011,0.531818772779,0.631500501478,
    0.75006379154,0.844378000565,0.948705839147,1.,1.082344852749),
  .UNSPECIFIED.);
#3381 = CARTESIAN_POINT('',(-43.2287848624,-56.13372123171,95.7));
#3382 = CARTESIAN_POINT('',(-42.99443966755,-56.31419132686,95.7));
#3383 = CARTESIAN_POINT('',(-42.761570658,-56.49170674276,
    95.730929699261));
#3384 = CARTESIAN_POINT('',(-42.53415078494,-56.66327125279,
    95.791670822755));
#3385 = CARTESIAN_POINT('',(-42.316031921,-56.82617219432,
    95.879823477363));
#3386 = CARTESIAN_POINT('',(-42.11066877611,-56.97814716352,
    95.99178667818));
#3387 = CARTESIAN_POINT('',(-41.9208693884,-57.11749895104,
    96.122823003756));
#3388 = CARTESIAN_POINT('',(-41.54266906781,-57.39332795384,
    96.439533884839));
#3389 = CARTESIAN_POINT('',(-41.3591480746,-57.52584950016,
    96.633068991563));
#3390 = CARTESIAN_POINT('',(-41.19782495978,-57.64139191149,
    96.842525600656));
#3391 = CARTESIAN_POINT('',(-41.05809891332,-57.740815653,
    97.063973124918));
#3392 = CARTESIAN_POINT('',(-40.93920608149,-57.82498995711,
    97.294403912747));
#3393 = CARTESIAN_POINT('',(-40.84040332258,-57.89467472158,
    97.531501957947));
#3394 = CARTESIAN_POINT('',(-40.62908889123,-58.0433086375,
    98.176230819139));
#3395 = CARTESIAN_POINT('',(-40.55105684839,-58.09767044856,
    98.592506692695));
#3396 = CARTESIAN_POINT('',(-40.52407697333,-58.11637367463,
    99.014533929315));
#3397 = CARTESIAN_POINT('',(-40.54706571687,-58.10040224478,
    99.437300537998));
#3398 = CARTESIAN_POINT('',(-40.62064205001,-58.04922118895,
    99.85566451691));
#3399 = CARTESIAN_POINT('',(-40.74698503966,-57.96081102163,
    100.26338813681));
#3400 = CARTESIAN_POINT('',(-41.03820358025,-57.75470662578,
    100.88083486383));
#3401 = CARTESIAN_POINT('',(-41.16736735677,-57.66293449657,
    101.10483523327));
#3402 = CARTESIAN_POINT('',(-41.31752081421,-57.55570575568,
    101.31925183199));
#3403 = CARTESIAN_POINT('',(-41.48923336129,-57.43228949335,
    101.52071468304));
#3404 = CARTESIAN_POINT('',(-41.6828343863,-57.29203001661,
    101.70514000631));
#3405 = CARTESIAN_POINT('',(-41.89822283731,-57.13447161507,
    101.86755500244));
#3406 = CARTESIAN_POINT('',(-42.35102676606,-56.79952047216,
    102.12472360153));
#3407 = CARTESIAN_POINT('',(-42.58679410759,-56.62363140631,
    102.22500296116));
#3408 = CARTESIAN_POINT('',(-42.83664686365,-56.43534782553,
    102.29429993158));
#3409 = CARTESIAN_POINT('',(-43.09407461232,-56.2391150767,
    102.32745468902));
#3410 = CARTESIAN_POINT('',(-43.35200485802,-56.0401521098,
    102.32251606924));
#3411 = CARTESIAN_POINT('',(-43.60352270164,-55.84396048099,
    102.28080236584));
#3412 = CARTESIAN_POINT('',(-44.10870394046,-55.44600530258,
    102.12479762723));
#3413 = CARTESIAN_POINT('',(-44.35573364027,-55.24900252769,
    102.00395370181));
#3414 = CARTESIAN_POINT('',(-44.58131767571,-55.06707101676,
    101.85122576516));
#3415 = CARTESIAN_POINT('',(-44.78421536759,-54.90185503732,
    101.67281109148));
#3416 = CARTESIAN_POINT('',(-44.96394003984,-54.75434421155,
    101.47451613674));
#3417 = CARTESIAN_POINT('',(-45.12062224102,-54.62492510097,
    101.26182885003));
#3418 = CARTESIAN_POINT('',(-45.41479141658,-54.38071680778,
    100.77598770398));
#3419 = CARTESIAN_POINT('',(-45.54469092682,-54.27195580143,
    100.49625356079));
#3420 = CARTESIAN_POINT('',(-45.64648011865,-54.18622039685,
    100.20599338804));
#3421 = CARTESIAN_POINT('',(-45.72170697684,-54.12261638069,
    99.908839538651));
#3422 = CARTESIAN_POINT('',(-45.77149379637,-54.08043936882,
    99.607426561687));
#3423 = CARTESIAN_POINT('',(-45.79642404148,-54.05931968692,
    99.303843024071));
#3424 = CARTESIAN_POINT('',(-45.79642404148,-54.05931968692,
    98.758300276011));
#3425 = CARTESIAN_POINT('',(-45.78064816663,-54.07268426338,
    98.516680936083));
#3426 = CARTESIAN_POINT('',(-45.74911635188,-54.09939639852,
    98.276170414048));
#3427 = CARTESIAN_POINT('',(-45.70160325176,-54.13959749031,
    98.037832612131));
#3428 = CARTESIAN_POINT('',(-45.63766930822,-54.19356017999,
    97.802907144436));
#3429 = CARTESIAN_POINT('',(-45.55668866371,-54.2616551023,
    97.572953624942));
#3430 = CARTESIAN_POINT('',(-45.34856770977,-54.4357439041,
    97.103374703193));
#3431 = CARTESIAN_POINT('',(-45.21698887228,-54.54537083157,
    96.864298628631));
#3432 = CARTESIAN_POINT('',(-45.06203946325,-54.6737942943,
    96.636314840477));
#3433 = CARTESIAN_POINT('',(-44.88273640155,-54.82140046718,
    96.423741388909));
#3434 = CARTESIAN_POINT('',(-44.67832971237,-54.98824985612,
    96.231776113082));
#3435 = CARTESIAN_POINT('',(-44.44853287465,-55.17387463338,
    96.066717731621));
#3436 = CARTESIAN_POINT('',(-44.06891431278,-55.47683227271,
    95.872306414475));
#3437 = CARTESIAN_POINT('',(-43.9379400376,-55.58081780777,
    95.816683363748));
#3438 = CARTESIAN_POINT('',(-43.80195809222,-55.68817202156,
    95.770796452253));
#3439 = CARTESIAN_POINT('',(-43.66194334686,-55.79804877969,
    95.735638578333));
#3440 = CARTESIAN_POINT('',(-43.51897228783,-55.90954719202,
    95.711907903391));
#3441 = CARTESIAN_POINT('',(-43.37419128553,-56.02174321128,95.7));
#3442 = CARTESIAN_POINT('',(-43.2287848624,-56.13372123171,95.7));
#3443 = PCURVE('',#881,#3444);
#3444 = DEFINITIONAL_REPRESENTATION('',(#3445),#3508);
#3445 = B_SPLINE_CURVE_WITH_KNOTS('',7,(#3446,#3447,#3448,#3449,#3450,
    #3451,#3452,#3453,#3454,#3455,#3456,#3457,#3458,#3459,#3460,#3461,
    #3462,#3463,#3464,#3465,#3466,#3467,#3468,#3469,#3470,#3471,#3472,
    #3473,#3474,#3475,#3476,#3477,#3478,#3479,#3480,#3481,#3482,#3483,
    #3484,#3485,#3486,#3487,#3488,#3489,#3490,#3491,#3492,#3493,#3494,
    #3495,#3496,#3497,#3498,#3499,#3500,#3501,#3502,#3503,#3504,#3505,
    #3506,#3507),.UNSPECIFIED.,.F.,.F.,(8,6,6,6,6,6,6,6,6,6,8),(0.,
    8.234485274903E-02,0.180750761101,0.344501875468,0.442272973011,
    0.531818772779,0.631500501478,0.75006379154,0.844378000565,
    0.948705839147,1.),.UNSPECIFIED.);
#3446 = CARTESIAN_POINT('',(0.,4.));
#3447 = CARTESIAN_POINT('',(8.963097776653E-02,4.));
#3448 = CARTESIAN_POINT('',(0.178361138109,3.998559725552));
#3449 = CARTESIAN_POINT('',(0.265859409187,3.995729374296));
#3450 = CARTESIAN_POINT('',(0.351767340675,3.991709933178));
#3451 = CARTESIAN_POINT('',(0.435661882199,3.986816797622));
#3452 = CARTESIAN_POINT('',(0.51699335383,3.981418597131));
#3453 = CARTESIAN_POINT('',(0.68821849669,3.969197962793));
#3454 = CARTESIAN_POINT('',(0.777872082895,3.962218964986));
#3455 = CARTESIAN_POINT('',(0.864535966287,3.955331502515));
#3456 = CARTESIAN_POINT('',(0.948672940314,3.948850731703));
#3457 = CARTESIAN_POINT('',(1.030694823804,3.942999274719));
#3458 = CARTESIAN_POINT('',(1.111001650517,3.937925766375));
#3459 = CARTESIAN_POINT('',(1.321448796774,3.926754400265));
#3460 = CARTESIAN_POINT('',(1.449255693379,3.922213826592));
#3461 = CARTESIAN_POINT('',(1.575383468651,3.920570558613));
#3462 = CARTESIAN_POINT('',(1.701378951778,3.921943030853));
#3463 = CARTESIAN_POINT('',(1.828776096094,3.926285054221));
#3464 = CARTESIAN_POINT('',(1.959116033738,3.933326158422));
#3465 = CARTESIAN_POINT('',(2.175166357406,3.947717364314));
#3466 = CARTESIAN_POINT('',(2.25794041691,3.953815910388));
#3467 = CARTESIAN_POINT('',(2.343009271539,3.96047509541));
#3468 = CARTESIAN_POINT('',(2.430674892301,3.96746324913));
#3469 = CARTESIAN_POINT('',(2.521294015664,3.97446184746));
#3470 = CARTESIAN_POINT('',(2.615277276004,3.98104817944));
#3471 = CARTESIAN_POINT('',(2.802872514681,3.991945985202));
#3472 = CARTESIAN_POINT('',(2.896567053516,3.99644320319));
#3473 = CARTESIAN_POINT('',(2.992701190639,3.999714522921));
#3474 = CARTESIAN_POINT('',(3.090107197461,4.001309644243));
#3475 = CARTESIAN_POINT('',(3.187787280688,4.001048238195));
#3476 = CARTESIAN_POINT('',(3.284702939467,3.9990700385));
#3477 = CARTESIAN_POINT('',(3.485222012533,3.992008161878));
#3478 = CARTESIAN_POINT('',(3.586890027398,3.9866488803));
#3479 = CARTESIAN_POINT('',(3.685048512653,3.980145436674));
#3480 = CARTESIAN_POINT('',(3.779948375417,3.973043572714));
#3481 = CARTESIAN_POINT('',(3.87173771162,3.965830412779));
#3482 = CARTESIAN_POINT('',(3.960444541812,3.95889187913));
#3483 = CARTESIAN_POINT('',(4.147740528173,3.944894077454));
#3484 = CARTESIAN_POINT('',(4.246082005013,3.937981416485));
#3485 = CARTESIAN_POINT('',(4.341847194223,3.932160326502));
#3486 = CARTESIAN_POINT('',(4.435707745298,3.927666826942));
#3487 = CARTESIAN_POINT('',(4.528320435421,3.924627604413));
#3488 = CARTESIAN_POINT('',(4.620315336727,3.923105767657));
#3489 = CARTESIAN_POINT('',(4.785631320987,3.923105767657));
#3490 = CARTESIAN_POINT('',(4.858849553043,3.924068809427));
#3491 = CARTESIAN_POINT('',(4.932372435104,3.925993573176));
#3492 = CARTESIAN_POINT('',(5.006520381826,3.928854593589));
#3493 = CARTESIAN_POINT('',(5.081610488686,3.932599687297));
#3494 = CARTESIAN_POINT('',(5.157974219391,3.937140640384));
#3495 = CARTESIAN_POINT('',(5.32228422962,3.948085401526));
#3496 = CARTESIAN_POINT('',(5.410955084828,3.954659489422));
#3497 = CARTESIAN_POINT('',(5.502308843845,3.961866436341));
#3498 = CARTESIAN_POINT('',(5.596671675837,3.969412382437));
#3499 = CARTESIAN_POINT('',(5.69445033162,3.976887672431));
#3500 = CARTESIAN_POINT('',(5.796121715583,3.983746831784));
#3501 = CARTESIAN_POINT('',(5.954632534877,3.992154602147));
#3502 = CARTESIAN_POINT('',(6.007938872272,3.994627944039));
#3503 = CARTESIAN_POINT('',(6.062075925675,3.996714849441));
#3504 = CARTESIAN_POINT('',(6.116844942511,3.998339747198));
#3505 = CARTESIAN_POINT('',(6.172066801104,3.999445684296));
#3506 = CARTESIAN_POINT('',(6.227571109981,4.));
#3507 = CARTESIAN_POINT('',(6.28318530718,4.));
#3508 = ( GEOMETRIC_REPRESENTATION_CONTEXT(2) 
PARAMETRIC_REPRESENTATION_CONTEXT() REPRESENTATION_CONTEXT('2D SPACE',''
  ) );
#3509 = PCURVE('',#2631,#3510);
#3510 = DEFINITIONAL_REPRESENTATION('',(#3511),#3574);
#3511 = B_SPLINE_CURVE_WITH_KNOTS('',7,(#3512,#3513,#3514,#3515,#3516,
    #3517,#3518,#3519,#3520,#3521,#3522,#3523,#3524,#3525,#3526,#3527,
    #3528,#3529,#3530,#3531,#3532,#3533,#3534,#3535,#3536,#3537,#3538,
    #3539,#3540,#3541,#3542,#3543,#3544,#3545,#3546,#3547,#3548,#3549,
    #3550,#3551,#3552,#3553,#3554,#3555,#3556,#3557,#3558,#3559,#3560,
    #3561,#3562,#3563,#3564,#3565,#3566,#3567,#3568,#3569,#3570,#3571,
    #3572,#3573),.UNSPECIFIED.,.T.,.F.,(1,7,6,6,6,6,6,6,6,6,6,7,1),(
    -5.1294160853E-02,0.,8.234485274903E-02,0.180750761101,
    0.344501875468,0.442272973011,0.531818772779,0.631500501478,
    0.75006379154,0.844378000565,0.948705839147,1.,1.082344852749),
  .UNSPECIFIED.);
#3512 = CARTESIAN_POINT('',(4.056145181635,4.7));
#3513 = CARTESIAN_POINT('',(4.060319948419,4.7));
#3514 = CARTESIAN_POINT('',(4.064452762583,4.730929699261));
#3515 = CARTESIAN_POINT('',(4.068473511419,4.791670822755));
#3516 = CARTESIAN_POINT('',(4.072315870135,4.879823477363));
#3517 = CARTESIAN_POINT('',(4.075921765734,4.99178667818));
#3518 = CARTESIAN_POINT('',(4.079245147691,5.122823003756));
#3519 = CARTESIAN_POINT('',(4.085852056343,5.439533884839));
#3520 = CARTESIAN_POINT('',(4.08904703511,5.633068991563));
#3521 = CARTESIAN_POINT('',(4.09184773908,5.842525600656));
#3522 = CARTESIAN_POINT('',(4.094268175609,6.063973124918));
#3523 = CARTESIAN_POINT('',(4.09632425573,6.294403912747));
#3524 = CARTESIAN_POINT('',(4.098030742995,6.531501957947));
#3525 = CARTESIAN_POINT('',(4.101677209376,7.176230819139));
#3526 = CARTESIAN_POINT('',(4.103019483013,7.592506692695));
#3527 = CARTESIAN_POINT('',(4.103482844887,8.014533929315));
#3528 = CARTESIAN_POINT('',(4.103087751065,8.437300537998));
#3529 = CARTESIAN_POINT('',(4.101822720504,8.85566451691));
#3530 = CARTESIAN_POINT('',(4.099646263899,9.263388136817));
#3531 = CARTESIAN_POINT('',(4.09461064778,9.88083486383));
#3532 = CARTESIAN_POINT('',(4.092374281035,10.104835233279));
#3533 = CARTESIAN_POINT('',(4.089770054835,10.319251831996));
#3534 = CARTESIAN_POINT('',(4.086785419096,10.520714683046));
#3535 = CARTESIAN_POINT('',(4.083411167992,10.70514000631));
#3536 = CARTESIAN_POINT('',(4.079644604446,10.867555002441));
#3537 = CARTESIAN_POINT('',(4.071695047306,11.124723601537));
#3538 = CARTESIAN_POINT('',(4.067543375392,11.225002961166));
#3539 = CARTESIAN_POINT('',(4.063127754073,11.294299931588));
#3540 = CARTESIAN_POINT('',(4.058559188592,11.327454689024));
#3541 = CARTESIAN_POINT('',(4.053961535061,11.322516069243));
#3542 = CARTESIAN_POINT('',(4.049459305594,11.280802365847));
#3543 = CARTESIAN_POINT('',(4.040382395707,11.124797627236));
#3544 = CARTESIAN_POINT('',(4.035922845069,11.003953701819));
#3545 = CARTESIAN_POINT('',(4.031832525529,10.851225765164));
#3546 = CARTESIAN_POINT('',(4.028139484959,10.672811091484));
#3547 = CARTESIAN_POINT('',(4.024857805254,10.474516136748));
#3548 = CARTESIAN_POINT('',(4.021989491946,10.261828850032));
#3549 = CARTESIAN_POINT('',(4.016593217684,9.775987703985));
#3550 = CARTESIAN_POINT('',(4.014202001946,9.496253560798));
#3551 = CARTESIAN_POINT('',(4.012323604558,9.205993388047));
#3552 = CARTESIAN_POINT('',(4.010933179574,8.908839538651));
#3553 = CARTESIAN_POINT('',(4.010012212632,8.607426561687));
#3554 = CARTESIAN_POINT('',(4.009551048116,8.303843024071));
#3555 = CARTESIAN_POINT('',(4.009551048116,7.758300276011));
#3556 = CARTESIAN_POINT('',(4.009842873623,7.516680936083));
#3557 = CARTESIAN_POINT('',(4.010426154491,7.276170414048));
#3558 = CARTESIAN_POINT('',(4.011304608,7.037832612131));
#3559 = CARTESIAN_POINT('',(4.012485454895,6.802907144436));
#3560 = CARTESIAN_POINT('',(4.013978821909,6.572953624942));
#3561 = CARTESIAN_POINT('',(4.017808495116,6.103374703193));
#3562 = CARTESIAN_POINT('',(4.020225753989,5.864298628631));
#3563 = CARTESIAN_POINT('',(4.023066257886,5.636314840477));
#3564 = CARTESIAN_POINT('',(4.02634418624,5.423741388909));
#3565 = CARTESIAN_POINT('',(4.030068290614,5.231776113082));
#3566 = CARTESIAN_POINT('',(4.034237637053,5.066717731621));
#3567 = CARTESIAN_POINT('',(4.041092806743,4.872306414475));
#3568 = CARTESIAN_POINT('',(4.043453196395,4.816683363748));
#3569 = CARTESIAN_POINT('',(4.045898506415,4.770796452253));
#3570 = CARTESIAN_POINT('',(4.04841056022,4.735638578333));
#3571 = CARTESIAN_POINT('',(4.050969582741,4.711907903391));
#3572 = CARTESIAN_POINT('',(4.053554823826,4.7));
#3573 = CARTESIAN_POINT('',(4.056145181635,4.7));
#3574 = ( GEOMETRIC_REPRESENTATION_CONTEXT(2) 
PARAMETRIC_REPRESENTATION_CONTEXT() REPRESENTATION_CONTEXT('2D SPACE',''
  ) );
#3575 = ORIENTED_EDGE('',*,*,#3355,.T.);
#3576 = ADVANCED_FACE('',(#3577),#1088,.F.);
#3577 = FACE_BOUND('',#3578,.F.);
#3578 = EDGE_LOOP('',(#3579,#3580,#3603,#3801));
#3579 = ORIENTED_EDGE('',*,*,#954,.F.);
#3580 = ORIENTED_EDGE('',*,*,#3581,.F.);
#3581 = EDGE_CURVE('',#3582,#955,#3584,.T.);
#3582 = VERTEX_POINT('',#3583);
#3583 = CARTESIAN_POINT('',(26.998836164417,-65.50408648143,95.7));
#3584 = SEAM_CURVE('',#3585,(#3589,#3596),.PCURVE_S1.);
#3585 = LINE('',#3586,#3587);
#3586 = CARTESIAN_POINT('',(25.474554659016,-61.80590234698,95.7));
#3587 = VECTOR('',#3588,1.);
#3588 = DIRECTION('',(0.38107037635,-0.924546033612,2.220446049251E-16)
  );
#3589 = PCURVE('',#1088,#3590);
#3590 = DEFINITIONAL_REPRESENTATION('',(#3591),#3595);
#3591 = LINE('',#3592,#3593);
#3592 = CARTESIAN_POINT('',(0.,-0.));
#3593 = VECTOR('',#3594,1.);
#3594 = DIRECTION('',(0.,1.));
#3595 = ( GEOMETRIC_REPRESENTATION_CONTEXT(2) 
PARAMETRIC_REPRESENTATION_CONTEXT() REPRESENTATION_CONTEXT('2D SPACE',''
  ) );
#3596 = PCURVE('',#1088,#3597);
#3597 = DEFINITIONAL_REPRESENTATION('',(#3598),#3602);
#3598 = LINE('',#3599,#3600);
#3599 = CARTESIAN_POINT('',(6.28318530718,-0.));
#3600 = VECTOR('',#3601,1.);
#3601 = DIRECTION('',(0.,1.));
#3602 = ( GEOMETRIC_REPRESENTATION_CONTEXT(2) 
PARAMETRIC_REPRESENTATION_CONTEXT() REPRESENTATION_CONTEXT('2D SPACE',''
  ) );
#3603 = ORIENTED_EDGE('',*,*,#3604,.T.);
#3604 = EDGE_CURVE('',#3582,#3582,#3605,.T.);
#3605 = SURFACE_CURVE('',#3606,(#3669,#3735),.PCURVE_S1.);
#3606 = B_SPLINE_CURVE_WITH_KNOTS('',7,(#3607,#3608,#3609,#3610,#3611,
    #3612,#3613,#3614,#3615,#3616,#3617,#3618,#3619,#3620,#3621,#3622,
    #3623,#3624,#3625,#3626,#3627,#3628,#3629,#3630,#3631,#3632,#3633,
    #3634,#3635,#3636,#3637,#3638,#3639,#3640,#3641,#3642,#3643,#3644,
    #3645,#3646,#3647,#3648,#3649,#3650,#3651,#3652,#3653,#3654,#3655,
    #3656,#3657,#3658,#3659,#3660,#3661,#3662,#3663,#3664,#3665,#3666,
    #3667,#3668),.UNSPECIFIED.,.T.,.F.,(1,7,6,6,6,6,6,6,6,6,6,7,1),(
    -5.1294161645E-02,0.,8.234485386854E-02,0.180750764252,
    0.344501878735,0.442272981454,0.531818786864,0.631500517473,
    0.750063803138,0.844378006271,0.948705838355,1.,1.082344853869),
  .UNSPECIFIED.);
#3607 = CARTESIAN_POINT('',(26.998836164417,-65.50408648143,95.7));
#3608 = CARTESIAN_POINT('',(27.2723004509,-65.39137263617,95.7));
#3609 = CARTESIAN_POINT('',(27.542467807959,-65.27845986921,
    95.730929698184));
#3610 = CARTESIAN_POINT('',(27.804756977077,-65.16729073321,
    95.791670824204));
#3611 = CARTESIAN_POINT('',(28.054892763245,-65.05984472658,
    95.879823478023));
#3612 = CARTESIAN_POINT('',(28.289188511378,-64.95798251427,
    95.991786676126));
#3613 = CARTESIAN_POINT('',(28.504770399407,-64.86328731399,
    96.122823004771));
#3614 = CARTESIAN_POINT('',(28.932745481853,-64.67367073065,
    96.439533884839));
#3615 = CARTESIAN_POINT('',(29.139273004123,-64.58099766157,
    96.633068991563));
#3616 = CARTESIAN_POINT('',(29.319997224957,-64.49905895158,
    96.842525600656));
#3617 = CARTESIAN_POINT('',(29.475963734071,-64.42776451653,
    97.063973124918));
#3618 = CARTESIAN_POINT('',(29.608307235691,-64.36688745589,
    97.294403912747));
#3619 = CARTESIAN_POINT('',(29.718057391435,-64.31616413894,
    97.531501957947));
#3620 = CARTESIAN_POINT('',(29.952435351249,-64.20747743252,
    98.176230811115));
#3621 = CARTESIAN_POINT('',(30.03853009021,-64.16708060285,
    98.592506725845));
#3622 = CARTESIAN_POINT('',(30.068217491852,-64.15306696096,
    99.014533865535));
#3623 = CARTESIAN_POINT('',(30.042891444481,-64.16499008724,
    99.437300607315));
#3624 = CARTESIAN_POINT('',(29.961779207645,-64.20311852178,
    99.855664476111));
#3625 = CARTESIAN_POINT('',(29.822042243213,-64.26832968539,
    100.26338814756));
#3626 = CARTESIAN_POINT('',(29.497941332956,-64.41748014043,
    100.88083486947));
#3627 = CARTESIAN_POINT('',(29.353882458239,-64.48345318342,
    101.10483521894));
#3628 = CARTESIAN_POINT('',(29.185942911313,-64.55987552404,
    101.3192518444));
#3629 = CARTESIAN_POINT('',(28.993205003484,-64.64687482734,
    101.52071468344));
#3630 = CARTESIAN_POINT('',(28.774936251974,-64.74440848148,
    101.70513999951));
#3631 = CARTESIAN_POINT('',(28.530792425292,-64.8521611609,
    101.86755500568));
#3632 = CARTESIAN_POINT('',(28.014314272104,-65.07682529033,
    102.1247235998));
#3633 = CARTESIAN_POINT('',(27.744106189643,-65.19306126985,
    102.22500296327));
#3634 = CARTESIAN_POINT('',(27.456121462329,-65.31529830725,
    102.29429993208));
#3635 = CARTESIAN_POINT('',(27.157465042059,-65.44012090289,
    102.32745468746));
#3636 = CARTESIAN_POINT('',(26.856192920591,-65.5640135708,
    102.32251606885));
#3637 = CARTESIAN_POINT('',(26.560527077647,-65.68373859302,
    102.28080236689));
#3638 = CARTESIAN_POINT('',(25.963297169518,-65.922260788,
    102.12479762967));
#3639 = CARTESIAN_POINT('',(25.669172879682,-66.037693409,
    102.00395369761));
#3640 = CARTESIAN_POINT('',(25.398823593991,-66.14208914178,
    101.85122576126));
#3641 = CARTESIAN_POINT('',(25.154293493948,-66.23519571581,
    101.67281110846));
#3642 = CARTESIAN_POINT('',(24.936683024559,-66.31708643821,
    101.47451611926));
#3643 = CARTESIAN_POINT('',(24.746261701741,-66.38806764392,
    101.26182885678));
#3644 = CARTESIAN_POINT('',(24.38768652828,-66.52072147636,
    100.77598771079));
#3645 = CARTESIAN_POINT('',(24.228546960463,-66.57883725574,
    100.49625354544));
#3646 = CARTESIAN_POINT('',(24.10340335423,-66.62412156904,
    100.20599339553));
#3647 = CARTESIAN_POINT('',(24.0107072086,-66.65746793962,99.90883955146
    ));
#3648 = CARTESIAN_POINT('',(23.94928744473,-66.6794960806,
    99.607426543207));
#3649 = CARTESIAN_POINT('',(23.918532139438,-66.69052646586,
    99.303843031786));
#3650 = CARTESIAN_POINT('',(23.918532139438,-66.69052646586,
    98.758300276011));
#3651 = CARTESIAN_POINT('',(23.937994139589,-66.68354644571,
    98.516680936083));
#3652 = CARTESIAN_POINT('',(23.976893434585,-66.66959516068,
    98.276170414047));
#3653 = CARTESIAN_POINT('',(24.035465151391,-66.64854815485,
    98.037832612131));
#3654 = CARTESIAN_POINT('',(24.114165183284,-66.62016108043,
    97.802907144437));
#3655 = CARTESIAN_POINT('',(24.213627438129,-66.58407724622,
    97.572953624941));
#3656 = CARTESIAN_POINT('',(24.468453239999,-66.49088361394,
    97.103374703144));
#3657 = CARTESIAN_POINT('',(24.629182362849,-66.43174646181,
    96.864298628637));
#3658 = CARTESIAN_POINT('',(24.817875048497,-66.36176806867,
    96.636314840515));
#3659 = CARTESIAN_POINT('',(25.035357274807,-66.2802901487,
    96.42374138893));
#3660 = CARTESIAN_POINT('',(25.282056428868,-66.18669345763,
    96.231776113066));
#3661 = CARTESIAN_POINT('',(25.557710620446,-66.08049594707,
    96.066717731601));
#3662 = CARTESIAN_POINT('',(26.009888924829,-65.90321544389,
    95.872306409505));
#3663 = CARTESIAN_POINT('',(26.165430153688,-65.84178117131,
    95.816683365923));
#3664 = CARTESIAN_POINT('',(26.326392605101,-65.77769445799,
    95.770796456104));
#3665 = CARTESIAN_POINT('',(26.491556060807,-65.71137650295,
    95.735638578143));
#3666 = CARTESIAN_POINT('',(26.659602050846,-65.6433091389,
    95.711907900489));
#3667 = CARTESIAN_POINT('',(26.829157131698,-65.57402313196,95.7));
#3668 = CARTESIAN_POINT('',(26.998836164417,-65.50408648143,95.7));
#3669 = PCURVE('',#1088,#3670);
#3670 = DEFINITIONAL_REPRESENTATION('',(#3671),#3734);
#3671 = B_SPLINE_CURVE_WITH_KNOTS('',7,(#3672,#3673,#3674,#3675,#3676,
    #3677,#3678,#3679,#3680,#3681,#3682,#3683,#3684,#3685,#3686,#3687,
    #3688,#3689,#3690,#3691,#3692,#3693,#3694,#3695,#3696,#3697,#3698,
    #3699,#3700,#3701,#3702,#3703,#3704,#3705,#3706,#3707,#3708,#3709,
    #3710,#3711,#3712,#3713,#3714,#3715,#3716,#3717,#3718,#3719,#3720,
    #3721,#3722,#3723,#3724,#3725,#3726,#3727,#3728,#3729,#3730,#3731,
    #3732,#3733),.UNSPECIFIED.,.F.,.F.,(8,6,6,6,6,6,6,6,6,6,8),(0.,
    8.234485386854E-02,0.180750764252,0.344501878735,0.442272981454,
    0.531818786864,0.631500517473,0.750063803138,0.844378006271,
    0.948705838355,1.),.UNSPECIFIED.);
#3672 = CARTESIAN_POINT('',(0.,4.));
#3673 = CARTESIAN_POINT('',(8.963097843495E-02,4.));
#3674 = CARTESIAN_POINT('',(0.178361136254,3.998559725596));
#3675 = CARTESIAN_POINT('',(0.265859410325,3.995729374238));
#3676 = CARTESIAN_POINT('',(0.35176734191,3.99170993315));
#3677 = CARTESIAN_POINT('',(0.435661880465,3.986816797705));
#3678 = CARTESIAN_POINT('',(0.51699335438,3.981418597092));
#3679 = CARTESIAN_POINT('',(0.68821849669,3.969197962793));
#3680 = CARTESIAN_POINT('',(0.777872082895,3.962218964986));
#3681 = CARTESIAN_POINT('',(0.864535966287,3.955331502515));
#3682 = CARTESIAN_POINT('',(0.948672940314,3.948850731703));
#3683 = CARTESIAN_POINT('',(1.030694823804,3.942999274719));
#3684 = CARTESIAN_POINT('',(1.111001650517,3.937925766375));
#3685 = CARTESIAN_POINT('',(1.321448794155,3.926754400404));
#3686 = CARTESIAN_POINT('',(1.449255704205,3.922213826332));
#3687 = CARTESIAN_POINT('',(1.575383447697,3.920570558623));
#3688 = CARTESIAN_POINT('',(1.701378974813,3.921943031335));
#3689 = CARTESIAN_POINT('',(1.828776082268,3.926285053639));
#3690 = CARTESIAN_POINT('',(1.959116037498,3.933326158673));
#3691 = CARTESIAN_POINT('',(2.175166359379,3.947717364445));
#3692 = CARTESIAN_POINT('',(2.25794041237,3.953815910065));
#3693 = CARTESIAN_POINT('',(2.34300927384,3.960475095611));
#3694 = CARTESIAN_POINT('',(2.430674896113,3.967463249328));
#3695 = CARTESIAN_POINT('',(2.521294010046,3.97446184713));
#3696 = CARTESIAN_POINT('',(2.615277278367,3.981048179577));
#3697 = CARTESIAN_POINT('',(2.80287251342,3.991945985129));
#3698 = CARTESIAN_POINT('',(2.896567056647,3.996443203279));
#3699 = CARTESIAN_POINT('',(2.992701188675,3.999714522944));
#3700 = CARTESIAN_POINT('',(3.090107195557,4.001309644177));
#3701 = CARTESIAN_POINT('',(3.187787283893,4.001048238175));
#3702 = CARTESIAN_POINT('',(3.284702938126,3.999070038548));
#3703 = CARTESIAN_POINT('',(3.485222009396,3.992008161989));
#3704 = CARTESIAN_POINT('',(3.586890034741,3.986648880064));
#3705 = CARTESIAN_POINT('',(3.685048507707,3.980145436684));
#3706 = CARTESIAN_POINT('',(3.77994837245,3.973043573155));
#3707 = CARTESIAN_POINT('',(3.871737717529,3.965830412276));
#3708 = CARTESIAN_POINT('',(3.960444539208,3.958891879324));
#3709 = CARTESIAN_POINT('',(4.147740525547,3.94489407765));
#3710 = CARTESIAN_POINT('',(4.246082011103,3.937981415963));
#3711 = CARTESIAN_POINT('',(4.341847190323,3.932160327082));
#3712 = CARTESIAN_POINT('',(4.435707742365,3.927666826641));
#3713 = CARTESIAN_POINT('',(4.528320440777,3.924627604472));
#3714 = CARTESIAN_POINT('',(4.620315334389,3.923105767657));
#3715 = CARTESIAN_POINT('',(4.785631320987,3.923105767657));
#3716 = CARTESIAN_POINT('',(4.858849553043,3.924068809427));
#3717 = CARTESIAN_POINT('',(4.932372435104,3.925993573176));
#3718 = CARTESIAN_POINT('',(5.006520381826,3.928854593589));
#3719 = CARTESIAN_POINT('',(5.081610488686,3.932599687297));
#3720 = CARTESIAN_POINT('',(5.157974219391,3.937140640384));
#3721 = CARTESIAN_POINT('',(5.322284229637,3.948085401527));
#3722 = CARTESIAN_POINT('',(5.410955084828,3.954659489422));
#3723 = CARTESIAN_POINT('',(5.502308843832,3.96186643634));
#3724 = CARTESIAN_POINT('',(5.596671675824,3.969412382436));
#3725 = CARTESIAN_POINT('',(5.694450331623,3.976887672431));
#3726 = CARTESIAN_POINT('',(5.7961217156,3.983746831785));
#3727 = CARTESIAN_POINT('',(5.954632538929,3.992154602362));
#3728 = CARTESIAN_POINT('',(6.007938868191,3.994627943944));
#3729 = CARTESIAN_POINT('',(6.062075922278,3.996714849273));
#3730 = CARTESIAN_POINT('',(6.116844945598,3.998339747207));
#3731 = CARTESIAN_POINT('',(6.172066805299,3.999445684423));
#3732 = CARTESIAN_POINT('',(6.227571106444,4.));
#3733 = CARTESIAN_POINT('',(6.28318530718,4.));
#3734 = ( GEOMETRIC_REPRESENTATION_CONTEXT(2) 
PARAMETRIC_REPRESENTATION_CONTEXT() REPRESENTATION_CONTEXT('2D SPACE',''
  ) );
#3735 = PCURVE('',#2631,#3736);
#3736 = DEFINITIONAL_REPRESENTATION('',(#3737),#3800);
#3737 = B_SPLINE_CURVE_WITH_KNOTS('',7,(#3738,#3739,#3740,#3741,#3742,
    #3743,#3744,#3745,#3746,#3747,#3748,#3749,#3750,#3751,#3752,#3753,
    #3754,#3755,#3756,#3757,#3758,#3759,#3760,#3761,#3762,#3763,#3764,
    #3765,#3766,#3767,#3768,#3769,#3770,#3771,#3772,#3773,#3774,#3775,
    #3776,#3777,#3778,#3779,#3780,#3781,#3782,#3783,#3784,#3785,#3786,
    #3787,#3788,#3789,#3790,#3791,#3792,#3793,#3794,#3795,#3796,#3797,
    #3798,#3799),.UNSPECIFIED.,.T.,.F.,(1,7,6,6,6,6,6,6,6,6,6,7,1),(
    -5.1294161645E-02,0.,8.234485386854E-02,0.180750764252,
    0.344501878735,0.442272981454,0.531818786864,0.631500517473,
    0.750063803138,0.844378006271,0.948705838355,1.,1.082344853869),
  .UNSPECIFIED.);
#3738 = CARTESIAN_POINT('',(5.103342732831,4.7));
#3739 = CARTESIAN_POINT('',(5.107517499646,4.7));
#3740 = CARTESIAN_POINT('',(5.111650313696,4.730929698184));
#3741 = CARTESIAN_POINT('',(5.115671062663,4.791670824204));
#3742 = CARTESIAN_POINT('',(5.119513421387,4.879823478023));
#3743 = CARTESIAN_POINT('',(5.123119316857,4.991786676126));
#3744 = CARTESIAN_POINT('',(5.126442698909,5.122823004771));
#3745 = CARTESIAN_POINT('',(5.133049607539,5.439533884839));
#3746 = CARTESIAN_POINT('',(5.136244586306,5.633068991563));
#3747 = CARTESIAN_POINT('',(5.139045290277,5.842525600656));
#3748 = CARTESIAN_POINT('',(5.141465726805,6.063973124918));
#3749 = CARTESIAN_POINT('',(5.143521806927,6.294403912747));
#3750 = CARTESIAN_POINT('',(5.145228294191,6.531501957947));
#3751 = CARTESIAN_POINT('',(5.148874760527,7.176230811115));
#3752 = CARTESIAN_POINT('',(5.150217034292,7.592506725845));
#3753 = CARTESIAN_POINT('',(5.150680396091,8.014533865535));
#3754 = CARTESIAN_POINT('',(5.150285302089,8.437300607316));
#3755 = CARTESIAN_POINT('',(5.149020271905,8.855664476111));
#3756 = CARTESIAN_POINT('',(5.146843815008,9.263388147561));
#3757 = CARTESIAN_POINT('',(5.141808198931,9.88083486947));
#3758 = CARTESIAN_POINT('',(5.139571832323,10.104835218945));
#3759 = CARTESIAN_POINT('',(5.136967606049,10.319251844406));
#3760 = CARTESIAN_POINT('',(5.133982970069,10.520714683447));
#3761 = CARTESIAN_POINT('',(5.130608719441,10.705139999513));
#3762 = CARTESIAN_POINT('',(5.126842155542,10.867555005681));
#3763 = CARTESIAN_POINT('',(5.118892598556,11.124723599809));
#3764 = CARTESIAN_POINT('',(5.114740926451,11.225002963272));
#3765 = CARTESIAN_POINT('',(5.110325305358,11.294299932081));
#3766 = CARTESIAN_POINT('',(5.105756739872,11.327454687466));
#3767 = CARTESIAN_POINT('',(5.101159086114,11.322516068857));
#3768 = CARTESIAN_POINT('',(5.096656856852,11.28080236689));
#3769 = CARTESIAN_POINT('',(5.087579947045,11.124797629677));
#3770 = CARTESIAN_POINT('',(5.083120395917,11.003953697619));
#3771 = CARTESIAN_POINT('',(5.07903007702,10.851225761263));
#3772 = CARTESIAN_POINT('',(5.075337036162,10.672811108466));
#3773 = CARTESIAN_POINT('',(5.072055356297,10.474516119263));
#3774 = CARTESIAN_POINT('',(5.069187043217,10.261828856789));
#3775 = CARTESIAN_POINT('',(5.063790768956,9.775987710796));
#3776 = CARTESIAN_POINT('',(5.061399552944,9.496253545441));
#3777 = CARTESIAN_POINT('',(5.059521155977,9.205993395532));
#3778 = CARTESIAN_POINT('',(5.058130730651,8.90883955146));
#3779 = CARTESIAN_POINT('',(5.057209763854,8.607426543207));
#3780 = CARTESIAN_POINT('',(5.056748599313,8.303843031786));
#3781 = CARTESIAN_POINT('',(5.056748599313,7.758300276011));
#3782 = CARTESIAN_POINT('',(5.057040424819,7.516680936083));
#3783 = CARTESIAN_POINT('',(5.057623705687,7.276170414047));
#3784 = CARTESIAN_POINT('',(5.058502159197,7.037832612131));
#3785 = CARTESIAN_POINT('',(5.059683006091,6.802907144437));
#3786 = CARTESIAN_POINT('',(5.061176373105,6.572953624941));
#3787 = CARTESIAN_POINT('',(5.065006046313,6.103374703144));
#3788 = CARTESIAN_POINT('',(5.067423305186,5.864298628637));
#3789 = CARTESIAN_POINT('',(5.070263809082,5.636314840515));
#3790 = CARTESIAN_POINT('',(5.073541737436,5.42374138893));
#3791 = CARTESIAN_POINT('',(5.077265841811,5.231776113066));
#3792 = CARTESIAN_POINT('',(5.08143518825,5.066717731601));
#3793 = CARTESIAN_POINT('',(5.088290358115,4.872306409505));
#3794 = CARTESIAN_POINT('',(5.090650747406,4.816683365923));
#3795 = CARTESIAN_POINT('',(5.093096057463,4.770796456104));
#3796 = CARTESIAN_POINT('',(5.09560811156,4.735638578143));
#3797 = CARTESIAN_POINT('',(5.098167134126,4.711907900489));
#3798 = CARTESIAN_POINT('',(5.100752374858,4.7));
#3799 = CARTESIAN_POINT('',(5.103342732831,4.7));
#3800 = ( GEOMETRIC_REPRESENTATION_CONTEXT(2) 
PARAMETRIC_REPRESENTATION_CONTEXT() REPRESENTATION_CONTEXT('2D SPACE',''
  ) );
#3801 = ORIENTED_EDGE('',*,*,#3581,.T.);
#3802 = ADVANCED_FACE('',(#3803),#1295,.F.);
#3803 = FACE_BOUND('',#3804,.F.);
#3804 = EDGE_LOOP('',(#3805,#3806,#3829,#4027));
#3805 = ORIENTED_EDGE('',*,*,#1161,.F.);
#3806 = ORIENTED_EDGE('',*,*,#3807,.F.);
#3807 = EDGE_CURVE('',#3808,#1162,#3810,.T.);
#3808 = VERTEX_POINT('',#3809);
#3809 = CARTESIAN_POINT('',(70.227621026822,-9.370365249717,95.7));
#3810 = SEAM_CURVE('',#3811,(#3815,#3822),.PCURVE_S1.);
#3811 = LINE('',#3812,#3813);
#3812 = CARTESIAN_POINT('',(66.262758865816,-8.841339688689,95.7));
#3813 = VECTOR('',#3814,1.);
#3814 = DIRECTION('',(0.991215540252,-0.132256390257,2.220446049249E-16)
  );
#3815 = PCURVE('',#1295,#3816);
#3816 = DEFINITIONAL_REPRESENTATION('',(#3817),#3821);
#3817 = LINE('',#3818,#3819);
#3818 = CARTESIAN_POINT('',(0.,-0.));
#3819 = VECTOR('',#3820,1.);
#3820 = DIRECTION('',(0.,1.));
#3821 = ( GEOMETRIC_REPRESENTATION_CONTEXT(2) 
PARAMETRIC_REPRESENTATION_CONTEXT() REPRESENTATION_CONTEXT('2D SPACE',''
  ) );
#3822 = PCURVE('',#1295,#3823);
#3823 = DEFINITIONAL_REPRESENTATION('',(#3824),#3828);
#3824 = LINE('',#3825,#3826);
#3825 = CARTESIAN_POINT('',(6.28318530718,-0.));
#3826 = VECTOR('',#3827,1.);
#3827 = DIRECTION('',(0.,1.));
#3828 = ( GEOMETRIC_REPRESENTATION_CONTEXT(2) 
PARAMETRIC_REPRESENTATION_CONTEXT() REPRESENTATION_CONTEXT('2D SPACE',''
  ) );
#3829 = ORIENTED_EDGE('',*,*,#3830,.T.);
#3830 = EDGE_CURVE('',#3808,#3808,#3831,.T.);
#3831 = SURFACE_CURVE('',#3832,(#3895,#3961),.PCURVE_S1.);
#3832 = B_SPLINE_CURVE_WITH_KNOTS('',7,(#3833,#3834,#3835,#3836,#3837,
    #3838,#3839,#3840,#3841,#3842,#3843,#3844,#3845,#3846,#3847,#3848,
    #3849,#3850,#3851,#3852,#3853,#3854,#3855,#3856,#3857,#3858,#3859,
    #3860,#3861,#3862,#3863,#3864,#3865,#3866,#3867,#3868,#3869,#3870,
    #3871,#3872,#3873,#3874,#3875,#3876,#3877,#3878,#3879,#3880,#3881,
    #3882,#3883,#3884,#3885,#3886,#3887,#3888,#3889,#3890,#3891,#3892,
    #3893,#3894),.UNSPECIFIED.,.T.,.F.,(1,7,6,6,6,6,6,6,6,6,6,7,1),(
    -5.1294163208E-02,0.,8.234485368634E-02,0.180750763962,
    0.344501878266,0.442272978519,0.53181878079,0.631500509313,
    0.750063795557,0.844378001545,0.948705836792,1.,1.082344853686),
  .UNSPECIFIED.);
#3833 = CARTESIAN_POINT('',(70.227621026822,-9.370365249717,95.7));
#3834 = CARTESIAN_POINT('',(70.266740116747,-9.077181307682,95.7));
#3835 = CARTESIAN_POINT('',(70.304038470643,-8.786753129962,
    95.730929698244));
#3836 = CARTESIAN_POINT('',(70.338907759281,-8.504019478628,
    95.791670824182));
#3837 = CARTESIAN_POINT('',(70.370924681089,-8.233672530086,
    95.879823477909));
#3838 = CARTESIAN_POINT('',(70.399857291641,-7.979835353801,
    95.991786676087));
#3839 = CARTESIAN_POINT('',(70.425639786619,-7.745788361832,
    96.122823004933));
#3840 = CARTESIAN_POINT('',(70.475414549665,-7.280342776814,
    96.439533884839));
#3841 = CARTESIAN_POINT('',(70.498421078726,-7.055148161405,
    96.633068991563));
#3842 = CARTESIAN_POINT('',(70.517822184739,-6.85766704009,
    96.842525600656));
#3843 = CARTESIAN_POINT('',(70.534062647399,-6.686948863534,
    97.063973124918));
#3844 = CARTESIAN_POINT('',(70.547513317186,-6.541897498785,
    97.294403912747));
#3845 = CARTESIAN_POINT('',(70.558460714015,-6.421489417367,
    97.531501957947));
#3846 = CARTESIAN_POINT('',(70.58152424511,-6.164168796872,
    98.176230811115));
#3847 = CARTESIAN_POINT('',(70.589586933857,-6.06941015096,
    98.592506725845));
#3848 = CARTESIAN_POINT('',(70.592294464802,-6.036693286022,
    99.014533865534));
#3849 = CARTESIAN_POINT('',(70.589957171371,-6.064587849563,
    99.437300607316));
#3850 = CARTESIAN_POINT('',(70.582421245872,-6.153897324492,
    99.855664476111));
#3851 = CARTESIAN_POINT('',(70.56902728795,-6.30751866734,
    100.26338814756));
#3852 = CARTESIAN_POINT('',(70.536144916169,-6.662773513328,
    100.88083486389));
#3853 = CARTESIAN_POINT('',(70.521249809177,-6.820518689623,
    101.10483523327));
#3854 = CARTESIAN_POINT('',(70.503463724275,-7.004169768621,
    101.31925183194));
#3855 = CARTESIAN_POINT('',(70.482438379403,-7.214585327695,
    101.52071468301));
#3856 = CARTESIAN_POINT('',(70.457770621922,-7.452378471973,
    101.70514000633));
#3857 = CARTESIAN_POINT('',(70.429015269105,-7.717689543069,
    101.86755500247));
#3858 = CARTESIAN_POINT('',(70.365341034698,-8.277304819688,
    102.12472360153));
#3859 = CARTESIAN_POINT('',(70.33090030619,-8.569429859758,
    102.22500296116));
#3860 = CARTESIAN_POINT('',(70.292768320148,-8.879950484099,
    102.29429993158));
#3861 = CARTESIAN_POINT('',(70.251539648944,-9.201005828505,
    102.32745468902));
#3862 = CARTESIAN_POINT('',(70.208197788047,-9.523861457136,
    102.32251606924));
#3863 = CARTESIAN_POINT('',(70.164049775302,-9.839778113621,
    102.28080236584));
#3864 = CARTESIAN_POINT('',(70.072001102074,-10.47625547919,
    102.12479762967));
#3865 = CARTESIAN_POINT('',(70.024906539369,-10.78869089656,
    102.00395369761));
#3866 = CARTESIAN_POINT('',(69.980141253154,-11.07501811225,
    101.85122576126));
#3867 = CARTESIAN_POINT('',(69.938508861503,-11.33334067789,
    101.67281110846));
#3868 = CARTESIAN_POINT('',(69.900623072745,-11.56274223372,
    101.47451611926));
#3869 = CARTESIAN_POINT('',(69.866883938672,-11.76314253955,
    101.26182885678));
#3870 = CARTESIAN_POINT('',(69.802477939842,-12.14000467044,
    100.77598770398));
#3871 = CARTESIAN_POINT('',(69.773237900519,-12.30688144942,
    100.49625356079));
#3872 = CARTESIAN_POINT('',(69.749883458066,-12.43790117766,
    100.20599338804));
#3873 = CARTESIAN_POINT('',(69.732414193383,-12.53485155598,
    99.908839538652));
#3874 = CARTESIAN_POINT('',(69.720781239413,-12.59905671241,
    99.607426561687));
#3875 = CARTESIAN_POINT('',(69.714956180919,-12.63120677894,
    99.303843024071));
#3876 = CARTESIAN_POINT('',(69.714956180919,-12.63120677894,
    98.758300276011));
#3877 = CARTESIAN_POINT('',(69.718642306219,-12.61086218232,
    98.516680936083));
#3878 = CARTESIAN_POINT('',(69.726009786468,-12.57019876215,
    98.276170414048));
#3879 = CARTESIAN_POINT('',(69.737068403154,-12.50895066454,
    98.037832612131));
#3880 = CARTESIAN_POINT('',(69.751834491511,-12.42660090044,
    97.802907144437));
#3881 = CARTESIAN_POINT('',(69.770316101838,-12.32242214392,
    97.572953624942));
#3882 = CARTESIAN_POINT('',(69.817020949752,-12.05513970981,
    97.103374703132));
#3883 = CARTESIAN_POINT('',(69.846171235125,-11.88637563023,
    96.864298628638));
#3884 = CARTESIAN_POINT('',(69.879914511772,-11.6879737744,
    96.636314840525));
#3885 = CARTESIAN_POINT('',(69.918093676387,-11.45888968156,
    96.423741388935));
#3886 = CARTESIAN_POINT('',(69.960386141242,-11.1984436015,
    96.231776113062));
#3887 = CARTESIAN_POINT('',(70.006243495064,-10.90662131364,
    96.066717731596));
#3888 = CARTESIAN_POINT('',(70.078803227907,-10.42638316341,
    95.872306409497));
#3889 = CARTESIAN_POINT('',(70.103370201618,-10.26096337163,
    95.816683365926));
#3890 = CARTESIAN_POINT('',(70.128350705543,-10.08952244299,
    95.77079645611));
#3891 = CARTESIAN_POINT('',(70.153499399607,-9.913327717023,
    95.735638578143));
#3892 = CARTESIAN_POINT('',(70.17857432819,-9.733761938614,
    95.711907900485));
#3893 = CARTESIAN_POINT('',(70.203348426479,-9.552279927827,95.7));
#3894 = CARTESIAN_POINT('',(70.227621026822,-9.370365249717,95.7));
#3895 = PCURVE('',#1295,#3896);
#3896 = DEFINITIONAL_REPRESENTATION('',(#3897),#3960);
#3897 = B_SPLINE_CURVE_WITH_KNOTS('',7,(#3898,#3899,#3900,#3901,#3902,
    #3903,#3904,#3905,#3906,#3907,#3908,#3909,#3910,#3911,#3912,#3913,
    #3914,#3915,#3916,#3917,#3918,#3919,#3920,#3921,#3922,#3923,#3924,
    #3925,#3926,#3927,#3928,#3929,#3930,#3931,#3932,#3933,#3934,#3935,
    #3936,#3937,#3938,#3939,#3940,#3941,#3942,#3943,#3944,#3945,#3946,
    #3947,#3948,#3949,#3950,#3951,#3952,#3953,#3954,#3955,#3956,#3957,
    #3958,#3959),.UNSPECIFIED.,.F.,.F.,(8,6,6,6,6,6,6,6,6,6,8),(0.,
    8.234485368634E-02,0.180750763962,0.344501878266,0.442272978519,
    0.53181878079,0.631500509313,0.750063795557,0.844378001545,
    0.948705836792,1.),.UNSPECIFIED.);
#3898 = CARTESIAN_POINT('',(0.,4.));
#3899 = CARTESIAN_POINT('',(8.963097852155E-02,4.));
#3900 = CARTESIAN_POINT('',(0.178361136265,3.998559725593));
#3901 = CARTESIAN_POINT('',(0.265859410261,3.995729374239));
#3902 = CARTESIAN_POINT('',(0.351767341839,3.991709933155));
#3903 = CARTESIAN_POINT('',(0.435661880467,3.986816797705));
#3904 = CARTESIAN_POINT('',(0.516993354467,3.981418597086));
#3905 = CARTESIAN_POINT('',(0.68821849669,3.969197962793));
#3906 = CARTESIAN_POINT('',(0.777872082895,3.962218964986));
#3907 = CARTESIAN_POINT('',(0.864535966287,3.955331502515));
#3908 = CARTESIAN_POINT('',(0.948672940314,3.948850731703));
#3909 = CARTESIAN_POINT('',(1.030694823804,3.942999274719));
#3910 = CARTESIAN_POINT('',(1.111001650517,3.937925766375));
#3911 = CARTESIAN_POINT('',(1.321448794155,3.926754400404));
#3912 = CARTESIAN_POINT('',(1.449255704205,3.922213826332));
#3913 = CARTESIAN_POINT('',(1.575383447697,3.920570558623));
#3914 = CARTESIAN_POINT('',(1.701378974813,3.921943031334));
#3915 = CARTESIAN_POINT('',(1.828776082269,3.926285053639));
#3916 = CARTESIAN_POINT('',(1.959116037498,3.933326158673));
#3917 = CARTESIAN_POINT('',(2.17516635743,3.947717364316));
#3918 = CARTESIAN_POINT('',(2.257940416911,3.953815910388));
#3919 = CARTESIAN_POINT('',(2.343009271519,3.960475095408));
#3920 = CARTESIAN_POINT('',(2.430674892284,3.967463249128));
#3921 = CARTESIAN_POINT('',(2.521294015668,3.974461847461));
#3922 = CARTESIAN_POINT('',(2.615277276027,3.981048179441));
#3923 = CARTESIAN_POINT('',(2.802872514681,3.991945985202));
#3924 = CARTESIAN_POINT('',(2.896567053516,3.99644320319));
#3925 = CARTESIAN_POINT('',(2.992701190639,3.999714522921));
#3926 = CARTESIAN_POINT('',(3.090107197461,4.001309644243));
#3927 = CARTESIAN_POINT('',(3.187787280688,4.001048238195));
#3928 = CARTESIAN_POINT('',(3.284702939467,3.9990700385));
#3929 = CARTESIAN_POINT('',(3.485222009396,3.992008161989));
#3930 = CARTESIAN_POINT('',(3.586890034741,3.986648880064));
#3931 = CARTESIAN_POINT('',(3.685048507707,3.980145436684));
#3932 = CARTESIAN_POINT('',(3.77994837245,3.973043573155));
#3933 = CARTESIAN_POINT('',(3.871737717529,3.965830412276));
#3934 = CARTESIAN_POINT('',(3.960444539208,3.958891879324));
#3935 = CARTESIAN_POINT('',(4.147740528173,3.944894077454));
#3936 = CARTESIAN_POINT('',(4.246082005013,3.937981416485));
#3937 = CARTESIAN_POINT('',(4.341847194222,3.932160326502));
#3938 = CARTESIAN_POINT('',(4.435707745299,3.927666826942));
#3939 = CARTESIAN_POINT('',(4.528320435421,3.924627604413));
#3940 = CARTESIAN_POINT('',(4.620315336727,3.923105767657));
#3941 = CARTESIAN_POINT('',(4.785631320987,3.923105767657));
#3942 = CARTESIAN_POINT('',(4.858849553043,3.924068809427));
#3943 = CARTESIAN_POINT('',(4.932372435104,3.925993573176));
#3944 = CARTESIAN_POINT('',(5.006520381826,3.928854593589));
#3945 = CARTESIAN_POINT('',(5.081610488686,3.932599687297));
#3946 = CARTESIAN_POINT('',(5.157974219391,3.937140640384));
#3947 = CARTESIAN_POINT('',(5.322284229641,3.948085401528));
#3948 = CARTESIAN_POINT('',(5.410955084828,3.954659489422));
#3949 = CARTESIAN_POINT('',(5.502308843828,3.96186643634));
#3950 = CARTESIAN_POINT('',(5.596671675822,3.969412382436));
#3951 = CARTESIAN_POINT('',(5.694450331623,3.976887672431));
#3952 = CARTESIAN_POINT('',(5.796121715604,3.983746831785));
#3953 = CARTESIAN_POINT('',(5.954632538935,3.992154602362));
#3954 = CARTESIAN_POINT('',(6.007938868185,3.994627943944));
#3955 = CARTESIAN_POINT('',(6.062075922273,3.996714849273));
#3956 = CARTESIAN_POINT('',(6.116844945603,3.998339747207));
#3957 = CARTESIAN_POINT('',(6.172066805306,3.999445684423));
#3958 = CARTESIAN_POINT('',(6.227571106438,4.));
#3959 = CARTESIAN_POINT('',(6.28318530718,4.));
#3960 = ( GEOMETRIC_REPRESENTATION_CONTEXT(2) 
PARAMETRIC_REPRESENTATION_CONTEXT() REPRESENTATION_CONTEXT('2D SPACE',''
  ) );
#3961 = PCURVE('',#2631,#3962);
#3962 = DEFINITIONAL_REPRESENTATION('',(#3963),#4026);
#3963 = B_SPLINE_CURVE_WITH_KNOTS('',7,(#3964,#3965,#3966,#3967,#3968,
    #3969,#3970,#3971,#3972,#3973,#3974,#3975,#3976,#3977,#3978,#3979,
    #3980,#3981,#3982,#3983,#3984,#3985,#3986,#3987,#3988,#3989,#3990,
    #3991,#3992,#3993,#3994,#3995,#3996,#3997,#3998,#3999,#4000,#4001,
    #4002,#4003,#4004,#4005,#4006,#4007,#4008,#4009,#4010,#4011,#4012,
    #4013,#4014,#4015,#4016,#4017,#4018,#4019,#4020,#4021,#4022,#4023,
    #4024,#4025),.UNSPECIFIED.,.T.,.F.,(1,7,6,6,6,6,6,6,6,6,6,7,1),(
    -5.1294163208E-02,0.,8.234485368634E-02,0.180750763962,
    0.344501878266,0.442272978519,0.53181878079,0.631500509313,
    0.750063795557,0.844378001545,0.948705836792,1.,1.082344853686),
  .UNSPECIFIED.);
#3964 = CARTESIAN_POINT('',(6.150540284028,4.7));
#3965 = CARTESIAN_POINT('',(6.154715050847,4.7));
#3966 = CARTESIAN_POINT('',(6.158847864894,4.730929698244));
#3967 = CARTESIAN_POINT('',(6.162868613857,4.791670824182));
#3968 = CARTESIAN_POINT('',(6.166710972581,4.879823477909));
#3969 = CARTESIAN_POINT('',(6.170316868054,4.991786676087));
#3970 = CARTESIAN_POINT('',(6.173640250109,5.122823004933));
#3971 = CARTESIAN_POINT('',(6.180247158736,5.439533884839));
#3972 = CARTESIAN_POINT('',(6.183442137503,5.633068991563));
#3973 = CARTESIAN_POINT('',(6.186242841473,5.842525600656));
#3974 = CARTESIAN_POINT('',(6.188663278002,6.063973124918));
#3975 = CARTESIAN_POINT('',(6.190719358123,6.294403912747));
#3976 = CARTESIAN_POINT('',(6.192425845388,6.531501957947));
#3977 = CARTESIAN_POINT('',(6.196072311724,7.176230811115));
#3978 = CARTESIAN_POINT('',(6.197414585488,7.592506725845));
#3979 = CARTESIAN_POINT('',(6.197877947287,8.014533865534));
#3980 = CARTESIAN_POINT('',(6.197482853285,8.437300607316));
#3981 = CARTESIAN_POINT('',(6.196217823101,8.855664476111));
#3982 = CARTESIAN_POINT('',(6.194041366204,9.263388147561));
#3983 = CARTESIAN_POINT('',(6.189005750173,9.880834863899));
#3984 = CARTESIAN_POINT('',(6.186769383428,10.104835233273));
#3985 = CARTESIAN_POINT('',(6.184165157229,10.31925183194));
#3986 = CARTESIAN_POINT('',(6.18118052149,10.520714683015));
#3987 = CARTESIAN_POINT('',(6.177806270385,10.705140006331));
#3988 = CARTESIAN_POINT('',(6.174039706838,10.867555002473));
#3989 = CARTESIAN_POINT('',(6.166090149699,11.124723601538));
#3990 = CARTESIAN_POINT('',(6.161938477785,11.225002961166));
#3991 = CARTESIAN_POINT('',(6.157522856466,11.294299931588));
#3992 = CARTESIAN_POINT('',(6.152954290985,11.327454689024));
#3993 = CARTESIAN_POINT('',(6.148356637454,11.322516069243));
#3994 = CARTESIAN_POINT('',(6.143854407987,11.280802365847));
#3995 = CARTESIAN_POINT('',(6.134777498242,11.124797629677));
#3996 = CARTESIAN_POINT('',(6.130317947114,11.003953697619));
#3997 = CARTESIAN_POINT('',(6.126227628217,10.851225761263));
#3998 = CARTESIAN_POINT('',(6.122534587358,10.672811108466));
#3999 = CARTESIAN_POINT('',(6.119252907493,10.474516119263));
#4000 = CARTESIAN_POINT('',(6.116384594414,10.261828856789));
#4001 = CARTESIAN_POINT('',(6.110988320077,9.775987703985));
#4002 = CARTESIAN_POINT('',(6.108597104339,9.496253560797));
#4003 = CARTESIAN_POINT('',(6.106718706951,9.205993388047));
#4004 = CARTESIAN_POINT('',(6.105328281967,8.908839538651));
#4005 = CARTESIAN_POINT('',(6.104407315025,8.607426561687));
#4006 = CARTESIAN_POINT('',(6.103946150509,8.303843024071));
#4007 = CARTESIAN_POINT('',(6.103946150509,7.758300276011));
#4008 = CARTESIAN_POINT('',(6.104237976016,7.516680936083));
#4009 = CARTESIAN_POINT('',(6.104821256884,7.276170414048));
#4010 = CARTESIAN_POINT('',(6.105699710394,7.037832612131));
#4011 = CARTESIAN_POINT('',(6.106880557288,6.802907144437));
#4012 = CARTESIAN_POINT('',(6.108373924302,6.572953624942));
#4013 = CARTESIAN_POINT('',(6.112203597509,6.103374703132));
#4014 = CARTESIAN_POINT('',(6.114620856383,5.864298628638));
#4015 = CARTESIAN_POINT('',(6.117461360278,5.636314840525));
#4016 = CARTESIAN_POINT('',(6.120739288632,5.423741388935));
#4017 = CARTESIAN_POINT('',(6.124463393007,5.231776113062));
#4018 = CARTESIAN_POINT('',(6.128632739447,5.066717731596));
#4019 = CARTESIAN_POINT('',(6.135487909312,4.872306409497));
#4020 = CARTESIAN_POINT('',(6.137848298602,4.816683365926));
#4021 = CARTESIAN_POINT('',(6.14029360866,4.77079645611));
#4022 = CARTESIAN_POINT('',(6.142805662757,4.735638578143));
#4023 = CARTESIAN_POINT('',(6.145364685323,4.711907900485));
#4024 = CARTESIAN_POINT('',(6.147949926054,4.7));
#4025 = CARTESIAN_POINT('',(6.150540284028,4.7));
#4026 = ( GEOMETRIC_REPRESENTATION_CONTEXT(2) 
PARAMETRIC_REPRESENTATION_CONTEXT() REPRESENTATION_CONTEXT('2D SPACE',''
  ) );
#4027 = ORIENTED_EDGE('',*,*,#3807,.T.);
#4028 = ADVANCED_FACE('',(#4029),#1502,.F.);
#4029 = FACE_BOUND('',#4030,.F.);
#4030 = EDGE_LOOP('',(#4031,#4032,#4055,#4253));
#4031 = ORIENTED_EDGE('',*,*,#1368,.F.);
#4032 = ORIENTED_EDGE('',*,*,#4033,.F.);
#4033 = EDGE_CURVE('',#4034,#1369,#4036,.T.);
#4034 = VERTEX_POINT('',#4035);
#4035 = CARTESIAN_POINT('',(43.228784862405,56.133721231715,115.7));
#4036 = SEAM_CURVE('',#4037,(#4041,#4048),.PCURVE_S1.);
#4037 = LINE('',#4038,#4039);
#4038 = CARTESIAN_POINT('',(40.7882042068,52.964562658294,115.7));
#4039 = VECTOR('',#4040,1.);
#4040 = DIRECTION('',(0.610145163901,0.792289643355,2.220446049251E-16)
  );
#4041 = PCURVE('',#1502,#4042);
#4042 = DEFINITIONAL_REPRESENTATION('',(#4043),#4047);
#4043 = LINE('',#4044,#4045);
#4044 = CARTESIAN_POINT('',(0.,-0.));
#4045 = VECTOR('',#4046,1.);
#4046 = DIRECTION('',(0.,1.));
#4047 = ( GEOMETRIC_REPRESENTATION_CONTEXT(2) 
PARAMETRIC_REPRESENTATION_CONTEXT() REPRESENTATION_CONTEXT('2D SPACE',''
  ) );
#4048 = PCURVE('',#1502,#4049);
#4049 = DEFINITIONAL_REPRESENTATION('',(#4050),#4054);
#4050 = LINE('',#4051,#4052);
#4051 = CARTESIAN_POINT('',(6.28318530718,-0.));
#4052 = VECTOR('',#4053,1.);
#4053 = DIRECTION('',(0.,1.));
#4054 = ( GEOMETRIC_REPRESENTATION_CONTEXT(2) 
PARAMETRIC_REPRESENTATION_CONTEXT() REPRESENTATION_CONTEXT('2D SPACE',''
  ) );
#4055 = ORIENTED_EDGE('',*,*,#4056,.T.);
#4056 = EDGE_CURVE('',#4034,#4034,#4057,.T.);
#4057 = SURFACE_CURVE('',#4058,(#4121,#4187),.PCURVE_S1.);
#4058 = B_SPLINE_CURVE_WITH_KNOTS('',7,(#4059,#4060,#4061,#4062,#4063,
    #4064,#4065,#4066,#4067,#4068,#4069,#4070,#4071,#4072,#4073,#4074,
    #4075,#4076,#4077,#4078,#4079,#4080,#4081,#4082,#4083,#4084,#4085,
    #4086,#4087,#4088,#4089,#4090,#4091,#4092,#4093,#4094,#4095,#4096,
    #4097,#4098,#4099,#4100,#4101,#4102,#4103,#4104,#4105,#4106,#4107,
    #4108,#4109,#4110,#4111,#4112,#4113,#4114,#4115,#4116,#4117,#4118,
    #4119,#4120),.UNSPECIFIED.,.T.,.F.,(1,7,6,6,6,6,6,6,6,6,6,7,1),(
    -5.1294157855E-02,0.,8.234485473675E-02,0.180750765399,
    0.344501880345,0.442272983387,0.531818789125,0.6315005201,
    0.7500638062,0.844378009679,0.948705842145,1.,1.082344854737),
  .UNSPECIFIED.);
#4059 = CARTESIAN_POINT('',(43.228784862405,56.133721231715,115.7));
#4060 = CARTESIAN_POINT('',(42.994439667659,56.314191326783,115.7));
#4061 = CARTESIAN_POINT('',(42.761570658038,56.491706742737,
    115.73092969923));
#4062 = CARTESIAN_POINT('',(42.534150784865,56.663271252855,
    115.79167082275));
#4063 = CARTESIAN_POINT('',(42.316031920906,56.826172194401,
    115.87982347742));
#4064 = CARTESIAN_POINT('',(42.110668776114,56.978147163523,
    115.99178667821));
#4065 = CARTESIAN_POINT('',(41.920869388516,57.117498950959,
    116.12282300365));
#4066 = CARTESIAN_POINT('',(41.542669067812,57.393327953842,
    116.43953388483));
#4067 = CARTESIAN_POINT('',(41.359148074603,57.525849500166,
    116.63306899156));
#4068 = CARTESIAN_POINT('',(41.197824959782,57.641391911493,
    116.84252560065));
#4069 = CARTESIAN_POINT('',(41.058098913328,57.740815653004,
    117.06397312491));
#4070 = CARTESIAN_POINT('',(40.939206081495,57.824989957111,
    117.29440391274));
#4071 = CARTESIAN_POINT('',(40.84040332258,57.89467472158,
    117.53150195794));
#4072 = CARTESIAN_POINT('',(40.629088893862,58.043308635657,
    118.17623081111));
#4073 = CARTESIAN_POINT('',(40.551056843647,58.09767045189,
    118.59250672584));
#4074 = CARTESIAN_POINT('',(40.524076972951,58.11637367494,
    119.01453386553));
#4075 = CARTESIAN_POINT('',(40.54706572689,58.100402237681,
    119.43730060731));
#4076 = CARTESIAN_POINT('',(40.620642038227,58.049221197294,
    119.85566447611));
#4077 = CARTESIAN_POINT('',(40.746985044736,57.960811018051,
    120.26338814756));
#4078 = CARTESIAN_POINT('',(41.038203582967,57.754706623864,
    120.88083486957));
#4079 = CARTESIAN_POINT('',(41.167367351491,57.662934500238,
    121.10483521893));
#4080 = CARTESIAN_POINT('',(41.317520813274,57.555705756659,
    121.31925184432));
#4081 = CARTESIAN_POINT('',(41.489233373942,57.432289483865,
    121.52071468339));
#4082 = CARTESIAN_POINT('',(41.682834371984,57.292030027229,
    121.70513999954));
#4083 = CARTESIAN_POINT('',(41.898222843107,57.13447161079,
    121.86755500573));
#4084 = CARTESIAN_POINT('',(42.351026763022,56.799520474412,
    122.1247235998));
#4085 = CARTESIAN_POINT('',(42.58679411535,56.623631400452,
    122.22500296327));
#4086 = CARTESIAN_POINT('',(42.836646858676,56.435347829394,
    122.29429993208));
#4087 = CARTESIAN_POINT('',(43.0940746076,56.239115080258,
    122.32745468746));
#4088 = CARTESIAN_POINT('',(43.352004866088,56.040152103569,
    122.32251606885));
#4089 = CARTESIAN_POINT('',(43.60352269827,55.843960483658,
    122.28080236689));
#4090 = CARTESIAN_POINT('',(44.108703932556,55.446005308809,
    122.12479762967));
#4091 = CARTESIAN_POINT('',(44.355733659687,55.249002512443,
    122.00395369761));
#4092 = CARTESIAN_POINT('',(44.581317659164,55.067071029527,
    121.85122576126));
#4093 = CARTESIAN_POINT('',(44.784215367555,54.901855037916,
    121.67281110846));
#4094 = CARTESIAN_POINT('',(44.963940048187,54.754344204497,
    121.47451611926));
#4095 = CARTESIAN_POINT('',(45.120622236931,54.62492510437,
    121.26182885678));
#4096 = CARTESIAN_POINT('',(45.414791412464,54.380716811207,
    120.77598771079));
#4097 = CARTESIAN_POINT('',(45.544690937674,54.271955792418,
    120.49625354544));
#4098 = CARTESIAN_POINT('',(45.646480106499,54.186220406948,
    120.20599339553));
#4099 = CARTESIAN_POINT('',(45.721706983365,54.122616375292,
    119.90883955146));
#4100 = CARTESIAN_POINT('',(45.77149379498,54.080439369973,
    119.6074265432));
#4101 = CARTESIAN_POINT('',(45.796424041481,54.059319686922,
    119.30384303178));
#4102 = CARTESIAN_POINT('',(45.796424041481,54.059319686922,
    118.75830027601));
#4103 = CARTESIAN_POINT('',(45.78064816663,54.072684263382,
    118.51668093608));
#4104 = CARTESIAN_POINT('',(45.749116351883,54.099396398525,
    118.27617041404));
#4105 = CARTESIAN_POINT('',(45.701603251763,54.13959749031,
    118.03783261213));
#4106 = CARTESIAN_POINT('',(45.637669308227,54.193560179997,
    117.80290714443));
#4107 = CARTESIAN_POINT('',(45.55668866371,54.261655102303,
    117.57295362494));
#4108 = CARTESIAN_POINT('',(45.348567709753,54.435743904123,
    117.10337470314));
#4109 = CARTESIAN_POINT('',(45.216988872276,54.545370831576,
    116.86429862863));
#4110 = CARTESIAN_POINT('',(45.062039463278,54.673794294284,
    116.63631484051));
#4111 = CARTESIAN_POINT('',(44.882736401581,54.821400467157,
    116.42374138892));
#4112 = CARTESIAN_POINT('',(44.678329712375,54.98824985613,
    116.23177611306));
#4113 = CARTESIAN_POINT('',(44.448532874616,55.173874633414,
    116.0667177316));
#4114 = CARTESIAN_POINT('',(44.06891431278,55.476832272715,
    115.87230641447));
#4115 = CARTESIAN_POINT('',(43.937940037602,55.580817807776,
    115.81668336374));
#4116 = CARTESIAN_POINT('',(43.801958092224,55.688172021561,
    115.77079645225));
#4117 = CARTESIAN_POINT('',(43.661943346864,55.798048779692,
    115.73563857833));
#4118 = CARTESIAN_POINT('',(43.518972287838,55.909547192023,
    115.71190790339));
#4119 = CARTESIAN_POINT('',(43.374191285537,56.02174321128,115.7));
#4120 = CARTESIAN_POINT('',(43.228784862405,56.133721231715,115.7));
#4121 = PCURVE('',#1502,#4122);
#4122 = DEFINITIONAL_REPRESENTATION('',(#4123),#4186);
#4123 = B_SPLINE_CURVE_WITH_KNOTS('',7,(#4124,#4125,#4126,#4127,#4128,
    #4129,#4130,#4131,#4132,#4133,#4134,#4135,#4136,#4137,#4138,#4139,
    #4140,#4141,#4142,#4143,#4144,#4145,#4146,#4147,#4148,#4149,#4150,
    #4151,#4152,#4153,#4154,#4155,#4156,#4157,#4158,#4159,#4160,#4161,
    #4162,#4163,#4164,#4165,#4166,#4167,#4168,#4169,#4170,#4171,#4172,
    #4173,#4174,#4175,#4176,#4177,#4178,#4179,#4180,#4181,#4182,#4183,
    #4184,#4185),.UNSPECIFIED.,.F.,.F.,(8,6,6,6,6,6,6,6,6,6,8),(0.,
    8.234485473675E-02,0.180750765399,0.344501880345,0.442272983387,
    0.531818789125,0.6315005201,0.7500638062,0.844378009679,
    0.948705842145,1.),.UNSPECIFIED.);
#4124 = CARTESIAN_POINT('',(0.,4.));
#4125 = CARTESIAN_POINT('',(8.963097772774E-02,4.));
#4126 = CARTESIAN_POINT('',(0.178361138097,3.998559725553));
#4127 = CARTESIAN_POINT('',(0.265859409215,3.995729374296));
#4128 = CARTESIAN_POINT('',(0.351767340716,3.991709933175));
#4129 = CARTESIAN_POINT('',(0.435661882204,3.986816797621));
#4130 = CARTESIAN_POINT('',(0.516993353778,3.981418597135));
#4131 = CARTESIAN_POINT('',(0.68821849669,3.969197962793));
#4132 = CARTESIAN_POINT('',(0.777872082895,3.962218964986));
#4133 = CARTESIAN_POINT('',(0.864535966287,3.955331502515));
#4134 = CARTESIAN_POINT('',(0.948672940314,3.948850731703));
#4135 = CARTESIAN_POINT('',(1.030694823804,3.942999274719));
#4136 = CARTESIAN_POINT('',(1.111001650517,3.937925766375));
#4137 = CARTESIAN_POINT('',(1.321448794155,3.926754400404));
#4138 = CARTESIAN_POINT('',(1.449255704205,3.922213826332));
#4139 = CARTESIAN_POINT('',(1.575383447697,3.920570558623));
#4140 = CARTESIAN_POINT('',(1.701378974812,3.921943031334));
#4141 = CARTESIAN_POINT('',(1.828776082269,3.926285053639));
#4142 = CARTESIAN_POINT('',(1.959116037498,3.933326158673));
#4143 = CARTESIAN_POINT('',(2.175166359417,3.947717364448));
#4144 = CARTESIAN_POINT('',(2.257940412371,3.953815910066));
#4145 = CARTESIAN_POINT('',(2.343009273809,3.960475095608));
#4146 = CARTESIAN_POINT('',(2.430674896086,3.967463249325));
#4147 = CARTESIAN_POINT('',(2.521294010052,3.974461847131));
#4148 = CARTESIAN_POINT('',(2.615277278404,3.981048179579));
#4149 = CARTESIAN_POINT('',(2.80287251342,3.991945985129));
#4150 = CARTESIAN_POINT('',(2.896567056647,3.996443203279));
#4151 = CARTESIAN_POINT('',(2.992701188675,3.999714522944));
#4152 = CARTESIAN_POINT('',(3.090107195557,4.001309644177));
#4153 = CARTESIAN_POINT('',(3.187787283893,4.001048238175));
#4154 = CARTESIAN_POINT('',(3.284702938126,3.999070038548));
#4155 = CARTESIAN_POINT('',(3.485222009396,3.992008161989));
#4156 = CARTESIAN_POINT('',(3.58689003474,3.986648880064));
#4157 = CARTESIAN_POINT('',(3.685048507707,3.980145436684));
#4158 = CARTESIAN_POINT('',(3.77994837245,3.973043573155));
#4159 = CARTESIAN_POINT('',(3.871737717529,3.965830412276));
#4160 = CARTESIAN_POINT('',(3.960444539208,3.958891879324));
#4161 = CARTESIAN_POINT('',(4.147740525547,3.94489407765));
#4162 = CARTESIAN_POINT('',(4.246082011103,3.937981415963));
#4163 = CARTESIAN_POINT('',(4.341847190322,3.932160327082));
#4164 = CARTESIAN_POINT('',(4.435707742365,3.927666826641));
#4165 = CARTESIAN_POINT('',(4.528320440777,3.924627604472));
#4166 = CARTESIAN_POINT('',(4.620315334389,3.923105767657));
#4167 = CARTESIAN_POINT('',(4.785631320987,3.923105767657));
#4168 = CARTESIAN_POINT('',(4.858849553043,3.924068809427));
#4169 = CARTESIAN_POINT('',(4.932372435104,3.925993573176));
#4170 = CARTESIAN_POINT('',(5.006520381826,3.928854593589));
#4171 = CARTESIAN_POINT('',(5.081610488686,3.932599687297));
#4172 = CARTESIAN_POINT('',(5.157974219391,3.937140640384));
#4173 = CARTESIAN_POINT('',(5.322284229637,3.948085401527));
#4174 = CARTESIAN_POINT('',(5.410955084828,3.954659489422));
#4175 = CARTESIAN_POINT('',(5.502308843831,3.96186643634));
#4176 = CARTESIAN_POINT('',(5.596671675825,3.969412382436));
#4177 = CARTESIAN_POINT('',(5.694450331622,3.976887672431));
#4178 = CARTESIAN_POINT('',(5.7961217156,3.983746831785));
#4179 = CARTESIAN_POINT('',(5.954632534877,3.992154602147));
#4180 = CARTESIAN_POINT('',(6.007938872272,3.994627944039));
#4181 = CARTESIAN_POINT('',(6.062075925675,3.996714849441));
#4182 = CARTESIAN_POINT('',(6.116844942511,3.998339747198));
#4183 = CARTESIAN_POINT('',(6.172066801104,3.999445684296));
#4184 = CARTESIAN_POINT('',(6.227571109981,4.));
#4185 = CARTESIAN_POINT('',(6.28318530718,4.));
#4186 = ( GEOMETRIC_REPRESENTATION_CONTEXT(2) 
PARAMETRIC_REPRESENTATION_CONTEXT() REPRESENTATION_CONTEXT('2D SPACE',''
  ) );
#4187 = PCURVE('',#2631,#4188);
#4188 = DEFINITIONAL_REPRESENTATION('',(#4189),#4252);
#4189 = B_SPLINE_CURVE_WITH_KNOTS('',7,(#4190,#4191,#4192,#4193,#4194,
    #4195,#4196,#4197,#4198,#4199,#4200,#4201,#4202,#4203,#4204,#4205,
    #4206,#4207,#4208,#4209,#4210,#4211,#4212,#4213,#4214,#4215,#4216,
    #4217,#4218,#4219,#4220,#4221,#4222,#4223,#4224,#4225,#4226,#4227,
    #4228,#4229,#4230,#4231,#4232,#4233,#4234,#4235,#4236,#4237,#4238,
    #4239,#4240,#4241,#4242,#4243,#4244,#4245,#4246,#4247,#4248,#4249,
    #4250,#4251),.UNSPECIFIED.,.T.,.F.,(1,7,6,6,6,6,6,6,6,6,6,7,1),(
    -5.1294157855E-02,0.,8.234485473675E-02,0.180750765399,
    0.344501880345,0.442272983387,0.531818789125,0.6315005201,
    0.7500638062,0.844378009679,0.948705842145,1.,1.082344854737),
  .UNSPECIFIED.);
#4190 = CARTESIAN_POINT('',(0.914552528045,24.7));
#4191 = CARTESIAN_POINT('',(0.918727294827,24.7));
#4192 = CARTESIAN_POINT('',(0.922860108992,24.730929699234));
#4193 = CARTESIAN_POINT('',(0.926880857831,24.791670822757));
#4194 = CARTESIAN_POINT('',(0.930723216547,24.879823477422));
#4195 = CARTESIAN_POINT('',(0.934329112144,24.991786678218));
#4196 = CARTESIAN_POINT('',(0.937652494099,25.122823003659));
#4197 = CARTESIAN_POINT('',(0.944259402753,25.439533884839));
#4198 = CARTESIAN_POINT('',(0.94745438152,25.633068991563));
#4199 = CARTESIAN_POINT('',(0.95025508549,25.842525600656));
#4200 = CARTESIAN_POINT('',(0.952675522019,26.063973124918));
#4201 = CARTESIAN_POINT('',(0.95473160214,26.294403912747));
#4202 = CARTESIAN_POINT('',(0.956438089405,26.531501957946));
#4203 = CARTESIAN_POINT('',(0.960084555741,27.176230811115));
#4204 = CARTESIAN_POINT('',(0.961426829505,27.592506725844));
#4205 = CARTESIAN_POINT('',(0.961890191304,28.014533865536));
#4206 = CARTESIAN_POINT('',(0.961495097302,28.437300607315));
#4207 = CARTESIAN_POINT('',(0.960230067118,28.855664476111));
#4208 = CARTESIAN_POINT('',(0.958053610221,29.263388147561));
#4209 = CARTESIAN_POINT('',(0.953017994144,29.880834869577));
#4210 = CARTESIAN_POINT('',(0.950781627536,30.104835218936));
#4211 = CARTESIAN_POINT('',(0.948177401264,30.31925184432));
#4212 = CARTESIAN_POINT('',(0.945192765284,30.520714683399));
#4213 = CARTESIAN_POINT('',(0.941818514654,30.705139999546));
#4214 = CARTESIAN_POINT('',(0.938051950754,30.867555005731));
#4215 = CARTESIAN_POINT('',(0.93010239377,31.124723599809));
#4216 = CARTESIAN_POINT('',(0.925950721665,31.225002963272));
#4217 = CARTESIAN_POINT('',(0.921535100572,31.294299932081));
#4218 = CARTESIAN_POINT('',(0.916966535085,31.327454687466));
#4219 = CARTESIAN_POINT('',(0.912368881328,31.322516068857));
#4220 = CARTESIAN_POINT('',(0.907866652065,31.28080236689));
#4221 = CARTESIAN_POINT('',(0.898789742259,31.124797629677));
#4222 = CARTESIAN_POINT('',(0.894330191131,31.003953697619));
#4223 = CARTESIAN_POINT('',(0.890239872234,30.851225761263));
#4224 = CARTESIAN_POINT('',(0.886546831375,30.672811108466));
#4225 = CARTESIAN_POINT('',(0.88326515151,30.474516119263));
#4226 = CARTESIAN_POINT('',(0.880396838431,30.261828856789));
#4227 = CARTESIAN_POINT('',(0.87500056417,29.775987710796));
#4228 = CARTESIAN_POINT('',(0.872609348157,29.496253545441));
#4229 = CARTESIAN_POINT('',(0.870730951191,29.205993395531));
#4230 = CARTESIAN_POINT('',(0.869340525865,28.908839551462));
#4231 = CARTESIAN_POINT('',(0.868419559067,28.607426543206));
#4232 = CARTESIAN_POINT('',(0.867958394526,28.303843031787));
#4233 = CARTESIAN_POINT('',(0.867958394526,27.758300276011));
#4234 = CARTESIAN_POINT('',(0.868250220033,27.516680936082));
#4235 = CARTESIAN_POINT('',(0.868833500901,27.276170414048));
#4236 = CARTESIAN_POINT('',(0.869711954411,27.037832612131));
#4237 = CARTESIAN_POINT('',(0.870892801305,26.802907144436));
#4238 = CARTESIAN_POINT('',(0.872386168319,26.572953624942));
#4239 = CARTESIAN_POINT('',(0.876215841526,26.103374703144));
#4240 = CARTESIAN_POINT('',(0.8786331004,25.864298628637));
#4241 = CARTESIAN_POINT('',(0.881473604295,25.636314840515));
#4242 = CARTESIAN_POINT('',(0.884751532649,25.42374138893));
#4243 = CARTESIAN_POINT('',(0.888475637024,25.231776113066));
#4244 = CARTESIAN_POINT('',(0.892644983464,25.066717731601));
#4245 = CARTESIAN_POINT('',(0.899500153153,24.872306414475));
#4246 = CARTESIAN_POINT('',(0.901860542805,24.816683363748));
#4247 = CARTESIAN_POINT('',(0.904305852825,24.770796452253));
#4248 = CARTESIAN_POINT('',(0.90681790663,24.735638578333));
#4249 = CARTESIAN_POINT('',(0.909376929151,24.711907903391));
#4250 = CARTESIAN_POINT('',(0.911962170236,24.7));
#4251 = CARTESIAN_POINT('',(0.914552528045,24.7));
#4252 = ( GEOMETRIC_REPRESENTATION_CONTEXT(2) 
PARAMETRIC_REPRESENTATION_CONTEXT() REPRESENTATION_CONTEXT('2D SPACE',''
  ) );
#4253 = ORIENTED_EDGE('',*,*,#4033,.T.);
#4254 = ADVANCED_FACE('',(#4255),#1709,.F.);
#4255 = FACE_BOUND('',#4256,.F.);
#4256 = EDGE_LOOP('',(#4257,#4258,#4281,#4479));
#4257 = ORIENTED_EDGE('',*,*,#1575,.F.);
#4258 = ORIENTED_EDGE('',*,*,#4259,.F.);
#4259 = EDGE_CURVE('',#4260,#1576,#4262,.T.);
#4260 = VERTEX_POINT('',#4261);
#4261 = CARTESIAN_POINT('',(-26.99883616441,65.504086481432,115.7));
#4262 = SEAM_CURVE('',#4263,(#4267,#4274),.PCURVE_S1.);
#4263 = LINE('',#4264,#4265);
#4264 = CARTESIAN_POINT('',(-25.47455465901,61.805902346983,115.7));
#4265 = VECTOR('',#4266,1.);
#4266 = DIRECTION('',(-0.38107037635,0.924546033612,2.220446049251E-16)
  );
#4267 = PCURVE('',#1709,#4268);
#4268 = DEFINITIONAL_REPRESENTATION('',(#4269),#4273);
#4269 = LINE('',#4270,#4271);
#4270 = CARTESIAN_POINT('',(0.,-0.));
#4271 = VECTOR('',#4272,1.);
#4272 = DIRECTION('',(0.,1.));
#4273 = ( GEOMETRIC_REPRESENTATION_CONTEXT(2) 
PARAMETRIC_REPRESENTATION_CONTEXT() REPRESENTATION_CONTEXT('2D SPACE',''
  ) );
#4274 = PCURVE('',#1709,#4275);
#4275 = DEFINITIONAL_REPRESENTATION('',(#4276),#4280);
#4276 = LINE('',#4277,#4278);
#4277 = CARTESIAN_POINT('',(6.28318530718,-0.));
#4278 = VECTOR('',#4279,1.);
#4279 = DIRECTION('',(0.,1.));
#4280 = ( GEOMETRIC_REPRESENTATION_CONTEXT(2) 
PARAMETRIC_REPRESENTATION_CONTEXT() REPRESENTATION_CONTEXT('2D SPACE',''
  ) );
#4281 = ORIENTED_EDGE('',*,*,#4282,.T.);
#4282 = EDGE_CURVE('',#4260,#4260,#4283,.T.);
#4283 = SURFACE_CURVE('',#4284,(#4347,#4413),.PCURVE_S1.);
#4284 = B_SPLINE_CURVE_WITH_KNOTS('',7,(#4285,#4286,#4287,#4288,#4289,
    #4290,#4291,#4292,#4293,#4294,#4295,#4296,#4297,#4298,#4299,#4300,
    #4301,#4302,#4303,#4304,#4305,#4306,#4307,#4308,#4309,#4310,#4311,
    #4312,#4313,#4314,#4315,#4316,#4317,#4318,#4319,#4320,#4321,#4322,
    #4323,#4324,#4325,#4326,#4327,#4328,#4329,#4330,#4331,#4332,#4333,
    #4334,#4335,#4336,#4337,#4338,#4339,#4340,#4341,#4342,#4343,#4344,
    #4345,#4346),.UNSPECIFIED.,.T.,.F.,(1,7,6,6,6,6,6,6,6,6,6,7,1),(
    -5.1294158643E-02,0.,8.23448544193E-02,0.180750765583,0.344501881366
    ,0.442272982521,0.531818784445,0.631500514061,0.750063802155,
    0.84437800722,0.948705841357,1.,1.082344854419),.UNSPECIFIED.);
#4285 = CARTESIAN_POINT('',(-26.99883616441,65.504086481432,115.7));
#4286 = CARTESIAN_POINT('',(-27.27230045119,65.391372636051,115.7));
#4287 = CARTESIAN_POINT('',(-27.54246780799,65.278459869195,
    115.73092969825));
#4288 = CARTESIAN_POINT('',(-27.80475697684,65.167290733312,
    115.79167082418));
#4289 = CARTESIAN_POINT('',(-28.05489276302,65.059844726677,
    115.87982347789));
#4290 = CARTESIAN_POINT('',(-28.28918851141,64.957982514259,
    115.99178667608));
#4291 = CARTESIAN_POINT('',(-28.50477039965,64.863287313889,
    116.12282300495));
#4292 = CARTESIAN_POINT('',(-28.93274548185,64.673670730656,
    116.43953388483));
#4293 = CARTESIAN_POINT('',(-29.13927300412,64.580997661571,
    116.63306899156));
#4294 = CARTESIAN_POINT('',(-29.31999722495,64.499058951582,
    116.84252560065));
#4295 = CARTESIAN_POINT('',(-29.47596373407,64.427764516538,
    117.06397312491));
#4296 = CARTESIAN_POINT('',(-29.60830723569,64.366887455897,
    117.29440391274));
#4297 = CARTESIAN_POINT('',(-29.71805739143,64.316164138947,
    117.53150195794));
#4298 = CARTESIAN_POINT('',(-29.95243535124,64.207477432529,
    118.17623081111));
#4299 = CARTESIAN_POINT('',(-30.03853009021,64.16708060285,
    118.59250672584));
#4300 = CARTESIAN_POINT('',(-30.06821749185,64.153066960961,
    119.01453386553));
#4301 = CARTESIAN_POINT('',(-30.04289144448,64.164990087245,
    119.43730060731));
#4302 = CARTESIAN_POINT('',(-29.96177920764,64.203118521786,
    119.85566447611));
#4303 = CARTESIAN_POINT('',(-29.82204224321,64.268329685392,
    120.26338814756));
#4304 = CARTESIAN_POINT('',(-29.49794133585,64.417480139099,
    120.88083486394));
#4305 = CARTESIAN_POINT('',(-29.35388245238,64.483453186191,
    121.10483523326));
#4306 = CARTESIAN_POINT('',(-29.18594291011,64.559875524315,
    121.3192518319));
#4307 = CARTESIAN_POINT('',(-28.99320501818,64.646874821066,
    121.52071468299));
#4308 = CARTESIAN_POINT('',(-28.77493623561,64.744408488589,
    121.70514000634));
#4309 = CARTESIAN_POINT('',(-28.53079243168,64.852161158121,
    121.86755500249));
#4310 = CARTESIAN_POINT('',(-28.01431427191,65.076825290422,
    122.1247235999));
#4311 = CARTESIAN_POINT('',(-27.74410618983,65.193061269769,
    122.22500296312));
#4312 = CARTESIAN_POINT('',(-27.45612146249,65.315298307188,
    122.29429993212));
#4313 = CARTESIAN_POINT('',(-27.15746504189,65.440120902962,
    122.32745468754));
#4314 = CARTESIAN_POINT('',(-26.85619292038,65.564013570885,
    122.32251606875));
#4315 = CARTESIAN_POINT('',(-26.56052707785,65.683738592939,
    122.28080236694));
#4316 = CARTESIAN_POINT('',(-25.96329716017,65.922260791738,
    122.12479762723));
#4317 = CARTESIAN_POINT('',(-25.66917290259,66.037693399818,
    122.00395370181));
#4318 = CARTESIAN_POINT('',(-25.39882357466,66.142089149738,
    121.85122576516));
#4319 = CARTESIAN_POINT('',(-25.15429349341,66.235195715555,
    121.67281109148));
#4320 = CARTESIAN_POINT('',(-24.93668303483,66.317086434526,
    121.47451613674));
#4321 = CARTESIAN_POINT('',(-24.74626169675,66.388067645772,
    121.26182885003));
#4322 = CARTESIAN_POINT('',(-24.38768652828,66.520721476369,
    120.77598771079));
#4323 = CARTESIAN_POINT('',(-24.22854696046,66.578837255746,
    120.49625354544));
#4324 = CARTESIAN_POINT('',(-24.10340335423,66.624121569043,
    120.20599339553));
#4325 = CARTESIAN_POINT('',(-24.0107072086,66.657467939629,
    119.90883955146));
#4326 = CARTESIAN_POINT('',(-23.94928744473,66.679496080601,
    119.6074265432));
#4327 = CARTESIAN_POINT('',(-23.91853213943,66.690526465868,
    119.30384303178));
#4328 = CARTESIAN_POINT('',(-23.91853213943,66.690526465868,
    118.75830027601));
#4329 = CARTESIAN_POINT('',(-23.93799413958,66.68354644571,
    118.51668093608));
#4330 = CARTESIAN_POINT('',(-23.97689343458,66.669595160683,
    118.27617041404));
#4331 = CARTESIAN_POINT('',(-24.03546515139,66.648548154859,
    118.03783261213));
#4332 = CARTESIAN_POINT('',(-24.11416518328,66.620161080436,
    117.80290714443));
#4333 = CARTESIAN_POINT('',(-24.21362743812,66.584077246222,
    117.57295362494));
#4334 = CARTESIAN_POINT('',(-24.46845323989,66.490883613986,
    117.10337470334));
#4335 = CARTESIAN_POINT('',(-24.62918236281,66.431746461832,
    116.86429862861));
#4336 = CARTESIAN_POINT('',(-24.8178750486,66.361768068636,
    116.63631484035));
#4337 = CARTESIAN_POINT('',(-25.03535727495,66.280290148653,
    116.42374138884));
#4338 = CARTESIAN_POINT('',(-25.28205642885,66.186693457642,
    116.23177611313));
#4339 = CARTESIAN_POINT('',(-25.55771062025,66.080495947148,
    116.06671773168));
#4340 = CARTESIAN_POINT('',(-26.00988891327,65.903215448424,
    115.87230641447));
#4341 = CARTESIAN_POINT('',(-26.16543016584,65.841781166409,
    115.81668336374));
#4342 = CARTESIAN_POINT('',(-26.32639261487,65.777694454147,
    115.77079645225));
#4343 = CARTESIAN_POINT('',(-26.49155605138,65.711376506827,
    115.73563857833));
#4344 = CARTESIAN_POINT('',(-26.65960203845,65.64330914387,
    115.71190790339));
#4345 = CARTESIAN_POINT('',(-26.82915714248,65.574023127521,115.7));
#4346 = CARTESIAN_POINT('',(-26.99883616441,65.504086481432,115.7));
#4347 = PCURVE('',#1709,#4348);
#4348 = DEFINITIONAL_REPRESENTATION('',(#4349),#4412);
#4349 = B_SPLINE_CURVE_WITH_KNOTS('',7,(#4350,#4351,#4352,#4353,#4354,
    #4355,#4356,#4357,#4358,#4359,#4360,#4361,#4362,#4363,#4364,#4365,
    #4366,#4367,#4368,#4369,#4370,#4371,#4372,#4373,#4374,#4375,#4376,
    #4377,#4378,#4379,#4380,#4381,#4382,#4383,#4384,#4385,#4386,#4387,
    #4388,#4389,#4390,#4391,#4392,#4393,#4394,#4395,#4396,#4397,#4398,
    #4399,#4400,#4401,#4402,#4403,#4404,#4405,#4406,#4407,#4408,#4409,
    #4410,#4411),.UNSPECIFIED.,.F.,.F.,(8,6,6,6,6,6,6,6,6,6,8),(0.,
    8.23448544193E-02,0.180750765583,0.344501881366,0.442272982521,
    0.531818784445,0.631500514061,0.750063802155,0.84437800722,
    0.948705841357,1.),.UNSPECIFIED.);
#4350 = CARTESIAN_POINT('',(0.,4.));
#4351 = CARTESIAN_POINT('',(8.963097853122E-02,4.));
#4352 = CARTESIAN_POINT('',(0.178361136267,3.998559725593));
#4353 = CARTESIAN_POINT('',(0.265859410254,3.995729374239));
#4354 = CARTESIAN_POINT('',(0.351767341831,3.991709933155));
#4355 = CARTESIAN_POINT('',(0.435661880467,3.986816797705));
#4356 = CARTESIAN_POINT('',(0.516993354477,3.981418597085));
#4357 = CARTESIAN_POINT('',(0.68821849669,3.969197962793));
#4358 = CARTESIAN_POINT('',(0.777872082895,3.962218964986));
#4359 = CARTESIAN_POINT('',(0.864535966287,3.955331502515));
#4360 = CARTESIAN_POINT('',(0.948672940314,3.948850731703));
#4361 = CARTESIAN_POINT('',(1.030694823804,3.942999274719));
#4362 = CARTESIAN_POINT('',(1.111001650517,3.937925766375));
#4363 = CARTESIAN_POINT('',(1.321448794155,3.926754400404));
#4364 = CARTESIAN_POINT('',(1.449255704205,3.922213826332));
#4365 = CARTESIAN_POINT('',(1.575383447697,3.920570558623));
#4366 = CARTESIAN_POINT('',(1.701378974812,3.921943031334));
#4367 = CARTESIAN_POINT('',(1.828776082269,3.926285053639));
#4368 = CARTESIAN_POINT('',(1.959116037498,3.933326158673));
#4369 = CARTESIAN_POINT('',(2.175166357447,3.947717364317));
#4370 = CARTESIAN_POINT('',(2.257940416912,3.953815910389));
#4371 = CARTESIAN_POINT('',(2.343009271505,3.960475095407));
#4372 = CARTESIAN_POINT('',(2.430674892272,3.967463249127));
#4373 = CARTESIAN_POINT('',(2.521294015671,3.974461847461));
#4374 = CARTESIAN_POINT('',(2.615277276044,3.981048179442));
#4375 = CARTESIAN_POINT('',(2.80287251349,3.991945985133));
#4376 = CARTESIAN_POINT('',(2.896567056575,3.996443203273));
#4377 = CARTESIAN_POINT('',(2.99270118862,3.999714522946));
#4378 = CARTESIAN_POINT('',(3.090107195615,4.00130964418));
#4379 = CARTESIAN_POINT('',(3.187787283962,4.001048238171));
#4380 = CARTESIAN_POINT('',(3.284702938056,3.99907003855));
#4381 = CARTESIAN_POINT('',(3.485222012533,3.992008161878));
#4382 = CARTESIAN_POINT('',(3.586890027398,3.9866488803));
#4383 = CARTESIAN_POINT('',(3.685048512654,3.980145436674));
#4384 = CARTESIAN_POINT('',(3.779948375416,3.973043572714));
#4385 = CARTESIAN_POINT('',(3.871737711621,3.965830412779));
#4386 = CARTESIAN_POINT('',(3.960444541812,3.95889187913));
#4387 = CARTESIAN_POINT('',(4.147740525547,3.94489407765));
#4388 = CARTESIAN_POINT('',(4.246082011103,3.937981415963));
#4389 = CARTESIAN_POINT('',(4.341847190323,3.932160327082));
#4390 = CARTESIAN_POINT('',(4.435707742365,3.927666826641));
#4391 = CARTESIAN_POINT('',(4.528320440778,3.924627604472));
#4392 = CARTESIAN_POINT('',(4.620315334389,3.923105767657));
#4393 = CARTESIAN_POINT('',(4.785631320987,3.923105767657));
#4394 = CARTESIAN_POINT('',(4.858849553043,3.924068809427));
#4395 = CARTESIAN_POINT('',(4.932372435104,3.925993573176));
#4396 = CARTESIAN_POINT('',(5.006520381826,3.928854593589));
#4397 = CARTESIAN_POINT('',(5.081610488686,3.932599687297));
#4398 = CARTESIAN_POINT('',(5.157974219391,3.937140640384));
#4399 = CARTESIAN_POINT('',(5.322284229567,3.948085401523));
#4400 = CARTESIAN_POINT('',(5.410955084828,3.954659489421));
#4401 = CARTESIAN_POINT('',(5.502308843888,3.961866436345));
#4402 = CARTESIAN_POINT('',(5.596671675875,3.96941238244));
#4403 = CARTESIAN_POINT('',(5.694450331611,3.976887672429));
#4404 = CARTESIAN_POINT('',(5.796121715532,3.983746831781));
#4405 = CARTESIAN_POINT('',(5.954632534877,3.992154602147));
#4406 = CARTESIAN_POINT('',(6.007938872272,3.994627944039));
#4407 = CARTESIAN_POINT('',(6.062075925675,3.996714849441));
#4408 = CARTESIAN_POINT('',(6.116844942511,3.998339747198));
#4409 = CARTESIAN_POINT('',(6.172066801104,3.999445684296));
#4410 = CARTESIAN_POINT('',(6.22757110998,4.));
#4411 = CARTESIAN_POINT('',(6.28318530718,4.));
#4412 = ( GEOMETRIC_REPRESENTATION_CONTEXT(2) 
PARAMETRIC_REPRESENTATION_CONTEXT() REPRESENTATION_CONTEXT('2D SPACE',''
  ) );
#4413 = PCURVE('',#2631,#4414);
#4414 = DEFINITIONAL_REPRESENTATION('',(#4415),#4478);
#4415 = B_SPLINE_CURVE_WITH_KNOTS('',7,(#4416,#4417,#4418,#4419,#4420,
    #4421,#4422,#4423,#4424,#4425,#4426,#4427,#4428,#4429,#4430,#4431,
    #4432,#4433,#4434,#4435,#4436,#4437,#4438,#4439,#4440,#4441,#4442,
    #4443,#4444,#4445,#4446,#4447,#4448,#4449,#4450,#4451,#4452,#4453,
    #4454,#4455,#4456,#4457,#4458,#4459,#4460,#4461,#4462,#4463,#4464,
    #4465,#4466,#4467,#4468,#4469,#4470,#4471,#4472,#4473,#4474,#4475,
    #4476,#4477),.UNSPECIFIED.,.T.,.F.,(1,7,6,6,6,6,6,6,6,6,6,7,1),(
    -5.1294158643E-02,0.,8.23448544193E-02,0.180750765583,0.344501881366
    ,0.442272982521,0.531818784445,0.631500514061,0.750063802155,
    0.84437800722,0.948705841357,1.,1.082344854419),.UNSPECIFIED.);
#4416 = CARTESIAN_POINT('',(1.961750079242,24.7));
#4417 = CARTESIAN_POINT('',(1.965924846061,24.7));
#4418 = CARTESIAN_POINT('',(1.970057660107,24.73092969825));
#4419 = CARTESIAN_POINT('',(1.97407840907,24.79167082418));
#4420 = CARTESIAN_POINT('',(1.977920767794,24.879823477896));
#4421 = CARTESIAN_POINT('',(1.981526663268,24.991786676083));
#4422 = CARTESIAN_POINT('',(1.984850045323,25.122823004951));
#4423 = CARTESIAN_POINT('',(1.991456953949,25.439533884839));
#4424 = CARTESIAN_POINT('',(1.994651932716,25.633068991563));
#4425 = CARTESIAN_POINT('',(1.997452636687,25.842525600656));
#4426 = CARTESIAN_POINT('',(1.999873073215,26.063973124918));
#4427 = CARTESIAN_POINT('',(2.001929153337,26.294403912747));
#4428 = CARTESIAN_POINT('',(2.003635640601,26.531501957947));
#4429 = CARTESIAN_POINT('',(2.007282106938,27.176230811115));
#4430 = CARTESIAN_POINT('',(2.008624380702,27.592506725844));
#4431 = CARTESIAN_POINT('',(2.009087742501,28.014533865535));
#4432 = CARTESIAN_POINT('',(2.008692648499,28.437300607315));
#4433 = CARTESIAN_POINT('',(2.007427618315,28.855664476111));
#4434 = CARTESIAN_POINT('',(2.005251161418,29.263388147561));
#4435 = CARTESIAN_POINT('',(2.000215545386,29.880834863948));
#4436 = CARTESIAN_POINT('',(1.997979178642,30.104835233269));
#4437 = CARTESIAN_POINT('',(1.995374952443,30.319251831901));
#4438 = CARTESIAN_POINT('',(1.992390316705,30.520714682993));
#4439 = CARTESIAN_POINT('',(1.989016065599,30.705140006346));
#4440 = CARTESIAN_POINT('',(1.985249502051,30.867555002497));
#4441 = CARTESIAN_POINT('',(1.977299944963,31.124723599904));
#4442 = CARTESIAN_POINT('',(1.973148272864,31.225002963124));
#4443 = CARTESIAN_POINT('',(1.968732651771,31.294299932125));
#4444 = CARTESIAN_POINT('',(1.964164086279,31.327454687545));
#4445 = CARTESIAN_POINT('',(1.959566432521,31.322516068751));
#4446 = CARTESIAN_POINT('',(1.955064203265,31.280802366945));
#4447 = CARTESIAN_POINT('',(1.945987293314,31.124797627236));
#4448 = CARTESIAN_POINT('',(1.941527742676,31.003953701819));
#4449 = CARTESIAN_POINT('',(1.937437423135,30.851225765162));
#4450 = CARTESIAN_POINT('',(1.933744382566,30.672811091485));
#4451 = CARTESIAN_POINT('',(1.930462702861,30.474516136747));
#4452 = CARTESIAN_POINT('',(1.927594389553,30.261828850033));
#4453 = CARTESIAN_POINT('',(1.922198115367,29.775987710796));
#4454 = CARTESIAN_POINT('',(1.919806899354,29.496253545441));
#4455 = CARTESIAN_POINT('',(1.917928502387,29.205993395531));
#4456 = CARTESIAN_POINT('',(1.916538077061,28.908839551462));
#4457 = CARTESIAN_POINT('',(1.915617110264,28.607426543206));
#4458 = CARTESIAN_POINT('',(1.915155945723,28.303843031787));
#4459 = CARTESIAN_POINT('',(1.915155945723,27.758300276011));
#4460 = CARTESIAN_POINT('',(1.915447771229,27.516680936083));
#4461 = CARTESIAN_POINT('',(1.916031052097,27.276170414048));
#4462 = CARTESIAN_POINT('',(1.916909505607,27.037832612131));
#4463 = CARTESIAN_POINT('',(1.918090352501,26.802907144436));
#4464 = CARTESIAN_POINT('',(1.919583719515,26.572953624942));
#4465 = CARTESIAN_POINT('',(1.923413392721,26.103374703343));
#4466 = CARTESIAN_POINT('',(1.925830651596,25.864298628616));
#4467 = CARTESIAN_POINT('',(1.928671155494,25.636314840357));
#4468 = CARTESIAN_POINT('',(1.931949083848,25.423741388846));
#4469 = CARTESIAN_POINT('',(1.935673188221,25.231776113132));
#4470 = CARTESIAN_POINT('',(1.939842534658,25.066717731684));
#4471 = CARTESIAN_POINT('',(1.94669770435,24.872306414475));
#4472 = CARTESIAN_POINT('',(1.949058094001,24.816683363748));
#4473 = CARTESIAN_POINT('',(1.951503404022,24.770796452253));
#4474 = CARTESIAN_POINT('',(1.954015457827,24.735638578333));
#4475 = CARTESIAN_POINT('',(1.956574480348,24.711907903391));
#4476 = CARTESIAN_POINT('',(1.959159721433,24.7));
#4477 = CARTESIAN_POINT('',(1.961750079242,24.7));
#4478 = ( GEOMETRIC_REPRESENTATION_CONTEXT(2) 
PARAMETRIC_REPRESENTATION_CONTEXT() REPRESENTATION_CONTEXT('2D SPACE',''
  ) );
#4479 = ORIENTED_EDGE('',*,*,#4259,.T.);
#4480 = ADVANCED_FACE('',(#4481),#1916,.F.);
#4481 = FACE_BOUND('',#4482,.F.);
#4482 = EDGE_LOOP('',(#4483,#4484,#4507,#4705));
#4483 = ORIENTED_EDGE('',*,*,#1782,.F.);
#4484 = ORIENTED_EDGE('',*,*,#4485,.F.);
#4485 = EDGE_CURVE('',#4486,#1783,#4488,.T.);
#4486 = VERTEX_POINT('',#4487);
#4487 = CARTESIAN_POINT('',(-70.22762102682,9.370365249717,115.7));
#4488 = SEAM_CURVE('',#4489,(#4493,#4500),.PCURVE_S1.);
#4489 = LINE('',#4490,#4491);
#4490 = CARTESIAN_POINT('',(-66.26275886581,8.841339688689,115.7));
#4491 = VECTOR('',#4492,1.);
#4492 = DIRECTION('',(-0.991215540252,0.132256390257,2.220446049249E-16)
  );
#4493 = PCURVE('',#1916,#4494);
#4494 = DEFINITIONAL_REPRESENTATION('',(#4495),#4499);
#4495 = LINE('',#4496,#4497);
#4496 = CARTESIAN_POINT('',(0.,-0.));
#4497 = VECTOR('',#4498,1.);
#4498 = DIRECTION('',(0.,1.));
#4499 = ( GEOMETRIC_REPRESENTATION_CONTEXT(2) 
PARAMETRIC_REPRESENTATION_CONTEXT() REPRESENTATION_CONTEXT('2D SPACE',''
  ) );
#4500 = PCURVE('',#1916,#4501);
#4501 = DEFINITIONAL_REPRESENTATION('',(#4502),#4506);
#4502 = LINE('',#4503,#4504);
#4503 = CARTESIAN_POINT('',(6.28318530718,-0.));
#4504 = VECTOR('',#4505,1.);
#4505 = DIRECTION('',(0.,1.));
#4506 = ( GEOMETRIC_REPRESENTATION_CONTEXT(2) 
PARAMETRIC_REPRESENTATION_CONTEXT() REPRESENTATION_CONTEXT('2D SPACE',''
  ) );
#4507 = ORIENTED_EDGE('',*,*,#4508,.T.);
#4508 = EDGE_CURVE('',#4486,#4486,#4509,.T.);
#4509 = SURFACE_CURVE('',#4510,(#4573,#4639),.PCURVE_S1.);
#4510 = B_SPLINE_CURVE_WITH_KNOTS('',7,(#4511,#4512,#4513,#4514,#4515,
    #4516,#4517,#4518,#4519,#4520,#4521,#4522,#4523,#4524,#4525,#4526,
    #4527,#4528,#4529,#4530,#4531,#4532,#4533,#4534,#4535,#4536,#4537,
    #4538,#4539,#4540,#4541,#4542,#4543,#4544,#4545,#4546,#4547,#4548,
    #4549,#4550,#4551,#4552,#4553,#4554,#4555,#4556,#4557,#4558,#4559,
    #4560,#4561,#4562,#4563,#4564,#4565,#4566,#4567,#4568,#4569,#4570,
    #4571,#4572),.UNSPECIFIED.,.T.,.F.,(1,7,6,6,6,6,6,6,6,6,6,7,1),(
    -5.1294160273E-02,0.,8.234485110418E-02,0.180750757461,
    0.344501865245,0.442272965512,0.531818770139,0.631500502764,
    0.750063794437,0.844378002349,0.948705839727,1.,1.082344851104),
  .UNSPECIFIED.);
#4511 = CARTESIAN_POINT('',(-70.22762102682,9.370365249717,115.7));
#4512 = CARTESIAN_POINT('',(-70.2667401164,9.077181310228,115.7));
#4513 = CARTESIAN_POINT('',(-70.30403847137,8.786753124184,
    115.73092969924));
#4514 = CARTESIAN_POINT('',(-70.33890775892,8.504019481705,
    115.79167082276));
#4515 = CARTESIAN_POINT('',(-70.37092468062,8.233672533728,
    115.87982347739));
#4516 = CARTESIAN_POINT('',(-70.39985729223,7.979835348715,
    115.99178667819));
#4517 = CARTESIAN_POINT('',(-70.42563978642,7.745788363626,
    116.12282300371));
#4518 = CARTESIAN_POINT('',(-70.47541454966,7.280342776814,
    116.43953388484));
#4519 = CARTESIAN_POINT('',(-70.49842107872,7.055148161405,
    116.63306899156));
#4520 = CARTESIAN_POINT('',(-70.51782218473,6.85766704009,
    116.84252560065));
#4521 = CARTESIAN_POINT('',(-70.53406264739,6.686948863534,
    117.06397312491));
#4522 = CARTESIAN_POINT('',(-70.54751331718,6.541897498785,
    117.29440391274));
#4523 = CARTESIAN_POINT('',(-70.55846071401,6.421489417367,
    117.53150195794));
#4524 = CARTESIAN_POINT('',(-70.58152424511,6.164168796872,
    118.17623081111));
#4525 = CARTESIAN_POINT('',(-70.58958693385,6.06941015096,
    118.59250672584));
#4526 = CARTESIAN_POINT('',(-70.5922944648,6.036693286021,
    119.01453386553));
#4527 = CARTESIAN_POINT('',(-70.58995717137,6.064587849564,
    119.43730060731));
#4528 = CARTESIAN_POINT('',(-70.58242124587,6.153897324492,
    119.85566447611));
#4529 = CARTESIAN_POINT('',(-70.56902728795,6.30751866734,
    120.26338814756));
#4530 = CARTESIAN_POINT('',(-70.53614491567,6.662773518636,
    120.88083487312));
#4531 = CARTESIAN_POINT('',(-70.52124981004,6.820518679143,
    121.1048352099));
#4532 = CARTESIAN_POINT('',(-70.50346372487,7.004169766581,
    121.31925185214));
#4533 = CARTESIAN_POINT('',(-70.48243837629,7.214585353389,
    121.52071468365));
#4534 = CARTESIAN_POINT('',(-70.45777062523,7.452378443101,
    121.70513999526));
#4535 = CARTESIAN_POINT('',(-70.42901526779,7.717689554592,
    121.86755500776));
#4536 = CARTESIAN_POINT('',(-70.3653410351,8.277304816134,122.1247235999
    ));
#4537 = CARTESIAN_POINT('',(-70.33090030501,8.569429869193,
    122.22500296312));
#4538 = CARTESIAN_POINT('',(-70.29276832102,8.879950477685,
    122.29429993212));
#4539 = CARTESIAN_POINT('',(-70.25153964964,9.201005822808,
    122.32745468754));
#4540 = CARTESIAN_POINT('',(-70.20819778664,9.523861467457,
    122.32251606875));
#4541 = CARTESIAN_POINT('',(-70.16404977594,9.839778109143,
    122.28080236694));
#4542 = CARTESIAN_POINT('',(-70.07200110063,10.476255489155,
    122.12479762723));
#4543 = CARTESIAN_POINT('',(-70.02490654286,10.788690872127,
    122.00395370181));
#4544 = CARTESIAN_POINT('',(-69.98014125038,11.075018132968,
    121.85122576516));
#4545 = CARTESIAN_POINT('',(-69.93850886101,11.33334067823,
    121.67281109148));
#4546 = CARTESIAN_POINT('',(-69.90062307468,11.562742222971,
    121.47451613674));
#4547 = CARTESIAN_POINT('',(-69.86688393777,11.763142544799,
    121.26182885003));
#4548 = CARTESIAN_POINT('',(-69.80247794074,12.140004665162,
    120.77598771079));
#4549 = CARTESIAN_POINT('',(-69.77323789813,12.306881463328,
    120.49625354544));
#4550 = CARTESIAN_POINT('',(-69.74988346072,12.437901162095,
    120.20599339553));
#4551 = CARTESIAN_POINT('',(-69.73241419196,12.534851564337,
    119.90883955146));
#4552 = CARTESIAN_POINT('',(-69.72078123971,12.599056710628,
    119.6074265432));
#4553 = CARTESIAN_POINT('',(-69.71495618091,12.631206778946,
    119.30384303178));
#4554 = CARTESIAN_POINT('',(-69.71495618091,12.631206778946,
    118.75830027601));
#4555 = CARTESIAN_POINT('',(-69.71864230621,12.610862182328,
    118.51668093608));
#4556 = CARTESIAN_POINT('',(-69.72600978646,12.570198762158,
    118.27617041404));
#4557 = CARTESIAN_POINT('',(-69.73706840315,12.508950664549,
    118.03783261213));
#4558 = CARTESIAN_POINT('',(-69.75183449151,12.426600900439,
    117.80290714443));
#4559 = CARTESIAN_POINT('',(-69.77031610183,12.32242214392,
    117.57295362494));
#4560 = CARTESIAN_POINT('',(-69.81702094975,12.055139709812,
    117.10337470312));
#4561 = CARTESIAN_POINT('',(-69.84617123512,11.886375630237,
    116.86429862863));
#4562 = CARTESIAN_POINT('',(-69.87991451177,11.687973774404,
    116.63631484053));
#4563 = CARTESIAN_POINT('',(-69.91809367638,11.458889681568,
    116.42374138893));
#4564 = CARTESIAN_POINT('',(-69.96038614124,11.198443601506,
    116.23177611305));
#4565 = CARTESIAN_POINT('',(-70.00624349506,10.906621313639,
    116.06671773159));
#4566 = CARTESIAN_POINT('',(-70.07880322604,10.426383175709,
    115.87230641447));
#4567 = CARTESIAN_POINT('',(-70.10337020344,10.260963358633,
    115.81668336374));
#4568 = CARTESIAN_POINT('',(-70.1283507071,10.089522432587,
    115.77079645225));
#4569 = CARTESIAN_POINT('',(-70.15349939824,9.913327727135,
    115.73563857833));
#4570 = CARTESIAN_POINT('',(-70.17857432629,9.733761951848,
    115.71190790339));
#4571 = CARTESIAN_POINT('',(-70.20334842802,9.552279916241,115.7));
#4572 = CARTESIAN_POINT('',(-70.22762102682,9.370365249717,115.7));
#4573 = PCURVE('',#1916,#4574);
#4574 = DEFINITIONAL_REPRESENTATION('',(#4575),#4638);
#4575 = B_SPLINE_CURVE_WITH_KNOTS('',7,(#4576,#4577,#4578,#4579,#4580,
    #4581,#4582,#4583,#4584,#4585,#4586,#4587,#4588,#4589,#4590,#4591,
    #4592,#4593,#4594,#4595,#4596,#4597,#4598,#4599,#4600,#4601,#4602,
    #4603,#4604,#4605,#4606,#4607,#4608,#4609,#4610,#4611,#4612,#4613,
    #4614,#4615,#4616,#4617,#4618,#4619,#4620,#4621,#4622,#4623,#4624,
    #4625,#4626,#4627,#4628,#4629,#4630,#4631,#4632,#4633,#4634,#4635,
    #4636,#4637),.UNSPECIFIED.,.F.,.F.,(8,6,6,6,6,6,6,6,6,6,8),(0.,
    8.234485110418E-02,0.180750757461,0.344501865245,0.442272965512,
    0.531818770139,0.631500502764,0.750063794437,0.844378002349,
    0.948705839727,1.),.UNSPECIFIED.);
#4576 = CARTESIAN_POINT('',(0.,4.));
#4577 = CARTESIAN_POINT('',(8.963097774333E-02,4.));
#4578 = CARTESIAN_POINT('',(0.178361138106,3.998559725552));
#4579 = CARTESIAN_POINT('',(0.265859409204,3.995729374296));
#4580 = CARTESIAN_POINT('',(0.351767340693,3.991709933177));
#4581 = CARTESIAN_POINT('',(0.435661882198,3.986816797622));
#4582 = CARTESIAN_POINT('',(0.516993353807,3.981418597133));
#4583 = CARTESIAN_POINT('',(0.68821849669,3.969197962793));
#4584 = CARTESIAN_POINT('',(0.777872082895,3.962218964986));
#4585 = CARTESIAN_POINT('',(0.864535966287,3.955331502515));
#4586 = CARTESIAN_POINT('',(0.948672940314,3.948850731703));
#4587 = CARTESIAN_POINT('',(1.030694823804,3.942999274719));
#4588 = CARTESIAN_POINT('',(1.111001650517,3.937925766375));
#4589 = CARTESIAN_POINT('',(1.321448794155,3.926754400404));
#4590 = CARTESIAN_POINT('',(1.449255704205,3.922213826332));
#4591 = CARTESIAN_POINT('',(1.575383447697,3.920570558623));
#4592 = CARTESIAN_POINT('',(1.701378974813,3.921943031334));
#4593 = CARTESIAN_POINT('',(1.828776082268,3.926285053639));
#4594 = CARTESIAN_POINT('',(1.959116037498,3.933326158673));
#4595 = CARTESIAN_POINT('',(2.175166360658,3.947717364531));
#4596 = CARTESIAN_POINT('',(2.25794040951,3.953815909863));
#4597 = CARTESIAN_POINT('',(2.343009275262,3.960475095735));
#4598 = CARTESIAN_POINT('',(2.43067489849,3.96746324945));
#4599 = CARTESIAN_POINT('',(2.521294006512,3.974461846923));
#4600 = CARTESIAN_POINT('',(2.61527727989,3.981048179665));
#4601 = CARTESIAN_POINT('',(2.802872513489,3.991945985133));
#4602 = CARTESIAN_POINT('',(2.896567056576,3.996443203273));
#4603 = CARTESIAN_POINT('',(2.99270118862,3.999714522946));
#4604 = CARTESIAN_POINT('',(3.090107195615,4.00130964418));
#4605 = CARTESIAN_POINT('',(3.187787283961,4.001048238171));
#4606 = CARTESIAN_POINT('',(3.284702938057,3.99907003855));
#4607 = CARTESIAN_POINT('',(3.485222012533,3.992008161878));
#4608 = CARTESIAN_POINT('',(3.586890027398,3.9866488803));
#4609 = CARTESIAN_POINT('',(3.685048512653,3.980145436674));
#4610 = CARTESIAN_POINT('',(3.779948375417,3.973043572714));
#4611 = CARTESIAN_POINT('',(3.87173771162,3.965830412779));
#4612 = CARTESIAN_POINT('',(3.960444541812,3.95889187913));
#4613 = CARTESIAN_POINT('',(4.147740525547,3.94489407765));
#4614 = CARTESIAN_POINT('',(4.246082011102,3.937981415963));
#4615 = CARTESIAN_POINT('',(4.341847190323,3.932160327082));
#4616 = CARTESIAN_POINT('',(4.435707742364,3.927666826641));
#4617 = CARTESIAN_POINT('',(4.528320440778,3.924627604472));
#4618 = CARTESIAN_POINT('',(4.620315334389,3.923105767657));
#4619 = CARTESIAN_POINT('',(4.785631320987,3.923105767657));
#4620 = CARTESIAN_POINT('',(4.858849553043,3.924068809427));
#4621 = CARTESIAN_POINT('',(4.932372435104,3.925993573176));
#4622 = CARTESIAN_POINT('',(5.006520381826,3.928854593589));
#4623 = CARTESIAN_POINT('',(5.081610488686,3.932599687297));
#4624 = CARTESIAN_POINT('',(5.157974219391,3.937140640384));
#4625 = CARTESIAN_POINT('',(5.322284229644,3.948085401528));
#4626 = CARTESIAN_POINT('',(5.410955084829,3.954659489422));
#4627 = CARTESIAN_POINT('',(5.502308843825,3.96186643634));
#4628 = CARTESIAN_POINT('',(5.59667167582,3.969412382436));
#4629 = CARTESIAN_POINT('',(5.694450331624,3.976887672431));
#4630 = CARTESIAN_POINT('',(5.796121715606,3.983746831785));
#4631 = CARTESIAN_POINT('',(5.954632534877,3.992154602147));
#4632 = CARTESIAN_POINT('',(6.007938872272,3.994627944039));
#4633 = CARTESIAN_POINT('',(6.062075925675,3.996714849441));
#4634 = CARTESIAN_POINT('',(6.116844942511,3.998339747198));
#4635 = CARTESIAN_POINT('',(6.172066801104,3.999445684296));
#4636 = CARTESIAN_POINT('',(6.227571109981,4.));
#4637 = CARTESIAN_POINT('',(6.28318530718,4.));
#4638 = ( GEOMETRIC_REPRESENTATION_CONTEXT(2) 
PARAMETRIC_REPRESENTATION_CONTEXT() REPRESENTATION_CONTEXT('2D SPACE',''
  ) );
#4639 = PCURVE('',#2631,#4640);
#4640 = DEFINITIONAL_REPRESENTATION('',(#4641),#4704);
#4641 = B_SPLINE_CURVE_WITH_KNOTS('',7,(#4642,#4643,#4644,#4645,#4646,
    #4647,#4648,#4649,#4650,#4651,#4652,#4653,#4654,#4655,#4656,#4657,
    #4658,#4659,#4660,#4661,#4662,#4663,#4664,#4665,#4666,#4667,#4668,
    #4669,#4670,#4671,#4672,#4673,#4674,#4675,#4676,#4677,#4678,#4679,
    #4680,#4681,#4682,#4683,#4684,#4685,#4686,#4687,#4688,#4689,#4690,
    #4691,#4692,#4693,#4694,#4695,#4696,#4697,#4698,#4699,#4700,#4701,
    #4702,#4703),.UNSPECIFIED.,.T.,.F.,(1,7,6,6,6,6,6,6,6,6,6,7,1),(
    -5.1294160273E-02,0.,8.234485110418E-02,0.180750757461,
    0.344501865245,0.442272965512,0.531818770139,0.631500502764,
    0.750063794437,0.844378002349,0.948705839727,1.,1.082344851104),
  .UNSPECIFIED.);
#4642 = CARTESIAN_POINT('',(3.008947630438,24.7));
#4643 = CARTESIAN_POINT('',(3.013122397221,24.7));
#4644 = CARTESIAN_POINT('',(3.017255211386,24.730929699245));
#4645 = CARTESIAN_POINT('',(3.021275960223,24.791670822761));
#4646 = CARTESIAN_POINT('',(3.025118318939,24.879823477393));
#4647 = CARTESIAN_POINT('',(3.028724214537,24.991786678191));
#4648 = CARTESIAN_POINT('',(3.032047596493,25.122823003712));
#4649 = CARTESIAN_POINT('',(3.038654505146,25.43953388484));
#4650 = CARTESIAN_POINT('',(3.041849483913,25.633068991563));
#4651 = CARTESIAN_POINT('',(3.044650187883,25.842525600656));
#4652 = CARTESIAN_POINT('',(3.047070624412,26.063973124918));
#4653 = CARTESIAN_POINT('',(3.049126704533,26.294403912747));
#4654 = CARTESIAN_POINT('',(3.050833191798,26.531501957946));
#4655 = CARTESIAN_POINT('',(3.054479658134,27.176230811115));
#4656 = CARTESIAN_POINT('',(3.055821931899,27.592506725843));
#4657 = CARTESIAN_POINT('',(3.056285293697,28.014533865536));
#4658 = CARTESIAN_POINT('',(3.055890199695,28.437300607315));
#4659 = CARTESIAN_POINT('',(3.054625169512,28.855664476111));
#4660 = CARTESIAN_POINT('',(3.052448712615,29.263388147561));
#4661 = CARTESIAN_POINT('',(3.047413096508,29.880834873124));
#4662 = CARTESIAN_POINT('',(3.045176729987,30.104835209904));
#4663 = CARTESIAN_POINT('',(3.042572503668,30.319251852147));
#4664 = CARTESIAN_POINT('',(3.039587867535,30.520714683654));
#4665 = CARTESIAN_POINT('',(3.036213617206,30.705139995262));
#4666 = CARTESIAN_POINT('',(3.032447053084,30.867555007769));
#4667 = CARTESIAN_POINT('',(3.02449749616,31.124723599904));
#4668 = CARTESIAN_POINT('',(3.020345824061,31.225002963125));
#4669 = CARTESIAN_POINT('',(3.015930202968,31.294299932125));
#4670 = CARTESIAN_POINT('',(3.011361637476,31.327454687545));
#4671 = CARTESIAN_POINT('',(3.006763983718,31.322516068752));
#4672 = CARTESIAN_POINT('',(3.002261754461,31.280802366944));
#4673 = CARTESIAN_POINT('',(2.99318484451,31.124797627236));
#4674 = CARTESIAN_POINT('',(2.988725293872,31.003953701819));
#4675 = CARTESIAN_POINT('',(2.984634974332,30.851225765164));
#4676 = CARTESIAN_POINT('',(2.980941933763,30.672811091483));
#4677 = CARTESIAN_POINT('',(2.977660254057,30.474516136748));
#4678 = CARTESIAN_POINT('',(2.974791940749,30.261828850032));
#4679 = CARTESIAN_POINT('',(2.969395666563,29.775987710796));
#4680 = CARTESIAN_POINT('',(2.967004450551,29.496253545441));
#4681 = CARTESIAN_POINT('',(2.965126053584,29.20599339553));
#4682 = CARTESIAN_POINT('',(2.963735628258,28.908839551463));
#4683 = CARTESIAN_POINT('',(2.962814661461,28.607426543206));
#4684 = CARTESIAN_POINT('',(2.962353496919,28.303843031787));
#4685 = CARTESIAN_POINT('',(2.962353496919,27.758300276011));
#4686 = CARTESIAN_POINT('',(2.962645322426,27.516680936083));
#4687 = CARTESIAN_POINT('',(2.963228603294,27.276170414048));
#4688 = CARTESIAN_POINT('',(2.964107056804,27.037832612131));
#4689 = CARTESIAN_POINT('',(2.965287903698,26.802907144437));
#4690 = CARTESIAN_POINT('',(2.966781270712,26.572953624942));
#4691 = CARTESIAN_POINT('',(2.97061094392,26.103374703125));
#4692 = CARTESIAN_POINT('',(2.973028202793,25.864298628639));
#4693 = CARTESIAN_POINT('',(2.975868706688,25.63631484053));
#4694 = CARTESIAN_POINT('',(2.979146635042,25.423741388938));
#4695 = CARTESIAN_POINT('',(2.982870739418,25.231776113059));
#4696 = CARTESIAN_POINT('',(2.987040085857,25.066717731593));
#4697 = CARTESIAN_POINT('',(2.993895255546,24.872306414475));
#4698 = CARTESIAN_POINT('',(2.996255645198,24.816683363748));
#4699 = CARTESIAN_POINT('',(2.998700955218,24.770796452253));
#4700 = CARTESIAN_POINT('',(3.001213009023,24.735638578333));
#4701 = CARTESIAN_POINT('',(3.003772031544,24.711907903391));
#4702 = CARTESIAN_POINT('',(3.006357272629,24.7));
#4703 = CARTESIAN_POINT('',(3.008947630438,24.7));
#4704 = ( GEOMETRIC_REPRESENTATION_CONTEXT(2) 
PARAMETRIC_REPRESENTATION_CONTEXT() REPRESENTATION_CONTEXT('2D SPACE',''
  ) );
#4705 = ORIENTED_EDGE('',*,*,#4485,.T.);
#4706 = ADVANCED_FACE('',(#4707),#2123,.F.);
#4707 = FACE_BOUND('',#4708,.F.);
#4708 = EDGE_LOOP('',(#4709,#4710,#4733,#4931));
#4709 = ORIENTED_EDGE('',*,*,#1989,.F.);
#4710 = ORIENTED_EDGE('',*,*,#4711,.F.);
#4711 = EDGE_CURVE('',#4712,#1990,#4714,.T.);
#4712 = VERTEX_POINT('',#4713);
#4713 = CARTESIAN_POINT('',(-43.2287848624,-56.13372123171,115.7));
#4714 = SEAM_CURVE('',#4715,(#4719,#4726),.PCURVE_S1.);
#4715 = LINE('',#4716,#4717);
#4716 = CARTESIAN_POINT('',(-40.7882042068,-52.96456265829,115.7));
#4717 = VECTOR('',#4718,1.);
#4718 = DIRECTION('',(-0.610145163901,-0.792289643355,2.220446049251E-16
    ));
#4719 = PCURVE('',#2123,#4720);
#4720 = DEFINITIONAL_REPRESENTATION('',(#4721),#4725);
#4721 = LINE('',#4722,#4723);
#4722 = CARTESIAN_POINT('',(0.,-0.));
#4723 = VECTOR('',#4724,1.);
#4724 = DIRECTION('',(0.,1.));
#4725 = ( GEOMETRIC_REPRESENTATION_CONTEXT(2) 
PARAMETRIC_REPRESENTATION_CONTEXT() REPRESENTATION_CONTEXT('2D SPACE',''
  ) );
#4726 = PCURVE('',#2123,#4727);
#4727 = DEFINITIONAL_REPRESENTATION('',(#4728),#4732);
#4728 = LINE('',#4729,#4730);
#4729 = CARTESIAN_POINT('',(6.28318530718,-0.));
#4730 = VECTOR('',#4731,1.);
#4731 = DIRECTION('',(0.,1.));
#4732 = ( GEOMETRIC_REPRESENTATION_CONTEXT(2) 
PARAMETRIC_REPRESENTATION_CONTEXT() REPRESENTATION_CONTEXT('2D SPACE',''
  ) );
#4733 = ORIENTED_EDGE('',*,*,#4734,.T.);
#4734 = EDGE_CURVE('',#4712,#4712,#4735,.T.);
#4735 = SURFACE_CURVE('',#4736,(#4799,#4865),.PCURVE_S1.);
#4736 = B_SPLINE_CURVE_WITH_KNOTS('',7,(#4737,#4738,#4739,#4740,#4741,
    #4742,#4743,#4744,#4745,#4746,#4747,#4748,#4749,#4750,#4751,#4752,
    #4753,#4754,#4755,#4756,#4757,#4758,#4759,#4760,#4761,#4762,#4763,
    #4764,#4765,#4766,#4767,#4768,#4769,#4770,#4771,#4772,#4773,#4774,
    #4775,#4776,#4777,#4778,#4779,#4780,#4781,#4782,#4783,#4784,#4785,
    #4786,#4787,#4788,#4789,#4790,#4791,#4792,#4793,#4794,#4795,#4796,
    #4797,#4798),.UNSPECIFIED.,.T.,.F.,(1,7,6,6,6,6,6,6,6,6,6,7,1),(
    -5.1294159111E-02,0.,8.234485459901E-02,0.180750765102,
    0.344501879784,0.442272980233,0.531818781468,0.631500511076,
    0.750063800079,0.844378005867,0.948705840889,1.,1.082344854599),
  .UNSPECIFIED.);
#4737 = CARTESIAN_POINT('',(-43.2287848624,-56.13372123171,115.7));
#4738 = CARTESIAN_POINT('',(-42.99443966768,-56.31419132676,115.7));
#4739 = CARTESIAN_POINT('',(-42.76157065802,-56.49170674275,
    115.73092969922));
#4740 = CARTESIAN_POINT('',(-42.53415078484,-56.66327125286,
    115.79167082276));
#4741 = CARTESIAN_POINT('',(-42.31603192091,-56.82617219439,
    115.87982347742));
#4742 = CARTESIAN_POINT('',(-42.11066877613,-56.97814716351,
    115.9917866782));
#4743 = CARTESIAN_POINT('',(-41.9208693885,-57.11749895096,
    116.12282300366));
#4744 = CARTESIAN_POINT('',(-41.54266906781,-57.39332795384,
    116.43953388483));
#4745 = CARTESIAN_POINT('',(-41.3591480746,-57.52584950016,
    116.63306899156));
#4746 = CARTESIAN_POINT('',(-41.19782495978,-57.64139191149,
    116.84252560065));
#4747 = CARTESIAN_POINT('',(-41.05809891332,-57.740815653,
    117.06397312491));
#4748 = CARTESIAN_POINT('',(-40.93920608149,-57.82498995711,
    117.29440391274));
#4749 = CARTESIAN_POINT('',(-40.84040332258,-57.89467472158,
    117.53150195794));
#4750 = CARTESIAN_POINT('',(-40.62908889386,-58.04330863565,
    118.17623081111));
#4751 = CARTESIAN_POINT('',(-40.55105684364,-58.09767045189,
    118.59250672584));
#4752 = CARTESIAN_POINT('',(-40.52407697295,-58.11637367493,
    119.01453386553));
#4753 = CARTESIAN_POINT('',(-40.54706572688,-58.10040223768,
    119.43730060731));
#4754 = CARTESIAN_POINT('',(-40.62064203822,-58.04922119729,
    119.85566447611));
#4755 = CARTESIAN_POINT('',(-40.74698504473,-57.96081101805,
    120.26338814756));
#4756 = CARTESIAN_POINT('',(-41.03820358025,-57.75470662578,
    120.88083486382));
#4757 = CARTESIAN_POINT('',(-41.16736735677,-57.66293449657,
    121.10483523328));
#4758 = CARTESIAN_POINT('',(-41.31752081421,-57.55570575568,
    121.31925183199));
#4759 = CARTESIAN_POINT('',(-41.48923336129,-57.43228949335,
    121.52071468304));
#4760 = CARTESIAN_POINT('',(-41.6828343863,-57.29203001661,
    121.70514000631));
#4761 = CARTESIAN_POINT('',(-41.89822283731,-57.13447161507,
    121.86755500244));
#4762 = CARTESIAN_POINT('',(-42.35102676318,-56.79952047429,
    122.12472359989));
#4763 = CARTESIAN_POINT('',(-42.58679411518,-56.62363140056,
    122.22500296313));
#4764 = CARTESIAN_POINT('',(-42.83664685854,-56.43534782949,
    122.29429993212));
#4765 = CARTESIAN_POINT('',(-43.09407460773,-56.23911508016,
    122.32745468754));
#4766 = CARTESIAN_POINT('',(-43.35200486625,-56.04015210343,
    122.32251606875));
#4767 = CARTESIAN_POINT('',(-43.6035226981,-55.84396048378,
    122.28080236694));
#4768 = CARTESIAN_POINT('',(-44.10870394247,-55.44600530099,
    122.12479762661));
#4769 = CARTESIAN_POINT('',(-44.35573363532,-55.24900253157,
    122.00395370288));
#4770 = CARTESIAN_POINT('',(-44.58131767993,-55.06707101352,
    121.85122576615));
#4771 = CARTESIAN_POINT('',(-44.7842153676,-54.90185503717,
    121.67281108715));
#4772 = CARTESIAN_POINT('',(-44.96394003772,-54.75434421335,
    121.4745161412));
#4773 = CARTESIAN_POINT('',(-45.12062224206,-54.6249251001,
    121.26182884831));
#4774 = CARTESIAN_POINT('',(-45.41479141246,-54.3807168112,
    120.77598771079));
#4775 = CARTESIAN_POINT('',(-45.54469093767,-54.27195579241,
    120.49625354544));
#4776 = CARTESIAN_POINT('',(-45.64648010649,-54.18622040694,
    120.20599339553));
#4777 = CARTESIAN_POINT('',(-45.72170698336,-54.12261637529,
    119.90883955146));
#4778 = CARTESIAN_POINT('',(-45.77149379498,-54.08043936997,
    119.6074265432));
#4779 = CARTESIAN_POINT('',(-45.79642404148,-54.05931968692,
    119.30384303178));
#4780 = CARTESIAN_POINT('',(-45.79642404148,-54.05931968692,
    118.75830027601));
#4781 = CARTESIAN_POINT('',(-45.78064816663,-54.07268426338,
    118.51668093608));
#4782 = CARTESIAN_POINT('',(-45.74911635188,-54.09939639852,
    118.27617041404));
#4783 = CARTESIAN_POINT('',(-45.70160325176,-54.13959749031,
    118.03783261213));
#4784 = CARTESIAN_POINT('',(-45.63766930822,-54.19356017999,
    117.80290714443));
#4785 = CARTESIAN_POINT('',(-45.55668866371,-54.2616551023,
    117.57295362494));
#4786 = CARTESIAN_POINT('',(-45.34856770975,-54.43574390412,
    117.10337470314));
#4787 = CARTESIAN_POINT('',(-45.21698887227,-54.54537083157,
    116.86429862863));
#4788 = CARTESIAN_POINT('',(-45.06203946327,-54.67379429428,
    116.63631484051));
#4789 = CARTESIAN_POINT('',(-44.88273640158,-54.82140046715,
    116.42374138893));
#4790 = CARTESIAN_POINT('',(-44.67832971237,-54.98824985613,
    116.23177611306));
#4791 = CARTESIAN_POINT('',(-44.44853287461,-55.17387463341,
    116.0667177316));
#4792 = CARTESIAN_POINT('',(-44.06891431278,-55.47683227271,
    115.87230641447));
#4793 = CARTESIAN_POINT('',(-43.9379400376,-55.58081780777,
    115.81668336374));
#4794 = CARTESIAN_POINT('',(-43.80195809222,-55.68817202156,
    115.77079645225));
#4795 = CARTESIAN_POINT('',(-43.66194334686,-55.79804877969,
    115.73563857833));
#4796 = CARTESIAN_POINT('',(-43.51897228783,-55.90954719202,
    115.71190790339));
#4797 = CARTESIAN_POINT('',(-43.37419128553,-56.02174321128,115.7));
#4798 = CARTESIAN_POINT('',(-43.2287848624,-56.13372123171,115.7));
#4799 = PCURVE('',#2123,#4800);
#4800 = DEFINITIONAL_REPRESENTATION('',(#4801),#4864);
#4801 = B_SPLINE_CURVE_WITH_KNOTS('',7,(#4802,#4803,#4804,#4805,#4806,
    #4807,#4808,#4809,#4810,#4811,#4812,#4813,#4814,#4815,#4816,#4817,
    #4818,#4819,#4820,#4821,#4822,#4823,#4824,#4825,#4826,#4827,#4828,
    #4829,#4830,#4831,#4832,#4833,#4834,#4835,#4836,#4837,#4838,#4839,
    #4840,#4841,#4842,#4843,#4844,#4845,#4846,#4847,#4848,#4849,#4850,
    #4851,#4852,#4853,#4854,#4855,#4856,#4857,#4858,#4859,#4860,#4861,
    #4862,#4863),.UNSPECIFIED.,.F.,.F.,(8,6,6,6,6,6,6,6,6,6,8),(0.,
    8.234485459901E-02,0.180750765102,0.344501879784,0.442272980233,
    0.531818781468,0.631500511076,0.750063800079,0.844378005867,
    0.948705840889,1.),.UNSPECIFIED.);
#4802 = CARTESIAN_POINT('',(0.,4.));
#4803 = CARTESIAN_POINT('',(8.963097771931E-02,4.));
#4804 = CARTESIAN_POINT('',(0.178361138103,3.998559725553));
#4805 = CARTESIAN_POINT('',(0.265859409222,3.995729374295));
#4806 = CARTESIAN_POINT('',(0.351767340713,3.991709933175));
#4807 = CARTESIAN_POINT('',(0.435661882197,3.986816797622));
#4808 = CARTESIAN_POINT('',(0.516993353783,3.981418597135));
#4809 = CARTESIAN_POINT('',(0.68821849669,3.969197962793));
#4810 = CARTESIAN_POINT('',(0.777872082895,3.962218964986));
#4811 = CARTESIAN_POINT('',(0.864535966287,3.955331502515));
#4812 = CARTESIAN_POINT('',(0.948672940314,3.948850731703));
#4813 = CARTESIAN_POINT('',(1.030694823804,3.942999274719));
#4814 = CARTESIAN_POINT('',(1.111001650517,3.937925766375));
#4815 = CARTESIAN_POINT('',(1.321448794155,3.926754400404));
#4816 = CARTESIAN_POINT('',(1.449255704206,3.922213826332));
#4817 = CARTESIAN_POINT('',(1.575383447696,3.920570558624));
#4818 = CARTESIAN_POINT('',(1.701378974813,3.921943031334));
#4819 = CARTESIAN_POINT('',(1.828776082269,3.926285053639));
#4820 = CARTESIAN_POINT('',(1.959116037497,3.933326158673));
#4821 = CARTESIAN_POINT('',(2.175166357405,3.947717364314));
#4822 = CARTESIAN_POINT('',(2.257940416911,3.953815910388));
#4823 = CARTESIAN_POINT('',(2.343009271539,3.96047509541));
#4824 = CARTESIAN_POINT('',(2.430674892301,3.96746324913));
#4825 = CARTESIAN_POINT('',(2.521294015664,3.97446184746));
#4826 = CARTESIAN_POINT('',(2.615277276004,3.98104817944));
#4827 = CARTESIAN_POINT('',(2.802872513485,3.991945985133));
#4828 = CARTESIAN_POINT('',(2.89656705658,3.996443203273));
#4829 = CARTESIAN_POINT('',(2.992701188624,3.999714522946));
#4830 = CARTESIAN_POINT('',(3.090107195611,4.00130964418));
#4831 = CARTESIAN_POINT('',(3.187787283957,4.001048238171));
#4832 = CARTESIAN_POINT('',(3.284702938061,3.99907003855));
#4833 = CARTESIAN_POINT('',(3.485222013332,3.99200816185));
#4834 = CARTESIAN_POINT('',(3.586890025528,3.98664888036));
#4835 = CARTESIAN_POINT('',(3.685048513913,3.980145436672));
#4836 = CARTESIAN_POINT('',(3.779948376173,3.973043572602));
#4837 = CARTESIAN_POINT('',(3.871737710116,3.965830412907));
#4838 = CARTESIAN_POINT('',(3.960444542476,3.95889187908));
#4839 = CARTESIAN_POINT('',(4.147740525547,3.94489407765));
#4840 = CARTESIAN_POINT('',(4.246082011103,3.937981415963));
#4841 = CARTESIAN_POINT('',(4.341847190322,3.932160327082));
#4842 = CARTESIAN_POINT('',(4.435707742365,3.927666826641));
#4843 = CARTESIAN_POINT('',(4.528320440777,3.924627604472));
#4844 = CARTESIAN_POINT('',(4.620315334389,3.923105767657));
#4845 = CARTESIAN_POINT('',(4.785631320987,3.923105767657));
#4846 = CARTESIAN_POINT('',(4.858849553043,3.924068809427));
#4847 = CARTESIAN_POINT('',(4.932372435104,3.925993573176));
#4848 = CARTESIAN_POINT('',(5.006520381826,3.928854593589));
#4849 = CARTESIAN_POINT('',(5.081610488686,3.932599687297));
#4850 = CARTESIAN_POINT('',(5.157974219391,3.937140640384));
#4851 = CARTESIAN_POINT('',(5.322284229637,3.948085401527));
#4852 = CARTESIAN_POINT('',(5.410955084828,3.954659489422));
#4853 = CARTESIAN_POINT('',(5.502308843831,3.96186643634));
#4854 = CARTESIAN_POINT('',(5.596671675825,3.969412382436));
#4855 = CARTESIAN_POINT('',(5.694450331622,3.976887672431));
#4856 = CARTESIAN_POINT('',(5.7961217156,3.983746831785));
#4857 = CARTESIAN_POINT('',(5.954632534877,3.992154602147));
#4858 = CARTESIAN_POINT('',(6.007938872272,3.994627944039));
#4859 = CARTESIAN_POINT('',(6.062075925675,3.996714849441));
#4860 = CARTESIAN_POINT('',(6.116844942511,3.998339747198));
#4861 = CARTESIAN_POINT('',(6.172066801104,3.999445684296));
#4862 = CARTESIAN_POINT('',(6.227571109981,4.));
#4863 = CARTESIAN_POINT('',(6.28318530718,4.));
#4864 = ( GEOMETRIC_REPRESENTATION_CONTEXT(2) 
PARAMETRIC_REPRESENTATION_CONTEXT() REPRESENTATION_CONTEXT('2D SPACE',''
  ) );
#4865 = PCURVE('',#2631,#4866);
#4866 = DEFINITIONAL_REPRESENTATION('',(#4867),#4930);
#4867 = B_SPLINE_CURVE_WITH_KNOTS('',7,(#4868,#4869,#4870,#4871,#4872,
    #4873,#4874,#4875,#4876,#4877,#4878,#4879,#4880,#4881,#4882,#4883,
    #4884,#4885,#4886,#4887,#4888,#4889,#4890,#4891,#4892,#4893,#4894,
    #4895,#4896,#4897,#4898,#4899,#4900,#4901,#4902,#4903,#4904,#4905,
    #4906,#4907,#4908,#4909,#4910,#4911,#4912,#4913,#4914,#4915,#4916,
    #4917,#4918,#4919,#4920,#4921,#4922,#4923,#4924,#4925,#4926,#4927,
    #4928,#4929),.UNSPECIFIED.,.T.,.F.,(1,7,6,6,6,6,6,6,6,6,6,7,1),(
    -5.1294159111E-02,0.,8.234485459901E-02,0.180750765102,
    0.344501879784,0.442272980233,0.531818781468,0.631500511076,
    0.750063800079,0.844378005867,0.948705840889,1.,1.082344854599),
  .UNSPECIFIED.);
#4868 = CARTESIAN_POINT('',(4.056145181635,24.7));
#4869 = CARTESIAN_POINT('',(4.060319948416,24.7));
#4870 = CARTESIAN_POINT('',(4.064452762582,24.730929699229));
#4871 = CARTESIAN_POINT('',(4.068473511421,24.791670822768));
#4872 = CARTESIAN_POINT('',(4.072315870136,24.879823477425));
#4873 = CARTESIAN_POINT('',(4.075921765733,24.991786678202));
#4874 = CARTESIAN_POINT('',(4.079245147689,25.122823003667));
#4875 = CARTESIAN_POINT('',(4.085852056343,25.439533884839));
#4876 = CARTESIAN_POINT('',(4.08904703511,25.633068991563));
#4877 = CARTESIAN_POINT('',(4.09184773908,25.842525600656));
#4878 = CARTESIAN_POINT('',(4.094268175609,26.063973124918));
#4879 = CARTESIAN_POINT('',(4.09632425573,26.294403912747));
#4880 = CARTESIAN_POINT('',(4.098030742995,26.531501957947));
#4881 = CARTESIAN_POINT('',(4.101677209331,27.176230811114));
#4882 = CARTESIAN_POINT('',(4.103019483095,27.592506725847));
#4883 = CARTESIAN_POINT('',(4.103482844894,28.014533865533));
#4884 = CARTESIAN_POINT('',(4.103087750892,28.437300607315));
#4885 = CARTESIAN_POINT('',(4.101822720708,28.855664476112));
#4886 = CARTESIAN_POINT('',(4.099646263811,29.26338814756));
#4887 = CARTESIAN_POINT('',(4.09461064778,29.880834863829));
#4888 = CARTESIAN_POINT('',(4.092374281035,30.10483523328));
#4889 = CARTESIAN_POINT('',(4.089770054835,30.319251831994));
#4890 = CARTESIAN_POINT('',(4.086785419096,30.520714683046));
#4891 = CARTESIAN_POINT('',(4.083411167992,30.70514000631));
#4892 = CARTESIAN_POINT('',(4.079644604446,30.867555002441));
#4893 = CARTESIAN_POINT('',(4.071695047357,31.124723599898));
#4894 = CARTESIAN_POINT('',(4.067543375257,31.225002963134));
#4895 = CARTESIAN_POINT('',(4.063127754164,31.294299932122));
#4896 = CARTESIAN_POINT('',(4.058559188673,31.32745468754));
#4897 = CARTESIAN_POINT('',(4.053961534914,31.322516068759));
#4898 = CARTESIAN_POINT('',(4.049459305658,31.280802366941));
#4899 = CARTESIAN_POINT('',(4.040382395671,31.124797626614));
#4900 = CARTESIAN_POINT('',(4.035922845158,31.003953702888));
#4901 = CARTESIAN_POINT('',(4.031832525454,30.851225766157));
#4902 = CARTESIAN_POINT('',(4.028139484958,30.672811087159));
#4903 = CARTESIAN_POINT('',(4.024857805293,30.4745161412));
#4904 = CARTESIAN_POINT('',(4.021989491927,30.261828848312));
#4905 = CARTESIAN_POINT('',(4.01659321776,29.775987710796));
#4906 = CARTESIAN_POINT('',(4.014202001747,29.496253545441));
#4907 = CARTESIAN_POINT('',(4.012323604781,29.205993395531));
#4908 = CARTESIAN_POINT('',(4.010933179454,28.908839551462));
#4909 = CARTESIAN_POINT('',(4.010012212657,28.607426543206));
#4910 = CARTESIAN_POINT('',(4.009551048116,28.303843031786));
#4911 = CARTESIAN_POINT('',(4.009551048116,27.758300276011));
#4912 = CARTESIAN_POINT('',(4.009842873623,27.516680936083));
#4913 = CARTESIAN_POINT('',(4.010426154491,27.276170414047));
#4914 = CARTESIAN_POINT('',(4.011304608,27.037832612131));
#4915 = CARTESIAN_POINT('',(4.012485454895,26.802907144437));
#4916 = CARTESIAN_POINT('',(4.013978821909,26.572953624941));
#4917 = CARTESIAN_POINT('',(4.017808495116,26.103374703144));
#4918 = CARTESIAN_POINT('',(4.02022575399,25.864298628637));
#4919 = CARTESIAN_POINT('',(4.023066257885,25.636314840515));
#4920 = CARTESIAN_POINT('',(4.026344186239,25.42374138893));
#4921 = CARTESIAN_POINT('',(4.030068290614,25.231776113066));
#4922 = CARTESIAN_POINT('',(4.034237637054,25.066717731601));
#4923 = CARTESIAN_POINT('',(4.041092806743,24.872306414475));
#4924 = CARTESIAN_POINT('',(4.043453196395,24.816683363748));
#4925 = CARTESIAN_POINT('',(4.045898506415,24.770796452253));
#4926 = CARTESIAN_POINT('',(4.04841056022,24.735638578333));
#4927 = CARTESIAN_POINT('',(4.050969582741,24.711907903391));
#4928 = CARTESIAN_POINT('',(4.053554823826,24.7));
#4929 = CARTESIAN_POINT('',(4.056145181635,24.7));
#4930 = ( GEOMETRIC_REPRESENTATION_CONTEXT(2) 
PARAMETRIC_REPRESENTATION_CONTEXT() REPRESENTATION_CONTEXT('2D SPACE',''
  ) );
#4931 = ORIENTED_EDGE('',*,*,#4711,.T.);
#4932 = ADVANCED_FACE('',(#4933),#2330,.F.);
#4933 = FACE_BOUND('',#4934,.F.);
#4934 = EDGE_LOOP('',(#4935,#4936,#4959,#5157));
#4935 = ORIENTED_EDGE('',*,*,#2196,.F.);
#4936 = ORIENTED_EDGE('',*,*,#4937,.F.);
#4937 = EDGE_CURVE('',#4938,#2197,#4940,.T.);
#4938 = VERTEX_POINT('',#4939);
#4939 = CARTESIAN_POINT('',(26.998836164417,-65.50408648143,115.7));
#4940 = SEAM_CURVE('',#4941,(#4945,#4952),.PCURVE_S1.);
#4941 = LINE('',#4942,#4943);
#4942 = CARTESIAN_POINT('',(25.474554659016,-61.80590234698,115.7));
#4943 = VECTOR('',#4944,1.);
#4944 = DIRECTION('',(0.38107037635,-0.924546033612,2.220446049251E-16)
  );
#4945 = PCURVE('',#2330,#4946);
#4946 = DEFINITIONAL_REPRESENTATION('',(#4947),#4951);
#4947 = LINE('',#4948,#4949);
#4948 = CARTESIAN_POINT('',(0.,-0.));
#4949 = VECTOR('',#4950,1.);
#4950 = DIRECTION('',(0.,1.));
#4951 = ( GEOMETRIC_REPRESENTATION_CONTEXT(2) 
PARAMETRIC_REPRESENTATION_CONTEXT() REPRESENTATION_CONTEXT('2D SPACE',''
  ) );
#4952 = PCURVE('',#2330,#4953);
#4953 = DEFINITIONAL_REPRESENTATION('',(#4954),#4958);
#4954 = LINE('',#4955,#4956);
#4955 = CARTESIAN_POINT('',(6.28318530718,-0.));
#4956 = VECTOR('',#4957,1.);
#4957 = DIRECTION('',(0.,1.));
#4958 = ( GEOMETRIC_REPRESENTATION_CONTEXT(2) 
PARAMETRIC_REPRESENTATION_CONTEXT() REPRESENTATION_CONTEXT('2D SPACE',''
  ) );
#4959 = ORIENTED_EDGE('',*,*,#4960,.T.);
#4960 = EDGE_CURVE('',#4938,#4938,#4961,.T.);
#4961 = SURFACE_CURVE('',#4962,(#5025,#5091),.PCURVE_S1.);
#4962 = B_SPLINE_CURVE_WITH_KNOTS('',7,(#4963,#4964,#4965,#4966,#4967,
    #4968,#4969,#4970,#4971,#4972,#4973,#4974,#4975,#4976,#4977,#4978,
    #4979,#4980,#4981,#4982,#4983,#4984,#4985,#4986,#4987,#4988,#4989,
    #4990,#4991,#4992,#4993,#4994,#4995,#4996,#4997,#4998,#4999,#5000,
    #5001,#5002,#5003,#5004,#5005,#5006,#5007,#5008,#5009,#5010,#5011,
    #5012,#5013,#5014,#5015,#5016,#5017,#5018,#5019,#5020,#5021,#5022,
    #5023,#5024),.UNSPECIFIED.,.T.,.F.,(1,7,6,6,6,6,6,6,6,6,6,7,1),(
    -5.1294162517E-02,0.,8.234485477982E-02,0.180750766445,0.34450188306
    ,0.442272984722,0.531818787115,0.631500514293,0.750063798935,
    0.844378003649,0.948705837483,1.,1.08234485478),.UNSPECIFIED.);
#4963 = CARTESIAN_POINT('',(26.998836164417,-65.50408648143,115.7));
#4964 = CARTESIAN_POINT('',(27.272300451361,-65.39137263598,115.7));
#4965 = CARTESIAN_POINT('',(27.542467808017,-65.27845986918,
    115.73092969828));
#4966 = CARTESIAN_POINT('',(27.804756976718,-65.16729073336,
    115.79167082416));
#4967 = CARTESIAN_POINT('',(28.054892762902,-65.05984472673,
    115.87982347782));
#4968 = CARTESIAN_POINT('',(28.289188511437,-64.95798251425,
    115.99178667605));
#4969 = CARTESIAN_POINT('',(28.504770399788,-64.86328731382,
    116.12282300505));
#4970 = CARTESIAN_POINT('',(28.932745481853,-64.67367073065,
    116.43953388483));
#4971 = CARTESIAN_POINT('',(29.139273004123,-64.58099766157,
    116.63306899156));
#4972 = CARTESIAN_POINT('',(29.319997224957,-64.49905895158,
    116.84252560065));
#4973 = CARTESIAN_POINT('',(29.475963734072,-64.42776451653,
    117.06397312491));
#4974 = CARTESIAN_POINT('',(29.608307235691,-64.36688745589,
    117.29440391274));
#4975 = CARTESIAN_POINT('',(29.718057391435,-64.31616413894,
    117.53150195794));
#4976 = CARTESIAN_POINT('',(29.952435351249,-64.20747743252,
    118.17623081111));
#4977 = CARTESIAN_POINT('',(30.03853009021,-64.16708060285,
    118.59250672584));
#4978 = CARTESIAN_POINT('',(30.068217491852,-64.15306696096,
    119.01453386553));
#4979 = CARTESIAN_POINT('',(30.042891444481,-64.16499008724,
    119.43730060731));
#4980 = CARTESIAN_POINT('',(29.961779207645,-64.20311852178,
    119.85566447611));
#4981 = CARTESIAN_POINT('',(29.822042243213,-64.26832968539,
    120.26338814756));
#4982 = CARTESIAN_POINT('',(29.497941335845,-64.4174801391,
    120.88083486396));
#4983 = CARTESIAN_POINT('',(29.353882452376,-64.48345318619,
    121.10483523326));
#4984 = CARTESIAN_POINT('',(29.18594291013,-64.55987552431,
    121.31925183188));
#4985 = CARTESIAN_POINT('',(28.993205018193,-64.64687482106,
    121.52071468298));
#4986 = CARTESIAN_POINT('',(28.774936235613,-64.74440848859,
    121.70514000635));
#4987 = CARTESIAN_POINT('',(28.530792431669,-64.85216115812,
    121.8675550025));
#4988 = CARTESIAN_POINT('',(28.014314271909,-65.07682529042,
    122.1247235999));
#4989 = CARTESIAN_POINT('',(27.744106189841,-65.19306126976,
    122.22500296312));
#4990 = CARTESIAN_POINT('',(27.456121462494,-65.31529830718,
    122.29429993212));
#4991 = CARTESIAN_POINT('',(27.157465041897,-65.44012090296,
    122.32745468754));
#4992 = CARTESIAN_POINT('',(26.856192920377,-65.56401357088,
    122.32251606875));
#4993 = CARTESIAN_POINT('',(26.560527077858,-65.68373859293,
    122.28080236694));
#4994 = CARTESIAN_POINT('',(25.963297169518,-65.922260788,
    122.12479762967));
#4995 = CARTESIAN_POINT('',(25.669172879682,-66.037693409,
    122.00395369761));
#4996 = CARTESIAN_POINT('',(25.39882359399,-66.14208914178,
    121.85122576126));
#4997 = CARTESIAN_POINT('',(25.154293493949,-66.23519571581,
    121.67281110846));
#4998 = CARTESIAN_POINT('',(24.936683024559,-66.31708643821,
    121.47451611926));
#4999 = CARTESIAN_POINT('',(24.746261701741,-66.38806764392,
    121.26182885678));
#5000 = CARTESIAN_POINT('',(24.387686523253,-66.52072147822,
    120.77598770398));
#5001 = CARTESIAN_POINT('',(24.228546973697,-66.57883725085,
    120.49625356079));
#5002 = CARTESIAN_POINT('',(24.103403339415,-66.62412157452,
    120.20599338804));
#5003 = CARTESIAN_POINT('',(24.010707216542,-66.65746793668,
    119.90883953865));
#5004 = CARTESIAN_POINT('',(23.949287443036,-66.67949608123,
    119.60742656168));
#5005 = CARTESIAN_POINT('',(23.918532139438,-66.69052646586,
    119.30384302407));
#5006 = CARTESIAN_POINT('',(23.918532139438,-66.69052646586,
    118.75830027601));
#5007 = CARTESIAN_POINT('',(23.937994139589,-66.68354644571,
    118.51668093608));
#5008 = CARTESIAN_POINT('',(23.976893434585,-66.66959516068,
    118.27617041404));
#5009 = CARTESIAN_POINT('',(24.035465151391,-66.64854815485,
    118.03783261213));
#5010 = CARTESIAN_POINT('',(24.114165183284,-66.62016108043,
    117.80290714443));
#5011 = CARTESIAN_POINT('',(24.213627438129,-66.58407724622,
    117.57295362494));
#5012 = CARTESIAN_POINT('',(24.468453239998,-66.49088361394,
    117.10337470314));
#5013 = CARTESIAN_POINT('',(24.629182362849,-66.43174646181,
    116.86429862863));
#5014 = CARTESIAN_POINT('',(24.817875048497,-66.36176806867,
    116.63631484051));
#5015 = CARTESIAN_POINT('',(25.035357274805,-66.2802901487,
    116.42374138893));
#5016 = CARTESIAN_POINT('',(25.282056428869,-66.18669345763,
    116.23177611306));
#5017 = CARTESIAN_POINT('',(25.557710620446,-66.08049594707,
    116.0667177316));
#5018 = CARTESIAN_POINT('',(26.009888924866,-65.90321544387,
    115.87230640948));
#5019 = CARTESIAN_POINT('',(26.16543015365,-65.84178117133,
    115.81668336593));
#5020 = CARTESIAN_POINT('',(26.32639260507,-65.777694458,115.77079645611
    ));
#5021 = CARTESIAN_POINT('',(26.491556060837,-65.71137650294,
    115.73563857814));
#5022 = CARTESIAN_POINT('',(26.659602050886,-65.64330913888,
    115.71190790048));
#5023 = CARTESIAN_POINT('',(26.829157131663,-65.57402313198,115.7));
#5024 = CARTESIAN_POINT('',(26.998836164417,-65.50408648143,115.7));
#5025 = PCURVE('',#2330,#5026);
#5026 = DEFINITIONAL_REPRESENTATION('',(#5027),#5090);
#5027 = B_SPLINE_CURVE_WITH_KNOTS('',7,(#5028,#5029,#5030,#5031,#5032,
    #5033,#5034,#5035,#5036,#5037,#5038,#5039,#5040,#5041,#5042,#5043,
    #5044,#5045,#5046,#5047,#5048,#5049,#5050,#5051,#5052,#5053,#5054,
    #5055,#5056,#5057,#5058,#5059,#5060,#5061,#5062,#5063,#5064,#5065,
    #5066,#5067,#5068,#5069,#5070,#5071,#5072,#5073,#5074,#5075,#5076,
    #5077,#5078,#5079,#5080,#5081,#5082,#5083,#5084,#5085,#5086,#5087,
    #5088,#5089),.UNSPECIFIED.,.F.,.F.,(8,6,6,6,6,6,6,6,6,6,8),(0.,
    8.234485477982E-02,0.180750766445,0.34450188306,0.442272984722,
    0.531818787115,0.631500514293,0.750063798935,0.844378003649,
    0.948705837483,1.),.UNSPECIFIED.);
#5028 = CARTESIAN_POINT('',(0.,4.));
#5029 = CARTESIAN_POINT('',(8.963097858619E-02,4.));
#5030 = CARTESIAN_POINT('',(0.178361136274,3.998559725591));
#5031 = CARTESIAN_POINT('',(0.265859410213,3.99572937424));
#5032 = CARTESIAN_POINT('',(0.351767341787,3.991709933159));
#5033 = CARTESIAN_POINT('',(0.435661880468,3.986816797706));
#5034 = CARTESIAN_POINT('',(0.516993354532,3.981418597081));
#5035 = CARTESIAN_POINT('',(0.68821849669,3.969197962793));
#5036 = CARTESIAN_POINT('',(0.777872082895,3.962218964986));
#5037 = CARTESIAN_POINT('',(0.864535966287,3.955331502515));
#5038 = CARTESIAN_POINT('',(0.948672940314,3.948850731703));
#5039 = CARTESIAN_POINT('',(1.030694823804,3.942999274719));
#5040 = CARTESIAN_POINT('',(1.111001650517,3.937925766375));
#5041 = CARTESIAN_POINT('',(1.321448794155,3.926754400404));
#5042 = CARTESIAN_POINT('',(1.449255704205,3.922213826332));
#5043 = CARTESIAN_POINT('',(1.575383447697,3.920570558623));
#5044 = CARTESIAN_POINT('',(1.701378974813,3.921943031335));
#5045 = CARTESIAN_POINT('',(1.828776082268,3.926285053639));
#5046 = CARTESIAN_POINT('',(1.959116037498,3.933326158673));
#5047 = CARTESIAN_POINT('',(2.175166357453,3.947717364317));
#5048 = CARTESIAN_POINT('',(2.257940416912,3.953815910389));
#5049 = CARTESIAN_POINT('',(2.343009271499,3.960475095407));
#5050 = CARTESIAN_POINT('',(2.430674892268,3.967463249127));
#5051 = CARTESIAN_POINT('',(2.521294015672,3.974461847462));
#5052 = CARTESIAN_POINT('',(2.615277276051,3.981048179442));
#5053 = CARTESIAN_POINT('',(2.802872513491,3.991945985133));
#5054 = CARTESIAN_POINT('',(2.896567056574,3.996443203273));
#5055 = CARTESIAN_POINT('',(2.992701188619,3.999714522946));
#5056 = CARTESIAN_POINT('',(3.090107195616,4.00130964418));
#5057 = CARTESIAN_POINT('',(3.187787283963,4.001048238171));
#5058 = CARTESIAN_POINT('',(3.284702938055,3.99907003855));
#5059 = CARTESIAN_POINT('',(3.485222009396,3.992008161989));
#5060 = CARTESIAN_POINT('',(3.58689003474,3.986648880064));
#5061 = CARTESIAN_POINT('',(3.685048507707,3.980145436684));
#5062 = CARTESIAN_POINT('',(3.779948372449,3.973043573155));
#5063 = CARTESIAN_POINT('',(3.871737717529,3.965830412276));
#5064 = CARTESIAN_POINT('',(3.960444539208,3.958891879324));
#5065 = CARTESIAN_POINT('',(4.147740528173,3.944894077454));
#5066 = CARTESIAN_POINT('',(4.246082005012,3.937981416485));
#5067 = CARTESIAN_POINT('',(4.341847194222,3.932160326502));
#5068 = CARTESIAN_POINT('',(4.435707745299,3.927666826942));
#5069 = CARTESIAN_POINT('',(4.528320435421,3.924627604413));
#5070 = CARTESIAN_POINT('',(4.620315336727,3.923105767657));
#5071 = CARTESIAN_POINT('',(4.785631320987,3.923105767657));
#5072 = CARTESIAN_POINT('',(4.858849553043,3.924068809427));
#5073 = CARTESIAN_POINT('',(4.932372435104,3.925993573176));
#5074 = CARTESIAN_POINT('',(5.006520381826,3.928854593589));
#5075 = CARTESIAN_POINT('',(5.081610488686,3.932599687297));
#5076 = CARTESIAN_POINT('',(5.157974219391,3.937140640384));
#5077 = CARTESIAN_POINT('',(5.322284229637,3.948085401527));
#5078 = CARTESIAN_POINT('',(5.410955084828,3.954659489422));
#5079 = CARTESIAN_POINT('',(5.502308843831,3.96186643634));
#5080 = CARTESIAN_POINT('',(5.596671675824,3.969412382436));
#5081 = CARTESIAN_POINT('',(5.694450331623,3.976887672431));
#5082 = CARTESIAN_POINT('',(5.796121715599,3.983746831785));
#5083 = CARTESIAN_POINT('',(5.954632538942,3.992154602363));
#5084 = CARTESIAN_POINT('',(6.007938868178,3.994627943943));
#5085 = CARTESIAN_POINT('',(6.062075922267,3.996714849273));
#5086 = CARTESIAN_POINT('',(6.116844945608,3.998339747207));
#5087 = CARTESIAN_POINT('',(6.172066805313,3.999445684423));
#5088 = CARTESIAN_POINT('',(6.227571106433,4.));
#5089 = CARTESIAN_POINT('',(6.28318530718,4.));
#5090 = ( GEOMETRIC_REPRESENTATION_CONTEXT(2) 
PARAMETRIC_REPRESENTATION_CONTEXT() REPRESENTATION_CONTEXT('2D SPACE',''
  ) );
#5091 = PCURVE('',#2631,#5092);
#5092 = DEFINITIONAL_REPRESENTATION('',(#5093),#5156);
#5093 = B_SPLINE_CURVE_WITH_KNOTS('',7,(#5094,#5095,#5096,#5097,#5098,
    #5099,#5100,#5101,#5102,#5103,#5104,#5105,#5106,#5107,#5108,#5109,
    #5110,#5111,#5112,#5113,#5114,#5115,#5116,#5117,#5118,#5119,#5120,
    #5121,#5122,#5123,#5124,#5125,#5126,#5127,#5128,#5129,#5130,#5131,
    #5132,#5133,#5134,#5135,#5136,#5137,#5138,#5139,#5140,#5141,#5142,
    #5143,#5144,#5145,#5146,#5147,#5148,#5149,#5150,#5151,#5152,#5153,
    #5154,#5155),.UNSPECIFIED.,.T.,.F.,(1,7,6,6,6,6,6,6,6,6,6,7,1),(
    -5.1294162517E-02,0.,8.234485477982E-02,0.180750766445,0.34450188306
    ,0.442272984722,0.531818787115,0.631500514293,0.750063798935,
    0.844378003649,0.948705837483,1.,1.08234485478),.UNSPECIFIED.);
#5094 = CARTESIAN_POINT('',(5.103342732831,24.7));
#5095 = CARTESIAN_POINT('',(5.107517499653,24.7));
#5096 = CARTESIAN_POINT('',(5.111650313697,24.730929698288));
#5097 = CARTESIAN_POINT('',(5.115671062658,24.791670824166));
#5098 = CARTESIAN_POINT('',(5.119513421382,24.879823477824));
#5099 = CARTESIAN_POINT('',(5.123119316858,24.991786676058));
#5100 = CARTESIAN_POINT('',(5.126442698915,25.122823005054));
#5101 = CARTESIAN_POINT('',(5.133049607539,25.439533884839));
#5102 = CARTESIAN_POINT('',(5.136244586306,25.633068991563));
#5103 = CARTESIAN_POINT('',(5.139045290277,25.842525600656));
#5104 = CARTESIAN_POINT('',(5.141465726805,26.063973124918));
#5105 = CARTESIAN_POINT('',(5.143521806927,26.294403912747));
#5106 = CARTESIAN_POINT('',(5.145228294191,26.531501957947));
#5107 = CARTESIAN_POINT('',(5.148874760527,27.176230811115));
#5108 = CARTESIAN_POINT('',(5.150217034292,27.592506725844));
#5109 = CARTESIAN_POINT('',(5.150680396091,28.014533865535));
#5110 = CARTESIAN_POINT('',(5.150285302089,28.437300607316));
#5111 = CARTESIAN_POINT('',(5.149020271905,28.85566447611));
#5112 = CARTESIAN_POINT('',(5.146843815008,29.263388147561));
#5113 = CARTESIAN_POINT('',(5.141808198976,29.880834863966));
#5114 = CARTESIAN_POINT('',(5.139571832232,30.104835233268));
#5115 = CARTESIAN_POINT('',(5.136967606033,30.319251831885));
#5116 = CARTESIAN_POINT('',(5.133982970295,30.520714682986));
#5117 = CARTESIAN_POINT('',(5.130608719189,30.705140006351));
#5118 = CARTESIAN_POINT('',(5.12684215564,30.867555002505));
#5119 = CARTESIAN_POINT('',(5.118892598553,31.124723599906));
#5120 = CARTESIAN_POINT('',(5.114740926454,31.225002963122));
#5121 = CARTESIAN_POINT('',(5.110325305361,31.294299932126));
#5122 = CARTESIAN_POINT('',(5.105756739869,31.327454687546));
#5123 = CARTESIAN_POINT('',(5.101159086111,31.32251606875));
#5124 = CARTESIAN_POINT('',(5.096656856855,31.280802366945));
#5125 = CARTESIAN_POINT('',(5.087579947045,31.124797629677));
#5126 = CARTESIAN_POINT('',(5.083120395917,31.003953697619));
#5127 = CARTESIAN_POINT('',(5.07903007702,30.851225761263));
#5128 = CARTESIAN_POINT('',(5.075337036162,30.672811108466));
#5129 = CARTESIAN_POINT('',(5.072055356296,30.474516119263));
#5130 = CARTESIAN_POINT('',(5.069187043217,30.261828856789));
#5131 = CARTESIAN_POINT('',(5.063790768881,29.775987703985));
#5132 = CARTESIAN_POINT('',(5.061399553143,29.496253560799));
#5133 = CARTESIAN_POINT('',(5.059521155754,29.205993388046));
#5134 = CARTESIAN_POINT('',(5.058130730771,28.908839538652));
#5135 = CARTESIAN_POINT('',(5.057209763828,28.607426561687));
#5136 = CARTESIAN_POINT('',(5.056748599313,28.303843024071));
#5137 = CARTESIAN_POINT('',(5.056748599313,27.758300276011));
#5138 = CARTESIAN_POINT('',(5.057040424819,27.516680936083));
#5139 = CARTESIAN_POINT('',(5.057623705687,27.276170414047));
#5140 = CARTESIAN_POINT('',(5.058502159197,27.037832612131));
#5141 = CARTESIAN_POINT('',(5.059683006091,26.802907144437));
#5142 = CARTESIAN_POINT('',(5.061176373105,26.572953624941));
#5143 = CARTESIAN_POINT('',(5.065006046313,26.103374703144));
#5144 = CARTESIAN_POINT('',(5.067423305186,25.864298628637));
#5145 = CARTESIAN_POINT('',(5.070263809082,25.636314840515));
#5146 = CARTESIAN_POINT('',(5.073541737436,25.42374138893));
#5147 = CARTESIAN_POINT('',(5.077265841811,25.231776113066));
#5148 = CARTESIAN_POINT('',(5.08143518825,25.066717731601));
#5149 = CARTESIAN_POINT('',(5.088290358115,24.872306409489));
#5150 = CARTESIAN_POINT('',(5.090650747405,24.81668336593));
#5151 = CARTESIAN_POINT('',(5.093096057463,24.770796456116));
#5152 = CARTESIAN_POINT('',(5.095608111561,24.735638578143));
#5153 = CARTESIAN_POINT('',(5.098167134127,24.71190790048));
#5154 = CARTESIAN_POINT('',(5.100752374857,24.7));
#5155 = CARTESIAN_POINT('',(5.103342732831,24.7));
#5156 = ( GEOMETRIC_REPRESENTATION_CONTEXT(2) 
PARAMETRIC_REPRESENTATION_CONTEXT() REPRESENTATION_CONTEXT('2D SPACE',''
  ) );
#5157 = ORIENTED_EDGE('',*,*,#4937,.T.);
#5158 = ADVANCED_FACE('',(#5159),#2537,.F.);
#5159 = FACE_BOUND('',#5160,.F.);
#5160 = EDGE_LOOP('',(#5161,#5162,#5185,#5383));
#5161 = ORIENTED_EDGE('',*,*,#2403,.F.);
#5162 = ORIENTED_EDGE('',*,*,#5163,.F.);
#5163 = EDGE_CURVE('',#5164,#2404,#5166,.T.);
#5164 = VERTEX_POINT('',#5165);
#5165 = CARTESIAN_POINT('',(70.227621026822,-9.370365249717,115.7));
#5166 = SEAM_CURVE('',#5167,(#5171,#5178),.PCURVE_S1.);
#5167 = LINE('',#5168,#5169);
#5168 = CARTESIAN_POINT('',(66.262758865816,-8.841339688689,115.7));
#5169 = VECTOR('',#5170,1.);
#5170 = DIRECTION('',(0.991215540252,-0.132256390257,2.220446049249E-16)
  );
#5171 = PCURVE('',#2537,#5172);
#5172 = DEFINITIONAL_REPRESENTATION('',(#5173),#5177);
#5173 = LINE('',#5174,#5175);
#5174 = CARTESIAN_POINT('',(0.,-0.));
#5175 = VECTOR('',#5176,1.);
#5176 = DIRECTION('',(0.,1.));
#5177 = ( GEOMETRIC_REPRESENTATION_CONTEXT(2) 
PARAMETRIC_REPRESENTATION_CONTEXT() REPRESENTATION_CONTEXT('2D SPACE',''
  ) );
#5178 = PCURVE('',#2537,#5179);
#5179 = DEFINITIONAL_REPRESENTATION('',(#5180),#5184);
#5180 = LINE('',#5181,#5182);
#5181 = CARTESIAN_POINT('',(6.28318530718,-0.));
#5182 = VECTOR('',#5183,1.);
#5183 = DIRECTION('',(0.,1.));
#5184 = ( GEOMETRIC_REPRESENTATION_CONTEXT(2) 
PARAMETRIC_REPRESENTATION_CONTEXT() REPRESENTATION_CONTEXT('2D SPACE',''
  ) );
#5185 = ORIENTED_EDGE('',*,*,#5186,.T.);
#5186 = EDGE_CURVE('',#5164,#5164,#5187,.T.);
#5187 = SURFACE_CURVE('',#5188,(#5251,#5317),.PCURVE_S1.);
#5188 = B_SPLINE_CURVE_WITH_KNOTS('',7,(#5189,#5190,#5191,#5192,#5193,
    #5194,#5195,#5196,#5197,#5198,#5199,#5200,#5201,#5202,#5203,#5204,
    #5205,#5206,#5207,#5208,#5209,#5210,#5211,#5212,#5213,#5214,#5215,
    #5216,#5217,#5218,#5219,#5220,#5221,#5222,#5223,#5224,#5225,#5226,
    #5227,#5228,#5229,#5230,#5231,#5232,#5233,#5234,#5235,#5236,#5237,
    #5238,#5239,#5240,#5241,#5242,#5243,#5244,#5245,#5246,#5247,#5248,
    #5249,#5250),.UNSPECIFIED.,.T.,.F.,(1,7,6,6,6,6,6,6,6,6,6,7,1),(
    -5.1294166171E-02,0.,8.234484865415E-02,0.180750752957,
    0.344501860586,0.442272956655,0.531818757421,0.631500487922,
    0.750063781062,0.844377992537,0.948705833829,1.,1.082344848654),
  .UNSPECIFIED.);
#5189 = CARTESIAN_POINT('',(70.227621026822,-9.370365249717,115.7));
#5190 = CARTESIAN_POINT('',(70.266740116762,-9.077181307576,115.7));
#5191 = CARTESIAN_POINT('',(70.304038470644,-8.786753129948,
    115.73092969826));
#5192 = CARTESIAN_POINT('',(70.338907759271,-8.50401947871,
    115.79167082417));
#5193 = CARTESIAN_POINT('',(70.370924681081,-8.233672530166,
    115.87982347786));
#5194 = CARTESIAN_POINT('',(70.399857291643,-7.979835353788,
    115.99178667607));
#5195 = CARTESIAN_POINT('',(70.425639786629,-7.745788361743,
    116.12282300499));
#5196 = CARTESIAN_POINT('',(70.475414549665,-7.280342776814,
    116.43953388483));
#5197 = CARTESIAN_POINT('',(70.498421078726,-7.055148161405,
    116.63306899156));
#5198 = CARTESIAN_POINT('',(70.517822184739,-6.85766704009,
    116.84252560065));
#5199 = CARTESIAN_POINT('',(70.534062647399,-6.686948863534,
    117.06397312491));
#5200 = CARTESIAN_POINT('',(70.547513317186,-6.541897498785,
    117.29440391274));
#5201 = CARTESIAN_POINT('',(70.558460714015,-6.421489417367,
    117.53150195794));
#5202 = CARTESIAN_POINT('',(70.581524245397,-6.16416879367,
    118.17623081913));
#5203 = CARTESIAN_POINT('',(70.589586933349,-6.069410156738,
    118.59250669269));
#5204 = CARTESIAN_POINT('',(70.592294464727,-6.036693286505,
    119.01453392931));
#5205 = CARTESIAN_POINT('',(70.589957172516,-6.064587837343,
    119.43730053799));
#5206 = CARTESIAN_POINT('',(70.58242124454,-6.15389733887,
    119.85566451691));
#5207 = CARTESIAN_POINT('',(70.569027288522,-6.307518661159,
    120.26338813681));
#5208 = CARTESIAN_POINT('',(70.536144915853,-6.662773516751,
    120.88083486984));
#5209 = CARTESIAN_POINT('',(70.521249809704,-6.820518683252,
    121.10483521891));
#5210 = CARTESIAN_POINT('',(70.50346372466,-7.0041697672,121.3192518441)
  );
#5211 = CARTESIAN_POINT('',(70.482438377522,-7.214585343236,
    121.52071468327));
#5212 = CARTESIAN_POINT('',(70.457770623953,-7.452378454281,
    121.70513999963));
#5213 = CARTESIAN_POINT('',(70.429015268267,-7.717689550432,
    121.86755500585));
#5214 = CARTESIAN_POINT('',(70.365341034675,-8.277304819895,
    122.12472360163));
#5215 = CARTESIAN_POINT('',(70.330900306211,-8.569429859548,
    122.22500296101));
#5216 = CARTESIAN_POINT('',(70.292768320173,-8.879950483926,
    122.29429993163));
#5217 = CARTESIAN_POINT('',(70.251539648924,-9.201005828677,
    122.3274546891));
#5218 = CARTESIAN_POINT('',(70.208197788012,-9.523861457358,
    122.32251606913));
#5219 = CARTESIAN_POINT('',(70.164049775333,-9.839778113401,
    122.2808023659));
#5220 = CARTESIAN_POINT('',(70.072001100262,-10.47625549172,
    122.1247976266));
#5221 = CARTESIAN_POINT('',(70.024906543758,-10.7886908659,
    122.00395370287));
#5222 = CARTESIAN_POINT('',(69.980141249679,-11.07501813821,
    121.85122576616));
#5223 = CARTESIAN_POINT('',(69.938508860893,-11.33334067829,
    121.67281108718));
#5224 = CARTESIAN_POINT('',(69.900623075181,-11.56274222024,
    121.4745161412));
#5225 = CARTESIAN_POINT('',(69.866883937544,-11.76314254615,
    121.26182884828));
#5226 = CARTESIAN_POINT('',(69.802477939842,-12.14000467044,
    120.77598770398));
#5227 = CARTESIAN_POINT('',(69.773237900519,-12.30688144942,
    120.49625356079));
#5228 = CARTESIAN_POINT('',(69.749883458066,-12.43790117766,
    120.20599338804));
#5229 = CARTESIAN_POINT('',(69.732414193383,-12.53485155598,
    119.90883953865));
#5230 = CARTESIAN_POINT('',(69.720781239413,-12.59905671241,
    119.60742656168));
#5231 = CARTESIAN_POINT('',(69.714956180919,-12.63120677894,
    119.30384302407));
#5232 = CARTESIAN_POINT('',(69.714956180919,-12.63120677894,
    118.75830027601));
#5233 = CARTESIAN_POINT('',(69.718642306219,-12.61086218232,
    118.51668093608));
#5234 = CARTESIAN_POINT('',(69.726009786468,-12.57019876215,
    118.27617041404));
#5235 = CARTESIAN_POINT('',(69.737068403154,-12.50895066454,
    118.03783261213));
#5236 = CARTESIAN_POINT('',(69.751834491511,-12.42660090044,
    117.80290714443));
#5237 = CARTESIAN_POINT('',(69.770316101838,-12.32242214392,
    117.57295362494));
#5238 = CARTESIAN_POINT('',(69.817020949747,-12.05513970984,
    117.10337470318));
#5239 = CARTESIAN_POINT('',(69.846171235124,-11.88637563025,
    116.86429862863));
#5240 = CARTESIAN_POINT('',(69.879914511778,-11.68797377436,
    116.63631484048));
#5241 = CARTESIAN_POINT('',(69.918093676394,-11.45888968151,
    116.42374138891));
#5242 = CARTESIAN_POINT('',(69.960386141241,-11.19844360151,
    116.23177611308));
#5243 = CARTESIAN_POINT('',(70.006243495055,-10.9066213137,
    116.06671773162));
#5244 = CARTESIAN_POINT('',(70.078803227907,-10.42638316341,
    115.87230640949));
#5245 = CARTESIAN_POINT('',(70.103370201617,-10.26096337163,
    115.81668336592));
#5246 = CARTESIAN_POINT('',(70.128350705543,-10.08952244299,
    115.77079645611));
#5247 = CARTESIAN_POINT('',(70.153499399607,-9.913327717021,
    115.73563857814));
#5248 = CARTESIAN_POINT('',(70.17857432819,-9.733761938612,
    115.71190790048));
#5249 = CARTESIAN_POINT('',(70.203348426479,-9.552279927829,115.7));
#5250 = CARTESIAN_POINT('',(70.227621026822,-9.370365249717,115.7));
#5251 = PCURVE('',#2537,#5252);
#5252 = DEFINITIONAL_REPRESENTATION('',(#5253),#5316);
#5253 = B_SPLINE_CURVE_WITH_KNOTS('',7,(#5254,#5255,#5256,#5257,#5258,
    #5259,#5260,#5261,#5262,#5263,#5264,#5265,#5266,#5267,#5268,#5269,
    #5270,#5271,#5272,#5273,#5274,#5275,#5276,#5277,#5278,#5279,#5280,
    #5281,#5282,#5283,#5284,#5285,#5286,#5287,#5288,#5289,#5290,#5291,
    #5292,#5293,#5294,#5295,#5296,#5297,#5298,#5299,#5300,#5301,#5302,
    #5303,#5304,#5305,#5306,#5307,#5308,#5309,#5310,#5311,#5312,#5313,
    #5314,#5315),.UNSPECIFIED.,.F.,.F.,(8,6,6,6,6,6,6,6,6,6,8),(0.,
    8.234484865415E-02,0.180750752957,0.344501860586,0.442272956655,
    0.531818757421,0.631500487922,0.750063781062,0.844377992537,
    0.948705833829,1.),.UNSPECIFIED.);
#5254 = CARTESIAN_POINT('',(0.,4.));
#5255 = CARTESIAN_POINT('',(8.963097855397E-02,4.));
#5256 = CARTESIAN_POINT('',(0.17836113627,3.998559725592));
#5257 = CARTESIAN_POINT('',(0.265859410237,3.99572937424));
#5258 = CARTESIAN_POINT('',(0.351767341813,3.991709933157));
#5259 = CARTESIAN_POINT('',(0.435661880467,3.986816797706));
#5260 = CARTESIAN_POINT('',(0.5169933545,3.981418597083));
#5261 = CARTESIAN_POINT('',(0.68821849669,3.969197962793));
#5262 = CARTESIAN_POINT('',(0.777872082895,3.962218964986));
#5263 = CARTESIAN_POINT('',(0.864535966287,3.955331502515));
#5264 = CARTESIAN_POINT('',(0.948672940314,3.948850731703));
#5265 = CARTESIAN_POINT('',(1.030694823804,3.942999274719));
#5266 = CARTESIAN_POINT('',(1.111001650517,3.937925766375));
#5267 = CARTESIAN_POINT('',(1.321448796774,3.926754400265));
#5268 = CARTESIAN_POINT('',(1.449255693378,3.922213826592));
#5269 = CARTESIAN_POINT('',(1.575383468651,3.920570558613));
#5270 = CARTESIAN_POINT('',(1.701378951778,3.921943030853));
#5271 = CARTESIAN_POINT('',(1.828776096094,3.92628505422));
#5272 = CARTESIAN_POINT('',(1.959116033738,3.933326158422));
#5273 = CARTESIAN_POINT('',(2.175166359511,3.947717364454));
#5274 = CARTESIAN_POINT('',(2.257940412373,3.953815910068));
#5275 = CARTESIAN_POINT('',(2.343009273731,3.960475095602));
#5276 = CARTESIAN_POINT('',(2.430674896018,3.96746324932));
#5277 = CARTESIAN_POINT('',(2.521294010068,3.974461847134));
#5278 = CARTESIAN_POINT('',(2.615277278496,3.981048179584));
#5279 = CARTESIAN_POINT('',(2.80287251475,3.991945985206));
#5280 = CARTESIAN_POINT('',(2.896567053445,3.996443203184));
#5281 = CARTESIAN_POINT('',(2.992701190585,3.999714522923));
#5282 = CARTESIAN_POINT('',(3.090107197518,4.001309644246));
#5283 = CARTESIAN_POINT('',(3.187787280756,4.001048238191));
#5284 = CARTESIAN_POINT('',(3.284702939398,3.999070038503));
#5285 = CARTESIAN_POINT('',(3.485222013343,3.99200816185));
#5286 = CARTESIAN_POINT('',(3.586890025531,3.98664888036));
#5287 = CARTESIAN_POINT('',(3.685048513904,3.980145436672));
#5288 = CARTESIAN_POINT('',(3.779948376164,3.973043572603));
#5289 = CARTESIAN_POINT('',(3.871737710116,3.965830412907));
#5290 = CARTESIAN_POINT('',(3.960444542487,3.958891879079));
#5291 = CARTESIAN_POINT('',(4.147740528173,3.944894077454));
#5292 = CARTESIAN_POINT('',(4.246082005013,3.937981416485));
#5293 = CARTESIAN_POINT('',(4.341847194222,3.932160326502));
#5294 = CARTESIAN_POINT('',(4.435707745298,3.927666826942));
#5295 = CARTESIAN_POINT('',(4.528320435421,3.924627604413));
#5296 = CARTESIAN_POINT('',(4.620315336727,3.923105767657));
#5297 = CARTESIAN_POINT('',(4.785631320987,3.923105767657));
#5298 = CARTESIAN_POINT('',(4.858849553043,3.924068809427));
#5299 = CARTESIAN_POINT('',(4.932372435104,3.925993573176));
#5300 = CARTESIAN_POINT('',(5.006520381826,3.928854593589));
#5301 = CARTESIAN_POINT('',(5.081610488686,3.932599687297));
#5302 = CARTESIAN_POINT('',(5.157974219391,3.937140640384));
#5303 = CARTESIAN_POINT('',(5.322284229621,3.948085401526));
#5304 = CARTESIAN_POINT('',(5.410955084829,3.954659489422));
#5305 = CARTESIAN_POINT('',(5.502308843843,3.961866436341));
#5306 = CARTESIAN_POINT('',(5.596671675836,3.969412382437));
#5307 = CARTESIAN_POINT('',(5.69445033162,3.976887672431));
#5308 = CARTESIAN_POINT('',(5.796121715584,3.983746831784));
#5309 = CARTESIAN_POINT('',(5.954632538936,3.992154602362));
#5310 = CARTESIAN_POINT('',(6.007938868184,3.994627943944));
#5311 = CARTESIAN_POINT('',(6.062075922272,3.996714849273));
#5312 = CARTESIAN_POINT('',(6.116844945603,3.998339747207));
#5313 = CARTESIAN_POINT('',(6.172066805306,3.999445684423));
#5314 = CARTESIAN_POINT('',(6.227571106438,4.));
#5315 = CARTESIAN_POINT('',(6.28318530718,4.));
#5316 = ( GEOMETRIC_REPRESENTATION_CONTEXT(2) 
PARAMETRIC_REPRESENTATION_CONTEXT() REPRESENTATION_CONTEXT('2D SPACE',''
  ) );
#5317 = PCURVE('',#2631,#5318);
#5318 = DEFINITIONAL_REPRESENTATION('',(#5319),#5382);
#5319 = B_SPLINE_CURVE_WITH_KNOTS('',7,(#5320,#5321,#5322,#5323,#5324,
    #5325,#5326,#5327,#5328,#5329,#5330,#5331,#5332,#5333,#5334,#5335,
    #5336,#5337,#5338,#5339,#5340,#5341,#5342,#5343,#5344,#5345,#5346,
    #5347,#5348,#5349,#5350,#5351,#5352,#5353,#5354,#5355,#5356,#5357,
    #5358,#5359,#5360,#5361,#5362,#5363,#5364,#5365,#5366,#5367,#5368,
    #5369,#5370,#5371,#5372,#5373,#5374,#5375,#5376,#5377,#5378,#5379,
    #5380,#5381),.UNSPECIFIED.,.T.,.F.,(1,7,6,6,6,6,6,6,6,6,6,7,1),(
    -5.1294166171E-02,0.,8.234484865415E-02,0.180750752957,
    0.344501860586,0.442272956655,0.531818757421,0.631500487922,
    0.750063781062,0.844377992537,0.948705833829,1.,1.082344848654),
  .UNSPECIFIED.);
#5320 = CARTESIAN_POINT('',(6.150540284028,24.7));
#5321 = CARTESIAN_POINT('',(6.154715050848,24.7));
#5322 = CARTESIAN_POINT('',(6.158847864894,24.730929698266));
#5323 = CARTESIAN_POINT('',(6.162868613856,24.791670824174));
#5324 = CARTESIAN_POINT('',(6.166710972579,24.879823477866));
#5325 = CARTESIAN_POINT('',(6.170316868055,24.991786676072));
#5326 = CARTESIAN_POINT('',(6.17364025011,25.122823004994));
#5327 = CARTESIAN_POINT('',(6.180247158736,25.439533884839));
#5328 = CARTESIAN_POINT('',(6.183442137503,25.633068991563));
#5329 = CARTESIAN_POINT('',(6.186242841473,25.842525600656));
#5330 = CARTESIAN_POINT('',(6.188663278002,26.063973124918));
#5331 = CARTESIAN_POINT('',(6.190719358123,26.294403912747));
#5332 = CARTESIAN_POINT('',(6.192425845388,26.531501957946));
#5333 = CARTESIAN_POINT('',(6.196072311769,27.176230819139));
#5334 = CARTESIAN_POINT('',(6.197414585407,27.592506692693));
#5335 = CARTESIAN_POINT('',(6.19787794728,28.014533929317));
#5336 = CARTESIAN_POINT('',(6.197482853458,28.437300537997));
#5337 = CARTESIAN_POINT('',(6.196217822898,28.85566451691));
#5338 = CARTESIAN_POINT('',(6.194041366292,29.263388136818));
#5339 = CARTESIAN_POINT('',(6.189005750124,29.880834869847));
#5340 = CARTESIAN_POINT('',(6.186769383519,30.104835218912));
#5341 = CARTESIAN_POINT('',(6.184165157249,30.319251844105));
#5342 = CARTESIAN_POINT('',(6.181180521269,30.520714683276));
#5343 = CARTESIAN_POINT('',(6.177806270637,30.705139999631));
#5344 = CARTESIAN_POINT('',(6.174039706733,30.867555005857));
#5345 = CARTESIAN_POINT('',(6.166090149696,31.124723601632));
#5346 = CARTESIAN_POINT('',(6.161938477788,31.225002961019));
#5347 = CARTESIAN_POINT('',(6.157522856468,31.294299931632));
#5348 = CARTESIAN_POINT('',(6.152954290982,31.327454689102));
#5349 = CARTESIAN_POINT('',(6.148356637451,31.322516069139));
#5350 = CARTESIAN_POINT('',(6.143854407991,31.280802365901));
#5351 = CARTESIAN_POINT('',(6.134777498063,31.124797626606));
#5352 = CARTESIAN_POINT('',(6.130317947551,31.003953702878));
#5353 = CARTESIAN_POINT('',(6.126227627847,30.851225766168));
#5354 = CARTESIAN_POINT('',(6.122534587351,30.672811087181));
#5355 = CARTESIAN_POINT('',(6.119252907686,30.474516141205));
#5356 = CARTESIAN_POINT('',(6.116384594319,30.261828848283));
#5357 = CARTESIAN_POINT('',(6.110988320077,29.775987703985));
#5358 = CARTESIAN_POINT('',(6.108597104339,29.496253560797));
#5359 = CARTESIAN_POINT('',(6.106718706951,29.205993388047));
#5360 = CARTESIAN_POINT('',(6.105328281967,28.908839538651));
#5361 = CARTESIAN_POINT('',(6.104407315025,28.607426561687));
#5362 = CARTESIAN_POINT('',(6.103946150509,28.303843024071));
#5363 = CARTESIAN_POINT('',(6.103946150509,27.758300276011));
#5364 = CARTESIAN_POINT('',(6.104237976016,27.516680936083));
#5365 = CARTESIAN_POINT('',(6.104821256884,27.276170414047));
#5366 = CARTESIAN_POINT('',(6.105699710394,27.037832612131));
#5367 = CARTESIAN_POINT('',(6.106880557288,26.802907144437));
#5368 = CARTESIAN_POINT('',(6.108373924302,26.572953624942));
#5369 = CARTESIAN_POINT('',(6.112203597509,26.103374703189));
#5370 = CARTESIAN_POINT('',(6.114620856383,25.864298628631));
#5371 = CARTESIAN_POINT('',(6.117461360279,25.636314840481));
#5372 = CARTESIAN_POINT('',(6.120739288633,25.423741388911));
#5373 = CARTESIAN_POINT('',(6.124463393007,25.23177611308));
#5374 = CARTESIAN_POINT('',(6.128632739446,25.06671773162));
#5375 = CARTESIAN_POINT('',(6.135487909312,24.872306409496));
#5376 = CARTESIAN_POINT('',(6.137848298602,24.816683365927));
#5377 = CARTESIAN_POINT('',(6.14029360866,24.77079645611));
#5378 = CARTESIAN_POINT('',(6.142805662757,24.735638578143));
#5379 = CARTESIAN_POINT('',(6.145364685323,24.711907900484));
#5380 = CARTESIAN_POINT('',(6.147949926054,24.7));
#5381 = CARTESIAN_POINT('',(6.150540284028,24.7));
#5382 = ( GEOMETRIC_REPRESENTATION_CONTEXT(2) 
PARAMETRIC_REPRESENTATION_CONTEXT() REPRESENTATION_CONTEXT('2D SPACE',''
  ) );
#5383 = ORIENTED_EDGE('',*,*,#5163,.T.);
#5384 = ADVANCED_FACE('',(#5385,#5411,#5414,#5417,#5420,#5423,#5426,
    #5429,#5432,#5435,#5438,#5441,#5444),#2631,.F.);
#5385 = FACE_BOUND('',#5386,.F.);
#5386 = EDGE_LOOP('',(#5387,#5388,#5409,#5410));
#5387 = ORIENTED_EDGE('',*,*,#2614,.F.);
#5388 = ORIENTED_EDGE('',*,*,#5389,.F.);
#5389 = EDGE_CURVE('',#2650,#2615,#5390,.T.);
#5390 = SEAM_CURVE('',#5391,(#5395,#5402),.PCURVE_S1.);
#5391 = LINE('',#5392,#5393);
#5392 = CARTESIAN_POINT('',(70.85,-1.735324514392E-14,91.));
#5393 = VECTOR('',#5394,1.);
#5394 = DIRECTION('',(0.,0.,1.));
#5395 = PCURVE('',#2631,#5396);
#5396 = DEFINITIONAL_REPRESENTATION('',(#5397),#5401);
#5397 = LINE('',#5398,#5399);
#5398 = CARTESIAN_POINT('',(0.,-0.));
#5399 = VECTOR('',#5400,1.);
#5400 = DIRECTION('',(0.,1.));
#5401 = ( GEOMETRIC_REPRESENTATION_CONTEXT(2) 
PARAMETRIC_REPRESENTATION_CONTEXT() REPRESENTATION_CONTEXT('2D SPACE',''
  ) );
#5402 = PCURVE('',#2631,#5403);
#5403 = DEFINITIONAL_REPRESENTATION('',(#5404),#5408);
#5404 = LINE('',#5405,#5406);
#5405 = CARTESIAN_POINT('',(6.28318530718,-0.));
#5406 = VECTOR('',#5407,1.);
#5407 = DIRECTION('',(0.,1.));
#5408 = ( GEOMETRIC_REPRESENTATION_CONTEXT(2) 
PARAMETRIC_REPRESENTATION_CONTEXT() REPRESENTATION_CONTEXT('2D SPACE',''
  ) );
#5409 = ORIENTED_EDGE('',*,*,#2649,.T.);
#5410 = ORIENTED_EDGE('',*,*,#5389,.T.);
#5411 = FACE_BOUND('',#5412,.F.);
#5412 = EDGE_LOOP('',(#5413));
#5413 = ORIENTED_EDGE('',*,*,#2700,.F.);
#5414 = FACE_BOUND('',#5415,.F.);
#5415 = EDGE_LOOP('',(#5416));
#5416 = ORIENTED_EDGE('',*,*,#2926,.F.);
#5417 = FACE_BOUND('',#5418,.F.);
#5418 = EDGE_LOOP('',(#5419));
#5419 = ORIENTED_EDGE('',*,*,#3152,.F.);
#5420 = FACE_BOUND('',#5421,.F.);
#5421 = EDGE_LOOP('',(#5422));
#5422 = ORIENTED_EDGE('',*,*,#3378,.F.);
#5423 = FACE_BOUND('',#5424,.F.);
#5424 = EDGE_LOOP('',(#5425));
#5425 = ORIENTED_EDGE('',*,*,#3604,.F.);
#5426 = FACE_BOUND('',#5427,.F.);
#5427 = EDGE_LOOP('',(#5428));
#5428 = ORIENTED_EDGE('',*,*,#3830,.F.);
#5429 = FACE_BOUND('',#5430,.F.);
#5430 = EDGE_LOOP('',(#5431));
#5431 = ORIENTED_EDGE('',*,*,#4056,.F.);
#5432 = FACE_BOUND('',#5433,.F.);
#5433 = EDGE_LOOP('',(#5434));
#5434 = ORIENTED_EDGE('',*,*,#4282,.F.);
#5435 = FACE_BOUND('',#5436,.F.);
#5436 = EDGE_LOOP('',(#5437));
#5437 = ORIENTED_EDGE('',*,*,#4508,.F.);
#5438 = FACE_BOUND('',#5439,.F.);
#5439 = EDGE_LOOP('',(#5440));
#5440 = ORIENTED_EDGE('',*,*,#4734,.F.);
#5441 = FACE_BOUND('',#5442,.F.);
#5442 = EDGE_LOOP('',(#5443));
#5443 = ORIENTED_EDGE('',*,*,#4960,.F.);
#5444 = FACE_BOUND('',#5445,.F.);
#5445 = EDGE_LOOP('',(#5446));
#5446 = ORIENTED_EDGE('',*,*,#5186,.F.);
#5447 = ( GEOMETRIC_REPRESENTATION_CONTEXT(3) 
GLOBAL_UNCERTAINTY_ASSIGNED_CONTEXT((#5451)) 
GLOBAL_UNIT_ASSIGNED_CONTEXT((#5448,#5449,#5450)) REPRESENTATION_CONTEXT
('Context #1','3D Context with UNIT and UNCERTAINTY') );
#5448 = ( LENGTH_UNIT() NAMED_UNIT(*) SI_UNIT(.MILLI.,.METRE.) );
#5449 = ( NAMED_UNIT(*) PLANE_ANGLE_UNIT() SI_UNIT($,.RADIAN.) );
#5450 = ( NAMED_UNIT(*) SI_UNIT($,.STERADIAN.) SOLID_ANGLE_UNIT() );
#5451 = UNCERTAINTY_MEASURE_WITH_UNIT(LENGTH_MEASURE(2.E-07),#5448,
  'distance_accuracy_value','confusion accuracy');
#5452 = CONTEXT_DEPENDENT_SHAPE_REPRESENTATION(#5453,#5455);
#5453 = ( REPRESENTATION_RELATIONSHIP('','',#32,#10) 
REPRESENTATION_RELATIONSHIP_WITH_TRANSFORMATION(#5454) 
SHAPE_REPRESENTATION_RELATIONSHIP() );
#5454 = ITEM_DEFINED_TRANSFORMATION('','',#11,#15);
#5455 = PRODUCT_DEFINITION_SHAPE('Placement','Placement of an item',
  #5456);
#5456 = NEXT_ASSEMBLY_USAGE_OCCURRENCE('8','=>[0:1:1:2]','',#5,#27,$);
#5457 = PRODUCT_RELATED_PRODUCT_CATEGORY('part',$,(#29));
ENDSEC;
END-ISO-10303-21;
