ISO-10303-21;
HEADER;
FILE_DESCRIPTION(('Open CASCADE Model'),'2;1');
FILE_NAME('SOLID','2026-09-28T15:30:48',('Author'),('Open CASCADE'),
  'Open CASCADE STEP processor 7.8','build123d','Unknown');
FILE_SCHEMA(('AUTOMOTIVE_DESIGN { 1 0 10303 214 1 1 1 1 }'));
ENDSEC;
DATA;
#1 = APPLICATION_PROTOCOL_DEFINITION('international standard',
  'automotive_design',2000,#2);
#2 = APPLICATION_CONTEXT(
  'core data for automotive mechanical design processes');
#3 = SHAPE_DEFINITION_REPRESENTATION(#4,#10);
#4 = PRODUCT_DEFINITION_SHAPE('','',#5);
#5 = PRODUCT_DEFINITION('design','',#6,#9);
#6 = PRODUCT_DEFINITION_FORMATION('','',#7);
#7 = PRODUCT('SOLID','SOLID','',(#8));
#8 = PRODUCT_CONTEXT('',#2,'mechanical');
#9 = PRODUCT_DEFINITION_CONTEXT('part definition',#2,'design');
#10 = ADVANCED_BREP_SHAPE_REPRESENTATION('',(#11,#15),#2819);
#11 = AXIS2_PLACEMENT_3D('',#12,#13,#14);
#12 = CARTESIAN_POINT('',(0.,0.,0.));
#13 = DIRECTION('',(0.,0.,1.));
#14 = DIRECTION('',(1.,0.,-0.));
#15 = MANIFOLD_SOLID_BREP('',#16);
#16 = CLOSED_SHELL('',(#17,#1347,#1351,#1386,#1612,#1838,#2064,#2290,
    #2516,#2742,#2815));
#17 = ADVANCED_FACE('',(#18,#105,#312,#519,#726,#933,#1140),#31,.T.);
#18 = FACE_BOUND('',#19,.T.);
#19 = EDGE_LOOP('',(#20,#54,#77,#104));
#20 = ORIENTED_EDGE('',*,*,#21,.F.);
#21 = EDGE_CURVE('',#22,#22,#24,.T.);
#22 = VERTEX_POINT('',#23);
#23 = CARTESIAN_POINT('',(78.75,-1.928818708657E-14,127.19999694824));
#24 = SURFACE_CURVE('',#25,(#30,#42),.PCURVE_S1.);
#25 = CIRCLE('',#26,78.75);
#26 = AXIS2_PLACEMENT_3D('',#27,#28,#29);
#27 = CARTESIAN_POINT('',(0.,0.,127.19999694824));
#28 = DIRECTION('',(0.,0.,1.));
#29 = DIRECTION('',(1.,0.,-0.));
#30 = PCURVE('',#31,#36);
#31 = CYLINDRICAL_SURFACE('',#32,78.75);
#32 = AXIS2_PLACEMENT_3D('',#33,#34,#35);
#33 = CARTESIAN_POINT('',(0.,0.,125.99999694824));
#34 = DIRECTION('',(0.,0.,1.));
#35 = DIRECTION('',(1.,0.,-0.));
#36 = DEFINITIONAL_REPRESENTATION('',(#37),#41);
#37 = LINE('',#38,#39);
#38 = CARTESIAN_POINT('',(0.,1.2));
#39 = VECTOR('',#40,1.);
#40 = DIRECTION('',(1.,0.));
#41 = ( GEOMETRIC_REPRESENTATION_CONTEXT(2) 
PARAMETRIC_REPRESENTATION_CONTEXT() REPRESENTATION_CONTEXT('2D SPACE',''
  ) );
#42 = PCURVE('',#43,#48);
#43 = PLANE('',#44);
#44 = AXIS2_PLACEMENT_3D('',#45,#46,#47);
#45 = CARTESIAN_POINT('',(0.,0.,127.19999694824));
#46 = DIRECTION('',(0.,0.,1.));
#47 = DIRECTION('',(1.,0.,-0.));
#48 = DEFINITIONAL_REPRESENTATION('',(#49),#53);
#49 = CIRCLE('',#50,78.75);
#50 = AXIS2_PLACEMENT_2D('',#51,#52);
#51 = CARTESIAN_POINT('',(0.,0.));
#52 = DIRECTION('',(1.,0.));
#53 = ( GEOMETRIC_REPRESENTATION_CONTEXT(2) 
PARAMETRIC_REPRESENTATION_CONTEXT() REPRESENTATION_CONTEXT('2D SPACE',''
  ) );
#54 = ORIENTED_EDGE('',*,*,#55,.T.);
#55 = EDGE_CURVE('',#22,#56,#58,.T.);
#56 = VERTEX_POINT('',#57);
#57 = CARTESIAN_POINT('',(78.75,-1.928818708657E-14,113.));
#58 = SEAM_CURVE('',#59,(#63,#70),.PCURVE_S1.);
#59 = LINE('',#60,#61);
#60 = CARTESIAN_POINT('',(78.75,-1.928818708657E-14,127.19999694824));
#61 = VECTOR('',#62,1.);
#62 = DIRECTION('',(0.,0.,-1.));
#63 = PCURVE('',#31,#64);
#64 = DEFINITIONAL_REPRESENTATION('',(#65),#69);
#65 = LINE('',#66,#67);
#66 = CARTESIAN_POINT('',(6.28318530718,1.2));
#67 = VECTOR('',#68,1.);
#68 = DIRECTION('',(-0.,-1.));
#69 = ( GEOMETRIC_REPRESENTATION_CONTEXT(2) 
PARAMETRIC_REPRESENTATION_CONTEXT() REPRESENTATION_CONTEXT('2D SPACE',''
  ) );
#70 = PCURVE('',#31,#71);
#71 = DEFINITIONAL_REPRESENTATION('',(#72),#76);
#72 = LINE('',#73,#74);
#73 = CARTESIAN_POINT('',(4.138911435803E-13,1.2));
#74 = VECTOR('',#75,1.);
#75 = DIRECTION('',(-0.,-1.));
#76 = ( GEOMETRIC_REPRESENTATION_CONTEXT(2) 
PARAMETRIC_REPRESENTATION_CONTEXT() REPRESENTATION_CONTEXT('2D SPACE',''
  ) );
#77 = ORIENTED_EDGE('',*,*,#78,.T.);
#78 = EDGE_CURVE('',#56,#56,#79,.T.);
#79 = SURFACE_CURVE('',#80,(#85,#92),.PCURVE_S1.);
#80 = CIRCLE('',#81,78.75);
#81 = AXIS2_PLACEMENT_3D('',#82,#83,#84);
#82 = CARTESIAN_POINT('',(0.,0.,113.));
#83 = DIRECTION('',(0.,0.,1.));
#84 = DIRECTION('',(1.,0.,-0.));
#85 = PCURVE('',#31,#86);
#86 = DEFINITIONAL_REPRESENTATION('',(#87),#91);
#87 = LINE('',#88,#89);
#88 = CARTESIAN_POINT('',(0.,-12.99999694824));
#89 = VECTOR('',#90,1.);
#90 = DIRECTION('',(1.,0.));
#91 = ( GEOMETRIC_REPRESENTATION_CONTEXT(2) 
PARAMETRIC_REPRESENTATION_CONTEXT() REPRESENTATION_CONTEXT('2D SPACE',''
  ) );
#92 = PCURVE('',#93,#98);
#93 = PLANE('',#94);
#94 = AXIS2_PLACEMENT_3D('',#95,#96,#97);
#95 = CARTESIAN_POINT('',(0.,0.,113.));
#96 = DIRECTION('',(0.,0.,1.));
#97 = DIRECTION('',(1.,0.,-0.));
#98 = DEFINITIONAL_REPRESENTATION('',(#99),#103);
#99 = CIRCLE('',#100,78.75);
#100 = AXIS2_PLACEMENT_2D('',#101,#102);
#101 = CARTESIAN_POINT('',(0.,0.));
#102 = DIRECTION('',(1.,0.));
#103 = ( GEOMETRIC_REPRESENTATION_CONTEXT(2) 
PARAMETRIC_REPRESENTATION_CONTEXT() REPRESENTATION_CONTEXT('2D SPACE',''
  ) );
#104 = ORIENTED_EDGE('',*,*,#55,.F.);
#105 = FACE_BOUND('',#106,.T.);
#106 = EDGE_LOOP('',(#107));
#107 = ORIENTED_EDGE('',*,*,#108,.F.);
#108 = EDGE_CURVE('',#109,#109,#111,.T.);
#109 = VERTEX_POINT('',#110);
#110 = CARTESIAN_POINT('',(48.048931657225,62.392809414221,115.7));
#111 = SURFACE_CURVE('',#112,(#175,#241),.PCURVE_S1.);
#112 = B_SPLINE_CURVE_WITH_KNOTS('',7,(#113,#114,#115,#116,#117,#118,
    #119,#120,#121,#122,#123,#124,#125,#126,#127,#128,#129,#130,#131,
    #132,#133,#134,#135,#136,#137,#138,#139,#140,#141,#142,#143,#144,
    #145,#146,#147,#148,#149,#150,#151,#152,#153,#154,#155,#156,#157,
    #158,#159,#160,#161,#162,#163,#164,#165,#166,#167,#168,#169,#170,
    #171,#172,#173,#174),.UNSPECIFIED.,.T.,.F.,(8,6,6,6,6,6,6,6,6,6,8),(
    0.,8.234434349642E-02,0.180747908585,0.344502947866,0.442270863777,
    0.531817505337,0.631497100116,0.750063025678,0.844380065368,
    0.948705393437,1.),.UNSPECIFIED.);
#113 = CARTESIAN_POINT('',(48.048931657225,62.392809414221,115.7));
#114 = CARTESIAN_POINT('',(47.81459463693,62.573273214115,115.7));
#115 = CARTESIAN_POINT('',(47.581818338493,62.750899711737,
    115.7309275375));
#116 = CARTESIAN_POINT('',(47.354573194911,62.922688162119,
    115.79166614483));
#117 = CARTESIAN_POINT('',(47.136699526601,63.08590933581,
    115.87981698673));
#118 = CARTESIAN_POINT('',(46.931633245112,63.23827539426,
    115.99177975708));
#119 = CARTESIAN_POINT('',(46.742159964293,63.3780597364,116.12281778927
    ));
#120 = CARTESIAN_POINT('',(46.36469806419,63.654867954268,
    116.43953707675));
#121 = CARTESIAN_POINT('',(46.18160192896,63.787946508093,
    116.63307587438));
#122 = CARTESIAN_POINT('',(46.020699639634,63.904037666917,
    116.84253587933));
#123 = CARTESIAN_POINT('',(45.881371173699,64.00397676941,
    117.06398548136));
#124 = CARTESIAN_POINT('',(45.762838810016,64.088615465383,
    117.29441592349));
#125 = CARTESIAN_POINT('',(45.6643497294,64.158702172561,117.53151014483
    ));
#126 = CARTESIAN_POINT('',(45.453721010726,64.308224819479,
    118.17623643787));
#127 = CARTESIAN_POINT('',(45.37596974221,64.362946540211,
    118.59251019635));
#128 = CARTESIAN_POINT('',(45.349092231746,64.381779595936,
    119.01452881856));
#129 = CARTESIAN_POINT('',(45.371994778321,64.365700252399,
    119.43728640379));
#130 = CARTESIAN_POINT('',(45.445300629083,64.314176317033,
    119.85564688134));
#131 = CARTESIAN_POINT('',(45.571210326561,64.225206742569,
    120.26337597457));
#132 = CARTESIAN_POINT('',(45.86154978034,64.017954792819,
    120.88082908087));
#133 = CARTESIAN_POINT('',(45.990338297017,63.9256984315,121.10482874116
    ));
#134 = CARTESIAN_POINT('',(46.140083867825,63.817939754743,
    121.31924730446));
#135 = CARTESIAN_POINT('',(46.311369809127,63.693966517141,
    121.52071274939));
#136 = CARTESIAN_POINT('',(46.504544175094,63.553148975202,
    121.70513992053));
#137 = CARTESIAN_POINT('',(46.719530593308,63.395065881424,
    121.86755540785));
#138 = CARTESIAN_POINT('',(47.171674973523,63.059242579253,
    122.12472838668));
#139 = CARTESIAN_POINT('',(47.407169409522,62.882994128194,
    122.22500648412));
#140 = CARTESIAN_POINT('',(47.656820546269,62.694451499658,
    122.29430103868));
#141 = CARTESIAN_POINT('',(47.914147379959,62.498094426966,
    122.32745414719));
#142 = CARTESIAN_POINT('',(48.172089961635,62.299155033947,
    122.3225152657));
#143 = CARTESIAN_POINT('',(48.42372624713,62.103122695538,
    122.28080241614));
#144 = CARTESIAN_POINT('',(48.929331914223,61.705735034895,
    122.12480010304));
#145 = CARTESIAN_POINT('',(49.176688051333,61.50915972227,
    122.00395936854));
#146 = CARTESIAN_POINT('',(49.40267245898,61.327743617828,
    121.85123244102));
#147 = CARTESIAN_POINT('',(49.606008741016,61.163089470211,
    121.67281609221));
#148 = CARTESIAN_POINT('',(49.786178398147,61.016149830631,
    121.47451774882));
#149 = CARTESIAN_POINT('',(49.943287089199,60.887281597421,
    121.26182772892));
#150 = CARTESIAN_POINT('',(50.238319531116,60.64418259756,
    120.77597752012));
#151 = CARTESIAN_POINT('',(50.368644327487,60.535970398826,
    120.49623573406));
#152 = CARTESIAN_POINT('',(50.470788934701,60.450699585224,
    120.20597220013));
#153 = CARTESIAN_POINT('',(50.546288604089,60.387455619989,
    119.90881972636));
#154 = CARTESIAN_POINT('',(50.596259394179,60.345522629626,
    119.60741199736));
#155 = CARTESIAN_POINT('',(50.621281763847,60.324525133525,
    119.30383575516));
#156 = CARTESIAN_POINT('',(50.621281763847,60.324525133525,
    118.75830417682));
#157 = CARTESIAN_POINT('',(50.605447345416,60.337812595244,
    118.51668880857));
#158 = CARTESIAN_POINT('',(50.57379853621,60.364370595729,118.2761812785
    ));
#159 = CARTESIAN_POINT('',(50.526111210085,60.404342870123,
    118.03784456729));
#160 = CARTESIAN_POINT('',(50.461948362065,60.458006799725,
    117.80291766458));
#161 = CARTESIAN_POINT('',(50.380688708179,60.525740784654,
    117.57296001522));
#162 = CARTESIAN_POINT('',(50.17189685781,60.698958525443,
    117.10338097113));
#163 = CARTESIAN_POINT('',(50.039916484138,60.808061183264,
    116.86430500869));
#164 = CARTESIAN_POINT('',(49.884524884209,60.935911746077,
    116.63631842021));
#165 = CARTESIAN_POINT('',(49.704757476224,61.082919391177,
    116.42374186635));
#166 = CARTESIAN_POINT('',(49.49989054797,61.249176244641,
    116.23177486666));
#167 = CARTESIAN_POINT('',(49.269672630449,61.434256469061,
    116.06671668932));
#168 = CARTESIAN_POINT('',(48.889538248329,61.736546529524,
    115.8723048281));
#169 = CARTESIAN_POINT('',(48.758410823152,61.840336805528,
    115.81668144851));
#170 = CARTESIAN_POINT('',(48.622300487936,61.947525616082,
    115.77079487401));
#171 = CARTESIAN_POINT('',(48.482186565146,62.057272974238,
    115.73563760018));
#172 = CARTESIAN_POINT('',(48.3391489067,62.168682613284,115.7119075171)
  );
#173 = CARTESIAN_POINT('',(48.194335763876,62.280833177717,115.7));
#174 = CARTESIAN_POINT('',(48.048931657225,62.392809414221,115.7));
#175 = PCURVE('',#31,#176);
#176 = DEFINITIONAL_REPRESENTATION('',(#177),#240);
#177 = B_SPLINE_CURVE_WITH_KNOTS('',7,(#178,#179,#180,#181,#182,#183,
    #184,#185,#186,#187,#188,#189,#190,#191,#192,#193,#194,#195,#196,
    #197,#198,#199,#200,#201,#202,#203,#204,#205,#206,#207,#208,#209,
    #210,#211,#212,#213,#214,#215,#216,#217,#218,#219,#220,#221,#222,
    #223,#224,#225,#226,#227,#228,#229,#230,#231,#232,#233,#234,#235,
    #236,#237,#238,#239),.UNSPECIFIED.,.T.,.F.,(8,6,6,6,6,6,6,6,6,6,8),(
    0.,8.234434349642E-02,0.180747908585,0.344502947866,0.442270863777,
    0.531817505337,0.631497100116,0.750063025678,0.844380065368,
    0.948705393437,1.),.UNSPECIFIED.);
#178 = CARTESIAN_POINT('',(0.914552528045,-10.29999694824));
#179 = CARTESIAN_POINT('',(0.91830836181,-10.29999694824));
#180 = CARTESIAN_POINT('',(0.922026510435,-10.26906941073));
#181 = CARTESIAN_POINT('',(0.92564386479,-10.2083308034));
#182 = CARTESIAN_POINT('',(0.929100722599,-10.1201799615));
#183 = CARTESIAN_POINT('',(0.932344821272,-10.00821719115));
#184 = CARTESIAN_POINT('',(0.935334733533,-9.877179158966));
#185 = CARTESIAN_POINT('',(0.941278625391,-9.560459871489));
#186 = CARTESIAN_POINT('',(0.9441528788,-9.366921073859));
#187 = CARTESIAN_POINT('',(0.946672356284,-9.157461068905));
#188 = CARTESIAN_POINT('',(0.948849679442,-8.93601146688));
#189 = CARTESIAN_POINT('',(0.950699186436,-8.705581024744));
#190 = CARTESIAN_POINT('',(0.952234183794,-8.468486803404));
#191 = CARTESIAN_POINT('',(0.955514247434,-7.823760510363));
#192 = CARTESIAN_POINT('',(0.956721570763,-7.407486751881));
#193 = CARTESIAN_POINT('',(0.957138324442,-6.985468129671));
#194 = CARTESIAN_POINT('',(0.956782978408,-6.562710544442));
#195 = CARTESIAN_POINT('',(0.955645173586,-6.144350066897));
#196 = CARTESIAN_POINT('',(0.953687463071,-5.736620973664));
#197 = CARTESIAN_POINT('',(0.949157663744,-5.119167867361));
#198 = CARTESIAN_POINT('',(0.94714595102,-4.895168207072));
#199 = CARTESIAN_POINT('',(0.944803260883,-4.680749643777));
#200 = CARTESIAN_POINT('',(0.942118287744,-4.479284198848));
#201 = CARTESIAN_POINT('',(0.939082741238,-4.29485702771));
#202 = CARTESIAN_POINT('',(0.935694196893,-4.132441540382));
#203 = CARTESIAN_POINT('',(0.928542252555,-3.875268561552));
#204 = CARTESIAN_POINT('',(0.924807104628,-3.774990464117));
#205 = CARTESIAN_POINT('',(0.920834494519,-3.705695909557));
#206 = CARTESIAN_POINT('',(0.916724276016,-3.672542801049));
#207 = CARTESIAN_POINT('',(0.912587886583,-3.677481682536));
#208 = CARTESIAN_POINT('',(0.908537358177,-3.719194532096));
#209 = CARTESIAN_POINT('',(0.900371241642,-3.875196845196));
#210 = CARTESIAN_POINT('',(0.896359185833,-3.996037579699));
#211 = CARTESIAN_POINT('',(0.892679323238,-4.148764507211));
#212 = CARTESIAN_POINT('',(0.889356923346,-4.327180856022));
#213 = CARTESIAN_POINT('',(0.886404668278,-4.52547919942));
#214 = CARTESIAN_POINT('',(0.883824359584,-4.738169219318));
#215 = CARTESIAN_POINT('',(0.878969956116,-5.224019428119));
#216 = CARTESIAN_POINT('',(0.876818932541,-5.503761214176));
#217 = CARTESIAN_POINT('',(0.875129302448,-5.794024748109));
#218 = CARTESIAN_POINT('',(0.873878654606,-6.091177221871));
#219 = CARTESIAN_POINT('',(0.873050288139,-6.392584950873));
#220 = CARTESIAN_POINT('',(0.872635492249,-6.696161193079));
#221 = CARTESIAN_POINT('',(0.872635492249,-7.241692771412));
#222 = CARTESIAN_POINT('',(0.872897979692,-7.483308139661));
#223 = CARTESIAN_POINT('',(0.873422621482,-7.723815669731));
#224 = CARTESIAN_POINT('',(0.87421277134,-7.962152380947));
#225 = CARTESIAN_POINT('',(0.875274944018,-8.197079283651));
#226 = CARTESIAN_POINT('',(0.876618275493,-8.42703693302));
#227 = CARTESIAN_POINT('',(0.880063231582,-8.896615977107));
#228 = CARTESIAN_POINT('',(0.88223767004,-9.135691939549));
#229 = CARTESIAN_POINT('',(0.884792922037,-9.363678528025));
#230 = CARTESIAN_POINT('',(0.88774176062,-9.576255081886));
#231 = CARTESIAN_POINT('',(0.891092066944,-9.768222081576));
#232 = CARTESIAN_POINT('',(0.89484299213,-9.933280258916));
#233 = CARTESIAN_POINT('',(0.901010309712,-10.12769212013));
#234 = CARTESIAN_POINT('',(0.903133896024,-10.18331549972));
#235 = CARTESIAN_POINT('',(0.905333881168,-10.22920207422));
#236 = CARTESIAN_POINT('',(0.907593912808,-10.26435934805));
#237 = CARTESIAN_POINT('',(0.909896197994,-10.28808943114));
#238 = CARTESIAN_POINT('',(0.91222206548,-10.29999694824));
#239 = CARTESIAN_POINT('',(0.914552528045,-10.29999694824));
#240 = ( GEOMETRIC_REPRESENTATION_CONTEXT(2) 
PARAMETRIC_REPRESENTATION_CONTEXT() REPRESENTATION_CONTEXT('2D SPACE',''
  ) );
#241 = PCURVE('',#242,#247);
#242 = CYLINDRICAL_SURFACE('',#243,3.3);
#243 = AXIS2_PLACEMENT_3D('',#244,#245,#246);
#244 = CARTESIAN_POINT('',(45.211756645084,58.70866257262,119.));
#245 = DIRECTION('',(0.610145163901,0.792289643355,2.22044604925E-16));
#246 = DIRECTION('',(1.354794418654E-16,1.75923640845E-16,-1.));
#247 = DEFINITIONAL_REPRESENTATION('',(#248),#311);
#248 = B_SPLINE_CURVE_WITH_KNOTS('',7,(#249,#250,#251,#252,#253,#254,
    #255,#256,#257,#258,#259,#260,#261,#262,#263,#264,#265,#266,#267,
    #268,#269,#270,#271,#272,#273,#274,#275,#276,#277,#278,#279,#280,
    #281,#282,#283,#284,#285,#286,#287,#288,#289,#290,#291,#292,#293,
    #294,#295,#296,#297,#298,#299,#300,#301,#302,#303,#304,#305,#306,
    #307,#308,#309,#310),.UNSPECIFIED.,.F.,.F.,(8,6,6,6,6,6,6,6,6,6,8),(
    0.,8.234434349642E-02,0.180747908585,0.344502947866,0.442270863777,
    0.531817505337,0.631497100116,0.750063025678,0.844380065368,
    0.948705393437,1.),.UNSPECIFIED.);
#249 = CARTESIAN_POINT('',(0.,4.65));
#250 = CARTESIAN_POINT('',(8.962785121169E-02,4.65));
#251 = CARTESIAN_POINT('',(0.178356290857,4.64870430169));
#252 = CARTESIAN_POINT('',(0.265853893265,4.646157986399));
#253 = CARTESIAN_POINT('',(0.351761970336,4.64254186683));
#254 = CARTESIAN_POINT('',(0.43565738006,4.638139717009));
#255 = CARTESIAN_POINT('',(0.516990534696,4.633283197609));
#256 = CARTESIAN_POINT('',(0.688220222351,4.622288928917));
#257 = CARTESIAN_POINT('',(0.77787524969,4.616010467425));
#258 = CARTESIAN_POINT('',(0.864540134896,4.609814536553));
#259 = CARTESIAN_POINT('',(0.948677490023,4.603984662741));
#260 = CARTESIAN_POINT('',(1.030698941312,4.598721076521));
#261 = CARTESIAN_POINT('',(1.111004322815,4.59415741252));
#262 = CARTESIAN_POINT('',(1.321450630797,4.584108563042));
#263 = CARTESIAN_POINT('',(1.449256611555,4.580024455173));
#264 = CARTESIAN_POINT('',(1.575381901609,4.578546507149));
#265 = CARTESIAN_POINT('',(1.701374870495,4.579780887826));
#266 = CARTESIAN_POINT('',(1.828770702074,4.583686217778));
#267 = CARTESIAN_POINT('',(1.959111778058,4.590019738363));
#268 = CARTESIAN_POINT('',(2.175164333898,4.602965378623));
#269 = CARTESIAN_POINT('',(2.257937925184,4.608451309632));
#270 = CARTESIAN_POINT('',(2.343007256456,4.614441761901));
#271 = CARTESIAN_POINT('',(2.43067378361,4.620728338425));
#272 = CARTESIAN_POINT('',(2.521293805338,4.627024463528));
#273 = CARTESIAN_POINT('',(2.615277571741,4.632949788916));
#274 = CARTESIAN_POINT('',(2.802876005276,4.642754171583));
#275 = CARTESIAN_POINT('',(2.896571231535,4.646800140401));
#276 = CARTESIAN_POINT('',(2.992704726112,4.64974320223));
#277 = CARTESIAN_POINT('',(3.090109525011,4.651178250254));
#278 = CARTESIAN_POINT('',(3.187788260421,4.650943048284));
#279 = CARTESIAN_POINT('',(3.284702874819,4.649163319457));
#280 = CARTESIAN_POINT('',(3.485218830279,4.64281004415));
#281 = CARTESIAN_POINT('',(3.586885974372,4.637988610637));
#282 = CARTESIAN_POINT('',(3.685045022723,4.632137803393));
#283 = CARTESIAN_POINT('',(3.779946273551,4.625748676629));
#284 = CARTESIAN_POINT('',(3.871737157206,4.619259566973));
#285 = CARTESIAN_POINT('',(3.96044497401,4.613017708495));
#286 = CARTESIAN_POINT('',(4.147744454141,4.600425506224));
#287 = CARTESIAN_POINT('',(4.246088144447,4.594207146126));
#288 = CARTESIAN_POINT('',(4.341853981751,4.588971001738));
#289 = CARTESIAN_POINT('',(4.435713840305,4.584929221231));
#290 = CARTESIAN_POINT('',(4.528324848906,4.582195583162));
#291 = CARTESIAN_POINT('',(4.620317539427,4.580826762306));
#292 = CARTESIAN_POINT('',(4.785630138922,4.580826762306));
#293 = CARTESIAN_POINT('',(4.858847167356,4.581692986784));
#294 = CARTESIAN_POINT('',(4.932369111898,4.583424247636));
#295 = CARTESIAN_POINT('',(5.006516633278,4.585997675245));
#296 = CARTESIAN_POINT('',(5.081607042778,4.589366399469));
#297 = CARTESIAN_POINT('',(5.157971983373,4.593451149393));
#298 = CARTESIAN_POINT('',(5.32228203641,4.603296433701));
#299 = CARTESIAN_POINT('',(5.410952597505,4.609210152829));
#300 = CARTESIAN_POINT('',(5.502307130734,4.615693396435));
#301 = CARTESIAN_POINT('',(5.596671143056,4.622481816533));
#302 = CARTESIAN_POINT('',(5.694450821727,4.629206834151));
#303 = CARTESIAN_POINT('',(5.796122565407,4.635377630131));
#304 = CARTESIAN_POINT('',(5.9546338283,4.642941759442));
#305 = CARTESIAN_POINT('',(6.007940822666,4.645166955874));
#306 = CARTESIAN_POINT('',(6.06207808035,4.64704447757));
#307 = CARTESIAN_POINT('',(6.11684695309,4.648506340438));
#308 = CARTESIAN_POINT('',(6.172068375528,4.649501308067));
#309 = CARTESIAN_POINT('',(6.227571995975,4.65));
#310 = CARTESIAN_POINT('',(6.28318530718,4.65));
#311 = ( GEOMETRIC_REPRESENTATION_CONTEXT(2) 
PARAMETRIC_REPRESENTATION_CONTEXT() REPRESENTATION_CONTEXT('2D SPACE',''
  ) );
#312 = FACE_BOUND('',#313,.T.);
#313 = EDGE_LOOP('',(#314));
#314 = ORIENTED_EDGE('',*,*,#315,.F.);
#315 = EDGE_CURVE('',#316,#316,#318,.T.);
#316 = VERTEX_POINT('',#317);
#317 = CARTESIAN_POINT('',(-30.00929213758,72.80800014697,115.7));
#318 = SURFACE_CURVE('',#319,(#382,#448),.PCURVE_S1.);
#319 = B_SPLINE_CURVE_WITH_KNOTS('',7,(#320,#321,#322,#323,#324,#325,
    #326,#327,#328,#329,#330,#331,#332,#333,#334,#335,#336,#337,#338,
    #339,#340,#341,#342,#343,#344,#345,#346,#347,#348,#349,#350,#351,
    #352,#353,#354,#355,#356,#357,#358,#359,#360,#361,#362,#363,#364,
    #365,#366,#367,#368,#369,#370,#371,#372,#373,#374,#375,#376,#377,
    #378,#379,#380,#381),.UNSPECIFIED.,.T.,.F.,(8,6,6,6,6,6,6,6,6,6,8),(
    0.,8.234434307787E-02,0.180747906898,0.344502944069,0.44227085872,
    0.531817499057,0.631497096346,0.750063026475,0.84438006741,
    0.948705396856,1.),.UNSPECIFIED.);
#320 = CARTESIAN_POINT('',(-30.00929213758,72.80800014697,115.7));
#321 = CARTESIAN_POINT('',(-30.28274688066,72.695290235216,115.7));
#322 = CARTESIAN_POINT('',(-30.55296409687,72.582513292981,
    115.73092753854));
#323 = CARTESIAN_POINT('',(-30.81535982236,72.471607454506,
    115.79166614339));
#324 = CARTESIAN_POINT('',(-31.06565033882,72.364533909975,
    115.87981698614));
#325 = CARTESIAN_POINT('',(-31.30013636513,72.263124326454,
    115.99177975916));
#326 = CARTESIAN_POINT('',(-31.51592979062,72.168927825704,
    116.12281778814));
#327 = CARTESIAN_POINT('',(-31.94438369084,71.980440339518,
    116.43953707675));
#328 = CARTESIAN_POINT('',(-32.15118116677,71.888413711986,
    116.63307587438));
#329 = CARTESIAN_POINT('',(-32.33217020413,71.807113821315,
    116.84253587933));
#330 = CARTESIAN_POINT('',(-32.48838423868,71.736421381592,
    117.06398548136));
#331 = CARTESIAN_POINT('',(-32.62094968138,71.676088691458,
    117.29441592349));
#332 = CARTESIAN_POINT('',(-32.73089109057,71.625837999238,
    117.53151014483));
#333 = CARTESIAN_POINT('',(-32.96569586058,71.518189501558,
    118.17623643787));
#334 = CARTESIAN_POINT('',(-33.05196189513,71.478215788214,
    118.59251019635));
#335 = CARTESIAN_POINT('',(-33.08171055505,71.464355709223,
    119.01452881857));
#336 = CARTESIAN_POINT('',(-33.05633416179,71.476150224601,
    119.43728640379));
#337 = CARTESIAN_POINT('',(-32.97506019948,71.513872985922,
    119.85564688134));
#338 = CARTESIAN_POINT('',(-32.83505543909,71.57842919529,
    120.26337597457));
#339 = CARTESIAN_POINT('',(-32.51040025873,71.726244563109,
    120.88082908087));
#340 = CARTESIAN_POINT('',(-32.36610964783,71.791650509607,
    121.10482874116));
#341 = CARTESIAN_POINT('',(-32.19791511087,71.867454639653,
    121.31924730446));
#342 = CARTESIAN_POINT('',(-32.00490816707,71.95380599733,
    121.52071274939));
#343 = CARTESIAN_POINT('',(-31.78636941547,72.050691134648,
    121.70513992053));
#344 = CARTESIAN_POINT('',(-31.54197223124,72.157833287401,
    121.86755540785));
#345 = CARTESIAN_POINT('',(-31.02506853046,72.381490155677,
    122.12472838659));
#346 = CARTESIAN_POINT('',(-30.75468567608,72.497310094342,
    122.22500648427));
#347 = CARTESIAN_POINT('',(-30.46657740173,72.619243006559,
    122.29430103863));
#348 = CARTESIAN_POINT('',(-30.16786377205,72.74391604513,
    122.32745414711));
#349 = CARTESIAN_POINT('',(-29.86660591309,72.867831177057,
    122.3225152658));
#350 = CARTESIAN_POINT('',(-29.5710187849,72.98773842377,122.28080241609
    ));
#351 = CARTESIAN_POINT('',(-28.97406813031,73.226911950167,
    122.12480009991));
#352 = CARTESIAN_POINT('',(-28.68015088864,73.342840975754,
    122.00395937392));
#353 = CARTESIAN_POINT('',(-28.41004767553,73.447841183439,
    121.85123244603));
#354 = CARTESIAN_POINT('',(-28.16578488397,73.541608484899,
    121.67281607042));
#355 = CARTESIAN_POINT('',(-27.94844660853,73.624170160657,
    121.47451777125));
#356 = CARTESIAN_POINT('',(-27.75828907975,73.695796168846,
    121.26182772025));
#357 = CARTESIAN_POINT('',(-27.40024296067,73.829752254293,
    120.77597752691));
#358 = CARTESIAN_POINT('',(-27.2413660312,73.888510746124,
    120.49623571875));
#359 = CARTESIAN_POINT('',(-27.11644706474,73.934335153589,
    120.20597220759));
#360 = CARTESIAN_POINT('',(-27.02392632686,73.968097811123,
    119.90881973914));
#361 = CARTESIAN_POINT('',(-26.9626259065,73.990407286001,
    119.60741197894));
#362 = CARTESIAN_POINT('',(-26.93193035494,74.001578546383,
    119.30383576285));
#363 = CARTESIAN_POINT('',(-26.93193035494,74.001578546383,
    118.75830417682));
#364 = CARTESIAN_POINT('',(-26.95135484355,73.994509268628,
    118.51668880857));
#365 = CARTESIAN_POINT('',(-26.99017915125,73.980379596099,
    118.2761812785));
#366 = CARTESIAN_POINT('',(-27.04863981938,73.959067297433,
    118.03784456729));
#367 = CARTESIAN_POINT('',(-27.1271955697,73.930332605869,
    117.80291766458));
#368 = CARTESIAN_POINT('',(-27.22648474829,73.893826673766,
    117.57296001522));
#369 = CARTESIAN_POINT('',(-27.48089163738,73.799616497638,
    117.10338097113));
#370 = CARTESIAN_POINT('',(-27.64136749751,73.739869470148,
    116.86430500869));
#371 = CARTESIAN_POINT('',(-27.82978513276,73.669221678479,
    116.63631842021));
#372 = CARTESIAN_POINT('',(-28.04698119196,73.587042358944,
    116.42374186635));
#373 = CARTESIAN_POINT('',(-28.29339731474,73.492750821411,
    116.23177486666));
#374 = CARTESIAN_POINT('',(-28.56879044959,73.385916368642,
    116.06671668932));
#375 = CARTESIAN_POINT('',(-29.02064850043,73.207855371793,
    115.87230483322));
#376 = CARTESIAN_POINT('',(-29.17609725311,73.14619081871,
    115.81668144627));
#377 = CARTESIAN_POINT('',(-29.3369806512,73.081910217056,
    115.77079487004));
#378 = CARTESIAN_POINT('',(-29.502081593,73.015441687541,115.73563760038
    ));
#379 = CARTESIAN_POINT('',(-29.67008399681,72.94727226229,
    115.71190752008));
#380 = CARTESIAN_POINT('',(-29.83961582993,72.877935674313,115.7));
#381 = CARTESIAN_POINT('',(-30.00929213758,72.80800014697,115.7));
#382 = PCURVE('',#31,#383);
#383 = DEFINITIONAL_REPRESENTATION('',(#384),#447);
#384 = B_SPLINE_CURVE_WITH_KNOTS('',7,(#385,#386,#387,#388,#389,#390,
    #391,#392,#393,#394,#395,#396,#397,#398,#399,#400,#401,#402,#403,
    #404,#405,#406,#407,#408,#409,#410,#411,#412,#413,#414,#415,#416,
    #417,#418,#419,#420,#421,#422,#423,#424,#425,#426,#427,#428,#429,
    #430,#431,#432,#433,#434,#435,#436,#437,#438,#439,#440,#441,#442,
    #443,#444,#445,#446),.UNSPECIFIED.,.T.,.F.,(8,6,6,6,6,6,6,6,6,6,8),(
    0.,8.234434307787E-02,0.180747906898,0.344502944069,0.44227085872,
    0.531817499057,0.631497096346,0.750063026475,0.84438006741,
    0.948705396856,1.),.UNSPECIFIED.);
#385 = CARTESIAN_POINT('',(1.961750079242,-10.29999694824));
#386 = CARTESIAN_POINT('',(1.965505912976,-10.29999694824));
#387 = CARTESIAN_POINT('',(1.969224061706,-10.26906940969));
#388 = CARTESIAN_POINT('',(1.972841415945,-10.20833080484));
#389 = CARTESIAN_POINT('',(1.976298273747,-10.12017996209));
#390 = CARTESIAN_POINT('',(1.979542372535,-10.00821718907));
#391 = CARTESIAN_POINT('',(1.982532284708,-9.877179160092));
#392 = CARTESIAN_POINT('',(1.988476176588,-9.560459871489));
#393 = CARTESIAN_POINT('',(1.991350429997,-9.366921073859));
#394 = CARTESIAN_POINT('',(1.99386990748,-9.157461068905));
#395 = CARTESIAN_POINT('',(1.996047230639,-8.93601146688));
#396 = CARTESIAN_POINT('',(1.997896737632,-8.705581024744));
#397 = CARTESIAN_POINT('',(1.99943173499,-8.468486803404));
#398 = CARTESIAN_POINT('',(2.002711798631,-7.823760510362));
#399 = CARTESIAN_POINT('',(2.003919121959,-7.407486751882));
#400 = CARTESIAN_POINT('',(2.004335875639,-6.985468129669));
#401 = CARTESIAN_POINT('',(2.003980529604,-6.562710544442));
#402 = CARTESIAN_POINT('',(2.002842724783,-6.144350066897));
#403 = CARTESIAN_POINT('',(2.000885014267,-5.736620973664));
#404 = CARTESIAN_POINT('',(1.996355214941,-5.119167867361));
#405 = CARTESIAN_POINT('',(1.994343502216,-4.895168207072));
#406 = CARTESIAN_POINT('',(1.99200081208,-4.680749643776));
#407 = CARTESIAN_POINT('',(1.98931583894,-4.479284198848));
#408 = CARTESIAN_POINT('',(1.986280292435,-4.29485702771));
#409 = CARTESIAN_POINT('',(1.98289174809,-4.132441540382));
#410 = CARTESIAN_POINT('',(1.975739803754,-3.875268561647));
#411 = CARTESIAN_POINT('',(1.972004655822,-3.774990463969));
#412 = CARTESIAN_POINT('',(1.968032045714,-3.705695909602));
#413 = CARTESIAN_POINT('',(1.963921827215,-3.672542801127));
#414 = CARTESIAN_POINT('',(1.959785437782,-3.677481682431));
#415 = CARTESIAN_POINT('',(1.95573490937,-3.71919453215));
#416 = CARTESIAN_POINT('',(1.947568792675,-3.875196848328));
#417 = CARTESIAN_POINT('',(1.943556737432,-3.996037574311));
#418 = CARTESIAN_POINT('',(1.939876874095,-4.148764502206));
#419 = CARTESIAN_POINT('',(1.936554474536,-4.327180877811));
#420 = CARTESIAN_POINT('',(1.933602219653,-4.525479176987));
#421 = CARTESIAN_POINT('',(1.931021910694,-4.738169227986));
#422 = CARTESIAN_POINT('',(1.92616750738,-5.224019421327));
#423 = CARTESIAN_POINT('',(1.924016483559,-5.50376122949));
#424 = CARTESIAN_POINT('',(1.922326853845,-5.794024740646));
#425 = CARTESIAN_POINT('',(1.921076205695,-6.091177209099));
#426 = CARTESIAN_POINT('',(1.920247839359,-6.392584969298));
#427 = CARTESIAN_POINT('',(1.919833043445,-6.696161185387));
#428 = CARTESIAN_POINT('',(1.919833043445,-7.241692771412));
#429 = CARTESIAN_POINT('',(1.920095530889,-7.483308139661));
#430 = CARTESIAN_POINT('',(1.920620172678,-7.723815669731));
#431 = CARTESIAN_POINT('',(1.921410322536,-7.962152380946));
#432 = CARTESIAN_POINT('',(1.922472495215,-8.197079283651));
#433 = CARTESIAN_POINT('',(1.92381582669,-8.42703693302));
#434 = CARTESIAN_POINT('',(1.927260782778,-8.896615977107));
#435 = CARTESIAN_POINT('',(1.929435221237,-9.135691939549));
#436 = CARTESIAN_POINT('',(1.931990473233,-9.363678528026));
#437 = CARTESIAN_POINT('',(1.934939311816,-9.576255081885));
#438 = CARTESIAN_POINT('',(1.938289618141,-9.768222081577));
#439 = CARTESIAN_POINT('',(1.942040543327,-9.933280258916));
#440 = CARTESIAN_POINT('',(1.948207860747,-10.12769211501));
#441 = CARTESIAN_POINT('',(1.950331447392,-10.18331550196));
#442 = CARTESIAN_POINT('',(1.952531432502,-10.22920207819));
#443 = CARTESIAN_POINT('',(1.954791463871,-10.26435934785));
#444 = CARTESIAN_POINT('',(1.957093749016,-10.28808942815));
#445 = CARTESIAN_POINT('',(1.959419616829,-10.29999694824));
#446 = CARTESIAN_POINT('',(1.961750079242,-10.29999694824));
#447 = ( GEOMETRIC_REPRESENTATION_CONTEXT(2) 
PARAMETRIC_REPRESENTATION_CONTEXT() REPRESENTATION_CONTEXT('2D SPACE',''
  ) );
#448 = PCURVE('',#449,#454);
#449 = CYLINDRICAL_SURFACE('',#450,3.3);
#450 = AXIS2_PLACEMENT_3D('',#451,#452,#453);
#451 = CARTESIAN_POINT('',(-28.23731488755,68.508861090672,119.));
#452 = DIRECTION('',(-0.38107037635,0.924546033612,2.22044604925E-16));
#453 = DIRECTION('',(-8.461462116533E-17,2.052904587685E-16,-1.));
#454 = DEFINITIONAL_REPRESENTATION('',(#455),#518);
#455 = B_SPLINE_CURVE_WITH_KNOTS('',7,(#456,#457,#458,#459,#460,#461,
    #462,#463,#464,#465,#466,#467,#468,#469,#470,#471,#472,#473,#474,
    #475,#476,#477,#478,#479,#480,#481,#482,#483,#484,#485,#486,#487,
    #488,#489,#490,#491,#492,#493,#494,#495,#496,#497,#498,#499,#500,
    #501,#502,#503,#504,#505,#506,#507,#508,#509,#510,#511,#512,#513,
    #514,#515,#516,#517),.UNSPECIFIED.,.F.,.F.,(8,6,6,6,6,6,6,6,6,6,8),(
    0.,8.234434307787E-02,0.180747906898,0.344502944069,0.44227085872,
    0.531817499057,0.631497096346,0.750063026475,0.84438006741,
    0.948705396856,1.),.UNSPECIFIED.);
#456 = CARTESIAN_POINT('',(0.,4.65));
#457 = CARTESIAN_POINT('',(8.962785047861E-02,4.65));
#458 = CARTESIAN_POINT('',(0.178356292718,4.648704301652));
#459 = CARTESIAN_POINT('',(0.265853892165,4.646157986451));
#460 = CARTESIAN_POINT('',(0.351761969139,4.642541866852));
#461 = CARTESIAN_POINT('',(0.4356573818,4.638139716934));
#462 = CARTESIAN_POINT('',(0.516990534088,4.633283197648));
#463 = CARTESIAN_POINT('',(0.688220222351,4.622288928917));
#464 = CARTESIAN_POINT('',(0.77787524969,4.616010467425));
#465 = CARTESIAN_POINT('',(0.864540134896,4.609814536553));
#466 = CARTESIAN_POINT('',(0.948677490023,4.603984662741));
#467 = CARTESIAN_POINT('',(1.030698941312,4.598721076521));
#468 = CARTESIAN_POINT('',(1.111004322815,4.59415741252));
#469 = CARTESIAN_POINT('',(1.321450630797,4.584108563042));
#470 = CARTESIAN_POINT('',(1.449256611555,4.580024455173));
#471 = CARTESIAN_POINT('',(1.57538190161,4.578546507148));
#472 = CARTESIAN_POINT('',(1.701374870495,4.579780887827));
#473 = CARTESIAN_POINT('',(1.828770702074,4.583686217778));
#474 = CARTESIAN_POINT('',(1.959111778058,4.590019738363));
#475 = CARTESIAN_POINT('',(2.175164333898,4.602965378623));
#476 = CARTESIAN_POINT('',(2.257937925184,4.608451309633));
#477 = CARTESIAN_POINT('',(2.343007256456,4.614441761901));
#478 = CARTESIAN_POINT('',(2.43067378361,4.620728338425));
#479 = CARTESIAN_POINT('',(2.521293805338,4.627024463528));
#480 = CARTESIAN_POINT('',(2.615277571741,4.632949788916));
#481 = CARTESIAN_POINT('',(2.802876005206,4.642754171579));
#482 = CARTESIAN_POINT('',(2.896571231607,4.646800140407));
#483 = CARTESIAN_POINT('',(2.992704726166,4.649743202228));
#484 = CARTESIAN_POINT('',(3.090109524954,4.651178250251));
#485 = CARTESIAN_POINT('',(3.187788260353,4.650943048288));
#486 = CARTESIAN_POINT('',(3.284702874888,4.649163319455));
#487 = CARTESIAN_POINT('',(3.485218834305,4.642810044023));
#488 = CARTESIAN_POINT('',(3.586885964952,4.637988610909));
#489 = CARTESIAN_POINT('',(3.685045029069,4.632137803381));
#490 = CARTESIAN_POINT('',(3.779946277359,4.62574867612));
#491 = CARTESIAN_POINT('',(3.871737149626,4.619259567553));
#492 = CARTESIAN_POINT('',(3.960444977352,4.61301770827));
#493 = CARTESIAN_POINT('',(4.147744451523,4.6004255064));
#494 = CARTESIAN_POINT('',(4.24608815052,4.594207145657));
#495 = CARTESIAN_POINT('',(4.341853977863,4.588971002259));
#496 = CARTESIAN_POINT('',(4.43571383738,4.584929220961));
#497 = CARTESIAN_POINT('',(4.528324854246,4.582195583214));
#498 = CARTESIAN_POINT('',(4.620317537096,4.580826762306));
#499 = CARTESIAN_POINT('',(4.785630138922,4.580826762306));
#500 = CARTESIAN_POINT('',(4.858847167357,4.581692986784));
#501 = CARTESIAN_POINT('',(4.932369111898,4.583424247636));
#502 = CARTESIAN_POINT('',(5.006516633278,4.585997675245));
#503 = CARTESIAN_POINT('',(5.081607042778,4.589366399469));
#504 = CARTESIAN_POINT('',(5.157971983373,4.593451149393));
#505 = CARTESIAN_POINT('',(5.32228203641,4.603296433701));
#506 = CARTESIAN_POINT('',(5.410952597505,4.609210152829));
#507 = CARTESIAN_POINT('',(5.502307130734,4.615693396435));
#508 = CARTESIAN_POINT('',(5.596671143055,4.622481816533));
#509 = CARTESIAN_POINT('',(5.694450821727,4.629206834151));
#510 = CARTESIAN_POINT('',(5.796122565407,4.635377630131));
#511 = CARTESIAN_POINT('',(5.954633824128,4.642941759243));
#512 = CARTESIAN_POINT('',(6.007940826868,4.645166955963));
#513 = CARTESIAN_POINT('',(6.062078083847,4.647044477726));
#514 = CARTESIAN_POINT('',(6.116846949913,4.648506340429));
#515 = CARTESIAN_POINT('',(6.172068371209,4.649501307949));
#516 = CARTESIAN_POINT('',(6.227571999616,4.65));
#517 = CARTESIAN_POINT('',(6.28318530718,4.65));
#518 = ( GEOMETRIC_REPRESENTATION_CONTEXT(2) 
PARAMETRIC_REPRESENTATION_CONTEXT() REPRESENTATION_CONTEXT('2D SPACE',''
  ) );
#519 = FACE_BOUND('',#520,.T.);
#520 = EDGE_LOOP('',(#521));
#521 = ORIENTED_EDGE('',*,*,#522,.F.);
#522 = EDGE_CURVE('',#523,#523,#525,.T.);
#523 = VERTEX_POINT('',#524);
#524 = CARTESIAN_POINT('',(-78.0582237948,10.415190732748,115.7));
#525 = SURFACE_CURVE('',#526,(#589,#655),.PCURVE_S1.);
#526 = B_SPLINE_CURVE_WITH_KNOTS('',7,(#527,#528,#529,#530,#531,#532,
    #533,#534,#535,#536,#537,#538,#539,#540,#541,#542,#543,#544,#545,
    #546,#547,#548,#549,#550,#551,#552,#553,#554,#555,#556,#557,#558,
    #559,#560,#561,#562,#563,#564,#565,#566,#567,#568,#569,#570,#571,
    #572,#573,#574,#575,#576,#577,#578,#579,#580,#581,#582,#583,#584,
    #585,#586,#587,#588),.UNSPECIFIED.,.T.,.F.,(8,6,6,6,6,6,6,6,6,6,8),(
    0.,8.234434161774E-02,0.180747903701,0.344502941244,0.442270853477,
    0.531817492991,0.631497090697,0.750063021324,0.844380062655,
    0.948705392543,1.),.UNSPECIFIED.);
#527 = CARTESIAN_POINT('',(-78.0582237948,10.415190732748,115.7));
#528 = CARTESIAN_POINT('',(-78.09734151951,10.122017022599,115.7));
#529 = CARTESIAN_POINT('',(-78.13478243068,9.831613577661,
    115.73092753854));
#530 = CARTESIAN_POINT('',(-78.16993301988,9.548919294309,115.7916661434
    ));
#531 = CARTESIAN_POINT('',(-78.20234986846,9.278624576498,
    115.87981698614));
#532 = CARTESIAN_POINT('',(-78.2317696061,9.024848929121,115.99177975915
    ));
#533 = CARTESIAN_POINT('',(-78.25808975625,8.79086809027,116.12281778816
    ));
#534 = CARTESIAN_POINT('',(-78.30908175503,8.32557238525,116.43953707675
    ));
#535 = CARTESIAN_POINT('',(-78.33278309573,8.100467203893,
    116.63307587438));
#536 = CARTESIAN_POINT('',(-78.35286984376,7.903076154398,
    116.84253587933));
#537 = CARTESIAN_POINT('',(-78.36975541238,7.732444612181,
    117.06398548136));
#538 = CARTESIAN_POINT('',(-78.3837884914,7.587473226075,117.29441592349
    ));
#539 = CARTESIAN_POINT('',(-78.39524081997,7.467135826677,
    117.53151014483));
#540 = CARTESIAN_POINT('',(-78.41941687161,7.20996467888,118.17623644589
    ));
#541 = CARTESIAN_POINT('',(-78.42793163681,7.115269253775,
    118.59251016322));
#542 = CARTESIAN_POINT('',(-78.43080278673,7.082576113771,
    119.01452888231));
#543 = CARTESIAN_POINT('',(-78.4283289413,7.110449959994,119.43728633452
    ));
#544 = CARTESIAN_POINT('',(-78.42036082717,7.199696683252,
    119.85564692211));
#545 = CARTESIAN_POINT('',(-78.40626576625,7.353222446546,
    120.26337596383));
#546 = CARTESIAN_POINT('',(-78.37195003906,7.708289770393,
    120.88082908105));
#547 = CARTESIAN_POINT('',(-78.35644794484,7.865952078142,
    121.10482874115));
#548 = CARTESIAN_POINT('',(-78.33799897871,8.049514884805,
    121.31924730432));
#549 = CARTESIAN_POINT('',(-78.31627797621,8.259839480052,
    121.52071274931));
#550 = CARTESIAN_POINT('',(-78.29091359056,8.497542159458,
    121.70513992058));
#551 = CARTESIAN_POINT('',(-78.26150282453,8.762767406158,
    121.86755540794));
#552 = CARTESIAN_POINT('',(-78.19674350336,9.322247580289,
    122.12472838842));
#553 = CARTESIAN_POINT('',(-78.16185508701,9.614315956383,122.225006482)
  );
#554 = CARTESIAN_POINT('',(-78.12339794731,9.924791513079,
    122.29430103819));
#555 = CARTESIAN_POINT('',(-78.08201115112,10.245821624125,
    122.32745414875));
#556 = CARTESIAN_POINT('',(-78.03869587588,10.568676133087,
    122.32251526608));
#557 = CARTESIAN_POINT('',(-77.99474503163,10.884615732402,
    122.2808024151));
#558 = CARTESIAN_POINT('',(-77.90340005468,11.52117692325,
    122.12480009991));
#559 = CARTESIAN_POINT('',(-77.85683891504,11.833681233943,
    122.00395937392));
#560 = CARTESIAN_POINT('',(-77.81272015575,12.120097581979,
    121.85123244603));
#561 = CARTESIAN_POINT('',(-77.77179362507,12.3785190154,121.67281607042
    ));
#562 = CARTESIAN_POINT('',(-77.73462499594,12.608020321024,
    121.47451777125));
#563 = CARTESIAN_POINT('',(-77.70157617421,12.808514575762,
    121.26182772025));
#564 = CARTESIAN_POINT('',(-77.63856248766,13.185569653335,
    120.77597752691));
#565 = CARTESIAN_POINT('',(-77.61001036954,13.352540356247,
    120.49623571875));
#566 = CARTESIAN_POINT('',(-77.58723598729,13.483635558349,
    120.20597220759));
#567 = CARTESIAN_POINT('',(-77.57021493747,13.580642196498,
    119.90881973914));
#568 = CARTESIAN_POINT('',(-77.55888529928,13.644884655234,
    119.60741197894));
#569 = CARTESIAN_POINT('',(-77.55321211878,13.677053412859,
    119.30383576285));
#570 = CARTESIAN_POINT('',(-77.55321211878,13.677053412859,
    118.75830417682));
#571 = CARTESIAN_POINT('',(-77.55680218897,13.656696673384,
    118.51668880857));
#572 = CARTESIAN_POINT('',(-77.56397768746,13.61600900037,118.2761812785
    ));
#573 = CARTESIAN_POINT('',(-77.57475102947,13.55472442731,
    118.03784456729));
#574 = CARTESIAN_POINT('',(-77.58914393176,13.472325806144,
    117.80291766458));
#575 = CARTESIAN_POINT('',(-77.60717345647,13.368085889112,
    117.57296001522));
#576 = CARTESIAN_POINT('',(-77.65278849519,13.100657972188,
    117.10338097112));
#577 = CARTESIAN_POINT('',(-77.68128398165,12.931808286881,
    116.86430500869));
#578 = CARTESIAN_POINT('',(-77.71431001697,12.73330993241,
    116.63631842022));
#579 = CARTESIAN_POINT('',(-77.75173866818,12.504122967775,
    116.42374186635));
#580 = CARTESIAN_POINT('',(-77.79328786271,12.24357457677,
    116.23177486666));
#581 = CARTESIAN_POINT('',(-77.83846308004,11.951659899569,
    116.06671668931));
#582 = CARTESIAN_POINT('',(-77.91018676065,11.47130883759,
    115.87230482811));
#583 = CARTESIAN_POINT('',(-77.93450806375,11.305854018235,
    115.81668144851));
#584 = CARTESIAN_POINT('',(-77.95928112908,11.134384604945,
    115.77079487401));
#585 = CARTESIAN_POINT('',(-77.98426816784,10.958168709321,
    115.73563760018));
#586 = CARTESIAN_POINT('',(-78.00923291626,10.778589643887,
    115.7119075171));
#587 = CARTESIAN_POINT('',(-78.0339515827,10.597102501167,115.7));
#588 = CARTESIAN_POINT('',(-78.0582237948,10.415190732748,115.7));
#589 = PCURVE('',#31,#590);
#590 = DEFINITIONAL_REPRESENTATION('',(#591),#654);
#591 = B_SPLINE_CURVE_WITH_KNOTS('',7,(#592,#593,#594,#595,#596,#597,
    #598,#599,#600,#601,#602,#603,#604,#605,#606,#607,#608,#609,#610,
    #611,#612,#613,#614,#615,#616,#617,#618,#619,#620,#621,#622,#623,
    #624,#625,#626,#627,#628,#629,#630,#631,#632,#633,#634,#635,#636,
    #637,#638,#639,#640,#641,#642,#643,#644,#645,#646,#647,#648,#649,
    #650,#651,#652,#653),.UNSPECIFIED.,.T.,.F.,(8,6,6,6,6,6,6,6,6,6,8),(
    0.,8.234434161774E-02,0.180747903701,0.344502941244,0.442270853477,
    0.531817492991,0.631497090697,0.750063021324,0.844380062655,
    0.948705392543,1.),.UNSPECIFIED.);
#592 = CARTESIAN_POINT('',(3.008947630438,-10.29999694824));
#593 = CARTESIAN_POINT('',(3.012703464172,-10.29999694824));
#594 = CARTESIAN_POINT('',(3.016421612903,-10.26906940969));
#595 = CARTESIAN_POINT('',(3.020038967142,-10.20833080483));
#596 = CARTESIAN_POINT('',(3.023495824944,-10.12017996209));
#597 = CARTESIAN_POINT('',(3.026739923731,-10.00821718908));
#598 = CARTESIAN_POINT('',(3.029729835905,-9.87717916008));
#599 = CARTESIAN_POINT('',(3.035673727784,-9.560459871489));
#600 = CARTESIAN_POINT('',(3.038547981193,-9.366921073859));
#601 = CARTESIAN_POINT('',(3.041067458677,-9.157461068905));
#602 = CARTESIAN_POINT('',(3.043244781836,-8.93601146688));
#603 = CARTESIAN_POINT('',(3.045094288829,-8.705581024744));
#604 = CARTESIAN_POINT('',(3.046629286187,-8.468486803403));
#605 = CARTESIAN_POINT('',(3.049909349868,-7.823760502342));
#606 = CARTESIAN_POINT('',(3.051116673082,-7.407486785014));
#607 = CARTESIAN_POINT('',(3.051533426829,-6.985468065927));
#608 = CARTESIAN_POINT('',(3.051178080956,-6.562710613719));
#609 = CARTESIAN_POINT('',(3.050040275796,-6.144350026122));
#610 = CARTESIAN_POINT('',(3.048082565543,-5.736620984402));
#611 = CARTESIAN_POINT('',(3.043552766136,-5.119167867181));
#612 = CARTESIAN_POINT('',(3.041541053413,-4.895168207089));
#613 = CARTESIAN_POINT('',(3.039198363278,-4.680749643918));
#614 = CARTESIAN_POINT('',(3.036513390139,-4.47928419893));
#615 = CARTESIAN_POINT('',(3.033477843631,-4.294857027654));
#616 = CARTESIAN_POINT('',(3.030089299284,-4.132441540298));
#617 = CARTESIAN_POINT('',(3.0229373549,-3.875268559814));
#618 = CARTESIAN_POINT('',(3.019202207145,-3.774990466237));
#619 = CARTESIAN_POINT('',(3.015229596833,-3.705695910048));
#620 = CARTESIAN_POINT('',(3.011119378334,-3.672542799483));
#621 = CARTESIAN_POINT('',(3.006982989106,-3.677481682155));
#622 = CARTESIAN_POINT('',(3.002932460515,-3.719194533138));
#623 = CARTESIAN_POINT('',(2.994766343871,-3.875196848328));
#624 = CARTESIAN_POINT('',(2.990754288629,-3.996037574311));
#625 = CARTESIAN_POINT('',(2.987074425291,-4.148764502206));
#626 = CARTESIAN_POINT('',(2.983752025732,-4.327180877811));
#627 = CARTESIAN_POINT('',(2.980799770849,-4.525479176987));
#628 = CARTESIAN_POINT('',(2.978219461891,-4.738169227986));
#629 = CARTESIAN_POINT('',(2.973365058577,-5.224019421328));
#630 = CARTESIAN_POINT('',(2.971214034755,-5.503761229489));
#631 = CARTESIAN_POINT('',(2.969524405041,-5.794024740647));
#632 = CARTESIAN_POINT('',(2.968273756892,-6.091177209098));
#633 = CARTESIAN_POINT('',(2.967445390556,-6.392584969299));
#634 = CARTESIAN_POINT('',(2.967030594642,-6.696161185387));
#635 = CARTESIAN_POINT('',(2.967030594642,-7.241692771412));
#636 = CARTESIAN_POINT('',(2.967293082085,-7.483308139661));
#637 = CARTESIAN_POINT('',(2.967817723875,-7.723815669731));
#638 = CARTESIAN_POINT('',(2.968607873733,-7.962152380946));
#639 = CARTESIAN_POINT('',(2.969670046411,-8.197079283651));
#640 = CARTESIAN_POINT('',(2.971013377886,-8.42703693302));
#641 = CARTESIAN_POINT('',(2.974458333975,-8.896615977119));
#642 = CARTESIAN_POINT('',(2.976632772433,-9.135691939548));
#643 = CARTESIAN_POINT('',(2.97918802443,-9.363678528016));
#644 = CARTESIAN_POINT('',(2.982136863013,-9.576255081881));
#645 = CARTESIAN_POINT('',(2.985487169338,-9.76822208158));
#646 = CARTESIAN_POINT('',(2.989238094524,-9.933280258921));
#647 = CARTESIAN_POINT('',(2.995405412105,-10.12769212012));
#648 = CARTESIAN_POINT('',(2.997528998418,-10.18331549973));
#649 = CARTESIAN_POINT('',(2.999728983561,-10.22920207422));
#650 = CARTESIAN_POINT('',(3.001989015201,-10.26435934805));
#651 = CARTESIAN_POINT('',(3.004291300387,-10.28808943113));
#652 = CARTESIAN_POINT('',(3.006617167874,-10.29999694824));
#653 = CARTESIAN_POINT('',(3.008947630438,-10.29999694824));
#654 = ( GEOMETRIC_REPRESENTATION_CONTEXT(2) 
PARAMETRIC_REPRESENTATION_CONTEXT() REPRESENTATION_CONTEXT('2D SPACE',''
  ) );
#655 = PCURVE('',#656,#661);
#656 = CYLINDRICAL_SURFACE('',#657,3.3);
#657 = AXIS2_PLACEMENT_3D('',#658,#659,#660);
#658 = CARTESIAN_POINT('',(-73.44907153263,9.800198518053,119.));
#659 = DIRECTION('',(-0.991215540252,0.132256390257,2.22044604925E-16));
#660 = DIRECTION('',(-2.200940630307E-16,2.936681792345E-17,-1.));
#661 = DEFINITIONAL_REPRESENTATION('',(#662),#725);
#662 = B_SPLINE_CURVE_WITH_KNOTS('',7,(#663,#664,#665,#666,#667,#668,
    #669,#670,#671,#672,#673,#674,#675,#676,#677,#678,#679,#680,#681,
    #682,#683,#684,#685,#686,#687,#688,#689,#690,#691,#692,#693,#694,
    #695,#696,#697,#698,#699,#700,#701,#702,#703,#704,#705,#706,#707,
    #708,#709,#710,#711,#712,#713,#714,#715,#716,#717,#718,#719,#720,
    #721,#722,#723,#724),.UNSPECIFIED.,.F.,.F.,(8,6,6,6,6,6,6,6,6,6,8),(
    0.,8.234434161774E-02,0.180747903701,0.344502941244,0.442270853477,
    0.531817492991,0.631497090697,0.750063021324,0.844380062655,
    0.948705392543,1.),.UNSPECIFIED.);
#663 = CARTESIAN_POINT('',(0.,4.65));
#664 = CARTESIAN_POINT('',(8.962785047205E-02,4.65));
#665 = CARTESIAN_POINT('',(0.178356292724,4.648704301652));
#666 = CARTESIAN_POINT('',(0.265853892171,4.646157986451));
#667 = CARTESIAN_POINT('',(0.351761969134,4.642541866852));
#668 = CARTESIAN_POINT('',(0.435657381793,4.638139716935));
#669 = CARTESIAN_POINT('',(0.516990534094,4.633283197648));
#670 = CARTESIAN_POINT('',(0.688220222351,4.622288928917));
#671 = CARTESIAN_POINT('',(0.77787524969,4.616010467425));
#672 = CARTESIAN_POINT('',(0.864540134896,4.609814536553));
#673 = CARTESIAN_POINT('',(0.948677490023,4.603984662741));
#674 = CARTESIAN_POINT('',(1.030698941312,4.598721076521));
#675 = CARTESIAN_POINT('',(1.111004322815,4.59415741252));
#676 = CARTESIAN_POINT('',(1.321450633415,4.584108562917));
#677 = CARTESIAN_POINT('',(1.449256600734,4.580024455407));
#678 = CARTESIAN_POINT('',(1.575381922552,4.578546507139));
#679 = CARTESIAN_POINT('',(1.701374847474,4.579780887394));
#680 = CARTESIAN_POINT('',(1.828770715891,4.583686218301));
#681 = CARTESIAN_POINT('',(1.9591117743,4.590019738137));
#682 = CARTESIAN_POINT('',(2.175164333961,4.602965378627));
#683 = CARTESIAN_POINT('',(2.257937925185,4.608451309633));
#684 = CARTESIAN_POINT('',(2.343007256405,4.614441761897));
#685 = CARTESIAN_POINT('',(2.430673783564,4.620728338421));
#686 = CARTESIAN_POINT('',(2.521293805349,4.62702446353));
#687 = CARTESIAN_POINT('',(2.615277571802,4.63294978892));
#688 = CARTESIAN_POINT('',(2.802876006544,4.642754171649));
#689 = CARTESIAN_POINT('',(2.896571228393,4.646800140321));
#690 = CARTESIAN_POINT('',(2.992704728077,4.649743202209));
#691 = CARTESIAN_POINT('',(3.090109526922,4.651178250314));
#692 = CARTESIAN_POINT('',(3.187788257213,4.650943048302));
#693 = CARTESIAN_POINT('',(3.284702876158,4.649163319414));
#694 = CARTESIAN_POINT('',(3.485218834305,4.642810044022));
#695 = CARTESIAN_POINT('',(3.586885964952,4.637988610909));
#696 = CARTESIAN_POINT('',(3.685045029069,4.632137803381));
#697 = CARTESIAN_POINT('',(3.779946277359,4.62574867612));
#698 = CARTESIAN_POINT('',(3.871737149626,4.619259567553));
#699 = CARTESIAN_POINT('',(3.960444977352,4.61301770827));
#700 = CARTESIAN_POINT('',(4.147744451523,4.6004255064));
#701 = CARTESIAN_POINT('',(4.24608815052,4.594207145657));
#702 = CARTESIAN_POINT('',(4.341853977863,4.588971002259));
#703 = CARTESIAN_POINT('',(4.43571383738,4.584929220961));
#704 = CARTESIAN_POINT('',(4.528324854246,4.582195583214));
#705 = CARTESIAN_POINT('',(4.620317537096,4.580826762306));
#706 = CARTESIAN_POINT('',(4.785630138922,4.580826762306));
#707 = CARTESIAN_POINT('',(4.858847167356,4.581692986784));
#708 = CARTESIAN_POINT('',(4.932369111898,4.583424247636));
#709 = CARTESIAN_POINT('',(5.006516633278,4.585997675245));
#710 = CARTESIAN_POINT('',(5.081607042778,4.589366399469));
#711 = CARTESIAN_POINT('',(5.157971983373,4.593451149393));
#712 = CARTESIAN_POINT('',(5.322282036414,4.603296433701));
#713 = CARTESIAN_POINT('',(5.410952597505,4.609210152829));
#714 = CARTESIAN_POINT('',(5.502307130731,4.615693396434));
#715 = CARTESIAN_POINT('',(5.596671143052,4.622481816533));
#716 = CARTESIAN_POINT('',(5.694450821728,4.629206834151));
#717 = CARTESIAN_POINT('',(5.796122565411,4.635377630131));
#718 = CARTESIAN_POINT('',(5.954633828297,4.642941759442));
#719 = CARTESIAN_POINT('',(6.007940822669,4.645166955874));
#720 = CARTESIAN_POINT('',(6.062078080353,4.647044477571));
#721 = CARTESIAN_POINT('',(6.116846953088,4.648506340438));
#722 = CARTESIAN_POINT('',(6.172068375525,4.649501308067));
#723 = CARTESIAN_POINT('',(6.227571995977,4.65));
#724 = CARTESIAN_POINT('',(6.28318530718,4.65));
#725 = ( GEOMETRIC_REPRESENTATION_CONTEXT(2) 
PARAMETRIC_REPRESENTATION_CONTEXT() REPRESENTATION_CONTEXT('2D SPACE',''
  ) );
#726 = FACE_BOUND('',#727,.T.);
#727 = EDGE_LOOP('',(#728));
#728 = ORIENTED_EDGE('',*,*,#729,.F.);
#729 = EDGE_CURVE('',#730,#730,#732,.T.);
#730 = VERTEX_POINT('',#731);
#731 = CARTESIAN_POINT('',(-48.04893165722,-62.39280941422,115.7));
#732 = SURFACE_CURVE('',#733,(#796,#862),.PCURVE_S1.);
#733 = B_SPLINE_CURVE_WITH_KNOTS('',7,(#734,#735,#736,#737,#738,#739,
    #740,#741,#742,#743,#744,#745,#746,#747,#748,#749,#750,#751,#752,
    #753,#754,#755,#756,#757,#758,#759,#760,#761,#762,#763,#764,#765,
    #766,#767,#768,#769,#770,#771,#772,#773,#774,#775,#776,#777,#778,
    #779,#780,#781,#782,#783,#784,#785,#786,#787,#788,#789,#790,#791,
    #792,#793,#794,#795),.UNSPECIFIED.,.T.,.F.,(8,6,6,6,6,6,6,6,6,6,8),(
    0.,8.234433855679E-02,0.180747897763,0.344502927255,0.442270838952,
    0.531817479314,0.631497077225,0.750063010154,0.844380055704,
    0.948705390255,1.),.UNSPECIFIED.);
#734 = CARTESIAN_POINT('',(-48.04893165722,-62.39280941422,115.7));
#735 = CARTESIAN_POINT('',(-47.81459463693,-62.57327321411,115.7));
#736 = CARTESIAN_POINT('',(-47.58181833846,-62.75089971175,
    115.7309275375));
#737 = CARTESIAN_POINT('',(-47.3545731949,-62.92268816212,
    115.79166614484));
#738 = CARTESIAN_POINT('',(-47.13669952663,-63.08590933578,
    115.87981698672));
#739 = CARTESIAN_POINT('',(-46.93163324513,-63.23827539424,
    115.99177975705));
#740 = CARTESIAN_POINT('',(-46.74215996425,-63.37805973642,
    116.1228177893));
#741 = CARTESIAN_POINT('',(-46.36469806419,-63.65486795426,
    116.43953707675));
#742 = CARTESIAN_POINT('',(-46.18160192896,-63.78794650809,
    116.63307587438));
#743 = CARTESIAN_POINT('',(-46.02069963963,-63.90403766691,
    116.84253587933));
#744 = CARTESIAN_POINT('',(-45.88137117369,-64.00397676941,
    117.06398548136));
#745 = CARTESIAN_POINT('',(-45.76283881001,-64.08861546538,
    117.29441592349));
#746 = CARTESIAN_POINT('',(-45.6643497294,-64.15870217256,
    117.53151014483));
#747 = CARTESIAN_POINT('',(-45.45372101072,-64.30822481947,
    118.17623643787));
#748 = CARTESIAN_POINT('',(-45.37596974221,-64.36294654021,
    118.59251019635));
#749 = CARTESIAN_POINT('',(-45.34909223174,-64.38177959593,
    119.01452881857));
#750 = CARTESIAN_POINT('',(-45.37199477832,-64.36570025239,
    119.43728640379));
#751 = CARTESIAN_POINT('',(-45.44530062908,-64.31417631703,
    119.85564688134));
#752 = CARTESIAN_POINT('',(-45.57121032656,-64.22520674256,
    120.26337597457));
#753 = CARTESIAN_POINT('',(-45.86154978215,-64.01795479152,
    120.88082908472));
#754 = CARTESIAN_POINT('',(-45.99033829349,-63.92569843397,
    121.10482873156));
#755 = CARTESIAN_POINT('',(-46.14008386718,-63.81793975538,
    121.31924731271));
#756 = CARTESIAN_POINT('',(-46.31136981758,-63.69396651077,
    121.52071274962));
#757 = CARTESIAN_POINT('',(-46.50454416551,-63.55314898232,121.705139916
    ));
#758 = CARTESIAN_POINT('',(-46.71953059718,-63.39506587854,
    121.86755541006));
#759 = CARTESIAN_POINT('',(-47.1716749764,-63.05924257711,
    122.12472838832));
#760 = CARTESIAN_POINT('',(-47.40716940192,-62.88299413394,
    122.22500648216));
#761 = CARTESIAN_POINT('',(-47.65682055139,-62.69445149568,
    122.29430103814));
#762 = CARTESIAN_POINT('',(-47.91414738455,-62.4980944235,
    122.32745414867));
#763 = CARTESIAN_POINT('',(-48.17208995338,-62.29915504033,
    122.32251526619));
#764 = CARTESIAN_POINT('',(-48.42372625069,-62.10312269273,
    122.28080241504));
#765 = CARTESIAN_POINT('',(-48.92933192218,-61.70573502863,
    122.12480010058));
#766 = CARTESIAN_POINT('',(-49.17668803192,-61.50915973748,
    122.00395937271));
#767 = CARTESIAN_POINT('',(-49.40267247547,-61.32774360511,
    121.85123244494));
#768 = CARTESIAN_POINT('',(-49.60600874104,-61.16308946968,
    121.67281607529));
#769 = CARTESIAN_POINT('',(-49.78617838979,-61.01614983763,
    121.4745177663));
#770 = CARTESIAN_POINT('',(-49.94328709333,-60.88728159401,
    121.2618277221));
#771 = CARTESIAN_POINT('',(-50.23831953111,-60.64418259756,
    120.77597752012));
#772 = CARTESIAN_POINT('',(-50.36864432748,-60.53597039882,
    120.49623573406));
#773 = CARTESIAN_POINT('',(-50.4707889347,-60.45069958522,
    120.20597220013));
#774 = CARTESIAN_POINT('',(-50.54628860408,-60.38745561998,
    119.90881972636));
#775 = CARTESIAN_POINT('',(-50.59625939417,-60.34552262962,
    119.60741199736));
#776 = CARTESIAN_POINT('',(-50.62128176384,-60.32452513352,
    119.30383575516));
#777 = CARTESIAN_POINT('',(-50.62128176384,-60.32452513352,
    118.75830417682));
#778 = CARTESIAN_POINT('',(-50.60544734541,-60.33781259524,
    118.51668880857));
#779 = CARTESIAN_POINT('',(-50.57379853621,-60.36437059572,
    118.2761812785));
#780 = CARTESIAN_POINT('',(-50.52611121008,-60.40434287012,
    118.03784456729));
#781 = CARTESIAN_POINT('',(-50.46194836206,-60.45800679972,
    117.80291766458));
#782 = CARTESIAN_POINT('',(-50.38068870817,-60.52574078465,
    117.57296001522));
#783 = CARTESIAN_POINT('',(-50.17189685781,-60.69895852544,
    117.10338097113));
#784 = CARTESIAN_POINT('',(-50.03991648413,-60.80806118326,
    116.86430500869));
#785 = CARTESIAN_POINT('',(-49.8845248842,-60.93591174607,
    116.63631842021));
#786 = CARTESIAN_POINT('',(-49.70475747622,-61.08291939117,
    116.42374186635));
#787 = CARTESIAN_POINT('',(-49.49989054796,-61.24917624464,
    116.23177486666));
#788 = CARTESIAN_POINT('',(-49.26967263045,-61.43425646906,
    116.06671668932));
#789 = CARTESIAN_POINT('',(-48.88953824834,-61.73654652951,
    115.87230482811));
#790 = CARTESIAN_POINT('',(-48.75841082314,-61.84033680553,
    115.8166814485));
#791 = CARTESIAN_POINT('',(-48.62230048792,-61.94752561608,
    115.77079487401));
#792 = CARTESIAN_POINT('',(-48.48218656515,-62.05727297423,
    115.73563760018));
#793 = CARTESIAN_POINT('',(-48.33914890671,-62.16868261327,
    115.7119075171));
#794 = CARTESIAN_POINT('',(-48.19433576386,-62.28083317772,115.7));
#795 = CARTESIAN_POINT('',(-48.04893165722,-62.39280941422,115.7));
#796 = PCURVE('',#31,#797);
#797 = DEFINITIONAL_REPRESENTATION('',(#798),#861);
#798 = B_SPLINE_CURVE_WITH_KNOTS('',7,(#799,#800,#801,#802,#803,#804,
    #805,#806,#807,#808,#809,#810,#811,#812,#813,#814,#815,#816,#817,
    #818,#819,#820,#821,#822,#823,#824,#825,#826,#827,#828,#829,#830,
    #831,#832,#833,#834,#835,#836,#837,#838,#839,#840,#841,#842,#843,
    #844,#845,#846,#847,#848,#849,#850,#851,#852,#853,#854,#855,#856,
    #857,#858,#859,#860),.UNSPECIFIED.,.T.,.F.,(8,6,6,6,6,6,6,6,6,6,8),(
    0.,8.234433855679E-02,0.180747897763,0.344502927255,0.442270838952,
    0.531817479314,0.631497077225,0.750063010154,0.844380055704,
    0.948705390255,1.),.UNSPECIFIED.);
#799 = CARTESIAN_POINT('',(4.056145181635,-10.29999694824));
#800 = CARTESIAN_POINT('',(4.0599010154,-10.29999694824));
#801 = CARTESIAN_POINT('',(4.063619164025,-10.26906941073));
#802 = CARTESIAN_POINT('',(4.06723651838,-10.20833080339));
#803 = CARTESIAN_POINT('',(4.070693376189,-10.12017996151));
#804 = CARTESIAN_POINT('',(4.073937474862,-10.00821719118));
#805 = CARTESIAN_POINT('',(4.076927387123,-9.877179158936));
#806 = CARTESIAN_POINT('',(4.082871278981,-9.560459871489));
#807 = CARTESIAN_POINT('',(4.08574553239,-9.366921073858));
#808 = CARTESIAN_POINT('',(4.088265009874,-9.157461068905));
#809 = CARTESIAN_POINT('',(4.090442333032,-8.93601146688));
#810 = CARTESIAN_POINT('',(4.092291840026,-8.705581024743));
#811 = CARTESIAN_POINT('',(4.093826837383,-8.468486803404));
#812 = CARTESIAN_POINT('',(4.097106901024,-7.823760510361));
#813 = CARTESIAN_POINT('',(4.098314224352,-7.407486751883));
#814 = CARTESIAN_POINT('',(4.098730978032,-6.98546812967));
#815 = CARTESIAN_POINT('',(4.098375631997,-6.562710544441));
#816 = CARTESIAN_POINT('',(4.097237827176,-6.144350066899));
#817 = CARTESIAN_POINT('',(4.095280116661,-5.736620973663));
#818 = CARTESIAN_POINT('',(4.090750317306,-5.119167863513));
#819 = CARTESIAN_POINT('',(4.088738604664,-4.895168216676));
#820 = CARTESIAN_POINT('',(4.086395914484,-4.680749635523));
#821 = CARTESIAN_POINT('',(4.083710941199,-4.479284198612));
#822 = CARTESIAN_POINT('',(4.08067539498,-4.294857032239));
#823 = CARTESIAN_POINT('',(4.077286850422,-4.132441538179));
#824 = CARTESIAN_POINT('',(4.070134906099,-3.875268559915));
#825 = CARTESIAN_POINT('',(4.066399758339,-3.77499046608));
#826 = CARTESIAN_POINT('',(4.062427148027,-3.705695910095));
#827 = CARTESIAN_POINT('',(4.058316929533,-3.672542799566));
#828 = CARTESIAN_POINT('',(4.054180540305,-3.677481682044));
#829 = CARTESIAN_POINT('',(4.050130011709,-3.719194533196));
#830 = CARTESIAN_POINT('',(4.041963895103,-3.875196847653));
#831 = CARTESIAN_POINT('',(4.037951839736,-3.996037575523));
#832 = CARTESIAN_POINT('',(4.034271976564,-4.148764503292));
#833 = CARTESIAN_POINT('',(4.030949576931,-4.327180872946));
#834 = CARTESIAN_POINT('',(4.027997322006,-4.525479181937));
#835 = CARTESIAN_POINT('',(4.025417013106,-4.738169226131));
#836 = CARTESIAN_POINT('',(4.020562609705,-5.22401942812));
#837 = CARTESIAN_POINT('',(4.018411586131,-5.503761214176));
#838 = CARTESIAN_POINT('',(4.016721956038,-5.794024748109));
#839 = CARTESIAN_POINT('',(4.015471308196,-6.091177221871));
#840 = CARTESIAN_POINT('',(4.014642941729,-6.392584950872));
#841 = CARTESIAN_POINT('',(4.014228145838,-6.696161193079));
#842 = CARTESIAN_POINT('',(4.014228145838,-7.241692771412));
#843 = CARTESIAN_POINT('',(4.014490633282,-7.483308139662));
#844 = CARTESIAN_POINT('',(4.015015275072,-7.723815669731));
#845 = CARTESIAN_POINT('',(4.01580542493,-7.962152380946));
#846 = CARTESIAN_POINT('',(4.016867597608,-8.197079283651));
#847 = CARTESIAN_POINT('',(4.018210929083,-8.42703693302));
#848 = CARTESIAN_POINT('',(4.021655885171,-8.896615977107));
#849 = CARTESIAN_POINT('',(4.02383032363,-9.13569193955));
#850 = CARTESIAN_POINT('',(4.026385575627,-9.363678528025));
#851 = CARTESIAN_POINT('',(4.029334414209,-9.576255081885));
#852 = CARTESIAN_POINT('',(4.032684720534,-9.768222081577));
#853 = CARTESIAN_POINT('',(4.03643564572,-9.933280258915));
#854 = CARTESIAN_POINT('',(4.042602963302,-10.12769212012));
#855 = CARTESIAN_POINT('',(4.044726549614,-10.18331549973));
#856 = CARTESIAN_POINT('',(4.046926534758,-10.22920207423));
#857 = CARTESIAN_POINT('',(4.049186566398,-10.26435934805));
#858 = CARTESIAN_POINT('',(4.051488851584,-10.28808943113));
#859 = CARTESIAN_POINT('',(4.05381471907,-10.29999694824));
#860 = CARTESIAN_POINT('',(4.056145181635,-10.29999694824));
#861 = ( GEOMETRIC_REPRESENTATION_CONTEXT(2) 
PARAMETRIC_REPRESENTATION_CONTEXT() REPRESENTATION_CONTEXT('2D SPACE',''
  ) );
#862 = PCURVE('',#863,#868);
#863 = CYLINDRICAL_SURFACE('',#864,3.3);
#864 = AXIS2_PLACEMENT_3D('',#865,#866,#867);
#865 = CARTESIAN_POINT('',(-45.21175664508,-58.70866257262,119.));
#866 = DIRECTION('',(-0.610145163901,-0.792289643355,2.22044604925E-16)
  );
#867 = DIRECTION('',(-1.354794418654E-16,-1.75923640845E-16,-1.));
#868 = DEFINITIONAL_REPRESENTATION('',(#869),#932);
#869 = B_SPLINE_CURVE_WITH_KNOTS('',7,(#870,#871,#872,#873,#874,#875,
    #876,#877,#878,#879,#880,#881,#882,#883,#884,#885,#886,#887,#888,
    #889,#890,#891,#892,#893,#894,#895,#896,#897,#898,#899,#900,#901,
    #902,#903,#904,#905,#906,#907,#908,#909,#910,#911,#912,#913,#914,
    #915,#916,#917,#918,#919,#920,#921,#922,#923,#924,#925,#926,#927,
    #928,#929,#930,#931),.UNSPECIFIED.,.F.,.F.,(8,6,6,6,6,6,6,6,6,6,8),(
    0.,8.234433855679E-02,0.180747897763,0.344502927255,0.442270838952,
    0.531817479314,0.631497077225,0.750063010154,0.844380055704,
    0.948705390255,1.),.UNSPECIFIED.);
#870 = CARTESIAN_POINT('',(0.,4.65));
#871 = CARTESIAN_POINT('',(8.962785121004E-02,4.65));
#872 = CARTESIAN_POINT('',(0.178356290866,4.64870430169));
#873 = CARTESIAN_POINT('',(0.265853893267,4.646157986399));
#874 = CARTESIAN_POINT('',(0.351761970323,4.64254186683));
#875 = CARTESIAN_POINT('',(0.43565738005,4.638139717009));
#876 = CARTESIAN_POINT('',(0.516990534713,4.633283197608));
#877 = CARTESIAN_POINT('',(0.688220222351,4.622288928917));
#878 = CARTESIAN_POINT('',(0.77787524969,4.616010467425));
#879 = CARTESIAN_POINT('',(0.864540134896,4.609814536553));
#880 = CARTESIAN_POINT('',(0.948677490023,4.603984662741));
#881 = CARTESIAN_POINT('',(1.030698941312,4.598721076521));
#882 = CARTESIAN_POINT('',(1.111004322815,4.59415741252));
#883 = CARTESIAN_POINT('',(1.321450630797,4.584108563042));
#884 = CARTESIAN_POINT('',(1.449256611554,4.580024455173));
#885 = CARTESIAN_POINT('',(1.57538190161,4.578546507148));
#886 = CARTESIAN_POINT('',(1.701374870495,4.579780887827));
#887 = CARTESIAN_POINT('',(1.828770702073,4.583686217778));
#888 = CARTESIAN_POINT('',(1.959111778058,4.590019738362));
#889 = CARTESIAN_POINT('',(2.175164335244,4.602965378703));
#890 = CARTESIAN_POINT('',(2.257937922144,4.608451309439));
#891 = CARTESIAN_POINT('',(2.343007257976,4.61444176202));
#892 = CARTESIAN_POINT('',(2.430673786145,4.620728338543));
#893 = CARTESIAN_POINT('',(2.52129380158,4.62702446333));
#894 = CARTESIAN_POINT('',(2.615277573348,4.632949789));
#895 = CARTESIAN_POINT('',(2.80287600647,4.642754171645));
#896 = CARTESIAN_POINT('',(2.896571228469,4.646800140327));
#897 = CARTESIAN_POINT('',(2.992704728134,4.649743202207));
#898 = CARTESIAN_POINT('',(3.090109526861,4.651178250311));
#899 = CARTESIAN_POINT('',(3.187788257141,4.650943048306));
#900 = CARTESIAN_POINT('',(3.284702876232,4.649163319412));
#901 = CARTESIAN_POINT('',(3.485218833438,4.64281004405));
#902 = CARTESIAN_POINT('',(3.586885967038,4.637988610848));
#903 = CARTESIAN_POINT('',(3.685045027649,4.632137803385));
#904 = CARTESIAN_POINT('',(3.779946276498,4.625748676234));
#905 = CARTESIAN_POINT('',(3.871737151302,4.619259567425));
#906 = CARTESIAN_POINT('',(3.960444976637,4.613017708318));
#907 = CARTESIAN_POINT('',(4.147744454141,4.600425506224));
#908 = CARTESIAN_POINT('',(4.246088144447,4.594207146125));
#909 = CARTESIAN_POINT('',(4.341853981751,4.588971001738));
#910 = CARTESIAN_POINT('',(4.435713840305,4.58492922123));
#911 = CARTESIAN_POINT('',(4.528324848906,4.582195583162));
#912 = CARTESIAN_POINT('',(4.620317539427,4.580826762306));
#913 = CARTESIAN_POINT('',(4.785630138922,4.580826762306));
#914 = CARTESIAN_POINT('',(4.858847167356,4.581692986784));
#915 = CARTESIAN_POINT('',(4.932369111898,4.583424247636));
#916 = CARTESIAN_POINT('',(5.006516633278,4.585997675245));
#917 = CARTESIAN_POINT('',(5.081607042778,4.589366399469));
#918 = CARTESIAN_POINT('',(5.157971983374,4.593451149393));
#919 = CARTESIAN_POINT('',(5.322282036409,4.603296433701));
#920 = CARTESIAN_POINT('',(5.410952597505,4.609210152829));
#921 = CARTESIAN_POINT('',(5.502307130735,4.615693396435));
#922 = CARTESIAN_POINT('',(5.596671143055,4.622481816534));
#923 = CARTESIAN_POINT('',(5.694450821728,4.629206834151));
#924 = CARTESIAN_POINT('',(5.796122565406,4.635377630131));
#925 = CARTESIAN_POINT('',(5.954633828296,4.642941759442));
#926 = CARTESIAN_POINT('',(6.007940822671,4.645166955874));
#927 = CARTESIAN_POINT('',(6.062078080354,4.647044477571));
#928 = CARTESIAN_POINT('',(6.116846953087,4.648506340438));
#929 = CARTESIAN_POINT('',(6.172068375523,4.649501308066));
#930 = CARTESIAN_POINT('',(6.227571995979,4.65));
#931 = CARTESIAN_POINT('',(6.28318530718,4.65));
#932 = ( GEOMETRIC_REPRESENTATION_CONTEXT(2) 
PARAMETRIC_REPRESENTATION_CONTEXT() REPRESENTATION_CONTEXT('2D SPACE',''
  ) );
#933 = FACE_BOUND('',#934,.T.);
#934 = EDGE_LOOP('',(#935));
#935 = ORIENTED_EDGE('',*,*,#936,.F.);
#936 = EDGE_CURVE('',#937,#937,#939,.T.);
#937 = VERTEX_POINT('',#938);
#938 = CARTESIAN_POINT('',(78.058223794809,-10.41519073274,115.7));
#939 = SURFACE_CURVE('',#940,(#1003,#1069),.PCURVE_S1.);
#940 = B_SPLINE_CURVE_WITH_KNOTS('',7,(#941,#942,#943,#944,#945,#946,
    #947,#948,#949,#950,#951,#952,#953,#954,#955,#956,#957,#958,#959,
    #960,#961,#962,#963,#964,#965,#966,#967,#968,#969,#970,#971,#972,
    #973,#974,#975,#976,#977,#978,#979,#980,#981,#982,#983,#984,#985,
    #986,#987,#988,#989,#990,#991,#992,#993,#994,#995,#996,#997,#998,
    #999,#1000,#1001,#1002),.UNSPECIFIED.,.T.,.F.,(8,6,6,6,6,6,6,6,6,6,8
    ),(0.,8.234434025835E-02,0.180747901511,0.34450293441,0.442270849675
    ,0.531817493503,0.6314970908,0.750063019358,0.844380061432,
    0.948705392137,1.),.UNSPECIFIED.);
#941 = CARTESIAN_POINT('',(78.058223794809,-10.41519073274,115.7));
#942 = CARTESIAN_POINT('',(78.097341519843,-10.12201702009,115.7));
#943 = CARTESIAN_POINT('',(78.134782429942,-9.831613583508,
    115.73092753752));
#944 = CARTESIAN_POINT('',(78.169933020249,-9.548919291165,
    115.79166614482));
#945 = CARTESIAN_POINT('',(78.202349868947,-9.278624572751,
    115.87981698669));
#946 = CARTESIAN_POINT('',(78.231769605503,-9.024848934225,
    115.99177975706));
#947 = CARTESIAN_POINT('',(78.258089756445,-8.79086808856,
    116.12281778932));
#948 = CARTESIAN_POINT('',(78.309081755035,-8.32557238525,
    116.43953707675));
#949 = CARTESIAN_POINT('',(78.332783095731,-8.100467203893,
    116.63307587438));
#950 = CARTESIAN_POINT('',(78.352869843764,-7.903076154398,
    116.84253587933));
#951 = CARTESIAN_POINT('',(78.369755412388,-7.732444612181,
    117.06398548136));
#952 = CARTESIAN_POINT('',(78.383788491402,-7.587473226075,
    117.29441592349));
#953 = CARTESIAN_POINT('',(78.395240819977,-7.467135826677,
    117.53151014483));
#954 = CARTESIAN_POINT('',(78.419416871313,-7.209964682079,
    118.17623643787));
#955 = CARTESIAN_POINT('',(78.427931637348,-7.115269248003,
    118.59251019635));
#956 = CARTESIAN_POINT('',(78.430802786804,-7.082576113289,
    119.01452881856));
#957 = CARTESIAN_POINT('',(78.428328940112,-7.1104499722,119.43728640379
    ));
#958 = CARTESIAN_POINT('',(78.420360828563,-7.199696668891,
    119.85564688134));
#959 = CARTESIAN_POINT('',(78.406265765653,-7.353222452721,
    120.26337597457));
#960 = CARTESIAN_POINT('',(78.371950038659,-7.708289774587,
    120.88082908835));
#961 = CARTESIAN_POINT('',(78.356447945582,-7.865952069777,
    121.10482872251));
#962 = CARTESIAN_POINT('',(78.337998979166,-8.049514883213,
    121.31924732049));
#963 = CARTESIAN_POINT('',(78.316277973711,-8.259839500592,
    121.52071274984));
#964 = CARTESIAN_POINT('',(78.290913593251,-8.49754213643,
    121.70513991173));
#965 = CARTESIAN_POINT('',(78.261502823478,-8.762767415282,
    121.86755541213));
#966 = CARTESIAN_POINT('',(78.196743503798,-9.322247576524,
    122.12472838669));
#967 = CARTESIAN_POINT('',(78.161855085806,-9.614315966044,
    122.22500648411));
#968 = CARTESIAN_POINT('',(78.123397948171,-9.924791506822,
    122.29430103868));
#969 = CARTESIAN_POINT('',(78.082011151849,-10.24582161824,
    122.32745414719));
#970 = CARTESIAN_POINT('',(78.038695874518,-10.56867614321,
    122.32251526569));
#971 = CARTESIAN_POINT('',(77.994745032246,-10.88461572813,
    122.28080241614));
#972 = CARTESIAN_POINT('',(77.903400056522,-11.52117691047,
    122.12480010304));
#973 = CARTESIAN_POINT('',(77.856838910587,-11.8336812653,
    122.00395936854));
#974 = CARTESIAN_POINT('',(77.812720159308,-12.1200975554,
    121.85123244102));
#975 = CARTESIAN_POINT('',(77.77179362565,-12.37851901496,
    121.67281609221));
#976 = CARTESIAN_POINT('',(77.734624993518,-12.60802033482,
    121.47451774882));
#977 = CARTESIAN_POINT('',(77.701576175343,-12.80851456903,
    121.26182772892));
#978 = CARTESIAN_POINT('',(77.638562486787,-13.1855696586,
    120.77597752012));
#979 = CARTESIAN_POINT('',(77.61001037187,-13.35254034237,
    120.49623573406));
#980 = CARTESIAN_POINT('',(77.587235984696,-13.48363557388,
    120.20597220013));
#981 = CARTESIAN_POINT('',(77.57021493886,-13.58064218816,
    119.90881972636));
#982 = CARTESIAN_POINT('',(77.558885298995,-13.64488465701,
    119.60741199736));
#983 = CARTESIAN_POINT('',(77.553212118789,-13.67705341285,
    119.30383575516));
#984 = CARTESIAN_POINT('',(77.553212118789,-13.67705341285,
    118.75830417682));
#985 = CARTESIAN_POINT('',(77.556802188974,-13.65669667338,
    118.51668880857));
#986 = CARTESIAN_POINT('',(77.563977687465,-13.61600900037,
    118.2761812785));
#987 = CARTESIAN_POINT('',(77.574751029474,-13.55472442731,
    118.03784456729));
#988 = CARTESIAN_POINT('',(77.589143931766,-13.47232580614,
    117.80291766458));
#989 = CARTESIAN_POINT('',(77.607173456472,-13.36808588911,
    117.57296001522));
#990 = CARTESIAN_POINT('',(77.652788495197,-13.10065797219,
    117.10338097113));
#991 = CARTESIAN_POINT('',(77.681283981654,-12.93180828688,
    116.86430500869));
#992 = CARTESIAN_POINT('',(77.714310016974,-12.7333099324,
    116.63631842021));
#993 = CARTESIAN_POINT('',(77.751738668188,-12.50412296776,
    116.42374186635));
#994 = CARTESIAN_POINT('',(77.793287862714,-12.24357457677,
    116.23177486666));
#995 = CARTESIAN_POINT('',(77.83846308004,-11.95165989958,
    116.06671668932));
#996 = CARTESIAN_POINT('',(77.910186760655,-11.47130883756,
    115.8723048281));
#997 = CARTESIAN_POINT('',(77.934508063747,-11.30585401825,
    115.81668144851));
#998 = CARTESIAN_POINT('',(77.95928112908,-11.13438460496,
    115.77079487401));
#999 = CARTESIAN_POINT('',(77.98426816785,-10.9581687093,115.73563760018
    ));
#1000 = CARTESIAN_POINT('',(78.009232916268,-10.77858964386,
    115.71190751709));
#1001 = CARTESIAN_POINT('',(78.0339515827,-10.59710250118,115.7));
#1002 = CARTESIAN_POINT('',(78.058223794809,-10.41519073274,115.7));
#1003 = PCURVE('',#31,#1004);
#1004 = DEFINITIONAL_REPRESENTATION('',(#1005),#1068);
#1005 = B_SPLINE_CURVE_WITH_KNOTS('',7,(#1006,#1007,#1008,#1009,#1010,
    #1011,#1012,#1013,#1014,#1015,#1016,#1017,#1018,#1019,#1020,#1021,
    #1022,#1023,#1024,#1025,#1026,#1027,#1028,#1029,#1030,#1031,#1032,
    #1033,#1034,#1035,#1036,#1037,#1038,#1039,#1040,#1041,#1042,#1043,
    #1044,#1045,#1046,#1047,#1048,#1049,#1050,#1051,#1052,#1053,#1054,
    #1055,#1056,#1057,#1058,#1059,#1060,#1061,#1062,#1063,#1064,#1065,
    #1066,#1067),.UNSPECIFIED.,.T.,.F.,(8,6,6,6,6,6,6,6,6,6,8),(0.,
    8.234434025835E-02,0.180747901511,0.34450293441,0.442270849675,
    0.531817493503,0.6314970908,0.750063019358,0.844380061432,
    0.948705392137,1.),.UNSPECIFIED.);
#1006 = CARTESIAN_POINT('',(6.150540284028,-10.29999694824));
#1007 = CARTESIAN_POINT('',(6.154296117794,-10.29999694824));
#1008 = CARTESIAN_POINT('',(6.158014266418,-10.26906941071));
#1009 = CARTESIAN_POINT('',(6.161631620772,-10.20833080341));
#1010 = CARTESIAN_POINT('',(6.165088478582,-10.12017996154));
#1011 = CARTESIAN_POINT('',(6.168332577255,-10.00821719117));
#1012 = CARTESIAN_POINT('',(6.171322489517,-9.877179158916));
#1013 = CARTESIAN_POINT('',(6.177266381374,-9.560459871489));
#1014 = CARTESIAN_POINT('',(6.180140634783,-9.366921073859));
#1015 = CARTESIAN_POINT('',(6.182660112267,-9.157461068905));
#1016 = CARTESIAN_POINT('',(6.184837435425,-8.93601146688));
#1017 = CARTESIAN_POINT('',(6.186686942419,-8.705581024744));
#1018 = CARTESIAN_POINT('',(6.188221939776,-8.468486803403));
#1019 = CARTESIAN_POINT('',(6.191502003417,-7.823760510362));
#1020 = CARTESIAN_POINT('',(6.192709326746,-7.407486751881));
#1021 = CARTESIAN_POINT('',(6.193126080425,-6.98546812967));
#1022 = CARTESIAN_POINT('',(6.192770734391,-6.562710544442));
#1023 = CARTESIAN_POINT('',(6.191632929569,-6.144350066897));
#1024 = CARTESIAN_POINT('',(6.189675219054,-5.736620973664));
#1025 = CARTESIAN_POINT('',(6.185145419672,-5.119167859889));
#1026 = CARTESIAN_POINT('',(6.183133707109,-4.895168225722));
#1027 = CARTESIAN_POINT('',(6.180791016888,-4.680749627749));
#1028 = CARTESIAN_POINT('',(6.178106043466,-4.479284198391));
#1029 = CARTESIAN_POINT('',(6.175070497515,-4.294857036503));
#1030 = CARTESIAN_POINT('',(6.171681952757,-4.132441536104));
#1031 = CARTESIAN_POINT('',(6.164530008537,-3.875268561544));
#1032 = CARTESIAN_POINT('',(6.160794860612,-3.774990464129));
#1033 = CARTESIAN_POINT('',(6.156822250503,-3.705695909554));
#1034 = CARTESIAN_POINT('',(6.152712031999,-3.672542801042));
#1035 = CARTESIAN_POINT('',(6.148575642566,-3.677481682544));
#1036 = CARTESIAN_POINT('',(6.14452511416,-3.719194532092));
#1037 = CARTESIAN_POINT('',(6.136358997625,-3.875196845196));
#1038 = CARTESIAN_POINT('',(6.132346941816,-3.996037579699));
#1039 = CARTESIAN_POINT('',(6.128667079221,-4.148764507211));
#1040 = CARTESIAN_POINT('',(6.125344679329,-4.327180856022));
#1041 = CARTESIAN_POINT('',(6.122392424261,-4.52547919942));
#1042 = CARTESIAN_POINT('',(6.119812115567,-4.738169219318));
#1043 = CARTESIAN_POINT('',(6.114957712099,-5.22401942812));
#1044 = CARTESIAN_POINT('',(6.112806688524,-5.503761214177));
#1045 = CARTESIAN_POINT('',(6.111117058431,-5.794024748107));
#1046 = CARTESIAN_POINT('',(6.109866410589,-6.091177221873));
#1047 = CARTESIAN_POINT('',(6.109038044122,-6.392584950872));
#1048 = CARTESIAN_POINT('',(6.108623248232,-6.696161193079));
#1049 = CARTESIAN_POINT('',(6.108623248232,-7.241692771412));
#1050 = CARTESIAN_POINT('',(6.108885735675,-7.483308139662));
#1051 = CARTESIAN_POINT('',(6.109410377465,-7.723815669731));
#1052 = CARTESIAN_POINT('',(6.110200527323,-7.962152380946));
#1053 = CARTESIAN_POINT('',(6.111262700001,-8.197079283652));
#1054 = CARTESIAN_POINT('',(6.112606031476,-8.42703693302));
#1055 = CARTESIAN_POINT('',(6.116050987564,-8.896615977107));
#1056 = CARTESIAN_POINT('',(6.118225426023,-9.135691939549));
#1057 = CARTESIAN_POINT('',(6.12078067802,-9.363678528026));
#1058 = CARTESIAN_POINT('',(6.123729516603,-9.576255081885));
#1059 = CARTESIAN_POINT('',(6.127079822927,-9.768222081577));
#1060 = CARTESIAN_POINT('',(6.130830748113,-9.933280258916));
#1061 = CARTESIAN_POINT('',(6.136998065695,-10.12769212013));
#1062 = CARTESIAN_POINT('',(6.139121652007,-10.18331549972));
#1063 = CARTESIAN_POINT('',(6.141321637151,-10.22920207422));
#1064 = CARTESIAN_POINT('',(6.143581668791,-10.26435934805));
#1065 = CARTESIAN_POINT('',(6.145883953977,-10.28808943114));
#1066 = CARTESIAN_POINT('',(6.148209821463,-10.29999694824));
#1067 = CARTESIAN_POINT('',(6.150540284028,-10.29999694824));
#1068 = ( GEOMETRIC_REPRESENTATION_CONTEXT(2) 
PARAMETRIC_REPRESENTATION_CONTEXT() REPRESENTATION_CONTEXT('2D SPACE',''
  ) );
#1069 = PCURVE('',#1070,#1075);
#1070 = CYLINDRICAL_SURFACE('',#1071,3.3);
#1071 = AXIS2_PLACEMENT_3D('',#1072,#1073,#1074);
#1072 = CARTESIAN_POINT('',(73.449071532639,-9.800198518053,119.));
#1073 = DIRECTION('',(0.991215540252,-0.132256390257,2.22044604925E-16)
  );
#1074 = DIRECTION('',(2.200940630307E-16,-2.936681792345E-17,-1.));
#1075 = DEFINITIONAL_REPRESENTATION('',(#1076),#1139);
#1076 = B_SPLINE_CURVE_WITH_KNOTS('',7,(#1077,#1078,#1079,#1080,#1081,
    #1082,#1083,#1084,#1085,#1086,#1087,#1088,#1089,#1090,#1091,#1092,
    #1093,#1094,#1095,#1096,#1097,#1098,#1099,#1100,#1101,#1102,#1103,
    #1104,#1105,#1106,#1107,#1108,#1109,#1110,#1111,#1112,#1113,#1114,
    #1115,#1116,#1117,#1118,#1119,#1120,#1121,#1122,#1123,#1124,#1125,
    #1126,#1127,#1128,#1129,#1130,#1131,#1132,#1133,#1134,#1135,#1136,
    #1137,#1138),.UNSPECIFIED.,.F.,.F.,(8,6,6,6,6,6,6,6,6,6,8),(0.,
    8.234434025835E-02,0.180747901511,0.34450293441,0.442270849675,
    0.531817493503,0.6314970908,0.750063019358,0.844380061432,
    0.948705392137,1.),.UNSPECIFIED.);
#1077 = CARTESIAN_POINT('',(0.,4.65));
#1078 = CARTESIAN_POINT('',(8.962785123613E-02,4.65));
#1079 = CARTESIAN_POINT('',(0.178356290862,4.648704301689));
#1080 = CARTESIAN_POINT('',(0.265853893246,4.646157986399));
#1081 = CARTESIAN_POINT('',(0.351761970314,4.642541866831));
#1082 = CARTESIAN_POINT('',(0.435657380059,4.638139717009));
#1083 = CARTESIAN_POINT('',(0.516990534724,4.633283197608));
#1084 = CARTESIAN_POINT('',(0.688220222351,4.622288928917));
#1085 = CARTESIAN_POINT('',(0.77787524969,4.616010467425));
#1086 = CARTESIAN_POINT('',(0.864540134896,4.609814536553));
#1087 = CARTESIAN_POINT('',(0.948677490023,4.603984662742));
#1088 = CARTESIAN_POINT('',(1.030698941311,4.598721076521));
#1089 = CARTESIAN_POINT('',(1.111004322815,4.59415741252));
#1090 = CARTESIAN_POINT('',(1.321450630797,4.584108563042));
#1091 = CARTESIAN_POINT('',(1.449256611555,4.580024455173));
#1092 = CARTESIAN_POINT('',(1.575381901609,4.578546507149));
#1093 = CARTESIAN_POINT('',(1.701374870495,4.579780887826));
#1094 = CARTESIAN_POINT('',(1.828770702074,4.583686217779));
#1095 = CARTESIAN_POINT('',(1.959111778057,4.590019738362));
#1096 = CARTESIAN_POINT('',(2.175164336512,4.602965378779));
#1097 = CARTESIAN_POINT('',(2.257937919281,4.608451309256));
#1098 = CARTESIAN_POINT('',(2.343007259408,4.614441762133));
#1099 = CARTESIAN_POINT('',(2.430673788531,4.620728338654));
#1100 = CARTESIAN_POINT('',(2.521293798042,4.627024463143));
#1101 = CARTESIAN_POINT('',(2.615277574861,4.63294978908));
#1102 = CARTESIAN_POINT('',(2.802876005282,4.642754171583));
#1103 = CARTESIAN_POINT('',(2.896571231529,4.646800140401));
#1104 = CARTESIAN_POINT('',(2.992704726108,4.64974320223));
#1105 = CARTESIAN_POINT('',(3.090109525016,4.651178250255));
#1106 = CARTESIAN_POINT('',(3.187788260426,4.650943048284));
#1107 = CARTESIAN_POINT('',(3.284702874813,4.649163319457));
#1108 = CARTESIAN_POINT('',(3.485218830279,4.64281004415));
#1109 = CARTESIAN_POINT('',(3.586885974371,4.637988610637));
#1110 = CARTESIAN_POINT('',(3.685045022724,4.632137803393));
#1111 = CARTESIAN_POINT('',(3.779946273551,4.625748676629));
#1112 = CARTESIAN_POINT('',(3.871737157206,4.619259566973));
#1113 = CARTESIAN_POINT('',(3.96044497401,4.613017708495));
#1114 = CARTESIAN_POINT('',(4.147744454141,4.600425506224));
#1115 = CARTESIAN_POINT('',(4.246088144447,4.594207146125));
#1116 = CARTESIAN_POINT('',(4.341853981751,4.588971001738));
#1117 = CARTESIAN_POINT('',(4.435713840306,4.584929221231));
#1118 = CARTESIAN_POINT('',(4.528324848905,4.582195583162));
#1119 = CARTESIAN_POINT('',(4.620317539427,4.580826762306));
#1120 = CARTESIAN_POINT('',(4.785630138922,4.580826762306));
#1121 = CARTESIAN_POINT('',(4.858847167356,4.581692986784));
#1122 = CARTESIAN_POINT('',(4.932369111898,4.583424247636));
#1123 = CARTESIAN_POINT('',(5.006516633278,4.585997675245));
#1124 = CARTESIAN_POINT('',(5.081607042778,4.589366399469));
#1125 = CARTESIAN_POINT('',(5.157971983373,4.593451149393));
#1126 = CARTESIAN_POINT('',(5.32228203641,4.603296433701));
#1127 = CARTESIAN_POINT('',(5.410952597505,4.609210152829));
#1128 = CARTESIAN_POINT('',(5.502307130735,4.615693396435));
#1129 = CARTESIAN_POINT('',(5.596671143055,4.622481816533));
#1130 = CARTESIAN_POINT('',(5.694450821727,4.629206834151));
#1131 = CARTESIAN_POINT('',(5.796122565407,4.635377630131));
#1132 = CARTESIAN_POINT('',(5.954633828304,4.642941759442));
#1133 = CARTESIAN_POINT('',(6.007940822662,4.645166955874));
#1134 = CARTESIAN_POINT('',(6.062078080347,4.64704447757));
#1135 = CARTESIAN_POINT('',(6.116846953094,4.648506340438));
#1136 = CARTESIAN_POINT('',(6.172068375532,4.649501308067));
#1137 = CARTESIAN_POINT('',(6.227571995971,4.65));
#1138 = CARTESIAN_POINT('',(6.28318530718,4.65));
#1139 = ( GEOMETRIC_REPRESENTATION_CONTEXT(2) 
PARAMETRIC_REPRESENTATION_CONTEXT() REPRESENTATION_CONTEXT('2D SPACE',''
  ) );
#1140 = FACE_BOUND('',#1141,.T.);
#1141 = EDGE_LOOP('',(#1142));
#1142 = ORIENTED_EDGE('',*,*,#1143,.F.);
#1143 = EDGE_CURVE('',#1144,#1144,#1146,.T.);
#1144 = VERTEX_POINT('',#1145);
#1145 = CARTESIAN_POINT('',(30.009292137584,-72.80800014697,115.7));
#1146 = SURFACE_CURVE('',#1147,(#1210,#1276),.PCURVE_S1.);
#1147 = B_SPLINE_CURVE_WITH_KNOTS('',7,(#1148,#1149,#1150,#1151,#1152,
    #1153,#1154,#1155,#1156,#1157,#1158,#1159,#1160,#1161,#1162,#1163,
    #1164,#1165,#1166,#1167,#1168,#1169,#1170,#1171,#1172,#1173,#1174,
    #1175,#1176,#1177,#1178,#1179,#1180,#1181,#1182,#1183,#1184,#1185,
    #1186,#1187,#1188,#1189,#1190,#1191,#1192,#1193,#1194,#1195,#1196,
    #1197,#1198,#1199,#1200,#1201,#1202,#1203,#1204,#1205,#1206,#1207,
    #1208,#1209),.UNSPECIFIED.,.T.,.F.,(8,6,6,6,6,6,6,6,6,6,8),(0.,
    8.234434264623E-02,0.180747905904,0.344502945401,0.442270858724,
    0.531817499183,0.631497097112,0.750063026994,0.844380067734,
    0.948705396963,1.),.UNSPECIFIED.);
#1148 = CARTESIAN_POINT('',(30.009292137584,-72.80800014697,115.7));
#1149 = CARTESIAN_POINT('',(30.282746880569,-72.69529023525,115.7));
#1150 = CARTESIAN_POINT('',(30.552964096855,-72.58251329299,
    115.73092753852));
#1151 = CARTESIAN_POINT('',(30.815359822444,-72.47160745447,
    115.79166614339));
#1152 = CARTESIAN_POINT('',(31.065650338906,-72.36453390993,
    115.87981698619));
#1153 = CARTESIAN_POINT('',(31.300136365128,-72.26312432645,
    115.99177975919));
#1154 = CARTESIAN_POINT('',(31.515929790528,-72.16892782574,
    116.12281778807));
#1155 = CARTESIAN_POINT('',(31.944383690845,-71.98044033951,
    116.43953707675));
#1156 = CARTESIAN_POINT('',(32.151181166772,-71.88841371198,
    116.63307587438));
#1157 = CARTESIAN_POINT('',(32.33217020413,-71.80711382131,
    116.84253587933));
#1158 = CARTESIAN_POINT('',(32.488384238689,-71.73642138159,
    117.06398548136));
#1159 = CARTESIAN_POINT('',(32.620949681386,-71.67608869145,
    117.29441592349));
#1160 = CARTESIAN_POINT('',(32.730891090577,-71.62583799923,
    117.53151014483));
#1161 = CARTESIAN_POINT('',(32.965695863508,-71.51818950021,
    118.17623644589));
#1162 = CARTESIAN_POINT('',(33.051961889871,-71.47821579063,
    118.59251016322));
#1163 = CARTESIAN_POINT('',(33.081710554604,-71.4643557094,
    119.01452888231));
#1164 = CARTESIAN_POINT('',(33.056334172958,-71.47615021952,
    119.43728633451));
#1165 = CARTESIAN_POINT('',(32.975060186348,-71.5138729919,
    119.85564692211));
#1166 = CARTESIAN_POINT('',(32.835055444738,-71.57842919272,
    120.26337596383));
#1167 = CARTESIAN_POINT('',(32.510400258734,-71.7262445631,
    120.88082908088));
#1168 = CARTESIAN_POINT('',(32.366109647834,-71.7916505096,
    121.10482874116));
#1169 = CARTESIAN_POINT('',(32.197915110879,-71.86745463965,
    121.31924730446));
#1170 = CARTESIAN_POINT('',(32.004908167077,-71.95380599733,
    121.52071274939));
#1171 = CARTESIAN_POINT('',(31.786369415475,-72.05069113464,
    121.70513992053));
#1172 = CARTESIAN_POINT('',(31.541972231247,-72.1578332874,
    121.86755540785));
#1173 = CARTESIAN_POINT('',(31.025068526778,-72.38149015727,
    122.12472838842));
#1174 = CARTESIAN_POINT('',(30.754685685274,-72.49731009046,
    122.225006482));
#1175 = CARTESIAN_POINT('',(30.466577396071,-72.61924300887,
    122.29430103819));
#1176 = CARTESIAN_POINT('',(30.167863766423,-72.74391604751,
    122.32745414875));
#1177 = CARTESIAN_POINT('',(29.866605922315,-72.86783117327,
    122.32251526608));
#1178 = CARTESIAN_POINT('',(29.571018781129,-72.98773842528,
    122.2808024151));
#1179 = CARTESIAN_POINT('',(28.974068132928,-73.22691194912,
    122.12480010059));
#1180 = CARTESIAN_POINT('',(28.680150882141,-73.34284097836,
    122.00395937272));
#1181 = CARTESIAN_POINT('',(28.410047681043,-73.44784118117,
    121.85123244493));
#1182 = CARTESIAN_POINT('',(28.165784884144,-73.54160848495,
    121.67281607527));
#1183 = CARTESIAN_POINT('',(27.948446605618,-73.62417016172,
    121.47451776629));
#1184 = CARTESIAN_POINT('',(27.758289081145,-73.69579616832,
    121.26182772213));
#1185 = CARTESIAN_POINT('',(27.400242960676,-73.82975225429,
    120.77597752691));
#1186 = CARTESIAN_POINT('',(27.241366031206,-73.88851074612,
    120.49623571875));
#1187 = CARTESIAN_POINT('',(27.116447064745,-73.93433515358,
    120.20597220759));
#1188 = CARTESIAN_POINT('',(27.023926326864,-73.96809781112,
    119.90881973914));
#1189 = CARTESIAN_POINT('',(26.962625906502,-73.990407286,
    119.60741197894));
#1190 = CARTESIAN_POINT('',(26.931930354942,-74.00157854638,
    119.30383576285));
#1191 = CARTESIAN_POINT('',(26.931930354942,-74.00157854638,
    118.75830417682));
#1192 = CARTESIAN_POINT('',(26.951354843558,-73.99450926862,
    118.51668880857));
#1193 = CARTESIAN_POINT('',(26.990179151255,-73.98037959609,
    118.2761812785));
#1194 = CARTESIAN_POINT('',(27.048639819389,-73.95906729743,
    118.03784456729));
#1195 = CARTESIAN_POINT('',(27.127195569702,-73.93033260586,
    117.80291766458));
#1196 = CARTESIAN_POINT('',(27.226484748292,-73.89382667376,
    117.57296001522));
#1197 = CARTESIAN_POINT('',(27.480891637387,-73.79961649763,
    117.10338097113));
#1198 = CARTESIAN_POINT('',(27.641367497516,-73.73986947014,
    116.86430500869));
#1199 = CARTESIAN_POINT('',(27.829785132766,-73.66922167847,
    116.63631842021));
#1200 = CARTESIAN_POINT('',(28.046981191962,-73.58704235894,
    116.42374186635));
#1201 = CARTESIAN_POINT('',(28.293397314746,-73.49275082141,
    116.23177486666));
#1202 = CARTESIAN_POINT('',(28.56879044959,-73.38591636864,
    116.06671668932));
#1203 = CARTESIAN_POINT('',(29.020648500431,-73.20785537179,
    115.87230483322));
#1204 = CARTESIAN_POINT('',(29.17609725311,-73.14619081871,
    115.81668144627));
#1205 = CARTESIAN_POINT('',(29.336980651204,-73.08191021705,
    115.77079487004));
#1206 = CARTESIAN_POINT('',(29.502081593003,-73.01544168754,
    115.73563760038));
#1207 = CARTESIAN_POINT('',(29.670083996816,-72.94727226229,
    115.71190752008));
#1208 = CARTESIAN_POINT('',(29.839615829934,-72.87793567431,115.7));
#1209 = CARTESIAN_POINT('',(30.009292137584,-72.80800014697,115.7));
#1210 = PCURVE('',#31,#1211);
#1211 = DEFINITIONAL_REPRESENTATION('',(#1212),#1275);
#1212 = B_SPLINE_CURVE_WITH_KNOTS('',7,(#1213,#1214,#1215,#1216,#1217,
    #1218,#1219,#1220,#1221,#1222,#1223,#1224,#1225,#1226,#1227,#1228,
    #1229,#1230,#1231,#1232,#1233,#1234,#1235,#1236,#1237,#1238,#1239,
    #1240,#1241,#1242,#1243,#1244,#1245,#1246,#1247,#1248,#1249,#1250,
    #1251,#1252,#1253,#1254,#1255,#1256,#1257,#1258,#1259,#1260,#1261,
    #1262,#1263,#1264,#1265,#1266,#1267,#1268,#1269,#1270,#1271,#1272,
    #1273,#1274),.UNSPECIFIED.,.T.,.F.,(8,6,6,6,6,6,6,6,6,6,8),(0.,
    8.234434264623E-02,0.180747905904,0.344502945401,0.442270858724,
    0.531817499183,0.631497097112,0.750063026994,0.844380067734,
    0.948705396963,1.),.UNSPECIFIED.);
#1213 = CARTESIAN_POINT('',(5.103342732831,-10.29999694824));
#1214 = CARTESIAN_POINT('',(5.107098566564,-10.29999694824));
#1215 = CARTESIAN_POINT('',(5.110816715296,-10.26906940971));
#1216 = CARTESIAN_POINT('',(5.114434069536,-10.20833080484));
#1217 = CARTESIAN_POINT('',(5.117890927338,-10.12017996205));
#1218 = CARTESIAN_POINT('',(5.121135026124,-10.00821718905));
#1219 = CARTESIAN_POINT('',(5.124124938297,-9.877179160161));
#1220 = CARTESIAN_POINT('',(5.130068830177,-9.560459871489));
#1221 = CARTESIAN_POINT('',(5.132943083587,-9.366921073859));
#1222 = CARTESIAN_POINT('',(5.13546256107,-9.157461068905));
#1223 = CARTESIAN_POINT('',(5.137639884229,-8.93601146688));
#1224 = CARTESIAN_POINT('',(5.139489391222,-8.705581024744));
#1225 = CARTESIAN_POINT('',(5.14102438858,-8.468486803403));
#1226 = CARTESIAN_POINT('',(5.144304452261,-7.823760502342));
#1227 = CARTESIAN_POINT('',(5.145511775475,-7.407486785015));
#1228 = CARTESIAN_POINT('',(5.145928529222,-6.985468065924));
#1229 = CARTESIAN_POINT('',(5.14557318335,-6.562710613721));
#1230 = CARTESIAN_POINT('',(5.144435378189,-6.144350026121));
#1231 = CARTESIAN_POINT('',(5.142477667936,-5.736620984402));
#1232 = CARTESIAN_POINT('',(5.13794786853,-5.11916786736));
#1233 = CARTESIAN_POINT('',(5.135936155806,-4.895168207073));
#1234 = CARTESIAN_POINT('',(5.133593465669,-4.680749643775));
#1235 = CARTESIAN_POINT('',(5.13090849253,-4.479284198848));
#1236 = CARTESIAN_POINT('',(5.127872946025,-4.29485702771));
#1237 = CARTESIAN_POINT('',(5.12448440168,-4.132441540382));
#1238 = CARTESIAN_POINT('',(5.117332457293,-3.875268559811));
#1239 = CARTESIAN_POINT('',(5.113597309539,-3.77499046624));
#1240 = CARTESIAN_POINT('',(5.109624699226,-3.705695910047));
#1241 = CARTESIAN_POINT('',(5.105514480727,-3.672542799481));
#1242 = CARTESIAN_POINT('',(5.101378091499,-3.677481682158));
#1243 = CARTESIAN_POINT('',(5.097327562908,-3.719194533137));
#1244 = CARTESIAN_POINT('',(5.0891614463,-3.875196847645));
#1245 = CARTESIAN_POINT('',(5.085149390933,-3.996037575513));
#1246 = CARTESIAN_POINT('',(5.08146952776,-4.148764503302));
#1247 = CARTESIAN_POINT('',(5.078147128127,-4.327180872969));
#1248 = CARTESIAN_POINT('',(5.075194873203,-4.525479181942));
#1249 = CARTESIAN_POINT('',(5.072614564303,-4.738169226101));
#1250 = CARTESIAN_POINT('',(5.06776016097,-5.224019421328));
#1251 = CARTESIAN_POINT('',(5.065609137149,-5.50376122949));
#1252 = CARTESIAN_POINT('',(5.063919507434,-5.794024740646));
#1253 = CARTESIAN_POINT('',(5.062668859285,-6.091177209098));
#1254 = CARTESIAN_POINT('',(5.061840492949,-6.392584969299));
#1255 = CARTESIAN_POINT('',(5.061425697035,-6.696161185387));
#1256 = CARTESIAN_POINT('',(5.061425697035,-7.241692771412));
#1257 = CARTESIAN_POINT('',(5.061688184478,-7.483308139661));
#1258 = CARTESIAN_POINT('',(5.062212826268,-7.723815669731));
#1259 = CARTESIAN_POINT('',(5.063002976126,-7.962152380947));
#1260 = CARTESIAN_POINT('',(5.064065148805,-8.197079283652));
#1261 = CARTESIAN_POINT('',(5.06540848028,-8.42703693302));
#1262 = CARTESIAN_POINT('',(5.068853436368,-8.896615977107));
#1263 = CARTESIAN_POINT('',(5.071027874826,-9.13569193955));
#1264 = CARTESIAN_POINT('',(5.073583126823,-9.363678528025));
#1265 = CARTESIAN_POINT('',(5.076531965406,-9.576255081885));
#1266 = CARTESIAN_POINT('',(5.079882271731,-9.768222081577));
#1267 = CARTESIAN_POINT('',(5.083633196917,-9.933280258916));
#1268 = CARTESIAN_POINT('',(5.089800514336,-10.12769211501));
#1269 = CARTESIAN_POINT('',(5.091924100982,-10.18331550196));
#1270 = CARTESIAN_POINT('',(5.094124086092,-10.22920207819));
#1271 = CARTESIAN_POINT('',(5.096384117461,-10.26435934785));
#1272 = CARTESIAN_POINT('',(5.098686402606,-10.28808942815));
#1273 = CARTESIAN_POINT('',(5.101012270419,-10.29999694824));
#1274 = CARTESIAN_POINT('',(5.103342732831,-10.29999694824));
#1275 = ( GEOMETRIC_REPRESENTATION_CONTEXT(2) 
PARAMETRIC_REPRESENTATION_CONTEXT() REPRESENTATION_CONTEXT('2D SPACE',''
  ) );
#1276 = PCURVE('',#1277,#1282);
#1277 = CYLINDRICAL_SURFACE('',#1278,3.3);
#1278 = AXIS2_PLACEMENT_3D('',#1279,#1280,#1281);
#1279 = CARTESIAN_POINT('',(28.237314887555,-68.50886109067,119.));
#1280 = DIRECTION('',(0.38107037635,-0.924546033612,2.22044604925E-16));
#1281 = DIRECTION('',(8.461462116533E-17,-2.052904587685E-16,-1.));
#1282 = DEFINITIONAL_REPRESENTATION('',(#1283),#1346);
#1283 = B_SPLINE_CURVE_WITH_KNOTS('',7,(#1284,#1285,#1286,#1287,#1288,
    #1289,#1290,#1291,#1292,#1293,#1294,#1295,#1296,#1297,#1298,#1299,
    #1300,#1301,#1302,#1303,#1304,#1305,#1306,#1307,#1308,#1309,#1310,
    #1311,#1312,#1313,#1314,#1315,#1316,#1317,#1318,#1319,#1320,#1321,
    #1322,#1323,#1324,#1325,#1326,#1327,#1328,#1329,#1330,#1331,#1332,
    #1333,#1334,#1335,#1336,#1337,#1338,#1339,#1340,#1341,#1342,#1343,
    #1344,#1345),.UNSPECIFIED.,.F.,.F.,(8,6,6,6,6,6,6,6,6,6,8),(0.,
    8.234434264623E-02,0.180747905904,0.344502945401,0.442270858724,
    0.531817499183,0.631497097112,0.750063026994,0.844380067734,
    0.948705396963,1.),.UNSPECIFIED.);
#1284 = CARTESIAN_POINT('',(0.,4.65));
#1285 = CARTESIAN_POINT('',(8.962785044675E-02,4.65));
#1286 = CARTESIAN_POINT('',(0.178356292711,4.648704301653));
#1287 = CARTESIAN_POINT('',(0.265853892189,4.64615798645));
#1288 = CARTESIAN_POINT('',(0.351761969169,4.64254186685));
#1289 = CARTESIAN_POINT('',(0.435657381801,4.638139716933));
#1290 = CARTESIAN_POINT('',(0.516990534051,4.633283197651));
#1291 = CARTESIAN_POINT('',(0.688220222351,4.622288928917));
#1292 = CARTESIAN_POINT('',(0.77787524969,4.616010467425));
#1293 = CARTESIAN_POINT('',(0.864540134896,4.609814536553));
#1294 = CARTESIAN_POINT('',(0.948677490023,4.603984662741));
#1295 = CARTESIAN_POINT('',(1.030698941312,4.598721076521));
#1296 = CARTESIAN_POINT('',(1.111004322815,4.59415741252));
#1297 = CARTESIAN_POINT('',(1.321450633415,4.584108562917));
#1298 = CARTESIAN_POINT('',(1.449256600734,4.580024455407));
#1299 = CARTESIAN_POINT('',(1.575381922552,4.578546507139));
#1300 = CARTESIAN_POINT('',(1.701374847473,4.579780887394));
#1301 = CARTESIAN_POINT('',(1.828770715892,4.583686218301));
#1302 = CARTESIAN_POINT('',(1.9591117743,4.590019738137));
#1303 = CARTESIAN_POINT('',(2.175164333898,4.602965378623));
#1304 = CARTESIAN_POINT('',(2.257937925183,4.608451309632));
#1305 = CARTESIAN_POINT('',(2.343007256456,4.614441761901));
#1306 = CARTESIAN_POINT('',(2.43067378361,4.620728338425));
#1307 = CARTESIAN_POINT('',(2.521293805338,4.627024463528));
#1308 = CARTESIAN_POINT('',(2.615277571741,4.632949788916));
#1309 = CARTESIAN_POINT('',(2.802876006546,4.642754171649));
#1310 = CARTESIAN_POINT('',(2.896571228391,4.646800140321));
#1311 = CARTESIAN_POINT('',(2.992704728076,4.649743202209));
#1312 = CARTESIAN_POINT('',(3.090109526924,4.651178250314));
#1313 = CARTESIAN_POINT('',(3.187788257215,4.650943048302));
#1314 = CARTESIAN_POINT('',(3.284702876157,4.649163319414));
#1315 = CARTESIAN_POINT('',(3.485218833427,4.64281004405));
#1316 = CARTESIAN_POINT('',(3.586885967036,4.637988610848));
#1317 = CARTESIAN_POINT('',(3.685045027658,4.632137803384));
#1318 = CARTESIAN_POINT('',(3.779946276507,4.625748676233));
#1319 = CARTESIAN_POINT('',(3.871737151302,4.619259567425));
#1320 = CARTESIAN_POINT('',(3.960444976625,4.613017708319));
#1321 = CARTESIAN_POINT('',(4.147744451523,4.6004255064));
#1322 = CARTESIAN_POINT('',(4.24608815052,4.594207145657));
#1323 = CARTESIAN_POINT('',(4.341853977862,4.588971002259));
#1324 = CARTESIAN_POINT('',(4.43571383738,4.584929220961));
#1325 = CARTESIAN_POINT('',(4.528324854246,4.582195583215));
#1326 = CARTESIAN_POINT('',(4.620317537096,4.580826762306));
#1327 = CARTESIAN_POINT('',(4.785630138922,4.580826762306));
#1328 = CARTESIAN_POINT('',(4.858847167356,4.581692986784));
#1329 = CARTESIAN_POINT('',(4.932369111898,4.583424247636));
#1330 = CARTESIAN_POINT('',(5.006516633278,4.585997675245));
#1331 = CARTESIAN_POINT('',(5.081607042778,4.589366399469));
#1332 = CARTESIAN_POINT('',(5.157971983373,4.593451149393));
#1333 = CARTESIAN_POINT('',(5.322282036409,4.603296433701));
#1334 = CARTESIAN_POINT('',(5.410952597505,4.609210152829));
#1335 = CARTESIAN_POINT('',(5.502307130735,4.615693396435));
#1336 = CARTESIAN_POINT('',(5.596671143055,4.622481816533));
#1337 = CARTESIAN_POINT('',(5.694450821728,4.629206834151));
#1338 = CARTESIAN_POINT('',(5.796122565406,4.635377630131));
#1339 = CARTESIAN_POINT('',(5.954633824128,4.642941759243));
#1340 = CARTESIAN_POINT('',(6.007940826868,4.645166955963));
#1341 = CARTESIAN_POINT('',(6.062078083847,4.647044477726));
#1342 = CARTESIAN_POINT('',(6.116846949913,4.648506340429));
#1343 = CARTESIAN_POINT('',(6.172068371209,4.649501307949));
#1344 = CARTESIAN_POINT('',(6.227571999616,4.65));
#1345 = CARTESIAN_POINT('',(6.28318530718,4.65));
#1346 = ( GEOMETRIC_REPRESENTATION_CONTEXT(2) 
PARAMETRIC_REPRESENTATION_CONTEXT() REPRESENTATION_CONTEXT('2D SPACE',''
  ) );
#1347 = ADVANCED_FACE('',(#1348),#43,.T.);
#1348 = FACE_BOUND('',#1349,.T.);
#1349 = EDGE_LOOP('',(#1350));
#1350 = ORIENTED_EDGE('',*,*,#21,.T.);
#1351 = ADVANCED_FACE('',(#1352,#1355),#93,.F.);
#1352 = FACE_BOUND('',#1353,.F.);
#1353 = EDGE_LOOP('',(#1354));
#1354 = ORIENTED_EDGE('',*,*,#78,.T.);
#1355 = FACE_BOUND('',#1356,.F.);
#1356 = EDGE_LOOP('',(#1357));
#1357 = ORIENTED_EDGE('',*,*,#1358,.F.);
#1358 = EDGE_CURVE('',#1359,#1359,#1361,.T.);
#1359 = VERTEX_POINT('',#1360);
#1360 = CARTESIAN_POINT('',(77.55,-1.899427185478E-14,113.));
#1361 = SURFACE_CURVE('',#1362,(#1367,#1374),.PCURVE_S1.);
#1362 = CIRCLE('',#1363,77.55);
#1363 = AXIS2_PLACEMENT_3D('',#1364,#1365,#1366);
#1364 = CARTESIAN_POINT('',(0.,0.,113.));
#1365 = DIRECTION('',(0.,0.,1.));
#1366 = DIRECTION('',(1.,0.,-0.));
#1367 = PCURVE('',#93,#1368);
#1368 = DEFINITIONAL_REPRESENTATION('',(#1369),#1373);
#1369 = CIRCLE('',#1370,77.55);
#1370 = AXIS2_PLACEMENT_2D('',#1371,#1372);
#1371 = CARTESIAN_POINT('',(0.,0.));
#1372 = DIRECTION('',(1.,0.));
#1373 = ( GEOMETRIC_REPRESENTATION_CONTEXT(2) 
PARAMETRIC_REPRESENTATION_CONTEXT() REPRESENTATION_CONTEXT('2D SPACE',''
  ) );
#1374 = PCURVE('',#1375,#1380);
#1375 = CYLINDRICAL_SURFACE('',#1376,77.55);
#1376 = AXIS2_PLACEMENT_3D('',#1377,#1378,#1379);
#1377 = CARTESIAN_POINT('',(0.,0.,113.));
#1378 = DIRECTION('',(0.,0.,1.));
#1379 = DIRECTION('',(1.,0.,-0.));
#1380 = DEFINITIONAL_REPRESENTATION('',(#1381),#1385);
#1381 = LINE('',#1382,#1383);
#1382 = CARTESIAN_POINT('',(0.,0.));
#1383 = VECTOR('',#1384,1.);
#1384 = DIRECTION('',(1.,0.));
#1385 = ( GEOMETRIC_REPRESENTATION_CONTEXT(2) 
PARAMETRIC_REPRESENTATION_CONTEXT() REPRESENTATION_CONTEXT('2D SPACE',''
  ) );
#1386 = ADVANCED_FACE('',(#1387),#242,.F.);
#1387 = FACE_BOUND('',#1388,.F.);
#1388 = EDGE_LOOP('',(#1389,#1390,#1413,#1611));
#1389 = ORIENTED_EDGE('',*,*,#108,.F.);
#1390 = ORIENTED_EDGE('',*,*,#1391,.F.);
#1391 = EDGE_CURVE('',#1392,#109,#1394,.T.);
#1392 = VERTEX_POINT('',#1393);
#1393 = CARTESIAN_POINT('',(47.316757460543,61.442061842195,115.7));
#1394 = SEAM_CURVE('',#1395,(#1399,#1406),.PCURVE_S1.);
#1395 = LINE('',#1396,#1397);
#1396 = CARTESIAN_POINT('',(45.211756645084,58.70866257262,115.7));
#1397 = VECTOR('',#1398,1.);
#1398 = DIRECTION('',(0.610145163901,0.792289643355,2.22044604925E-16));
#1399 = PCURVE('',#242,#1400);
#1400 = DEFINITIONAL_REPRESENTATION('',(#1401),#1405);
#1401 = LINE('',#1402,#1403);
#1402 = CARTESIAN_POINT('',(6.28318530718,-0.));
#1403 = VECTOR('',#1404,1.);
#1404 = DIRECTION('',(0.,1.));
#1405 = ( GEOMETRIC_REPRESENTATION_CONTEXT(2) 
PARAMETRIC_REPRESENTATION_CONTEXT() REPRESENTATION_CONTEXT('2D SPACE',''
  ) );
#1406 = PCURVE('',#242,#1407);
#1407 = DEFINITIONAL_REPRESENTATION('',(#1408),#1412);
#1408 = LINE('',#1409,#1410);
#1409 = CARTESIAN_POINT('',(0.,-0.));
#1410 = VECTOR('',#1411,1.);
#1411 = DIRECTION('',(0.,1.));
#1412 = ( GEOMETRIC_REPRESENTATION_CONTEXT(2) 
PARAMETRIC_REPRESENTATION_CONTEXT() REPRESENTATION_CONTEXT('2D SPACE',''
  ) );
#1413 = ORIENTED_EDGE('',*,*,#1414,.T.);
#1414 = EDGE_CURVE('',#1392,#1392,#1415,.T.);
#1415 = SURFACE_CURVE('',#1416,(#1479,#1545),.PCURVE_S1.);
#1416 = B_SPLINE_CURVE_WITH_KNOTS('',7,(#1417,#1418,#1419,#1420,#1421,
    #1422,#1423,#1424,#1425,#1426,#1427,#1428,#1429,#1430,#1431,#1432,
    #1433,#1434,#1435,#1436,#1437,#1438,#1439,#1440,#1441,#1442,#1443,
    #1444,#1445,#1446,#1447,#1448,#1449,#1450,#1451,#1452,#1453,#1454,
    #1455,#1456,#1457,#1458,#1459,#1460,#1461,#1462,#1463,#1464,#1465,
    #1466,#1467,#1468,#1469,#1470,#1471,#1472,#1473,#1474,#1475,#1476,
    #1477,#1478),.UNSPECIFIED.,.T.,.F.,(8,6,6,6,6,6,6,6,6,6,8),(0.,
    8.234441203811E-02,0.180748288065,0.344502811285,0.442271148744,
    0.531817678988,0.631497557557,0.750063133649,0.844379795746,
    0.948705453378,1.),.UNSPECIFIED.);
#1417 = CARTESIAN_POINT('',(47.316757460543,61.442061842195,115.7));
#1418 = CARTESIAN_POINT('',(47.082419359095,61.622526474689,115.7));
#1419 = CARTESIAN_POINT('',(46.849630218435,61.800137540826,
    115.73092782475));
#1420 = CARTESIAN_POINT('',(46.622360843332,61.971894903669,
    115.79166676321));
#1421 = CARTESIAN_POINT('',(46.404453143947,62.135071642601,
    115.87981784593));
#1422 = CARTESIAN_POINT('',(46.199345643204,62.287383447269,
    115.99178067561));
#1423 = CARTESIAN_POINT('',(46.009827085501,62.427107781705,
    116.12281847901));
#1424 = CARTESIAN_POINT('',(45.632262652828,62.70378016389,
    116.4395366538));
#1425 = CARTESIAN_POINT('',(45.449107546672,62.836781437893,
    116.63307496244));
#1426 = CARTESIAN_POINT('',(45.288146857322,62.952796458914,
    116.84253451757));
#1427 = CARTESIAN_POINT('',(45.14876322891,63.052664051887,
    117.06398384444));
#1428 = CARTESIAN_POINT('',(45.030180862793,63.137238306697,
    117.29441433249));
#1429 = CARTESIAN_POINT('',(44.931648278413,63.207269235349,
    117.53150906043));
#1430 = CARTESIAN_POINT('',(44.720924424688,63.356668574747,
    118.17623570075));
#1431 = CARTESIAN_POINT('',(44.643134224073,63.41134034845,
    118.59250970354));
#1432 = CARTESIAN_POINT('',(44.616242519255,63.430155389801,
    119.0145295507));
#1433 = CARTESIAN_POINT('',(44.639157001661,63.414091031511,
    119.43728821572));
#1434 = CARTESIAN_POINT('',(44.712500368594,63.36261466813,
    119.85564925223));
#1435 = CARTESIAN_POINT('',(44.838470156704,63.273722724356,
    120.26337757567));
#1436 = CARTESIAN_POINT('',(45.128931606863,63.066629979591,
    120.88082984767));
#1437 = CARTESIAN_POINT('',(45.257772180465,62.974440812438,
    121.10482960019));
#1438 = CARTESIAN_POINT('',(45.407574348633,62.866755665855,
    121.31924790539));
#1439 = CARTESIAN_POINT('',(45.578919496102,62.742859706186,
    121.52071300581));
#1440 = CARTESIAN_POINT('',(45.772153077324,62.602119595865,
    121.70513993164));
#1441 = CARTESIAN_POINT('',(45.987195294105,62.444109304533,
    121.86755535463));
#1442 = CARTESIAN_POINT('',(46.439431247736,62.108406997773,
    122.12472775251));
#1443 = CARTESIAN_POINT('',(46.674963572113,61.932208405871,
    122.22500601788));
#1444 = CARTESIAN_POINT('',(46.924642677473,61.743701733173,
    122.29430089206));
#1445 = CARTESIAN_POINT('',(47.181983494305,61.547361928638,
    122.32745421868));
#1446 = CARTESIAN_POINT('',(47.439924342405,61.348419280345,
    122.32251537218));
#1447 = CARTESIAN_POINT('',(47.691544173404,61.152364850558,
    122.28080240957));
#1448 = CARTESIAN_POINT('',(48.197090895445,60.754898471257,
    122.12479977424));
#1449 = CARTESIAN_POINT('',(48.444401712664,60.558263857232,
    122.00395861959));
#1450 = CARTESIAN_POINT('',(48.670330588115,60.376776209883,
    121.85123155841));
#1451 = CARTESIAN_POINT('',(48.873606025664,60.212044084912,
    121.67281542389));
#1452 = CARTESIAN_POINT('',(49.053713952484,60.065025172859,
    121.47451754201));
#1453 = CARTESIAN_POINT('',(49.210763478372,59.936080490356,
    121.26182787515));
#1454 = CARTESIAN_POINT('',(49.505676167124,59.692827546453,
    120.77597887562));
#1455 = CARTESIAN_POINT('',(49.635941979861,59.584539179503,
    120.49623807975));
#1456 = CARTESIAN_POINT('',(49.738037243708,59.499203933852,
    120.20597501381));
#1457 = CARTESIAN_POINT('',(49.813499065977,59.43591001544,
    119.90882236307));
#1458 = CARTESIAN_POINT('',(49.863444310287,59.393943190448,
    119.60741390763));
#1459 = CARTESIAN_POINT('',(49.888453893063,59.372928748376,
    119.30383672528));
#1460 = CARTESIAN_POINT('',(49.888453893063,59.372928748376,
    118.75830366033));
#1461 = CARTESIAN_POINT('',(49.872627599903,59.386226905873,
    118.51668776607));
#1462 = CARTESIAN_POINT('',(49.840995028413,59.412806284707,
    118.2761798397));
#1463 = CARTESIAN_POINT('',(49.793331881425,59.4528102981,
    118.03784298401));
#1464 = CARTESIAN_POINT('',(49.729200796261,59.506515674123,
    117.80291627136));
#1465 = CARTESIAN_POINT('',(49.647979849793,59.574299741018,
    117.57295916897));
#1466 = CARTESIAN_POINT('',(49.439281084395,59.747638340055,
    117.10338014078));
#1467 = CARTESIAN_POINT('',(49.307356432127,59.856813733261,
    116.86430416325));
#1468 = CARTESIAN_POINT('',(49.152026184574,59.984743792336,
    116.63631794558));
#1469 = CARTESIAN_POINT('',(48.972323196302,60.131834500428,
    116.4237418027));
#1470 = CARTESIAN_POINT('',(48.767520117906,60.298173589325,
    116.23177503152));
#1471 = CARTESIAN_POINT('',(48.537360625985,60.48332938511,
    116.0667168273));
#1472 = CARTESIAN_POINT('',(48.157297816709,60.785712092121,
    115.87230503758));
#1473 = CARTESIAN_POINT('',(48.026191636323,60.889529471222,
    115.8166817025));
#1474 = CARTESIAN_POINT('',(47.890099113781,60.996741238479,
    115.77079508358));
#1475 = CARTESIAN_POINT('',(47.749998953711,61.106506553962,
    115.73563772972));
#1476 = CARTESIAN_POINT('',(47.606970543992,61.217928507044,
    115.71190756788));
#1477 = CARTESIAN_POINT('',(47.462161875282,61.330085368431,115.7));
#1478 = CARTESIAN_POINT('',(47.316757460543,61.442061842195,115.7));
#1479 = PCURVE('',#242,#1480);
#1480 = DEFINITIONAL_REPRESENTATION('',(#1481),#1544);
#1481 = B_SPLINE_CURVE_WITH_KNOTS('',7,(#1482,#1483,#1484,#1485,#1486,
    #1487,#1488,#1489,#1490,#1491,#1492,#1493,#1494,#1495,#1496,#1497,
    #1498,#1499,#1500,#1501,#1502,#1503,#1504,#1505,#1506,#1507,#1508,
    #1509,#1510,#1511,#1512,#1513,#1514,#1515,#1516,#1517,#1518,#1519,
    #1520,#1521,#1522,#1523,#1524,#1525,#1526,#1527,#1528,#1529,#1530,
    #1531,#1532,#1533,#1534,#1535,#1536,#1537,#1538,#1539,#1540,#1541,
    #1542,#1543),.UNSPECIFIED.,.F.,.F.,(8,6,6,6,6,6,6,6,6,6,8),(0.,
    8.234441203811E-02,0.180748288065,0.344502811285,0.442271148744,
    0.531817678988,0.631497557557,0.750063133649,0.844379795746,
    0.948705453378,1.),.UNSPECIFIED.);
#1482 = CARTESIAN_POINT('',(0.,3.45));
#1483 = CARTESIAN_POINT('',(8.962826472496E-02,3.45));
#1484 = CARTESIAN_POINT('',(0.178356934541,3.448684239863));
#1485 = CARTESIAN_POINT('',(0.265854622933,3.446098509493));
#1486 = CARTESIAN_POINT('',(0.351762680622,3.442426420828));
#1487 = CARTESIAN_POINT('',(0.435657977901,3.437956136569));
#1488 = CARTESIAN_POINT('',(0.516990907597,3.433024448215));
#1489 = CARTESIAN_POINT('',(0.688219993694,3.421859998567));
#1490 = CARTESIAN_POINT('',(0.777874830113,3.415484328247));
#1491 = CARTESIAN_POINT('',(0.864539582628,3.409192441691));
#1492 = CARTESIAN_POINT('',(0.948676887308,3.403272254507));
#1493 = CARTESIAN_POINT('',(1.030698395889,3.397927103477));
#1494 = CARTESIAN_POINT('',(1.111003968855,3.393292703117));
#1495 = CARTESIAN_POINT('',(1.321450390191,3.383088112176));
#1496 = CARTESIAN_POINT('',(1.449256480545,3.378940677562));
#1497 = CARTESIAN_POINT('',(1.575382127314,3.377439796319));
#1498 = CARTESIAN_POINT('',(1.701375391066,3.378693332243));
#1499 = CARTESIAN_POINT('',(1.828771428418,3.382659243296));
#1500 = CARTESIAN_POINT('',(1.959112338297,3.389090933879));
#1501 = CARTESIAN_POINT('',(2.175164602207,3.402237146103));
#1502 = CARTESIAN_POINT('',(2.257938254969,3.407808076635));
#1503 = CARTESIAN_POINT('',(2.343007523649,3.413891318704));
#1504 = CARTESIAN_POINT('',(2.43067393089,3.420275246091));
#1505 = CARTESIAN_POINT('',(2.521293832889,3.426668849365));
#1506 = CARTESIAN_POINT('',(2.615277532914,3.432685900602));
#1507 = CARTESIAN_POINT('',(2.802875542669,3.442642019756));
#1508 = CARTESIAN_POINT('',(2.896570678582,3.446750608879));
#1509 = CARTESIAN_POINT('',(2.99270425759,3.44973922306));
#1510 = CARTESIAN_POINT('',(3.090109216403,3.451196484213));
#1511 = CARTESIAN_POINT('',(3.187788131009,3.45095764539));
#1512 = CARTESIAN_POINT('',(3.284702883267,3.449150374161));
#1513 = CARTESIAN_POINT('',(3.485219252903,3.442698765839));
#1514 = CARTESIAN_POINT('',(3.586886508433,3.437802696728));
#1515 = CARTESIAN_POINT('',(3.685045486671,3.431861324079));
#1516 = CARTESIAN_POINT('',(3.7799465529,3.425373292697));
#1517 = CARTESIAN_POINT('',(3.871737228342,3.418783711829));
#1518 = CARTESIAN_POINT('',(3.960444917637,3.41244518403));
#1519 = CARTESIAN_POINT('',(4.147743931583,3.399657946675));
#1520 = CARTESIAN_POINT('',(4.246087337401,3.393343250708));
#1521 = CARTESIAN_POINT('',(4.341853078897,3.388025950859));
#1522 = CARTESIAN_POINT('',(4.435713030161,3.383921500731));
#1523 = CARTESIAN_POINT('',(4.528324269787,3.3811454692));
#1524 = CARTESIAN_POINT('',(4.62031724545,3.379755420368));
#1525 = CARTESIAN_POINT('',(4.785630295434,3.379755420368));
#1526 = CARTESIAN_POINT('',(4.858847483276,3.380635076594));
#1527 = CARTESIAN_POINT('',(4.932369551995,3.382393182655));
#1528 = CARTESIAN_POINT('',(5.006517129716,3.385006509527));
#1529 = CARTESIAN_POINT('',(5.081607499132,3.388427451275));
#1530 = CARTESIAN_POINT('',(5.157972279484,3.392575497765));
#1531 = CARTESIAN_POINT('',(5.322282326954,3.402573332156));
#1532 = CARTESIAN_POINT('',(5.410952927096,3.408578676922));
#1533 = CARTESIAN_POINT('',(5.502307357838,3.415162338449));
#1534 = CARTESIAN_POINT('',(5.596671213825,3.422055873871));
#1535 = CARTESIAN_POINT('',(5.694450756958,3.428885003454));
#1536 = CARTESIAN_POINT('',(5.796122452908,3.43515132194));
#1537 = CARTESIAN_POINT('',(5.95463365751,3.442832523975));
#1538 = CARTESIAN_POINT('',(6.007940563764,3.445092156318));
#1539 = CARTESIAN_POINT('',(6.062077794481,3.446998734689));
#1540 = CARTESIAN_POINT('',(6.116846687178,3.448483222218));
#1541 = CARTESIAN_POINT('',(6.172068167537,3.449493589196));
#1542 = CARTESIAN_POINT('',(6.227571878139,3.45));
#1543 = CARTESIAN_POINT('',(6.28318530718,3.45));
#1544 = ( GEOMETRIC_REPRESENTATION_CONTEXT(2) 
PARAMETRIC_REPRESENTATION_CONTEXT() REPRESENTATION_CONTEXT('2D SPACE',''
  ) );
#1545 = PCURVE('',#1375,#1546);
#1546 = DEFINITIONAL_REPRESENTATION('',(#1547),#1610);
#1547 = B_SPLINE_CURVE_WITH_KNOTS('',7,(#1548,#1549,#1550,#1551,#1552,
    #1553,#1554,#1555,#1556,#1557,#1558,#1559,#1560,#1561,#1562,#1563,
    #1564,#1565,#1566,#1567,#1568,#1569,#1570,#1571,#1572,#1573,#1574,
    #1575,#1576,#1577,#1578,#1579,#1580,#1581,#1582,#1583,#1584,#1585,
    #1586,#1587,#1588,#1589,#1590,#1591,#1592,#1593,#1594,#1595,#1596,
    #1597,#1598,#1599,#1600,#1601,#1602,#1603,#1604,#1605,#1606,#1607,
    #1608,#1609),.UNSPECIFIED.,.T.,.F.,(8,6,6,6,6,6,6,6,6,6,8),(0.,
    8.234441203811E-02,0.180748288065,0.344502811285,0.442271148744,
    0.531817678988,0.631497557557,0.750063133649,0.844379795746,
    0.948705453378,1.),.UNSPECIFIED.);
#1548 = CARTESIAN_POINT('',(0.914552528045,2.7));
#1549 = CARTESIAN_POINT('',(0.918366496757,2.7));
#1550 = CARTESIAN_POINT('',(0.92214218939,2.730927824755));
#1551 = CARTESIAN_POINT('',(0.925815523984,2.791666763214));
#1552 = CARTESIAN_POINT('',(0.929325878901,2.879817845932));
#1553 = CARTESIAN_POINT('',(0.932620184919,2.991780675614));
#1554 = CARTESIAN_POINT('',(0.935656372955,3.122818479018));
#1555 = CARTESIAN_POINT('',(0.941692270678,3.439536653809));
#1556 = CARTESIAN_POINT('',(0.944611028637,3.633074962446));
#1557 = CARTESIAN_POINT('',(0.947169528141,3.84253451757));
#1558 = CARTESIAN_POINT('',(0.949380583481,4.063983844447));
#1559 = CARTESIAN_POINT('',(0.951258751552,4.294414332495));
#1560 = CARTESIAN_POINT('',(0.952817541557,4.531509060438));
#1561 = CARTESIAN_POINT('',(0.956148441059,5.176235700754));
#1562 = CARTESIAN_POINT('',(0.957374486187,5.59250970354));
#1563 = CARTESIAN_POINT('',(0.957797705523,6.014529550706));
#1564 = CARTESIAN_POINT('',(0.957436845854,6.437288215723));
#1565 = CARTESIAN_POINT('',(0.956281391292,6.855649252235));
#1566 = CARTESIAN_POINT('',(0.954293332549,7.263377575674));
#1567 = CARTESIAN_POINT('',(0.949693351236,7.880829847676));
#1568 = CARTESIAN_POINT('',(0.947650468164,8.104829600198));
#1569 = CARTESIAN_POINT('',(0.945271488937,8.319247905399));
#1570 = CARTESIAN_POINT('',(0.942544934977,8.520713005815));
#1571 = CARTESIAN_POINT('',(0.939462388783,8.705139931646));
#1572 = CARTESIAN_POINT('',(0.936021387978,8.867555354631));
#1573 = CARTESIAN_POINT('',(0.928758757332,9.124727752514));
#1574 = CARTESIAN_POINT('',(0.924965806898,9.225006017882));
#1575 = CARTESIAN_POINT('',(0.920931718732,9.294300892068));
#1576 = CARTESIAN_POINT('',(0.916757893779,9.327454218688));
#1577 = CARTESIAN_POINT('',(0.912557493024,9.322515372182));
#1578 = CARTESIAN_POINT('',(0.908444280646,9.280802409571));
#1579 = CARTESIAN_POINT('',(0.90015177279,9.124799774241));
#1580 = CARTESIAN_POINT('',(0.896077618363,9.003958619595));
#1581 = CARTESIAN_POINT('',(0.892340796761,8.851231558412));
#1582 = CARTESIAN_POINT('',(0.888966964432,8.672815423898));
#1583 = CARTESIAN_POINT('',(0.885968997655,8.474517542017));
#1584 = CARTESIAN_POINT('',(0.883348726142,8.261827875154));
#1585 = CARTESIAN_POINT('',(0.878419134952,7.775978875622));
#1586 = CARTESIAN_POINT('',(0.87623478454,7.496238079751));
#1587 = CARTESIAN_POINT('',(0.87451896514,7.20597501381));
#1588 = CARTESIAN_POINT('',(0.873248925166,6.908822363079));
#1589 = CARTESIAN_POINT('',(0.872407712352,6.607413907635));
#1590 = CARTESIAN_POINT('',(0.87198648371,6.303836725284));
#1591 = CARTESIAN_POINT('',(0.87198648371,5.758303660337));
#1592 = CARTESIAN_POINT('',(0.872253041309,5.516687766079));
#1593 = CARTESIAN_POINT('',(0.872785818267,5.276179839709));
#1594 = CARTESIAN_POINT('',(0.873588218944,5.037842984013));
#1595 = CARTESIAN_POINT('',(0.87466685643,4.802916271369));
#1596 = CARTESIAN_POINT('',(0.876031004691,4.57295916897));
#1597 = CARTESIAN_POINT('',(0.879529339466,4.103380140789));
#1598 = CARTESIAN_POINT('',(0.881737468941,3.864304163255));
#1599 = CARTESIAN_POINT('',(0.884332300939,3.636317945583));
#1600 = CARTESIAN_POINT('',(0.887326803996,3.423741802705));
#1601 = CARTESIAN_POINT('',(0.890728980205,3.231775031527));
#1602 = CARTESIAN_POINT('',(0.894537968709,3.066716827303));
#1603 = CARTESIAN_POINT('',(0.900800740062,2.87230503758));
#1604 = CARTESIAN_POINT('',(0.90295718849,2.8166817025));
#1605 = CARTESIAN_POINT('',(0.905191218327,2.770795083586));
#1606 = CARTESIAN_POINT('',(0.907486224076,2.735637729729));
#1607 = CARTESIAN_POINT('',(0.909824137623,2.711907567881));
#1608 = CARTESIAN_POINT('',(0.91218599915,2.7));
#1609 = CARTESIAN_POINT('',(0.914552528045,2.7));
#1610 = ( GEOMETRIC_REPRESENTATION_CONTEXT(2) 
PARAMETRIC_REPRESENTATION_CONTEXT() REPRESENTATION_CONTEXT('2D SPACE',''
  ) );
#1611 = ORIENTED_EDGE('',*,*,#1391,.T.);
#1612 = ADVANCED_FACE('',(#1613),#449,.F.);
#1613 = FACE_BOUND('',#1614,.F.);
#1614 = EDGE_LOOP('',(#1615,#1616,#1639,#1837));
#1615 = ORIENTED_EDGE('',*,*,#315,.F.);
#1616 = ORIENTED_EDGE('',*,*,#1617,.F.);
#1617 = EDGE_CURVE('',#1618,#316,#1620,.T.);
#1618 = VERTEX_POINT('',#1619);
#1619 = CARTESIAN_POINT('',(-29.55200768596,71.698544906635,115.7));
#1620 = SEAM_CURVE('',#1621,(#1625,#1632),.PCURVE_S1.);
#1621 = LINE('',#1622,#1623);
#1622 = CARTESIAN_POINT('',(-28.23731488755,68.508861090672,115.7));
#1623 = VECTOR('',#1624,1.);
#1624 = DIRECTION('',(-0.38107037635,0.924546033612,2.22044604925E-16));
#1625 = PCURVE('',#449,#1626);
#1626 = DEFINITIONAL_REPRESENTATION('',(#1627),#1631);
#1627 = LINE('',#1628,#1629);
#1628 = CARTESIAN_POINT('',(6.28318530718,-0.));
#1629 = VECTOR('',#1630,1.);
#1630 = DIRECTION('',(0.,1.));
#1631 = ( GEOMETRIC_REPRESENTATION_CONTEXT(2) 
PARAMETRIC_REPRESENTATION_CONTEXT() REPRESENTATION_CONTEXT('2D SPACE',''
  ) );
#1632 = PCURVE('',#449,#1633);
#1633 = DEFINITIONAL_REPRESENTATION('',(#1634),#1638);
#1634 = LINE('',#1635,#1636);
#1635 = CARTESIAN_POINT('',(0.,-0.));
#1636 = VECTOR('',#1637,1.);
#1637 = DIRECTION('',(0.,1.));
#1638 = ( GEOMETRIC_REPRESENTATION_CONTEXT(2) 
PARAMETRIC_REPRESENTATION_CONTEXT() REPRESENTATION_CONTEXT('2D SPACE',''
  ) );
#1639 = ORIENTED_EDGE('',*,*,#1640,.T.);
#1640 = EDGE_CURVE('',#1618,#1618,#1641,.T.);
#1641 = SURFACE_CURVE('',#1642,(#1705,#1771),.PCURVE_S1.);
#1642 = B_SPLINE_CURVE_WITH_KNOTS('',7,(#1643,#1644,#1645,#1646,#1647,
    #1648,#1649,#1650,#1651,#1652,#1653,#1654,#1655,#1656,#1657,#1658,
    #1659,#1660,#1661,#1662,#1663,#1664,#1665,#1666,#1667,#1668,#1669,
    #1670,#1671,#1672,#1673,#1674,#1675,#1676,#1677,#1678,#1679,#1680,
    #1681,#1682,#1683,#1684,#1685,#1686,#1687,#1688,#1689,#1690,#1691,
    #1692,#1693,#1694,#1695,#1696,#1697,#1698,#1699,#1700,#1701,#1702,
    #1703,#1704),.UNSPECIFIED.,.T.,.F.,(8,6,6,6,6,6,6,6,6,6,8),(0.,
    8.234441027252E-02,0.180748284104,0.344502803671,0.442271138879,
    0.53181766827,0.631497548781,0.750063128986,0.844379794356,
    0.948705455648,1.),.UNSPECIFIED.);
#1643 = CARTESIAN_POINT('',(-29.55200768596,71.698544906635,115.7));
#1644 = CARTESIAN_POINT('',(-29.8254636927,71.585834474037,115.7));
#1645 = CARTESIAN_POINT('',(-30.09567395848,71.473038697497,
    115.7309278247));
#1646 = CARTESIAN_POINT('',(-30.35805488573,71.362096326499,
    115.79166676323));
#1647 = CARTESIAN_POINT('',(-30.60832393663,71.254971092617,
    115.87981784602));
#1648 = CARTESIAN_POINT('',(-30.84278357896,71.153498688877,
    115.99178067564));
#1649 = CARTESIAN_POINT('',(-31.05854768082,71.0592329707,
    116.12281847889));
#1650 = CARTESIAN_POINT('',(-31.48693520883,70.870588771459,
    116.4395366538));
#1651 = CARTESIAN_POINT('',(-31.69369524393,70.778472433696,
    116.63307496244));
#1652 = CARTESIAN_POINT('',(-31.87464754402,70.697083898219,
    116.84253451757));
#1653 = CARTESIAN_POINT('',(-32.03082723076,70.626307931629,
    117.06398384444));
#1654 = CARTESIAN_POINT('',(-32.16336186699,70.565899717535,
    117.29441433249));
#1655 = CARTESIAN_POINT('',(-32.27327672244,70.515583460688,
    117.53150906043));
#1656 = CARTESIAN_POINT('',(-32.50802227253,70.407790919877,
    118.17623570075));
#1657 = CARTESIAN_POINT('',(-32.59426451774,70.367758516831,
    118.59250970354));
#1658 = CARTESIAN_POINT('',(-32.62400467393,70.353877137983,
    119.0145295507));
#1659 = CARTESIAN_POINT('',(-32.59863529035,70.365689482716,
    119.43728821572));
#1660 = CARTESIAN_POINT('',(-32.5173837685,70.403468519988,
    119.85564925223));
#1661 = CARTESIAN_POINT('',(-32.37741619295,70.468115584714,
    120.26337757567));
#1662 = CARTESIAN_POINT('',(-32.05283789005,70.61611620695,
    120.8808298475));
#1663 = CARTESIAN_POINT('',(-31.90857944248,70.681600833177,
    121.10482960021));
#1664 = CARTESIAN_POINT('',(-31.74042028573,70.757490743115,
    121.31924790553));
#1665 = CARTESIAN_POINT('',(-31.54745066347,70.843932013815,
    121.52071300589));
#1666 = CARTESIAN_POINT('',(-31.32894936211,70.9409071488,
    121.70513993159));
#1667 = CARTESIAN_POINT('',(-31.08458732752,71.04813402569,
    121.86755535455));
#1668 = CARTESIAN_POINT('',(-30.5677426213,71.271930698234,
    122.12472775424));
#1669 = CARTESIAN_POINT('',(-30.29738401487,71.387808373313,
    122.22500601577));
#1670 = CARTESIAN_POINT('',(-30.00929288003,71.509783491171,
    122.29430089157));
#1671 = CARTESIAN_POINT('',(-29.71058721351,71.634477273638,
    122.32745422024));
#1672 = CARTESIAN_POINT('',(-29.40932741704,71.758389270434,
    122.32251537256));
#1673 = CARTESIAN_POINT('',(-29.11372937137,71.878271226757,
    122.28080240852));
#1674 = CARTESIAN_POINT('',(-28.51674002806,72.117354341461,
    122.12479977302));
#1675 = CARTESIAN_POINT('',(-28.22279406455,72.233214478319,
    122.00395862169));
#1676 = CARTESIAN_POINT('',(-27.95265669265,72.338130808812,
    121.85123156036));
#1677 = CARTESIAN_POINT('',(-27.70835677823,72.431806435121,
    121.67281541541));
#1678 = CARTESIAN_POINT('',(-27.49098070753,72.51427501739,
    121.47451755075));
#1679 = CARTESIAN_POINT('',(-27.30078656624,72.585811558005,
    121.26182787177));
#1680 = CARTESIAN_POINT('',(-26.94266699539,72.719586965482,
    120.77597887562));
#1681 = CARTESIAN_POINT('',(-26.7837536123,72.778256285082,
    120.49623807975));
#1682 = CARTESIAN_POINT('',(-26.65880348981,72.824005754353,
    120.20597501381));
#1683 = CARTESIAN_POINT('',(-26.56625843742,72.857710650249,
    119.90882236307));
#1684 = CARTESIAN_POINT('',(-26.50494147871,72.879981088123,
    119.60741390763));
#1685 = CARTESIAN_POINT('',(-26.47423764664,72.891132801109,
    119.30383672528));
#1686 = CARTESIAN_POINT('',(-26.47423764664,72.891132801109,
    118.75830366033));
#1687 = CARTESIAN_POINT('',(-26.49366733544,72.884075907933,
    118.51668776607));
#1688 = CARTESIAN_POINT('',(-26.53250203847,72.869970986853,
    118.2761798397));
#1689 = CARTESIAN_POINT('',(-26.59097810381,72.848695497433,
    118.03784298401));
#1690 = CARTESIAN_POINT('',(-26.66955386635,72.820009036521,
    117.80291627136));
#1691 = CARTESIAN_POINT('',(-26.76886706349,72.783561667007,
    117.57295916897));
#1692 = CARTESIAN_POINT('',(-27.02333207646,72.689492533934,
    117.10338014069));
#1693 = CARTESIAN_POINT('',(-27.18384306655,72.6298301303,
    116.86430416326));
#1694 = CARTESIAN_POINT('',(-27.37229887132,72.559275219507,
    116.63631794565));
#1695 = CARTESIAN_POINT('',(-27.5895346553,72.477193220581,
    116.42374180274));
#1696 = CARTESIAN_POINT('',(-27.83599007121,72.382998096336,
    116.23177503149));
#1697 = CARTESIAN_POINT('',(-28.11141944006,72.276252027267,
    116.06671682726));
#1698 = CARTESIAN_POINT('',(-28.56332193868,72.098299337615,
    115.87230504268));
#1699 = CARTESIAN_POINT('',(-28.71878354088,72.036666734638,
    115.81668170026));
#1700 = CARTESIAN_POINT('',(-28.87967791373,71.972413037562,
    115.77079507963));
#1701 = CARTESIAN_POINT('',(-29.04478752571,71.905965405554,
    115.73563772992));
#1702 = CARTESIAN_POINT('',(-29.21279596944,71.837810146951,
    115.71190757086));
#1703 = CARTESIAN_POINT('',(-29.38233101877,71.768480582171,115.7));
#1704 = CARTESIAN_POINT('',(-29.55200768596,71.698544906635,115.7));
#1705 = PCURVE('',#449,#1706);
#1706 = DEFINITIONAL_REPRESENTATION('',(#1707),#1770);
#1707 = B_SPLINE_CURVE_WITH_KNOTS('',7,(#1708,#1709,#1710,#1711,#1712,
    #1713,#1714,#1715,#1716,#1717,#1718,#1719,#1720,#1721,#1722,#1723,
    #1724,#1725,#1726,#1727,#1728,#1729,#1730,#1731,#1732,#1733,#1734,
    #1735,#1736,#1737,#1738,#1739,#1740,#1741,#1742,#1743,#1744,#1745,
    #1746,#1747,#1748,#1749,#1750,#1751,#1752,#1753,#1754,#1755,#1756,
    #1757,#1758,#1759,#1760,#1761,#1762,#1763,#1764,#1765,#1766,#1767,
    #1768,#1769),.UNSPECIFIED.,.F.,.F.,(8,6,6,6,6,6,6,6,6,6,8),(0.,
    8.234441027252E-02,0.180748284104,0.344502803671,0.442271138879,
    0.53181766827,0.631497548781,0.750063128986,0.844379794356,
    0.948705455648,1.),.UNSPECIFIED.);
#1708 = CARTESIAN_POINT('',(0.,3.45));
#1709 = CARTESIAN_POINT('',(8.962826465807E-02,3.45));
#1710 = CARTESIAN_POINT('',(0.178356934532,3.448684239865));
#1711 = CARTESIAN_POINT('',(0.265854622983,3.446098509492));
#1712 = CARTESIAN_POINT('',(0.351762680676,3.442426420824));
#1713 = CARTESIAN_POINT('',(0.435657977899,3.437956136569));
#1714 = CARTESIAN_POINT('',(0.516990907529,3.43302444822));
#1715 = CARTESIAN_POINT('',(0.688219993694,3.421859998567));
#1716 = CARTESIAN_POINT('',(0.777874830113,3.415484328247));
#1717 = CARTESIAN_POINT('',(0.864539582628,3.409192441691));
#1718 = CARTESIAN_POINT('',(0.948676887308,3.403272254507));
#1719 = CARTESIAN_POINT('',(1.030698395889,3.397927103477));
#1720 = CARTESIAN_POINT('',(1.111003968855,3.393292703117));
#1721 = CARTESIAN_POINT('',(1.321450390191,3.383088112176));
#1722 = CARTESIAN_POINT('',(1.449256480545,3.378940677562));
#1723 = CARTESIAN_POINT('',(1.575382127314,3.377439796319));
#1724 = CARTESIAN_POINT('',(1.701375391065,3.378693332243));
#1725 = CARTESIAN_POINT('',(1.828771428419,3.382659243296));
#1726 = CARTESIAN_POINT('',(1.959112338296,3.389090933879));
#1727 = CARTESIAN_POINT('',(2.175164602149,3.402237146099));
#1728 = CARTESIAN_POINT('',(2.257938254968,3.407808076634));
#1729 = CARTESIAN_POINT('',(2.343007523697,3.413891318708));
#1730 = CARTESIAN_POINT('',(2.430673930932,3.420275246094));
#1731 = CARTESIAN_POINT('',(2.521293832879,3.426668849363));
#1732 = CARTESIAN_POINT('',(2.615277532857,3.432685900599));
#1733 = CARTESIAN_POINT('',(2.802875543932,3.442642019823));
#1734 = CARTESIAN_POINT('',(2.896570675445,3.446750608798));
#1735 = CARTESIAN_POINT('',(2.992704259557,3.449739223039));
#1736 = CARTESIAN_POINT('',(3.09010921831,3.451196484274));
#1737 = CARTESIAN_POINT('',(3.187788127799,3.450957645409));
#1738 = CARTESIAN_POINT('',(3.28470288461,3.449150374118));
#1739 = CARTESIAN_POINT('',(3.485219254471,3.442698765788));
#1740 = CARTESIAN_POINT('',(3.586886504764,3.437802696835));
#1741 = CARTESIAN_POINT('',(3.685045489143,3.431861324074));
#1742 = CARTESIAN_POINT('',(3.779946554382,3.425373292495));
#1743 = CARTESIAN_POINT('',(3.871737225389,3.418783712059));
#1744 = CARTESIAN_POINT('',(3.960444918938,3.412445183941));
#1745 = CARTESIAN_POINT('',(4.147743931583,3.399657946675));
#1746 = CARTESIAN_POINT('',(4.246087337402,3.393343250708));
#1747 = CARTESIAN_POINT('',(4.341853078896,3.388025950859));
#1748 = CARTESIAN_POINT('',(4.435713030162,3.383921500731));
#1749 = CARTESIAN_POINT('',(4.528324269786,3.3811454692));
#1750 = CARTESIAN_POINT('',(4.62031724545,3.379755420368));
#1751 = CARTESIAN_POINT('',(4.785630295434,3.379755420368));
#1752 = CARTESIAN_POINT('',(4.858847483277,3.380635076594));
#1753 = CARTESIAN_POINT('',(4.932369551995,3.382393182655));
#1754 = CARTESIAN_POINT('',(5.006517129716,3.385006509527));
#1755 = CARTESIAN_POINT('',(5.081607499132,3.388427451275));
#1756 = CARTESIAN_POINT('',(5.157972279484,3.392575497765));
#1757 = CARTESIAN_POINT('',(5.322282326989,3.402573332158));
#1758 = CARTESIAN_POINT('',(5.410952927095,3.408578676923));
#1759 = CARTESIAN_POINT('',(5.50230735781,3.415162338447));
#1760 = CARTESIAN_POINT('',(5.5966712138,3.422055873869));
#1761 = CARTESIAN_POINT('',(5.694450756964,3.428885003455));
#1762 = CARTESIAN_POINT('',(5.796122452941,3.435151321941));
#1763 = CARTESIAN_POINT('',(5.954633653348,3.442832523774));
#1764 = CARTESIAN_POINT('',(6.007940567955,3.445092156407));
#1765 = CARTESIAN_POINT('',(6.06207779797,3.446998734846));
#1766 = CARTESIAN_POINT('',(6.116846684007,3.448483222209));
#1767 = CARTESIAN_POINT('',(6.172068163228,3.449493589077));
#1768 = CARTESIAN_POINT('',(6.227571881772,3.45));
#1769 = CARTESIAN_POINT('',(6.28318530718,3.45));
#1770 = ( GEOMETRIC_REPRESENTATION_CONTEXT(2) 
PARAMETRIC_REPRESENTATION_CONTEXT() REPRESENTATION_CONTEXT('2D SPACE',''
  ) );
#1771 = PCURVE('',#1375,#1772);
#1772 = DEFINITIONAL_REPRESENTATION('',(#1773),#1836);
#1773 = B_SPLINE_CURVE_WITH_KNOTS('',7,(#1774,#1775,#1776,#1777,#1778,
    #1779,#1780,#1781,#1782,#1783,#1784,#1785,#1786,#1787,#1788,#1789,
    #1790,#1791,#1792,#1793,#1794,#1795,#1796,#1797,#1798,#1799,#1800,
    #1801,#1802,#1803,#1804,#1805,#1806,#1807,#1808,#1809,#1810,#1811,
    #1812,#1813,#1814,#1815,#1816,#1817,#1818,#1819,#1820,#1821,#1822,
    #1823,#1824,#1825,#1826,#1827,#1828,#1829,#1830,#1831,#1832,#1833,
    #1834,#1835),.UNSPECIFIED.,.T.,.F.,(8,6,6,6,6,6,6,6,6,6,8),(0.,
    8.234441027252E-02,0.180748284104,0.344502803671,0.442271138879,
    0.53181766827,0.631497548781,0.750063128986,0.844379794356,
    0.948705455648,1.),.UNSPECIFIED.);
#1774 = CARTESIAN_POINT('',(1.961750079242,2.7));
#1775 = CARTESIAN_POINT('',(1.96556404795,2.7));
#1776 = CARTESIAN_POINT('',(1.969339740586,2.730927824709));
#1777 = CARTESIAN_POINT('',(1.973013075182,2.791666763231));
#1778 = CARTESIAN_POINT('',(1.9765234301,2.87981784602));
#1779 = CARTESIAN_POINT('',(1.979817736115,2.991780675644));
#1780 = CARTESIAN_POINT('',(1.982853924149,3.122818478893));
#1781 = CARTESIAN_POINT('',(1.988889821875,3.439536653809));
#1782 = CARTESIAN_POINT('',(1.991808579834,3.633074962446));
#1783 = CARTESIAN_POINT('',(1.994367079338,3.84253451757));
#1784 = CARTESIAN_POINT('',(1.996578134678,4.063983844447));
#1785 = CARTESIAN_POINT('',(1.998456302749,4.294414332495));
#1786 = CARTESIAN_POINT('',(2.000015092754,4.531509060438));
#1787 = CARTESIAN_POINT('',(2.003345992255,5.176235700755));
#1788 = CARTESIAN_POINT('',(2.004572037384,5.59250970354));
#1789 = CARTESIAN_POINT('',(2.004995256719,6.014529550707));
#1790 = CARTESIAN_POINT('',(2.00463439705,6.437288215721));
#1791 = CARTESIAN_POINT('',(2.003478942488,6.855649252237));
#1792 = CARTESIAN_POINT('',(2.001490883745,7.263377575673));
#1793 = CARTESIAN_POINT('',(1.996890902434,7.880829847509));
#1794 = CARTESIAN_POINT('',(1.994848019361,8.104829600213));
#1795 = CARTESIAN_POINT('',(1.992469040133,8.319247905531));
#1796 = CARTESIAN_POINT('',(1.989742486172,8.520713005891));
#1797 = CARTESIAN_POINT('',(1.986659939979,8.705139931595));
#1798 = CARTESIAN_POINT('',(1.983218939177,8.867555354553));
#1799 = CARTESIAN_POINT('',(1.97595630848,9.124727754246));
#1800 = CARTESIAN_POINT('',(1.97216335822,9.225006015772));
#1801 = CARTESIAN_POINT('',(1.968129269847,9.294300891575));
#1802 = CARTESIAN_POINT('',(1.9639554449,9.327454220249));
#1803 = CARTESIAN_POINT('',(1.959755044352,9.322515372569));
#1804 = CARTESIAN_POINT('',(1.955641831787,9.280802408526));
#1805 = CARTESIAN_POINT('',(1.947349323922,9.124799773021));
#1806 = CARTESIAN_POINT('',(1.943275169719,9.003958621694));
#1807 = CARTESIAN_POINT('',(1.939538347823,8.851231560361));
#1808 = CARTESIAN_POINT('',(1.936164515626,8.672815415412));
#1809 = CARTESIAN_POINT('',(1.933166548922,8.474517550754));
#1810 = CARTESIAN_POINT('',(1.930546277304,8.261827871777));
#1811 = CARTESIAN_POINT('',(1.925616686149,7.775978875622));
#1812 = CARTESIAN_POINT('',(1.923432335737,7.49623807975));
#1813 = CARTESIAN_POINT('',(1.921716516336,7.205975013811));
#1814 = CARTESIAN_POINT('',(1.920446476363,6.908822363078));
#1815 = CARTESIAN_POINT('',(1.919605263549,6.607413907635));
#1816 = CARTESIAN_POINT('',(1.919184034907,6.303836725284));
#1817 = CARTESIAN_POINT('',(1.919184034907,5.758303660337));
#1818 = CARTESIAN_POINT('',(1.919450592506,5.516687766078));
#1819 = CARTESIAN_POINT('',(1.919983369464,5.276179839709));
#1820 = CARTESIAN_POINT('',(1.920785770141,5.037842984014));
#1821 = CARTESIAN_POINT('',(1.921864407627,4.802916271368));
#1822 = CARTESIAN_POINT('',(1.923228555888,4.57295916897));
#1823 = CARTESIAN_POINT('',(1.926726890663,4.103380140691));
#1824 = CARTESIAN_POINT('',(1.928935020137,3.864304163268));
#1825 = CARTESIAN_POINT('',(1.931529852135,3.636317945658));
#1826 = CARTESIAN_POINT('',(1.934524355192,3.423741802748));
#1827 = CARTESIAN_POINT('',(1.937926531402,3.231775031494));
#1828 = CARTESIAN_POINT('',(1.941735519907,3.066716827262));
#1829 = CARTESIAN_POINT('',(1.947998291095,2.872305042685));
#1830 = CARTESIAN_POINT('',(1.950154739861,2.816681700266));
#1831 = CARTESIAN_POINT('',(1.952388769663,2.770795079631));
#1832 = CARTESIAN_POINT('',(1.954683775138,2.735637729923));
#1833 = CARTESIAN_POINT('',(1.957021688643,2.711907570861));
#1834 = CARTESIAN_POINT('',(1.959383550501,2.7));
#1835 = CARTESIAN_POINT('',(1.961750079242,2.7));
#1836 = ( GEOMETRIC_REPRESENTATION_CONTEXT(2) 
PARAMETRIC_REPRESENTATION_CONTEXT() REPRESENTATION_CONTEXT('2D SPACE',''
  ) );
#1837 = ORIENTED_EDGE('',*,*,#1617,.T.);
#1838 = ADVANCED_FACE('',(#1839),#656,.F.);
#1839 = FACE_BOUND('',#1840,.F.);
#1840 = EDGE_LOOP('',(#1841,#1842,#1865,#2063));
#1841 = ORIENTED_EDGE('',*,*,#522,.F.);
#1842 = ORIENTED_EDGE('',*,*,#1843,.F.);
#1843 = EDGE_CURVE('',#1844,#523,#1846,.T.);
#1844 = VERTEX_POINT('',#1845);
#1845 = CARTESIAN_POINT('',(-76.8687651465,10.25648306444,115.7));
#1846 = SEAM_CURVE('',#1847,(#1851,#1858),.PCURVE_S1.);
#1847 = LINE('',#1848,#1849);
#1848 = CARTESIAN_POINT('',(-73.44907153263,9.800198518053,115.7));
#1849 = VECTOR('',#1850,1.);
#1850 = DIRECTION('',(-0.991215540252,0.132256390257,2.22044604925E-16)
  );
#1851 = PCURVE('',#656,#1852);
#1852 = DEFINITIONAL_REPRESENTATION('',(#1853),#1857);
#1853 = LINE('',#1854,#1855);
#1854 = CARTESIAN_POINT('',(6.28318530718,-0.));
#1855 = VECTOR('',#1856,1.);
#1856 = DIRECTION('',(0.,1.));
#1857 = ( GEOMETRIC_REPRESENTATION_CONTEXT(2) 
PARAMETRIC_REPRESENTATION_CONTEXT() REPRESENTATION_CONTEXT('2D SPACE',''
  ) );
#1858 = PCURVE('',#656,#1859);
#1859 = DEFINITIONAL_REPRESENTATION('',(#1860),#1864);
#1860 = LINE('',#1861,#1862);
#1861 = CARTESIAN_POINT('',(0.,-0.));
#1862 = VECTOR('',#1863,1.);
#1863 = DIRECTION('',(0.,1.));
#1864 = ( GEOMETRIC_REPRESENTATION_CONTEXT(2) 
PARAMETRIC_REPRESENTATION_CONTEXT() REPRESENTATION_CONTEXT('2D SPACE',''
  ) );
#1865 = ORIENTED_EDGE('',*,*,#1866,.T.);
#1866 = EDGE_CURVE('',#1844,#1844,#1867,.T.);
#1867 = SURFACE_CURVE('',#1868,(#1931,#1997),.PCURVE_S1.);
#1868 = B_SPLINE_CURVE_WITH_KNOTS('',7,(#1869,#1870,#1871,#1872,#1873,
    #1874,#1875,#1876,#1877,#1878,#1879,#1880,#1881,#1882,#1883,#1884,
    #1885,#1886,#1887,#1888,#1889,#1890,#1891,#1892,#1893,#1894,#1895,
    #1896,#1897,#1898,#1899,#1900,#1901,#1902,#1903,#1904,#1905,#1906,
    #1907,#1908,#1909,#1910,#1911,#1912,#1913,#1914,#1915,#1916,#1917,
    #1918,#1919,#1920,#1921,#1922,#1923,#1924,#1925,#1926,#1927,#1928,
    #1929,#1930),.UNSPECIFIED.,.T.,.F.,(8,6,6,6,6,6,6,6,6,6,8),(0.,
    8.234440851463E-02,0.180748280321,0.344502796516,0.442271129769,
    0.531817657487,0.631497536056,0.750063117005,0.844379785355,
    0.948705449943,1.),.UNSPECIFIED.);
#1869 = CARTESIAN_POINT('',(-76.8687651465,10.25648306444,115.7));
#1870 = CARTESIAN_POINT('',(-76.90788305201,9.963307999237,115.7));
#1871 = CARTESIAN_POINT('',(-76.94530417694,9.672901156686,
    115.73092782476));
#1872 = CARTESIAN_POINT('',(-76.9804157289,9.390201422916,115.7916667632
    ));
#1873 = CARTESIAN_POINT('',(-77.01277708043,9.119899450062,
    115.87981784593));
#1874 = CARTESIAN_POINT('',(-77.0421292222,8.866115241576,
    115.99178067563));
#1875 = CARTESIAN_POINT('',(-77.06837476649,8.632125188943,116.122818479
    ));
#1876 = CARTESIAN_POINT('',(-77.11919786165,8.166808607568,
    116.4395366538));
#1877 = CARTESIAN_POINT('',(-77.1428027906,7.941690995802,
    116.63307496244));
#1878 = CARTESIAN_POINT('',(-77.16279440135,7.744287439304,
    116.84253451757));
#1879 = CARTESIAN_POINT('',(-77.17959045967,7.573643879742,
    117.06398384444));
#1880 = CARTESIAN_POINT('',(-77.19354272978,7.428661410838,
    117.29441433249));
#1881 = CARTESIAN_POINT('',(-77.20492500086,7.308314225339,
    117.53150906043));
#1882 = CARTESIAN_POINT('',(-77.22894669722,7.05112234513,
    118.17623570075));
#1883 = CARTESIAN_POINT('',(-77.23739874181,6.956418168381,
    118.59250970354));
#1884 = CARTESIAN_POINT('',(-77.24024719319,6.923721748182,
    119.0145295507));
#1885 = CARTESIAN_POINT('',(-77.23779229201,6.951598451205,
    119.43728821572));
#1886 = CARTESIAN_POINT('',(-77.2298841371,7.040853851859,
    119.85564925223));
#1887 = CARTESIAN_POINT('',(-77.21588634965,7.194392860358,
    120.26337757567));
#1888 = CARTESIAN_POINT('',(-77.18176949683,7.549486227381,
    120.88082984764));
#1889 = CARTESIAN_POINT('',(-77.16635162292,7.707160020747,
    121.1048296002));
#1890 = CARTESIAN_POINT('',(-77.14799463445,7.890735077236,
    121.31924790542));
#1891 = CARTESIAN_POINT('',(-77.12637015968,8.1010723076,121.52071300582
    ));
#1892 = CARTESIAN_POINT('',(-77.10110243943,8.338787552938,
    121.70513993163));
#1893 = CARTESIAN_POINT('',(-77.07178262147,8.604024721194,
    121.86755535461));
#1894 = CARTESIAN_POINT('',(-77.00717387206,9.163523702943,
    122.12472775434));
#1895 = CARTESIAN_POINT('',(-76.97234757924,9.45559996134,
    122.22500601561));
#1896 = CARTESIAN_POINT('',(-76.93393556252,9.76608176168,
    122.29430089162));
#1897 = CARTESIAN_POINT('',(-76.89257071252,10.087115348751,
    122.32745422033));
#1898 = CARTESIAN_POINT('',(-76.84925175133,10.409969984083,
    122.32251537245));
#1899 = CARTESIAN_POINT('',(-76.8052735482,10.725906378627,
    122.28080240858));
#1900 = CARTESIAN_POINT('',(-76.71383092746,11.362455873312,
    122.12479977302));
#1901 = CARTESIAN_POINT('',(-76.66719576751,11.674950613476,
    122.00395862169));
#1902 = CARTESIAN_POINT('',(-76.62298728903,11.961354605303,
    121.85123156036));
#1903 = CARTESIAN_POINT('',(-76.58196280392,12.21976235049,
    121.67281541541));
#1904 = CARTESIAN_POINT('',(-76.54469465583,12.449249841022,
    121.47451755075));
#1905 = CARTESIAN_POINT('',(-76.51155004666,12.64973106934,
    121.26182787177));
#1906 = CARTESIAN_POINT('',(-76.44834316163,13.026759424301,
    120.77597886882));
#1907 = CARTESIAN_POINT('',(-76.4196955945,13.193717091701,
    120.49623809507));
#1908 = CARTESIAN_POINT('',(-76.39684073091,13.324801836038,
    120.20597500634));
#1909 = CARTESIAN_POINT('',(-76.37975750479,13.421800626474,
    119.9088223503));
#1910 = CARTESIAN_POINT('',(-76.36838578871,13.486037899455,
    119.60741392606));
#1911 = CARTESIAN_POINT('',(-76.3626915397,13.518204052733,
    119.30383671758));
#1912 = CARTESIAN_POINT('',(-76.3626915397,13.518204052733,
    118.75830366033));
#1913 = CARTESIAN_POINT('',(-76.36629493534,13.49784900206,
    118.51668776607));
#1914 = CARTESIAN_POINT('',(-76.37349706688,13.457164702146,
    118.2761798397));
#1915 = CARTESIAN_POINT('',(-76.38430998524,13.395885199334,
    118.03784298401));
#1916 = CARTESIAN_POINT('',(-76.39875466261,13.313493362398,
    117.80291627136));
#1917 = CARTESIAN_POINT('',(-76.41684691328,13.20926192599,
    117.57295916897));
#1918 = CARTESIAN_POINT('',(-76.46261316082,12.941854193842,
    117.10338014069));
#1919 = CARTESIAN_POINT('',(-76.49119949866,12.773016397026,
    116.86430416326));
#1920 = CARTESIAN_POINT('',(-76.52432505594,12.574531427209,
    116.63631794565));
#1921 = CARTESIAN_POINT('',(-76.56185785167,12.3453587202,
    116.42374180274));
#1922 = CARTESIAN_POINT('',(-76.60351018911,12.084824507007,
    116.23177503149));
#1923 = CARTESIAN_POINT('',(-76.64878006597,11.792922642093,
    116.06671682726));
#1924 = CARTESIAN_POINT('',(-76.72061976725,11.31258724083,
    115.87230503758));
#1925 = CARTESIAN_POINT('',(-76.74497516472,11.147137268457,
    115.81668170249));
#1926 = CARTESIAN_POINT('',(-76.76977701748,10.975671803043,
    115.77079508358));
#1927 = CARTESIAN_POINT('',(-76.7947864891,10.799458847619,
    115.73563772972));
#1928 = CARTESIAN_POINT('',(-76.81976652615,10.619881634801,
    115.71190756788));
#1929 = CARTESIAN_POINT('',(-76.84449288297,10.438395218301,115.7));
#1930 = CARTESIAN_POINT('',(-76.8687651465,10.25648306444,115.7));
#1931 = PCURVE('',#656,#1932);
#1932 = DEFINITIONAL_REPRESENTATION('',(#1933),#1996);
#1933 = B_SPLINE_CURVE_WITH_KNOTS('',7,(#1934,#1935,#1936,#1937,#1938,
    #1939,#1940,#1941,#1942,#1943,#1944,#1945,#1946,#1947,#1948,#1949,
    #1950,#1951,#1952,#1953,#1954,#1955,#1956,#1957,#1958,#1959,#1960,
    #1961,#1962,#1963,#1964,#1965,#1966,#1967,#1968,#1969,#1970,#1971,
    #1972,#1973,#1974,#1975,#1976,#1977,#1978,#1979,#1980,#1981,#1982,
    #1983,#1984,#1985,#1986,#1987,#1988,#1989,#1990,#1991,#1992,#1993,
    #1994,#1995),.UNSPECIFIED.,.F.,.F.,(8,6,6,6,6,6,6,6,6,6,8),(0.,
    8.234440851463E-02,0.180748280321,0.344502796516,0.442271129769,
    0.531817657487,0.631497536056,0.750063117005,0.844379785355,
    0.948705449943,1.),.UNSPECIFIED.);
#1934 = CARTESIAN_POINT('',(0.,3.45));
#1935 = CARTESIAN_POINT('',(8.96282647332E-02,3.45));
#1936 = CARTESIAN_POINT('',(0.178356934533,3.448684239863));
#1937 = CARTESIAN_POINT('',(0.265854622926,3.446098509493));
#1938 = CARTESIAN_POINT('',(0.351762680628,3.442426420828));
#1939 = CARTESIAN_POINT('',(0.43565797791,3.437956136568));
#1940 = CARTESIAN_POINT('',(0.516990907588,3.433024448216));
#1941 = CARTESIAN_POINT('',(0.688219993694,3.421859998567));
#1942 = CARTESIAN_POINT('',(0.777874830113,3.415484328247));
#1943 = CARTESIAN_POINT('',(0.864539582628,3.409192441691));
#1944 = CARTESIAN_POINT('',(0.948676887308,3.403272254507));
#1945 = CARTESIAN_POINT('',(1.030698395889,3.397927103477));
#1946 = CARTESIAN_POINT('',(1.111003968855,3.393292703117));
#1947 = CARTESIAN_POINT('',(1.321450390191,3.383088112176));
#1948 = CARTESIAN_POINT('',(1.449256480545,3.378940677562));
#1949 = CARTESIAN_POINT('',(1.575382127313,3.377439796319));
#1950 = CARTESIAN_POINT('',(1.701375391066,3.378693332243));
#1951 = CARTESIAN_POINT('',(1.828771428418,3.382659243296));
#1952 = CARTESIAN_POINT('',(1.959112338297,3.389090933879));
#1953 = CARTESIAN_POINT('',(2.175164602196,3.402237146102));
#1954 = CARTESIAN_POINT('',(2.257938254969,3.407808076635));
#1955 = CARTESIAN_POINT('',(2.343007523658,3.413891318705));
#1956 = CARTESIAN_POINT('',(2.430673930897,3.420275246091));
#1957 = CARTESIAN_POINT('',(2.521293832887,3.426668849365));
#1958 = CARTESIAN_POINT('',(2.615277532904,3.432685900602));
#1959 = CARTESIAN_POINT('',(2.802875544006,3.442642019827));
#1960 = CARTESIAN_POINT('',(2.896570675369,3.446750608792));
#1961 = CARTESIAN_POINT('',(2.992704259499,3.449739223041));
#1962 = CARTESIAN_POINT('',(3.090109218371,3.451196484277));
#1963 = CARTESIAN_POINT('',(3.187788127871,3.450957645404));
#1964 = CARTESIAN_POINT('',(3.284702884536,3.44915037412));
#1965 = CARTESIAN_POINT('',(3.485219254471,3.442698765788));
#1966 = CARTESIAN_POINT('',(3.586886504764,3.437802696835));
#1967 = CARTESIAN_POINT('',(3.685045489143,3.431861324074));
#1968 = CARTESIAN_POINT('',(3.779946554383,3.425373292495));
#1969 = CARTESIAN_POINT('',(3.871737225389,3.418783712059));
#1970 = CARTESIAN_POINT('',(3.960444918938,3.412445183941));
#1971 = CARTESIAN_POINT('',(4.147743934203,3.399657946496));
#1972 = CARTESIAN_POINT('',(4.246087331326,3.393343251183));
#1973 = CARTESIAN_POINT('',(4.341853082786,3.38802595033));
#1974 = CARTESIAN_POINT('',(4.435713033088,3.383921501005));
#1975 = CARTESIAN_POINT('',(4.528324264444,3.381145469147));
#1976 = CARTESIAN_POINT('',(4.620317247782,3.379755420368));
#1977 = CARTESIAN_POINT('',(4.785630295434,3.379755420368));
#1978 = CARTESIAN_POINT('',(4.858847483277,3.380635076594));
#1979 = CARTESIAN_POINT('',(4.932369551995,3.382393182655));
#1980 = CARTESIAN_POINT('',(5.006517129716,3.385006509527));
#1981 = CARTESIAN_POINT('',(5.081607499132,3.388427451275));
#1982 = CARTESIAN_POINT('',(5.157972279484,3.392575497765));
#1983 = CARTESIAN_POINT('',(5.322282326989,3.402573332158));
#1984 = CARTESIAN_POINT('',(5.410952927096,3.408578676923));
#1985 = CARTESIAN_POINT('',(5.50230735781,3.415162338446));
#1986 = CARTESIAN_POINT('',(5.5966712138,3.422055873869));
#1987 = CARTESIAN_POINT('',(5.694450756964,3.428885003455));
#1988 = CARTESIAN_POINT('',(5.796122452941,3.435151321941));
#1989 = CARTESIAN_POINT('',(5.954633657508,3.442832523975));
#1990 = CARTESIAN_POINT('',(6.007940563766,3.445092156318));
#1991 = CARTESIAN_POINT('',(6.062077794483,3.446998734689));
#1992 = CARTESIAN_POINT('',(6.116846687176,3.448483222218));
#1993 = CARTESIAN_POINT('',(6.172068167535,3.449493589196));
#1994 = CARTESIAN_POINT('',(6.227571878141,3.45));
#1995 = CARTESIAN_POINT('',(6.28318530718,3.45));
#1996 = ( GEOMETRIC_REPRESENTATION_CONTEXT(2) 
PARAMETRIC_REPRESENTATION_CONTEXT() REPRESENTATION_CONTEXT('2D SPACE',''
  ) );
#1997 = PCURVE('',#1375,#1998);
#1998 = DEFINITIONAL_REPRESENTATION('',(#1999),#2062);
#1999 = B_SPLINE_CURVE_WITH_KNOTS('',7,(#2000,#2001,#2002,#2003,#2004,
    #2005,#2006,#2007,#2008,#2009,#2010,#2011,#2012,#2013,#2014,#2015,
    #2016,#2017,#2018,#2019,#2020,#2021,#2022,#2023,#2024,#2025,#2026,
    #2027,#2028,#2029,#2030,#2031,#2032,#2033,#2034,#2035,#2036,#2037,
    #2038,#2039,#2040,#2041,#2042,#2043,#2044,#2045,#2046,#2047,#2048,
    #2049,#2050,#2051,#2052,#2053,#2054,#2055,#2056,#2057,#2058,#2059,
    #2060,#2061),.UNSPECIFIED.,.T.,.F.,(8,6,6,6,6,6,6,6,6,6,8),(0.,
    8.234440851463E-02,0.180748280321,0.344502796516,0.442271129769,
    0.531817657487,0.631497536056,0.750063117005,0.844379785355,
    0.948705449943,1.),.UNSPECIFIED.);
#2000 = CARTESIAN_POINT('',(3.008947630438,2.7));
#2001 = CARTESIAN_POINT('',(3.01276159915,2.7));
#2002 = CARTESIAN_POINT('',(3.016537291783,2.730927824761));
#2003 = CARTESIAN_POINT('',(3.020210626377,2.791666763201));
#2004 = CARTESIAN_POINT('',(3.023720981294,2.879817845932));
#2005 = CARTESIAN_POINT('',(3.027015287313,2.991780675635));
#2006 = CARTESIAN_POINT('',(3.030051475348,3.122818479002));
#2007 = CARTESIAN_POINT('',(3.036087373071,3.439536653809));
#2008 = CARTESIAN_POINT('',(3.03900613103,3.633074962446));
#2009 = CARTESIAN_POINT('',(3.041564630534,3.84253451757));
#2010 = CARTESIAN_POINT('',(3.043775685874,4.063983844447));
#2011 = CARTESIAN_POINT('',(3.045653853946,4.294414332495));
#2012 = CARTESIAN_POINT('',(3.047212643951,4.531509060438));
#2013 = CARTESIAN_POINT('',(3.050543543452,5.176235700755));
#2014 = CARTESIAN_POINT('',(3.051769588581,5.592509703541));
#2015 = CARTESIAN_POINT('',(3.052192807916,6.014529550704));
#2016 = CARTESIAN_POINT('',(3.051831948247,6.437288215724));
#2017 = CARTESIAN_POINT('',(3.050676493685,6.855649252235));
#2018 = CARTESIAN_POINT('',(3.048688434942,7.263377575674));
#2019 = CARTESIAN_POINT('',(3.044088453629,7.880829847646));
#2020 = CARTESIAN_POINT('',(3.042045570557,8.104829600201));
#2021 = CARTESIAN_POINT('',(3.03966659133,8.319247905422));
#2022 = CARTESIAN_POINT('',(3.03694003737,8.520713005829));
#2023 = CARTESIAN_POINT('',(3.033857491176,8.705139931637));
#2024 = CARTESIAN_POINT('',(3.030416490372,8.867555354617));
#2025 = CARTESIAN_POINT('',(3.023153859673,9.124727754348));
#2026 = CARTESIAN_POINT('',(3.01936090942,9.225006015615));
#2027 = CARTESIAN_POINT('',(3.015326821046,9.294300891622));
#2028 = CARTESIAN_POINT('',(3.011152996094,9.327454220332));
#2029 = CARTESIAN_POINT('',(3.006952595546,9.322515372457));
#2030 = CARTESIAN_POINT('',(3.002839382987,9.280802408584));
#2031 = CARTESIAN_POINT('',(2.994546875118,9.124799773021));
#2032 = CARTESIAN_POINT('',(2.990472720915,9.003958621694));
#2033 = CARTESIAN_POINT('',(2.986735899019,8.851231560361));
#2034 = CARTESIAN_POINT('',(2.983362066823,8.672815415411));
#2035 = CARTESIAN_POINT('',(2.980364100118,8.474517550755));
#2036 = CARTESIAN_POINT('',(2.977743828501,8.261827871777));
#2037 = CARTESIAN_POINT('',(2.972814237276,7.775978868827));
#2038 = CARTESIAN_POINT('',(2.970629887115,7.49623809507));
#2039 = CARTESIAN_POINT('',(2.96891406733,7.205975006345));
#2040 = CARTESIAN_POINT('',(2.967644027668,6.908822350301));
#2041 = CARTESIAN_POINT('',(2.966802814722,6.607413926068));
#2042 = CARTESIAN_POINT('',(2.966381586103,6.303836717589));
#2043 = CARTESIAN_POINT('',(2.966381586103,5.758303660337));
#2044 = CARTESIAN_POINT('',(2.966648143702,5.516687766078));
#2045 = CARTESIAN_POINT('',(2.96718092066,5.276179839709));
#2046 = CARTESIAN_POINT('',(2.967983321337,5.037842984013));
#2047 = CARTESIAN_POINT('',(2.969061958823,4.802916271368));
#2048 = CARTESIAN_POINT('',(2.970426107085,4.57295916897));
#2049 = CARTESIAN_POINT('',(2.973924441859,4.103380140691));
#2050 = CARTESIAN_POINT('',(2.976132571334,3.864304163267));
#2051 = CARTESIAN_POINT('',(2.978727403332,3.636317945659));
#2052 = CARTESIAN_POINT('',(2.981721906388,3.423741802747));
#2053 = CARTESIAN_POINT('',(2.985124082598,3.231775031495));
#2054 = CARTESIAN_POINT('',(2.988933071103,3.066716827262));
#2055 = CARTESIAN_POINT('',(2.995195842456,2.872305037583));
#2056 = CARTESIAN_POINT('',(2.997352290884,2.816681702499));
#2057 = CARTESIAN_POINT('',(2.999586320721,2.770795083584));
#2058 = CARTESIAN_POINT('',(3.001881326469,2.735637729729));
#2059 = CARTESIAN_POINT('',(3.004219240016,2.711907567882));
#2060 = CARTESIAN_POINT('',(3.006581101543,2.7));
#2061 = CARTESIAN_POINT('',(3.008947630438,2.7));
#2062 = ( GEOMETRIC_REPRESENTATION_CONTEXT(2) 
PARAMETRIC_REPRESENTATION_CONTEXT() REPRESENTATION_CONTEXT('2D SPACE',''
  ) );
#2063 = ORIENTED_EDGE('',*,*,#1843,.T.);
#2064 = ADVANCED_FACE('',(#2065),#863,.F.);
#2065 = FACE_BOUND('',#2066,.F.);
#2066 = EDGE_LOOP('',(#2067,#2068,#2091,#2289));
#2067 = ORIENTED_EDGE('',*,*,#729,.F.);
#2068 = ORIENTED_EDGE('',*,*,#2069,.F.);
#2069 = EDGE_CURVE('',#2070,#730,#2072,.T.);
#2070 = VERTEX_POINT('',#2071);
#2071 = CARTESIAN_POINT('',(-47.31675746054,-61.44206184219,115.7));
#2072 = SEAM_CURVE('',#2073,(#2077,#2084),.PCURVE_S1.);
#2073 = LINE('',#2074,#2075);
#2074 = CARTESIAN_POINT('',(-45.21175664508,-58.70866257262,115.7));
#2075 = VECTOR('',#2076,1.);
#2076 = DIRECTION('',(-0.610145163901,-0.792289643355,2.22044604925E-16)
  );
#2077 = PCURVE('',#863,#2078);
#2078 = DEFINITIONAL_REPRESENTATION('',(#2079),#2083);
#2079 = LINE('',#2080,#2081);
#2080 = CARTESIAN_POINT('',(6.28318530718,-0.));
#2081 = VECTOR('',#2082,1.);
#2082 = DIRECTION('',(0.,1.));
#2083 = ( GEOMETRIC_REPRESENTATION_CONTEXT(2) 
PARAMETRIC_REPRESENTATION_CONTEXT() REPRESENTATION_CONTEXT('2D SPACE',''
  ) );
#2084 = PCURVE('',#863,#2085);
#2085 = DEFINITIONAL_REPRESENTATION('',(#2086),#2090);
#2086 = LINE('',#2087,#2088);
#2087 = CARTESIAN_POINT('',(0.,-0.));
#2088 = VECTOR('',#2089,1.);
#2089 = DIRECTION('',(0.,1.));
#2090 = ( GEOMETRIC_REPRESENTATION_CONTEXT(2) 
PARAMETRIC_REPRESENTATION_CONTEXT() REPRESENTATION_CONTEXT('2D SPACE',''
  ) );
#2091 = ORIENTED_EDGE('',*,*,#2092,.T.);
#2092 = EDGE_CURVE('',#2070,#2070,#2093,.T.);
#2093 = SURFACE_CURVE('',#2094,(#2157,#2223),.PCURVE_S1.);
#2094 = B_SPLINE_CURVE_WITH_KNOTS('',7,(#2095,#2096,#2097,#2098,#2099,
    #2100,#2101,#2102,#2103,#2104,#2105,#2106,#2107,#2108,#2109,#2110,
    #2111,#2112,#2113,#2114,#2115,#2116,#2117,#2118,#2119,#2120,#2121,
    #2122,#2123,#2124,#2125,#2126,#2127,#2128,#2129,#2130,#2131,#2132,
    #2133,#2134,#2135,#2136,#2137,#2138,#2139,#2140,#2141,#2142,#2143,
    #2144,#2145,#2146,#2147,#2148,#2149,#2150,#2151,#2152,#2153,#2154,
    #2155,#2156),.UNSPECIFIED.,.T.,.F.,(8,6,6,6,6,6,6,6,6,6,8),(0.,
    8.234440983458E-02,0.180748283033,0.344502798286,0.442271135171,
    0.531817666222,0.63149754717,0.750063127895,0.844379793678,
    0.948705455425,1.),.UNSPECIFIED.);
#2095 = CARTESIAN_POINT('',(-47.31675746054,-61.44206184219,115.7));
#2096 = CARTESIAN_POINT('',(-47.08241935949,-61.62252647438,115.7));
#2097 = CARTESIAN_POINT('',(-46.84963021849,-61.80013754078,
    115.73092782465));
#2098 = CARTESIAN_POINT('',(-46.62236084301,-61.9718949039,
    115.79166676325));
#2099 = CARTESIAN_POINT('',(-46.40445314364,-62.13507164282,
    115.87981784613));
#2100 = CARTESIAN_POINT('',(-46.19934564325,-62.28738344722,
    115.99178067568));
#2101 = CARTESIAN_POINT('',(-46.00982708584,-62.42710778145,
    116.12281847873));
#2102 = CARTESIAN_POINT('',(-45.63226265282,-62.70378016389,
    116.4395366538));
#2103 = CARTESIAN_POINT('',(-45.44910754667,-62.83678143789,
    116.63307496244));
#2104 = CARTESIAN_POINT('',(-45.28814685732,-62.95279645891,
    116.84253451757));
#2105 = CARTESIAN_POINT('',(-45.14876322891,-63.05266405188,
    117.06398384444));
#2106 = CARTESIAN_POINT('',(-45.03018086279,-63.13723830669,
    117.29441433249));
#2107 = CARTESIAN_POINT('',(-44.93164827841,-63.20726923534,
    117.53150906043));
#2108 = CARTESIAN_POINT('',(-44.7209244273,-63.35666857288,
    118.17623569273));
#2109 = CARTESIAN_POINT('',(-44.64313421934,-63.41134035179,
    118.59250973667));
#2110 = CARTESIAN_POINT('',(-44.61624251887,-63.4301553901,
    119.01452948695));
#2111 = CARTESIAN_POINT('',(-44.63915701164,-63.41409102437,
    119.437288285));
#2112 = CARTESIAN_POINT('',(-44.71250035684,-63.3626146765,
    119.85564921145));
#2113 = CARTESIAN_POINT('',(-44.83847016175,-63.27372272075,
    120.26337758641));
#2114 = CARTESIAN_POINT('',(-45.12893160849,-63.06662997843,
    120.88082985113));
#2115 = CARTESIAN_POINT('',(-45.25777217711,-62.97444081478,
    121.10482959115));
#2116 = CARTESIAN_POINT('',(-45.40757434811,-62.8667556664,
    121.31924791331));
#2117 = CARTESIAN_POINT('',(-45.57891950418,-62.7428597001,
    121.52071300611));
#2118 = CARTESIAN_POINT('',(-45.77215306828,-62.60211960258,
    121.70513992732));
#2119 = CARTESIAN_POINT('',(-45.98719529762,-62.44410930192,
    121.86755535663));
#2120 = CARTESIAN_POINT('',(-46.43943124773,-62.10840699777,
    122.12472775251));
#2121 = CARTESIAN_POINT('',(-46.67496357211,-61.93220840587,
    122.22500601788));
#2122 = CARTESIAN_POINT('',(-46.92464267747,-61.74370173317,
    122.29430089206));
#2123 = CARTESIAN_POINT('',(-47.1819834943,-61.54736192863,
    122.32745421868));
#2124 = CARTESIAN_POINT('',(-47.4399243424,-61.34841928034,
    122.32251537218));
#2125 = CARTESIAN_POINT('',(-47.6915441734,-61.15236485055,
    122.28080240957));
#2126 = CARTESIAN_POINT('',(-48.19709089939,-60.75489846814,
    122.12479977302));
#2127 = CARTESIAN_POINT('',(-48.44440170295,-60.55826386484,
    122.00395862169));
#2128 = CARTESIAN_POINT('',(-48.67033059638,-60.3767762035,
    121.85123156036));
#2129 = CARTESIAN_POINT('',(-48.87360602569,-60.21204408463,
    121.67281541541));
#2130 = CARTESIAN_POINT('',(-49.0537139483,-60.06502517636,
    121.47451755075));
#2131 = CARTESIAN_POINT('',(-49.21076348042,-59.93608048866,
    121.26182787177));
#2132 = CARTESIAN_POINT('',(-49.50567616712,-59.69282754645,
    120.77597887562));
#2133 = CARTESIAN_POINT('',(-49.63594197986,-59.5845391795,
    120.49623807975));
#2134 = CARTESIAN_POINT('',(-49.7380372437,-59.49920393385,
    120.20597501381));
#2135 = CARTESIAN_POINT('',(-49.81349906597,-59.43591001544,
    119.90882236307));
#2136 = CARTESIAN_POINT('',(-49.86344431028,-59.39394319044,
    119.60741390763));
#2137 = CARTESIAN_POINT('',(-49.88845389306,-59.37292874837,
    119.30383672528));
#2138 = CARTESIAN_POINT('',(-49.88845389306,-59.37292874837,
    118.75830366033));
#2139 = CARTESIAN_POINT('',(-49.8726275999,-59.38622690587,
    118.51668776607));
#2140 = CARTESIAN_POINT('',(-49.84099502841,-59.4128062847,
    118.2761798397));
#2141 = CARTESIAN_POINT('',(-49.79333188142,-59.4528102981,
    118.03784298401));
#2142 = CARTESIAN_POINT('',(-49.72920079626,-59.50651567412,
    117.80291627136));
#2143 = CARTESIAN_POINT('',(-49.64797984979,-59.57429974101,
    117.57295916897));
#2144 = CARTESIAN_POINT('',(-49.43928108435,-59.74763834008,
    117.10338014069));
#2145 = CARTESIAN_POINT('',(-49.30735643211,-59.85681373327,
    116.86430416326));
#2146 = CARTESIAN_POINT('',(-49.15202618461,-59.9847437923,
    116.63631794565));
#2147 = CARTESIAN_POINT('',(-48.97232319635,-60.13183450038,
    116.42374180274));
#2148 = CARTESIAN_POINT('',(-48.7675201179,-60.29817358933,
    116.23177503149));
#2149 = CARTESIAN_POINT('',(-48.5373606259,-60.48332938517,
    116.06671682726));
#2150 = CARTESIAN_POINT('',(-48.15729782668,-60.78571208418,
    115.87230504268));
#2151 = CARTESIAN_POINT('',(-48.0261916257,-60.88952947951,
    115.81668170026));
#2152 = CARTESIAN_POINT('',(-47.89009910532,-60.99674124518,
    115.77079507963));
#2153 = CARTESIAN_POINT('',(-47.74999896199,-61.10650654757,
    115.73563772992));
#2154 = CARTESIAN_POINT('',(-47.60697055478,-61.21792849858,
    115.71190757086));
#2155 = CARTESIAN_POINT('',(-47.46216186578,-61.33008537574,115.7));
#2156 = CARTESIAN_POINT('',(-47.31675746054,-61.44206184219,115.7));
#2157 = PCURVE('',#863,#2158);
#2158 = DEFINITIONAL_REPRESENTATION('',(#2159),#2222);
#2159 = B_SPLINE_CURVE_WITH_KNOTS('',7,(#2160,#2161,#2162,#2163,#2164,
    #2165,#2166,#2167,#2168,#2169,#2170,#2171,#2172,#2173,#2174,#2175,
    #2176,#2177,#2178,#2179,#2180,#2181,#2182,#2183,#2184,#2185,#2186,
    #2187,#2188,#2189,#2190,#2191,#2192,#2193,#2194,#2195,#2196,#2197,
    #2198,#2199,#2200,#2201,#2202,#2203,#2204,#2205,#2206,#2207,#2208,
    #2209,#2210,#2211,#2212,#2213,#2214,#2215,#2216,#2217,#2218,#2219,
    #2220,#2221),.UNSPECIFIED.,.F.,.F.,(8,6,6,6,6,6,6,6,6,6,8),(0.,
    8.234440983458E-02,0.180748283033,0.344502798286,0.442271135171,
    0.531817666222,0.63149754717,0.750063127895,0.844379793678,
    0.948705455425,1.),.UNSPECIFIED.);
#2160 = CARTESIAN_POINT('',(0.,3.45));
#2161 = CARTESIAN_POINT('',(8.96282645719E-02,3.45));
#2162 = CARTESIAN_POINT('',(0.178356934521,3.448684239868));
#2163 = CARTESIAN_POINT('',(0.265854623047,3.44609850949));
#2164 = CARTESIAN_POINT('',(0.351762680746,3.442426420819));
#2165 = CARTESIAN_POINT('',(0.435657977897,3.437956136568));
#2166 = CARTESIAN_POINT('',(0.516990907442,3.433024448225));
#2167 = CARTESIAN_POINT('',(0.688219993694,3.421859998567));
#2168 = CARTESIAN_POINT('',(0.777874830113,3.415484328247));
#2169 = CARTESIAN_POINT('',(0.864539582628,3.409192441691));
#2170 = CARTESIAN_POINT('',(0.948676887308,3.403272254507));
#2171 = CARTESIAN_POINT('',(1.030698395889,3.397927103477));
#2172 = CARTESIAN_POINT('',(1.111003968855,3.393292703117));
#2173 = CARTESIAN_POINT('',(1.321450387574,3.383088112303));
#2174 = CARTESIAN_POINT('',(1.449256491366,3.378940677324));
#2175 = CARTESIAN_POINT('',(1.57538210637,3.377439796329));
#2176 = CARTESIAN_POINT('',(1.701375414089,3.378693332682));
#2177 = CARTESIAN_POINT('',(1.828771414599,3.382659242765));
#2178 = CARTESIAN_POINT('',(1.959112342054,3.389090934108));
#2179 = CARTESIAN_POINT('',(2.175164603418,3.402237146176));
#2180 = CARTESIAN_POINT('',(2.257938252101,3.407808076449));
#2181 = CARTESIAN_POINT('',(2.343007525131,3.413891318822));
#2182 = CARTESIAN_POINT('',(2.430673933322,3.420275246207));
#2183 = CARTESIAN_POINT('',(2.521293829335,3.426668849174));
#2184 = CARTESIAN_POINT('',(2.615277534372,3.43268590068));
#2185 = CARTESIAN_POINT('',(2.802875542669,3.442642019756));
#2186 = CARTESIAN_POINT('',(2.896570678582,3.446750608879));
#2187 = CARTESIAN_POINT('',(2.99270425759,3.44973922306));
#2188 = CARTESIAN_POINT('',(3.090109216403,3.451196484213));
#2189 = CARTESIAN_POINT('',(3.187788131009,3.45095764539));
#2190 = CARTESIAN_POINT('',(3.284702883267,3.449150374161));
#2191 = CARTESIAN_POINT('',(3.485219254471,3.442698765788));
#2192 = CARTESIAN_POINT('',(3.586886504764,3.437802696835));
#2193 = CARTESIAN_POINT('',(3.685045489143,3.431861324075));
#2194 = CARTESIAN_POINT('',(3.779946554383,3.425373292495));
#2195 = CARTESIAN_POINT('',(3.871737225389,3.418783712059));
#2196 = CARTESIAN_POINT('',(3.960444918938,3.412445183941));
#2197 = CARTESIAN_POINT('',(4.147743931583,3.399657946675));
#2198 = CARTESIAN_POINT('',(4.246087337401,3.393343250708));
#2199 = CARTESIAN_POINT('',(4.341853078897,3.388025950859));
#2200 = CARTESIAN_POINT('',(4.435713030161,3.383921500731));
#2201 = CARTESIAN_POINT('',(4.528324269786,3.3811454692));
#2202 = CARTESIAN_POINT('',(4.62031724545,3.379755420368));
#2203 = CARTESIAN_POINT('',(4.785630295434,3.379755420368));
#2204 = CARTESIAN_POINT('',(4.858847483277,3.380635076594));
#2205 = CARTESIAN_POINT('',(4.932369551995,3.382393182655));
#2206 = CARTESIAN_POINT('',(5.006517129716,3.385006509527));
#2207 = CARTESIAN_POINT('',(5.081607499132,3.388427451275));
#2208 = CARTESIAN_POINT('',(5.157972279484,3.392575497765));
#2209 = CARTESIAN_POINT('',(5.322282326987,3.402573332158));
#2210 = CARTESIAN_POINT('',(5.410952927096,3.408578676923));
#2211 = CARTESIAN_POINT('',(5.502307357812,3.415162338446));
#2212 = CARTESIAN_POINT('',(5.596671213801,3.422055873869));
#2213 = CARTESIAN_POINT('',(5.694450756963,3.428885003455));
#2214 = CARTESIAN_POINT('',(5.796122452939,3.435151321941));
#2215 = CARTESIAN_POINT('',(5.954633653348,3.442832523774));
#2216 = CARTESIAN_POINT('',(6.007940567955,3.445092156407));
#2217 = CARTESIAN_POINT('',(6.06207779797,3.446998734846));
#2218 = CARTESIAN_POINT('',(6.116846684007,3.448483222209));
#2219 = CARTESIAN_POINT('',(6.172068163228,3.449493589077));
#2220 = CARTESIAN_POINT('',(6.227571881772,3.45));
#2221 = CARTESIAN_POINT('',(6.28318530718,3.45));
#2222 = ( GEOMETRIC_REPRESENTATION_CONTEXT(2) 
PARAMETRIC_REPRESENTATION_CONTEXT() REPRESENTATION_CONTEXT('2D SPACE',''
  ) );
#2223 = PCURVE('',#1375,#2224);
#2224 = DEFINITIONAL_REPRESENTATION('',(#2225),#2288);
#2225 = B_SPLINE_CURVE_WITH_KNOTS('',7,(#2226,#2227,#2228,#2229,#2230,
    #2231,#2232,#2233,#2234,#2235,#2236,#2237,#2238,#2239,#2240,#2241,
    #2242,#2243,#2244,#2245,#2246,#2247,#2248,#2249,#2250,#2251,#2252,
    #2253,#2254,#2255,#2256,#2257,#2258,#2259,#2260,#2261,#2262,#2263,
    #2264,#2265,#2266,#2267,#2268,#2269,#2270,#2271,#2272,#2273,#2274,
    #2275,#2276,#2277,#2278,#2279,#2280,#2281,#2282,#2283,#2284,#2285,
    #2286,#2287),.UNSPECIFIED.,.T.,.F.,(8,6,6,6,6,6,6,6,6,6,8),(0.,
    8.234440983458E-02,0.180748283033,0.344502798286,0.442271135171,
    0.531817666222,0.63149754717,0.750063127895,0.844379793678,
    0.948705455425,1.),.UNSPECIFIED.);
#2226 = CARTESIAN_POINT('',(4.056145181635,2.7));
#2227 = CARTESIAN_POINT('',(4.05995915034,2.7));
#2228 = CARTESIAN_POINT('',(4.063734842979,2.73092782465));
#2229 = CARTESIAN_POINT('',(4.067408177579,2.791666763253));
#2230 = CARTESIAN_POINT('',(4.070918532496,2.879817846134));
#2231 = CARTESIAN_POINT('',(4.074212838508,2.991780675683));
#2232 = CARTESIAN_POINT('',(4.077249026539,3.122818478732));
#2233 = CARTESIAN_POINT('',(4.083284924268,3.439536653809));
#2234 = CARTESIAN_POINT('',(4.086203682227,3.633074962446));
#2235 = CARTESIAN_POINT('',(4.088762181731,3.84253451757));
#2236 = CARTESIAN_POINT('',(4.090973237071,4.063983844447));
#2237 = CARTESIAN_POINT('',(4.092851405142,4.294414332495));
#2238 = CARTESIAN_POINT('',(4.094410195147,4.531509060438));
#2239 = CARTESIAN_POINT('',(4.097741094607,5.176235692735));
#2240 = CARTESIAN_POINT('',(4.098967139852,5.592509736673));
#2241 = CARTESIAN_POINT('',(4.099390359119,6.014529486958));
#2242 = CARTESIAN_POINT('',(4.099029499285,6.437288285007));
#2243 = CARTESIAN_POINT('',(4.097874045068,6.855649211455));
#2244 = CARTESIAN_POINT('',(4.095885986058,7.263377586413));
#2245 = CARTESIAN_POINT('',(4.0912860048,7.880829851138));
#2246 = CARTESIAN_POINT('',(4.089243121806,8.104829591156));
#2247 = CARTESIAN_POINT('',(4.086864142537,8.319247913315));
#2248 = CARTESIAN_POINT('',(4.084137588436,8.520713006113));
#2249 = CARTESIAN_POINT('',(4.081055042518,8.705139927324));
#2250 = CARTESIAN_POINT('',(4.077614041511,8.867555356631));
#2251 = CARTESIAN_POINT('',(4.070351410922,9.124727752514));
#2252 = CARTESIAN_POINT('',(4.066558460488,9.225006017882));
#2253 = CARTESIAN_POINT('',(4.062524372322,9.294300892068));
#2254 = CARTESIAN_POINT('',(4.058350547369,9.327454218688));
#2255 = CARTESIAN_POINT('',(4.054150146614,9.322515372182));
#2256 = CARTESIAN_POINT('',(4.050036934236,9.280802409571));
#2257 = CARTESIAN_POINT('',(4.041744426315,9.124799773021));
#2258 = CARTESIAN_POINT('',(4.037670272112,9.003958621694));
#2259 = CARTESIAN_POINT('',(4.033933450216,8.851231560362));
#2260 = CARTESIAN_POINT('',(4.03055961802,8.672815415411));
#2261 = CARTESIAN_POINT('',(4.027561651315,8.474517550755));
#2262 = CARTESIAN_POINT('',(4.024941379697,8.261827871777));
#2263 = CARTESIAN_POINT('',(4.020011788542,7.775978875622));
#2264 = CARTESIAN_POINT('',(4.01782743813,7.49623807975));
#2265 = CARTESIAN_POINT('',(4.016111618729,7.20597501381));
#2266 = CARTESIAN_POINT('',(4.014841578756,6.908822363078));
#2267 = CARTESIAN_POINT('',(4.014000365942,6.607413907636));
#2268 = CARTESIAN_POINT('',(4.0135791373,6.303836725284));
#2269 = CARTESIAN_POINT('',(4.0135791373,5.758303660337));
#2270 = CARTESIAN_POINT('',(4.013845694899,5.516687766078));
#2271 = CARTESIAN_POINT('',(4.014378471857,5.276179839709));
#2272 = CARTESIAN_POINT('',(4.015180872534,5.037842984014));
#2273 = CARTESIAN_POINT('',(4.01625951002,4.802916271368));
#2274 = CARTESIAN_POINT('',(4.017623658281,4.57295916897));
#2275 = CARTESIAN_POINT('',(4.021121993056,4.103380140697));
#2276 = CARTESIAN_POINT('',(4.023330122531,3.864304163266));
#2277 = CARTESIAN_POINT('',(4.025924954528,3.636317945654));
#2278 = CARTESIAN_POINT('',(4.028919457585,3.423741802744));
#2279 = CARTESIAN_POINT('',(4.032321633795,3.231775031497));
#2280 = CARTESIAN_POINT('',(4.0361306223,3.066716827264));
#2281 = CARTESIAN_POINT('',(4.042393393488,2.872305042685));
#2282 = CARTESIAN_POINT('',(4.044549842254,2.816681700266));
#2283 = CARTESIAN_POINT('',(4.046783872056,2.770795079631));
#2284 = CARTESIAN_POINT('',(4.049078877531,2.735637729923));
#2285 = CARTESIAN_POINT('',(4.051416791036,2.711907570861));
#2286 = CARTESIAN_POINT('',(4.053778652894,2.7));
#2287 = CARTESIAN_POINT('',(4.056145181635,2.7));
#2288 = ( GEOMETRIC_REPRESENTATION_CONTEXT(2) 
PARAMETRIC_REPRESENTATION_CONTEXT() REPRESENTATION_CONTEXT('2D SPACE',''
  ) );
#2289 = ORIENTED_EDGE('',*,*,#2069,.T.);
#2290 = ADVANCED_FACE('',(#2291),#1070,.F.);
#2291 = FACE_BOUND('',#2292,.F.);
#2292 = EDGE_LOOP('',(#2293,#2294,#2317,#2515));
#2293 = ORIENTED_EDGE('',*,*,#936,.F.);
#2294 = ORIENTED_EDGE('',*,*,#2295,.F.);
#2295 = EDGE_CURVE('',#2296,#937,#2298,.T.);
#2296 = VERTEX_POINT('',#2297);
#2297 = CARTESIAN_POINT('',(76.868765146507,-10.25648306444,115.7));
#2298 = SEAM_CURVE('',#2299,(#2303,#2310),.PCURVE_S1.);
#2299 = LINE('',#2300,#2301);
#2300 = CARTESIAN_POINT('',(73.449071532639,-9.800198518053,115.7));
#2301 = VECTOR('',#2302,1.);
#2302 = DIRECTION('',(0.991215540252,-0.132256390257,2.22044604925E-16)
  );
#2303 = PCURVE('',#1070,#2304);
#2304 = DEFINITIONAL_REPRESENTATION('',(#2305),#2309);
#2305 = LINE('',#2306,#2307);
#2306 = CARTESIAN_POINT('',(6.28318530718,-0.));
#2307 = VECTOR('',#2308,1.);
#2308 = DIRECTION('',(0.,1.));
#2309 = ( GEOMETRIC_REPRESENTATION_CONTEXT(2) 
PARAMETRIC_REPRESENTATION_CONTEXT() REPRESENTATION_CONTEXT('2D SPACE',''
  ) );
#2310 = PCURVE('',#1070,#2311);
#2311 = DEFINITIONAL_REPRESENTATION('',(#2312),#2316);
#2312 = LINE('',#2313,#2314);
#2313 = CARTESIAN_POINT('',(0.,-0.));
#2314 = VECTOR('',#2315,1.);
#2315 = DIRECTION('',(0.,1.));
#2316 = ( GEOMETRIC_REPRESENTATION_CONTEXT(2) 
PARAMETRIC_REPRESENTATION_CONTEXT() REPRESENTATION_CONTEXT('2D SPACE',''
  ) );
#2317 = ORIENTED_EDGE('',*,*,#2318,.T.);
#2318 = EDGE_CURVE('',#2296,#2296,#2319,.T.);
#2319 = SURFACE_CURVE('',#2320,(#2383,#2449),.PCURVE_S1.);
#2320 = B_SPLINE_CURVE_WITH_KNOTS('',7,(#2321,#2322,#2323,#2324,#2325,
    #2326,#2327,#2328,#2329,#2330,#2331,#2332,#2333,#2334,#2335,#2336,
    #2337,#2338,#2339,#2340,#2341,#2342,#2343,#2344,#2345,#2346,#2347,
    #2348,#2349,#2350,#2351,#2352,#2353,#2354,#2355,#2356,#2357,#2358,
    #2359,#2360,#2361,#2362,#2363,#2364,#2365,#2366,#2367,#2368,#2369,
    #2370,#2371,#2372,#2373,#2374,#2375,#2376,#2377,#2378,#2379,#2380,
    #2381,#2382),.UNSPECIFIED.,.T.,.F.,(8,6,6,6,6,6,6,6,6,6,8),(0.,
    8.234440693068E-02,0.180748277667,0.344502792082,0.442271125817,
    0.531817654106,0.631497532729,0.75006311475,0.844379783954,
    0.948705449487,1.),.UNSPECIFIED.);
#2321 = CARTESIAN_POINT('',(76.868765146507,-10.25648306444,115.7));
#2322 = CARTESIAN_POINT('',(76.90788305234,-9.963307996766,115.7));
#2323 = CARTESIAN_POINT('',(76.945304176207,-9.672901162473,
    115.73092782373));
#2324 = CARTESIAN_POINT('',(76.980415729269,-9.390201419757,
    115.79166676464));
#2325 = CARTESIAN_POINT('',(77.012777080905,-9.119899446376,
    115.87981784647));
#2326 = CARTESIAN_POINT('',(77.042129221594,-8.866115246717,
    115.9917806735));
#2327 = CARTESIAN_POINT('',(77.068374766688,-8.63212518717,
    116.12281848021));
#2328 = CARTESIAN_POINT('',(77.119197861658,-8.166808607568,
    116.4395366538));
#2329 = CARTESIAN_POINT('',(77.142802790602,-7.941690995802,
    116.63307496244));
#2330 = CARTESIAN_POINT('',(77.162794401352,-7.744287439305,
    116.84253451757));
#2331 = CARTESIAN_POINT('',(77.179590459675,-7.573643879742,
    117.06398384444));
#2332 = CARTESIAN_POINT('',(77.193542729788,-7.428661410838,
    117.29441433249));
#2333 = CARTESIAN_POINT('',(77.204925000862,-7.308314225339,
    117.53150906043));
#2334 = CARTESIAN_POINT('',(77.228946697226,-7.05112234513,
    118.17623570075));
#2335 = CARTESIAN_POINT('',(77.237398741816,-6.95641816838,
    118.59250970354));
#2336 = CARTESIAN_POINT('',(77.24024719319,-6.923721748183,
    119.0145295507));
#2337 = CARTESIAN_POINT('',(77.237792292018,-6.951598451204,
    119.43728821572));
#2338 = CARTESIAN_POINT('',(77.229884137101,-7.040853851859,
    119.85564925223));
#2339 = CARTESIAN_POINT('',(77.215886349657,-7.194392860358,
    120.26337757567));
#2340 = CARTESIAN_POINT('',(77.181769496631,-7.549486229478,
    120.88082985129));
#2341 = CARTESIAN_POINT('',(77.166351623276,-7.707160016704,
    121.10482959114));
#2342 = CARTESIAN_POINT('',(77.147994634681,-7.890735076403,
    121.31924791319));
#2343 = CARTESIAN_POINT('',(77.126370158482,-8.101072317496,
    121.52071300604));
#2344 = CARTESIAN_POINT('',(77.101102440733,-8.338787541761,
    121.70513992737));
#2345 = CARTESIAN_POINT('',(77.07178262095,-8.604024725731,
    121.8675553567));
#2346 = CARTESIAN_POINT('',(77.007173872497,-9.163523699177,
    122.12472775261));
#2347 = CARTESIAN_POINT('',(76.972347578037,-9.455599971,122.22500601772
    ));
#2348 = CARTESIAN_POINT('',(76.93393556338,-9.766081755427,
    122.29430089211));
#2349 = CARTESIAN_POINT('',(76.892570713247,-10.08711534287,
    122.32745421877));
#2350 = CARTESIAN_POINT('',(76.849251749964,-10.4099699942,
    122.32251537206));
#2351 = CARTESIAN_POINT('',(76.805273548814,-10.72590637436,
    122.28080240962));
#2352 = CARTESIAN_POINT('',(76.71383092706,-11.3624558761,
    122.12479977233));
#2353 = CARTESIAN_POINT('',(76.667195768487,-11.67495060663,
    122.00395862286));
#2354 = CARTESIAN_POINT('',(76.622987288263,-11.96135461109,
    121.85123156145));
#2355 = CARTESIAN_POINT('',(76.581962803802,-12.21976235058,
    121.67281541065));
#2356 = CARTESIAN_POINT('',(76.54469465637,-12.44924983801,
    121.47451755564));
#2357 = CARTESIAN_POINT('',(76.511550046418,-12.6497310708,
    121.26182786988));
#2358 = CARTESIAN_POINT('',(76.44834316163,-13.0267594243,
    120.77597886882));
#2359 = CARTESIAN_POINT('',(76.419695594501,-13.1937170917,
    120.49623809507));
#2360 = CARTESIAN_POINT('',(76.396840730915,-13.32480183603,
    120.20597500634));
#2361 = CARTESIAN_POINT('',(76.379757504794,-13.42180062647,
    119.9088223503));
#2362 = CARTESIAN_POINT('',(76.36838578871,-13.48603789945,
    119.60741392606));
#2363 = CARTESIAN_POINT('',(76.362691539709,-13.51820405273,
    119.30383671758));
#2364 = CARTESIAN_POINT('',(76.362691539709,-13.51820405273,
    118.75830366033));
#2365 = CARTESIAN_POINT('',(76.366294935344,-13.49784900206,
    118.51668776607));
#2366 = CARTESIAN_POINT('',(76.373497066886,-13.45716470214,
    118.2761798397));
#2367 = CARTESIAN_POINT('',(76.384309985244,-13.39588519933,
    118.03784298401));
#2368 = CARTESIAN_POINT('',(76.398754662618,-13.31349336239,
    117.80291627136));
#2369 = CARTESIAN_POINT('',(76.416846913286,-13.20926192599,
    117.57295916897));
#2370 = CARTESIAN_POINT('',(76.46261316082,-12.94185419384,
    117.10338014069));
#2371 = CARTESIAN_POINT('',(76.491199498664,-12.77301639702,
    116.86430416326));
#2372 = CARTESIAN_POINT('',(76.524325055941,-12.5745314272,
    116.63631794565));
#2373 = CARTESIAN_POINT('',(76.561857851671,-12.3453587202,
    116.42374180274));
#2374 = CARTESIAN_POINT('',(76.603510189115,-12.084824507,
    116.23177503149));
#2375 = CARTESIAN_POINT('',(76.648780065974,-11.79292264209,
    116.06671682726));
#2376 = CARTESIAN_POINT('',(76.720619767253,-11.31258724085,
    115.87230503759));
#2377 = CARTESIAN_POINT('',(76.744975164725,-11.14713726843,
    115.81668170249));
#2378 = CARTESIAN_POINT('',(76.769777017483,-10.97567180302,
    115.77079508357));
#2379 = CARTESIAN_POINT('',(76.794786489104,-10.79945884763,
    115.73563772972));
#2380 = CARTESIAN_POINT('',(76.819766526151,-10.61988163482,
    115.71190756788));
#2381 = CARTESIAN_POINT('',(76.844492882974,-10.43839521828,115.7));
#2382 = CARTESIAN_POINT('',(76.868765146507,-10.25648306444,115.7));
#2383 = PCURVE('',#1070,#2384);
#2384 = DEFINITIONAL_REPRESENTATION('',(#2385),#2448);
#2385 = B_SPLINE_CURVE_WITH_KNOTS('',7,(#2386,#2387,#2388,#2389,#2390,
    #2391,#2392,#2393,#2394,#2395,#2396,#2397,#2398,#2399,#2400,#2401,
    #2402,#2403,#2404,#2405,#2406,#2407,#2408,#2409,#2410,#2411,#2412,
    #2413,#2414,#2415,#2416,#2417,#2418,#2419,#2420,#2421,#2422,#2423,
    #2424,#2425,#2426,#2427,#2428,#2429,#2430,#2431,#2432,#2433,#2434,
    #2435,#2436,#2437,#2438,#2439,#2440,#2441,#2442,#2443,#2444,#2445,
    #2446,#2447),.UNSPECIFIED.,.F.,.F.,(8,6,6,6,6,6,6,6,6,6,8),(0.,
    8.234440693068E-02,0.180748277667,0.344502792082,0.442271125817,
    0.531817654106,0.631497532729,0.75006311475,0.844379783954,
    0.948705449487,1.),.UNSPECIFIED.);
#2386 = CARTESIAN_POINT('',(0.,3.45));
#2387 = CARTESIAN_POINT('',(8.962826548854E-02,3.45));
#2388 = CARTESIAN_POINT('',(0.178356932688,3.448684239901));
#2389 = CARTESIAN_POINT('',(0.265854624009,3.44609850944));
#2390 = CARTESIAN_POINT('',(0.351762681788,3.442426420807));
#2391 = CARTESIAN_POINT('',(0.43565797616,3.437956136645));
#2392 = CARTESIAN_POINT('',(0.516990908241,3.433024448173));
#2393 = CARTESIAN_POINT('',(0.688219993694,3.421859998567));
#2394 = CARTESIAN_POINT('',(0.777874830113,3.415484328247));
#2395 = CARTESIAN_POINT('',(0.864539582628,3.409192441691));
#2396 = CARTESIAN_POINT('',(0.948676887308,3.403272254507));
#2397 = CARTESIAN_POINT('',(1.030698395889,3.397927103477));
#2398 = CARTESIAN_POINT('',(1.111003968855,3.393292703117));
#2399 = CARTESIAN_POINT('',(1.321450390191,3.383088112176));
#2400 = CARTESIAN_POINT('',(1.449256480545,3.378940677562));
#2401 = CARTESIAN_POINT('',(1.575382127313,3.377439796319));
#2402 = CARTESIAN_POINT('',(1.701375391066,3.378693332243));
#2403 = CARTESIAN_POINT('',(1.828771428418,3.382659243296));
#2404 = CARTESIAN_POINT('',(1.959112338296,3.389090933879));
#2405 = CARTESIAN_POINT('',(2.175164603472,3.40223714618));
#2406 = CARTESIAN_POINT('',(2.257938252102,3.40780807645));
#2407 = CARTESIAN_POINT('',(2.343007525087,3.413891318819));
#2408 = CARTESIAN_POINT('',(2.430673933283,3.420275246204));
#2409 = CARTESIAN_POINT('',(2.521293829344,3.426668849175));
#2410 = CARTESIAN_POINT('',(2.615277534425,3.432685900683));
#2411 = CARTESIAN_POINT('',(2.802875542744,3.44264201976));
#2412 = CARTESIAN_POINT('',(2.896570678505,3.446750608873));
#2413 = CARTESIAN_POINT('',(2.992704257532,3.449739223062));
#2414 = CARTESIAN_POINT('',(3.090109216465,3.451196484216));
#2415 = CARTESIAN_POINT('',(3.187788131083,3.450957645386));
#2416 = CARTESIAN_POINT('',(3.284702883192,3.449150374164));
#2417 = CARTESIAN_POINT('',(3.485219255349,3.44269876576));
#2418 = CARTESIAN_POINT('',(3.58688650271,3.437802696895));
#2419 = CARTESIAN_POINT('',(3.685045490527,3.431861324072));
#2420 = CARTESIAN_POINT('',(3.779946555213,3.425373292382));
#2421 = CARTESIAN_POINT('',(3.871737223736,3.418783712188));
#2422 = CARTESIAN_POINT('',(3.960444919667,3.412445183891));
#2423 = CARTESIAN_POINT('',(4.147743934203,3.399657946496));
#2424 = CARTESIAN_POINT('',(4.246087331326,3.393343251183));
#2425 = CARTESIAN_POINT('',(4.341853082786,3.38802595033));
#2426 = CARTESIAN_POINT('',(4.435713033088,3.383921501005));
#2427 = CARTESIAN_POINT('',(4.528324264444,3.381145469147));
#2428 = CARTESIAN_POINT('',(4.620317247782,3.379755420368));
#2429 = CARTESIAN_POINT('',(4.785630295434,3.379755420368));
#2430 = CARTESIAN_POINT('',(4.858847483277,3.380635076594));
#2431 = CARTESIAN_POINT('',(4.932369551995,3.382393182655));
#2432 = CARTESIAN_POINT('',(5.006517129716,3.385006509527));
#2433 = CARTESIAN_POINT('',(5.081607499132,3.388427451275));
#2434 = CARTESIAN_POINT('',(5.157972279484,3.392575497765));
#2435 = CARTESIAN_POINT('',(5.322282326989,3.402573332158));
#2436 = CARTESIAN_POINT('',(5.410952927096,3.408578676923));
#2437 = CARTESIAN_POINT('',(5.502307357811,3.415162338446));
#2438 = CARTESIAN_POINT('',(5.596671213799,3.422055873869));
#2439 = CARTESIAN_POINT('',(5.694450756964,3.428885003455));
#2440 = CARTESIAN_POINT('',(5.796122452941,3.435151321941));
#2441 = CARTESIAN_POINT('',(5.9546336575,3.442832523975));
#2442 = CARTESIAN_POINT('',(6.007940563774,3.445092156318));
#2443 = CARTESIAN_POINT('',(6.06207779449,3.446998734689));
#2444 = CARTESIAN_POINT('',(6.11684668717,3.448483222218));
#2445 = CARTESIAN_POINT('',(6.172068167527,3.449493589196));
#2446 = CARTESIAN_POINT('',(6.227571878148,3.45));
#2447 = CARTESIAN_POINT('',(6.28318530718,3.45));
#2448 = ( GEOMETRIC_REPRESENTATION_CONTEXT(2) 
PARAMETRIC_REPRESENTATION_CONTEXT() REPRESENTATION_CONTEXT('2D SPACE',''
  ) );
#2449 = PCURVE('',#1375,#2450);
#2450 = DEFINITIONAL_REPRESENTATION('',(#2451),#2514);
#2451 = B_SPLINE_CURVE_WITH_KNOTS('',7,(#2452,#2453,#2454,#2455,#2456,
    #2457,#2458,#2459,#2460,#2461,#2462,#2463,#2464,#2465,#2466,#2467,
    #2468,#2469,#2470,#2471,#2472,#2473,#2474,#2475,#2476,#2477,#2478,
    #2479,#2480,#2481,#2482,#2483,#2484,#2485,#2486,#2487,#2488,#2489,
    #2490,#2491,#2492,#2493,#2494,#2495,#2496,#2497,#2498,#2499,#2500,
    #2501,#2502,#2503,#2504,#2505,#2506,#2507,#2508,#2509,#2510,#2511,
    #2512,#2513),.UNSPECIFIED.,.T.,.F.,(8,6,6,6,6,6,6,6,6,6,8),(0.,
    8.234440693068E-02,0.180748277667,0.344502792082,0.442271125817,
    0.531817654106,0.631497532729,0.75006311475,0.844379783954,
    0.948705449487,1.),.UNSPECIFIED.);
#2452 = CARTESIAN_POINT('',(6.150540284028,2.7));
#2453 = CARTESIAN_POINT('',(6.154354252772,2.7));
#2454 = CARTESIAN_POINT('',(6.158129945297,2.730927823736));
#2455 = CARTESIAN_POINT('',(6.161803280007,2.791666764646));
#2456 = CARTESIAN_POINT('',(6.165313634932,2.879817846475));
#2457 = CARTESIAN_POINT('',(6.168607940836,2.991780673508));
#2458 = CARTESIAN_POINT('',(6.171644128961,3.12281848021));
#2459 = CARTESIAN_POINT('',(6.177680026661,3.439536653809));
#2460 = CARTESIAN_POINT('',(6.18059878462,3.633074962446));
#2461 = CARTESIAN_POINT('',(6.183157284124,3.84253451757));
#2462 = CARTESIAN_POINT('',(6.185368339464,4.063983844447));
#2463 = CARTESIAN_POINT('',(6.187246507535,4.294414332495));
#2464 = CARTESIAN_POINT('',(6.18880529754,4.531509060438));
#2465 = CARTESIAN_POINT('',(6.192136197042,5.176235700754));
#2466 = CARTESIAN_POINT('',(6.19336224217,5.592509703541));
#2467 = CARTESIAN_POINT('',(6.193785461506,6.014529550704));
#2468 = CARTESIAN_POINT('',(6.193424601837,6.437288215724));
#2469 = CARTESIAN_POINT('',(6.192269147275,6.855649252236));
#2470 = CARTESIAN_POINT('',(6.190281088532,7.263377575674));
#2471 = CARTESIAN_POINT('',(6.185681107192,7.880829851293));
#2472 = CARTESIAN_POINT('',(6.183638224199,8.104829591141));
#2473 = CARTESIAN_POINT('',(6.181259244931,8.319247913193));
#2474 = CARTESIAN_POINT('',(6.178532690831,8.520713006042));
#2475 = CARTESIAN_POINT('',(6.175450144911,8.705139927372));
#2476 = CARTESIAN_POINT('',(6.172009143902,8.867555356703));
#2477 = CARTESIAN_POINT('',(6.164746513312,9.124727752617));
#2478 = CARTESIAN_POINT('',(6.160953562884,9.225006017723));
#2479 = CARTESIAN_POINT('',(6.156919474717,9.294300892116));
#2480 = CARTESIAN_POINT('',(6.15274564976,9.327454218772));
#2481 = CARTESIAN_POINT('',(6.148545249004,9.322515372069));
#2482 = CARTESIAN_POINT('',(6.144432036633,9.280802409629));
#2483 = CARTESIAN_POINT('',(6.136139528672,9.124799772338));
#2484 = CARTESIAN_POINT('',(6.132065374594,9.003958622869));
#2485 = CARTESIAN_POINT('',(6.128328552534,8.851231561453));
#2486 = CARTESIAN_POINT('',(6.124954720411,8.672815410659));
#2487 = CARTESIAN_POINT('',(6.121956753747,8.474517555647));
#2488 = CARTESIAN_POINT('',(6.119336482071,8.261827869887));
#2489 = CARTESIAN_POINT('',(6.114406890866,7.775978868827));
#2490 = CARTESIAN_POINT('',(6.112222540705,7.49623809507));
#2491 = CARTESIAN_POINT('',(6.110506720919,7.205975006344));
#2492 = CARTESIAN_POINT('',(6.109236681258,6.908822350301));
#2493 = CARTESIAN_POINT('',(6.108395468312,6.607413926068));
#2494 = CARTESIAN_POINT('',(6.107974239693,6.303836717589));
#2495 = CARTESIAN_POINT('',(6.107974239693,5.758303660337));
#2496 = CARTESIAN_POINT('',(6.108240797292,5.516687766078));
#2497 = CARTESIAN_POINT('',(6.10877357425,5.276179839709));
#2498 = CARTESIAN_POINT('',(6.109575974927,5.037842984014));
#2499 = CARTESIAN_POINT('',(6.110654612413,4.802916271368));
#2500 = CARTESIAN_POINT('',(6.112018760674,4.57295916897));
#2501 = CARTESIAN_POINT('',(6.115517095449,4.103380140692));
#2502 = CARTESIAN_POINT('',(6.117725224924,3.864304163267));
#2503 = CARTESIAN_POINT('',(6.120320056921,3.636317945659));
#2504 = CARTESIAN_POINT('',(6.123314559978,3.423741802747));
#2505 = CARTESIAN_POINT('',(6.126716736188,3.231775031495));
#2506 = CARTESIAN_POINT('',(6.130525724693,3.066716827262));
#2507 = CARTESIAN_POINT('',(6.136788496045,2.872305037592));
#2508 = CARTESIAN_POINT('',(6.138944944474,2.816681702495));
#2509 = CARTESIAN_POINT('',(6.141178974311,2.770795083577));
#2510 = CARTESIAN_POINT('',(6.143473980059,2.735637729729));
#2511 = CARTESIAN_POINT('',(6.145811893606,2.711907567888));
#2512 = CARTESIAN_POINT('',(6.148173755133,2.7));
#2513 = CARTESIAN_POINT('',(6.150540284028,2.7));
#2514 = ( GEOMETRIC_REPRESENTATION_CONTEXT(2) 
PARAMETRIC_REPRESENTATION_CONTEXT() REPRESENTATION_CONTEXT('2D SPACE',''
  ) );
#2515 = ORIENTED_EDGE('',*,*,#2295,.T.);
#2516 = ADVANCED_FACE('',(#2517),#1277,.F.);
#2517 = FACE_BOUND('',#2518,.F.);
#2518 = EDGE_LOOP('',(#2519,#2520,#2543,#2741));
#2519 = ORIENTED_EDGE('',*,*,#1143,.F.);
#2520 = ORIENTED_EDGE('',*,*,#2521,.F.);
#2521 = EDGE_CURVE('',#2522,#1144,#2524,.T.);
#2522 = VERTEX_POINT('',#2523);
#2523 = CARTESIAN_POINT('',(29.552007685964,-71.69854490663,115.7));
#2524 = SEAM_CURVE('',#2525,(#2529,#2536),.PCURVE_S1.);
#2525 = LINE('',#2526,#2527);
#2526 = CARTESIAN_POINT('',(28.237314887555,-68.50886109067,115.7));
#2527 = VECTOR('',#2528,1.);
#2528 = DIRECTION('',(0.38107037635,-0.924546033612,2.22044604925E-16));
#2529 = PCURVE('',#1277,#2530);
#2530 = DEFINITIONAL_REPRESENTATION('',(#2531),#2535);
#2531 = LINE('',#2532,#2533);
#2532 = CARTESIAN_POINT('',(6.28318530718,-0.));
#2533 = VECTOR('',#2534,1.);
#2534 = DIRECTION('',(0.,1.));
#2535 = ( GEOMETRIC_REPRESENTATION_CONTEXT(2) 
PARAMETRIC_REPRESENTATION_CONTEXT() REPRESENTATION_CONTEXT('2D SPACE',''
  ) );
#2536 = PCURVE('',#1277,#2537);
#2537 = DEFINITIONAL_REPRESENTATION('',(#2538),#2542);
#2538 = LINE('',#2539,#2540);
#2539 = CARTESIAN_POINT('',(0.,-0.));
#2540 = VECTOR('',#2541,1.);
#2541 = DIRECTION('',(0.,1.));
#2542 = ( GEOMETRIC_REPRESENTATION_CONTEXT(2) 
PARAMETRIC_REPRESENTATION_CONTEXT() REPRESENTATION_CONTEXT('2D SPACE',''
  ) );
#2543 = ORIENTED_EDGE('',*,*,#2544,.T.);
#2544 = EDGE_CURVE('',#2522,#2522,#2545,.T.);
#2545 = SURFACE_CURVE('',#2546,(#2609,#2675),.PCURVE_S1.);
#2546 = B_SPLINE_CURVE_WITH_KNOTS('',7,(#2547,#2548,#2549,#2550,#2551,
    #2552,#2553,#2554,#2555,#2556,#2557,#2558,#2559,#2560,#2561,#2562,
    #2563,#2564,#2565,#2566,#2567,#2568,#2569,#2570,#2571,#2572,#2573,
    #2574,#2575,#2576,#2577,#2578,#2579,#2580,#2581,#2582,#2583,#2584,
    #2585,#2586,#2587,#2588,#2589,#2590,#2591,#2592,#2593,#2594,#2595,
    #2596,#2597,#2598,#2599,#2600,#2601,#2602,#2603,#2604,#2605,#2606,
    #2607,#2608),.UNSPECIFIED.,.T.,.F.,(8,6,6,6,6,6,6,6,6,6,8),(0.,
    8.234441144711E-02,0.180748287631,0.34450280785,0.442271146169,
    0.531817678487,0.631497559218,0.750063136079,0.844379798787,
    0.948705457114,1.),.UNSPECIFIED.);
#2547 = CARTESIAN_POINT('',(29.552007685964,-71.69854490663,115.7));
#2548 = CARTESIAN_POINT('',(29.825463695361,-71.58583447294,115.7));
#2549 = CARTESIAN_POINT('',(30.095673953121,-71.47303869974,
    115.73092782376));
#2550 = CARTESIAN_POINT('',(30.35805488838,-71.36209632535,
    115.79166676463));
#2551 = CARTESIAN_POINT('',(30.608323939842,-71.25497109127,
    115.87981784642));
#2552 = CARTESIAN_POINT('',(30.842783574275,-71.15349869089,
    115.99178067349));
#2553 = CARTESIAN_POINT('',(31.058547682706,-71.05923296987,
    116.12281848028));
#2554 = CARTESIAN_POINT('',(31.48693520883,-70.87058877145,
    116.4395366538));
#2555 = CARTESIAN_POINT('',(31.69369524393,-70.77847243369,
    116.63307496244));
#2556 = CARTESIAN_POINT('',(31.874647544029,-70.69708389821,
    116.84253451757));
#2557 = CARTESIAN_POINT('',(32.030827230765,-70.62630793162,
    117.06398384444));
#2558 = CARTESIAN_POINT('',(32.163361866996,-70.56589971753,
    117.29441433249));
#2559 = CARTESIAN_POINT('',(32.273276722448,-70.51558346068,
    117.53150906043));
#2560 = CARTESIAN_POINT('',(32.508022269618,-70.40779092121,
    118.17623569273));
#2561 = CARTESIAN_POINT('',(32.594264523007,-70.3677585144,
    118.59250973667));
#2562 = CARTESIAN_POINT('',(32.624004674389,-70.3538771378,
    119.01452948695));
#2563 = CARTESIAN_POINT('',(32.598635279192,-70.36568948779,
    119.437288285));
#2564 = CARTESIAN_POINT('',(32.517383781637,-70.403468514,
    119.85564921145));
#2565 = CARTESIAN_POINT('',(32.377416187308,-70.46811558728,
    120.26337758641));
#2566 = CARTESIAN_POINT('',(32.052837890048,-70.61611620695,
    120.88082984752));
#2567 = CARTESIAN_POINT('',(31.908579442487,-70.68160083317,
    121.10482960021));
#2568 = CARTESIAN_POINT('',(31.740420285741,-70.75749074311,
    121.31924790552));
#2569 = CARTESIAN_POINT('',(31.547450663482,-70.84393201381,
    121.52071300588));
#2570 = CARTESIAN_POINT('',(31.328949362118,-70.9409071488,
    121.70513993159));
#2571 = CARTESIAN_POINT('',(31.08458732751,-71.04813402569,
    121.86755535455));
#2572 = CARTESIAN_POINT('',(30.567742621102,-71.27193069832,
    122.12472775434));
#2573 = CARTESIAN_POINT('',(30.297384015078,-71.38780837322,
    122.22500601561));
#2574 = CARTESIAN_POINT('',(30.009292880211,-71.5097834911,
    122.29430089162));
#2575 = CARTESIAN_POINT('',(29.71058721334,-71.63447727371,
    122.32745422033));
#2576 = CARTESIAN_POINT('',(29.409327416817,-71.75838927052,
    122.32251537245));
#2577 = CARTESIAN_POINT('',(29.113729371596,-71.87827122666,
    122.28080240858));
#2578 = CARTESIAN_POINT('',(28.516740037399,-72.11735433772,
    122.12479977546));
#2579 = CARTESIAN_POINT('',(28.222794041665,-72.23321448752,
    122.00395861749));
#2580 = CARTESIAN_POINT('',(27.952656711965,-72.33813080086,
    121.85123155646));
#2581 = CARTESIAN_POINT('',(27.708356778749,-72.43180643534,
    121.67281543238));
#2582 = CARTESIAN_POINT('',(27.490980697276,-72.51427502112,
    121.47451753328));
#2583 = CARTESIAN_POINT('',(27.300786571219,-72.58581155614,
    121.26182787853));
#2584 = CARTESIAN_POINT('',(26.942666995391,-72.71958696548,
    120.77597887562));
#2585 = CARTESIAN_POINT('',(26.783753612307,-72.77825628508,
    120.49623807974));
#2586 = CARTESIAN_POINT('',(26.658803489815,-72.82400575435,
    120.20597501381));
#2587 = CARTESIAN_POINT('',(26.566258437428,-72.85771065024,
    119.90882236307));
#2588 = CARTESIAN_POINT('',(26.504941478715,-72.87998108812,
    119.60741390763));
#2589 = CARTESIAN_POINT('',(26.474237646646,-72.8911328011,
    119.30383672528));
#2590 = CARTESIAN_POINT('',(26.474237646646,-72.8911328011,
    118.75830366033));
#2591 = CARTESIAN_POINT('',(26.493667335442,-72.88407590793,
    118.51668776607));
#2592 = CARTESIAN_POINT('',(26.532502038473,-72.86997098685,
    118.2761798397));
#2593 = CARTESIAN_POINT('',(26.590978103819,-72.84869549743,
    118.03784298401));
#2594 = CARTESIAN_POINT('',(26.669553866357,-72.82000903652,
    117.80291627136));
#2595 = CARTESIAN_POINT('',(26.768867063493,-72.783561667,
    117.57295916897));
#2596 = CARTESIAN_POINT('',(27.02333207644,-72.68949253394,
    117.10338014074));
#2597 = CARTESIAN_POINT('',(27.183843066543,-72.6298301303,
    116.86430416326));
#2598 = CARTESIAN_POINT('',(27.372298871351,-72.55927521949,
    116.63631794561));
#2599 = CARTESIAN_POINT('',(27.589534655347,-72.47719322056,
    116.42374180272));
#2600 = CARTESIAN_POINT('',(27.83599007121,-72.38299809633,
    116.23177503151));
#2601 = CARTESIAN_POINT('',(28.111419440019,-72.27625202728,
    116.06671682728));
#2602 = CARTESIAN_POINT('',(28.563321938683,-72.09829933761,
    115.87230504268));
#2603 = CARTESIAN_POINT('',(28.718783540883,-72.03666673463,
    115.81668170026));
#2604 = CARTESIAN_POINT('',(28.879677913734,-71.97241303756,
    115.77079507963));
#2605 = CARTESIAN_POINT('',(29.044787525719,-71.90596540555,
    115.73563772992));
#2606 = CARTESIAN_POINT('',(29.212795969443,-71.83781014695,
    115.71190757086));
#2607 = CARTESIAN_POINT('',(29.382331018771,-71.76848058217,115.7));
#2608 = CARTESIAN_POINT('',(29.552007685964,-71.69854490663,115.7));
#2609 = PCURVE('',#1277,#2610);
#2610 = DEFINITIONAL_REPRESENTATION('',(#2611),#2674);
#2611 = B_SPLINE_CURVE_WITH_KNOTS('',7,(#2612,#2613,#2614,#2615,#2616,
    #2617,#2618,#2619,#2620,#2621,#2622,#2623,#2624,#2625,#2626,#2627,
    #2628,#2629,#2630,#2631,#2632,#2633,#2634,#2635,#2636,#2637,#2638,
    #2639,#2640,#2641,#2642,#2643,#2644,#2645,#2646,#2647,#2648,#2649,
    #2650,#2651,#2652,#2653,#2654,#2655,#2656,#2657,#2658,#2659,#2660,
    #2661,#2662,#2663,#2664,#2665,#2666,#2667,#2668,#2669,#2670,#2671,
    #2672,#2673),.UNSPECIFIED.,.F.,.F.,(8,6,6,6,6,6,6,6,6,6,8),(0.,
    8.234441144711E-02,0.180748287631,0.34450280785,0.442271146169,
    0.531817678487,0.631497559218,0.750063136079,0.844379798787,
    0.948705457114,1.),.UNSPECIFIED.);
#2612 = CARTESIAN_POINT('',(0.,3.45));
#2613 = CARTESIAN_POINT('',(8.96282655277E-02,3.45));
#2614 = CARTESIAN_POINT('',(0.178356932693,3.4486842399));
#2615 = CARTESIAN_POINT('',(0.265854623979,3.446098509441));
#2616 = CARTESIAN_POINT('',(0.351762681757,3.442426420809));
#2617 = CARTESIAN_POINT('',(0.435657976161,3.437956136646));
#2618 = CARTESIAN_POINT('',(0.51699090828,3.433024448171));
#2619 = CARTESIAN_POINT('',(0.688219993694,3.421859998567));
#2620 = CARTESIAN_POINT('',(0.777874830113,3.415484328247));
#2621 = CARTESIAN_POINT('',(0.864539582628,3.409192441691));
#2622 = CARTESIAN_POINT('',(0.948676887308,3.403272254507));
#2623 = CARTESIAN_POINT('',(1.030698395889,3.397927103478));
#2624 = CARTESIAN_POINT('',(1.111003968855,3.393292703117));
#2625 = CARTESIAN_POINT('',(1.321450387573,3.383088112303));
#2626 = CARTESIAN_POINT('',(1.449256491367,3.378940677324));
#2627 = CARTESIAN_POINT('',(1.57538210637,3.377439796328));
#2628 = CARTESIAN_POINT('',(1.701375414089,3.378693332682));
#2629 = CARTESIAN_POINT('',(1.8287714146,3.382659242765));
#2630 = CARTESIAN_POINT('',(1.959112342054,3.389090934108));
#2631 = CARTESIAN_POINT('',(2.175164602153,3.402237146099));
#2632 = CARTESIAN_POINT('',(2.257938254967,3.407808076634));
#2633 = CARTESIAN_POINT('',(2.343007523693,3.413891318707));
#2634 = CARTESIAN_POINT('',(2.430673930928,3.420275246094));
#2635 = CARTESIAN_POINT('',(2.52129383288,3.426668849363));
#2636 = CARTESIAN_POINT('',(2.615277532861,3.4326859006));
#2637 = CARTESIAN_POINT('',(2.802875544006,3.442642019827));
#2638 = CARTESIAN_POINT('',(2.896570675369,3.446750608792));
#2639 = CARTESIAN_POINT('',(2.9927042595,3.449739223041));
#2640 = CARTESIAN_POINT('',(3.090109218371,3.451196484277));
#2641 = CARTESIAN_POINT('',(3.187788127871,3.450957645404));
#2642 = CARTESIAN_POINT('',(3.284702884536,3.44915037412));
#2643 = CARTESIAN_POINT('',(3.485219251335,3.442698765889));
#2644 = CARTESIAN_POINT('',(3.586886512102,3.43780269662));
#2645 = CARTESIAN_POINT('',(3.6850454842,3.431861324084));
#2646 = CARTESIAN_POINT('',(3.779946551417,3.425373292898));
#2647 = CARTESIAN_POINT('',(3.871737231294,3.4187837116));
#2648 = CARTESIAN_POINT('',(3.960444916335,3.412445184119));
#2649 = CARTESIAN_POINT('',(4.147743931583,3.399657946675));
#2650 = CARTESIAN_POINT('',(4.246087337402,3.393343250708));
#2651 = CARTESIAN_POINT('',(4.341853078895,3.388025950859));
#2652 = CARTESIAN_POINT('',(4.435713030163,3.383921500731));
#2653 = CARTESIAN_POINT('',(4.528324269786,3.3811454692));
#2654 = CARTESIAN_POINT('',(4.62031724545,3.379755420368));
#2655 = CARTESIAN_POINT('',(4.785630295434,3.379755420368));
#2656 = CARTESIAN_POINT('',(4.858847483276,3.380635076594));
#2657 = CARTESIAN_POINT('',(4.932369551995,3.382393182655));
#2658 = CARTESIAN_POINT('',(5.006517129716,3.385006509527));
#2659 = CARTESIAN_POINT('',(5.081607499132,3.388427451275));
#2660 = CARTESIAN_POINT('',(5.157972279484,3.392575497765));
#2661 = CARTESIAN_POINT('',(5.32228232697,3.402573332157));
#2662 = CARTESIAN_POINT('',(5.410952927096,3.408578676922));
#2663 = CARTESIAN_POINT('',(5.502307357824,3.415162338448));
#2664 = CARTESIAN_POINT('',(5.596671213813,3.42205587387));
#2665 = CARTESIAN_POINT('',(5.694450756961,3.428885003455));
#2666 = CARTESIAN_POINT('',(5.796122452923,3.43515132194));
#2667 = CARTESIAN_POINT('',(5.954633653348,3.442832523774));
#2668 = CARTESIAN_POINT('',(6.007940567955,3.445092156407));
#2669 = CARTESIAN_POINT('',(6.06207779797,3.446998734846));
#2670 = CARTESIAN_POINT('',(6.116846684007,3.448483222209));
#2671 = CARTESIAN_POINT('',(6.172068163228,3.449493589077));
#2672 = CARTESIAN_POINT('',(6.227571881772,3.45));
#2673 = CARTESIAN_POINT('',(6.28318530718,3.45));
#2674 = ( GEOMETRIC_REPRESENTATION_CONTEXT(2) 
PARAMETRIC_REPRESENTATION_CONTEXT() REPRESENTATION_CONTEXT('2D SPACE',''
  ) );
#2675 = PCURVE('',#1375,#2676);
#2676 = DEFINITIONAL_REPRESENTATION('',(#2677),#2740);
#2677 = B_SPLINE_CURVE_WITH_KNOTS('',7,(#2678,#2679,#2680,#2681,#2682,
    #2683,#2684,#2685,#2686,#2687,#2688,#2689,#2690,#2691,#2692,#2693,
    #2694,#2695,#2696,#2697,#2698,#2699,#2700,#2701,#2702,#2703,#2704,
    #2705,#2706,#2707,#2708,#2709,#2710,#2711,#2712,#2713,#2714,#2715,
    #2716,#2717,#2718,#2719,#2720,#2721,#2722,#2723,#2724,#2725,#2726,
    #2727,#2728,#2729,#2730,#2731,#2732,#2733,#2734,#2735,#2736,#2737,
    #2738,#2739),.UNSPECIFIED.,.T.,.F.,(8,6,6,6,6,6,6,6,6,6,8),(0.,
    8.234441144711E-02,0.180748287631,0.34450280785,0.442271146169,
    0.531817678487,0.631497559218,0.750063136079,0.844379798787,
    0.948705457114,1.),.UNSPECIFIED.);
#2678 = CARTESIAN_POINT('',(5.103342732831,2.7));
#2679 = CARTESIAN_POINT('',(5.107156701577,2.7));
#2680 = CARTESIAN_POINT('',(5.110932394101,2.730927823763));
#2681 = CARTESIAN_POINT('',(5.11460572881,2.791666764636));
#2682 = CARTESIAN_POINT('',(5.118116083734,2.879817846423));
#2683 = CARTESIAN_POINT('',(5.121410389639,2.99178067349));
#2684 = CARTESIAN_POINT('',(5.124446577765,3.122818480283));
#2685 = CARTESIAN_POINT('',(5.130482475464,3.439536653809));
#2686 = CARTESIAN_POINT('',(5.133401233424,3.633074962446));
#2687 = CARTESIAN_POINT('',(5.135959732928,3.84253451757));
#2688 = CARTESIAN_POINT('',(5.138170788268,4.063983844447));
#2689 = CARTESIAN_POINT('',(5.140048956339,4.294414332495));
#2690 = CARTESIAN_POINT('',(5.141607746344,4.531509060438));
#2691 = CARTESIAN_POINT('',(5.144938645804,5.176235692734));
#2692 = CARTESIAN_POINT('',(5.146164691049,5.592509736675));
#2693 = CARTESIAN_POINT('',(5.146587910315,6.014529486957));
#2694 = CARTESIAN_POINT('',(5.146227050482,6.437288285005));
#2695 = CARTESIAN_POINT('',(5.145071596264,6.855649211459));
#2696 = CARTESIAN_POINT('',(5.143083537255,7.263377586412));
#2697 = CARTESIAN_POINT('',(5.138483556023,7.880829847523));
#2698 = CARTESIAN_POINT('',(5.13644067295,8.104829600211));
#2699 = CARTESIAN_POINT('',(5.134061693723,8.319247905522));
#2700 = CARTESIAN_POINT('',(5.131335139762,8.520713005884));
#2701 = CARTESIAN_POINT('',(5.128252593569,8.705139931599));
#2702 = CARTESIAN_POINT('',(5.124811592766,8.867555354559));
#2703 = CARTESIAN_POINT('',(5.117548962067,9.124727754347));
#2704 = CARTESIAN_POINT('',(5.113756011813,9.225006015615));
#2705 = CARTESIAN_POINT('',(5.109721923439,9.294300891622));
#2706 = CARTESIAN_POINT('',(5.105548098487,9.327454220332));
#2707 = CARTESIAN_POINT('',(5.101347697939,9.322515372457));
#2708 = CARTESIAN_POINT('',(5.09723448538,9.280802408584));
#2709 = CARTESIAN_POINT('',(5.088941977641,9.124799775461));
#2710 = CARTESIAN_POINT('',(5.08486782299,9.003958617497));
#2711 = CARTESIAN_POINT('',(5.081131001682,8.851231556463));
#2712 = CARTESIAN_POINT('',(5.077757169221,8.672815432384));
#2713 = CARTESIAN_POINT('',(5.074759202371,8.474517533279));
#2714 = CARTESIAN_POINT('',(5.072138930963,8.26182787853));
#2715 = CARTESIAN_POINT('',(5.067209339739,7.775978875623));
#2716 = CARTESIAN_POINT('',(5.065024989327,7.496238079748));
#2717 = CARTESIAN_POINT('',(5.063309169926,7.205975013815));
#2718 = CARTESIAN_POINT('',(5.062039129953,6.908822363075));
#2719 = CARTESIAN_POINT('',(5.061197917139,6.607413907637));
#2720 = CARTESIAN_POINT('',(5.060776688497,6.303836725284));
#2721 = CARTESIAN_POINT('',(5.060776688497,5.758303660337));
#2722 = CARTESIAN_POINT('',(5.061043246096,5.516687766078));
#2723 = CARTESIAN_POINT('',(5.061576023053,5.276179839709));
#2724 = CARTESIAN_POINT('',(5.062378423731,5.037842984013));
#2725 = CARTESIAN_POINT('',(5.063457061217,4.802916271368));
#2726 = CARTESIAN_POINT('',(5.064821209478,4.57295916897));
#2727 = CARTESIAN_POINT('',(5.068319544252,4.103380140743));
#2728 = CARTESIAN_POINT('',(5.070527673727,3.864304163261));
#2729 = CARTESIAN_POINT('',(5.073122505725,3.636317945619));
#2730 = CARTESIAN_POINT('',(5.076117008782,3.423741802725));
#2731 = CARTESIAN_POINT('',(5.079519184991,3.231775031512));
#2732 = CARTESIAN_POINT('',(5.083328173496,3.066716827284));
#2733 = CARTESIAN_POINT('',(5.089590944684,2.872305042685));
#2734 = CARTESIAN_POINT('',(5.09174739345,2.816681700266));
#2735 = CARTESIAN_POINT('',(5.093981423253,2.770795079631));
#2736 = CARTESIAN_POINT('',(5.096276428728,2.735637729923));
#2737 = CARTESIAN_POINT('',(5.098614342233,2.711907570861));
#2738 = CARTESIAN_POINT('',(5.100976204091,2.7));
#2739 = CARTESIAN_POINT('',(5.103342732831,2.7));
#2740 = ( GEOMETRIC_REPRESENTATION_CONTEXT(2) 
PARAMETRIC_REPRESENTATION_CONTEXT() REPRESENTATION_CONTEXT('2D SPACE',''
  ) );
#2741 = ORIENTED_EDGE('',*,*,#2521,.T.);
#2742 = ADVANCED_FACE('',(#2743,#2797,#2800,#2803,#2806,#2809,#2812),
  #1375,.F.);
#2743 = FACE_BOUND('',#2744,.F.);
#2744 = EDGE_LOOP('',(#2745,#2746,#2769,#2796));
#2745 = ORIENTED_EDGE('',*,*,#1358,.T.);
#2746 = ORIENTED_EDGE('',*,*,#2747,.T.);
#2747 = EDGE_CURVE('',#1359,#2748,#2750,.T.);
#2748 = VERTEX_POINT('',#2749);
#2749 = CARTESIAN_POINT('',(77.55,-1.899427185478E-14,125.99999694824));
#2750 = SEAM_CURVE('',#2751,(#2755,#2762),.PCURVE_S1.);
#2751 = LINE('',#2752,#2753);
#2752 = CARTESIAN_POINT('',(77.55,-1.899427185478E-14,113.));
#2753 = VECTOR('',#2754,1.);
#2754 = DIRECTION('',(0.,0.,1.));
#2755 = PCURVE('',#1375,#2756);
#2756 = DEFINITIONAL_REPRESENTATION('',(#2757),#2761);
#2757 = LINE('',#2758,#2759);
#2758 = CARTESIAN_POINT('',(0.,-0.));
#2759 = VECTOR('',#2760,1.);
#2760 = DIRECTION('',(0.,1.));
#2761 = ( GEOMETRIC_REPRESENTATION_CONTEXT(2) 
PARAMETRIC_REPRESENTATION_CONTEXT() REPRESENTATION_CONTEXT('2D SPACE',''
  ) );
#2762 = PCURVE('',#1375,#2763);
#2763 = DEFINITIONAL_REPRESENTATION('',(#2764),#2768);
#2764 = LINE('',#2765,#2766);
#2765 = CARTESIAN_POINT('',(6.28318530718,-0.));
#2766 = VECTOR('',#2767,1.);
#2767 = DIRECTION('',(0.,1.));
#2768 = ( GEOMETRIC_REPRESENTATION_CONTEXT(2) 
PARAMETRIC_REPRESENTATION_CONTEXT() REPRESENTATION_CONTEXT('2D SPACE',''
  ) );
#2769 = ORIENTED_EDGE('',*,*,#2770,.F.);
#2770 = EDGE_CURVE('',#2748,#2748,#2771,.T.);
#2771 = SURFACE_CURVE('',#2772,(#2777,#2784),.PCURVE_S1.);
#2772 = CIRCLE('',#2773,77.55);
#2773 = AXIS2_PLACEMENT_3D('',#2774,#2775,#2776);
#2774 = CARTESIAN_POINT('',(0.,0.,125.99999694824));
#2775 = DIRECTION('',(0.,0.,1.));
#2776 = DIRECTION('',(1.,0.,-0.));
#2777 = PCURVE('',#1375,#2778);
#2778 = DEFINITIONAL_REPRESENTATION('',(#2779),#2783);
#2779 = LINE('',#2780,#2781);
#2780 = CARTESIAN_POINT('',(0.,12.999996948242));
#2781 = VECTOR('',#2782,1.);
#2782 = DIRECTION('',(1.,0.));
#2783 = ( GEOMETRIC_REPRESENTATION_CONTEXT(2) 
PARAMETRIC_REPRESENTATION_CONTEXT() REPRESENTATION_CONTEXT('2D SPACE',''
  ) );
#2784 = PCURVE('',#2785,#2790);
#2785 = PLANE('',#2786);
#2786 = AXIS2_PLACEMENT_3D('',#2787,#2788,#2789);
#2787 = CARTESIAN_POINT('',(0.,0.,125.99999694824));
#2788 = DIRECTION('',(0.,0.,1.));
#2789 = DIRECTION('',(1.,0.,-0.));
#2790 = DEFINITIONAL_REPRESENTATION('',(#2791),#2795);
#2791 = CIRCLE('',#2792,77.55);
#2792 = AXIS2_PLACEMENT_2D('',#2793,#2794);
#2793 = CARTESIAN_POINT('',(0.,0.));
#2794 = DIRECTION('',(1.,0.));
#2795 = ( GEOMETRIC_REPRESENTATION_CONTEXT(2) 
PARAMETRIC_REPRESENTATION_CONTEXT() REPRESENTATION_CONTEXT('2D SPACE',''
  ) );
#2796 = ORIENTED_EDGE('',*,*,#2747,.F.);
#2797 = FACE_BOUND('',#2798,.F.);
#2798 = EDGE_LOOP('',(#2799));
#2799 = ORIENTED_EDGE('',*,*,#1414,.F.);
#2800 = FACE_BOUND('',#2801,.F.);
#2801 = EDGE_LOOP('',(#2802));
#2802 = ORIENTED_EDGE('',*,*,#1640,.F.);
#2803 = FACE_BOUND('',#2804,.F.);
#2804 = EDGE_LOOP('',(#2805));
#2805 = ORIENTED_EDGE('',*,*,#1866,.F.);
#2806 = FACE_BOUND('',#2807,.F.);
#2807 = EDGE_LOOP('',(#2808));
#2808 = ORIENTED_EDGE('',*,*,#2092,.F.);
#2809 = FACE_BOUND('',#2810,.F.);
#2810 = EDGE_LOOP('',(#2811));
#2811 = ORIENTED_EDGE('',*,*,#2544,.F.);
#2812 = FACE_BOUND('',#2813,.F.);
#2813 = EDGE_LOOP('',(#2814));
#2814 = ORIENTED_EDGE('',*,*,#2318,.F.);
#2815 = ADVANCED_FACE('',(#2816),#2785,.F.);
#2816 = FACE_BOUND('',#2817,.F.);
#2817 = EDGE_LOOP('',(#2818));
#2818 = ORIENTED_EDGE('',*,*,#2770,.T.);
#2819 = ( GEOMETRIC_REPRESENTATION_CONTEXT(3) 
GLOBAL_UNCERTAINTY_ASSIGNED_CONTEXT((#2823)) 
GLOBAL_UNIT_ASSIGNED_CONTEXT((#2820,#2821,#2822)) REPRESENTATION_CONTEXT
('Context #1','3D Context with UNIT and UNCERTAINTY') );
#2820 = ( LENGTH_UNIT() NAMED_UNIT(*) SI_UNIT(.MILLI.,.METRE.) );
#2821 = ( NAMED_UNIT(*) PLANE_ANGLE_UNIT() SI_UNIT($,.RADIAN.) );
#2822 = ( NAMED_UNIT(*) SI_UNIT($,.STERADIAN.) SOLID_ANGLE_UNIT() );
#2823 = UNCERTAINTY_MEASURE_WITH_UNIT(LENGTH_MEASURE(2.E-07),#2820,
  'distance_accuracy_value','confusion accuracy');
#2824 = PRODUCT_RELATED_PRODUCT_CATEGORY('part',$,(#7));
ENDSEC;
END-ISO-10303-21;
