ISO-10303-21;
HEADER;
FILE_DESCRIPTION(('Open CASCADE Model'),'2;1');
FILE_NAME('Open CASCADE Shape Model','2026-09-28T15:30:48',('Author'),(
    'Open CASCADE'),'Open CASCADE STEP processor 7.8','build123d',
  'Unknown');
FILE_SCHEMA(('AUTOMOTIVE_DESIGN { 1 0 10303 214 1 1 1 1 }'));
ENDSEC;
DATA;
#1 = APPLICATION_PROTOCOL_DEFINITION('international standard',
  'automotive_design',2000,#2);
#2 = APPLICATION_CONTEXT(
  'core data for automotive mechanical design processes');
#3 = SHAPE_DEFINITION_REPRESENTATION(#4,#10);
#4 = PRODUCT_DEFINITION_SHAPE('','',#5);
#5 = PRODUCT_DEFINITION('design','',#6,#9);
#6 = PRODUCT_DEFINITION_FORMATION('','',#7);
#7 = PRODUCT('SOLID','SOLID','',(#8));
#8 = PRODUCT_CONTEXT('',#2,'mechanical');
#9 = PRODUCT_DEFINITION_CONTEXT('part definition',#2,'design');
#10 = ADVANCED_BREP_SHAPE_REPRESENTATION('',(#11,#15),#3263);
#11 = AXIS2_PLACEMENT_3D('',#12,#13,#14);
#12 = CARTESIAN_POINT('',(0.,0.,0.));
#13 = DIRECTION('',(0.,0.,1.));
#14 = DIRECTION('',(1.,0.,-0.));
#15 = MANIFOLD_SOLID_BREP('',#16);
#16 = CLOSED_SHELL('',(#17,#105,#140,#175,#1472,#1527,#1562,#1788,#2014,
    #2240,#2466,#2692,#2918,#2953,#3026,#3081,#3116,#3151,#3206,#3256));
#17 = ADVANCED_FACE('',(#18),#32,.T.);
#18 = FACE_BOUND('',#19,.T.);
#19 = EDGE_LOOP('',(#20,#50,#77,#78));
#20 = ORIENTED_EDGE('',*,*,#21,.F.);
#21 = EDGE_CURVE('',#22,#24,#26,.T.);
#22 = VERTEX_POINT('',#23);
#23 = CARTESIAN_POINT('',(47.25,-1.157291225194E-14,96.85));
#24 = VERTEX_POINT('',#25);
#25 = CARTESIAN_POINT('',(47.25,-1.157291225194E-14,91.8));
#26 = SEAM_CURVE('',#27,(#31,#43),.PCURVE_S1.);
#27 = LINE('',#28,#29);
#28 = CARTESIAN_POINT('',(47.25,-1.157291225194E-14,96.85));
#29 = VECTOR('',#30,1.);
#30 = DIRECTION('',(0.,2.69696035973E-31,-1.));
#31 = PCURVE('',#32,#37);
#32 = CYLINDRICAL_SURFACE('',#33,47.25);
#33 = AXIS2_PLACEMENT_3D('',#34,#35,#36);
#34 = CARTESIAN_POINT('',(0.,0.,96.05));
#35 = DIRECTION('',(0.,0.,1.));
#36 = DIRECTION('',(1.,0.,0.));
#37 = DEFINITIONAL_REPRESENTATION('',(#38),#42);
#38 = LINE('',#39,#40);
#39 = CARTESIAN_POINT('',(6.28318530718,0.8));
#40 = VECTOR('',#41,1.);
#41 = DIRECTION('',(-0.,-1.));
#42 = ( GEOMETRIC_REPRESENTATION_CONTEXT(2) 
PARAMETRIC_REPRESENTATION_CONTEXT() REPRESENTATION_CONTEXT('2D SPACE',''
  ) );
#43 = PCURVE('',#32,#44);
#44 = DEFINITIONAL_REPRESENTATION('',(#45),#49);
#45 = LINE('',#46,#47);
#46 = CARTESIAN_POINT('',(0.,0.8));
#47 = VECTOR('',#48,1.);
#48 = DIRECTION('',(-0.,-1.));
#49 = ( GEOMETRIC_REPRESENTATION_CONTEXT(2) 
PARAMETRIC_REPRESENTATION_CONTEXT() REPRESENTATION_CONTEXT('2D SPACE',''
  ) );
#50 = ORIENTED_EDGE('',*,*,#51,.F.);
#51 = EDGE_CURVE('',#22,#22,#52,.T.);
#52 = SURFACE_CURVE('',#53,(#58,#65),.PCURVE_S1.);
#53 = CIRCLE('',#54,47.25);
#54 = AXIS2_PLACEMENT_3D('',#55,#56,#57);
#55 = CARTESIAN_POINT('',(0.,0.,96.85));
#56 = DIRECTION('',(0.,0.,1.));
#57 = DIRECTION('',(1.,0.,0.));
#58 = PCURVE('',#32,#59);
#59 = DEFINITIONAL_REPRESENTATION('',(#60),#64);
#60 = LINE('',#61,#62);
#61 = CARTESIAN_POINT('',(0.,0.8));
#62 = VECTOR('',#63,1.);
#63 = DIRECTION('',(1.,0.));
#64 = ( GEOMETRIC_REPRESENTATION_CONTEXT(2) 
PARAMETRIC_REPRESENTATION_CONTEXT() REPRESENTATION_CONTEXT('2D SPACE',''
  ) );
#65 = PCURVE('',#66,#71);
#66 = PLANE('',#67);
#67 = AXIS2_PLACEMENT_3D('',#68,#69,#70);
#68 = CARTESIAN_POINT('',(0.,0.,96.85));
#69 = DIRECTION('',(0.,0.,1.));
#70 = DIRECTION('',(1.,0.,0.));
#71 = DEFINITIONAL_REPRESENTATION('',(#72),#76);
#72 = CIRCLE('',#73,47.25);
#73 = AXIS2_PLACEMENT_2D('',#74,#75);
#74 = CARTESIAN_POINT('',(0.,0.));
#75 = DIRECTION('',(1.,0.));
#76 = ( GEOMETRIC_REPRESENTATION_CONTEXT(2) 
PARAMETRIC_REPRESENTATION_CONTEXT() REPRESENTATION_CONTEXT('2D SPACE',''
  ) );
#77 = ORIENTED_EDGE('',*,*,#21,.T.);
#78 = ORIENTED_EDGE('',*,*,#79,.T.);
#79 = EDGE_CURVE('',#24,#24,#80,.T.);
#80 = SURFACE_CURVE('',#81,(#86,#93),.PCURVE_S1.);
#81 = CIRCLE('',#82,47.25);
#82 = AXIS2_PLACEMENT_3D('',#83,#84,#85);
#83 = CARTESIAN_POINT('',(0.,0.,91.8));
#84 = DIRECTION('',(0.,0.,1.));
#85 = DIRECTION('',(1.,0.,-0.));
#86 = PCURVE('',#32,#87);
#87 = DEFINITIONAL_REPRESENTATION('',(#88),#92);
#88 = LINE('',#89,#90);
#89 = CARTESIAN_POINT('',(0.,-4.25));
#90 = VECTOR('',#91,1.);
#91 = DIRECTION('',(1.,0.));
#92 = ( GEOMETRIC_REPRESENTATION_CONTEXT(2) 
PARAMETRIC_REPRESENTATION_CONTEXT() REPRESENTATION_CONTEXT('2D SPACE',''
  ) );
#93 = PCURVE('',#94,#99);
#94 = PLANE('',#95);
#95 = AXIS2_PLACEMENT_3D('',#96,#97,#98);
#96 = CARTESIAN_POINT('',(0.,0.,91.8));
#97 = DIRECTION('',(0.,0.,1.));
#98 = DIRECTION('',(1.,0.,0.));
#99 = DEFINITIONAL_REPRESENTATION('',(#100),#104);
#100 = CIRCLE('',#101,47.25);
#101 = AXIS2_PLACEMENT_2D('',#102,#103);
#102 = CARTESIAN_POINT('',(0.,0.));
#103 = DIRECTION('',(1.,0.));
#104 = ( GEOMETRIC_REPRESENTATION_CONTEXT(2) 
PARAMETRIC_REPRESENTATION_CONTEXT() REPRESENTATION_CONTEXT('2D SPACE',''
  ) );
#105 = ADVANCED_FACE('',(#106,#137),#94,.T.);
#106 = FACE_BOUND('',#107,.T.);
#107 = EDGE_LOOP('',(#108));
#108 = ORIENTED_EDGE('',*,*,#109,.T.);
#109 = EDGE_CURVE('',#110,#110,#112,.T.);
#110 = VERTEX_POINT('',#111);
#111 = CARTESIAN_POINT('',(70.7,-1.731650573994E-14,91.8));
#112 = SURFACE_CURVE('',#113,(#118,#125),.PCURVE_S1.);
#113 = CIRCLE('',#114,70.7);
#114 = AXIS2_PLACEMENT_3D('',#115,#116,#117);
#115 = CARTESIAN_POINT('',(0.,0.,91.8));
#116 = DIRECTION('',(0.,0.,1.));
#117 = DIRECTION('',(1.,0.,0.));
#118 = PCURVE('',#94,#119);
#119 = DEFINITIONAL_REPRESENTATION('',(#120),#124);
#120 = CIRCLE('',#121,70.7);
#121 = AXIS2_PLACEMENT_2D('',#122,#123);
#122 = CARTESIAN_POINT('',(0.,0.));
#123 = DIRECTION('',(1.,0.));
#124 = ( GEOMETRIC_REPRESENTATION_CONTEXT(2) 
PARAMETRIC_REPRESENTATION_CONTEXT() REPRESENTATION_CONTEXT('2D SPACE',''
  ) );
#125 = PCURVE('',#126,#131);
#126 = CYLINDRICAL_SURFACE('',#127,70.7);
#127 = AXIS2_PLACEMENT_3D('',#128,#129,#130);
#128 = CARTESIAN_POINT('',(0.,0.,91.8));
#129 = DIRECTION('',(0.,0.,1.));
#130 = DIRECTION('',(1.,0.,0.));
#131 = DEFINITIONAL_REPRESENTATION('',(#132),#136);
#132 = LINE('',#133,#134);
#133 = CARTESIAN_POINT('',(0.,0.));
#134 = VECTOR('',#135,1.);
#135 = DIRECTION('',(1.,0.));
#136 = ( GEOMETRIC_REPRESENTATION_CONTEXT(2) 
PARAMETRIC_REPRESENTATION_CONTEXT() REPRESENTATION_CONTEXT('2D SPACE',''
  ) );
#137 = FACE_BOUND('',#138,.T.);
#138 = EDGE_LOOP('',(#139));
#139 = ORIENTED_EDGE('',*,*,#79,.F.);
#140 = ADVANCED_FACE('',(#141,#144),#66,.T.);
#141 = FACE_BOUND('',#142,.T.);
#142 = EDGE_LOOP('',(#143));
#143 = ORIENTED_EDGE('',*,*,#51,.T.);
#144 = FACE_BOUND('',#145,.T.);
#145 = EDGE_LOOP('',(#146));
#146 = ORIENTED_EDGE('',*,*,#147,.F.);
#147 = EDGE_CURVE('',#148,#148,#150,.T.);
#148 = VERTEX_POINT('',#149);
#149 = CARTESIAN_POINT('',(38.8,-9.503259161383E-15,96.85));
#150 = SURFACE_CURVE('',#151,(#156,#163),.PCURVE_S1.);
#151 = CIRCLE('',#152,38.8);
#152 = AXIS2_PLACEMENT_3D('',#153,#154,#155);
#153 = CARTESIAN_POINT('',(0.,0.,96.85));
#154 = DIRECTION('',(0.,0.,1.));
#155 = DIRECTION('',(1.,0.,0.));
#156 = PCURVE('',#66,#157);
#157 = DEFINITIONAL_REPRESENTATION('',(#158),#162);
#158 = CIRCLE('',#159,38.8);
#159 = AXIS2_PLACEMENT_2D('',#160,#161);
#160 = CARTESIAN_POINT('',(0.,0.));
#161 = DIRECTION('',(1.,0.));
#162 = ( GEOMETRIC_REPRESENTATION_CONTEXT(2) 
PARAMETRIC_REPRESENTATION_CONTEXT() REPRESENTATION_CONTEXT('2D SPACE',''
  ) );
#163 = PCURVE('',#164,#169);
#164 = CYLINDRICAL_SURFACE('',#165,38.8);
#165 = AXIS2_PLACEMENT_3D('',#166,#167,#168);
#166 = CARTESIAN_POINT('',(0.,0.,96.05));
#167 = DIRECTION('',(0.,0.,1.));
#168 = DIRECTION('',(1.,0.,0.));
#169 = DEFINITIONAL_REPRESENTATION('',(#170),#174);
#170 = LINE('',#171,#172);
#171 = CARTESIAN_POINT('',(0.,0.8));
#172 = VECTOR('',#173,1.);
#173 = DIRECTION('',(1.,0.));
#174 = ( GEOMETRIC_REPRESENTATION_CONTEXT(2) 
PARAMETRIC_REPRESENTATION_CONTEXT() REPRESENTATION_CONTEXT('2D SPACE',''
  ) );
#175 = ADVANCED_FACE('',(#176,#230,#437,#644,#851,#1058,#1265),#126,.F.
  );
#176 = FACE_BOUND('',#177,.F.);
#177 = EDGE_LOOP('',(#178,#207,#228,#229));
#178 = ORIENTED_EDGE('',*,*,#179,.F.);
#179 = EDGE_CURVE('',#180,#180,#182,.T.);
#180 = VERTEX_POINT('',#181);
#181 = CARTESIAN_POINT('',(70.7,-1.731650573994E-14,105.));
#182 = SURFACE_CURVE('',#183,(#188,#195),.PCURVE_S1.);
#183 = CIRCLE('',#184,70.7);
#184 = AXIS2_PLACEMENT_3D('',#185,#186,#187);
#185 = CARTESIAN_POINT('',(0.,0.,105.));
#186 = DIRECTION('',(0.,0.,1.));
#187 = DIRECTION('',(1.,0.,0.));
#188 = PCURVE('',#126,#189);
#189 = DEFINITIONAL_REPRESENTATION('',(#190),#194);
#190 = LINE('',#191,#192);
#191 = CARTESIAN_POINT('',(0.,13.2));
#192 = VECTOR('',#193,1.);
#193 = DIRECTION('',(1.,0.));
#194 = ( GEOMETRIC_REPRESENTATION_CONTEXT(2) 
PARAMETRIC_REPRESENTATION_CONTEXT() REPRESENTATION_CONTEXT('2D SPACE',''
  ) );
#195 = PCURVE('',#196,#201);
#196 = PLANE('',#197);
#197 = AXIS2_PLACEMENT_3D('',#198,#199,#200);
#198 = CARTESIAN_POINT('',(0.,0.,105.));
#199 = DIRECTION('',(0.,0.,1.));
#200 = DIRECTION('',(1.,0.,0.));
#201 = DEFINITIONAL_REPRESENTATION('',(#202),#206);
#202 = CIRCLE('',#203,70.7);
#203 = AXIS2_PLACEMENT_2D('',#204,#205);
#204 = CARTESIAN_POINT('',(0.,0.));
#205 = DIRECTION('',(1.,0.));
#206 = ( GEOMETRIC_REPRESENTATION_CONTEXT(2) 
PARAMETRIC_REPRESENTATION_CONTEXT() REPRESENTATION_CONTEXT('2D SPACE',''
  ) );
#207 = ORIENTED_EDGE('',*,*,#208,.F.);
#208 = EDGE_CURVE('',#110,#180,#209,.T.);
#209 = SEAM_CURVE('',#210,(#214,#221),.PCURVE_S1.);
#210 = LINE('',#211,#212);
#211 = CARTESIAN_POINT('',(70.7,-1.731650573994E-14,91.8));
#212 = VECTOR('',#213,1.);
#213 = DIRECTION('',(0.,0.,1.));
#214 = PCURVE('',#126,#215);
#215 = DEFINITIONAL_REPRESENTATION('',(#216),#220);
#216 = LINE('',#217,#218);
#217 = CARTESIAN_POINT('',(6.28318530718,-0.));
#218 = VECTOR('',#219,1.);
#219 = DIRECTION('',(0.,1.));
#220 = ( GEOMETRIC_REPRESENTATION_CONTEXT(2) 
PARAMETRIC_REPRESENTATION_CONTEXT() REPRESENTATION_CONTEXT('2D SPACE',''
  ) );
#221 = PCURVE('',#126,#222);
#222 = DEFINITIONAL_REPRESENTATION('',(#223),#227);
#223 = LINE('',#224,#225);
#224 = CARTESIAN_POINT('',(0.,-0.));
#225 = VECTOR('',#226,1.);
#226 = DIRECTION('',(0.,1.));
#227 = ( GEOMETRIC_REPRESENTATION_CONTEXT(2) 
PARAMETRIC_REPRESENTATION_CONTEXT() REPRESENTATION_CONTEXT('2D SPACE',''
  ) );
#228 = ORIENTED_EDGE('',*,*,#109,.T.);
#229 = ORIENTED_EDGE('',*,*,#208,.T.);
#230 = FACE_BOUND('',#231,.F.);
#231 = EDGE_LOOP('',(#232));
#232 = ORIENTED_EDGE('',*,*,#233,.F.);
#233 = EDGE_CURVE('',#234,#234,#236,.T.);
#234 = VERTEX_POINT('',#235);
#235 = CARTESIAN_POINT('',(43.13726308782,56.014877785212,95.7));
#236 = SURFACE_CURVE('',#237,(#300,#366),.PCURVE_S1.);
#237 = B_SPLINE_CURVE_WITH_KNOTS('',7,(#238,#239,#240,#241,#242,#243,
    #244,#245,#246,#247,#248,#249,#250,#251,#252,#253,#254,#255,#256,
    #257,#258,#259,#260,#261,#262,#263,#264,#265,#266,#267,#268,#269,
    #270,#271,#272,#273,#274,#275,#276,#277,#278,#279,#280,#281,#282,
    #283,#284,#285,#286,#287,#288,#289,#290,#291,#292,#293,#294,#295,
    #296,#297,#298,#299),.UNSPECIFIED.,.T.,.F.,(8,6,6,6,6,6,6,6,6,6,8),(
    0.,8.234486282956E-02,0.180750821955,0.344501846315,0.442273015795,
    0.531818798701,0.631500575509,0.750063807387,0.844377953756,
    0.948705848773,1.),.UNSPECIFIED.);
#238 = CARTESIAN_POINT('',(43.13726308782,56.014877785212,95.7));
#239 = CARTESIAN_POINT('',(42.902917710657,56.19534802076,95.7));
#240 = CARTESIAN_POINT('',(42.670046735194,56.372861090894,
    95.73092974744));
#241 = CARTESIAN_POINT('',(42.442623164757,56.544420865799,
    95.791670927055));
#242 = CARTESIAN_POINT('',(42.224499115877,56.707315033598,
    95.879823622034));
#243 = CARTESIAN_POINT('',(42.019129695479,56.859281728731,
    95.991786832411));
#244 = CARTESIAN_POINT('',(41.829323415384,56.998624363851,
    96.12282312005));
#245 = CARTESIAN_POINT('',(41.451107488065,57.274432647059,
    96.439533813718));
#246 = CARTESIAN_POINT('',(41.267577511402,57.4069424096,96.633068838189
    ));
#247 = CARTESIAN_POINT('',(41.106245496361,57.522473212591,
    96.842525371588));
#248 = CARTESIAN_POINT('',(40.966511039172,57.621886052744,
    97.063972849522));
#249 = CARTESIAN_POINT('',(40.847610579732,57.706050534329,
    97.294403645033));
#250 = CARTESIAN_POINT('',(40.748801181804,57.775726797708,
    97.531501775449));
#251 = CARTESIAN_POINT('',(40.537472243151,57.92434191294,
    98.176230693681));
#252 = CARTESIAN_POINT('',(40.459434257202,57.978696111464,
    98.59250661533));
#253 = CARTESIAN_POINT('',(40.432452214537,57.997396591599,
    99.014534041843));
#254 = CARTESIAN_POINT('',(40.455442784453,57.981427443367,
    99.437300854638));
#255 = CARTESIAN_POINT('',(40.529024844723,57.930253639227,
    99.855664909204));
#256 = CARTESIAN_POINT('',(40.655377003183,57.841855304904,
    100.26338840827));
#257 = CARTESIAN_POINT('',(40.946614139235,57.63577518522,
    100.88083499846));
#258 = CARTESIAN_POINT('',(41.075785847698,57.544013303904,
    101.10483536349));
#259 = CARTESIAN_POINT('',(41.225947937432,57.436795770226,
    101.31925194528));
#260 = CARTESIAN_POINT('',(41.397669520149,57.313391279846,
    101.52071472645));
#261 = CARTESIAN_POINT('',(41.591279540148,57.173143628899,
    101.70514000134));
#262 = CARTESIAN_POINT('',(41.806676513295,57.015596311155,
    101.86755499668));
#263 = CARTESIAN_POINT('',(42.259494374058,56.680663627413,
    102.12472349321));
#264 = CARTESIAN_POINT('',(42.495267495476,56.504782156689,
    102.22500288463));
#265 = CARTESIAN_POINT('',(42.74512450437,56.316504063588,
    102.29429990746));
#266 = CARTESIAN_POINT('',(43.002554391699,56.120273940886,
    102.32745469959));
#267 = CARTESIAN_POINT('',(43.260484393826,55.921310462215,
    102.32251608664));
#268 = CARTESIAN_POINT('',(43.511999723399,55.725115471524,
    102.28080236585));
#269 = CARTESIAN_POINT('',(44.017171998009,55.327148280313,
    102.12479757209));
#270 = CARTESIAN_POINT('',(44.264194796026,55.130136462254,
    102.00395357538));
#271 = CARTESIAN_POINT('',(44.489770360117,54.948194052717,
    101.85122561622));
#272 = CARTESIAN_POINT('',(44.692658771597,54.782966193077,
    101.67281098033));
#273 = CARTESIAN_POINT('',(44.872374028256,54.635443288501,
    101.47451610036));
#274 = CARTESIAN_POINT('',(45.029047206173,54.506012526959,
    101.26182887513));
#275 = CARTESIAN_POINT('',(45.32319811479,54.261780773946,
    100.77598793103));
#276 = CARTESIAN_POINT('',(45.453088626753,54.153008159723,
    100.49625395823));
#277 = CARTESIAN_POINT('',(45.554870301284,54.067262925192,
    100.2059938604));
#278 = CARTESIAN_POINT('',(45.630091390797,54.003651289002,
    99.908839980359));
#279 = CARTESIAN_POINT('',(45.679874320761,53.961469112029,
    99.607426886429));
#280 = CARTESIAN_POINT('',(45.704802618138,53.94034684387,
    99.303843186181));
#281 = CARTESIAN_POINT('',(45.704802618138,53.94034684387,
    98.758300189018));
#282 = CARTESIAN_POINT('',(45.689027981299,53.953713052325,
    98.516680760543));
#283 = CARTESIAN_POINT('',(45.657498640606,53.980428449461,
    98.276170171812));
#284 = CARTESIAN_POINT('',(45.609989225121,54.020634383368,
    98.037832345585));
#285 = CARTESIAN_POINT('',(45.546060123414,54.074603394219,
    97.802906909881));
#286 = CARTESIAN_POINT('',(45.46508538199,54.142705951453,
    97.572953482458));
#287 = CARTESIAN_POINT('',(45.256978620567,54.316813179921,
    97.10337456355));
#288 = CARTESIAN_POINT('',(45.125408275663,54.426451199061,
    96.864298486476));
#289 = CARTESIAN_POINT('',(44.970468220979,54.554886779762,
    96.636314760732));
#290 = CARTESIAN_POINT('',(44.791174983523,54.702505610732,
    96.423741378325));
#291 = CARTESIAN_POINT('',(44.58677803173,54.869367530268,96.23177614093
    ));
#292 = CARTESIAN_POINT('',(44.356990101383,55.05500382425,
    96.066717754894));
#293 = CARTESIAN_POINT('',(43.977382450091,55.35797558225,95.87230644972
    ));
#294 = CARTESIAN_POINT('',(43.846411416433,55.461965245076,
    95.816683406488));
#295 = CARTESIAN_POINT('',(43.710432187151,55.569322956584,
    95.770796487521));
#296 = CARTESIAN_POINT('',(43.570419538674,55.67920245207,
    95.735638600131));
#297 = CARTESIAN_POINT('',(43.427449886913,55.790702742982,
    95.711907911935));
#298 = CARTESIAN_POINT('',(43.282669562798,55.90289972485,95.7));
#299 = CARTESIAN_POINT('',(43.13726308782,56.014877785212,95.7));
#300 = PCURVE('',#126,#301);
#301 = DEFINITIONAL_REPRESENTATION('',(#302),#365);
#302 = B_SPLINE_CURVE_WITH_KNOTS('',7,(#303,#304,#305,#306,#307,#308,
    #309,#310,#311,#312,#313,#314,#315,#316,#317,#318,#319,#320,#321,
    #322,#323,#324,#325,#326,#327,#328,#329,#330,#331,#332,#333,#334,
    #335,#336,#337,#338,#339,#340,#341,#342,#343,#344,#345,#346,#347,
    #348,#349,#350,#351,#352,#353,#354,#355,#356,#357,#358,#359,#360,
    #361,#362,#363,#364),.UNSPECIFIED.,.T.,.F.,(8,6,6,6,6,6,6,6,6,6,8),(
    0.,8.234486282956E-02,0.180750821955,0.344501846315,0.442273015795,
    0.531818798701,0.631500575509,0.750063807387,0.844377953756,
    0.948705848773,1.),.UNSPECIFIED.);
#303 = CARTESIAN_POINT('',(0.914552528045,3.9));
#304 = CARTESIAN_POINT('',(0.918736155439,3.9));
#305 = CARTESIAN_POINT('',(0.922877739737,3.93092974744));
#306 = CARTESIAN_POINT('',(0.926907020232,3.991670927055));
#307 = CARTESIAN_POINT('',(0.930757532176,4.079823622034));
#308 = CARTESIAN_POINT('',(0.934371079743,4.191786832411));
#309 = CARTESIAN_POINT('',(0.937701514624,4.32282312005));
#310 = CARTESIAN_POINT('',(0.944322446435,4.639533813718));
#311 = CARTESIAN_POINT('',(0.947524209093,4.833068838189));
#312 = CARTESIAN_POINT('',(0.95033086178,5.042525371588));
#313 = CARTESIAN_POINT('',(0.952756441088,5.263972849522));
#314 = CARTESIAN_POINT('',(0.95481689123,5.494403645033));
#315 = CARTESIAN_POINT('',(0.956527006484,5.731501775449));
#316 = CARTESIAN_POINT('',(0.960181224219,6.376230693681));
#317 = CARTESIAN_POINT('',(0.961526353054,6.79250661533));
#318 = CARTESIAN_POINT('',(0.961990701115,7.214534041843));
#319 = CARTESIAN_POINT('',(0.961594766236,7.637300854638));
#320 = CARTESIAN_POINT('',(0.960327043769,8.055664909204));
#321 = CARTESIAN_POINT('',(0.958145959328,8.463388408277));
#322 = CARTESIAN_POINT('',(0.953099643092,9.080834998467));
#323 = CARTESIAN_POINT('',(0.950858524086,9.304835363492));
#324 = CARTESIAN_POINT('',(0.948248765461,9.519251945284));
#325 = CARTESIAN_POINT('',(0.945257790908,9.72071472645));
#326 = CARTESIAN_POINT('',(0.941876376163,9.905140001349));
#327 = CARTESIAN_POINT('',(0.938101816816,10.067554996681));
#328 = CARTESIAN_POINT('',(0.930135390412,10.324723493212));
#329 = CARTESIAN_POINT('',(0.925974908989,10.425002884634));
#330 = CARTESIAN_POINT('',(0.921549918365,10.49429990746));
#331 = CARTESIAN_POINT('',(0.916971659023,10.527454699592));
#332 = CARTESIAN_POINT('',(0.912364249717,10.522516086648));
#333 = CARTESIAN_POINT('',(0.907852467141,10.48080236585));
#334 = CARTESIAN_POINT('',(0.898756293766,10.324797572096));
#335 = CARTESIAN_POINT('',(0.894287278473,10.203953575386));
#336 = CARTESIAN_POINT('',(0.890188277618,10.051225616221));
#337 = CARTESIAN_POINT('',(0.886487397659,9.872810980331));
#338 = CARTESIAN_POINT('',(0.88319875007,9.674516100362));
#339 = CARTESIAN_POINT('',(0.880324344713,9.461828875132));
#340 = CARTESIAN_POINT('',(0.874916608328,8.975987931037));
#341 = CARTESIAN_POINT('',(0.872520311555,8.69625395823));
#342 = CARTESIAN_POINT('',(0.870637920655,8.405993860401));
#343 = CARTESIAN_POINT('',(0.869244538407,8.108839980359));
#344 = CARTESIAN_POINT('',(0.868321612253,7.807426886429));
#345 = CARTESIAN_POINT('',(0.867859466685,7.503843186181));
#346 = CARTESIAN_POINT('',(0.867859466685,6.958300189018));
#347 = CARTESIAN_POINT('',(0.868151912902,6.716680760543));
#348 = CARTESIAN_POINT('',(0.868736434407,6.476170171812));
#349 = CARTESIAN_POINT('',(0.869616756136,6.237832345585));
#350 = CARTESIAN_POINT('',(0.870800113694,6.002906909881));
#351 = CARTESIAN_POINT('',(0.872296654678,5.772953482458));
#352 = CARTESIAN_POINT('',(0.876134466336,5.30337456355));
#353 = CARTESIAN_POINT('',(0.878556861889,5.064298486476));
#354 = CARTESIAN_POINT('',(0.881403399757,4.836314760732));
#355 = CARTESIAN_POINT('',(0.884688289062,4.623741378325));
#356 = CARTESIAN_POINT('',(0.888420299747,4.43177614093));
#357 = CARTESIAN_POINT('',(0.892598496088,4.266717754894));
#358 = CARTESIAN_POINT('',(0.899468213936,4.07230644972));
#359 = CARTESIAN_POINT('',(0.901833611852,4.016683406488));
#360 = CARTESIAN_POINT('',(0.904284110379,3.970796487521));
#361 = CARTESIAN_POINT('',(0.906801494346,3.935638600131));
#362 = CARTESIAN_POINT('',(0.909365946758,3.911907911935));
#363 = CARTESIAN_POINT('',(0.911956673502,3.9));
#364 = CARTESIAN_POINT('',(0.914552528045,3.9));
#365 = ( GEOMETRIC_REPRESENTATION_CONTEXT(2) 
PARAMETRIC_REPRESENTATION_CONTEXT() REPRESENTATION_CONTEXT('2D SPACE',''
  ) );
#366 = PCURVE('',#367,#372);
#367 = CYLINDRICAL_SURFACE('',#368,3.3);
#368 = AXIS2_PLACEMENT_3D('',#369,#370,#371);
#369 = CARTESIAN_POINT('',(41.550885661676,53.954924712488,99.));
#370 = DIRECTION('',(0.610145163901,0.792289643355,2.22044604925E-16));
#371 = DIRECTION('',(1.354794418654E-16,1.75923640845E-16,-1.));
#372 = DEFINITIONAL_REPRESENTATION('',(#373),#436);
#373 = B_SPLINE_CURVE_WITH_KNOTS('',7,(#374,#375,#376,#377,#378,#379,
    #380,#381,#382,#383,#384,#385,#386,#387,#388,#389,#390,#391,#392,
    #393,#394,#395,#396,#397,#398,#399,#400,#401,#402,#403,#404,#405,
    #406,#407,#408,#409,#410,#411,#412,#413,#414,#415,#416,#417,#418,
    #419,#420,#421,#422,#423,#424,#425,#426,#427,#428,#429,#430,#431,
    #432,#433,#434,#435),.UNSPECIFIED.,.F.,.F.,(8,6,6,6,6,6,6,6,6,6,8),(
    0.,8.234486282956E-02,0.180750821955,0.344501846315,0.442273015795,
    0.531818798701,0.631500575509,0.750063807387,0.844377953756,
    0.948705848773,1.),.UNSPECIFIED.);
#374 = CARTESIAN_POINT('',(0.,2.6));
#375 = CARTESIAN_POINT('',(8.963104749756E-02,2.6));
#376 = CARTESIAN_POINT('',(0.178361246117,2.598556667536));
#377 = CARTESIAN_POINT('',(0.26585953215,2.59572030875));
#378 = CARTESIAN_POINT('',(0.351767460398,2.591692337305));
#379 = CARTESIAN_POINT('',(0.435661982521,2.586788817326));
#380 = CARTESIAN_POINT('',(0.516993416704,2.58137916013));
#381 = CARTESIAN_POINT('',(0.68821845824,2.569132587504));
#382 = CARTESIAN_POINT('',(0.777872012326,2.562138772317));
#383 = CARTESIAN_POINT('',(0.864535873385,2.555236682255));
#384 = CARTESIAN_POINT('',(0.94867283891,2.54874214264));
#385 = CARTESIAN_POINT('',(1.030694732026,2.542878249426));
#386 = CARTESIAN_POINT('',(1.111001590948,2.537793954995));
#387 = CARTESIAN_POINT('',(1.321448755823,2.526598841728));
#388 = CARTESIAN_POINT('',(1.449255673153,2.522048610564));
#389 = CARTESIAN_POINT('',(1.575383503121,2.520401844457));
#390 = CARTESIAN_POINT('',(1.701379043278,2.521777238749));
#391 = CARTESIAN_POINT('',(1.828776216048,2.526128501941));
#392 = CARTESIAN_POINT('',(1.959116128725,2.5331845756));
#393 = CARTESIAN_POINT('',(2.175166404516,2.547606361184));
#394 = CARTESIAN_POINT('',(2.25794046786,2.553717866194));
#395 = CARTESIAN_POINT('',(2.343009318723,2.560391197527));
#396 = CARTESIAN_POINT('',(2.430674920804,2.567394191087));
#397 = CARTESIAN_POINT('',(2.521294014669,2.574407647123));
#398 = CARTESIAN_POINT('',(2.615277271802,2.58100796042));
#399 = CARTESIAN_POINT('',(2.802872435661,2.591928891743));
#400 = CARTESIAN_POINT('',(2.896566963513,2.596435653842));
#401 = CARTESIAN_POINT('',(2.992701109766,2.59971391625));
#402 = CARTESIAN_POINT('',(3.090107143693,2.601312423116));
#403 = CARTESIAN_POINT('',(3.187787262198,2.601050462982));
#404 = CARTESIAN_POINT('',(3.284702939464,2.599068065766));
#405 = CARTESIAN_POINT('',(3.485222083407,2.591991202064));
#406 = CARTESIAN_POINT('',(3.586890117927,2.586620544581));
#407 = CARTESIAN_POINT('',(3.685048590364,2.580103297342));
#408 = CARTESIAN_POINT('',(3.779948422233,2.572986358432));
#409 = CARTESIAN_POINT('',(3.871737724137,2.565757883708));
#410 = CARTESIAN_POINT('',(3.960444532136,2.558804613626));
#411 = CARTESIAN_POINT('',(4.147740440642,2.544777079485));
#412 = CARTESIAN_POINT('',(4.24608186814,2.537849731466));
#413 = CARTESIAN_POINT('',(4.341847042903,2.53201626667));
#414 = CARTESIAN_POINT('',(4.435707609412,2.527513210109));
#415 = CARTESIAN_POINT('',(4.528320337013,2.524467522122));
#416 = CARTESIAN_POINT('',(4.620315287603,2.522942447904));
#417 = CARTESIAN_POINT('',(4.785631347349,2.522942447904));
#418 = CARTESIAN_POINT('',(4.858849606239,2.523907538054));
#419 = CARTESIAN_POINT('',(4.932372509199,2.525836395778));
#420 = CARTESIAN_POINT('',(5.006520465402,2.528703500716));
#421 = CARTESIAN_POINT('',(5.081610565515,2.532456556837));
#422 = CARTESIAN_POINT('',(5.157974269247,2.537007160741));
#423 = CARTESIAN_POINT('',(5.322284278482,2.547975180632));
#424 = CARTESIAN_POINT('',(5.410955140248,2.554563238059));
#425 = CARTESIAN_POINT('',(5.50230888201,2.561785493427));
#426 = CARTESIAN_POINT('',(5.596671687687,2.569347462614));
#427 = CARTESIAN_POINT('',(5.694450320663,2.57683862168));
#428 = CARTESIAN_POINT('',(5.796121696608,2.583712340409));
#429 = CARTESIAN_POINT('',(5.95463250614,2.592137953885));
#430 = CARTESIAN_POINT('',(6.007938828704,2.594616543961));
#431 = CARTESIAN_POINT('',(6.062075877569,2.596707877786));
#432 = CARTESIAN_POINT('',(6.116844897766,2.598336223723));
#433 = CARTESIAN_POINT('',(6.172066766106,2.599444507837));
#434 = CARTESIAN_POINT('',(6.227571090151,2.6));
#435 = CARTESIAN_POINT('',(6.28318530718,2.6));
#436 = ( GEOMETRIC_REPRESENTATION_CONTEXT(2) 
PARAMETRIC_REPRESENTATION_CONTEXT() REPRESENTATION_CONTEXT('2D SPACE',''
  ) );
#437 = FACE_BOUND('',#438,.F.);
#438 = EDGE_LOOP('',(#439));
#439 = ORIENTED_EDGE('',*,*,#440,.F.);
#440 = EDGE_CURVE('',#441,#441,#443,.T.);
#441 = VERTEX_POINT('',#442);
#442 = CARTESIAN_POINT('',(-70.07893869578,9.350526791179,95.7));
#443 = SURFACE_CURVE('',#444,(#507,#573),.PCURVE_S1.);
#444 = B_SPLINE_CURVE_WITH_KNOTS('',7,(#445,#446,#447,#448,#449,#450,
    #451,#452,#453,#454,#455,#456,#457,#458,#459,#460,#461,#462,#463,
    #464,#465,#466,#467,#468,#469,#470,#471,#472,#473,#474,#475,#476,
    #477,#478,#479,#480,#481,#482,#483,#484,#485,#486,#487,#488,#489,
    #490,#491,#492,#493,#494,#495,#496,#497,#498,#499,#500,#501,#502,
    #503,#504,#505,#506),.UNSPECIFIED.,.T.,.F.,(8,6,6,6,6,6,6,6,6,6,8),(
    0.,8.234486230081E-02,0.18075082074,0.344501840696,0.442273011808,
    0.531818798858,0.631500580208,0.750063812626,0.844377957028,
    0.948705849855,1.),.UNSPECIFIED.);
#445 = CARTESIAN_POINT('',(-70.07893869578,9.350526791179,95.7));
#446 = CARTESIAN_POINT('',(-70.1180578158,9.057342623627,95.7));
#447 = CARTESIAN_POINT('',(-70.15535315631,8.766913907934,
    95.730929747418));
#448 = CARTESIAN_POINT('',(-70.19021649445,8.484179430947,
    95.791670927056));
#449 = CARTESIAN_POINT('',(-70.22222495745,8.213831379519,
    95.879823622083));
#450 = CARTESIAN_POINT('',(-70.25114726575,7.959992896833,
    95.991786832442));
#451 = CARTESIAN_POINT('',(-70.27691838754,7.725944519029,
    96.122823119971));
#452 = CARTESIAN_POINT('',(-70.32666740372,7.260495776134,
    96.439533813718));
#453 = CARTESIAN_POINT('',(-70.349659236,7.035299272718,96.633068838189)
  );
#454 = CARTESIAN_POINT('',(-70.36904583879,6.837816247753,
    96.842525371588));
#455 = CARTESIAN_POINT('',(-70.38527265523,6.667096237966,
    97.063972849522));
#456 = CARTESIAN_POINT('',(-70.39871100466,6.522043178778,
    97.294403645033));
#457 = CARTESIAN_POINT('',(-70.40964771982,6.40163359835,97.531501775449
    ));
#458 = CARTESIAN_POINT('',(-70.43268771539,6.144309814508,
    98.176230685656));
#459 = CARTESIAN_POINT('',(-70.44074083993,6.049549827973,
    98.592506648481));
#460 = CARTESIAN_POINT('',(-70.44344490902,6.016832458806,
    99.014533978061));
#461 = CARTESIAN_POINT('',(-70.44111050472,6.044727463222,
    99.437300923957));
#462 = CARTESIAN_POINT('',(-70.43358372293,6.134038272148,
    99.855664868404));
#463 = CARTESIAN_POINT('',(-70.42020459709,6.28766163892,100.26338841902
    ));
#464 = CARTESIAN_POINT('',(-70.38735254663,6.642920453026,
    100.88083500211));
#465 = CARTESIAN_POINT('',(-70.37247028107,6.800667368528,
    101.10483535444));
#466 = CARTESIAN_POINT('',(-70.35469821794,6.984320322964,
    101.31925195303));
#467 = CARTESIAN_POINT('',(-70.33368758426,7.194737831865,
    101.52071472665));
#468 = CARTESIAN_POINT('',(-70.30903456819,7.432532832065,
    101.70513999709));
#469 = CARTESIAN_POINT('',(-70.28029307351,7.697845757272,
    101.86755499876));
#470 = CARTESIAN_POINT('',(-70.2166417913,8.257463869068,102.12472349493
    ));
#471 = CARTESIAN_POINT('',(-70.18221053193,8.549590103715,
    102.22500288253));
#472 = CARTESIAN_POINT('',(-70.14408542272,8.860111683165,
    102.29429990696));
#473 = CARTESIAN_POINT('',(-70.10286009528,9.181167566254,
    102.32745470114));
#474 = CARTESIAN_POINT('',(-70.05951767147,9.504023223861,
    102.32251608703));
#475 = CARTESIAN_POINT('',(-70.01536548824,9.819939398428,102.2808023648
    ));
#476 = CARTESIAN_POINT('',(-69.92330192942,10.456415007887,
    102.12479757331));
#477 = CARTESIAN_POINT('',(-69.87619608667,10.768848952516,
    102.00395357328));
#478 = CARTESIAN_POINT('',(-69.83141712317,11.05517430368,
    101.85122561427));
#479 = CARTESIAN_POINT('',(-69.78976980391,11.313494762171,
    101.67281098882));
#480 = CARTESIAN_POINT('',(-69.75186884802,11.54289419771,
    101.47451609162));
#481 = CARTESIAN_POINT('',(-69.71811511087,11.743292522655,
    101.2618288785));
#482 = CARTESIAN_POINT('',(-69.65367966311,12.120150555907,
    100.77598793784));
#483 = CARTESIAN_POINT('',(-69.62442506865,12.287025365279,
    100.49625394287));
#484 = CARTESIAN_POINT('',(-69.60105835961,12.418043468851,
    100.20599386788));
#485 = CARTESIAN_POINT('',(-69.58357960737,12.514992685287,
    99.908839993169));
#486 = CARTESIAN_POINT('',(-69.57194023722,12.57919704566,
    99.607426867947));
#487 = CARTESIAN_POINT('',(-69.5661119648,12.611346720326,
    99.303843193897));
#488 = CARTESIAN_POINT('',(-69.5661119648,12.611346720326,
    98.758300189018));
#489 = CARTESIAN_POINT('',(-69.56980012245,12.59100237986,
    98.516680760543));
#490 = CARTESIAN_POINT('',(-69.5771716647,12.550339471287,
    98.276170171812));
#491 = CARTESIAN_POINT('',(-69.5882363171,12.489092143605,
    98.037832345585));
#492 = CARTESIAN_POINT('',(-69.60301030066,12.40674341206,
    97.802906909882));
#493 = CARTESIAN_POINT('',(-69.62150147458,12.302565950305,
    97.572953482458));
#494 = CARTESIAN_POINT('',(-69.6682293767,12.035286594,97.103374563585)
  );
#495 = CARTESIAN_POINT('',(-69.69739351405,11.866524323345,
    96.864298486472));
#496 = CARTESIAN_POINT('',(-69.73115196235,11.668124509546,
    96.636314760703));
#497 = CARTESIAN_POINT('',(-69.76934700132,11.439042595692,
    96.42374137831));
#498 = CARTESIAN_POINT('',(-69.81165518666,11.178598683245,
    96.231776140941));
#499 = CARTESIAN_POINT('',(-69.85752696793,10.886778351124,
    96.066717754909));
#500 = CARTESIAN_POINT('',(-69.93010438135,10.406542602597,
    95.87230644972));
#501 = CARTESIAN_POINT('',(-69.95467655426,10.241123528877,
    95.816683406488));
#502 = CARTESIAN_POINT('',(-69.97966144507,10.069683206178,
    95.770796487521));
#503 = CARTESIAN_POINT('',(-70.00481355528,9.893488948003,
    95.735638600131));
#504 = CARTESIAN_POINT('',(-70.02989081386,9.713923452151,
    95.711907911935));
#505 = CARTESIAN_POINT('',(-70.05466608833,9.532441522566,95.7));
#506 = CARTESIAN_POINT('',(-70.07893869578,9.350526791179,95.7));
#507 = PCURVE('',#126,#508);
#508 = DEFINITIONAL_REPRESENTATION('',(#509),#572);
#509 = B_SPLINE_CURVE_WITH_KNOTS('',7,(#510,#511,#512,#513,#514,#515,
    #516,#517,#518,#519,#520,#521,#522,#523,#524,#525,#526,#527,#528,
    #529,#530,#531,#532,#533,#534,#535,#536,#537,#538,#539,#540,#541,
    #542,#543,#544,#545,#546,#547,#548,#549,#550,#551,#552,#553,#554,
    #555,#556,#557,#558,#559,#560,#561,#562,#563,#564,#565,#566,#567,
    #568,#569,#570,#571),.UNSPECIFIED.,.T.,.F.,(8,6,6,6,6,6,6,6,6,6,8),(
    0.,8.234486230081E-02,0.18075082074,0.344501840696,0.442273011808,
    0.531818798858,0.631500580208,0.750063812626,0.844377957028,
    0.948705849855,1.),.UNSPECIFIED.);
#510 = CARTESIAN_POINT('',(3.008947630438,3.9));
#511 = CARTESIAN_POINT('',(3.013131257831,3.9));
#512 = CARTESIAN_POINT('',(3.01727284213,3.930929747418));
#513 = CARTESIAN_POINT('',(3.021302122626,3.991670927056));
#514 = CARTESIAN_POINT('',(3.02515263457,4.079823622083));
#515 = CARTESIAN_POINT('',(3.028766182136,4.191786832442));
#516 = CARTESIAN_POINT('',(3.032096617015,4.322823119971));
#517 = CARTESIAN_POINT('',(3.038717548828,4.639533813718));
#518 = CARTESIAN_POINT('',(3.041919311486,4.833068838189));
#519 = CARTESIAN_POINT('',(3.044725964174,5.042525371588));
#520 = CARTESIAN_POINT('',(3.047151543481,5.263972849522));
#521 = CARTESIAN_POINT('',(3.049211993623,5.494403645033));
#522 = CARTESIAN_POINT('',(3.050922108877,5.731501775449));
#523 = CARTESIAN_POINT('',(3.054576326567,6.376230685656));
#524 = CARTESIAN_POINT('',(3.055921455529,6.792506648481));
#525 = CARTESIAN_POINT('',(3.056385803515,7.214533978061));
#526 = CARTESIAN_POINT('',(3.055989868456,7.637300923958));
#527 = CARTESIAN_POINT('',(3.054722146366,8.055664868404));
#528 = CARTESIAN_POINT('',(3.052541061633,8.463388419022));
#529 = CARTESIAN_POINT('',(3.047494745455,9.080835002116));
#530 = CARTESIAN_POINT('',(3.045253626536,9.304835354448));
#531 = CARTESIAN_POINT('',(3.042643867866,9.519251953034));
#532 = CARTESIAN_POINT('',(3.039652893161,9.720714726656));
#533 = CARTESIAN_POINT('',(3.036271478715,9.905139997097));
#534 = CARTESIAN_POINT('',(3.032496919144,10.067554998766));
#535 = CARTESIAN_POINT('',(3.024530492752,10.324723494937));
#536 = CARTESIAN_POINT('',(3.020370011519,10.425002882533));
#537 = CARTESIAN_POINT('',(3.015945020669,10.494299906966));
#538 = CARTESIAN_POINT('',(3.011366761333,10.527454701147));
#539 = CARTESIAN_POINT('',(3.006759352255,10.522516087038));
#540 = CARTESIAN_POINT('',(3.002247569473,10.480802364804));
#541 = CARTESIAN_POINT('',(2.993151396231,10.324797573317));
#542 = CARTESIAN_POINT('',(2.988682380692,10.203953573286));
#543 = CARTESIAN_POINT('',(2.984583380159,10.051225614272));
#544 = CARTESIAN_POINT('',(2.980882500055,9.872810988821));
#545 = CARTESIAN_POINT('',(2.977593852386,9.674516091621));
#546 = CARTESIAN_POINT('',(2.974719447144,9.461828878509));
#547 = CARTESIAN_POINT('',(2.969311710797,8.975987937849));
#548 = CARTESIAN_POINT('',(2.966915413748,8.696253942871));
#549 = CARTESIAN_POINT('',(2.965033023272,8.405993867887));
#550 = CARTESIAN_POINT('',(2.96363964068,8.108839993169));
#551 = CARTESIAN_POINT('',(2.962716714672,7.807426867947));
#552 = CARTESIAN_POINT('',(2.962254569078,7.503843193897));
#553 = CARTESIAN_POINT('',(2.962254569078,6.958300189018));
#554 = CARTESIAN_POINT('',(2.962547015295,6.716680760543));
#555 = CARTESIAN_POINT('',(2.9631315368,6.476170171812));
#556 = CARTESIAN_POINT('',(2.964011858529,6.237832345585));
#557 = CARTESIAN_POINT('',(2.965195216087,6.002906909882));
#558 = CARTESIAN_POINT('',(2.966691757071,5.772953482458));
#559 = CARTESIAN_POINT('',(2.970529568729,5.303374563585));
#560 = CARTESIAN_POINT('',(2.972951964282,5.064298486472));
#561 = CARTESIAN_POINT('',(2.975798502151,4.836314760703));
#562 = CARTESIAN_POINT('',(2.979083391456,4.62374137831));
#563 = CARTESIAN_POINT('',(2.98281540214,4.431776140941));
#564 = CARTESIAN_POINT('',(2.986993598481,4.266717754909));
#565 = CARTESIAN_POINT('',(2.993863316329,4.07230644972));
#566 = CARTESIAN_POINT('',(2.996228714245,4.016683406488));
#567 = CARTESIAN_POINT('',(2.998679212772,3.970796487521));
#568 = CARTESIAN_POINT('',(3.001196596739,3.935638600131));
#569 = CARTESIAN_POINT('',(3.003761049151,3.911907911935));
#570 = CARTESIAN_POINT('',(3.006351775895,3.9));
#571 = CARTESIAN_POINT('',(3.008947630438,3.9));
#572 = ( GEOMETRIC_REPRESENTATION_CONTEXT(2) 
PARAMETRIC_REPRESENTATION_CONTEXT() REPRESENTATION_CONTEXT('2D SPACE',''
  ) );
#573 = PCURVE('',#574,#579);
#574 = CYLINDRICAL_SURFACE('',#575,3.3);
#575 = AXIS2_PLACEMENT_3D('',#576,#577,#578);
#576 = CARTESIAN_POINT('',(-67.50177829113,9.00666017651,99.));
#577 = DIRECTION('',(-0.991215540252,0.132256390257,2.22044604925E-16));
#578 = DIRECTION('',(-2.200940630307E-16,2.936681792345E-17,-1.));
#579 = DEFINITIONAL_REPRESENTATION('',(#580),#643);
#580 = B_SPLINE_CURVE_WITH_KNOTS('',7,(#581,#582,#583,#584,#585,#586,
    #587,#588,#589,#590,#591,#592,#593,#594,#595,#596,#597,#598,#599,
    #600,#601,#602,#603,#604,#605,#606,#607,#608,#609,#610,#611,#612,
    #613,#614,#615,#616,#617,#618,#619,#620,#621,#622,#623,#624,#625,
    #626,#627,#628,#629,#630,#631,#632,#633,#634,#635,#636,#637,#638,
    #639,#640,#641,#642),.UNSPECIFIED.,.F.,.F.,(8,6,6,6,6,6,6,6,6,6,8),(
    0.,8.234486230081E-02,0.18075082074,0.344501840696,0.442273011808,
    0.531818798858,0.631500580208,0.750063812626,0.844377957028,
    0.948705849855,1.),.UNSPECIFIED.);
#581 = CARTESIAN_POINT('',(0.,2.6));
#582 = CARTESIAN_POINT('',(8.963104746553E-02,2.6));
#583 = CARTESIAN_POINT('',(0.178361246107,2.598556667537));
#584 = CARTESIAN_POINT('',(0.265859532173,2.59572030875));
#585 = CARTESIAN_POINT('',(0.351767460432,2.591692337303));
#586 = CARTESIAN_POINT('',(0.435661982526,2.586788817325));
#587 = CARTESIAN_POINT('',(0.516993416661,2.581379160133));
#588 = CARTESIAN_POINT('',(0.68821845824,2.569132587504));
#589 = CARTESIAN_POINT('',(0.777872012326,2.562138772317));
#590 = CARTESIAN_POINT('',(0.864535873385,2.555236682255));
#591 = CARTESIAN_POINT('',(0.94867283891,2.54874214264));
#592 = CARTESIAN_POINT('',(1.030694732026,2.542878249426));
#593 = CARTESIAN_POINT('',(1.111001590948,2.537793954995));
#594 = CARTESIAN_POINT('',(1.321448753204,2.526598841868));
#595 = CARTESIAN_POINT('',(1.44925568398,2.522048610303));
#596 = CARTESIAN_POINT('',(1.575383482167,2.520401844467));
#597 = CARTESIAN_POINT('',(1.701379066313,2.521777239231));
#598 = CARTESIAN_POINT('',(1.828776202222,2.526128501358));
#599 = CARTESIAN_POINT('',(1.959116132484,2.533184575851));
#600 = CARTESIAN_POINT('',(2.175166405793,2.547606361269));
#601 = CARTESIAN_POINT('',(2.257940464999,2.553717865991));
#602 = CARTESIAN_POINT('',(2.343009320147,2.560391197652));
#603 = CARTESIAN_POINT('',(2.430674923181,2.56739419121));
#604 = CARTESIAN_POINT('',(2.521294011136,2.574407646915));
#605 = CARTESIAN_POINT('',(2.615277273323,2.581007960509));
#606 = CARTESIAN_POINT('',(2.80287243692,2.591928891816));
#607 = CARTESIAN_POINT('',(2.896566960385,2.596435653753));
#608 = CARTESIAN_POINT('',(2.992701111732,2.599713916227));
#609 = CARTESIAN_POINT('',(3.090107145595,2.601312423182));
#610 = CARTESIAN_POINT('',(3.187787258991,2.601050463002));
#611 = CARTESIAN_POINT('',(3.284702940807,2.599068065718));
#612 = CARTESIAN_POINT('',(3.485222081838,2.59199120212));
#613 = CARTESIAN_POINT('',(3.586890121598,2.586620544463));
#614 = CARTESIAN_POINT('',(3.68504858789,2.580103297347));
#615 = CARTESIAN_POINT('',(3.77994842075,2.572986358653));
#616 = CARTESIAN_POINT('',(3.87173772709,2.565757883456));
#617 = CARTESIAN_POINT('',(3.960444530834,2.558804613723));
#618 = CARTESIAN_POINT('',(4.147740438016,2.544777079682));
#619 = CARTESIAN_POINT('',(4.24608187423,2.537849730943));
#620 = CARTESIAN_POINT('',(4.341847039003,2.532016267251));
#621 = CARTESIAN_POINT('',(4.435707606478,2.527513209807));
#622 = CARTESIAN_POINT('',(4.52832034237,2.52446752218));
#623 = CARTESIAN_POINT('',(4.620315285264,2.522942447904));
#624 = CARTESIAN_POINT('',(4.785631347349,2.522942447904));
#625 = CARTESIAN_POINT('',(4.858849606239,2.523907538054));
#626 = CARTESIAN_POINT('',(4.932372509199,2.525836395778));
#627 = CARTESIAN_POINT('',(5.006520465402,2.528703500716));
#628 = CARTESIAN_POINT('',(5.081610565515,2.532456556837));
#629 = CARTESIAN_POINT('',(5.157974269247,2.537007160741));
#630 = CARTESIAN_POINT('',(5.32228427847,2.547975180631));
#631 = CARTESIAN_POINT('',(5.410955140248,2.554563238058));
#632 = CARTESIAN_POINT('',(5.50230888202,2.561785493428));
#633 = CARTESIAN_POINT('',(5.596671687696,2.569347462615));
#634 = CARTESIAN_POINT('',(5.69445032066,2.57683862168));
#635 = CARTESIAN_POINT('',(5.796121696596,2.583712340408));
#636 = CARTESIAN_POINT('',(5.95463250614,2.592137953885));
#637 = CARTESIAN_POINT('',(6.007938828704,2.594616543961));
#638 = CARTESIAN_POINT('',(6.062075877569,2.596707877786));
#639 = CARTESIAN_POINT('',(6.116844897766,2.598336223723));
#640 = CARTESIAN_POINT('',(6.172066766106,2.599444507837));
#641 = CARTESIAN_POINT('',(6.227571090151,2.6));
#642 = CARTESIAN_POINT('',(6.28318530718,2.6));
#643 = ( GEOMETRIC_REPRESENTATION_CONTEXT(2) 
PARAMETRIC_REPRESENTATION_CONTEXT() REPRESENTATION_CONTEXT('2D SPACE',''
  ) );
#644 = FACE_BOUND('',#645,.F.);
#645 = EDGE_LOOP('',(#646));
#646 = ORIENTED_EDGE('',*,*,#647,.F.);
#647 = EDGE_CURVE('',#648,#648,#650,.T.);
#648 = VERTEX_POINT('',#649);
#649 = CARTESIAN_POINT('',(-43.13726308782,-56.01487778521,95.7));
#650 = SURFACE_CURVE('',#651,(#714,#780),.PCURVE_S1.);
#651 = B_SPLINE_CURVE_WITH_KNOTS('',7,(#652,#653,#654,#655,#656,#657,
    #658,#659,#660,#661,#662,#663,#664,#665,#666,#667,#668,#669,#670,
    #671,#672,#673,#674,#675,#676,#677,#678,#679,#680,#681,#682,#683,
    #684,#685,#686,#687,#688,#689,#690,#691,#692,#693,#694,#695,#696,
    #697,#698,#699,#700,#701,#702,#703,#704,#705,#706,#707,#708,#709,
    #710,#711,#712,#713),.UNSPECIFIED.,.T.,.F.,(8,6,6,6,6,6,6,6,6,6,8),(
    0.,8.234486644217E-02,0.180750830747,0.344501863724,0.442273035968,
    0.531818820443,0.631500597521,0.750063823051,0.844377961974,
    0.948705848792,1.),.UNSPECIFIED.);
#652 = CARTESIAN_POINT('',(-43.13726308782,-56.01487778521,95.7));
#653 = CARTESIAN_POINT('',(-42.90291770857,-56.19534802236,95.7));
#654 = CARTESIAN_POINT('',(-42.67004673981,-56.37286108738,
    95.730929746452));
#655 = CARTESIAN_POINT('',(-42.4426231623,-56.54442086761,
    95.791670928474));
#656 = CARTESIAN_POINT('',(-42.224499113,-56.70731503578,95.879823622523
    ));
#657 = CARTESIAN_POINT('',(-42.01912969958,-56.85928172567,
    95.991786830292));
#658 = CARTESIAN_POINT('',(-41.82932341387,-56.99862436495,
    96.122823121314));
#659 = CARTESIAN_POINT('',(-41.45110748806,-57.27443264705,
    96.439533813718));
#660 = CARTESIAN_POINT('',(-41.2675775114,-57.4069424096,96.633068838189
    ));
#661 = CARTESIAN_POINT('',(-41.10624549636,-57.52247321259,
    96.842525371588));
#662 = CARTESIAN_POINT('',(-40.96651103917,-57.62188605274,
    97.063972849522));
#663 = CARTESIAN_POINT('',(-40.84761057973,-57.70605053432,
    97.294403645033));
#664 = CARTESIAN_POINT('',(-40.7488011818,-57.7757267977,97.531501775449
    ));
#665 = CARTESIAN_POINT('',(-40.53747224315,-57.92434191294,
    98.176230693681));
#666 = CARTESIAN_POINT('',(-40.4594342572,-57.97869611146,98.59250661533
    ));
#667 = CARTESIAN_POINT('',(-40.43245221453,-57.9973965916,
    99.014534041842));
#668 = CARTESIAN_POINT('',(-40.45544278445,-57.98142744336,
    99.43730085464));
#669 = CARTESIAN_POINT('',(-40.52902484472,-57.93025363922,
    99.855664909201));
#670 = CARTESIAN_POINT('',(-40.65537700318,-57.8418553049,
    100.26338840827));
#671 = CARTESIAN_POINT('',(-40.94661413658,-57.63577518709,
    100.88083499284));
#672 = CARTESIAN_POINT('',(-41.0757858529,-57.54401330029,
    101.10483537759));
#673 = CARTESIAN_POINT('',(-41.22594793834,-57.43679576927,
    101.31925193314));
#674 = CARTESIAN_POINT('',(-41.39766950769,-57.31339128919,
    101.52071472609));
#675 = CARTESIAN_POINT('',(-41.59127955422,-57.17314361846,101.705140008
    ));
#676 = CARTESIAN_POINT('',(-41.80667650762,-57.01559631535,
    101.86755499345));
#677 = CARTESIAN_POINT('',(-42.25949437692,-56.68066362529,
    102.12472349484));
#678 = CARTESIAN_POINT('',(-42.4952674879,-56.50478216242,
    102.22500288268));
#679 = CARTESIAN_POINT('',(-42.74512450948,-56.31650405961,
    102.29429990692));
#680 = CARTESIAN_POINT('',(-43.00255439627,-56.12027393743,
    102.32745470106));
#681 = CARTESIAN_POINT('',(-43.26048438558,-55.92131046859,
    102.32251608714));
#682 = CARTESIAN_POINT('',(-43.51199972695,-55.72511546871,
    102.28080236475));
#683 = CARTESIAN_POINT('',(-44.0171719901,-55.32714828654,
    102.12479757453));
#684 = CARTESIAN_POINT('',(-44.26419481544,-55.130136447,102.00395357118
    ));
#685 = CARTESIAN_POINT('',(-44.48977034356,-54.94819406547,
    101.85122561232));
#686 = CARTESIAN_POINT('',(-44.69265877155,-54.78296619366,
    101.67281099731));
#687 = CARTESIAN_POINT('',(-44.87237403659,-54.63544328144,
    101.47451608287));
#688 = CARTESIAN_POINT('',(-45.02904720208,-54.50601253035,
    101.26182888188));
#689 = CARTESIAN_POINT('',(-45.32319811066,-54.26178077737,
    100.77598793784));
#690 = CARTESIAN_POINT('',(-45.4530886376,-54.1530081507,100.49625394287
    ));
#691 = CARTESIAN_POINT('',(-45.55487028913,-54.06726293528,
    100.20599386788));
#692 = CARTESIAN_POINT('',(-45.63009139732,-54.00365128359,
    99.90883999317));
#693 = CARTESIAN_POINT('',(-45.67987431936,-53.96146911317,
    99.607426867947));
#694 = CARTESIAN_POINT('',(-45.70480261813,-53.94034684387,
    99.303843193897));
#695 = CARTESIAN_POINT('',(-45.70480261813,-53.94034684387,
    98.758300189018));
#696 = CARTESIAN_POINT('',(-45.68902798129,-53.95371305232,
    98.516680760543));
#697 = CARTESIAN_POINT('',(-45.6574986406,-53.98042844946,
    98.276170171812));
#698 = CARTESIAN_POINT('',(-45.60998922512,-54.02063438336,
    98.037832345585));
#699 = CARTESIAN_POINT('',(-45.54606012341,-54.07460339421,
    97.802906909882));
#700 = CARTESIAN_POINT('',(-45.46508538199,-54.14270595145,
    97.572953482458));
#701 = CARTESIAN_POINT('',(-45.25697862052,-54.31681317995,
    97.103374563463));
#702 = CARTESIAN_POINT('',(-45.12540827565,-54.42645119907,
    96.864298486487));
#703 = CARTESIAN_POINT('',(-44.97046822101,-54.55488677972,
    96.636314760798));
#704 = CARTESIAN_POINT('',(-44.79117498357,-54.70250561069,
    96.423741378361));
#705 = CARTESIAN_POINT('',(-44.58677803172,-54.86936753027,
    96.231776140902));
#706 = CARTESIAN_POINT('',(-44.35699010131,-55.0550038243,
    96.066717754858));
#707 = CARTESIAN_POINT('',(-43.97738244033,-55.35797559003,
    95.872306444726));
#708 = CARTESIAN_POINT('',(-43.84641142681,-55.46196523696,
    95.816683408674));
#709 = CARTESIAN_POINT('',(-43.71043219541,-55.56932295,95.77079649139)
  );
#710 = CARTESIAN_POINT('',(-43.57041953056,-55.67920245832,
    95.735638599941));
#711 = CARTESIAN_POINT('',(-43.42744987636,-55.79070275126,
    95.711907909019));
#712 = CARTESIAN_POINT('',(-43.28266957209,-55.90289971769,95.7));
#713 = CARTESIAN_POINT('',(-43.13726308782,-56.01487778521,95.7));
#714 = PCURVE('',#126,#715);
#715 = DEFINITIONAL_REPRESENTATION('',(#716),#779);
#716 = B_SPLINE_CURVE_WITH_KNOTS('',7,(#717,#718,#719,#720,#721,#722,
    #723,#724,#725,#726,#727,#728,#729,#730,#731,#732,#733,#734,#735,
    #736,#737,#738,#739,#740,#741,#742,#743,#744,#745,#746,#747,#748,
    #749,#750,#751,#752,#753,#754,#755,#756,#757,#758,#759,#760,#761,
    #762,#763,#764,#765,#766,#767,#768,#769,#770,#771,#772,#773,#774,
    #775,#776,#777,#778),.UNSPECIFIED.,.T.,.F.,(8,6,6,6,6,6,6,6,6,6,8),(
    0.,8.234486644217E-02,0.180750830747,0.344501863724,0.442273035968,
    0.531818820443,0.631500597521,0.750063823051,0.844377961974,
    0.948705848792,1.),.UNSPECIFIED.);
#717 = CARTESIAN_POINT('',(4.056145181635,3.9));
#718 = CARTESIAN_POINT('',(4.060328809066,3.9));
#719 = CARTESIAN_POINT('',(4.064470393245,3.930929746452));
#720 = CARTESIAN_POINT('',(4.068499673865,3.991670928474));
#721 = CARTESIAN_POINT('',(4.072350185817,4.079823622523));
#722 = CARTESIAN_POINT('',(4.07596373326,4.191786830292));
#723 = CARTESIAN_POINT('',(4.07929416824,4.322823121314));
#724 = CARTESIAN_POINT('',(4.085915100025,4.639533813718));
#725 = CARTESIAN_POINT('',(4.089116862683,4.833068838189));
#726 = CARTESIAN_POINT('',(4.09192351537,5.042525371588));
#727 = CARTESIAN_POINT('',(4.094349094678,5.263972849522));
#728 = CARTESIAN_POINT('',(4.09640954482,5.494403645033));
#729 = CARTESIAN_POINT('',(4.098119660074,5.731501775449));
#730 = CARTESIAN_POINT('',(4.101773877809,6.376230693681));
#731 = CARTESIAN_POINT('',(4.103119006643,6.79250661533));
#732 = CARTESIAN_POINT('',(4.103583354705,7.214534041841));
#733 = CARTESIAN_POINT('',(4.103187419826,7.637300854641));
#734 = CARTESIAN_POINT('',(4.101919697359,8.055664909201));
#735 = CARTESIAN_POINT('',(4.099738612917,8.463388408278));
#736 = CARTESIAN_POINT('',(4.094692296727,9.080834992843));
#737 = CARTESIAN_POINT('',(4.092451177586,9.304835377592));
#738 = CARTESIAN_POINT('',(4.089841419032,9.519251933145));
#739 = CARTESIAN_POINT('',(4.086850444718,9.72071472609));
#740 = CARTESIAN_POINT('',(4.083469029505,9.905140008007));
#741 = CARTESIAN_POINT('',(4.079694470505,10.067554993459));
#742 = CARTESIAN_POINT('',(4.071728043951,10.324723494842));
#743 = CARTESIAN_POINT('',(4.067567562713,10.425002882681));
#744 = CARTESIAN_POINT('',(4.063142571863,10.494299906922));
#745 = CARTESIAN_POINT('',(4.058564312532,10.527454701069));
#746 = CARTESIAN_POINT('',(4.053956903455,10.522516087143));
#747 = CARTESIAN_POINT('',(4.049445120666,10.48080236475));
#748 = CARTESIAN_POINT('',(4.040348947499,10.324797574537));
#749 = CARTESIAN_POINT('',(4.035879931714,10.203953571187));
#750 = CARTESIAN_POINT('',(4.031780931503,10.05122561232));
#751 = CARTESIAN_POINT('',(4.028080051255,9.872810997314));
#752 = CARTESIAN_POINT('',(4.024791403505,9.674516082877));
#753 = CARTESIAN_POINT('',(4.021916998378,9.461828881888));
#754 = CARTESIAN_POINT('',(4.016509261994,8.975987937849));
#755 = CARTESIAN_POINT('',(4.014112964945,8.696253942871));
#756 = CARTESIAN_POINT('',(4.012230574468,8.405993867887));
#757 = CARTESIAN_POINT('',(4.010837191877,8.108839993169));
#758 = CARTESIAN_POINT('',(4.009914265868,7.807426867947));
#759 = CARTESIAN_POINT('',(4.009452120275,7.503843193897));
#760 = CARTESIAN_POINT('',(4.009452120275,6.958300189018));
#761 = CARTESIAN_POINT('',(4.009744566491,6.716680760543));
#762 = CARTESIAN_POINT('',(4.010329087997,6.476170171812));
#763 = CARTESIAN_POINT('',(4.011209409726,6.237832345585));
#764 = CARTESIAN_POINT('',(4.012392767284,6.002906909882));
#765 = CARTESIAN_POINT('',(4.013889308267,5.772953482458));
#766 = CARTESIAN_POINT('',(4.017727119927,5.303374563463));
#767 = CARTESIAN_POINT('',(4.020149515479,5.064298486487));
#768 = CARTESIAN_POINT('',(4.022996053346,4.836314760798));
#769 = CARTESIAN_POINT('',(4.026280942651,4.623741378361));
#770 = CARTESIAN_POINT('',(4.030012953337,4.431776140902));
#771 = CARTESIAN_POINT('',(4.034191149679,4.266717754858));
#772 = CARTESIAN_POINT('',(4.041060867702,4.072306444726));
#773 = CARTESIAN_POINT('',(4.043426265255,4.016683408674));
#774 = CARTESIAN_POINT('',(4.04587676382,3.97079649139));
#775 = CARTESIAN_POINT('',(4.04839414808,3.935638599941));
#776 = CARTESIAN_POINT('',(4.050958600537,3.911907909019));
#777 = CARTESIAN_POINT('',(4.053549326926,3.9));
#778 = CARTESIAN_POINT('',(4.056145181635,3.9));
#779 = ( GEOMETRIC_REPRESENTATION_CONTEXT(2) 
PARAMETRIC_REPRESENTATION_CONTEXT() REPRESENTATION_CONTEXT('2D SPACE',''
  ) );
#780 = PCURVE('',#781,#786);
#781 = CYLINDRICAL_SURFACE('',#782,3.3);
#782 = AXIS2_PLACEMENT_3D('',#783,#784,#785);
#783 = CARTESIAN_POINT('',(-41.55088566167,-53.95492471248,99.));
#784 = DIRECTION('',(-0.610145163901,-0.792289643355,2.22044604925E-16)
  );
#785 = DIRECTION('',(-1.354794418654E-16,-1.75923640845E-16,-1.));
#786 = DEFINITIONAL_REPRESENTATION('',(#787),#850);
#787 = B_SPLINE_CURVE_WITH_KNOTS('',7,(#788,#789,#790,#791,#792,#793,
    #794,#795,#796,#797,#798,#799,#800,#801,#802,#803,#804,#805,#806,
    #807,#808,#809,#810,#811,#812,#813,#814,#815,#816,#817,#818,#819,
    #820,#821,#822,#823,#824,#825,#826,#827,#828,#829,#830,#831,#832,
    #833,#834,#835,#836,#837,#838,#839,#840,#841,#842,#843,#844,#845,
    #846,#847,#848,#849),.UNSPECIFIED.,.F.,.F.,(8,6,6,6,6,6,6,6,6,6,8),(
    0.,8.234486644217E-02,0.180750830747,0.344501863724,0.442273035968,
    0.531818820443,0.631500597521,0.750063823051,0.844377961974,
    0.948705848792,1.),.UNSPECIFIED.);
#788 = CARTESIAN_POINT('',(0.,2.6));
#789 = CARTESIAN_POINT('',(8.96310482938E-02,2.6));
#790 = CARTESIAN_POINT('',(0.178361244281,2.598556667576));
#791 = CARTESIAN_POINT('',(0.265859533193,2.595720308694));
#792 = CARTESIAN_POINT('',(0.351767461526,2.591692337285));
#793 = CARTESIAN_POINT('',(0.435661980788,2.586788817409));
#794 = CARTESIAN_POINT('',(0.516993417387,2.581379160081));
#795 = CARTESIAN_POINT('',(0.68821845824,2.569132587504));
#796 = CARTESIAN_POINT('',(0.777872012326,2.562138772317));
#797 = CARTESIAN_POINT('',(0.864535873385,2.555236682255));
#798 = CARTESIAN_POINT('',(0.94867283891,2.54874214264));
#799 = CARTESIAN_POINT('',(1.030694732026,2.542878249426));
#800 = CARTESIAN_POINT('',(1.111001590948,2.537793954995));
#801 = CARTESIAN_POINT('',(1.321448755823,2.526598841728));
#802 = CARTESIAN_POINT('',(1.449255673153,2.522048610564));
#803 = CARTESIAN_POINT('',(1.575383503121,2.520401844456));
#804 = CARTESIAN_POINT('',(1.701379043279,2.521777238749));
#805 = CARTESIAN_POINT('',(1.828776216047,2.526128501941));
#806 = CARTESIAN_POINT('',(1.959116128725,2.5331845756));
#807 = CARTESIAN_POINT('',(2.175166402549,2.547606361052));
#808 = CARTESIAN_POINT('',(2.257940472323,2.553717866511));
#809 = CARTESIAN_POINT('',(2.343009316483,2.560391197331));
#810 = CARTESIAN_POINT('',(2.430674917075,2.567394190894));
#811 = CARTESIAN_POINT('',(2.521294020189,2.574407647447));
#812 = CARTESIAN_POINT('',(2.615277269451,2.581007960284));
#813 = CARTESIAN_POINT('',(2.80287243685,2.591928891812));
#814 = CARTESIAN_POINT('',(2.896566960456,2.59643565376));
#815 = CARTESIAN_POINT('',(2.992701111786,2.599713916225));
#816 = CARTESIAN_POINT('',(3.090107145537,2.601312423179));
#817 = CARTESIAN_POINT('',(3.187787258923,2.601050463007));
#818 = CARTESIAN_POINT('',(3.284702940877,2.599068065716));
#819 = CARTESIAN_POINT('',(3.48522208027,2.591991202175));
#820 = CARTESIAN_POINT('',(3.586890125269,2.586620544345));
#821 = CARTESIAN_POINT('',(3.685048585418,2.580103297352));
#822 = CARTESIAN_POINT('',(3.779948419266,2.572986358874));
#823 = CARTESIAN_POINT('',(3.871737730045,2.565757883203));
#824 = CARTESIAN_POINT('',(3.960444529532,2.558804613821));
#825 = CARTESIAN_POINT('',(4.147740438016,2.544777079682));
#826 = CARTESIAN_POINT('',(4.24608187423,2.537849730943));
#827 = CARTESIAN_POINT('',(4.341847039003,2.532016267251));
#828 = CARTESIAN_POINT('',(4.435707606478,2.527513209808));
#829 = CARTESIAN_POINT('',(4.52832034237,2.52446752218));
#830 = CARTESIAN_POINT('',(4.620315285264,2.522942447904));
#831 = CARTESIAN_POINT('',(4.785631347349,2.522942447904));
#832 = CARTESIAN_POINT('',(4.858849606238,2.523907538054));
#833 = CARTESIAN_POINT('',(4.932372509199,2.525836395778));
#834 = CARTESIAN_POINT('',(5.006520465402,2.528703500716));
#835 = CARTESIAN_POINT('',(5.081610565515,2.532456556837));
#836 = CARTESIAN_POINT('',(5.157974269247,2.537007160741));
#837 = CARTESIAN_POINT('',(5.322284278512,2.547975180634));
#838 = CARTESIAN_POINT('',(5.410955140248,2.554563238059));
#839 = CARTESIAN_POINT('',(5.502308881986,2.561785493425));
#840 = CARTESIAN_POINT('',(5.596671687665,2.569347462613));
#841 = CARTESIAN_POINT('',(5.694450320667,2.576838621682));
#842 = CARTESIAN_POINT('',(5.796121696637,2.583712340411));
#843 = CARTESIAN_POINT('',(5.954632510212,2.592137954102));
#844 = CARTESIAN_POINT('',(6.007938824603,2.594616543865));
#845 = CARTESIAN_POINT('',(6.062075874156,2.596707877617));
#846 = CARTESIAN_POINT('',(6.116844900868,2.598336223732));
#847 = CARTESIAN_POINT('',(6.172066770322,2.599444507965));
#848 = CARTESIAN_POINT('',(6.227571086597,2.6));
#849 = CARTESIAN_POINT('',(6.28318530718,2.6));
#850 = ( GEOMETRIC_REPRESENTATION_CONTEXT(2) 
PARAMETRIC_REPRESENTATION_CONTEXT() REPRESENTATION_CONTEXT('2D SPACE',''
  ) );
#851 = FACE_BOUND('',#852,.F.);
#852 = EDGE_LOOP('',(#853));
#853 = ORIENTED_EDGE('',*,*,#854,.F.);
#854 = EDGE_CURVE('',#855,#855,#857,.T.);
#855 = VERTEX_POINT('',#856);
#856 = CARTESIAN_POINT('',(26.941675607964,-65.36540457639,95.7));
#857 = SURFACE_CURVE('',#858,(#921,#987),.PCURVE_S1.);
#858 = B_SPLINE_CURVE_WITH_KNOTS('',7,(#859,#860,#861,#862,#863,#864,
    #865,#866,#867,#868,#869,#870,#871,#872,#873,#874,#875,#876,#877,
    #878,#879,#880,#881,#882,#883,#884,#885,#886,#887,#888,#889,#890,
    #891,#892,#893,#894,#895,#896,#897,#898,#899,#900,#901,#902,#903,
    #904,#905,#906,#907,#908,#909,#910,#911,#912,#913,#914,#915,#916,
    #917,#918,#919,#920),.UNSPECIFIED.,.T.,.F.,(8,6,6,6,6,6,6,6,6,6,8),(
    0.,8.234486435234E-02,0.180750825301,0.344501849431,0.44227301911,
    0.531818801236,0.631500579411,0.750063810774,0.844377954338,
    0.948705846289,1.),.UNSPECIFIED.);
#859 = CARTESIAN_POINT('',(26.941675607964,-65.36540457639,95.7));
#860 = CARTESIAN_POINT('',(27.21514010515,-65.25269064428,95.7));
#861 = CARTESIAN_POINT('',(27.485306421136,-65.13977499879,
    95.730929747439));
#862 = CARTESIAN_POINT('',(27.747593329688,-65.02860029682,
    95.791670927058));
#863 = CARTESIAN_POINT('',(27.997725841559,-64.92114641322,
    95.879823622034));
#864 = CARTESIAN_POINT('',(28.232017570272,-64.81927462556,
    95.991786832405));
#865 = CARTESIAN_POINT('',(28.447594972175,-64.72456888276,
    96.122823120055));
#866 = CARTESIAN_POINT('',(28.875559915661,-64.53492842319,
    96.439533813718));
#867 = CARTESIAN_POINT('',(29.082081724603,-64.44224168231,
    96.633068838188));
#868 = CARTESIAN_POINT('',(29.262800342433,-64.36028946034,
    96.842525371589));
#869 = CARTESIAN_POINT('',(29.418761616062,-64.28898229071,
    97.063972849522));
#870 = CARTESIAN_POINT('',(29.551100424931,-64.2280937131,
    97.294403645033));
#871 = CARTESIAN_POINT('',(29.660846538022,-64.17736039605,
    97.53150177545));
#872 = CARTESIAN_POINT('',(29.89521546961,-64.06865172559,
    98.176230685657));
#873 = CARTESIAN_POINT('',(29.981306587483,-64.02824594276,
    98.59250664848));
#874 = CARTESIAN_POINT('',(30.010992694874,-64.01422905071,
    99.014533978061));
#875 = CARTESIAN_POINT('',(29.985667710257,-64.02615489948,
    99.437300923958));
#876 = CARTESIAN_POINT('',(29.904558890004,-64.06429191971,
    99.855664868402));
#877 = CARTESIAN_POINT('',(29.764827588839,-64.12951694023,
    100.26338841902));
#878 = CARTESIAN_POINT('',(29.440738410543,-64.27869563478,
    100.88083499284));
#879 = CARTESIAN_POINT('',(29.296684427317,-64.34468067917,
    101.10483537759));
#880 = CARTESIAN_POINT('',(29.128750278997,-64.42111609434,
    101.31925193314));
#881 = CARTESIAN_POINT('',(28.936018079628,-64.50812909573,
    101.52071472608));
#882 = CARTESIAN_POINT('',(28.717755010692,-64.60567647909,101.705140008
    ));
#883 = CARTESIAN_POINT('',(28.473616567202,-64.71344206107,
    101.86755499345));
#884 = CARTESIAN_POINT('',(27.957147414397,-64.93812749415,
    102.12472349484));
#885 = CARTESIAN_POINT('',(27.686943044012,-65.05437226634,
    102.22500288268));
#886 = CARTESIAN_POINT('',(27.398960913211,-65.17661574295,
    102.29429990692));
#887 = CARTESIAN_POINT('',(27.100305699023,-65.30144150351,
    102.32745470106));
#888 = CARTESIAN_POINT('',(26.799033285927,-65.42533369223,
    102.32251608714));
#889 = CARTESIAN_POINT('',(26.503365761252,-65.54505486736,
    102.28080236475));
#890 = CARTESIAN_POINT('',(25.906129928322,-65.78356329412,
    102.12479757147));
#891 = CARTESIAN_POINT('',(25.612001298221,-65.89898540021,
    102.00395357645));
#892 = CARTESIAN_POINT('',(25.341646756764,-66.00336836877,
    101.85122561721));
#893 = CARTESIAN_POINT('',(25.097111031934,-66.09646095534,
    101.67281097601));
#894 = CARTESIAN_POINT('',(24.87949482335,-66.17833747989,101.4745161048
    ));
#895 = CARTESIAN_POINT('',(24.689067902985,-66.2493050527,
    101.26182887341));
#896 = CARTESIAN_POINT('',(24.330481552452,-66.38193133327,
    100.77598793784));
#897 = CARTESIAN_POINT('',(24.171336431054,-66.44003351598,
    100.49625394287));
#898 = CARTESIAN_POINT('',(24.046188070483,-66.48530640413,
    100.20599386788));
#899 = CARTESIAN_POINT('',(23.95348821005,-66.51864396888,
    99.908839993168));
#900 = CARTESIAN_POINT('',(23.892065917861,-66.54066615883,
    99.607426867948));
#901 = CARTESIAN_POINT('',(23.861309346666,-66.55169356419,
    99.303843193896));
#902 = CARTESIAN_POINT('',(23.861309346666,-66.55169356419,
    98.758300189018));
#903 = CARTESIAN_POINT('',(23.88077214116,-66.54471543218,
    98.516680760543));
#904 = CARTESIAN_POINT('',(23.919673024099,-66.53076792074,
    98.276170171812));
#905 = CARTESIAN_POINT('',(23.978247091987,-66.50972652697,
    98.037832345584));
#906 = CARTESIAN_POINT('',(24.056950177255,-66.48134680627,
    97.802906909882));
#907 = CARTESIAN_POINT('',(24.156416092594,-66.44527190175,
    97.572953482458));
#908 = CARTESIAN_POINT('',(24.411250756189,-66.35209977388,
    97.103374563462));
#909 = CARTESIAN_POINT('',(24.571985238405,-66.29297552239,
    96.864298486487));
#910 = CARTESIAN_POINT('',(24.760683741319,-66.22301128934,
    96.636314760799));
#911 = CARTESIAN_POINT('',(24.978172017732,-66.14154820647,
    96.423741378362));
#912 = CARTESIAN_POINT('',(25.224877154936,-66.04796621351,
    96.231776140902));
#913 = CARTESIAN_POINT('',(25.500536866644,-65.9417821753,
    96.066717754857));
#914 = CARTESIAN_POINT('',(25.952721942815,-65.76451818031,
    95.872306444753));
#915 = CARTESIAN_POINT('',(26.108265125677,-65.70308877885,
    95.816683408662));
#916 = CARTESIAN_POINT('',(26.269229248157,-65.6390061666,
    95.770796491369));
#917 = CARTESIAN_POINT('',(26.43439402603,-65.5726913962,95.735638599942
    ));
#918 = CARTESIAN_POINT('',(26.602440939335,-65.50462619016,
    95.711907909035));
#919 = CARTESIAN_POINT('',(26.77199651475,-65.43534125186,95.7));
#920 = CARTESIAN_POINT('',(26.941675607964,-65.36540457639,95.7));
#921 = PCURVE('',#126,#922);
#922 = DEFINITIONAL_REPRESENTATION('',(#923),#986);
#923 = B_SPLINE_CURVE_WITH_KNOTS('',7,(#924,#925,#926,#927,#928,#929,
    #930,#931,#932,#933,#934,#935,#936,#937,#938,#939,#940,#941,#942,
    #943,#944,#945,#946,#947,#948,#949,#950,#951,#952,#953,#954,#955,
    #956,#957,#958,#959,#960,#961,#962,#963,#964,#965,#966,#967,#968,
    #969,#970,#971,#972,#973,#974,#975,#976,#977,#978,#979,#980,#981,
    #982,#983,#984,#985),.UNSPECIFIED.,.T.,.F.,(8,6,6,6,6,6,6,6,6,6,8),(
    0.,8.234486435234E-02,0.180750825301,0.344501849431,0.44227301911,
    0.531818801236,0.631500579411,0.750063810774,0.844377954338,
    0.948705846289,1.),.UNSPECIFIED.);
#924 = CARTESIAN_POINT('',(5.103342732831,3.9));
#925 = CARTESIAN_POINT('',(5.107526360225,3.9));
#926 = CARTESIAN_POINT('',(5.111667944523,3.930929747439));
#927 = CARTESIAN_POINT('',(5.115697225018,3.991670927058));
#928 = CARTESIAN_POINT('',(5.119547736962,4.079823622034));
#929 = CARTESIAN_POINT('',(5.123161284529,4.191786832405));
#930 = CARTESIAN_POINT('',(5.12649171941,4.322823120055));
#931 = CARTESIAN_POINT('',(5.133112651221,4.639533813718));
#932 = CARTESIAN_POINT('',(5.136314413879,4.833068838189));
#933 = CARTESIAN_POINT('',(5.139121066567,5.042525371589));
#934 = CARTESIAN_POINT('',(5.141546645874,5.263972849522));
#935 = CARTESIAN_POINT('',(5.143607096017,5.494403645033));
#936 = CARTESIAN_POINT('',(5.14531721127,5.73150177545));
#937 = CARTESIAN_POINT('',(5.14897142896,6.376230685657));
#938 = CARTESIAN_POINT('',(5.150316557922,6.79250664848));
#939 = CARTESIAN_POINT('',(5.150780905909,7.214533978061));
#940 = CARTESIAN_POINT('',(5.150384970849,7.637300923959));
#941 = CARTESIAN_POINT('',(5.14911724876,8.055664868402));
#942 = CARTESIAN_POINT('',(5.146936164026,8.463388419022));
#943 = CARTESIAN_POINT('',(5.141889847924,9.080834992843));
#944 = CARTESIAN_POINT('',(5.139648728783,9.304835377592));
#945 = CARTESIAN_POINT('',(5.137038970229,9.519251933145));
#946 = CARTESIAN_POINT('',(5.134047995915,9.72071472609));
#947 = CARTESIAN_POINT('',(5.130666580701,9.905140008007));
#948 = CARTESIAN_POINT('',(5.126892021702,10.067554993459));
#949 = CARTESIAN_POINT('',(5.118925595148,10.324723494842));
#950 = CARTESIAN_POINT('',(5.11476511391,10.425002882681));
#951 = CARTESIAN_POINT('',(5.11034012306,10.494299906922));
#952 = CARTESIAN_POINT('',(5.105761863728,10.527454701069));
#953 = CARTESIAN_POINT('',(5.101154454651,10.522516087143));
#954 = CARTESIAN_POINT('',(5.096642671863,10.48080236475));
#955 = CARTESIAN_POINT('',(5.087546498517,10.324797571476));
#956 = CARTESIAN_POINT('',(5.083077483348,10.203953576453));
#957 = CARTESIAN_POINT('',(5.078978482329,10.051225617213));
#958 = CARTESIAN_POINT('',(5.075277602444,9.872810976016));
#959 = CARTESIAN_POINT('',(5.071988954896,9.674516104805));
#960 = CARTESIAN_POINT('',(5.069114549481,9.461828873415));
#961 = CARTESIAN_POINT('',(5.06370681319,8.975987937849));
#962 = CARTESIAN_POINT('',(5.061310516141,8.69625394287));
#963 = CARTESIAN_POINT('',(5.059428125665,8.405993867888));
#964 = CARTESIAN_POINT('',(5.058034743073,8.108839993168));
#965 = CARTESIAN_POINT('',(5.057111817065,7.807426867948));
#966 = CARTESIAN_POINT('',(5.056649671471,7.503843193896));
#967 = CARTESIAN_POINT('',(5.056649671471,6.958300189018));
#968 = CARTESIAN_POINT('',(5.056942117688,6.716680760543));
#969 = CARTESIAN_POINT('',(5.057526639194,6.476170171812));
#970 = CARTESIAN_POINT('',(5.058406960922,6.237832345584));
#971 = CARTESIAN_POINT('',(5.05959031848,6.002906909882));
#972 = CARTESIAN_POINT('',(5.061086859464,5.772953482458));
#973 = CARTESIAN_POINT('',(5.064924671124,5.303374563462));
#974 = CARTESIAN_POINT('',(5.067347066675,5.064298486487));
#975 = CARTESIAN_POINT('',(5.070193604543,4.836314760799));
#976 = CARTESIAN_POINT('',(5.073478493848,4.623741378362));
#977 = CARTESIAN_POINT('',(5.077210504533,4.431776140902));
#978 = CARTESIAN_POINT('',(5.081388700876,4.266717754857));
#979 = CARTESIAN_POINT('',(5.088258418898,4.072306444753));
#980 = CARTESIAN_POINT('',(5.090623816453,4.016683408662));
#981 = CARTESIAN_POINT('',(5.093074315017,3.970796491369));
#982 = CARTESIAN_POINT('',(5.095591699276,3.935638599942));
#983 = CARTESIAN_POINT('',(5.098156151733,3.911907909035));
#984 = CARTESIAN_POINT('',(5.100746878123,3.9));
#985 = CARTESIAN_POINT('',(5.103342732831,3.9));
#986 = ( GEOMETRIC_REPRESENTATION_CONTEXT(2) 
PARAMETRIC_REPRESENTATION_CONTEXT() REPRESENTATION_CONTEXT('2D SPACE',''
  ) );
#987 = PCURVE('',#988,#993);
#988 = CYLINDRICAL_SURFACE('',#989,3.3);
#989 = AXIS2_PLACEMENT_3D('',#990,#991,#992);
#990 = CARTESIAN_POINT('',(25.950892629454,-62.96158488899,99.));
#991 = DIRECTION('',(0.38107037635,-0.924546033612,2.22044604925E-16));
#992 = DIRECTION('',(8.461462116533E-17,-2.052904587685E-16,-1.));
#993 = DEFINITIONAL_REPRESENTATION('',(#994),#1057);
#994 = B_SPLINE_CURVE_WITH_KNOTS('',7,(#995,#996,#997,#998,#999,#1000,
    #1001,#1002,#1003,#1004,#1005,#1006,#1007,#1008,#1009,#1010,#1011,
    #1012,#1013,#1014,#1015,#1016,#1017,#1018,#1019,#1020,#1021,#1022,
    #1023,#1024,#1025,#1026,#1027,#1028,#1029,#1030,#1031,#1032,#1033,
    #1034,#1035,#1036,#1037,#1038,#1039,#1040,#1041,#1042,#1043,#1044,
    #1045,#1046,#1047,#1048,#1049,#1050,#1051,#1052,#1053,#1054,#1055,
    #1056),.UNSPECIFIED.,.F.,.F.,(8,6,6,6,6,6,6,6,6,6,8),(0.,
    8.234486435234E-02,0.180750825301,0.344501849431,0.44227301911,
    0.531818801236,0.631500579411,0.750063810774,0.844377954338,
    0.948705846289,1.),.UNSPECIFIED.);
#995 = CARTESIAN_POINT('',(0.,2.6));
#996 = CARTESIAN_POINT('',(8.96310474952E-02,2.6));
#997 = CARTESIAN_POINT('',(0.178361246119,2.598556667536));
#998 = CARTESIAN_POINT('',(0.265859532152,2.59572030875));
#999 = CARTESIAN_POINT('',(0.351767460396,2.591692337305));
#1000 = CARTESIAN_POINT('',(0.435661982519,2.586788817326));
#1001 = CARTESIAN_POINT('',(0.516993416706,2.58137916013));
#1002 = CARTESIAN_POINT('',(0.68821845824,2.569132587504));
#1003 = CARTESIAN_POINT('',(0.777872012326,2.562138772317));
#1004 = CARTESIAN_POINT('',(0.864535873385,2.555236682255));
#1005 = CARTESIAN_POINT('',(0.94867283891,2.54874214264));
#1006 = CARTESIAN_POINT('',(1.030694732026,2.542878249426));
#1007 = CARTESIAN_POINT('',(1.111001590948,2.537793954995));
#1008 = CARTESIAN_POINT('',(1.321448753204,2.526598841868));
#1009 = CARTESIAN_POINT('',(1.44925568398,2.522048610303));
#1010 = CARTESIAN_POINT('',(1.575383482167,2.520401844466));
#1011 = CARTESIAN_POINT('',(1.701379066313,2.521777239232));
#1012 = CARTESIAN_POINT('',(1.828776202222,2.526128501358));
#1013 = CARTESIAN_POINT('',(1.959116132485,2.533184575851));
#1014 = CARTESIAN_POINT('',(2.175166402549,2.547606361052));
#1015 = CARTESIAN_POINT('',(2.257940472323,2.553717866511));
#1016 = CARTESIAN_POINT('',(2.343009316483,2.560391197331));
#1017 = CARTESIAN_POINT('',(2.430674917075,2.567394190894));
#1018 = CARTESIAN_POINT('',(2.521294020189,2.574407647447));
#1019 = CARTESIAN_POINT('',(2.615277269451,2.581007960284));
#1020 = CARTESIAN_POINT('',(2.80287243685,2.591928891812));
#1021 = CARTESIAN_POINT('',(2.896566960456,2.59643565376));
#1022 = CARTESIAN_POINT('',(2.992701111786,2.599713916225));
#1023 = CARTESIAN_POINT('',(3.090107145538,2.601312423179));
#1024 = CARTESIAN_POINT('',(3.187787258923,2.601050463007));
#1025 = CARTESIAN_POINT('',(3.284702940877,2.599068065716));
#1026 = CARTESIAN_POINT('',(3.485222084204,2.591991202036));
#1027 = CARTESIAN_POINT('',(3.586890116062,2.586620544642));
#1028 = CARTESIAN_POINT('',(3.68504859162,2.58010329734));
#1029 = CARTESIAN_POINT('',(3.779948422987,2.57298635832));
#1030 = CARTESIAN_POINT('',(3.871737722635,2.565757883836));
#1031 = CARTESIAN_POINT('',(3.960444532798,2.558804613576));
#1032 = CARTESIAN_POINT('',(4.147740438016,2.544777079682));
#1033 = CARTESIAN_POINT('',(4.246081874231,2.537849730943));
#1034 = CARTESIAN_POINT('',(4.341847039002,2.532016267251));
#1035 = CARTESIAN_POINT('',(4.435707606479,2.527513209807));
#1036 = CARTESIAN_POINT('',(4.528320342369,2.524467522181));
#1037 = CARTESIAN_POINT('',(4.620315285265,2.522942447904));
#1038 = CARTESIAN_POINT('',(4.785631347349,2.522942447904));
#1039 = CARTESIAN_POINT('',(4.858849606238,2.523907538054));
#1040 = CARTESIAN_POINT('',(4.932372509199,2.525836395778));
#1041 = CARTESIAN_POINT('',(5.006520465402,2.528703500716));
#1042 = CARTESIAN_POINT('',(5.081610565515,2.532456556837));
#1043 = CARTESIAN_POINT('',(5.157974269247,2.537007160741));
#1044 = CARTESIAN_POINT('',(5.322284278513,2.547975180634));
#1045 = CARTESIAN_POINT('',(5.410955140248,2.554563238059));
#1046 = CARTESIAN_POINT('',(5.502308881985,2.561785493425));
#1047 = CARTESIAN_POINT('',(5.596671687666,2.569347462612));
#1048 = CARTESIAN_POINT('',(5.694450320667,2.576838621682));
#1049 = CARTESIAN_POINT('',(5.796121696638,2.583712340411));
#1050 = CARTESIAN_POINT('',(5.95463251019,2.592137954101));
#1051 = CARTESIAN_POINT('',(6.007938824625,2.594616543865));
#1052 = CARTESIAN_POINT('',(6.062075874174,2.596707877618));
#1053 = CARTESIAN_POINT('',(6.116844900851,2.598336223732));
#1054 = CARTESIAN_POINT('',(6.172066770299,2.599444507964));
#1055 = CARTESIAN_POINT('',(6.227571086616,2.6));
#1056 = CARTESIAN_POINT('',(6.28318530718,2.6));
#1057 = ( GEOMETRIC_REPRESENTATION_CONTEXT(2) 
PARAMETRIC_REPRESENTATION_CONTEXT() REPRESENTATION_CONTEXT('2D SPACE',''
  ) );
#1058 = FACE_BOUND('',#1059,.F.);
#1059 = EDGE_LOOP('',(#1060));
#1060 = ORIENTED_EDGE('',*,*,#1061,.F.);
#1061 = EDGE_CURVE('',#1062,#1062,#1064,.T.);
#1062 = VERTEX_POINT('',#1063);
#1063 = CARTESIAN_POINT('',(70.078938695784,-9.350526791179,95.7));
#1064 = SURFACE_CURVE('',#1065,(#1128,#1194),.PCURVE_S1.);
#1065 = B_SPLINE_CURVE_WITH_KNOTS('',7,(#1066,#1067,#1068,#1069,#1070,
    #1071,#1072,#1073,#1074,#1075,#1076,#1077,#1078,#1079,#1080,#1081,
    #1082,#1083,#1084,#1085,#1086,#1087,#1088,#1089,#1090,#1091,#1092,
    #1093,#1094,#1095,#1096,#1097,#1098,#1099,#1100,#1101,#1102,#1103,
    #1104,#1105,#1106,#1107,#1108,#1109,#1110,#1111,#1112,#1113,#1114,
    #1115,#1116,#1117,#1118,#1119,#1120,#1121,#1122,#1123,#1124,#1125,
    #1126,#1127),.UNSPECIFIED.,.T.,.F.,(8,6,6,6,6,6,6,6,6,6,8),(0.,
    8.234486440822E-02,0.180750825341,0.344501849444,0.442273019105,
    0.531818801217,0.631500579386,0.750063810758,0.844377954328,
    0.948705846286,1.),.UNSPECIFIED.);
#1066 = CARTESIAN_POINT('',(70.078938695784,-9.350526791179,95.7));
#1067 = CARTESIAN_POINT('',(70.118057815806,-9.057342623586,95.7));
#1068 = CARTESIAN_POINT('',(70.155353156312,-8.76691390799,
    95.730929747427));
#1069 = CARTESIAN_POINT('',(70.190216494448,-8.484179430976,
    95.791670927031));
#1070 = CARTESIAN_POINT('',(70.22222495746,-8.213831379469,
    95.879823622087));
#1071 = CARTESIAN_POINT('',(70.25114726576,-7.959992896789,
    95.991786832486));
#1072 = CARTESIAN_POINT('',(70.276918387535,-7.725944519085,
    96.122823119933));
#1073 = CARTESIAN_POINT('',(70.326667403726,-7.260495776134,
    96.439533813718));
#1074 = CARTESIAN_POINT('',(70.349659236005,-7.035299272718,
    96.633068838189));
#1075 = CARTESIAN_POINT('',(70.369045838794,-6.837816247753,
    96.842525371588));
#1076 = CARTESIAN_POINT('',(70.385272655234,-6.667096237966,
    97.063972849522));
#1077 = CARTESIAN_POINT('',(70.398711004663,-6.522043178778,
    97.294403645033));
#1078 = CARTESIAN_POINT('',(70.409647719826,-6.40163359835,
    97.531501775449));
#1079 = CARTESIAN_POINT('',(70.432687715391,-6.144309814508,
    98.176230685657));
#1080 = CARTESIAN_POINT('',(70.440740839935,-6.049549827973,
    98.59250664848));
#1081 = CARTESIAN_POINT('',(70.443444909029,-6.016832458807,
    99.014533978061));
#1082 = CARTESIAN_POINT('',(70.441110504723,-6.044727463222,
    99.437300923958));
#1083 = CARTESIAN_POINT('',(70.433583722939,-6.134038272149,
    99.855664868404));
#1084 = CARTESIAN_POINT('',(70.42020459709,-6.28766163892,
    100.26338841902));
#1085 = CARTESIAN_POINT('',(70.387352547126,-6.642920447691,
    100.88083499284));
#1086 = CARTESIAN_POINT('',(70.372470280218,-6.800667378873,
    101.10483537759));
#1087 = CARTESIAN_POINT('',(70.354698217344,-6.984320325064,
    101.31925193314));
#1088 = CARTESIAN_POINT('',(70.333687587326,-7.194737806545,
    101.52071472609));
#1089 = CARTESIAN_POINT('',(70.309034564921,-7.432532860629,
    101.705140008));
#1090 = CARTESIAN_POINT('',(70.280293074824,-7.697845745724,
    101.86755499345));
#1091 = CARTESIAN_POINT('',(70.216641791326,-8.257463868861,
    102.12472349484));
#1092 = CARTESIAN_POINT('',(70.182210531912,-8.549590103926,
    102.22500288268));
#1093 = CARTESIAN_POINT('',(70.144085422699,-8.860111683338,
    102.29429990692));
#1094 = CARTESIAN_POINT('',(70.102860095302,-9.181167566081,
    102.32745470106));
#1095 = CARTESIAN_POINT('',(70.05951767151,-9.504023223639,
    102.32251608714));
#1096 = CARTESIAN_POINT('',(70.015365488212,-9.819939398649,
    102.28080236475));
#1097 = CARTESIAN_POINT('',(69.923301928333,-10.45641501543,
    102.12479757146));
#1098 = CARTESIAN_POINT('',(69.876196089316,-10.76884893409,
    102.00395357644));
#1099 = CARTESIAN_POINT('',(69.831417121088,-11.05517431927,
    101.85122561722));
#1100 = CARTESIAN_POINT('',(69.789769803547,-11.31349476239,
    101.67281097603));
#1101 = CARTESIAN_POINT('',(69.751868849486,-11.54289418961,
    101.4745161048));
#1102 = CARTESIAN_POINT('',(69.718115110194,-11.74329252662,
    101.26182887338));
#1103 = CARTESIAN_POINT('',(69.653679663117,-12.1201505559,
    100.77598793784));
#1104 = CARTESIAN_POINT('',(69.624425068659,-12.28702536527,
    100.49625394287));
#1105 = CARTESIAN_POINT('',(69.601058359615,-12.41804346885,
    100.20599386788));
#1106 = CARTESIAN_POINT('',(69.583579607372,-12.51499268528,
    99.90883999317));
#1107 = CARTESIAN_POINT('',(69.571940237225,-12.57919704566,
    99.607426867947));
#1108 = CARTESIAN_POINT('',(69.566111964804,-12.61134672032,
    99.303843193897));
#1109 = CARTESIAN_POINT('',(69.566111964804,-12.61134672032,
    98.758300189018));
#1110 = CARTESIAN_POINT('',(69.569800122459,-12.59100237986,
    98.516680760543));
#1111 = CARTESIAN_POINT('',(69.577171664705,-12.55033947128,
    98.276170171812));
#1112 = CARTESIAN_POINT('',(69.588236317108,-12.4890921436,
    98.037832345585));
#1113 = CARTESIAN_POINT('',(69.603010300669,-12.40674341206,
    97.802906909882));
#1114 = CARTESIAN_POINT('',(69.621501474584,-12.3025659503,
    97.572953482458));
#1115 = CARTESIAN_POINT('',(69.668229376717,-12.03528659393,
    97.103374563464));
#1116 = CARTESIAN_POINT('',(69.697393514055,-11.86652432332,
    96.864298486487));
#1117 = CARTESIAN_POINT('',(69.731151962339,-11.66812450961,
    96.636314760798));
#1118 = CARTESIAN_POINT('',(69.769347001306,-11.43904259578,
    96.423741378361));
#1119 = CARTESIAN_POINT('',(69.811655186664,-11.17859868323,
    96.231776140902));
#1120 = CARTESIAN_POINT('',(69.857526967955,-10.88677835099,
    96.066717754858));
#1121 = CARTESIAN_POINT('',(69.930104383207,-10.40654259032,
    95.872306444752));
#1122 = CARTESIAN_POINT('',(69.954676552434,-10.24112354185,
    95.816683408663));
#1123 = CARTESIAN_POINT('',(69.979661443524,-10.06968321656,
    95.77079649137));
#1124 = CARTESIAN_POINT('',(70.004813556642,-9.89348893791,
    95.735638599942));
#1125 = CARTESIAN_POINT('',(70.029890815756,-9.713923438943,
    95.711907909034));
#1126 = CARTESIAN_POINT('',(70.05466608679,-9.532441534129,95.7));
#1127 = CARTESIAN_POINT('',(70.078938695784,-9.350526791179,95.7));
#1128 = PCURVE('',#126,#1129);
#1129 = DEFINITIONAL_REPRESENTATION('',(#1130),#1193);
#1130 = B_SPLINE_CURVE_WITH_KNOTS('',7,(#1131,#1132,#1133,#1134,#1135,
    #1136,#1137,#1138,#1139,#1140,#1141,#1142,#1143,#1144,#1145,#1146,
    #1147,#1148,#1149,#1150,#1151,#1152,#1153,#1154,#1155,#1156,#1157,
    #1158,#1159,#1160,#1161,#1162,#1163,#1164,#1165,#1166,#1167,#1168,
    #1169,#1170,#1171,#1172,#1173,#1174,#1175,#1176,#1177,#1178,#1179,
    #1180,#1181,#1182,#1183,#1184,#1185,#1186,#1187,#1188,#1189,#1190,
    #1191,#1192),.UNSPECIFIED.,.T.,.F.,(8,6,6,6,6,6,6,6,6,6,8),(0.,
    8.234486440822E-02,0.180750825341,0.344501849444,0.442273019105,
    0.531818801217,0.631500579386,0.750063810758,0.844377954328,
    0.948705846286,1.),.UNSPECIFIED.);
#1131 = CARTESIAN_POINT('',(6.150540284028,3.9));
#1132 = CARTESIAN_POINT('',(6.154723911421,3.9));
#1133 = CARTESIAN_POINT('',(6.158865495719,3.930929747427));
#1134 = CARTESIAN_POINT('',(6.162894776216,3.991670927031));
#1135 = CARTESIAN_POINT('',(6.166745288161,4.079823622087));
#1136 = CARTESIAN_POINT('',(6.170358835726,4.191786832486));
#1137 = CARTESIAN_POINT('',(6.173689270604,4.322823119933));
#1138 = CARTESIAN_POINT('',(6.180310202418,4.639533813718));
#1139 = CARTESIAN_POINT('',(6.183511965076,4.833068838189));
#1140 = CARTESIAN_POINT('',(6.186318617763,5.042525371588));
#1141 = CARTESIAN_POINT('',(6.188744197071,5.263972849522));
#1142 = CARTESIAN_POINT('',(6.190804647213,5.494403645033));
#1143 = CARTESIAN_POINT('',(6.192514762467,5.731501775449));
#1144 = CARTESIAN_POINT('',(6.196168980157,6.376230685657));
#1145 = CARTESIAN_POINT('',(6.197514109119,6.79250664848));
#1146 = CARTESIAN_POINT('',(6.197978457105,7.214533978061));
#1147 = CARTESIAN_POINT('',(6.197582522046,7.637300923958));
#1148 = CARTESIAN_POINT('',(6.196314799956,8.055664868404));
#1149 = CARTESIAN_POINT('',(6.194133715223,8.463388419022));
#1150 = CARTESIAN_POINT('',(6.189087399121,9.080834992843));
#1151 = CARTESIAN_POINT('',(6.186846279979,9.304835377592));
#1152 = CARTESIAN_POINT('',(6.184236521426,9.519251933145));
#1153 = CARTESIAN_POINT('',(6.181245547111,9.720714726091));
#1154 = CARTESIAN_POINT('',(6.177864131898,9.905140008007));
#1155 = CARTESIAN_POINT('',(6.174089572898,10.067554993459));
#1156 = CARTESIAN_POINT('',(6.166123146344,10.324723494842));
#1157 = CARTESIAN_POINT('',(6.161962665106,10.425002882681));
#1158 = CARTESIAN_POINT('',(6.157537674256,10.494299906922));
#1159 = CARTESIAN_POINT('',(6.152959414925,10.527454701069));
#1160 = CARTESIAN_POINT('',(6.148352005848,10.522516087143));
#1161 = CARTESIAN_POINT('',(6.14384022306,10.480802364751));
#1162 = CARTESIAN_POINT('',(6.134744049713,10.324797571467));
#1163 = CARTESIAN_POINT('',(6.130275034545,10.203953576442));
#1164 = CARTESIAN_POINT('',(6.126176033526,10.051225617223));
#1165 = CARTESIAN_POINT('',(6.122475153641,9.872810976039));
#1166 = CARTESIAN_POINT('',(6.119186506092,9.674516104809));
#1167 = CARTESIAN_POINT('',(6.116312100677,9.461828873386));
#1168 = CARTESIAN_POINT('',(6.110904364387,8.975987937848));
#1169 = CARTESIAN_POINT('',(6.108508067338,8.696253942872));
#1170 = CARTESIAN_POINT('',(6.106625676862,8.405993867887));
#1171 = CARTESIAN_POINT('',(6.10523229427,8.108839993169));
#1172 = CARTESIAN_POINT('',(6.104309368262,7.807426867947));
#1173 = CARTESIAN_POINT('',(6.103847222668,7.503843193897));
#1174 = CARTESIAN_POINT('',(6.103847222668,6.958300189018));
#1175 = CARTESIAN_POINT('',(6.104139668885,6.716680760543));
#1176 = CARTESIAN_POINT('',(6.10472419039,6.476170171812));
#1177 = CARTESIAN_POINT('',(6.105604512119,6.237832345585));
#1178 = CARTESIAN_POINT('',(6.106787869677,6.002906909882));
#1179 = CARTESIAN_POINT('',(6.108284410661,5.772953482458));
#1180 = CARTESIAN_POINT('',(6.11212222232,5.303374563464));
#1181 = CARTESIAN_POINT('',(6.114544617872,5.064298486487));
#1182 = CARTESIAN_POINT('',(6.11739115574,4.836314760798));
#1183 = CARTESIAN_POINT('',(6.120676045044,4.623741378361));
#1184 = CARTESIAN_POINT('',(6.12440805573,4.431776140902));
#1185 = CARTESIAN_POINT('',(6.128586252073,4.266717754858));
#1186 = CARTESIAN_POINT('',(6.135455970095,4.072306444752));
#1187 = CARTESIAN_POINT('',(6.137821367649,4.016683408663));
#1188 = CARTESIAN_POINT('',(6.140271866214,3.97079649137));
#1189 = CARTESIAN_POINT('',(6.142789250473,3.935638599942));
#1190 = CARTESIAN_POINT('',(6.14535370293,3.911907909034));
#1191 = CARTESIAN_POINT('',(6.14794442932,3.9));
#1192 = CARTESIAN_POINT('',(6.150540284028,3.9));
#1193 = ( GEOMETRIC_REPRESENTATION_CONTEXT(2) 
PARAMETRIC_REPRESENTATION_CONTEXT() REPRESENTATION_CONTEXT('2D SPACE',''
  ) );
#1194 = PCURVE('',#1195,#1200);
#1195 = CYLINDRICAL_SURFACE('',#1196,3.3);
#1196 = AXIS2_PLACEMENT_3D('',#1197,#1198,#1199);
#1197 = CARTESIAN_POINT('',(67.50177829113,-9.00666017651,99.));
#1198 = DIRECTION('',(0.991215540252,-0.132256390257,2.22044604925E-16)
  );
#1199 = DIRECTION('',(2.200940630307E-16,-2.936681792345E-17,-1.));
#1200 = DEFINITIONAL_REPRESENTATION('',(#1201),#1264);
#1201 = B_SPLINE_CURVE_WITH_KNOTS('',7,(#1202,#1203,#1204,#1205,#1206,
    #1207,#1208,#1209,#1210,#1211,#1212,#1213,#1214,#1215,#1216,#1217,
    #1218,#1219,#1220,#1221,#1222,#1223,#1224,#1225,#1226,#1227,#1228,
    #1229,#1230,#1231,#1232,#1233,#1234,#1235,#1236,#1237,#1238,#1239,
    #1240,#1241,#1242,#1243,#1244,#1245,#1246,#1247,#1248,#1249,#1250,
    #1251,#1252,#1253,#1254,#1255,#1256,#1257,#1258,#1259,#1260,#1261,
    #1262,#1263),.UNSPECIFIED.,.F.,.F.,(8,6,6,6,6,6,6,6,6,6,8),(0.,
    8.234486440822E-02,0.180750825341,0.344501849444,0.442273019105,
    0.531818801217,0.631500579386,0.750063810758,0.844377954328,
    0.948705846286,1.),.UNSPECIFIED.);
#1202 = CARTESIAN_POINT('',(0.,2.6));
#1203 = CARTESIAN_POINT('',(8.963104747809E-02,2.6));
#1204 = CARTESIAN_POINT('',(0.178361246091,2.598556667537));
#1205 = CARTESIAN_POINT('',(0.265859532162,2.595720308751));
#1206 = CARTESIAN_POINT('',(0.351767460448,2.591692337303));
#1207 = CARTESIAN_POINT('',(0.435661982543,2.586788817323));
#1208 = CARTESIAN_POINT('',(0.51699341664,2.581379160135));
#1209 = CARTESIAN_POINT('',(0.68821845824,2.569132587504));
#1210 = CARTESIAN_POINT('',(0.777872012326,2.562138772317));
#1211 = CARTESIAN_POINT('',(0.864535873385,2.555236682255));
#1212 = CARTESIAN_POINT('',(0.94867283891,2.54874214264));
#1213 = CARTESIAN_POINT('',(1.030694732026,2.542878249426));
#1214 = CARTESIAN_POINT('',(1.111001590948,2.537793954995));
#1215 = CARTESIAN_POINT('',(1.321448753204,2.526598841868));
#1216 = CARTESIAN_POINT('',(1.44925568398,2.522048610303));
#1217 = CARTESIAN_POINT('',(1.575383482167,2.520401844467));
#1218 = CARTESIAN_POINT('',(1.701379066313,2.521777239231));
#1219 = CARTESIAN_POINT('',(1.828776202222,2.526128501358));
#1220 = CARTESIAN_POINT('',(1.959116132484,2.533184575851));
#1221 = CARTESIAN_POINT('',(2.175166402549,2.547606361052));
#1222 = CARTESIAN_POINT('',(2.257940472323,2.553717866511));
#1223 = CARTESIAN_POINT('',(2.343009316483,2.560391197331));
#1224 = CARTESIAN_POINT('',(2.430674917076,2.567394190894));
#1225 = CARTESIAN_POINT('',(2.521294020189,2.574407647447));
#1226 = CARTESIAN_POINT('',(2.615277269452,2.581007960284));
#1227 = CARTESIAN_POINT('',(2.80287243685,2.591928891812));
#1228 = CARTESIAN_POINT('',(2.896566960456,2.59643565376));
#1229 = CARTESIAN_POINT('',(2.992701111786,2.599713916225));
#1230 = CARTESIAN_POINT('',(3.090107145538,2.601312423179));
#1231 = CARTESIAN_POINT('',(3.187787258923,2.601050463007));
#1232 = CARTESIAN_POINT('',(3.284702940876,2.599068065716));
#1233 = CARTESIAN_POINT('',(3.485222084216,2.591991202036));
#1234 = CARTESIAN_POINT('',(3.586890116064,2.586620544641));
#1235 = CARTESIAN_POINT('',(3.685048591612,2.58010329734));
#1236 = CARTESIAN_POINT('',(3.779948422978,2.572986358321));
#1237 = CARTESIAN_POINT('',(3.871737722636,2.565757883836));
#1238 = CARTESIAN_POINT('',(3.96044453281,2.558804613575));
#1239 = CARTESIAN_POINT('',(4.147740438016,2.544777079682));
#1240 = CARTESIAN_POINT('',(4.24608187423,2.537849730943));
#1241 = CARTESIAN_POINT('',(4.341847039003,2.532016267251));
#1242 = CARTESIAN_POINT('',(4.435707606479,2.527513209807));
#1243 = CARTESIAN_POINT('',(4.52832034237,2.524467522181));
#1244 = CARTESIAN_POINT('',(4.620315285265,2.522942447904));
#1245 = CARTESIAN_POINT('',(4.785631347349,2.522942447904));
#1246 = CARTESIAN_POINT('',(4.858849606239,2.523907538054));
#1247 = CARTESIAN_POINT('',(4.932372509199,2.525836395778));
#1248 = CARTESIAN_POINT('',(5.006520465402,2.528703500716));
#1249 = CARTESIAN_POINT('',(5.081610565515,2.532456556837));
#1250 = CARTESIAN_POINT('',(5.157974269247,2.537007160741));
#1251 = CARTESIAN_POINT('',(5.322284278512,2.547975180634));
#1252 = CARTESIAN_POINT('',(5.410955140248,2.554563238059));
#1253 = CARTESIAN_POINT('',(5.502308881985,2.561785493425));
#1254 = CARTESIAN_POINT('',(5.596671687666,2.569347462612));
#1255 = CARTESIAN_POINT('',(5.694450320667,2.576838621682));
#1256 = CARTESIAN_POINT('',(5.796121696637,2.583712340411));
#1257 = CARTESIAN_POINT('',(5.95463251019,2.592137954101));
#1258 = CARTESIAN_POINT('',(6.007938824625,2.594616543865));
#1259 = CARTESIAN_POINT('',(6.062075874174,2.596707877618));
#1260 = CARTESIAN_POINT('',(6.116844900852,2.598336223732));
#1261 = CARTESIAN_POINT('',(6.1720667703,2.599444507964));
#1262 = CARTESIAN_POINT('',(6.227571086616,2.6));
#1263 = CARTESIAN_POINT('',(6.28318530718,2.6));
#1264 = ( GEOMETRIC_REPRESENTATION_CONTEXT(2) 
PARAMETRIC_REPRESENTATION_CONTEXT() REPRESENTATION_CONTEXT('2D SPACE',''
  ) );
#1265 = FACE_BOUND('',#1266,.F.);
#1266 = EDGE_LOOP('',(#1267));
#1267 = ORIENTED_EDGE('',*,*,#1268,.F.);
#1268 = EDGE_CURVE('',#1269,#1269,#1271,.T.);
#1269 = VERTEX_POINT('',#1270);
#1270 = CARTESIAN_POINT('',(-26.94167560796,65.365404576391,95.7));
#1271 = SURFACE_CURVE('',#1272,(#1335,#1401),.PCURVE_S1.);
#1272 = B_SPLINE_CURVE_WITH_KNOTS('',7,(#1273,#1274,#1275,#1276,#1277,
    #1278,#1279,#1280,#1281,#1282,#1283,#1284,#1285,#1286,#1287,#1288,
    #1289,#1290,#1291,#1292,#1293,#1294,#1295,#1296,#1297,#1298,#1299,
    #1300,#1301,#1302,#1303,#1304,#1305,#1306,#1307,#1308,#1309,#1310,
    #1311,#1312,#1313,#1314,#1315,#1316,#1317,#1318,#1319,#1320,#1321,
    #1322,#1323,#1324,#1325,#1326,#1327,#1328,#1329,#1330,#1331,#1332,
    #1333,#1334),.UNSPECIFIED.,.T.,.F.,(8,6,6,6,6,6,6,6,6,6,8),(0.,
    8.234486520584E-02,0.180750827152,0.344501852943,0.442273023609,
    0.53181880671,0.631500585153,0.750063815934,0.844377959034,
    0.948705850497,1.),.UNSPECIFIED.);
#1273 = CARTESIAN_POINT('',(-26.94167560796,65.365404576391,95.7));
#1274 = CARTESIAN_POINT('',(-27.21514010509,65.252690644307,95.7));
#1275 = CARTESIAN_POINT('',(-27.48530642112,65.139774998795,
    95.730929747427));
#1276 = CARTESIAN_POINT('',(-27.74759332972,65.02860029681,
    95.791670927063));
#1277 = CARTESIAN_POINT('',(-27.99772584159,64.921146413207,
    95.879823622057));
#1278 = CARTESIAN_POINT('',(-28.23201757026,64.819274625569,
    95.991786832413));
#1279 = CARTESIAN_POINT('',(-28.44759497213,64.72456888278,
    96.122823120023));
#1280 = CARTESIAN_POINT('',(-28.87555991566,64.534928423193,
    96.439533813718));
#1281 = CARTESIAN_POINT('',(-29.0820817246,64.442241682318,
    96.633068838189));
#1282 = CARTESIAN_POINT('',(-29.26280034243,64.360289460344,
    96.842525371588));
#1283 = CARTESIAN_POINT('',(-29.41876161606,64.28898229071,
    97.063972849522));
#1284 = CARTESIAN_POINT('',(-29.55110042493,64.228093713106,
    97.294403645033));
#1285 = CARTESIAN_POINT('',(-29.66084653802,64.177360396058,
    97.531501775449));
#1286 = CARTESIAN_POINT('',(-29.89521546961,64.068651725599,
    98.176230685656));
#1287 = CARTESIAN_POINT('',(-29.98130658748,64.028245942766,
    98.592506648482));
#1288 = CARTESIAN_POINT('',(-30.01099269487,64.014229050712,
    99.01453397806));
#1289 = CARTESIAN_POINT('',(-29.98566771025,64.026154899488,
    99.437300923957));
#1290 = CARTESIAN_POINT('',(-29.90455889,64.064291919718,99.855664868405
    ));
#1291 = CARTESIAN_POINT('',(-29.76482758884,64.129516940238,
    100.26338841902));
#1292 = CARTESIAN_POINT('',(-29.44073841054,64.278695634787,
    100.88083499283));
#1293 = CARTESIAN_POINT('',(-29.29668442731,64.34468067917,
    101.10483537759));
#1294 = CARTESIAN_POINT('',(-29.12875027899,64.421116094341,
    101.31925193315));
#1295 = CARTESIAN_POINT('',(-28.93601807962,64.508129095736,
    101.52071472609));
#1296 = CARTESIAN_POINT('',(-28.71775501069,64.605676479095,
    101.705140008));
#1297 = CARTESIAN_POINT('',(-28.4736165672,64.713442061072,
    101.86755499345));
#1298 = CARTESIAN_POINT('',(-27.9571474142,64.938127494236,
    102.12472349493));
#1299 = CARTESIAN_POINT('',(-27.68694304421,65.054372266258,
    102.22500288253));
#1300 = CARTESIAN_POINT('',(-27.39896091337,65.176615742886,
    102.29429990696));
#1301 = CARTESIAN_POINT('',(-27.10030569886,65.30144150359,
    102.32745470114));
#1302 = CARTESIAN_POINT('',(-26.79903328571,65.425333692315,
    102.32251608703));
#1303 = CARTESIAN_POINT('',(-26.50336576146,65.545054867283,
    102.2808023648));
#1304 = CARTESIAN_POINT('',(-25.90612993066,65.783563293194,
    102.12479757208));
#1305 = CARTESIAN_POINT('',(-25.61200129239,65.89898540255,
    102.00395357537));
#1306 = CARTESIAN_POINT('',(-25.34164676169,66.003368366745,
    101.85122561623));
#1307 = CARTESIAN_POINT('',(-25.09711103209,66.096460955404,
    101.67281098035));
#1308 = CARTESIAN_POINT('',(-24.87949482073,66.178337480838,
    101.47451610036));
#1309 = CARTESIAN_POINT('',(-24.68906790423,66.249305052242,
    101.2618288751));
#1310 = CARTESIAN_POINT('',(-24.33048155245,66.381931333277,
    100.77598793784));
#1311 = CARTESIAN_POINT('',(-24.17133643105,66.440033515984,
    100.49625394287));
#1312 = CARTESIAN_POINT('',(-24.04618807048,66.485306404135,
    100.20599386788));
#1313 = CARTESIAN_POINT('',(-23.95348821005,66.518643968884,
    99.908839993169));
#1314 = CARTESIAN_POINT('',(-23.89206591786,66.540666158839,
    99.607426867948));
#1315 = CARTESIAN_POINT('',(-23.86130934666,66.551693564196,
    99.303843193897));
#1316 = CARTESIAN_POINT('',(-23.86130934666,66.551693564196,
    98.758300189018));
#1317 = CARTESIAN_POINT('',(-23.88077214116,66.544715432185,
    98.516680760543));
#1318 = CARTESIAN_POINT('',(-23.91967302409,66.530767920749,
    98.276170171812));
#1319 = CARTESIAN_POINT('',(-23.97824709198,66.509726526973,
    98.037832345585));
#1320 = CARTESIAN_POINT('',(-24.05695017725,66.481346806279,
    97.802906909882));
#1321 = CARTESIAN_POINT('',(-24.15641609259,66.445271901758,
    97.572953482458));
#1322 = CARTESIAN_POINT('',(-24.41125075621,66.352099773872,
    97.103374563407));
#1323 = CARTESIAN_POINT('',(-24.57198523841,66.292975522389,
    96.864298486493));
#1324 = CARTESIAN_POINT('',(-24.76068374128,66.223011289359,
    96.636314760843));
#1325 = CARTESIAN_POINT('',(-24.97817201769,66.14154820649,
    96.423741378385));
#1326 = CARTESIAN_POINT('',(-25.22487715494,66.047966213509,
    96.231776140883));
#1327 = CARTESIAN_POINT('',(-25.50053686669,65.941782175283,
    96.066717754834));
#1328 = CARTESIAN_POINT('',(-25.95272193126,65.764518184847,
    95.87230644972));
#1329 = CARTESIAN_POINT('',(-26.10826513782,65.703088773953,
    95.816683406488));
#1330 = CARTESIAN_POINT('',(-26.26922925792,65.639006162762,
    95.770796487521));
#1331 = CARTESIAN_POINT('',(-26.43439401661,65.572691400072,
    95.735638600131));
#1332 = CARTESIAN_POINT('',(-26.60244092695,65.504626195133,
    95.711907911935));
#1333 = CARTESIAN_POINT('',(-26.77199652553,65.435341247415,95.7));
#1334 = CARTESIAN_POINT('',(-26.94167560796,65.365404576391,95.7));
#1335 = PCURVE('',#126,#1336);
#1336 = DEFINITIONAL_REPRESENTATION('',(#1337),#1400);
#1337 = B_SPLINE_CURVE_WITH_KNOTS('',7,(#1338,#1339,#1340,#1341,#1342,
    #1343,#1344,#1345,#1346,#1347,#1348,#1349,#1350,#1351,#1352,#1353,
    #1354,#1355,#1356,#1357,#1358,#1359,#1360,#1361,#1362,#1363,#1364,
    #1365,#1366,#1367,#1368,#1369,#1370,#1371,#1372,#1373,#1374,#1375,
    #1376,#1377,#1378,#1379,#1380,#1381,#1382,#1383,#1384,#1385,#1386,
    #1387,#1388,#1389,#1390,#1391,#1392,#1393,#1394,#1395,#1396,#1397,
    #1398,#1399),.UNSPECIFIED.,.T.,.F.,(8,6,6,6,6,6,6,6,6,6,8),(0.,
    8.234486520584E-02,0.180750827152,0.344501852943,0.442273023609,
    0.53181880671,0.631500585153,0.750063815934,0.844377959034,
    0.948705850497,1.),.UNSPECIFIED.);
#1338 = CARTESIAN_POINT('',(1.961750079242,3.9));
#1339 = CARTESIAN_POINT('',(1.965933706635,3.9));
#1340 = CARTESIAN_POINT('',(1.970075290933,3.930929747427));
#1341 = CARTESIAN_POINT('',(1.974104571429,3.991670927063));
#1342 = CARTESIAN_POINT('',(1.977955083373,4.079823622057));
#1343 = CARTESIAN_POINT('',(1.981568630939,4.191786832413));
#1344 = CARTESIAN_POINT('',(1.98489906582,4.322823120023));
#1345 = CARTESIAN_POINT('',(1.991519997632,4.639533813718));
#1346 = CARTESIAN_POINT('',(1.99472176029,4.833068838189));
#1347 = CARTESIAN_POINT('',(1.997528412977,5.042525371588));
#1348 = CARTESIAN_POINT('',(1.999953992285,5.263972849522));
#1349 = CARTESIAN_POINT('',(2.002014442427,5.494403645033));
#1350 = CARTESIAN_POINT('',(2.00372455768,5.731501775449));
#1351 = CARTESIAN_POINT('',(2.00737877537,6.376230685656));
#1352 = CARTESIAN_POINT('',(2.008723904332,6.792506648482));
#1353 = CARTESIAN_POINT('',(2.009188252319,7.214533978061));
#1354 = CARTESIAN_POINT('',(2.008792317259,7.637300923957));
#1355 = CARTESIAN_POINT('',(2.00752459517,8.055664868405));
#1356 = CARTESIAN_POINT('',(2.005343510436,8.463388419021));
#1357 = CARTESIAN_POINT('',(2.000297194334,9.080834992837));
#1358 = CARTESIAN_POINT('',(1.998056075193,9.304835377592));
#1359 = CARTESIAN_POINT('',(1.995446316639,9.519251933151));
#1360 = CARTESIAN_POINT('',(1.992455342325,9.720714726093));
#1361 = CARTESIAN_POINT('',(1.989073927111,9.905140008005));
#1362 = CARTESIAN_POINT('',(1.985299368112,10.067554993456));
#1363 = CARTESIAN_POINT('',(1.977332941555,10.324723494939));
#1364 = CARTESIAN_POINT('',(1.973172460323,10.42500288253));
#1365 = CARTESIAN_POINT('',(1.968747469472,10.494299906967));
#1366 = CARTESIAN_POINT('',(1.964169210136,10.527454701149));
#1367 = CARTESIAN_POINT('',(1.959561801058,10.522516087036));
#1368 = CARTESIAN_POINT('',(1.955050018276,10.480802364806));
#1369 = CARTESIAN_POINT('',(1.945953844962,10.324797572087));
#1370 = CARTESIAN_POINT('',(1.94148482967,10.203953575375));
#1371 = CARTESIAN_POINT('',(1.937385828815,10.051225616233));
#1372 = CARTESIAN_POINT('',(1.933684948856,9.872810980352));
#1373 = CARTESIAN_POINT('',(1.930396301267,9.674516100368));
#1374 = CARTESIAN_POINT('',(1.92752189591,9.461828875101));
#1375 = CARTESIAN_POINT('',(1.9221141596,8.975987937849));
#1376 = CARTESIAN_POINT('',(1.919717862552,8.696253942871));
#1377 = CARTESIAN_POINT('',(1.917835472075,8.405993867887));
#1378 = CARTESIAN_POINT('',(1.916442089484,8.108839993169));
#1379 = CARTESIAN_POINT('',(1.915519163475,7.807426867948));
#1380 = CARTESIAN_POINT('',(1.915057017881,7.503843193897));
#1381 = CARTESIAN_POINT('',(1.915057017881,6.958300189018));
#1382 = CARTESIAN_POINT('',(1.915349464098,6.716680760543));
#1383 = CARTESIAN_POINT('',(1.915933985604,6.476170171812));
#1384 = CARTESIAN_POINT('',(1.916814307332,6.237832345585));
#1385 = CARTESIAN_POINT('',(1.91799766489,6.002906909882));
#1386 = CARTESIAN_POINT('',(1.919494205874,5.772953482458));
#1387 = CARTESIAN_POINT('',(1.923332017534,5.303374563407));
#1388 = CARTESIAN_POINT('',(1.925754413086,5.064298486493));
#1389 = CARTESIAN_POINT('',(1.928600950953,4.836314760843));
#1390 = CARTESIAN_POINT('',(1.931885840257,4.623741378385));
#1391 = CARTESIAN_POINT('',(1.935617850944,4.431776140883));
#1392 = CARTESIAN_POINT('',(1.939796047287,4.266717754834));
#1393 = CARTESIAN_POINT('',(1.946665765133,4.07230644972));
#1394 = CARTESIAN_POINT('',(1.949031163048,4.016683406488));
#1395 = CARTESIAN_POINT('',(1.951481661576,3.970796487521));
#1396 = CARTESIAN_POINT('',(1.953999045542,3.935638600131));
#1397 = CARTESIAN_POINT('',(1.956563497954,3.911907911935));
#1398 = CARTESIAN_POINT('',(1.959154224699,3.9));
#1399 = CARTESIAN_POINT('',(1.961750079242,3.9));
#1400 = ( GEOMETRIC_REPRESENTATION_CONTEXT(2) 
PARAMETRIC_REPRESENTATION_CONTEXT() REPRESENTATION_CONTEXT('2D SPACE',''
  ) );
#1401 = PCURVE('',#1402,#1407);
#1402 = CYLINDRICAL_SURFACE('',#1403,3.3);
#1403 = AXIS2_PLACEMENT_3D('',#1404,#1405,#1406);
#1404 = CARTESIAN_POINT('',(-25.95089262945,62.961584888999,99.));
#1405 = DIRECTION('',(-0.38107037635,0.924546033612,2.22044604925E-16));
#1406 = DIRECTION('',(-8.461462116533E-17,2.052904587685E-16,-1.));
#1407 = DEFINITIONAL_REPRESENTATION('',(#1408),#1471);
#1408 = B_SPLINE_CURVE_WITH_KNOTS('',7,(#1409,#1410,#1411,#1412,#1413,
    #1414,#1415,#1416,#1417,#1418,#1419,#1420,#1421,#1422,#1423,#1424,
    #1425,#1426,#1427,#1428,#1429,#1430,#1431,#1432,#1433,#1434,#1435,
    #1436,#1437,#1438,#1439,#1440,#1441,#1442,#1443,#1444,#1445,#1446,
    #1447,#1448,#1449,#1450,#1451,#1452,#1453,#1454,#1455,#1456,#1457,
    #1458,#1459,#1460,#1461,#1462,#1463,#1464,#1465,#1466,#1467,#1468,
    #1469,#1470),.UNSPECIFIED.,.F.,.F.,(8,6,6,6,6,6,6,6,6,6,8),(0.,
    8.234486520584E-02,0.180750827152,0.344501852943,0.442273023609,
    0.53181880671,0.631500585153,0.750063815934,0.844377959034,
    0.948705850497,1.),.UNSPECIFIED.);
#1409 = CARTESIAN_POINT('',(0.,2.6));
#1410 = CARTESIAN_POINT('',(8.963104747787E-02,2.6));
#1411 = CARTESIAN_POINT('',(0.178361246117,2.598556667537));
#1412 = CARTESIAN_POINT('',(0.265859532165,2.59572030875));
#1413 = CARTESIAN_POINT('',(0.35176746041,2.591692337304));
#1414 = CARTESIAN_POINT('',(0.435661982518,2.586788817326));
#1415 = CARTESIAN_POINT('',(0.516993416688,2.581379160131));
#1416 = CARTESIAN_POINT('',(0.68821845824,2.569132587504));
#1417 = CARTESIAN_POINT('',(0.777872012326,2.562138772317));
#1418 = CARTESIAN_POINT('',(0.864535873385,2.555236682255));
#1419 = CARTESIAN_POINT('',(0.94867283891,2.54874214264));
#1420 = CARTESIAN_POINT('',(1.030694732026,2.542878249426));
#1421 = CARTESIAN_POINT('',(1.111001590948,2.537793954995));
#1422 = CARTESIAN_POINT('',(1.321448753204,2.526598841868));
#1423 = CARTESIAN_POINT('',(1.44925568398,2.522048610303));
#1424 = CARTESIAN_POINT('',(1.575383482166,2.520401844467));
#1425 = CARTESIAN_POINT('',(1.701379066313,2.521777239231));
#1426 = CARTESIAN_POINT('',(1.828776202223,2.526128501358));
#1427 = CARTESIAN_POINT('',(1.959116132484,2.533184575851));
#1428 = CARTESIAN_POINT('',(2.175166402546,2.547606361052));
#1429 = CARTESIAN_POINT('',(2.257940472323,2.553717866511));
#1430 = CARTESIAN_POINT('',(2.343009316485,2.560391197331));
#1431 = CARTESIAN_POINT('',(2.430674917077,2.567394190894));
#1432 = CARTESIAN_POINT('',(2.521294020189,2.574407647447));
#1433 = CARTESIAN_POINT('',(2.615277269449,2.581007960283));
#1434 = CARTESIAN_POINT('',(2.802872436921,2.591928891816));
#1435 = CARTESIAN_POINT('',(2.896566960383,2.596435653753));
#1436 = CARTESIAN_POINT('',(2.992701111731,2.599713916227));
#1437 = CARTESIAN_POINT('',(3.090107145596,2.601312423182));
#1438 = CARTESIAN_POINT('',(3.187787258993,2.601050463002));
#1439 = CARTESIAN_POINT('',(3.284702940805,2.599068065718));
#1440 = CARTESIAN_POINT('',(3.485222083419,2.591991202064));
#1441 = CARTESIAN_POINT('',(3.586890117929,2.586620544581));
#1442 = CARTESIAN_POINT('',(3.685048590355,2.580103297343));
#1443 = CARTESIAN_POINT('',(3.779948422224,2.572986358433));
#1444 = CARTESIAN_POINT('',(3.871737724136,2.565757883708));
#1445 = CARTESIAN_POINT('',(3.960444532148,2.558804613625));
#1446 = CARTESIAN_POINT('',(4.147740438016,2.544777079682));
#1447 = CARTESIAN_POINT('',(4.24608187423,2.537849730943));
#1448 = CARTESIAN_POINT('',(4.341847039003,2.532016267251));
#1449 = CARTESIAN_POINT('',(4.435707606478,2.527513209808));
#1450 = CARTESIAN_POINT('',(4.52832034237,2.52446752218));
#1451 = CARTESIAN_POINT('',(4.620315285265,2.522942447904));
#1452 = CARTESIAN_POINT('',(4.785631347349,2.522942447904));
#1453 = CARTESIAN_POINT('',(4.858849606239,2.523907538054));
#1454 = CARTESIAN_POINT('',(4.932372509199,2.525836395778));
#1455 = CARTESIAN_POINT('',(5.006520465402,2.528703500716));
#1456 = CARTESIAN_POINT('',(5.081610565515,2.532456556837));
#1457 = CARTESIAN_POINT('',(5.157974269247,2.537007160741));
#1458 = CARTESIAN_POINT('',(5.322284278532,2.547975180636));
#1459 = CARTESIAN_POINT('',(5.410955140248,2.554563238059));
#1460 = CARTESIAN_POINT('',(5.502308881969,2.561785493423));
#1461 = CARTESIAN_POINT('',(5.596671687651,2.569347462611));
#1462 = CARTESIAN_POINT('',(5.69445032067,2.576838621682));
#1463 = CARTESIAN_POINT('',(5.796121696657,2.583712340412));
#1464 = CARTESIAN_POINT('',(5.95463250614,2.592137953885));
#1465 = CARTESIAN_POINT('',(6.007938828704,2.594616543961));
#1466 = CARTESIAN_POINT('',(6.062075877569,2.596707877786));
#1467 = CARTESIAN_POINT('',(6.116844897766,2.598336223723));
#1468 = CARTESIAN_POINT('',(6.172066766106,2.599444507837));
#1469 = CARTESIAN_POINT('',(6.227571090151,2.6));
#1470 = CARTESIAN_POINT('',(6.28318530718,2.6));
#1471 = ( GEOMETRIC_REPRESENTATION_CONTEXT(2) 
PARAMETRIC_REPRESENTATION_CONTEXT() REPRESENTATION_CONTEXT('2D SPACE',''
  ) );
#1472 = ADVANCED_FACE('',(#1473),#164,.F.);
#1473 = FACE_BOUND('',#1474,.F.);
#1474 = EDGE_LOOP('',(#1475,#1476,#1499,#1526));
#1475 = ORIENTED_EDGE('',*,*,#147,.F.);
#1476 = ORIENTED_EDGE('',*,*,#1477,.F.);
#1477 = EDGE_CURVE('',#1478,#148,#1480,.T.);
#1478 = VERTEX_POINT('',#1479);
#1479 = CARTESIAN_POINT('',(38.8,-9.503259161383E-15,96.05));
#1480 = SEAM_CURVE('',#1481,(#1485,#1492),.PCURVE_S1.);
#1481 = LINE('',#1482,#1483);
#1482 = CARTESIAN_POINT('',(38.8,-9.503259161383E-15,96.05));
#1483 = VECTOR('',#1484,1.);
#1484 = DIRECTION('',(0.,0.,1.));
#1485 = PCURVE('',#164,#1486);
#1486 = DEFINITIONAL_REPRESENTATION('',(#1487),#1491);
#1487 = LINE('',#1488,#1489);
#1488 = CARTESIAN_POINT('',(6.28318530718,-0.));
#1489 = VECTOR('',#1490,1.);
#1490 = DIRECTION('',(0.,1.));
#1491 = ( GEOMETRIC_REPRESENTATION_CONTEXT(2) 
PARAMETRIC_REPRESENTATION_CONTEXT() REPRESENTATION_CONTEXT('2D SPACE',''
  ) );
#1492 = PCURVE('',#164,#1493);
#1493 = DEFINITIONAL_REPRESENTATION('',(#1494),#1498);
#1494 = LINE('',#1495,#1496);
#1495 = CARTESIAN_POINT('',(0.,-0.));
#1496 = VECTOR('',#1497,1.);
#1497 = DIRECTION('',(0.,1.));
#1498 = ( GEOMETRIC_REPRESENTATION_CONTEXT(2) 
PARAMETRIC_REPRESENTATION_CONTEXT() REPRESENTATION_CONTEXT('2D SPACE',''
  ) );
#1499 = ORIENTED_EDGE('',*,*,#1500,.T.);
#1500 = EDGE_CURVE('',#1478,#1478,#1501,.T.);
#1501 = SURFACE_CURVE('',#1502,(#1507,#1514),.PCURVE_S1.);
#1502 = CIRCLE('',#1503,38.8);
#1503 = AXIS2_PLACEMENT_3D('',#1504,#1505,#1506);
#1504 = CARTESIAN_POINT('',(0.,0.,96.05));
#1505 = DIRECTION('',(0.,0.,1.));
#1506 = DIRECTION('',(1.,0.,0.));
#1507 = PCURVE('',#164,#1508);
#1508 = DEFINITIONAL_REPRESENTATION('',(#1509),#1513);
#1509 = LINE('',#1510,#1511);
#1510 = CARTESIAN_POINT('',(0.,0.));
#1511 = VECTOR('',#1512,1.);
#1512 = DIRECTION('',(1.,0.));
#1513 = ( GEOMETRIC_REPRESENTATION_CONTEXT(2) 
PARAMETRIC_REPRESENTATION_CONTEXT() REPRESENTATION_CONTEXT('2D SPACE',''
  ) );
#1514 = PCURVE('',#1515,#1520);
#1515 = PLANE('',#1516);
#1516 = AXIS2_PLACEMENT_3D('',#1517,#1518,#1519);
#1517 = CARTESIAN_POINT('',(0.,0.,96.05));
#1518 = DIRECTION('',(0.,0.,1.));
#1519 = DIRECTION('',(1.,0.,0.));
#1520 = DEFINITIONAL_REPRESENTATION('',(#1521),#1525);
#1521 = CIRCLE('',#1522,38.8);
#1522 = AXIS2_PLACEMENT_2D('',#1523,#1524);
#1523 = CARTESIAN_POINT('',(0.,0.));
#1524 = DIRECTION('',(1.,0.));
#1525 = ( GEOMETRIC_REPRESENTATION_CONTEXT(2) 
PARAMETRIC_REPRESENTATION_CONTEXT() REPRESENTATION_CONTEXT('2D SPACE',''
  ) );
#1526 = ORIENTED_EDGE('',*,*,#1477,.T.);
#1527 = ADVANCED_FACE('',(#1528,#1559),#196,.T.);
#1528 = FACE_BOUND('',#1529,.T.);
#1529 = EDGE_LOOP('',(#1530));
#1530 = ORIENTED_EDGE('',*,*,#1531,.T.);
#1531 = EDGE_CURVE('',#1532,#1532,#1534,.T.);
#1532 = VERTEX_POINT('',#1533);
#1533 = CARTESIAN_POINT('',(71.5,-1.751244922781E-14,105.));
#1534 = SURFACE_CURVE('',#1535,(#1540,#1547),.PCURVE_S1.);
#1535 = CIRCLE('',#1536,71.5);
#1536 = AXIS2_PLACEMENT_3D('',#1537,#1538,#1539);
#1537 = CARTESIAN_POINT('',(0.,0.,105.));
#1538 = DIRECTION('',(0.,0.,1.));
#1539 = DIRECTION('',(1.,0.,0.));
#1540 = PCURVE('',#196,#1541);
#1541 = DEFINITIONAL_REPRESENTATION('',(#1542),#1546);
#1542 = CIRCLE('',#1543,71.5);
#1543 = AXIS2_PLACEMENT_2D('',#1544,#1545);
#1544 = CARTESIAN_POINT('',(0.,0.));
#1545 = DIRECTION('',(1.,0.));
#1546 = ( GEOMETRIC_REPRESENTATION_CONTEXT(2) 
PARAMETRIC_REPRESENTATION_CONTEXT() REPRESENTATION_CONTEXT('2D SPACE',''
  ) );
#1547 = PCURVE('',#1548,#1553);
#1548 = CYLINDRICAL_SURFACE('',#1549,71.5);
#1549 = AXIS2_PLACEMENT_3D('',#1550,#1551,#1552);
#1550 = CARTESIAN_POINT('',(0.,0.,91.8));
#1551 = DIRECTION('',(0.,0.,1.));
#1552 = DIRECTION('',(1.,0.,0.));
#1553 = DEFINITIONAL_REPRESENTATION('',(#1554),#1558);
#1554 = LINE('',#1555,#1556);
#1555 = CARTESIAN_POINT('',(0.,13.2));
#1556 = VECTOR('',#1557,1.);
#1557 = DIRECTION('',(1.,0.));
#1558 = ( GEOMETRIC_REPRESENTATION_CONTEXT(2) 
PARAMETRIC_REPRESENTATION_CONTEXT() REPRESENTATION_CONTEXT('2D SPACE',''
  ) );
#1559 = FACE_BOUND('',#1560,.T.);
#1560 = EDGE_LOOP('',(#1561));
#1561 = ORIENTED_EDGE('',*,*,#179,.F.);
#1562 = ADVANCED_FACE('',(#1563),#367,.F.);
#1563 = FACE_BOUND('',#1564,.F.);
#1564 = EDGE_LOOP('',(#1565,#1765,#1786,#1787));
#1565 = ORIENTED_EDGE('',*,*,#1566,.F.);
#1566 = EDGE_CURVE('',#1567,#1567,#1569,.T.);
#1567 = VERTEX_POINT('',#1568);
#1568 = CARTESIAN_POINT('',(43.625379218941,56.648709499896,95.7));
#1569 = SURFACE_CURVE('',#1570,(#1633,#1699),.PCURVE_S1.);
#1570 = B_SPLINE_CURVE_WITH_KNOTS('',7,(#1571,#1572,#1573,#1574,#1575,
    #1576,#1577,#1578,#1579,#1580,#1581,#1582,#1583,#1584,#1585,#1586,
    #1587,#1588,#1589,#1590,#1591,#1592,#1593,#1594,#1595,#1596,#1597,
    #1598,#1599,#1600,#1601,#1602,#1603,#1604,#1605,#1606,#1607,#1608,
    #1609,#1610,#1611,#1612,#1613,#1614,#1615,#1616,#1617,#1618,#1619,
    #1620,#1621,#1622,#1623,#1624,#1625,#1626,#1627,#1628,#1629,#1630,
    #1631,#1632),.UNSPECIFIED.,.T.,.F.,(8,6,6,6,6,6,6,6,6,6,8),(0.,
    8.234480054077E-02,0.180750482467,0.344501963539,0.442272758875,
    0.531818642339,0.631500172861,0.750063715879,0.844378193492,
    0.948705793317,1.),.UNSPECIFIED.);
#1571 = CARTESIAN_POINT('',(43.625379218941,56.648709499896,95.7));
#1572 = CARTESIAN_POINT('',(43.391034798557,56.829178998625,95.7));
#1573 = CARTESIAN_POINT('',(43.158174217103,57.006704462167,
    95.730929493059));
#1574 = CARTESIAN_POINT('',(42.930770179005,57.178289267125,
    95.791670379733));
#1575 = CARTESIAN_POINT('',(42.712673531651,57.341219232987,
    95.879822861313));
#1576 = CARTESIAN_POINT('',(42.507337284432,57.493229648925,
    95.991786018899));
#1577 = CARTESIAN_POINT('',(42.317567425981,57.632620655314,
    96.122822509655));
#1578 = CARTESIAN_POINT('',(41.939433984348,57.90853843255,
    96.439534187889));
#1579 = CARTESIAN_POINT('',(41.755951484791,58.041110468947,
    96.633069645089));
#1580 = CARTESIAN_POINT('',(41.594666506015,58.156702618928,
    96.842526576698));
#1581 = CARTESIAN_POINT('',(41.45497649723,58.256173070204,
    97.063974298352));
#1582 = CARTESIAN_POINT('',(41.336116346647,58.340389461838,
    97.294405053439));
#1583 = CARTESIAN_POINT('',(41.237342032547,58.41011065201,
    97.531502735533));
#1584 = CARTESIAN_POINT('',(41.026089760378,58.558825123803,
    98.17623135368));
#1585 = CARTESIAN_POINT('',(40.948083180607,58.613219552973,
    98.592507022327));
#1586 = CARTESIAN_POINT('',(40.921112592072,58.631934544916,
    99.014533449872));
#1587 = CARTESIAN_POINT('',(40.944093511392,58.615953338454,
    99.437299188862));
#1588 = CARTESIAN_POINT('',(41.017645307983,58.564741210133,
    99.855662845459));
#1589 = CARTESIAN_POINT('',(41.14394901292,58.47628034133,
    100.26338698022));
#1590 = CARTESIAN_POINT('',(41.435087891211,58.270071918304,
    100.88083432395));
#1591 = CARTESIAN_POINT('',(41.56421763495,58.178255912007,
    101.10483459394));
#1592 = CARTESIAN_POINT('',(41.714334130716,58.070979135033,
    101.31925142189));
#1593 = CARTESIAN_POINT('',(41.886008041653,57.947512371149,
    101.52071450017));
#1594 = CARTESIAN_POINT('',(42.079570364319,57.807202342979,
    101.70513998756));
#1595 = CARTESIAN_POINT('',(42.294922417835,57.649596361865,
    101.86755504633));
#1596 = CARTESIAN_POINT('',(42.747666599826,57.314566161861,
    102.12472405624));
#1597 = CARTESIAN_POINT('',(42.98340921865,57.138644519779,
    102.22500329543));
#1598 = CARTESIAN_POINT('',(43.233243698387,56.950337466281,
    102.29430003673));
#1599 = CARTESIAN_POINT('',(43.49066228762,56.75409346117,
    102.32745463777));
#1600 = CARTESIAN_POINT('',(43.748593633961,56.555132643504,
    102.32251599287));
#1601 = CARTESIAN_POINT('',(44.000122200377,56.358955458365,
    102.28080237057));
#1602 = CARTESIAN_POINT('',(44.505341868946,55.961051737282,
    102.12479786217));
#1603 = CARTESIAN_POINT('',(44.752401142598,55.764087709968,
    102.0039542405));
#1604 = CARTESIAN_POINT('',(44.978021475066,55.582202898548,
    101.85122639976));
#1605 = CARTESIAN_POINT('',(45.180958929763,55.417037825062,
    101.67281156506));
#1606 = CARTESIAN_POINT('',(45.36072394421,55.269578755818,
    101.47451629175));
#1607 = CARTESIAN_POINT('',(45.517444807225,55.140209567565,
    101.26182874305));
#1608 = CARTESIAN_POINT('',(45.811692245226,54.896101799993,
    100.77598674338));
#1609 = CARTESIAN_POINT('',(45.941630324862,54.787390518691,
    100.49625185208));
#1610 = CARTESIAN_POINT('',(46.043451703891,54.70169725106,
    100.20599138293));
#1611 = CARTESIAN_POINT('',(46.118703299139,54.638125867598,
    99.908837669461));
#1612 = CARTESIAN_POINT('',(46.168506777556,54.59597099193,
    99.607425159583));
#1613 = CARTESIAN_POINT('',(46.193445370057,54.574862389598,
    99.303842341103));
#1614 = CARTESIAN_POINT('',(46.193445370057,54.574862389598,
    98.758300646653));
#1615 = CARTESIAN_POINT('',(46.177664190457,54.588219973718,98.516681684
    ));
#1616 = CARTESIAN_POINT('',(46.146121774636,54.614918132743,
    98.276171446142));
#1617 = CARTESIAN_POINT('',(46.098592886377,54.655098478115,
    98.037833747811));
#1618 = CARTESIAN_POINT('',(46.034638196674,54.709034083817,
    97.802908143809));
#1619 = CARTESIAN_POINT('',(45.953632259374,54.777096292287,
    97.57295423202));
#1620 = CARTESIAN_POINT('',(45.745450494467,54.951106140665,
    97.103375298402));
#1621 = CARTESIAN_POINT('',(45.613835267692,55.060685543821,
    96.86429923434));
#1622 = CARTESIAN_POINT('',(45.458845777716,55.189057083752,
    96.636315180142));
#1623 = CARTESIAN_POINT('',(45.279500622326,55.336609018502,
    96.423741433962));
#1624 = CARTESIAN_POINT('',(45.075052211777,55.503404715185,
    96.231775994516));
#1625 = CARTESIAN_POINT('',(44.845217208327,55.688980144829,
    96.066717632554));
#1626 = CARTESIAN_POINT('',(44.465551887053,55.991877295613,
    95.872306259283));
#1627 = CARTESIAN_POINT('',(44.33456374365,56.095845127168,
    95.816683183833));
#1628 = CARTESIAN_POINT('',(44.198570158452,56.20318435507,
    95.77079630587));
#1629 = CARTESIAN_POINT('',(44.058546411692,56.313049397108,
    95.735638485261));
#1630 = CARTESIAN_POINT('',(43.91556931973,56.424539762532,
    95.711907864059));
#1631 = CARTESIAN_POINT('',(43.770785430497,56.536731642396,95.7));
#1632 = CARTESIAN_POINT('',(43.625379218941,56.648709499896,95.7));
#1633 = PCURVE('',#367,#1634);
#1634 = DEFINITIONAL_REPRESENTATION('',(#1635),#1698);
#1635 = B_SPLINE_CURVE_WITH_KNOTS('',7,(#1636,#1637,#1638,#1639,#1640,
    #1641,#1642,#1643,#1644,#1645,#1646,#1647,#1648,#1649,#1650,#1651,
    #1652,#1653,#1654,#1655,#1656,#1657,#1658,#1659,#1660,#1661,#1662,
    #1663,#1664,#1665,#1666,#1667,#1668,#1669,#1670,#1671,#1672,#1673,
    #1674,#1675,#1676,#1677,#1678,#1679,#1680,#1681,#1682,#1683,#1684,
    #1685,#1686,#1687,#1688,#1689,#1690,#1691,#1692,#1693,#1694,#1695,
    #1696,#1697),.UNSPECIFIED.,.F.,.F.,(8,6,6,6,6,6,6,6,6,6,8),(0.,
    8.234480054077E-02,0.180750482467,0.344501963539,0.442272758875,
    0.531818642339,0.631500172861,0.750063715879,0.844378193492,
    0.948705793317,1.),.UNSPECIFIED.);
#1636 = CARTESIAN_POINT('',(0.,3.4));
#1637 = CARTESIAN_POINT('',(8.963068155429E-02,3.4));
#1638 = CARTESIAN_POINT('',(0.178360676071,3.398572828559));
#1639 = CARTESIAN_POINT('',(0.265858886229,3.395768218387));
#1640 = CARTESIAN_POINT('',(0.351766831617,3.391785328285));
#1641 = CARTESIAN_POINT('',(0.435661453024,3.386936688301));
#1642 = CARTESIAN_POINT('',(0.516993086702,3.381587577652));
#1643 = CARTESIAN_POINT('',(0.68821866053,3.369478084252));
#1644 = CARTESIAN_POINT('',(0.777872383587,3.362562575922));
#1645 = CARTESIAN_POINT('',(0.864536362135,3.355737789396));
#1646 = CARTESIAN_POINT('',(0.948673372383,3.349316014455));
#1647 = CARTESIAN_POINT('',(1.030695214856,3.343517843289));
#1648 = CARTESIAN_POINT('',(1.111001904331,3.338490550119));
#1649 = CARTESIAN_POINT('',(1.321448971255,3.327420933711));
#1650 = CARTESIAN_POINT('',(1.449255779555,3.322921739198));
#1651 = CARTESIAN_POINT('',(1.575383321783,3.321293459328));
#1652 = CARTESIAN_POINT('',(1.701378561919,3.322653411746));
#1653 = CARTESIAN_POINT('',(1.828775585002,3.326955845848));
#1654 = CARTESIAN_POINT('',(1.959115629037,3.333932810404));
#1655 = CARTESIAN_POINT('',(2.175166168499,3.348192991081));
#1656 = CARTESIAN_POINT('',(2.257940173074,3.354236008855));
#1657 = CARTESIAN_POINT('',(2.343009083868,3.360834583399));
#1658 = CARTESIAN_POINT('',(2.430674793151,3.367759151602));
#1659 = CARTESIAN_POINT('',(2.521293986826,3.374694084513));
#1660 = CARTESIAN_POINT('',(2.615277308021,3.381220511934));
#1661 = CARTESIAN_POINT('',(2.802872846373,3.392019227386));
#1662 = CARTESIAN_POINT('',(2.89656744996,3.396475551123));
#1663 = CARTESIAN_POINT('',(2.992701526563,3.399717122453));
#1664 = CARTESIAN_POINT('',(3.090107418755,3.401297736952));
#1665 = CARTESIAN_POINT('',(3.187787373493,3.40103870527));
#1666 = CARTESIAN_POINT('',(3.284702933395,3.399078491603));
#1667 = CARTESIAN_POINT('',(3.485221710562,3.392080831823));
#1668 = CARTESIAN_POINT('',(3.586889641683,3.386770293884));
#1669 = CARTESIAN_POINT('',(3.68504818155,3.380325996245));
#1670 = CARTESIAN_POINT('',(3.779948175951,3.373288725636));
#1671 = CARTESIAN_POINT('',(3.871737658304,3.366141186459));
#1672 = CARTESIAN_POINT('',(3.960444583054,3.359265795088));
#1673 = CARTESIAN_POINT('',(4.147740898493,3.345395390265));
#1674 = CARTESIAN_POINT('',(4.246082594282,3.33854565887));
#1675 = CARTESIAN_POINT('',(4.34184783506,3.332777592416));
#1676 = CARTESIAN_POINT('',(4.435708321342,3.328325040603));
#1677 = CARTESIAN_POINT('',(4.528320860062,3.325313520695));
#1678 = CARTESIAN_POINT('',(4.620315543687,3.323805555291));
#1679 = CARTESIAN_POINT('',(4.785631208672,3.323805555291));
#1680 = CARTESIAN_POINT('',(4.858849326394,3.324759820435));
#1681 = CARTESIAN_POINT('',(4.932372119408,3.326667042857));
#1682 = CARTESIAN_POINT('',(5.006520025732,3.329501993045));
#1683 = CARTESIAN_POINT('',(5.081610161339,3.33321297022));
#1684 = CARTESIAN_POINT('',(5.157974006969,3.337712572203));
#1685 = CARTESIAN_POINT('',(5.322284021351,3.348557675844));
#1686 = CARTESIAN_POINT('',(5.410954848681,3.355071907977));
#1687 = CARTESIAN_POINT('',(5.502308681271,3.362213261802));
#1688 = CARTESIAN_POINT('',(5.596671625376,3.369690552332));
#1689 = CARTESIAN_POINT('',(5.694450378282,3.377097846405));
#1690 = CARTESIAN_POINT('',(5.796121796357,3.383894621523));
#1691 = CARTESIAN_POINT('',(5.95463266141,3.392225937415));
#1692 = CARTESIAN_POINT('',(6.007939053788,3.394676791372));
#1693 = CARTESIAN_POINT('',(6.062076127217,3.396744721635));
#1694 = CARTESIAN_POINT('',(6.116845136278,3.398354844691));
#1695 = CARTESIAN_POINT('',(6.172066954457,3.399450725342));
#1696 = CARTESIAN_POINT('',(6.227571190903,3.4));
#1697 = CARTESIAN_POINT('',(6.28318530718,3.4));
#1698 = ( GEOMETRIC_REPRESENTATION_CONTEXT(2) 
PARAMETRIC_REPRESENTATION_CONTEXT() REPRESENTATION_CONTEXT('2D SPACE',''
  ) );
#1699 = PCURVE('',#1548,#1700);
#1700 = DEFINITIONAL_REPRESENTATION('',(#1701),#1764);
#1701 = B_SPLINE_CURVE_WITH_KNOTS('',7,(#1702,#1703,#1704,#1705,#1706,
    #1707,#1708,#1709,#1710,#1711,#1712,#1713,#1714,#1715,#1716,#1717,
    #1718,#1719,#1720,#1721,#1722,#1723,#1724,#1725,#1726,#1727,#1728,
    #1729,#1730,#1731,#1732,#1733,#1734,#1735,#1736,#1737,#1738,#1739,
    #1740,#1741,#1742,#1743,#1744,#1745,#1746,#1747,#1748,#1749,#1750,
    #1751,#1752,#1753,#1754,#1755,#1756,#1757,#1758,#1759,#1760,#1761,
    #1762,#1763),.UNSPECIFIED.,.T.,.F.,(8,6,6,6,6,6,6,6,6,6,8),(0.,
    8.234480054077E-02,0.180750482467,0.344501963539,0.442272758875,
    0.531818642339,0.631500172861,0.750063715879,0.844378193492,
    0.948705793317,1.),.UNSPECIFIED.);
#1702 = CARTESIAN_POINT('',(0.914552528045,3.9));
#1703 = CARTESIAN_POINT('',(0.918689328732,3.9));
#1704 = CARTESIAN_POINT('',(0.922784564207,3.930929493059));
#1705 = CARTESIAN_POINT('',(0.926768756376,3.991670379733));
#1706 = CARTESIAN_POINT('',(0.930576179833,4.079822861313));
#1707 = CARTESIAN_POINT('',(0.9341492879,4.191786018899));
#1708 = CARTESIAN_POINT('',(0.937442449385,4.322822509655));
#1709 = CARTESIAN_POINT('',(0.943989271301,4.639534187889));
#1710 = CARTESIAN_POINT('',(0.947155182502,4.833069645089));
#1711 = CARTESIAN_POINT('',(0.949930397598,5.042526576698));
#1712 = CARTESIAN_POINT('',(0.952328798634,5.263974298352));
#1713 = CARTESIAN_POINT('',(0.954366154435,5.494405053439));
#1714 = CARTESIAN_POINT('',(0.95605709685,5.731502735533));
#1715 = CARTESIAN_POINT('',(0.959670350923,6.37623135368));
#1716 = CARTESIAN_POINT('',(0.961000391002,6.792507022327));
#1717 = CARTESIAN_POINT('',(0.961459527432,7.214533449872));
#1718 = CARTESIAN_POINT('',(0.961068037211,7.637299188862));
#1719 = CARTESIAN_POINT('',(0.959814540489,8.055662845459));
#1720 = CARTESIAN_POINT('',(0.957657912728,8.463386980227));
#1721 = CARTESIAN_POINT('',(0.952668143544,9.080834323957));
#1722 = CARTESIAN_POINT('',(0.950452139783,9.304834593949));
#1723 = CARTESIAN_POINT('',(0.947871618247,9.519251421897));
#1724 = CARTESIAN_POINT('',(0.94491414149,9.720714500178));
#1725 = CARTESIAN_POINT('',(0.941570587937,9.905139987564));
#1726 = CARTESIAN_POINT('',(0.9378382828,10.067555046333));
#1727 = CARTESIAN_POINT('',(0.929961008476,10.324724056245));
#1728 = CARTESIAN_POINT('',(0.925847083116,10.425003295435));
#1729 = CARTESIAN_POINT('',(0.921471608734,10.494300036731));
#1730 = CARTESIAN_POINT('',(0.916944579857,10.527454637779));
#1731 = CARTESIAN_POINT('',(0.912388727295,10.522515992872));
#1732 = CARTESIAN_POINT('',(0.907927432281,10.480802370571));
#1733 = CARTESIAN_POINT('',(0.898933062845,10.324797862171));
#1734 = CARTESIAN_POINT('',(0.8945140666,10.203954240509));
#1735 = CARTESIAN_POINT('',(0.890460944954,10.051226399764));
#1736 = CARTESIAN_POINT('',(0.886801494688,9.872811565068));
#1737 = CARTESIAN_POINT('',(0.883549670927,9.674516291751));
#1738 = CARTESIAN_POINT('',(0.880707460655,9.461828743054));
#1739 = CARTESIAN_POINT('',(0.875360298987,8.975986743384));
#1740 = CARTESIAN_POINT('',(0.87299085389,8.696251852088));
#1741 = CARTESIAN_POINT('',(0.871129567916,8.40599138293));
#1742 = CARTESIAN_POINT('',(0.869751813502,8.108837669461));
#1743 = CARTESIAN_POINT('',(0.868839241251,7.807425159583));
#1744 = CARTESIAN_POINT('',(0.868382280183,7.503842341103));
#1745 = CARTESIAN_POINT('',(0.868382280183,6.958300646653));
#1746 = CARTESIAN_POINT('',(0.868671446152,6.716681684));
#1747 = CARTESIAN_POINT('',(0.869249411301,6.476171446142));
#1748 = CARTESIAN_POINT('',(0.870119860096,6.237833747811));
#1749 = CARTESIAN_POINT('',(0.871289949559,6.002908143809));
#1750 = CARTESIAN_POINT('',(0.872769716994,5.77295423202));
#1751 = CARTESIAN_POINT('',(0.876564519119,5.303375298402));
#1752 = CARTESIAN_POINT('',(0.878959768687,5.06429923434));
#1753 = CARTESIAN_POINT('',(0.881774418462,4.836315180142));
#1754 = CARTESIAN_POINT('',(0.885022520653,4.623741433962));
#1755 = CARTESIAN_POINT('',(0.888712748049,4.431775994516));
#1756 = CARTESIAN_POINT('',(0.892844174285,4.266717632554));
#1757 = CARTESIAN_POINT('',(0.899637007784,4.072306259283));
#1758 = CARTESIAN_POINT('',(0.901975937449,4.016683183833));
#1759 = CARTESIAN_POINT('',(0.904399015572,3.97079630587));
#1760 = CARTESIAN_POINT('',(0.906888230768,3.935638485261));
#1761 = CARTESIAN_POINT('',(0.909423987115,3.911907864059));
#1762 = CARTESIAN_POINT('',(0.911985722678,3.9));
#1763 = CARTESIAN_POINT('',(0.914552528045,3.9));
#1764 = ( GEOMETRIC_REPRESENTATION_CONTEXT(2) 
PARAMETRIC_REPRESENTATION_CONTEXT() REPRESENTATION_CONTEXT('2D SPACE',''
  ) );
#1765 = ORIENTED_EDGE('',*,*,#1766,.F.);
#1766 = EDGE_CURVE('',#234,#1567,#1767,.T.);
#1767 = SEAM_CURVE('',#1768,(#1772,#1779),.PCURVE_S1.);
#1768 = LINE('',#1769,#1770);
#1769 = CARTESIAN_POINT('',(41.550885661676,53.954924712488,95.7));
#1770 = VECTOR('',#1771,1.);
#1771 = DIRECTION('',(0.610145163901,0.792289643355,2.22044604925E-16));
#1772 = PCURVE('',#367,#1773);
#1773 = DEFINITIONAL_REPRESENTATION('',(#1774),#1778);
#1774 = LINE('',#1775,#1776);
#1775 = CARTESIAN_POINT('',(6.28318530718,-0.));
#1776 = VECTOR('',#1777,1.);
#1777 = DIRECTION('',(0.,1.));
#1778 = ( GEOMETRIC_REPRESENTATION_CONTEXT(2) 
PARAMETRIC_REPRESENTATION_CONTEXT() REPRESENTATION_CONTEXT('2D SPACE',''
  ) );
#1779 = PCURVE('',#367,#1780);
#1780 = DEFINITIONAL_REPRESENTATION('',(#1781),#1785);
#1781 = LINE('',#1782,#1783);
#1782 = CARTESIAN_POINT('',(0.,-0.));
#1783 = VECTOR('',#1784,1.);
#1784 = DIRECTION('',(0.,1.));
#1785 = ( GEOMETRIC_REPRESENTATION_CONTEXT(2) 
PARAMETRIC_REPRESENTATION_CONTEXT() REPRESENTATION_CONTEXT('2D SPACE',''
  ) );
#1786 = ORIENTED_EDGE('',*,*,#233,.T.);
#1787 = ORIENTED_EDGE('',*,*,#1766,.T.);
#1788 = ADVANCED_FACE('',(#1789),#574,.F.);
#1789 = FACE_BOUND('',#1790,.F.);
#1790 = EDGE_LOOP('',(#1791,#1991,#2012,#2013));
#1791 = ORIENTED_EDGE('',*,*,#1792,.F.);
#1792 = EDGE_CURVE('',#1793,#1793,#1795,.T.);
#1793 = VERTEX_POINT('',#1794);
#1794 = CARTESIAN_POINT('',(-70.87191112798,9.456331903384,95.7));
#1795 = SURFACE_CURVE('',#1796,(#1859,#1925),.PCURVE_S1.);
#1796 = B_SPLINE_CURVE_WITH_KNOTS('',7,(#1797,#1798,#1799,#1800,#1801,
    #1802,#1803,#1804,#1805,#1806,#1807,#1808,#1809,#1810,#1811,#1812,
    #1813,#1814,#1815,#1816,#1817,#1818,#1819,#1820,#1821,#1822,#1823,
    #1824,#1825,#1826,#1827,#1828,#1829,#1830,#1831,#1832,#1833,#1834,
    #1835,#1836,#1837,#1838,#1839,#1840,#1841,#1842,#1843,#1844,#1845,
    #1846,#1847,#1848,#1849,#1850,#1851,#1852,#1853,#1854,#1855,#1856,
    #1857,#1858),.UNSPECIFIED.,.T.,.F.,(8,6,6,6,6,6,6,6,6,6,8),(0.,
    8.234480036058E-02,0.180750482086,0.344501962824,0.442272757932,
    0.531818641097,0.631500172115,0.750063716642,0.844378195456,
    0.948705796647,1.),.UNSPECIFIED.);
#1797 = CARTESIAN_POINT('',(-70.87191112798,9.456331903384,95.7));
#1798 = CARTESIAN_POINT('',(-70.91103008831,9.16314893265,95.7));
#1799 = CARTESIAN_POINT('',(-70.94834135881,8.872723021897,
    95.730929493076));
#1800 = CARTESIAN_POINT('',(-70.98323613976,8.589992945551,
    95.791670379717));
#1801 = CARTESIAN_POINT('',(-71.01528930556,8.319650725496,
    95.879822861289));
#1802 = CARTESIAN_POINT('',(-71.0442660638,8.065819111062,
    95.991786018909));
#1803 = CARTESIAN_POINT('',(-71.07009728716,7.831778089571,
    96.122822509677));
#1804 = CARTESIAN_POINT('',(-71.11998237079,7.366346034511,
    96.439534187889));
#1805 = CARTESIAN_POINT('',(-71.14305187236,7.141159510546,
    96.633069645089));
#1806 = CARTESIAN_POINT('',(-71.16251512133,6.943686546687,
    96.842526576698));
#1807 = CARTESIAN_POINT('',(-71.17881405467,6.772976224786,
    97.063974298352));
#1808 = CARTESIAN_POINT('',(-71.19231751395,6.627932119067,
    97.294405053439));
#1809 = CARTESIAN_POINT('',(-71.20331067877,6.507530458729,
    97.531502735533));
#1810 = CARTESIAN_POINT('',(-71.22647505317,6.250223388526,
    98.176231353679));
#1811 = CARTESIAN_POINT('',(-71.23457872077,6.155470494197,
    98.592507022328));
#1812 = CARTESIAN_POINT('',(-71.23730108495,6.1227557834,99.01453344987)
  );
#1813 = CARTESIAN_POINT('',(-71.23495141384,6.150648446564,
    99.437299188863));
#1814 = CARTESIAN_POINT('',(-71.22737630802,6.239952235066,
    99.855662845458));
#1815 = CARTESIAN_POINT('',(-71.21391880087,6.393564886536,
    100.26338698022));
#1816 = CARTESIAN_POINT('',(-71.1809065072,6.748802762638,
    100.88083432388));
#1817 = CARTESIAN_POINT('',(-71.16595638514,6.906540404275,
    101.10483459395));
#1818 = CARTESIAN_POINT('',(-71.14811021892,7.090183491676,
    101.31925142195));
#1819 = CARTESIAN_POINT('',(-71.12702182034,7.300590841669,
    101.5207145002));
#1820 = CARTESIAN_POINT('',(-71.10229093288,7.53837574434,
    101.70513998754));
#1821 = CARTESIAN_POINT('',(-71.07347617622,7.803679083934,
    101.8675550463));
#1822 = CARTESIAN_POINT('',(-71.00970360299,8.363282146825,
    102.12472405615));
#1823 = CARTESIAN_POINT('',(-70.97522230124,8.655402064929,
    102.22500329557));
#1824 = CARTESIAN_POINT('',(-70.93706084906,8.965918597835,
    102.29430003668));
#1825 = CARTESIAN_POINT('',(-70.89581784995,9.286971637736,
    102.3274546377));
#1826 = CARTESIAN_POINT('',(-70.85247840068,9.609827144884,
    102.32251599297));
#1827 = CARTESIAN_POINT('',(-70.80834825785,9.925745866178,
    102.28080237051));
#1828 = CARTESIAN_POINT('',(-70.71636336108,10.562230796522,
    102.12479786154));
#1829 = CARTESIAN_POINT('',(-70.66931714789,10.874672408566,
    102.00395424159));
#1830 = CARTESIAN_POINT('',(-70.62461044526,11.16100776544,
    101.85122640076));
#1831 = CARTESIAN_POINT('',(-70.58304202374,11.419339288083,
    101.67281156068));
#1832 = CARTESIAN_POINT('',(-70.5452212316,11.64874988906,
    101.47451629625));
#1833 = CARTESIAN_POINT('',(-70.51154465889,11.849158735968,
    101.26182874133));
#1834 = CARTESIAN_POINT('',(-70.44726485014,12.226038374724,
    100.77598674338));
#1835 = CARTESIAN_POINT('',(-70.41808715867,12.392923693259,
    100.49625185208));
#1836 = CARTESIAN_POINT('',(-70.39478530148,12.523950227962,
    100.20599138292));
#1837 = CARTESIAN_POINT('',(-70.37735666608,12.620905712852,
    99.908837669462));
#1838 = CARTESIAN_POINT('',(-70.36575121206,12.685114228192,
    99.607425159582));
#1839 = CARTESIAN_POINT('',(-70.35993992246,12.717265983999,
    99.303842341103));
#1840 = CARTESIAN_POINT('',(-70.35993992246,12.717265983999,
    98.758300646653));
#1841 = CARTESIAN_POINT('',(-70.36361733984,12.696920289504,98.516681684
    ));
#1842 = CARTESIAN_POINT('',(-70.37096741588,12.656254676594,
    98.276171446142));
#1843 = CARTESIAN_POINT('',(-70.38200017157,12.595003279262,
    98.037833747811));
#1844 = CARTESIAN_POINT('',(-70.39673243143,12.512649090436,
    97.802908143809));
#1845 = CARTESIAN_POINT('',(-70.41517306435,12.408464786643,
    97.57295423202));
#1846 = CARTESIAN_POINT('',(-70.46177913111,12.141169165391,
    97.103375298316));
#1847 = CARTESIAN_POINT('',(-70.49087006458,11.972397333932,
    96.864299234349));
#1848 = CARTESIAN_POINT('',(-70.52454833428,11.773986728396,
    96.636315180211));
#1849 = CARTESIAN_POINT('',(-70.56265948046,11.544893300422,
    96.423741433998));
#1850 = CARTESIAN_POINT('',(-70.60488458576,11.284437934711,
    96.231775994488));
#1851 = CARTESIAN_POINT('',(-70.65068012044,10.99260726814,
    96.066717632518));
#1852 = CARTESIAN_POINT('',(-70.72316408523,10.512358892068,
    95.872306264299));
#1853 = CARTESIAN_POINT('',(-70.74770880055,10.346935891013,
    95.816683181637));
#1854 = CARTESIAN_POINT('',(-70.77267050586,10.175492380146,
    95.770796301983));
#1855 = CARTESIAN_POINT('',(-70.79780454694,9.999295757978,
    95.735638485452));
#1856 = CARTESIAN_POINT('',(-70.82286948915,9.819728784613,
    95.711907866988));
#1857 = CARTESIAN_POINT('',(-70.84763856606,9.638246293534,95.7));
#1858 = CARTESIAN_POINT('',(-70.87191112798,9.456331903384,95.7));
#1859 = PCURVE('',#574,#1860);
#1860 = DEFINITIONAL_REPRESENTATION('',(#1861),#1924);
#1861 = B_SPLINE_CURVE_WITH_KNOTS('',7,(#1862,#1863,#1864,#1865,#1866,
    #1867,#1868,#1869,#1870,#1871,#1872,#1873,#1874,#1875,#1876,#1877,
    #1878,#1879,#1880,#1881,#1882,#1883,#1884,#1885,#1886,#1887,#1888,
    #1889,#1890,#1891,#1892,#1893,#1894,#1895,#1896,#1897,#1898,#1899,
    #1900,#1901,#1902,#1903,#1904,#1905,#1906,#1907,#1908,#1909,#1910,
    #1911,#1912,#1913,#1914,#1915,#1916,#1917,#1918,#1919,#1920,#1921,
    #1922,#1923),.UNSPECIFIED.,.F.,.F.,(8,6,6,6,6,6,6,6,6,6,8),(0.,
    8.234480036058E-02,0.180750482086,0.344501962824,0.442272757932,
    0.531818641097,0.631500172115,0.750063716642,0.844378195456,
    0.948705796647,1.),.UNSPECIFIED.);
#1862 = CARTESIAN_POINT('',(0.,3.4));
#1863 = CARTESIAN_POINT('',(8.963068157958E-02,3.4));
#1864 = CARTESIAN_POINT('',(0.178360676067,3.398572828558));
#1865 = CARTESIAN_POINT('',(0.265858886209,3.395768218388));
#1866 = CARTESIAN_POINT('',(0.351766831607,3.391785328286));
#1867 = CARTESIAN_POINT('',(0.435661453032,3.3869366883));
#1868 = CARTESIAN_POINT('',(0.516993086714,3.381587577651));
#1869 = CARTESIAN_POINT('',(0.68821866053,3.369478084252));
#1870 = CARTESIAN_POINT('',(0.777872383587,3.362562575922));
#1871 = CARTESIAN_POINT('',(0.864536362135,3.355737789396));
#1872 = CARTESIAN_POINT('',(0.948673372383,3.349316014455));
#1873 = CARTESIAN_POINT('',(1.030695214856,3.343517843289));
#1874 = CARTESIAN_POINT('',(1.111001904331,3.338490550119));
#1875 = CARTESIAN_POINT('',(1.321448971254,3.327420933711));
#1876 = CARTESIAN_POINT('',(1.449255779555,3.322921739198));
#1877 = CARTESIAN_POINT('',(1.575383321783,3.321293459328));
#1878 = CARTESIAN_POINT('',(1.701378561919,3.322653411746));
#1879 = CARTESIAN_POINT('',(1.828775585002,3.326955845848));
#1880 = CARTESIAN_POINT('',(1.959115629037,3.333932810404));
#1881 = CARTESIAN_POINT('',(2.175166168475,3.34819299108));
#1882 = CARTESIAN_POINT('',(2.257940173074,3.354236008855));
#1883 = CARTESIAN_POINT('',(2.343009083887,3.360834583401));
#1884 = CARTESIAN_POINT('',(2.430674793168,3.367759151603));
#1885 = CARTESIAN_POINT('',(2.521293986822,3.374694084512));
#1886 = CARTESIAN_POINT('',(2.615277307998,3.381220511933));
#1887 = CARTESIAN_POINT('',(2.802872846306,3.392019227382));
#1888 = CARTESIAN_POINT('',(2.89656745003,3.396475551129));
#1889 = CARTESIAN_POINT('',(2.992701526616,3.399717122451));
#1890 = CARTESIAN_POINT('',(3.090107418699,3.401297736948));
#1891 = CARTESIAN_POINT('',(3.187787373427,3.401038705274));
#1892 = CARTESIAN_POINT('',(3.284702933463,3.399078491601));
#1893 = CARTESIAN_POINT('',(3.485221711363,3.392080831795));
#1894 = CARTESIAN_POINT('',(3.586889639792,3.386770293944));
#1895 = CARTESIAN_POINT('',(3.685048182827,3.380325996242));
#1896 = CARTESIAN_POINT('',(3.77994817672,3.373288725523));
#1897 = CARTESIAN_POINT('',(3.871737656783,3.366141186587));
#1898 = CARTESIAN_POINT('',(3.960444583718,3.359265795038));
#1899 = CARTESIAN_POINT('',(4.147740898493,3.345395390265));
#1900 = CARTESIAN_POINT('',(4.246082594282,3.33854565887));
#1901 = CARTESIAN_POINT('',(4.34184783506,3.332777592416));
#1902 = CARTESIAN_POINT('',(4.435708321341,3.328325040603));
#1903 = CARTESIAN_POINT('',(4.528320860063,3.325313520695));
#1904 = CARTESIAN_POINT('',(4.620315543687,3.323805555291));
#1905 = CARTESIAN_POINT('',(4.785631208672,3.323805555291));
#1906 = CARTESIAN_POINT('',(4.858849326394,3.324759820435));
#1907 = CARTESIAN_POINT('',(4.932372119408,3.326667042857));
#1908 = CARTESIAN_POINT('',(5.006520025732,3.329501993045));
#1909 = CARTESIAN_POINT('',(5.081610161339,3.33321297022));
#1910 = CARTESIAN_POINT('',(5.157974006969,3.337712572203));
#1911 = CARTESIAN_POINT('',(5.322284021381,3.348557675846));
#1912 = CARTESIAN_POINT('',(5.410954848681,3.355071907977));
#1913 = CARTESIAN_POINT('',(5.502308681247,3.3622132618));
#1914 = CARTESIAN_POINT('',(5.596671625354,3.36969055233));
#1915 = CARTESIAN_POINT('',(5.694450378287,3.377097846406));
#1916 = CARTESIAN_POINT('',(5.796121796386,3.383894621525));
#1917 = CARTESIAN_POINT('',(5.954632657321,3.3922259372));
#1918 = CARTESIAN_POINT('',(6.007939057907,3.394676791468));
#1919 = CARTESIAN_POINT('',(6.062076130645,3.396744721802));
#1920 = CARTESIAN_POINT('',(6.116845133163,3.398354844682));
#1921 = CARTESIAN_POINT('',(6.172066950223,3.399450725215));
#1922 = CARTESIAN_POINT('',(6.227571194472,3.4));
#1923 = CARTESIAN_POINT('',(6.28318530718,3.4));
#1924 = ( GEOMETRIC_REPRESENTATION_CONTEXT(2) 
PARAMETRIC_REPRESENTATION_CONTEXT() REPRESENTATION_CONTEXT('2D SPACE',''
  ) );
#1925 = PCURVE('',#1548,#1926);
#1926 = DEFINITIONAL_REPRESENTATION('',(#1927),#1990);
#1927 = B_SPLINE_CURVE_WITH_KNOTS('',7,(#1928,#1929,#1930,#1931,#1932,
    #1933,#1934,#1935,#1936,#1937,#1938,#1939,#1940,#1941,#1942,#1943,
    #1944,#1945,#1946,#1947,#1948,#1949,#1950,#1951,#1952,#1953,#1954,
    #1955,#1956,#1957,#1958,#1959,#1960,#1961,#1962,#1963,#1964,#1965,
    #1966,#1967,#1968,#1969,#1970,#1971,#1972,#1973,#1974,#1975,#1976,
    #1977,#1978,#1979,#1980,#1981,#1982,#1983,#1984,#1985,#1986,#1987,
    #1988,#1989),.UNSPECIFIED.,.T.,.F.,(8,6,6,6,6,6,6,6,6,6,8),(0.,
    8.234480036058E-02,0.180750482086,0.344501962824,0.442272757932,
    0.531818641097,0.631500172115,0.750063716642,0.844378195456,
    0.948705796647,1.),.UNSPECIFIED.);
#1928 = CARTESIAN_POINT('',(3.008947630438,3.9));
#1929 = CARTESIAN_POINT('',(3.013084431127,3.9));
#1930 = CARTESIAN_POINT('',(3.0171796666,3.930929493076));
#1931 = CARTESIAN_POINT('',(3.021163858769,3.991670379717));
#1932 = CARTESIAN_POINT('',(3.024971282226,4.079822861289));
#1933 = CARTESIAN_POINT('',(3.028544390294,4.191786018909));
#1934 = CARTESIAN_POINT('',(3.031837551779,4.322822509677));
#1935 = CARTESIAN_POINT('',(3.038384373694,4.63953418789));
#1936 = CARTESIAN_POINT('',(3.041550284895,4.833069645089));
#1937 = CARTESIAN_POINT('',(3.044325499991,5.042526576698));
#1938 = CARTESIAN_POINT('',(3.046723901027,5.263974298352));
#1939 = CARTESIAN_POINT('',(3.048761256828,5.494405053439));
#1940 = CARTESIAN_POINT('',(3.050452199243,5.731502735533));
#1941 = CARTESIAN_POINT('',(3.054065453316,6.376231353679));
#1942 = CARTESIAN_POINT('',(3.055395493395,6.792507022328));
#1943 = CARTESIAN_POINT('',(3.055854629825,7.21453344987));
#1944 = CARTESIAN_POINT('',(3.055463139604,7.637299188863));
#1945 = CARTESIAN_POINT('',(3.054209642882,8.055662845458));
#1946 = CARTESIAN_POINT('',(3.052053015121,8.463386980228));
#1947 = CARTESIAN_POINT('',(3.047063245938,9.080834323888));
#1948 = CARTESIAN_POINT('',(3.044847242177,9.304834593955));
#1949 = CARTESIAN_POINT('',(3.04226672064,9.519251421951));
#1950 = CARTESIAN_POINT('',(3.039309243882,9.72071450021));
#1951 = CARTESIAN_POINT('',(3.035965690331,9.905139987542));
#1952 = CARTESIAN_POINT('',(3.032233385194,10.0675550463));
#1953 = CARTESIAN_POINT('',(3.024356110872,10.324724056152));
#1954 = CARTESIAN_POINT('',(3.020242185506,10.425003295579));
#1955 = CARTESIAN_POINT('',(3.015866711125,10.494300036688));
#1956 = CARTESIAN_POINT('',(3.011339682252,10.527454637703));
#1957 = CARTESIAN_POINT('',(3.006783829691,10.522515992974));
#1958 = CARTESIAN_POINT('',(3.002322534671,10.480802370518));
#1959 = CARTESIAN_POINT('',(2.993328165203,10.324797861548));
#1960 = CARTESIAN_POINT('',(2.988909169082,10.203954241596));
#1961 = CARTESIAN_POINT('',(2.984856047272,10.051226400764));
#1962 = CARTESIAN_POINT('',(2.98119659708,9.872811560684));
#1963 = CARTESIAN_POINT('',(2.977944773359,9.67451629625));
#1964 = CARTESIAN_POINT('',(2.975102563029,9.46182874133));
#1965 = CARTESIAN_POINT('',(2.969755401381,8.975986743384));
#1966 = CARTESIAN_POINT('',(2.967385956283,8.696251852089));
#1967 = CARTESIAN_POINT('',(2.96552467031,8.405991382929));
#1968 = CARTESIAN_POINT('',(2.964146915896,8.108837669462));
#1969 = CARTESIAN_POINT('',(2.963234343645,7.807425159582));
#1970 = CARTESIAN_POINT('',(2.962777382576,7.503842341103));
#1971 = CARTESIAN_POINT('',(2.962777382576,6.958300646653));
#1972 = CARTESIAN_POINT('',(2.963066548545,6.716681684));
#1973 = CARTESIAN_POINT('',(2.963644513694,6.476171446142));
#1974 = CARTESIAN_POINT('',(2.964514962489,6.237833747811));
#1975 = CARTESIAN_POINT('',(2.965685051952,6.002908143809));
#1976 = CARTESIAN_POINT('',(2.967164819387,5.77295423202));
#1977 = CARTESIAN_POINT('',(2.970959621513,5.303375298316));
#1978 = CARTESIAN_POINT('',(2.973354871081,5.064299234349));
#1979 = CARTESIAN_POINT('',(2.976169520854,4.836315180211));
#1980 = CARTESIAN_POINT('',(2.979417623045,4.623741433998));
#1981 = CARTESIAN_POINT('',(2.983107850443,4.431775994488));
#1982 = CARTESIAN_POINT('',(2.987239276679,4.266717632518));
#1983 = CARTESIAN_POINT('',(2.994032110002,4.072306264299));
#1984 = CARTESIAN_POINT('',(2.996371040027,4.016683181637));
#1985 = CARTESIAN_POINT('',(2.998794118113,3.970796301983));
#1986 = CARTESIAN_POINT('',(3.001283333017,3.935638485452));
#1987 = CARTESIAN_POINT('',(3.003819089319,3.911907866988));
#1988 = CARTESIAN_POINT('',(3.006380825236,3.9));
#1989 = CARTESIAN_POINT('',(3.008947630438,3.9));
#1990 = ( GEOMETRIC_REPRESENTATION_CONTEXT(2) 
PARAMETRIC_REPRESENTATION_CONTEXT() REPRESENTATION_CONTEXT('2D SPACE',''
  ) );
#1991 = ORIENTED_EDGE('',*,*,#1992,.F.);
#1992 = EDGE_CURVE('',#441,#1793,#1993,.T.);
#1993 = SEAM_CURVE('',#1994,(#1998,#2005),.PCURVE_S1.);
#1994 = LINE('',#1995,#1996);
#1995 = CARTESIAN_POINT('',(-67.50177829113,9.00666017651,95.7));
#1996 = VECTOR('',#1997,1.);
#1997 = DIRECTION('',(-0.991215540252,0.132256390257,2.22044604925E-16)
  );
#1998 = PCURVE('',#574,#1999);
#1999 = DEFINITIONAL_REPRESENTATION('',(#2000),#2004);
#2000 = LINE('',#2001,#2002);
#2001 = CARTESIAN_POINT('',(6.28318530718,-0.));
#2002 = VECTOR('',#2003,1.);
#2003 = DIRECTION('',(0.,1.));
#2004 = ( GEOMETRIC_REPRESENTATION_CONTEXT(2) 
PARAMETRIC_REPRESENTATION_CONTEXT() REPRESENTATION_CONTEXT('2D SPACE',''
  ) );
#2005 = PCURVE('',#574,#2006);
#2006 = DEFINITIONAL_REPRESENTATION('',(#2007),#2011);
#2007 = LINE('',#2008,#2009);
#2008 = CARTESIAN_POINT('',(0.,-0.));
#2009 = VECTOR('',#2010,1.);
#2010 = DIRECTION('',(0.,1.));
#2011 = ( GEOMETRIC_REPRESENTATION_CONTEXT(2) 
PARAMETRIC_REPRESENTATION_CONTEXT() REPRESENTATION_CONTEXT('2D SPACE',''
  ) );
#2012 = ORIENTED_EDGE('',*,*,#440,.T.);
#2013 = ORIENTED_EDGE('',*,*,#1992,.T.);
#2014 = ADVANCED_FACE('',(#2015),#781,.F.);
#2015 = FACE_BOUND('',#2016,.F.);
#2016 = EDGE_LOOP('',(#2017,#2217,#2238,#2239));
#2017 = ORIENTED_EDGE('',*,*,#2018,.F.);
#2018 = EDGE_CURVE('',#2019,#2019,#2021,.T.);
#2019 = VERTEX_POINT('',#2020);
#2020 = CARTESIAN_POINT('',(-43.62537921894,-56.64870949989,95.7));
#2021 = SURFACE_CURVE('',#2022,(#2085,#2151),.PCURVE_S1.);
#2022 = B_SPLINE_CURVE_WITH_KNOTS('',7,(#2023,#2024,#2025,#2026,#2027,
    #2028,#2029,#2030,#2031,#2032,#2033,#2034,#2035,#2036,#2037,#2038,
    #2039,#2040,#2041,#2042,#2043,#2044,#2045,#2046,#2047,#2048,#2049,
    #2050,#2051,#2052,#2053,#2054,#2055,#2056,#2057,#2058,#2059,#2060,
    #2061,#2062,#2063,#2064,#2065,#2066,#2067,#2068,#2069,#2070,#2071,
    #2072,#2073,#2074,#2075,#2076,#2077,#2078,#2079,#2080,#2081,#2082,
    #2083,#2084),.UNSPECIFIED.,.T.,.F.,(8,6,6,6,6,6,6,6,6,6,8),(0.,
    8.234480536717E-02,0.180750492033,0.344501980991,0.442272776864,
    0.531818656997,0.631500184638,0.75006372515,0.84437820077,
    0.948705798404,1.),.UNSPECIFIED.);
#2023 = CARTESIAN_POINT('',(-43.62537921894,-56.64870949989,95.7));
#2024 = CARTESIAN_POINT('',(-43.39103480099,-56.82917899674,95.7));
#2025 = CARTESIAN_POINT('',(-43.15817421251,-57.00670446565,
    95.730929493955));
#2026 = CARTESIAN_POINT('',(-42.93077018118,-57.17828926551,
    95.791670378351));
#2027 = CARTESIAN_POINT('',(-42.71267353426,-57.34121923098,95.879822861
    ));
#2028 = CARTESIAN_POINT('',(-42.50733728037,-57.49322965194,
    95.991786021074));
#2029 = CARTESIAN_POINT('',(-42.31756742778,-57.632620654,
    96.122822508147));
#2030 = CARTESIAN_POINT('',(-41.93943398434,-57.90853843255,
    96.439534187889));
#2031 = CARTESIAN_POINT('',(-41.75595148479,-58.04111046894,
    96.633069645089));
#2032 = CARTESIAN_POINT('',(-41.59466650601,-58.15670261892,
    96.842526576697));
#2033 = CARTESIAN_POINT('',(-41.45497649723,-58.2561730702,
    97.063974298352));
#2034 = CARTESIAN_POINT('',(-41.33611634664,-58.34038946183,
    97.294405053439));
#2035 = CARTESIAN_POINT('',(-41.23734203254,-58.410110652,
    97.531502735533));
#2036 = CARTESIAN_POINT('',(-41.02608976037,-58.5588251238,
    98.17623135368));
#2037 = CARTESIAN_POINT('',(-40.9480831806,-58.61321955297,
    98.592507022327));
#2038 = CARTESIAN_POINT('',(-40.92111259207,-58.63193454491,
    99.01453344987));
#2039 = CARTESIAN_POINT('',(-40.94409351139,-58.61595333845,
    99.437299188864));
#2040 = CARTESIAN_POINT('',(-41.01764530798,-58.56474121013,
    99.855662845458));
#2041 = CARTESIAN_POINT('',(-41.14394901292,-58.47628034133,
    100.26338698022));
#2042 = CARTESIAN_POINT('',(-41.43508788656,-58.27007192159,
    100.8808343141));
#2043 = CARTESIAN_POINT('',(-41.56421764393,-58.17825590577,
    101.10483461836));
#2044 = CARTESIAN_POINT('',(-41.71433413235,-58.07097913335,
    101.31925140097));
#2045 = CARTESIAN_POINT('',(-41.88600802018,-57.94751238726,
    101.52071449961));
#2046 = CARTESIAN_POINT('',(-42.07957038867,-57.80720232492,
    101.70513999905));
#2047 = CARTESIAN_POINT('',(-42.29492240792,-57.6495963692,
    101.8675550407));
#2048 = CARTESIAN_POINT('',(-42.74766659966,-57.31456616198,
    102.12472405615));
#2049 = CARTESIAN_POINT('',(-42.98340921881,-57.13864451965,
    102.22500329557));
#2050 = CARTESIAN_POINT('',(-43.23324369852,-56.95033746617,
    102.29430003668));
#2051 = CARTESIAN_POINT('',(-43.49066228748,-56.75409346127,
    102.3274546377));
#2052 = CARTESIAN_POINT('',(-43.74859363379,-56.55513264364,
    102.32251599297));
#2053 = CARTESIAN_POINT('',(-44.00012220054,-56.35895545823,
    102.28080237051));
#2054 = CARTESIAN_POINT('',(-44.50534187096,-55.96105173569,
    102.12479786154));
#2055 = CARTESIAN_POINT('',(-44.75240113759,-55.76408771389,
    102.00395424159));
#2056 = CARTESIAN_POINT('',(-44.97802147933,-55.58220289525,
    101.85122640076));
#2057 = CARTESIAN_POINT('',(-45.18095892978,-55.4170378249,
    101.67281156068));
#2058 = CARTESIAN_POINT('',(-45.36072394206,-55.26957875763,
    101.47451629625));
#2059 = CARTESIAN_POINT('',(-45.51744480826,-55.14020956669,
    101.26182874133));
#2060 = CARTESIAN_POINT('',(-45.81169224522,-54.89610179999,
    100.77598674338));
#2061 = CARTESIAN_POINT('',(-45.94163032486,-54.78739051869,
    100.49625185208));
#2062 = CARTESIAN_POINT('',(-46.04345170389,-54.70169725106,
    100.20599138292));
#2063 = CARTESIAN_POINT('',(-46.11870329913,-54.63812586759,
    99.908837669463));
#2064 = CARTESIAN_POINT('',(-46.16850677755,-54.59597099193,
    99.607425159582));
#2065 = CARTESIAN_POINT('',(-46.19344537005,-54.57486238959,
    99.303842341103));
#2066 = CARTESIAN_POINT('',(-46.19344537005,-54.57486238959,
    98.758300646653));
#2067 = CARTESIAN_POINT('',(-46.17766419045,-54.58821997371,98.516681684
    ));
#2068 = CARTESIAN_POINT('',(-46.14612177463,-54.61491813274,
    98.276171446142));
#2069 = CARTESIAN_POINT('',(-46.09859288637,-54.65509847811,
    98.037833747811));
#2070 = CARTESIAN_POINT('',(-46.03463819667,-54.70903408381,
    97.802908143809));
#2071 = CARTESIAN_POINT('',(-45.95363225937,-54.77709629228,
    97.57295423202));
#2072 = CARTESIAN_POINT('',(-45.74545049445,-54.95110614067,
    97.103375298369));
#2073 = CARTESIAN_POINT('',(-45.61383526768,-55.06068554382,
    96.864299234344));
#2074 = CARTESIAN_POINT('',(-45.45884577773,-55.18905708373,
    96.636315180169));
#2075 = CARTESIAN_POINT('',(-45.27950062234,-55.33660901848,
    96.423741433976));
#2076 = CARTESIAN_POINT('',(-45.07505221177,-55.50340471518,
    96.231775994505));
#2077 = CARTESIAN_POINT('',(-44.8452172083,-55.68898014485,
    96.06671763254));
#2078 = CARTESIAN_POINT('',(-44.46555189684,-55.99187728779,
    95.872306264299));
#2079 = CARTESIAN_POINT('',(-44.33456373322,-56.09584513531,
    95.816683181637));
#2080 = CARTESIAN_POINT('',(-44.19857015015,-56.20318436167,
    95.770796301983));
#2081 = CARTESIAN_POINT('',(-44.05854641983,-56.31304939082,
    95.735638485452));
#2082 = CARTESIAN_POINT('',(-43.91556933032,-56.42453975421,
    95.711907866988));
#2083 = CARTESIAN_POINT('',(-43.77078542116,-56.53673164958,95.7));
#2084 = CARTESIAN_POINT('',(-43.62537921894,-56.64870949989,95.7));
#2085 = PCURVE('',#781,#2086);
#2086 = DEFINITIONAL_REPRESENTATION('',(#2087),#2150);
#2087 = B_SPLINE_CURVE_WITH_KNOTS('',7,(#2088,#2089,#2090,#2091,#2092,
    #2093,#2094,#2095,#2096,#2097,#2098,#2099,#2100,#2101,#2102,#2103,
    #2104,#2105,#2106,#2107,#2108,#2109,#2110,#2111,#2112,#2113,#2114,
    #2115,#2116,#2117,#2118,#2119,#2120,#2121,#2122,#2123,#2124,#2125,
    #2126,#2127,#2128,#2129,#2130,#2131,#2132,#2133,#2134,#2135,#2136,
    #2137,#2138,#2139,#2140,#2141,#2142,#2143,#2144,#2145,#2146,#2147,
    #2148,#2149),.UNSPECIFIED.,.F.,.F.,(8,6,6,6,6,6,6,6,6,6,8),(0.,
    8.234480536717E-02,0.180750492033,0.344501980991,0.442272776864,
    0.531818656997,0.631500184638,0.75006372515,0.84437820077,
    0.948705798404,1.),.UNSPECIFIED.);
#2088 = CARTESIAN_POINT('',(0.,3.4));
#2089 = CARTESIAN_POINT('',(8.963068062212E-02,3.4));
#2090 = CARTESIAN_POINT('',(0.178360677893,3.398572828524));
#2091 = CARTESIAN_POINT('',(0.265858885286,3.39576821844));
#2092 = CARTESIAN_POINT('',(0.351766830595,3.391785328298));
#2093 = CARTESIAN_POINT('',(0.435661454752,3.386936688217));
#2094 = CARTESIAN_POINT('',(0.516993085887,3.381587577709));
#2095 = CARTESIAN_POINT('',(0.68821866053,3.369478084252));
#2096 = CARTESIAN_POINT('',(0.777872383588,3.362562575922));
#2097 = CARTESIAN_POINT('',(0.864536362135,3.355737789396));
#2098 = CARTESIAN_POINT('',(0.948673372383,3.349316014455));
#2099 = CARTESIAN_POINT('',(1.030695214856,3.343517843289));
#2100 = CARTESIAN_POINT('',(1.111001904331,3.338490550119));
#2101 = CARTESIAN_POINT('',(1.321448971255,3.327420933711));
#2102 = CARTESIAN_POINT('',(1.449255779555,3.322921739199));
#2103 = CARTESIAN_POINT('',(1.575383321783,3.321293459327));
#2104 = CARTESIAN_POINT('',(1.70137856192,3.322653411746));
#2105 = CARTESIAN_POINT('',(1.828775585002,3.326955845848));
#2106 = CARTESIAN_POINT('',(1.959115629037,3.333932810404));
#2107 = CARTESIAN_POINT('',(2.175166165053,3.348192990854));
#2108 = CARTESIAN_POINT('',(2.257940180798,3.354236009397));
#2109 = CARTESIAN_POINT('',(2.343009080024,3.360834583067));
#2110 = CARTESIAN_POINT('',(2.430674786728,3.367759151273));
#2111 = CARTESIAN_POINT('',(2.521293996371,3.374694085067));
#2112 = CARTESIAN_POINT('',(2.615277303914,3.381220511698));
#2113 = CARTESIAN_POINT('',(2.802872846306,3.392019227382));
#2114 = CARTESIAN_POINT('',(2.89656745003,3.396475551129));
#2115 = CARTESIAN_POINT('',(2.992701526616,3.399717122451));
#2116 = CARTESIAN_POINT('',(3.0901074187,3.401297736948));
#2117 = CARTESIAN_POINT('',(3.187787373427,3.401038705274));
#2118 = CARTESIAN_POINT('',(3.284702933463,3.399078491601));
#2119 = CARTESIAN_POINT('',(3.485221711363,3.392080831795));
#2120 = CARTESIAN_POINT('',(3.586889639792,3.386770293944));
#2121 = CARTESIAN_POINT('',(3.685048182827,3.380325996242));
#2122 = CARTESIAN_POINT('',(3.77994817672,3.373288725523));
#2123 = CARTESIAN_POINT('',(3.871737656783,3.366141186587));
#2124 = CARTESIAN_POINT('',(3.960444583718,3.359265795038));
#2125 = CARTESIAN_POINT('',(4.147740898493,3.345395390265));
#2126 = CARTESIAN_POINT('',(4.246082594282,3.33854565887));
#2127 = CARTESIAN_POINT('',(4.341847835061,3.332777592416));
#2128 = CARTESIAN_POINT('',(4.435708321341,3.328325040603));
#2129 = CARTESIAN_POINT('',(4.528320860063,3.325313520695));
#2130 = CARTESIAN_POINT('',(4.620315543687,3.323805555291));
#2131 = CARTESIAN_POINT('',(4.785631208672,3.323805555291));
#2132 = CARTESIAN_POINT('',(4.858849326394,3.324759820435));
#2133 = CARTESIAN_POINT('',(4.932372119408,3.326667042857));
#2134 = CARTESIAN_POINT('',(5.006520025732,3.329501993045));
#2135 = CARTESIAN_POINT('',(5.081610161339,3.33321297022));
#2136 = CARTESIAN_POINT('',(5.157974006969,3.337712572203));
#2137 = CARTESIAN_POINT('',(5.322284021362,3.348557675845));
#2138 = CARTESIAN_POINT('',(5.410954848681,3.355071907977));
#2139 = CARTESIAN_POINT('',(5.502308681262,3.362213261802));
#2140 = CARTESIAN_POINT('',(5.596671625368,3.369690552331));
#2141 = CARTESIAN_POINT('',(5.694450378284,3.377097846406));
#2142 = CARTESIAN_POINT('',(5.796121796368,3.383894621524));
#2143 = CARTESIAN_POINT('',(5.954632657321,3.3922259372));
#2144 = CARTESIAN_POINT('',(6.007939057907,3.394676791468));
#2145 = CARTESIAN_POINT('',(6.062076130645,3.396744721802));
#2146 = CARTESIAN_POINT('',(6.116845133163,3.398354844682));
#2147 = CARTESIAN_POINT('',(6.172066950223,3.399450725215));
#2148 = CARTESIAN_POINT('',(6.227571194472,3.4));
#2149 = CARTESIAN_POINT('',(6.28318530718,3.4));
#2150 = ( GEOMETRIC_REPRESENTATION_CONTEXT(2) 
PARAMETRIC_REPRESENTATION_CONTEXT() REPRESENTATION_CONTEXT('2D SPACE',''
  ) );
#2151 = PCURVE('',#1548,#2152);
#2152 = DEFINITIONAL_REPRESENTATION('',(#2153),#2216);
#2153 = B_SPLINE_CURVE_WITH_KNOTS('',7,(#2154,#2155,#2156,#2157,#2158,
    #2159,#2160,#2161,#2162,#2163,#2164,#2165,#2166,#2167,#2168,#2169,
    #2170,#2171,#2172,#2173,#2174,#2175,#2176,#2177,#2178,#2179,#2180,
    #2181,#2182,#2183,#2184,#2185,#2186,#2187,#2188,#2189,#2190,#2191,
    #2192,#2193,#2194,#2195,#2196,#2197,#2198,#2199,#2200,#2201,#2202,
    #2203,#2204,#2205,#2206,#2207,#2208,#2209,#2210,#2211,#2212,#2213,
    #2214,#2215),.UNSPECIFIED.,.T.,.F.,(8,6,6,6,6,6,6,6,6,6,8),(0.,
    8.234480536717E-02,0.180750492033,0.344501980991,0.442272776864,
    0.531818656997,0.631500184638,0.75006372515,0.84437820077,
    0.948705798404,1.),.UNSPECIFIED.);
#2154 = CARTESIAN_POINT('',(4.056145181635,3.9));
#2155 = CARTESIAN_POINT('',(4.060281982279,3.9));
#2156 = CARTESIAN_POINT('',(4.064377217877,3.930929493955));
#2157 = CARTESIAN_POINT('',(4.068361409928,3.99167037835));
#2158 = CARTESIAN_POINT('',(4.072168833377,4.079822861));
#2159 = CARTESIAN_POINT('',(4.075741941561,4.191786021074));
#2160 = CARTESIAN_POINT('',(4.079035102944,4.322822508147));
#2161 = CARTESIAN_POINT('',(4.085581924891,4.63953418789));
#2162 = CARTESIAN_POINT('',(4.088747836092,4.833069645089));
#2163 = CARTESIAN_POINT('',(4.091523051187,5.042526576697));
#2164 = CARTESIAN_POINT('',(4.093921452224,5.263974298352));
#2165 = CARTESIAN_POINT('',(4.095958808025,5.494405053439));
#2166 = CARTESIAN_POINT('',(4.09764975044,5.731502735533));
#2167 = CARTESIAN_POINT('',(4.101263004512,6.37623135368));
#2168 = CARTESIAN_POINT('',(4.102593044591,6.792507022326));
#2169 = CARTESIAN_POINT('',(4.103052181022,7.214533449871));
#2170 = CARTESIAN_POINT('',(4.1026606908,7.637299188864));
#2171 = CARTESIAN_POINT('',(4.101407194079,8.055662845458));
#2172 = CARTESIAN_POINT('',(4.099250566317,8.463386980228));
#2173 = CARTESIAN_POINT('',(4.094260797214,9.080834314109));
#2174 = CARTESIAN_POINT('',(4.09204479322,9.304834618363));
#2175 = CARTESIAN_POINT('',(4.089464271804,9.519251400978));
#2176 = CARTESIAN_POINT('',(4.086506795455,9.72071449961));
#2177 = CARTESIAN_POINT('',(4.083163241103,9.905139999051));
#2178 = CARTESIAN_POINT('',(4.079430936562,10.067555040703));
#2179 = CARTESIAN_POINT('',(4.071553662069,10.324724056152));
#2180 = CARTESIAN_POINT('',(4.067439736703,10.425003295579));
#2181 = CARTESIAN_POINT('',(4.063064262322,10.494300036688));
#2182 = CARTESIAN_POINT('',(4.058537233449,10.527454637703));
#2183 = CARTESIAN_POINT('',(4.053981380888,10.522515992974));
#2184 = CARTESIAN_POINT('',(4.049520085868,10.480802370518));
#2185 = CARTESIAN_POINT('',(4.040525716399,10.324797861548));
#2186 = CARTESIAN_POINT('',(4.036106720279,10.203954241596));
#2187 = CARTESIAN_POINT('',(4.032053598469,10.051226400763));
#2188 = CARTESIAN_POINT('',(4.028394148276,9.872811560685));
#2189 = CARTESIAN_POINT('',(4.025142324556,9.67451629625));
#2190 = CARTESIAN_POINT('',(4.022300114225,9.46182874133));
#2191 = CARTESIAN_POINT('',(4.016952952577,8.975986743384));
#2192 = CARTESIAN_POINT('',(4.01458350748,8.696251852089));
#2193 = CARTESIAN_POINT('',(4.012722221506,8.405991382929));
#2194 = CARTESIAN_POINT('',(4.011344467092,8.108837669463));
#2195 = CARTESIAN_POINT('',(4.010431894841,7.807425159582));
#2196 = CARTESIAN_POINT('',(4.009974933773,7.503842341103));
#2197 = CARTESIAN_POINT('',(4.009974933773,6.958300646653));
#2198 = CARTESIAN_POINT('',(4.010264099742,6.716681684));
#2199 = CARTESIAN_POINT('',(4.010842064891,6.476171446142));
#2200 = CARTESIAN_POINT('',(4.011712513686,6.237833747811));
#2201 = CARTESIAN_POINT('',(4.012882603149,6.002908143809));
#2202 = CARTESIAN_POINT('',(4.014362370584,5.77295423202));
#2203 = CARTESIAN_POINT('',(4.018157172709,5.303375298369));
#2204 = CARTESIAN_POINT('',(4.020552422277,5.064299234344));
#2205 = CARTESIAN_POINT('',(4.023367072051,4.836315180169));
#2206 = CARTESIAN_POINT('',(4.026615174242,4.623741433976));
#2207 = CARTESIAN_POINT('',(4.030305401639,4.431775994505));
#2208 = CARTESIAN_POINT('',(4.034436827875,4.26671763254));
#2209 = CARTESIAN_POINT('',(4.041229661199,4.072306264299));
#2210 = CARTESIAN_POINT('',(4.043568591224,4.016683181637));
#2211 = CARTESIAN_POINT('',(4.04599166931,3.970796301983));
#2212 = CARTESIAN_POINT('',(4.048480884214,3.935638485452));
#2213 = CARTESIAN_POINT('',(4.051016640516,3.911907866988));
#2214 = CARTESIAN_POINT('',(4.053578376433,3.9));
#2215 = CARTESIAN_POINT('',(4.056145181635,3.9));
#2216 = ( GEOMETRIC_REPRESENTATION_CONTEXT(2) 
PARAMETRIC_REPRESENTATION_CONTEXT() REPRESENTATION_CONTEXT('2D SPACE',''
  ) );
#2217 = ORIENTED_EDGE('',*,*,#2218,.F.);
#2218 = EDGE_CURVE('',#648,#2019,#2219,.T.);
#2219 = SEAM_CURVE('',#2220,(#2224,#2231),.PCURVE_S1.);
#2220 = LINE('',#2221,#2222);
#2221 = CARTESIAN_POINT('',(-41.55088566167,-53.95492471248,95.7));
#2222 = VECTOR('',#2223,1.);
#2223 = DIRECTION('',(-0.610145163901,-0.792289643355,2.22044604925E-16)
  );
#2224 = PCURVE('',#781,#2225);
#2225 = DEFINITIONAL_REPRESENTATION('',(#2226),#2230);
#2226 = LINE('',#2227,#2228);
#2227 = CARTESIAN_POINT('',(6.28318530718,-0.));
#2228 = VECTOR('',#2229,1.);
#2229 = DIRECTION('',(0.,1.));
#2230 = ( GEOMETRIC_REPRESENTATION_CONTEXT(2) 
PARAMETRIC_REPRESENTATION_CONTEXT() REPRESENTATION_CONTEXT('2D SPACE',''
  ) );
#2231 = PCURVE('',#781,#2232);
#2232 = DEFINITIONAL_REPRESENTATION('',(#2233),#2237);
#2233 = LINE('',#2234,#2235);
#2234 = CARTESIAN_POINT('',(0.,-0.));
#2235 = VECTOR('',#2236,1.);
#2236 = DIRECTION('',(0.,1.));
#2237 = ( GEOMETRIC_REPRESENTATION_CONTEXT(2) 
PARAMETRIC_REPRESENTATION_CONTEXT() REPRESENTATION_CONTEXT('2D SPACE',''
  ) );
#2238 = ORIENTED_EDGE('',*,*,#647,.T.);
#2239 = ORIENTED_EDGE('',*,*,#2218,.T.);
#2240 = ADVANCED_FACE('',(#2241),#988,.F.);
#2241 = FACE_BOUND('',#2242,.F.);
#2242 = EDGE_LOOP('',(#2243,#2443,#2464,#2465));
#2243 = ORIENTED_EDGE('',*,*,#2244,.F.);
#2244 = EDGE_CURVE('',#2245,#2245,#2247,.T.);
#2245 = VERTEX_POINT('',#2246);
#2246 = CARTESIAN_POINT('',(27.246531909045,-66.10504140328,95.7));
#2247 = SURFACE_CURVE('',#2248,(#2311,#2377),.PCURVE_S1.);
#2248 = B_SPLINE_CURVE_WITH_KNOTS('',7,(#2249,#2250,#2251,#2252,#2253,
    #2254,#2255,#2256,#2257,#2258,#2259,#2260,#2261,#2262,#2263,#2264,
    #2265,#2266,#2267,#2268,#2269,#2270,#2271,#2272,#2273,#2274,#2275,
    #2276,#2277,#2278,#2279,#2280,#2281,#2282,#2283,#2284,#2285,#2286,
    #2287,#2288,#2289,#2290,#2291,#2292,#2293,#2294,#2295,#2296,#2297,
    #2298,#2299,#2300,#2301,#2302,#2303,#2304,#2305,#2306,#2307,#2308,
    #2309,#2310),.UNSPECIFIED.,.T.,.F.,(8,6,6,6,6,6,6,6,6,6,8),(0.,
    8.234480399649E-02,0.18075049002,0.344501974648,0.442272770652,
    0.531818649715,0.631500174683,0.750063715074,0.844378192992,
    0.948705793166,1.),.UNSPECIFIED.);
#2249 = CARTESIAN_POINT('',(27.246531909045,-66.10504140328,95.7));
#2250 = CARTESIAN_POINT('',(27.519995289666,-65.99232793138,95.7));
#2251 = CARTESIAN_POINT('',(27.790167141707,-65.87942748405,
    95.730929493041));
#2252 = CARTESIAN_POINT('',(28.052465960823,-65.76828221258,
    95.791670379739));
#2253 = CARTESIAN_POINT('',(28.302615773972,-65.66086995842,
    95.879822861347));
#2254 = CARTESIAN_POINT('',(28.536928779356,-65.55904876001,
    95.991786018911));
#2255 = CARTESIAN_POINT('',(28.752529861119,-65.46439874494,
    96.122822509608));
#2256 = CARTESIAN_POINT('',(29.180548386441,-65.27488446706,
    96.43953418789));
#2257 = CARTESIAN_POINT('',(29.387100387571,-65.18226997949,
    96.633069645089));
#2258 = CARTESIAN_POINT('',(29.567848615321,-65.10038916561,
    96.842526576697));
#2259 = CARTESIAN_POINT('',(29.723837557445,-65.02914929499,
    97.063974298352));
#2260 = CARTESIAN_POINT('',(29.856201167306,-64.9683215809,
    97.294405053439));
#2261 = CARTESIAN_POINT('',(29.965968646227,-64.91764111073,
    97.531502735533));
#2262 = CARTESIAN_POINT('',(30.200385289878,-64.80904851368,
    98.176231345656));
#2263 = CARTESIAN_POINT('',(30.286495545424,-64.76869004472,
    98.592507055476));
#2264 = CARTESIAN_POINT('',(30.316188493344,-64.75469032813,
    99.014533386093));
#2265 = CARTESIAN_POINT('',(30.290857891291,-64.76660179013,
    99.437299258177));
#2266 = CARTESIAN_POINT('',(30.209731013164,-64.80469343916,
    99.855662804662));
#2267 = CARTESIAN_POINT('',(30.069969782312,-64.86984523045,
    100.26338699097));
#2268 = CARTESIAN_POINT('',(29.745818621163,-65.0188746786,
    100.8808343141));
#2269 = CARTESIAN_POINT('',(29.601738740306,-65.08479632095,
    101.10483461836));
#2270 = CARTESIAN_POINT('',(29.433776085943,-65.16116262724,
    101.31925140097));
#2271 = CARTESIAN_POINT('',(29.241013803396,-65.24810320223,
    101.52071449961));
#2272 = CARTESIAN_POINT('',(29.022720540751,-65.34557809938,
    101.70513999904));
#2273 = CARTESIAN_POINT('',(28.778553769684,-65.45327544095,
    101.8675550407));
#2274 = CARTESIAN_POINT('',(28.262037006609,-65.67784830738,
    102.12472405451));
#2275 = CARTESIAN_POINT('',(27.991813073665,-65.79404658828,
    102.22500329753));
#2276 = CARTESIAN_POINT('',(27.703817156541,-65.91625606156,
    102.29430003722));
#2277 = CARTESIAN_POINT('',(27.405155567756,-66.04106509676,
    102.32745463622));
#2278 = CARTESIAN_POINT('',(27.103884757254,-66.16495979247,
    102.32251599248));
#2279 = CARTESIAN_POINT('',(26.808226061514,-66.28470132272,
    102.28080237161));
#2280 = CARTESIAN_POINT('',(26.211021490121,-66.52328253221,
    102.12479786154));
#2281 = CARTESIAN_POINT('',(25.916916010296,-66.63876012245,
    102.00395424159));
#2282 = CARTESIAN_POINT('',(25.646588965923,-66.74321066069,
    101.85122640076));
#2283 = CARTESIAN_POINT('',(25.402083093957,-66.83637711298,
    101.67281156068));
#2284 = CARTESIAN_POINT('',(25.184497289547,-66.91832864669,
    101.47451629625));
#2285 = CARTESIAN_POINT('',(24.994099850624,-66.98936830266,
    101.26182874133));
#2286 = CARTESIAN_POINT('',(24.635572599893,-67.12214017657,
    100.77598673657));
#2287 = CARTESIAN_POINT('',(24.476456847042,-67.18031420705,
    100.49625186744));
#2288 = CARTESIAN_POINT('',(24.351333582789,-67.2256474845,
    100.20599137544));
#2289 = CARTESIAN_POINT('',(24.258653374881,-67.2590315775,
    99.908837656655));
#2290 = CARTESIAN_POINT('',(24.197244432819,-67.28108522075,
    99.607425178058));
#2291 = CARTESIAN_POINT('',(24.166494552403,-67.29212837359,
    99.30384233339));
#2292 = CARTESIAN_POINT('',(24.166494552403,-67.29212837359,
    98.758300646653));
#2293 = CARTESIAN_POINT('',(24.185953149384,-67.28514026322,98.516681684
    ));
#2294 = CARTESIAN_POINT('',(24.224845641244,-67.27117280933,
    98.276171446142));
#2295 = CARTESIAN_POINT('',(24.283407285199,-67.25010175737,
    98.037833747811));
#2296 = CARTESIAN_POINT('',(24.362094234758,-67.22168317425,
    97.802908143809));
#2297 = CARTESIAN_POINT('',(24.46154080498,-67.18556107892,
    97.57295423202));
#2298 = CARTESIAN_POINT('',(24.716328636651,-67.09227530609,
    97.103375298376));
#2299 = CARTESIAN_POINT('',(24.877034796894,-67.03308287776,
    96.864299234343));
#2300 = CARTESIAN_POINT('',(25.065702556566,-66.9630438121,
    96.636315180163));
#2301 = CARTESIAN_POINT('',(25.283158858128,-66.88150231886,
    96.423741433973));
#2302 = CARTESIAN_POINT('',(25.529832373992,-66.7878426499,
    96.231775994508));
#2303 = CARTESIAN_POINT('',(25.80546291213,-66.68158741304,
    96.066717632543));
#2304 = CARTESIAN_POINT('',(26.257612199986,-66.50423617531,
    95.872306259313));
#2305 = CARTESIAN_POINT('',(26.413145055133,-66.44278103125,
    95.81668318382));
#2306 = CARTESIAN_POINT('',(26.574100345903,-66.37867674568,
    95.770796305847));
#2307 = CARTESIAN_POINT('',(26.739258136561,-66.31234514491,
    95.735638485262));
#2308 = CARTESIAN_POINT('',(26.907300171259,-66.24426853383,
    95.711907864076));
#2309 = CARTESIAN_POINT('',(27.076853134074,-66.17497794758,95.7));
#2310 = CARTESIAN_POINT('',(27.246531909045,-66.10504140328,95.7));
#2311 = PCURVE('',#988,#2312);
#2312 = DEFINITIONAL_REPRESENTATION('',(#2313),#2376);
#2313 = B_SPLINE_CURVE_WITH_KNOTS('',7,(#2314,#2315,#2316,#2317,#2318,
    #2319,#2320,#2321,#2322,#2323,#2324,#2325,#2326,#2327,#2328,#2329,
    #2330,#2331,#2332,#2333,#2334,#2335,#2336,#2337,#2338,#2339,#2340,
    #2341,#2342,#2343,#2344,#2345,#2346,#2347,#2348,#2349,#2350,#2351,
    #2352,#2353,#2354,#2355,#2356,#2357,#2358,#2359,#2360,#2361,#2362,
    #2363,#2364,#2365,#2366,#2367,#2368,#2369,#2370,#2371,#2372,#2373,
    #2374,#2375),.UNSPECIFIED.,.F.,.F.,(8,6,6,6,6,6,6,6,6,6,8),(0.,
    8.234480399649E-02,0.18075049002,0.344501974648,0.442272770652,
    0.531818649715,0.631500174683,0.750063715074,0.844378192992,
    0.948705793166,1.),.UNSPECIFIED.);
#2314 = CARTESIAN_POINT('',(0.,3.4));
#2315 = CARTESIAN_POINT('',(8.963068152879E-02,3.4));
#2316 = CARTESIAN_POINT('',(0.178360676068,3.39857282856));
#2317 = CARTESIAN_POINT('',(0.265858886248,3.395768218386));
#2318 = CARTESIAN_POINT('',(0.351766831638,3.391785328284));
#2319 = CARTESIAN_POINT('',(0.435661453023,3.386936688301));
#2320 = CARTESIAN_POINT('',(0.516993086676,3.381587577654));
#2321 = CARTESIAN_POINT('',(0.68821866053,3.369478084252));
#2322 = CARTESIAN_POINT('',(0.777872383587,3.362562575922));
#2323 = CARTESIAN_POINT('',(0.864536362135,3.355737789396));
#2324 = CARTESIAN_POINT('',(0.948673372383,3.349316014455));
#2325 = CARTESIAN_POINT('',(1.030695214856,3.343517843289));
#2326 = CARTESIAN_POINT('',(1.111001904331,3.338490550119));
#2327 = CARTESIAN_POINT('',(1.321448968636,3.327420933848));
#2328 = CARTESIAN_POINT('',(1.449255790381,3.322921738941));
#2329 = CARTESIAN_POINT('',(1.57538330083,3.321293459338));
#2330 = CARTESIAN_POINT('',(1.701378584953,3.322653412223));
#2331 = CARTESIAN_POINT('',(1.828775571178,3.326955845272));
#2332 = CARTESIAN_POINT('',(1.959115632796,3.333932810652));
#2333 = CARTESIAN_POINT('',(2.175166165053,3.348192990854));
#2334 = CARTESIAN_POINT('',(2.257940180798,3.354236009397));
#2335 = CARTESIAN_POINT('',(2.343009080023,3.360834583067));
#2336 = CARTESIAN_POINT('',(2.430674786729,3.367759151273));
#2337 = CARTESIAN_POINT('',(2.521293996371,3.374694085067));
#2338 = CARTESIAN_POINT('',(2.615277303914,3.381220511698));
#2339 = CARTESIAN_POINT('',(2.802872845115,3.392019227314));
#2340 = CARTESIAN_POINT('',(2.89656745309,3.396475551211));
#2341 = CARTESIAN_POINT('',(2.992701524597,3.399717122476));
#2342 = CARTESIAN_POINT('',(3.090107416853,3.401297736886));
#2343 = CARTESIAN_POINT('',(3.187787376701,3.40103870525));
#2344 = CARTESIAN_POINT('',(3.284702932051,3.39907849165));
#2345 = CARTESIAN_POINT('',(3.485221711363,3.392080831795));
#2346 = CARTESIAN_POINT('',(3.586889639792,3.386770293944));
#2347 = CARTESIAN_POINT('',(3.685048182827,3.380325996242));
#2348 = CARTESIAN_POINT('',(3.77994817672,3.373288725523));
#2349 = CARTESIAN_POINT('',(3.871737656783,3.366141186587));
#2350 = CARTESIAN_POINT('',(3.960444583718,3.359265795038));
#2351 = CARTESIAN_POINT('',(4.147740901118,3.34539539007));
#2352 = CARTESIAN_POINT('',(4.246082588194,3.338545659387));
#2353 = CARTESIAN_POINT('',(4.341847838959,3.332777591842));
#2354 = CARTESIAN_POINT('',(4.435708324274,3.328325040901));
#2355 = CARTESIAN_POINT('',(4.528320854707,3.325313520637));
#2356 = CARTESIAN_POINT('',(4.620315546024,3.323805555291));
#2357 = CARTESIAN_POINT('',(4.785631208672,3.323805555291));
#2358 = CARTESIAN_POINT('',(4.858849326394,3.324759820435));
#2359 = CARTESIAN_POINT('',(4.932372119408,3.326667042857));
#2360 = CARTESIAN_POINT('',(5.006520025732,3.329501993045));
#2361 = CARTESIAN_POINT('',(5.081610161339,3.33321297022));
#2362 = CARTESIAN_POINT('',(5.157974006969,3.337712572203));
#2363 = CARTESIAN_POINT('',(5.32228402136,3.348557675845));
#2364 = CARTESIAN_POINT('',(5.410954848681,3.355071907977));
#2365 = CARTESIAN_POINT('',(5.502308681264,3.362213261802));
#2366 = CARTESIAN_POINT('',(5.59667162537,3.369690552331));
#2367 = CARTESIAN_POINT('',(5.694450378284,3.377097846406));
#2368 = CARTESIAN_POINT('',(5.796121796365,3.383894621524));
#2369 = CARTESIAN_POINT('',(5.954632661386,3.392225937414));
#2370 = CARTESIAN_POINT('',(6.007939053812,3.394676791373));
#2371 = CARTESIAN_POINT('',(6.062076127238,3.396744721636));
#2372 = CARTESIAN_POINT('',(6.11684513626,3.398354844691));
#2373 = CARTESIAN_POINT('',(6.172066954432,3.399450725341));
#2374 = CARTESIAN_POINT('',(6.227571190924,3.4));
#2375 = CARTESIAN_POINT('',(6.28318530718,3.4));
#2376 = ( GEOMETRIC_REPRESENTATION_CONTEXT(2) 
PARAMETRIC_REPRESENTATION_CONTEXT() REPRESENTATION_CONTEXT('2D SPACE',''
  ) );
#2377 = PCURVE('',#1548,#2378);
#2378 = DEFINITIONAL_REPRESENTATION('',(#2379),#2442);
#2379 = B_SPLINE_CURVE_WITH_KNOTS('',7,(#2380,#2381,#2382,#2383,#2384,
    #2385,#2386,#2387,#2388,#2389,#2390,#2391,#2392,#2393,#2394,#2395,
    #2396,#2397,#2398,#2399,#2400,#2401,#2402,#2403,#2404,#2405,#2406,
    #2407,#2408,#2409,#2410,#2411,#2412,#2413,#2414,#2415,#2416,#2417,
    #2418,#2419,#2420,#2421,#2422,#2423,#2424,#2425,#2426,#2427,#2428,
    #2429,#2430,#2431,#2432,#2433,#2434,#2435,#2436,#2437,#2438,#2439,
    #2440,#2441),.UNSPECIFIED.,.T.,.F.,(8,6,6,6,6,6,6,6,6,6,8),(0.,
    8.234480399649E-02,0.18075049002,0.344501974648,0.442272770652,
    0.531818649715,0.631500174683,0.750063715074,0.844378192992,
    0.948705793166,1.),.UNSPECIFIED.);
#2380 = CARTESIAN_POINT('',(5.103342732831,3.9));
#2381 = CARTESIAN_POINT('',(5.107479533517,3.9));
#2382 = CARTESIAN_POINT('',(5.111574768993,3.930929493041));
#2383 = CARTESIAN_POINT('',(5.115558961164,3.991670379739));
#2384 = CARTESIAN_POINT('',(5.11936638462,4.079822861347));
#2385 = CARTESIAN_POINT('',(5.122939492687,4.191786018911));
#2386 = CARTESIAN_POINT('',(5.12623265417,4.322822509608));
#2387 = CARTESIAN_POINT('',(5.132779476088,4.63953418789));
#2388 = CARTESIAN_POINT('',(5.135945387289,4.833069645089));
#2389 = CARTESIAN_POINT('',(5.138720602384,5.042526576697));
#2390 = CARTESIAN_POINT('',(5.14111900342,5.263974298352));
#2391 = CARTESIAN_POINT('',(5.143156359221,5.494405053439));
#2392 = CARTESIAN_POINT('',(5.144847301637,5.731502735533));
#2393 = CARTESIAN_POINT('',(5.148460555664,6.376231345656));
#2394 = CARTESIAN_POINT('',(5.149790595869,6.792507055476));
#2395 = CARTESIAN_POINT('',(5.150249732225,7.214533386093));
#2396 = CARTESIAN_POINT('',(5.149858241825,7.637299258178));
#2397 = CARTESIAN_POINT('',(5.148604745477,8.055662804662));
#2398 = CARTESIAN_POINT('',(5.146448117427,8.46338699097));
#2399 = CARTESIAN_POINT('',(5.14145834841,9.080834314109));
#2400 = CARTESIAN_POINT('',(5.139242344417,9.304834618364));
#2401 = CARTESIAN_POINT('',(5.136661823001,9.519251400976));
#2402 = CARTESIAN_POINT('',(5.133704346652,9.720714499612));
#2403 = CARTESIAN_POINT('',(5.1303607923,9.905139999049));
#2404 = CARTESIAN_POINT('',(5.126628487759,10.067555040703));
#2405 = CARTESIAN_POINT('',(5.118751213315,10.324724054519));
#2406 = CARTESIAN_POINT('',(5.114637287766,10.425003297537));
#2407 = CARTESIAN_POINT('',(5.110261813609,10.494300037225));
#2408 = CARTESIAN_POINT('',(5.105734784726,10.527454636224));
#2409 = CARTESIAN_POINT('',(5.101178931939,10.522515992482));
#2410 = CARTESIAN_POINT('',(5.096717637128,10.480802371616));
#2411 = CARTESIAN_POINT('',(5.087723267596,10.324797861548));
#2412 = CARTESIAN_POINT('',(5.083304271475,10.203954241596));
#2413 = CARTESIAN_POINT('',(5.079251149665,10.051226400763));
#2414 = CARTESIAN_POINT('',(5.075591699473,9.872811560685));
#2415 = CARTESIAN_POINT('',(5.072339875752,9.67451629625));
#2416 = CARTESIAN_POINT('',(5.069497665422,9.461828741331));
#2417 = CARTESIAN_POINT('',(5.064150503699,8.975986736575));
#2418 = CARTESIAN_POINT('',(5.061781058874,8.696251867442));
#2419 = CARTESIAN_POINT('',(5.059919772482,8.405991375447));
#2420 = CARTESIAN_POINT('',(5.058542018407,8.108837656655));
#2421 = CARTESIAN_POINT('',(5.057629446012,7.807425178058));
#2422 = CARTESIAN_POINT('',(5.057172484969,7.50384233339));
#2423 = CARTESIAN_POINT('',(5.057172484969,6.958300646653));
#2424 = CARTESIAN_POINT('',(5.057461650938,6.716681684));
#2425 = CARTESIAN_POINT('',(5.058039616088,6.476171446142));
#2426 = CARTESIAN_POINT('',(5.058910064883,6.237833747811));
#2427 = CARTESIAN_POINT('',(5.060080154346,6.002908143809));
#2428 = CARTESIAN_POINT('',(5.06155992178,5.77295423202));
#2429 = CARTESIAN_POINT('',(5.065354723906,5.303375298376));
#2430 = CARTESIAN_POINT('',(5.067749973474,5.064299234343));
#2431 = CARTESIAN_POINT('',(5.070564623248,4.836315180163));
#2432 = CARTESIAN_POINT('',(5.073812725439,4.623741433973));
#2433 = CARTESIAN_POINT('',(5.077502952836,4.431775994508));
#2434 = CARTESIAN_POINT('',(5.081634379072,4.266717632543));
#2435 = CARTESIAN_POINT('',(5.088427212569,4.072306259313));
#2436 = CARTESIAN_POINT('',(5.090766142236,4.01668318382));
#2437 = CARTESIAN_POINT('',(5.093189220359,3.970796305847));
#2438 = CARTESIAN_POINT('',(5.095678435554,3.935638485262));
#2439 = CARTESIAN_POINT('',(5.0982141919,3.911907864076));
#2440 = CARTESIAN_POINT('',(5.100775927466,3.9));
#2441 = CARTESIAN_POINT('',(5.103342732831,3.9));
#2442 = ( GEOMETRIC_REPRESENTATION_CONTEXT(2) 
PARAMETRIC_REPRESENTATION_CONTEXT() REPRESENTATION_CONTEXT('2D SPACE',''
  ) );
#2443 = ORIENTED_EDGE('',*,*,#2444,.F.);
#2444 = EDGE_CURVE('',#855,#2245,#2445,.T.);
#2445 = SEAM_CURVE('',#2446,(#2450,#2457),.PCURVE_S1.);
#2446 = LINE('',#2447,#2448);
#2447 = CARTESIAN_POINT('',(25.950892629454,-62.96158488899,95.7));
#2448 = VECTOR('',#2449,1.);
#2449 = DIRECTION('',(0.38107037635,-0.924546033612,2.22044604925E-16));
#2450 = PCURVE('',#988,#2451);
#2451 = DEFINITIONAL_REPRESENTATION('',(#2452),#2456);
#2452 = LINE('',#2453,#2454);
#2453 = CARTESIAN_POINT('',(6.28318530718,-0.));
#2454 = VECTOR('',#2455,1.);
#2455 = DIRECTION('',(0.,1.));
#2456 = ( GEOMETRIC_REPRESENTATION_CONTEXT(2) 
PARAMETRIC_REPRESENTATION_CONTEXT() REPRESENTATION_CONTEXT('2D SPACE',''
  ) );
#2457 = PCURVE('',#988,#2458);
#2458 = DEFINITIONAL_REPRESENTATION('',(#2459),#2463);
#2459 = LINE('',#2460,#2461);
#2460 = CARTESIAN_POINT('',(0.,-0.));
#2461 = VECTOR('',#2462,1.);
#2462 = DIRECTION('',(0.,1.));
#2463 = ( GEOMETRIC_REPRESENTATION_CONTEXT(2) 
PARAMETRIC_REPRESENTATION_CONTEXT() REPRESENTATION_CONTEXT('2D SPACE',''
  ) );
#2464 = ORIENTED_EDGE('',*,*,#854,.T.);
#2465 = ORIENTED_EDGE('',*,*,#2444,.T.);
#2466 = ADVANCED_FACE('',(#2467),#1195,.F.);
#2467 = FACE_BOUND('',#2468,.F.);
#2468 = EDGE_LOOP('',(#2469,#2669,#2690,#2691));
#2469 = ORIENTED_EDGE('',*,*,#2470,.F.);
#2470 = EDGE_CURVE('',#2471,#2471,#2473,.T.);
#2471 = VERTEX_POINT('',#2472);
#2472 = CARTESIAN_POINT('',(70.871911127985,-9.456331903384,95.7));
#2473 = SURFACE_CURVE('',#2474,(#2537,#2603),.PCURVE_S1.);
#2474 = B_SPLINE_CURVE_WITH_KNOTS('',7,(#2475,#2476,#2477,#2478,#2479,
    #2480,#2481,#2482,#2483,#2484,#2485,#2486,#2487,#2488,#2489,#2490,
    #2491,#2492,#2493,#2494,#2495,#2496,#2497,#2498,#2499,#2500,#2501,
    #2502,#2503,#2504,#2505,#2506,#2507,#2508,#2509,#2510,#2511,#2512,
    #2513,#2514,#2515,#2516,#2517,#2518,#2519,#2520,#2521,#2522,#2523,
    #2524,#2525,#2526,#2527,#2528,#2529,#2530,#2531,#2532,#2533,#2534,
    #2535,#2536),.UNSPECIFIED.,.T.,.F.,(8,6,6,6,6,6,6,6,6,6,8),(0.,
    8.23448064006E-02,0.180750494436,0.344501985674,0.44227278318,
    0.531818663751,0.631500189708,0.750063727288,0.844378200575,
    0.948705795652,1.),.UNSPECIFIED.);
#2475 = CARTESIAN_POINT('',(70.871911127985,-9.456331903384,95.7));
#2476 = CARTESIAN_POINT('',(70.91103008794,-9.163148935435,95.7));
#2477 = CARTESIAN_POINT('',(70.948341359549,-8.872723016123,
    95.730929494028));
#2478 = CARTESIAN_POINT('',(70.983236139429,-8.589992948445,
    95.791670378323));
#2479 = CARTESIAN_POINT('',(71.015289305113,-8.319650728994,
    95.87982286086));
#2480 = CARTESIAN_POINT('',(71.04426606439,-8.065819106019,
    95.991786021026));
#2481 = CARTESIAN_POINT('',(71.070097286958,-7.831778091529,
    96.122822508345));
#2482 = CARTESIAN_POINT('',(71.11998237079,-7.366346034511,
    96.439534187889));
#2483 = CARTESIAN_POINT('',(71.143051872362,-7.141159510546,
    96.633069645089));
#2484 = CARTESIAN_POINT('',(71.162515121337,-6.943686546687,
    96.842526576697));
#2485 = CARTESIAN_POINT('',(71.178814054674,-6.772976224786,
    97.063974298352));
#2486 = CARTESIAN_POINT('',(71.192317513953,-6.627932119067,
    97.294405053439));
#2487 = CARTESIAN_POINT('',(71.203310678774,-6.507530458729,
    97.531502735533));
#2488 = CARTESIAN_POINT('',(71.226475053173,-6.250223388526,
    98.17623135368));
#2489 = CARTESIAN_POINT('',(71.234578720773,-6.155470494198,
    98.592507022326));
#2490 = CARTESIAN_POINT('',(71.237301084959,-6.122755783399,
    99.014533449873));
#2491 = CARTESIAN_POINT('',(71.234951413841,-6.150648446565,
    99.437299188862));
#2492 = CARTESIAN_POINT('',(71.227376308028,-6.239952235065,
    99.855662845458));
#2493 = CARTESIAN_POINT('',(71.213918800872,-6.393564886536,
    100.26338698022));
#2494 = CARTESIAN_POINT('',(71.180906507696,-6.748802757382,
    100.88083431475));
#2495 = CARTESIAN_POINT('',(71.165956384225,-6.906540415311,
    101.1048346183));
#2496 = CARTESIAN_POINT('',(71.148110218329,-7.090183493516,
    101.31925140046));
#2497 = CARTESIAN_POINT('',(71.127021823631,-7.300590814474,
    101.52071449931));
#2498 = CARTESIAN_POINT('',(71.102290929428,-7.538375774508,
    101.70513999925));
#2499 = CARTESIAN_POINT('',(71.073476177533,-7.803679072409,
    101.867555041));
#2500 = CARTESIAN_POINT('',(71.009703603421,-8.363282143062,
    102.12472405442));
#2501 = CARTESIAN_POINT('',(70.975222300042,-8.655402074577,
    102.22500329768));
#2502 = CARTESIAN_POINT('',(70.937060849921,-8.965918591594,
    102.29430003718));
#2503 = CARTESIAN_POINT('',(70.895817850675,-9.286971631865,
    102.32745463614));
#2504 = CARTESIAN_POINT('',(70.852478399319,-9.609827154984,
    102.32251599258));
#2505 = CARTESIAN_POINT('',(70.808348258472,-9.92574586192,
    102.28080237156));
#2506 = CARTESIAN_POINT('',(70.716363361458,-10.56223079395,
    102.12479786217));
#2507 = CARTESIAN_POINT('',(70.669317146995,-10.87467241485,
    102.00395424051));
#2508 = CARTESIAN_POINT('',(70.624610445974,-11.16100776011,
    101.85122639975));
#2509 = CARTESIAN_POINT('',(70.583042023866,-11.41933928799,
    101.67281156505));
#2510 = CARTESIAN_POINT('',(70.545221231109,-11.64874989182,
    101.47451629174));
#2511 = CARTESIAN_POINT('',(70.511544659123,-11.84915873461,
    101.26182874307));
#2512 = CARTESIAN_POINT('',(70.447264850144,-12.22603837472,
    100.77598674338));
#2513 = CARTESIAN_POINT('',(70.418087158676,-12.39292369325,
    100.49625185208));
#2514 = CARTESIAN_POINT('',(70.394785301489,-12.52395022796,
    100.20599138292));
#2515 = CARTESIAN_POINT('',(70.377356666082,-12.62090571285,
    99.908837669462));
#2516 = CARTESIAN_POINT('',(70.365751212067,-12.68511422819,
    99.607425159583));
#2517 = CARTESIAN_POINT('',(70.35993992246,-12.717265984,99.303842341103
    ));
#2518 = CARTESIAN_POINT('',(70.35993992246,-12.717265984,98.758300646653
    ));
#2519 = CARTESIAN_POINT('',(70.363617339841,-12.6969202895,
    98.516681683999));
#2520 = CARTESIAN_POINT('',(70.370967415881,-12.65625467659,
    98.276171446142));
#2521 = CARTESIAN_POINT('',(70.382000171577,-12.59500327926,
    98.037833747811));
#2522 = CARTESIAN_POINT('',(70.396732431432,-12.51264909043,
    97.802908143809));
#2523 = CARTESIAN_POINT('',(70.415173064354,-12.40846478664,
    97.57295423202));
#2524 = CARTESIAN_POINT('',(70.461779131113,-12.14116916539,
    97.103375298316));
#2525 = CARTESIAN_POINT('',(70.490870064584,-11.97239733393,
    96.86429923435));
#2526 = CARTESIAN_POINT('',(70.524548334288,-11.77398672839,
    96.63631518021));
#2527 = CARTESIAN_POINT('',(70.562659480462,-11.54489330042,
    96.423741433999));
#2528 = CARTESIAN_POINT('',(70.604884585769,-11.28443793471,
    96.231775994487));
#2529 = CARTESIAN_POINT('',(70.650680120446,-10.99260726814,
    96.066717632518));
#2530 = CARTESIAN_POINT('',(70.723164087102,-10.51235887971,
    95.8723062593));
#2531 = CARTESIAN_POINT('',(70.747708798716,-10.34693590407,
    95.816683183825));
#2532 = CARTESIAN_POINT('',(70.772670504302,-10.17549239059,
    95.770796305857));
#2533 = CARTESIAN_POINT('',(70.797804548305,-9.999295747822,
    95.735638485261));
#2534 = CARTESIAN_POINT('',(70.822869491057,-9.819728771323,
    95.711907864069));
#2535 = CARTESIAN_POINT('',(70.847638564512,-9.63824630517,95.7));
#2536 = CARTESIAN_POINT('',(70.871911127985,-9.456331903384,95.7));
#2537 = PCURVE('',#1195,#2538);
#2538 = DEFINITIONAL_REPRESENTATION('',(#2539),#2602);
#2539 = B_SPLINE_CURVE_WITH_KNOTS('',7,(#2540,#2541,#2542,#2543,#2544,
    #2545,#2546,#2547,#2548,#2549,#2550,#2551,#2552,#2553,#2554,#2555,
    #2556,#2557,#2558,#2559,#2560,#2561,#2562,#2563,#2564,#2565,#2566,
    #2567,#2568,#2569,#2570,#2571,#2572,#2573,#2574,#2575,#2576,#2577,
    #2578,#2579,#2580,#2581,#2582,#2583,#2584,#2585,#2586,#2587,#2588,
    #2589,#2590,#2591,#2592,#2593,#2594,#2595,#2596,#2597,#2598,#2599,
    #2600,#2601),.UNSPECIFIED.,.F.,.F.,(8,6,6,6,6,6,6,6,6,6,8),(0.,
    8.23448064006E-02,0.180750494436,0.344501985674,0.44227278318,
    0.531818663751,0.631500189708,0.750063727288,0.844378200575,
    0.948705795652,1.),.UNSPECIFIED.);
#2540 = CARTESIAN_POINT('',(0.,3.4));
#2541 = CARTESIAN_POINT('',(8.963068072802E-02,3.4));
#2542 = CARTESIAN_POINT('',(0.178360677907,3.39857282852));
#2543 = CARTESIAN_POINT('',(0.265858885207,3.395768218442));
#2544 = CARTESIAN_POINT('',(0.351766830509,3.391785328304));
#2545 = CARTESIAN_POINT('',(0.435661454755,3.386936688218));
#2546 = CARTESIAN_POINT('',(0.516993085994,3.381587577702));
#2547 = CARTESIAN_POINT('',(0.68821866053,3.369478084252));
#2548 = CARTESIAN_POINT('',(0.777872383588,3.362562575922));
#2549 = CARTESIAN_POINT('',(0.864536362135,3.355737789396));
#2550 = CARTESIAN_POINT('',(0.948673372383,3.349316014455));
#2551 = CARTESIAN_POINT('',(1.030695214856,3.343517843289));
#2552 = CARTESIAN_POINT('',(1.111001904331,3.338490550119));
#2553 = CARTESIAN_POINT('',(1.321448971255,3.327420933711));
#2554 = CARTESIAN_POINT('',(1.449255779555,3.322921739198));
#2555 = CARTESIAN_POINT('',(1.575383321783,3.321293459328));
#2556 = CARTESIAN_POINT('',(1.701378561919,3.322653411746));
#2557 = CARTESIAN_POINT('',(1.828775585002,3.326955845848));
#2558 = CARTESIAN_POINT('',(1.959115629037,3.333932810404));
#2559 = CARTESIAN_POINT('',(2.175166165278,3.348192990869));
#2560 = CARTESIAN_POINT('',(2.257940180803,3.354236009401));
#2561 = CARTESIAN_POINT('',(2.343009079839,3.360834583051));
#2562 = CARTESIAN_POINT('',(2.430674786566,3.36775915126));
#2563 = CARTESIAN_POINT('',(2.521293996407,3.374694085074));
#2564 = CARTESIAN_POINT('',(2.615277304134,3.38122051171));
#2565 = CARTESIAN_POINT('',(2.802872845045,3.39201922731));
#2566 = CARTESIAN_POINT('',(2.896567453162,3.396475551217));
#2567 = CARTESIAN_POINT('',(2.992701524652,3.399717122474));
#2568 = CARTESIAN_POINT('',(3.090107416795,3.401297736883));
#2569 = CARTESIAN_POINT('',(3.187787376633,3.401038705254));
#2570 = CARTESIAN_POINT('',(3.284702932122,3.399078491648));
#2571 = CARTESIAN_POINT('',(3.485221710556,3.392080831823));
#2572 = CARTESIAN_POINT('',(3.586889641681,3.386770293884));
#2573 = CARTESIAN_POINT('',(3.685048181554,3.380325996245));
#2574 = CARTESIAN_POINT('',(3.779948175956,3.373288725635));
#2575 = CARTESIAN_POINT('',(3.871737658304,3.366141186459));
#2576 = CARTESIAN_POINT('',(3.960444583048,3.359265795088));
#2577 = CARTESIAN_POINT('',(4.147740898493,3.345395390265));
#2578 = CARTESIAN_POINT('',(4.246082594282,3.33854565887));
#2579 = CARTESIAN_POINT('',(4.341847835061,3.332777592416));
#2580 = CARTESIAN_POINT('',(4.435708321341,3.328325040603));
#2581 = CARTESIAN_POINT('',(4.528320860063,3.325313520695));
#2582 = CARTESIAN_POINT('',(4.620315543687,3.323805555291));
#2583 = CARTESIAN_POINT('',(4.785631208672,3.323805555291));
#2584 = CARTESIAN_POINT('',(4.858849326394,3.324759820435));
#2585 = CARTESIAN_POINT('',(4.932372119408,3.326667042857));
#2586 = CARTESIAN_POINT('',(5.006520025732,3.329501993045));
#2587 = CARTESIAN_POINT('',(5.081610161339,3.33321297022));
#2588 = CARTESIAN_POINT('',(5.157974006969,3.337712572203));
#2589 = CARTESIAN_POINT('',(5.322284021381,3.348557675846));
#2590 = CARTESIAN_POINT('',(5.410954848681,3.355071907977));
#2591 = CARTESIAN_POINT('',(5.502308681247,3.3622132618));
#2592 = CARTESIAN_POINT('',(5.596671625354,3.36969055233));
#2593 = CARTESIAN_POINT('',(5.694450378288,3.377097846407));
#2594 = CARTESIAN_POINT('',(5.796121796386,3.383894621525));
#2595 = CARTESIAN_POINT('',(5.954632661396,3.392225937414));
#2596 = CARTESIAN_POINT('',(6.007939053802,3.394676791372));
#2597 = CARTESIAN_POINT('',(6.062076127229,3.396744721635));
#2598 = CARTESIAN_POINT('',(6.116845136268,3.398354844691));
#2599 = CARTESIAN_POINT('',(6.172066954443,3.399450725341));
#2600 = CARTESIAN_POINT('',(6.227571190915,3.4));
#2601 = CARTESIAN_POINT('',(6.28318530718,3.4));
#2602 = ( GEOMETRIC_REPRESENTATION_CONTEXT(2) 
PARAMETRIC_REPRESENTATION_CONTEXT() REPRESENTATION_CONTEXT('2D SPACE',''
  ) );
#2603 = PCURVE('',#1548,#2604);
#2604 = DEFINITIONAL_REPRESENTATION('',(#2605),#2668);
#2605 = B_SPLINE_CURVE_WITH_KNOTS('',7,(#2606,#2607,#2608,#2609,#2610,
    #2611,#2612,#2613,#2614,#2615,#2616,#2617,#2618,#2619,#2620,#2621,
    #2622,#2623,#2624,#2625,#2626,#2627,#2628,#2629,#2630,#2631,#2632,
    #2633,#2634,#2635,#2636,#2637,#2638,#2639,#2640,#2641,#2642,#2643,
    #2644,#2645,#2646,#2647,#2648,#2649,#2650,#2651,#2652,#2653,#2654,
    #2655,#2656,#2657,#2658,#2659,#2660,#2661,#2662,#2663,#2664,#2665,
    #2666,#2667),.UNSPECIFIED.,.T.,.F.,(8,6,6,6,6,6,6,6,6,6,8),(0.,
    8.23448064006E-02,0.180750494436,0.344501985674,0.44227278318,
    0.531818663751,0.631500189708,0.750063727288,0.844378200575,
    0.948705795652,1.),.UNSPECIFIED.);
#2606 = CARTESIAN_POINT('',(6.150540284028,3.9));
#2607 = CARTESIAN_POINT('',(6.154677084677,3.9));
#2608 = CARTESIAN_POINT('',(6.158772320271,3.930929494028));
#2609 = CARTESIAN_POINT('',(6.162756512318,3.991670378323));
#2610 = CARTESIAN_POINT('',(6.166563935766,4.07982286086));
#2611 = CARTESIAN_POINT('',(6.170137043955,4.191786021026));
#2612 = CARTESIAN_POINT('',(6.173430205341,4.322822508345));
#2613 = CARTESIAN_POINT('',(6.179977027284,4.639534187889));
#2614 = CARTESIAN_POINT('',(6.183142938485,4.833069645089));
#2615 = CARTESIAN_POINT('',(6.185918153581,5.042526576697));
#2616 = CARTESIAN_POINT('',(6.188316554617,5.263974298352));
#2617 = CARTESIAN_POINT('',(6.190353910418,5.494405053439));
#2618 = CARTESIAN_POINT('',(6.192044852833,5.731502735533));
#2619 = CARTESIAN_POINT('',(6.195658106906,6.37623135368));
#2620 = CARTESIAN_POINT('',(6.196988146985,6.792507022326));
#2621 = CARTESIAN_POINT('',(6.197447283415,7.214533449872));
#2622 = CARTESIAN_POINT('',(6.197055793194,7.637299188862));
#2623 = CARTESIAN_POINT('',(6.195802296472,8.055662845458));
#2624 = CARTESIAN_POINT('',(6.193645668711,8.463386980228));
#2625 = CARTESIAN_POINT('',(6.188655899602,9.080834314752));
#2626 = CARTESIAN_POINT('',(6.186439895611,9.304834618305));
#2627 = CARTESIAN_POINT('',(6.183859374203,9.519251400466));
#2628 = CARTESIAN_POINT('',(6.180901897855,9.72071449932));
#2629 = CARTESIAN_POINT('',(6.177558343496,9.90513999925));
#2630 = CARTESIAN_POINT('',(6.173826038946,10.067555041004));
#2631 = CARTESIAN_POINT('',(6.165948764515,10.324724054423));
#2632 = CARTESIAN_POINT('',(6.16183483896,10.425003297685));
#2633 = CARTESIAN_POINT('',(6.157459364803,10.494300037181));
#2634 = CARTESIAN_POINT('',(6.152932335925,10.527454636146));
#2635 = CARTESIAN_POINT('',(6.148376483139,10.522515992587));
#2636 = CARTESIAN_POINT('',(6.143915188321,10.480802371562));
#2637 = CARTESIAN_POINT('',(6.134920818829,10.324797862176));
#2638 = CARTESIAN_POINT('',(6.130501822583,10.203954240515));
#2639 = CARTESIAN_POINT('',(6.126448700937,10.051226399759));
#2640 = CARTESIAN_POINT('',(6.122789250671,9.872811565057));
#2641 = CARTESIAN_POINT('',(6.11953742691,9.674516291749));
#2642 = CARTESIAN_POINT('',(6.116695216638,9.46182874307));
#2643 = CARTESIAN_POINT('',(6.11134805497,8.975986743384));
#2644 = CARTESIAN_POINT('',(6.108978609873,8.696251852089));
#2645 = CARTESIAN_POINT('',(6.107117323899,8.405991382929));
#2646 = CARTESIAN_POINT('',(6.105739569485,8.108837669462));
#2647 = CARTESIAN_POINT('',(6.104826997234,7.807425159582));
#2648 = CARTESIAN_POINT('',(6.104370036166,7.503842341103));
#2649 = CARTESIAN_POINT('',(6.104370036166,6.958300646653));
#2650 = CARTESIAN_POINT('',(6.104659202135,6.716681683999));
#2651 = CARTESIAN_POINT('',(6.105237167284,6.476171446142));
#2652 = CARTESIAN_POINT('',(6.106107616079,6.237833747811));
#2653 = CARTESIAN_POINT('',(6.107277705542,6.002908143809));
#2654 = CARTESIAN_POINT('',(6.108757472977,5.77295423202));
#2655 = CARTESIAN_POINT('',(6.112552275103,5.303375298316));
#2656 = CARTESIAN_POINT('',(6.11494752467,5.06429923435));
#2657 = CARTESIAN_POINT('',(6.117762174444,4.83631518021));
#2658 = CARTESIAN_POINT('',(6.121010276635,4.623741433999));
#2659 = CARTESIAN_POINT('',(6.124700504032,4.431775994488));
#2660 = CARTESIAN_POINT('',(6.128831930269,4.266717632518));
#2661 = CARTESIAN_POINT('',(6.135624763766,4.0723062593));
#2662 = CARTESIAN_POINT('',(6.137963693432,4.016683183825));
#2663 = CARTESIAN_POINT('',(6.140386771555,3.970796305857));
#2664 = CARTESIAN_POINT('',(6.142875986751,3.935638485261));
#2665 = CARTESIAN_POINT('',(6.145411743097,3.911907864069));
#2666 = CARTESIAN_POINT('',(6.147973478662,3.9));
#2667 = CARTESIAN_POINT('',(6.150540284028,3.9));
#2668 = ( GEOMETRIC_REPRESENTATION_CONTEXT(2) 
PARAMETRIC_REPRESENTATION_CONTEXT() REPRESENTATION_CONTEXT('2D SPACE',''
  ) );
#2669 = ORIENTED_EDGE('',*,*,#2670,.F.);
#2670 = EDGE_CURVE('',#1062,#2471,#2671,.T.);
#2671 = SEAM_CURVE('',#2672,(#2676,#2683),.PCURVE_S1.);
#2672 = LINE('',#2673,#2674);
#2673 = CARTESIAN_POINT('',(67.50177829113,-9.00666017651,95.7));
#2674 = VECTOR('',#2675,1.);
#2675 = DIRECTION('',(0.991215540252,-0.132256390257,2.22044604925E-16)
  );
#2676 = PCURVE('',#1195,#2677);
#2677 = DEFINITIONAL_REPRESENTATION('',(#2678),#2682);
#2678 = LINE('',#2679,#2680);
#2679 = CARTESIAN_POINT('',(6.28318530718,-0.));
#2680 = VECTOR('',#2681,1.);
#2681 = DIRECTION('',(0.,1.));
#2682 = ( GEOMETRIC_REPRESENTATION_CONTEXT(2) 
PARAMETRIC_REPRESENTATION_CONTEXT() REPRESENTATION_CONTEXT('2D SPACE',''
  ) );
#2683 = PCURVE('',#1195,#2684);
#2684 = DEFINITIONAL_REPRESENTATION('',(#2685),#2689);
#2685 = LINE('',#2686,#2687);
#2686 = CARTESIAN_POINT('',(0.,-0.));
#2687 = VECTOR('',#2688,1.);
#2688 = DIRECTION('',(0.,1.));
#2689 = ( GEOMETRIC_REPRESENTATION_CONTEXT(2) 
PARAMETRIC_REPRESENTATION_CONTEXT() REPRESENTATION_CONTEXT('2D SPACE',''
  ) );
#2690 = ORIENTED_EDGE('',*,*,#1061,.T.);
#2691 = ORIENTED_EDGE('',*,*,#2670,.T.);
#2692 = ADVANCED_FACE('',(#2693),#1402,.F.);
#2693 = FACE_BOUND('',#2694,.F.);
#2694 = EDGE_LOOP('',(#2695,#2895,#2916,#2917));
#2695 = ORIENTED_EDGE('',*,*,#2696,.F.);
#2696 = EDGE_CURVE('',#2697,#2697,#2699,.T.);
#2697 = VERTEX_POINT('',#2698);
#2698 = CARTESIAN_POINT('',(-27.24653190904,66.10504140328,95.7));
#2699 = SURFACE_CURVE('',#2700,(#2763,#2829),.PCURVE_S1.);
#2700 = B_SPLINE_CURVE_WITH_KNOTS('',7,(#2701,#2702,#2703,#2704,#2705,
    #2706,#2707,#2708,#2709,#2710,#2711,#2712,#2713,#2714,#2715,#2716,
    #2717,#2718,#2719,#2720,#2721,#2722,#2723,#2724,#2725,#2726,#2727,
    #2728,#2729,#2730,#2731,#2732,#2733,#2734,#2735,#2736,#2737,#2738,
    #2739,#2740,#2741,#2742,#2743,#2744,#2745,#2746,#2747,#2748,#2749,
    #2750,#2751,#2752,#2753,#2754,#2755,#2756,#2757,#2758,#2759,#2760,
    #2761,#2762),.UNSPECIFIED.,.T.,.F.,(8,6,6,6,6,6,6,6,6,6,8),(0.,
    8.23448032901E-02,0.180750487608,0.344501972661,0.442272770386,
    0.531818655982,0.631500185981,0.750063724759,0.844378198999,
    0.94870579513,1.),.UNSPECIFIED.);
#2701 = CARTESIAN_POINT('',(-27.24653190904,66.10504140328,95.7));
#2702 = CARTESIAN_POINT('',(-27.51999528722,65.992327932396,95.7));
#2703 = CARTESIAN_POINT('',(-27.79016714707,65.879427481801,
    95.730929494028));
#2704 = CARTESIAN_POINT('',(-28.05246595803,65.768282213798,
    95.791670378323));
#2705 = CARTESIAN_POINT('',(-28.30261577063,65.660869959826,
    95.87982286086));
#2706 = CARTESIAN_POINT('',(-28.53692878405,65.559048757992,
    95.991786021026));
#2707 = CARTESIAN_POINT('',(-28.75252985941,65.464398745701,
    96.122822508345));
#2708 = CARTESIAN_POINT('',(-29.18054838644,65.274884467061,
    96.43953418789));
#2709 = CARTESIAN_POINT('',(-29.38710038757,65.182269979493,
    96.633069645089));
#2710 = CARTESIAN_POINT('',(-29.56784861532,65.100389165615,
    96.842526576698));
#2711 = CARTESIAN_POINT('',(-29.72383755744,65.02914929499,
    97.063974298352));
#2712 = CARTESIAN_POINT('',(-29.8562011673,64.968321580905,
    97.294405053439));
#2713 = CARTESIAN_POINT('',(-29.96596864622,64.917641110738,
    97.531502735533));
#2714 = CARTESIAN_POINT('',(-30.20038529279,64.809048512329,
    98.17623135368));
#2715 = CARTESIAN_POINT('',(-30.28649554016,64.76869004717,
    98.592507022327));
#2716 = CARTESIAN_POINT('',(-30.31618849288,64.754690328315,
    99.014533449871));
#2717 = CARTESIAN_POINT('',(-30.29085790244,64.766601785019,
    99.437299188863));
#2718 = CARTESIAN_POINT('',(-30.20973100004,64.804693445199,
    99.855662845458));
#2719 = CARTESIAN_POINT('',(-30.06996978795,64.869845227866,
    100.26338698022));
#2720 = CARTESIAN_POINT('',(-29.74581861597,65.01887468099,
    100.88083432398));
#2721 = CARTESIAN_POINT('',(-29.60173875018,65.084796316298,
    101.10483459394));
#2722 = CARTESIAN_POINT('',(-29.43377608823,65.16116262666,
    101.31925142186));
#2723 = CARTESIAN_POINT('',(-29.24101377872,65.248103212755,
    101.52071450016));
#2724 = CARTESIAN_POINT('',(-29.02272056856,65.345578087326,
    101.70513998757));
#2725 = CARTESIAN_POINT('',(-28.77855375834,65.453275445883,
    101.86755504634));
#2726 = CARTESIAN_POINT('',(-28.26203700332,65.677848308807,
    102.12472405615));
#2727 = CARTESIAN_POINT('',(-27.99181308242,65.794046584587,
    102.22500329557));
#2728 = CARTESIAN_POINT('',(-27.70381715054,65.91625606401,
    102.29430003668));
#2729 = CARTESIAN_POINT('',(-27.40515556247,66.041065099006,
    102.3274546377));
#2730 = CARTESIAN_POINT('',(-27.10388476689,66.164959788525,
    102.32251599297));
#2731 = CARTESIAN_POINT('',(-26.80822605731,66.284701324409,
    102.28080237051));
#2732 = CARTESIAN_POINT('',(-26.21102150187,66.52328252752,
    102.12479786461));
#2733 = CARTESIAN_POINT('',(-25.91691598148,66.638760134015,
    102.00395423631));
#2734 = CARTESIAN_POINT('',(-25.64658899021,66.743210650695,
    101.85122639585));
#2735 = CARTESIAN_POINT('',(-25.40208309462,66.836377113305,
    101.67281158204));
#2736 = CARTESIAN_POINT('',(-25.18449727662,66.918328651344,
    101.47451627426));
#2737 = CARTESIAN_POINT('',(-24.99409985689,66.989368300345,
    101.26182874982));
#2738 = CARTESIAN_POINT('',(-24.63557260491,67.122140174717,
    100.77598674338));
#2739 = CARTESIAN_POINT('',(-24.47645683381,67.18031421195,
    100.49625185208));
#2740 = CARTESIAN_POINT('',(-24.35133359759,67.225647479021,
    100.20599138292));
#2741 = CARTESIAN_POINT('',(-24.25865336694,67.259031580451,
    99.908837669463));
#2742 = CARTESIAN_POINT('',(-24.19724443451,67.281085220122,
    99.607425159582));
#2743 = CARTESIAN_POINT('',(-24.1664945524,67.292128373597,
    99.303842341103));
#2744 = CARTESIAN_POINT('',(-24.1664945524,67.292128373597,
    98.758300646653));
#2745 = CARTESIAN_POINT('',(-24.18595314938,67.285140263221,98.516681684
    ));
#2746 = CARTESIAN_POINT('',(-24.22484564124,67.271172809337,
    98.276171446142));
#2747 = CARTESIAN_POINT('',(-24.28340728519,67.250101757377,
    98.037833747812));
#2748 = CARTESIAN_POINT('',(-24.36209423475,67.221683174254,
    97.802908143809));
#2749 = CARTESIAN_POINT('',(-24.46154080498,67.185561078929,
    97.57295423202));
#2750 = CARTESIAN_POINT('',(-24.71632863668,67.092275306087,
    97.103375298316));
#2751 = CARTESIAN_POINT('',(-24.8770347969,67.033082877763,
    96.864299234349));
#2752 = CARTESIAN_POINT('',(-25.06570255653,66.963043812116,
    96.636315180211));
#2753 = CARTESIAN_POINT('',(-25.28315885808,66.881502318882,
    96.423741433998));
#2754 = CARTESIAN_POINT('',(-25.52983237399,66.7878426499,
    96.231775994488));
#2755 = CARTESIAN_POINT('',(-25.80546291218,66.681587413024,
    96.066717632518));
#2756 = CARTESIAN_POINT('',(-26.25761220002,66.504236175301,
    95.872306259295));
#2757 = CARTESIAN_POINT('',(-26.41314505509,66.442781031273,
    95.816683183827));
#2758 = CARTESIAN_POINT('',(-26.57410034586,66.378676745693,
    95.77079630586));
#2759 = CARTESIAN_POINT('',(-26.73925813659,66.312345144905,
    95.735638485261));
#2760 = CARTESIAN_POINT('',(-26.9073001713,66.244268533821,
    95.711907864066));
#2761 = CARTESIAN_POINT('',(-27.07685313403,66.174977947595,95.7));
#2762 = CARTESIAN_POINT('',(-27.24653190904,66.10504140328,95.7));
#2763 = PCURVE('',#1402,#2764);
#2764 = DEFINITIONAL_REPRESENTATION('',(#2765),#2828);
#2765 = B_SPLINE_CURVE_WITH_KNOTS('',7,(#2766,#2767,#2768,#2769,#2770,
    #2771,#2772,#2773,#2774,#2775,#2776,#2777,#2778,#2779,#2780,#2781,
    #2782,#2783,#2784,#2785,#2786,#2787,#2788,#2789,#2790,#2791,#2792,
    #2793,#2794,#2795,#2796,#2797,#2798,#2799,#2800,#2801,#2802,#2803,
    #2804,#2805,#2806,#2807,#2808,#2809,#2810,#2811,#2812,#2813,#2814,
    #2815,#2816,#2817,#2818,#2819,#2820,#2821,#2822,#2823,#2824,#2825,
    #2826,#2827),.UNSPECIFIED.,.F.,.F.,(8,6,6,6,6,6,6,6,6,6,8),(0.,
    8.23448032901E-02,0.180750487608,0.344501972661,0.442272770386,
    0.531818655982,0.631500185981,0.750063724759,0.844378198999,
    0.94870579513,1.),.UNSPECIFIED.);
#2766 = CARTESIAN_POINT('',(0.,3.4));
#2767 = CARTESIAN_POINT('',(8.963068072804E-02,3.4));
#2768 = CARTESIAN_POINT('',(0.178360677907,3.39857282852));
#2769 = CARTESIAN_POINT('',(0.265858885207,3.395768218442));
#2770 = CARTESIAN_POINT('',(0.351766830509,3.391785328304));
#2771 = CARTESIAN_POINT('',(0.435661454755,3.386936688218));
#2772 = CARTESIAN_POINT('',(0.516993085994,3.381587577702));
#2773 = CARTESIAN_POINT('',(0.68821866053,3.369478084252));
#2774 = CARTESIAN_POINT('',(0.777872383587,3.362562575922));
#2775 = CARTESIAN_POINT('',(0.864536362135,3.355737789396));
#2776 = CARTESIAN_POINT('',(0.948673372383,3.349316014455));
#2777 = CARTESIAN_POINT('',(1.030695214856,3.343517843289));
#2778 = CARTESIAN_POINT('',(1.111001904331,3.338490550119));
#2779 = CARTESIAN_POINT('',(1.321448971255,3.327420933711));
#2780 = CARTESIAN_POINT('',(1.449255779555,3.322921739198));
#2781 = CARTESIAN_POINT('',(1.575383321783,3.321293459328));
#2782 = CARTESIAN_POINT('',(1.701378561919,3.322653411746));
#2783 = CARTESIAN_POINT('',(1.828775585002,3.326955845848));
#2784 = CARTESIAN_POINT('',(1.959115629037,3.333932810404));
#2785 = CARTESIAN_POINT('',(2.17516616851,3.348192991082));
#2786 = CARTESIAN_POINT('',(2.257940173075,3.354236008856));
#2787 = CARTESIAN_POINT('',(2.343009083858,3.360834583399));
#2788 = CARTESIAN_POINT('',(2.430674793143,3.367759151601));
#2789 = CARTESIAN_POINT('',(2.521293986827,3.374694084513));
#2790 = CARTESIAN_POINT('',(2.615277308032,3.381220511935));
#2791 = CARTESIAN_POINT('',(2.802872846306,3.392019227382));
#2792 = CARTESIAN_POINT('',(2.89656745003,3.396475551129));
#2793 = CARTESIAN_POINT('',(2.992701526616,3.399717122451));
#2794 = CARTESIAN_POINT('',(3.0901074187,3.401297736948));
#2795 = CARTESIAN_POINT('',(3.187787373427,3.401038705274));
#2796 = CARTESIAN_POINT('',(3.284702933463,3.399078491601));
#2797 = CARTESIAN_POINT('',(3.485221707418,3.392080831933));
#2798 = CARTESIAN_POINT('',(3.586889649023,3.38677029365));
#2799 = CARTESIAN_POINT('',(3.685048176609,3.380325996255));
#2800 = CARTESIAN_POINT('',(3.779948172988,3.373288726072));
#2801 = CARTESIAN_POINT('',(3.871737664212,3.366141185961));
#2802 = CARTESIAN_POINT('',(3.960444580443,3.359265795281));
#2803 = CARTESIAN_POINT('',(4.147740898493,3.345395390265));
#2804 = CARTESIAN_POINT('',(4.246082594282,3.33854565887));
#2805 = CARTESIAN_POINT('',(4.34184783506,3.332777592416));
#2806 = CARTESIAN_POINT('',(4.435708321342,3.328325040603));
#2807 = CARTESIAN_POINT('',(4.528320860063,3.325313520695));
#2808 = CARTESIAN_POINT('',(4.620315543687,3.323805555291));
#2809 = CARTESIAN_POINT('',(4.785631208672,3.323805555291));
#2810 = CARTESIAN_POINT('',(4.858849326394,3.324759820435));
#2811 = CARTESIAN_POINT('',(4.932372119408,3.326667042857));
#2812 = CARTESIAN_POINT('',(5.006520025732,3.329501993045));
#2813 = CARTESIAN_POINT('',(5.081610161339,3.33321297022));
#2814 = CARTESIAN_POINT('',(5.157974006969,3.337712572203));
#2815 = CARTESIAN_POINT('',(5.322284021381,3.348557675846));
#2816 = CARTESIAN_POINT('',(5.410954848682,3.355071907977));
#2817 = CARTESIAN_POINT('',(5.502308681246,3.3622132618));
#2818 = CARTESIAN_POINT('',(5.596671625355,3.36969055233));
#2819 = CARTESIAN_POINT('',(5.694450378287,3.377097846407));
#2820 = CARTESIAN_POINT('',(5.796121796386,3.383894621525));
#2821 = CARTESIAN_POINT('',(5.9546326614,3.392225937414));
#2822 = CARTESIAN_POINT('',(6.007939053798,3.394676791372));
#2823 = CARTESIAN_POINT('',(6.062076127226,3.396744721635));
#2824 = CARTESIAN_POINT('',(6.116845136271,3.398354844691));
#2825 = CARTESIAN_POINT('',(6.172066954447,3.399450725341));
#2826 = CARTESIAN_POINT('',(6.227571190912,3.4));
#2827 = CARTESIAN_POINT('',(6.28318530718,3.4));
#2828 = ( GEOMETRIC_REPRESENTATION_CONTEXT(2) 
PARAMETRIC_REPRESENTATION_CONTEXT() REPRESENTATION_CONTEXT('2D SPACE',''
  ) );
#2829 = PCURVE('',#1548,#2830);
#2830 = DEFINITIONAL_REPRESENTATION('',(#2831),#2894);
#2831 = B_SPLINE_CURVE_WITH_KNOTS('',7,(#2832,#2833,#2834,#2835,#2836,
    #2837,#2838,#2839,#2840,#2841,#2842,#2843,#2844,#2845,#2846,#2847,
    #2848,#2849,#2850,#2851,#2852,#2853,#2854,#2855,#2856,#2857,#2858,
    #2859,#2860,#2861,#2862,#2863,#2864,#2865,#2866,#2867,#2868,#2869,
    #2870,#2871,#2872,#2873,#2874,#2875,#2876,#2877,#2878,#2879,#2880,
    #2881,#2882,#2883,#2884,#2885,#2886,#2887,#2888,#2889,#2890,#2891,
    #2892,#2893),.UNSPECIFIED.,.T.,.F.,(8,6,6,6,6,6,6,6,6,6,8),(0.,
    8.23448032901E-02,0.180750487608,0.344501972661,0.442272770386,
    0.531818655982,0.631500185981,0.750063724759,0.844378198999,
    0.94870579513,1.),.UNSPECIFIED.);
#2832 = CARTESIAN_POINT('',(1.961750079242,3.9));
#2833 = CARTESIAN_POINT('',(1.965886879891,3.9));
#2834 = CARTESIAN_POINT('',(1.969982115485,3.930929494028));
#2835 = CARTESIAN_POINT('',(1.973966307531,3.991670378323));
#2836 = CARTESIAN_POINT('',(1.97777373098,4.07982286086));
#2837 = CARTESIAN_POINT('',(1.981346839168,4.191786021026));
#2838 = CARTESIAN_POINT('',(1.984640000555,4.322822508345));
#2839 = CARTESIAN_POINT('',(1.991186822498,4.63953418789));
#2840 = CARTESIAN_POINT('',(1.994352733699,4.833069645089));
#2841 = CARTESIAN_POINT('',(1.997127948794,5.042526576698));
#2842 = CARTESIAN_POINT('',(1.999526349831,5.263974298352));
#2843 = CARTESIAN_POINT('',(2.001563705632,5.494405053439));
#2844 = CARTESIAN_POINT('',(2.003254648047,5.731502735533));
#2845 = CARTESIAN_POINT('',(2.006867902119,6.37623135368));
#2846 = CARTESIAN_POINT('',(2.008197942198,6.792507022327));
#2847 = CARTESIAN_POINT('',(2.008657078628,7.214533449871));
#2848 = CARTESIAN_POINT('',(2.008265588407,7.637299188863));
#2849 = CARTESIAN_POINT('',(2.007012091686,8.055662845458));
#2850 = CARTESIAN_POINT('',(2.004855463924,8.463386980228));
#2851 = CARTESIAN_POINT('',(1.999865694741,9.080834323989));
#2852 = CARTESIAN_POINT('',(1.99764969098,9.304834593947));
#2853 = CARTESIAN_POINT('',(1.995069169444,9.519251421869));
#2854 = CARTESIAN_POINT('',(1.992111692687,9.720714500164));
#2855 = CARTESIAN_POINT('',(1.988768139134,9.905139987573));
#2856 = CARTESIAN_POINT('',(1.985035833996,10.067555046348));
#2857 = CARTESIAN_POINT('',(1.977158559675,10.324724056152));
#2858 = CARTESIAN_POINT('',(1.97304463431,10.425003295579));
#2859 = CARTESIAN_POINT('',(1.968669159929,10.494300036688));
#2860 = CARTESIAN_POINT('',(1.964142131056,10.527454637703));
#2861 = CARTESIAN_POINT('',(1.959586278495,10.522515992974));
#2862 = CARTESIAN_POINT('',(1.955124983475,10.480802370518));
#2863 = CARTESIAN_POINT('',(1.946130614183,10.324797864617));
#2864 = CARTESIAN_POINT('',(1.941711617452,10.203954236316));
#2865 = CARTESIAN_POINT('',(1.937658496443,10.051226395857));
#2866 = CARTESIAN_POINT('',(1.93399904589,9.87281158204));
#2867 = CARTESIAN_POINT('',(1.93074722197,9.674516274264));
#2868 = CARTESIAN_POINT('',(1.927905011926,9.461828749826));
#2869 = CARTESIAN_POINT('',(1.922557850184,8.975986743384));
#2870 = CARTESIAN_POINT('',(1.920188405087,8.696251852089));
#2871 = CARTESIAN_POINT('',(1.918327119113,8.405991382929));
#2872 = CARTESIAN_POINT('',(1.916949364699,8.108837669463));
#2873 = CARTESIAN_POINT('',(1.916036792448,7.807425159582));
#2874 = CARTESIAN_POINT('',(1.91557983138,7.503842341103));
#2875 = CARTESIAN_POINT('',(1.91557983138,6.958300646653));
#2876 = CARTESIAN_POINT('',(1.915868997349,6.716681684));
#2877 = CARTESIAN_POINT('',(1.916446962498,6.476171446142));
#2878 = CARTESIAN_POINT('',(1.917317411293,6.237833747812));
#2879 = CARTESIAN_POINT('',(1.918487500756,6.002908143809));
#2880 = CARTESIAN_POINT('',(1.919967268191,5.77295423202));
#2881 = CARTESIAN_POINT('',(1.923762070317,5.303375298316));
#2882 = CARTESIAN_POINT('',(1.926157319884,5.064299234349));
#2883 = CARTESIAN_POINT('',(1.928971969657,4.836315180211));
#2884 = CARTESIAN_POINT('',(1.932220071848,4.623741433998));
#2885 = CARTESIAN_POINT('',(1.935910299246,4.431775994488));
#2886 = CARTESIAN_POINT('',(1.940041725483,4.266717632518));
#2887 = CARTESIAN_POINT('',(1.94683455898,4.072306259295));
#2888 = CARTESIAN_POINT('',(1.949173488646,4.016683183827));
#2889 = CARTESIAN_POINT('',(1.951596566769,3.97079630586));
#2890 = CARTESIAN_POINT('',(1.954085781964,3.935638485261));
#2891 = CARTESIAN_POINT('',(1.956621538311,3.911907864066));
#2892 = CARTESIAN_POINT('',(1.959183273875,3.9));
#2893 = CARTESIAN_POINT('',(1.961750079242,3.9));
#2894 = ( GEOMETRIC_REPRESENTATION_CONTEXT(2) 
PARAMETRIC_REPRESENTATION_CONTEXT() REPRESENTATION_CONTEXT('2D SPACE',''
  ) );
#2895 = ORIENTED_EDGE('',*,*,#2896,.F.);
#2896 = EDGE_CURVE('',#1269,#2697,#2897,.T.);
#2897 = SEAM_CURVE('',#2898,(#2902,#2909),.PCURVE_S1.);
#2898 = LINE('',#2899,#2900);
#2899 = CARTESIAN_POINT('',(-25.95089262945,62.961584888999,95.7));
#2900 = VECTOR('',#2901,1.);
#2901 = DIRECTION('',(-0.38107037635,0.924546033612,2.22044604925E-16));
#2902 = PCURVE('',#1402,#2903);
#2903 = DEFINITIONAL_REPRESENTATION('',(#2904),#2908);
#2904 = LINE('',#2905,#2906);
#2905 = CARTESIAN_POINT('',(6.28318530718,-0.));
#2906 = VECTOR('',#2907,1.);
#2907 = DIRECTION('',(0.,1.));
#2908 = ( GEOMETRIC_REPRESENTATION_CONTEXT(2) 
PARAMETRIC_REPRESENTATION_CONTEXT() REPRESENTATION_CONTEXT('2D SPACE',''
  ) );
#2909 = PCURVE('',#1402,#2910);
#2910 = DEFINITIONAL_REPRESENTATION('',(#2911),#2915);
#2911 = LINE('',#2912,#2913);
#2912 = CARTESIAN_POINT('',(0.,-0.));
#2913 = VECTOR('',#2914,1.);
#2914 = DIRECTION('',(0.,1.));
#2915 = ( GEOMETRIC_REPRESENTATION_CONTEXT(2) 
PARAMETRIC_REPRESENTATION_CONTEXT() REPRESENTATION_CONTEXT('2D SPACE',''
  ) );
#2916 = ORIENTED_EDGE('',*,*,#1268,.T.);
#2917 = ORIENTED_EDGE('',*,*,#2896,.T.);
#2918 = ADVANCED_FACE('',(#2919,#2950),#1515,.F.);
#2919 = FACE_BOUND('',#2920,.F.);
#2920 = EDGE_LOOP('',(#2921));
#2921 = ORIENTED_EDGE('',*,*,#2922,.T.);
#2922 = EDGE_CURVE('',#2923,#2923,#2925,.T.);
#2923 = VERTEX_POINT('',#2924);
#2924 = CARTESIAN_POINT('',(46.45,-1.137696876408E-14,96.05));
#2925 = SURFACE_CURVE('',#2926,(#2931,#2938),.PCURVE_S1.);
#2926 = CIRCLE('',#2927,46.45);
#2927 = AXIS2_PLACEMENT_3D('',#2928,#2929,#2930);
#2928 = CARTESIAN_POINT('',(0.,0.,96.05));
#2929 = DIRECTION('',(0.,0.,1.));
#2930 = DIRECTION('',(1.,0.,-0.));
#2931 = PCURVE('',#1515,#2932);
#2932 = DEFINITIONAL_REPRESENTATION('',(#2933),#2937);
#2933 = CIRCLE('',#2934,46.45);
#2934 = AXIS2_PLACEMENT_2D('',#2935,#2936);
#2935 = CARTESIAN_POINT('',(0.,0.));
#2936 = DIRECTION('',(1.,0.));
#2937 = ( GEOMETRIC_REPRESENTATION_CONTEXT(2) 
PARAMETRIC_REPRESENTATION_CONTEXT() REPRESENTATION_CONTEXT('2D SPACE',''
  ) );
#2938 = PCURVE('',#2939,#2944);
#2939 = CYLINDRICAL_SURFACE('',#2940,46.45);
#2940 = AXIS2_PLACEMENT_3D('',#2941,#2942,#2943);
#2941 = CARTESIAN_POINT('',(0.,0.,91.));
#2942 = DIRECTION('',(0.,0.,1.));
#2943 = DIRECTION('',(1.,0.,0.));
#2944 = DEFINITIONAL_REPRESENTATION('',(#2945),#2949);
#2945 = LINE('',#2946,#2947);
#2946 = CARTESIAN_POINT('',(0.,5.05));
#2947 = VECTOR('',#2948,1.);
#2948 = DIRECTION('',(1.,0.));
#2949 = ( GEOMETRIC_REPRESENTATION_CONTEXT(2) 
PARAMETRIC_REPRESENTATION_CONTEXT() REPRESENTATION_CONTEXT('2D SPACE',''
  ) );
#2950 = FACE_BOUND('',#2951,.F.);
#2951 = EDGE_LOOP('',(#2952));
#2952 = ORIENTED_EDGE('',*,*,#1500,.F.);
#2953 = ADVANCED_FACE('',(#2954,#3008,#3011,#3014,#3017,#3020,#3023),
  #1548,.T.);
#2954 = FACE_BOUND('',#2955,.T.);
#2955 = EDGE_LOOP('',(#2956,#2957,#2980,#3007));
#2956 = ORIENTED_EDGE('',*,*,#1531,.F.);
#2957 = ORIENTED_EDGE('',*,*,#2958,.F.);
#2958 = EDGE_CURVE('',#2959,#1532,#2961,.T.);
#2959 = VERTEX_POINT('',#2960);
#2960 = CARTESIAN_POINT('',(71.5,-1.751244922781E-14,91.8));
#2961 = SEAM_CURVE('',#2962,(#2966,#2973),.PCURVE_S1.);
#2962 = LINE('',#2963,#2964);
#2963 = CARTESIAN_POINT('',(71.5,-1.751244922781E-14,91.8));
#2964 = VECTOR('',#2965,1.);
#2965 = DIRECTION('',(0.,0.,1.));
#2966 = PCURVE('',#1548,#2967);
#2967 = DEFINITIONAL_REPRESENTATION('',(#2968),#2972);
#2968 = LINE('',#2969,#2970);
#2969 = CARTESIAN_POINT('',(6.28318530718,-0.));
#2970 = VECTOR('',#2971,1.);
#2971 = DIRECTION('',(0.,1.));
#2972 = ( GEOMETRIC_REPRESENTATION_CONTEXT(2) 
PARAMETRIC_REPRESENTATION_CONTEXT() REPRESENTATION_CONTEXT('2D SPACE',''
  ) );
#2973 = PCURVE('',#1548,#2974);
#2974 = DEFINITIONAL_REPRESENTATION('',(#2975),#2979);
#2975 = LINE('',#2976,#2977);
#2976 = CARTESIAN_POINT('',(0.,-0.));
#2977 = VECTOR('',#2978,1.);
#2978 = DIRECTION('',(0.,1.));
#2979 = ( GEOMETRIC_REPRESENTATION_CONTEXT(2) 
PARAMETRIC_REPRESENTATION_CONTEXT() REPRESENTATION_CONTEXT('2D SPACE',''
  ) );
#2980 = ORIENTED_EDGE('',*,*,#2981,.T.);
#2981 = EDGE_CURVE('',#2959,#2959,#2982,.T.);
#2982 = SURFACE_CURVE('',#2983,(#2988,#2995),.PCURVE_S1.);
#2983 = CIRCLE('',#2984,71.5);
#2984 = AXIS2_PLACEMENT_3D('',#2985,#2986,#2987);
#2985 = CARTESIAN_POINT('',(0.,0.,91.8));
#2986 = DIRECTION('',(0.,0.,1.));
#2987 = DIRECTION('',(1.,0.,0.));
#2988 = PCURVE('',#1548,#2989);
#2989 = DEFINITIONAL_REPRESENTATION('',(#2990),#2994);
#2990 = LINE('',#2991,#2992);
#2991 = CARTESIAN_POINT('',(0.,0.));
#2992 = VECTOR('',#2993,1.);
#2993 = DIRECTION('',(1.,0.));
#2994 = ( GEOMETRIC_REPRESENTATION_CONTEXT(2) 
PARAMETRIC_REPRESENTATION_CONTEXT() REPRESENTATION_CONTEXT('2D SPACE',''
  ) );
#2995 = PCURVE('',#2996,#3001);
#2996 = PLANE('',#2997);
#2997 = AXIS2_PLACEMENT_3D('',#2998,#2999,#3000);
#2998 = CARTESIAN_POINT('',(0.,0.,91.8));
#2999 = DIRECTION('',(0.,0.,1.));
#3000 = DIRECTION('',(1.,0.,0.));
#3001 = DEFINITIONAL_REPRESENTATION('',(#3002),#3006);
#3002 = CIRCLE('',#3003,71.5);
#3003 = AXIS2_PLACEMENT_2D('',#3004,#3005);
#3004 = CARTESIAN_POINT('',(0.,0.));
#3005 = DIRECTION('',(1.,0.));
#3006 = ( GEOMETRIC_REPRESENTATION_CONTEXT(2) 
PARAMETRIC_REPRESENTATION_CONTEXT() REPRESENTATION_CONTEXT('2D SPACE',''
  ) );
#3007 = ORIENTED_EDGE('',*,*,#2958,.T.);
#3008 = FACE_BOUND('',#3009,.T.);
#3009 = EDGE_LOOP('',(#3010));
#3010 = ORIENTED_EDGE('',*,*,#1566,.F.);
#3011 = FACE_BOUND('',#3012,.T.);
#3012 = EDGE_LOOP('',(#3013));
#3013 = ORIENTED_EDGE('',*,*,#2696,.F.);
#3014 = FACE_BOUND('',#3015,.T.);
#3015 = EDGE_LOOP('',(#3016));
#3016 = ORIENTED_EDGE('',*,*,#1792,.F.);
#3017 = FACE_BOUND('',#3018,.T.);
#3018 = EDGE_LOOP('',(#3019));
#3019 = ORIENTED_EDGE('',*,*,#2018,.F.);
#3020 = FACE_BOUND('',#3021,.T.);
#3021 = EDGE_LOOP('',(#3022));
#3022 = ORIENTED_EDGE('',*,*,#2244,.F.);
#3023 = FACE_BOUND('',#3024,.T.);
#3024 = EDGE_LOOP('',(#3025));
#3025 = ORIENTED_EDGE('',*,*,#2470,.F.);
#3026 = ADVANCED_FACE('',(#3027),#2939,.F.);
#3027 = FACE_BOUND('',#3028,.F.);
#3028 = EDGE_LOOP('',(#3029,#3030,#3053,#3080));
#3029 = ORIENTED_EDGE('',*,*,#2922,.F.);
#3030 = ORIENTED_EDGE('',*,*,#3031,.F.);
#3031 = EDGE_CURVE('',#3032,#2923,#3034,.T.);
#3032 = VERTEX_POINT('',#3033);
#3033 = CARTESIAN_POINT('',(46.45,-1.137696876408E-14,91.));
#3034 = SEAM_CURVE('',#3035,(#3039,#3046),.PCURVE_S1.);
#3035 = LINE('',#3036,#3037);
#3036 = CARTESIAN_POINT('',(46.45,-1.137696876408E-14,91.));
#3037 = VECTOR('',#3038,1.);
#3038 = DIRECTION('',(-1.407015318337E-15,0.,1.));
#3039 = PCURVE('',#2939,#3040);
#3040 = DEFINITIONAL_REPRESENTATION('',(#3041),#3045);
#3041 = LINE('',#3042,#3043);
#3042 = CARTESIAN_POINT('',(0.,-0.));
#3043 = VECTOR('',#3044,1.);
#3044 = DIRECTION('',(0.,1.));
#3045 = ( GEOMETRIC_REPRESENTATION_CONTEXT(2) 
PARAMETRIC_REPRESENTATION_CONTEXT() REPRESENTATION_CONTEXT('2D SPACE',''
  ) );
#3046 = PCURVE('',#2939,#3047);
#3047 = DEFINITIONAL_REPRESENTATION('',(#3048),#3052);
#3048 = LINE('',#3049,#3050);
#3049 = CARTESIAN_POINT('',(6.28318530718,-0.));
#3050 = VECTOR('',#3051,1.);
#3051 = DIRECTION('',(0.,1.));
#3052 = ( GEOMETRIC_REPRESENTATION_CONTEXT(2) 
PARAMETRIC_REPRESENTATION_CONTEXT() REPRESENTATION_CONTEXT('2D SPACE',''
  ) );
#3053 = ORIENTED_EDGE('',*,*,#3054,.T.);
#3054 = EDGE_CURVE('',#3032,#3032,#3055,.T.);
#3055 = SURFACE_CURVE('',#3056,(#3061,#3068),.PCURVE_S1.);
#3056 = CIRCLE('',#3057,46.45);
#3057 = AXIS2_PLACEMENT_3D('',#3058,#3059,#3060);
#3058 = CARTESIAN_POINT('',(0.,0.,91.));
#3059 = DIRECTION('',(0.,0.,1.));
#3060 = DIRECTION('',(1.,0.,0.));
#3061 = PCURVE('',#2939,#3062);
#3062 = DEFINITIONAL_REPRESENTATION('',(#3063),#3067);
#3063 = LINE('',#3064,#3065);
#3064 = CARTESIAN_POINT('',(0.,0.));
#3065 = VECTOR('',#3066,1.);
#3066 = DIRECTION('',(1.,0.));
#3067 = ( GEOMETRIC_REPRESENTATION_CONTEXT(2) 
PARAMETRIC_REPRESENTATION_CONTEXT() REPRESENTATION_CONTEXT('2D SPACE',''
  ) );
#3068 = PCURVE('',#3069,#3074);
#3069 = PLANE('',#3070);
#3070 = AXIS2_PLACEMENT_3D('',#3071,#3072,#3073);
#3071 = CARTESIAN_POINT('',(0.,0.,91.));
#3072 = DIRECTION('',(0.,0.,1.));
#3073 = DIRECTION('',(1.,0.,0.));
#3074 = DEFINITIONAL_REPRESENTATION('',(#3075),#3079);
#3075 = CIRCLE('',#3076,46.45);
#3076 = AXIS2_PLACEMENT_2D('',#3077,#3078);
#3077 = CARTESIAN_POINT('',(0.,0.));
#3078 = DIRECTION('',(1.,0.));
#3079 = ( GEOMETRIC_REPRESENTATION_CONTEXT(2) 
PARAMETRIC_REPRESENTATION_CONTEXT() REPRESENTATION_CONTEXT('2D SPACE',''
  ) );
#3080 = ORIENTED_EDGE('',*,*,#3031,.T.);
#3081 = ADVANCED_FACE('',(#3082,#3113),#2996,.T.);
#3082 = FACE_BOUND('',#3083,.T.);
#3083 = EDGE_LOOP('',(#3084));
#3084 = ORIENTED_EDGE('',*,*,#3085,.T.);
#3085 = EDGE_CURVE('',#3086,#3086,#3088,.T.);
#3086 = VERTEX_POINT('',#3087);
#3087 = CARTESIAN_POINT('',(76.4,-1.871260309097E-14,91.8));
#3088 = SURFACE_CURVE('',#3089,(#3094,#3101),.PCURVE_S1.);
#3089 = CIRCLE('',#3090,76.4);
#3090 = AXIS2_PLACEMENT_3D('',#3091,#3092,#3093);
#3091 = CARTESIAN_POINT('',(0.,0.,91.8));
#3092 = DIRECTION('',(0.,0.,1.));
#3093 = DIRECTION('',(1.,0.,0.));
#3094 = PCURVE('',#2996,#3095);
#3095 = DEFINITIONAL_REPRESENTATION('',(#3096),#3100);
#3096 = CIRCLE('',#3097,76.4);
#3097 = AXIS2_PLACEMENT_2D('',#3098,#3099);
#3098 = CARTESIAN_POINT('',(0.,0.));
#3099 = DIRECTION('',(1.,0.));
#3100 = ( GEOMETRIC_REPRESENTATION_CONTEXT(2) 
PARAMETRIC_REPRESENTATION_CONTEXT() REPRESENTATION_CONTEXT('2D SPACE',''
  ) );
#3101 = PCURVE('',#3102,#3107);
#3102 = CYLINDRICAL_SURFACE('',#3103,76.4);
#3103 = AXIS2_PLACEMENT_3D('',#3104,#3105,#3106);
#3104 = CARTESIAN_POINT('',(0.,0.,91.8));
#3105 = DIRECTION('',(0.,0.,1.));
#3106 = DIRECTION('',(1.,0.,0.));
#3107 = DEFINITIONAL_REPRESENTATION('',(#3108),#3112);
#3108 = LINE('',#3109,#3110);
#3109 = CARTESIAN_POINT('',(0.,0.));
#3110 = VECTOR('',#3111,1.);
#3111 = DIRECTION('',(1.,0.));
#3112 = ( GEOMETRIC_REPRESENTATION_CONTEXT(2) 
PARAMETRIC_REPRESENTATION_CONTEXT() REPRESENTATION_CONTEXT('2D SPACE',''
  ) );
#3113 = FACE_BOUND('',#3114,.T.);
#3114 = EDGE_LOOP('',(#3115));
#3115 = ORIENTED_EDGE('',*,*,#2981,.F.);
#3116 = ADVANCED_FACE('',(#3117,#3148),#3069,.F.);
#3117 = FACE_BOUND('',#3118,.F.);
#3118 = EDGE_LOOP('',(#3119));
#3119 = ORIENTED_EDGE('',*,*,#3120,.T.);
#3120 = EDGE_CURVE('',#3121,#3121,#3123,.T.);
#3121 = VERTEX_POINT('',#3122);
#3122 = CARTESIAN_POINT('',(77.2,-1.890854657884E-14,91.));
#3123 = SURFACE_CURVE('',#3124,(#3129,#3136),.PCURVE_S1.);
#3124 = CIRCLE('',#3125,77.2);
#3125 = AXIS2_PLACEMENT_3D('',#3126,#3127,#3128);
#3126 = CARTESIAN_POINT('',(0.,0.,91.));
#3127 = DIRECTION('',(0.,0.,1.));
#3128 = DIRECTION('',(1.,0.,0.));
#3129 = PCURVE('',#3069,#3130);
#3130 = DEFINITIONAL_REPRESENTATION('',(#3131),#3135);
#3131 = CIRCLE('',#3132,77.2);
#3132 = AXIS2_PLACEMENT_2D('',#3133,#3134);
#3133 = CARTESIAN_POINT('',(0.,0.));
#3134 = DIRECTION('',(1.,0.));
#3135 = ( GEOMETRIC_REPRESENTATION_CONTEXT(2) 
PARAMETRIC_REPRESENTATION_CONTEXT() REPRESENTATION_CONTEXT('2D SPACE',''
  ) );
#3136 = PCURVE('',#3137,#3142);
#3137 = CYLINDRICAL_SURFACE('',#3138,77.2);
#3138 = AXIS2_PLACEMENT_3D('',#3139,#3140,#3141);
#3139 = CARTESIAN_POINT('',(0.,0.,91.));
#3140 = DIRECTION('',(0.,0.,1.));
#3141 = DIRECTION('',(1.,0.,0.));
#3142 = DEFINITIONAL_REPRESENTATION('',(#3143),#3147);
#3143 = LINE('',#3144,#3145);
#3144 = CARTESIAN_POINT('',(0.,0.));
#3145 = VECTOR('',#3146,1.);
#3146 = DIRECTION('',(1.,0.));
#3147 = ( GEOMETRIC_REPRESENTATION_CONTEXT(2) 
PARAMETRIC_REPRESENTATION_CONTEXT() REPRESENTATION_CONTEXT('2D SPACE',''
  ) );
#3148 = FACE_BOUND('',#3149,.F.);
#3149 = EDGE_LOOP('',(#3150));
#3150 = ORIENTED_EDGE('',*,*,#3054,.F.);
#3151 = ADVANCED_FACE('',(#3152),#3102,.F.);
#3152 = FACE_BOUND('',#3153,.F.);
#3153 = EDGE_LOOP('',(#3154,#3183,#3204,#3205));
#3154 = ORIENTED_EDGE('',*,*,#3155,.F.);
#3155 = EDGE_CURVE('',#3156,#3156,#3158,.T.);
#3156 = VERTEX_POINT('',#3157);
#3157 = CARTESIAN_POINT('',(76.4,-1.871260309097E-14,94.));
#3158 = SURFACE_CURVE('',#3159,(#3164,#3171),.PCURVE_S1.);
#3159 = CIRCLE('',#3160,76.4);
#3160 = AXIS2_PLACEMENT_3D('',#3161,#3162,#3163);
#3161 = CARTESIAN_POINT('',(0.,0.,94.));
#3162 = DIRECTION('',(0.,0.,1.));
#3163 = DIRECTION('',(1.,0.,0.));
#3164 = PCURVE('',#3102,#3165);
#3165 = DEFINITIONAL_REPRESENTATION('',(#3166),#3170);
#3166 = LINE('',#3167,#3168);
#3167 = CARTESIAN_POINT('',(0.,2.2));
#3168 = VECTOR('',#3169,1.);
#3169 = DIRECTION('',(1.,0.));
#3170 = ( GEOMETRIC_REPRESENTATION_CONTEXT(2) 
PARAMETRIC_REPRESENTATION_CONTEXT() REPRESENTATION_CONTEXT('2D SPACE',''
  ) );
#3171 = PCURVE('',#3172,#3177);
#3172 = PLANE('',#3173);
#3173 = AXIS2_PLACEMENT_3D('',#3174,#3175,#3176);
#3174 = CARTESIAN_POINT('',(0.,0.,94.));
#3175 = DIRECTION('',(0.,0.,1.));
#3176 = DIRECTION('',(1.,0.,0.));
#3177 = DEFINITIONAL_REPRESENTATION('',(#3178),#3182);
#3178 = CIRCLE('',#3179,76.4);
#3179 = AXIS2_PLACEMENT_2D('',#3180,#3181);
#3180 = CARTESIAN_POINT('',(0.,0.));
#3181 = DIRECTION('',(1.,0.));
#3182 = ( GEOMETRIC_REPRESENTATION_CONTEXT(2) 
PARAMETRIC_REPRESENTATION_CONTEXT() REPRESENTATION_CONTEXT('2D SPACE',''
  ) );
#3183 = ORIENTED_EDGE('',*,*,#3184,.F.);
#3184 = EDGE_CURVE('',#3086,#3156,#3185,.T.);
#3185 = SEAM_CURVE('',#3186,(#3190,#3197),.PCURVE_S1.);
#3186 = LINE('',#3187,#3188);
#3187 = CARTESIAN_POINT('',(76.4,-1.871260309097E-14,91.8));
#3188 = VECTOR('',#3189,1.);
#3189 = DIRECTION('',(0.,0.,1.));
#3190 = PCURVE('',#3102,#3191);
#3191 = DEFINITIONAL_REPRESENTATION('',(#3192),#3196);
#3192 = LINE('',#3193,#3194);
#3193 = CARTESIAN_POINT('',(6.28318530718,-0.));
#3194 = VECTOR('',#3195,1.);
#3195 = DIRECTION('',(0.,1.));
#3196 = ( GEOMETRIC_REPRESENTATION_CONTEXT(2) 
PARAMETRIC_REPRESENTATION_CONTEXT() REPRESENTATION_CONTEXT('2D SPACE',''
  ) );
#3197 = PCURVE('',#3102,#3198);
#3198 = DEFINITIONAL_REPRESENTATION('',(#3199),#3203);
#3199 = LINE('',#3200,#3201);
#3200 = CARTESIAN_POINT('',(0.,-0.));
#3201 = VECTOR('',#3202,1.);
#3202 = DIRECTION('',(0.,1.));
#3203 = ( GEOMETRIC_REPRESENTATION_CONTEXT(2) 
PARAMETRIC_REPRESENTATION_CONTEXT() REPRESENTATION_CONTEXT('2D SPACE',''
  ) );
#3204 = ORIENTED_EDGE('',*,*,#3085,.T.);
#3205 = ORIENTED_EDGE('',*,*,#3184,.T.);
#3206 = ADVANCED_FACE('',(#3207),#3137,.T.);
#3207 = FACE_BOUND('',#3208,.T.);
#3208 = EDGE_LOOP('',(#3209,#3210,#3233,#3255));
#3209 = ORIENTED_EDGE('',*,*,#3120,.T.);
#3210 = ORIENTED_EDGE('',*,*,#3211,.T.);
#3211 = EDGE_CURVE('',#3121,#3212,#3214,.T.);
#3212 = VERTEX_POINT('',#3213);
#3213 = CARTESIAN_POINT('',(77.2,-1.890854657884E-14,94.));
#3214 = SEAM_CURVE('',#3215,(#3219,#3226),.PCURVE_S1.);
#3215 = LINE('',#3216,#3217);
#3216 = CARTESIAN_POINT('',(77.2,-1.890854657884E-14,91.));
#3217 = VECTOR('',#3218,1.);
#3218 = DIRECTION('',(0.,0.,1.));
#3219 = PCURVE('',#3137,#3220);
#3220 = DEFINITIONAL_REPRESENTATION('',(#3221),#3225);
#3221 = LINE('',#3222,#3223);
#3222 = CARTESIAN_POINT('',(6.28318530718,-0.));
#3223 = VECTOR('',#3224,1.);
#3224 = DIRECTION('',(0.,1.));
#3225 = ( GEOMETRIC_REPRESENTATION_CONTEXT(2) 
PARAMETRIC_REPRESENTATION_CONTEXT() REPRESENTATION_CONTEXT('2D SPACE',''
  ) );
#3226 = PCURVE('',#3137,#3227);
#3227 = DEFINITIONAL_REPRESENTATION('',(#3228),#3232);
#3228 = LINE('',#3229,#3230);
#3229 = CARTESIAN_POINT('',(0.,-0.));
#3230 = VECTOR('',#3231,1.);
#3231 = DIRECTION('',(0.,1.));
#3232 = ( GEOMETRIC_REPRESENTATION_CONTEXT(2) 
PARAMETRIC_REPRESENTATION_CONTEXT() REPRESENTATION_CONTEXT('2D SPACE',''
  ) );
#3233 = ORIENTED_EDGE('',*,*,#3234,.F.);
#3234 = EDGE_CURVE('',#3212,#3212,#3235,.T.);
#3235 = SURFACE_CURVE('',#3236,(#3241,#3248),.PCURVE_S1.);
#3236 = CIRCLE('',#3237,77.2);
#3237 = AXIS2_PLACEMENT_3D('',#3238,#3239,#3240);
#3238 = CARTESIAN_POINT('',(0.,0.,94.));
#3239 = DIRECTION('',(0.,0.,1.));
#3240 = DIRECTION('',(1.,0.,0.));
#3241 = PCURVE('',#3137,#3242);
#3242 = DEFINITIONAL_REPRESENTATION('',(#3243),#3247);
#3243 = LINE('',#3244,#3245);
#3244 = CARTESIAN_POINT('',(0.,3.));
#3245 = VECTOR('',#3246,1.);
#3246 = DIRECTION('',(1.,0.));
#3247 = ( GEOMETRIC_REPRESENTATION_CONTEXT(2) 
PARAMETRIC_REPRESENTATION_CONTEXT() REPRESENTATION_CONTEXT('2D SPACE',''
  ) );
#3248 = PCURVE('',#3172,#3249);
#3249 = DEFINITIONAL_REPRESENTATION('',(#3250),#3254);
#3250 = CIRCLE('',#3251,77.2);
#3251 = AXIS2_PLACEMENT_2D('',#3252,#3253);
#3252 = CARTESIAN_POINT('',(0.,0.));
#3253 = DIRECTION('',(1.,0.));
#3254 = ( GEOMETRIC_REPRESENTATION_CONTEXT(2) 
PARAMETRIC_REPRESENTATION_CONTEXT() REPRESENTATION_CONTEXT('2D SPACE',''
  ) );
#3255 = ORIENTED_EDGE('',*,*,#3211,.F.);
#3256 = ADVANCED_FACE('',(#3257,#3260),#3172,.T.);
#3257 = FACE_BOUND('',#3258,.T.);
#3258 = EDGE_LOOP('',(#3259));
#3259 = ORIENTED_EDGE('',*,*,#3234,.T.);
#3260 = FACE_BOUND('',#3261,.T.);
#3261 = EDGE_LOOP('',(#3262));
#3262 = ORIENTED_EDGE('',*,*,#3155,.F.);
#3263 = ( GEOMETRIC_REPRESENTATION_CONTEXT(3) 
GLOBAL_UNCERTAINTY_ASSIGNED_CONTEXT((#3267)) 
GLOBAL_UNIT_ASSIGNED_CONTEXT((#3264,#3265,#3266)) REPRESENTATION_CONTEXT
('Context #1','3D Context with UNIT and UNCERTAINTY') );
#3264 = ( LENGTH_UNIT() NAMED_UNIT(*) SI_UNIT(.MILLI.,.METRE.) );
#3265 = ( NAMED_UNIT(*) PLANE_ANGLE_UNIT() SI_UNIT($,.RADIAN.) );
#3266 = ( NAMED_UNIT(*) SI_UNIT($,.STERADIAN.) SOLID_ANGLE_UNIT() );
#3267 = UNCERTAINTY_MEASURE_WITH_UNIT(LENGTH_MEASURE(2.E-07),#3264,
  'distance_accuracy_value','confusion accuracy');
#3268 = PRODUCT_RELATED_PRODUCT_CATEGORY('part',$,(#7));
ENDSEC;
END-ISO-10303-21;
