ISO-10303-21;
HEADER;
FILE_DESCRIPTION(('Open CASCADE Model'),'2;1');
FILE_NAME('Open CASCADE Shape Model','2026-09-09T13:06:38',('Author'),(
    'Open CASCADE'),'Open CASCADE STEP processor 7.8','build123d',
  'Unknown');
FILE_SCHEMA(('AUTOMOTIVE_DESIGN { 1 0 10303 214 1 1 1 1 }'));
ENDSEC;
DATA;
#1 = APPLICATION_PROTOCOL_DEFINITION('international standard',
  'automotive_design',2000,#2);
#2 = APPLICATION_CONTEXT(
  'core data for automotive mechanical design processes');
#3 = SHAPE_DEFINITION_REPRESENTATION(#4,#10);
#4 = PRODUCT_DEFINITION_SHAPE('','',#5);
#5 = PRODUCT_DEFINITION('design','',#6,#9);
#6 = PRODUCT_DEFINITION_FORMATION('','',#7);
#7 = PRODUCT('SOLID','SOLID','',(#8));
#8 = PRODUCT_CONTEXT('',#2,'mechanical');
#9 = PRODUCT_DEFINITION_CONTEXT('part definition',#2,'design');
#10 = ADVANCED_BREP_SHAPE_REPRESENTATION('',(#11,#15),#5429);
#11 = AXIS2_PLACEMENT_3D('',#12,#13,#14);
#12 = CARTESIAN_POINT('',(0.,0.,0.));
#13 = DIRECTION('',(0.,0.,1.));
#14 = DIRECTION('',(1.,0.,-0.));
#15 = MANIFOLD_SOLID_BREP('',#16);
#16 = CLOSED_SHELL('',(#17,#2589,#2624,#2654,#2880,#3106,#3332,#3558,
    #3784,#4010,#4236,#4462,#4688,#4914,#5140,#5366));
#17 = ADVANCED_FACE('',(#18,#105,#312,#519,#726,#933,#1140,#1347,#1554,
    #1761,#1968,#2175,#2382),#31,.T.);
#18 = FACE_BOUND('',#19,.T.);
#19 = EDGE_LOOP('',(#20,#54,#77,#104));
#20 = ORIENTED_EDGE('',*,*,#21,.F.);
#21 = EDGE_CURVE('',#22,#22,#24,.T.);
#22 = VERTEX_POINT('',#23);
#23 = CARTESIAN_POINT('',(71.65,-1.754918863178E-14,126.));
#24 = SURFACE_CURVE('',#25,(#30,#42),.PCURVE_S1.);
#25 = CIRCLE('',#26,71.65);
#26 = AXIS2_PLACEMENT_3D('',#27,#28,#29);
#27 = CARTESIAN_POINT('',(0.,0.,126.));
#28 = DIRECTION('',(0.,0.,1.));
#29 = DIRECTION('',(1.,0.,0.));
#30 = PCURVE('',#31,#36);
#31 = CYLINDRICAL_SURFACE('',#32,71.65);
#32 = AXIS2_PLACEMENT_3D('',#33,#34,#35);
#33 = CARTESIAN_POINT('',(0.,0.,91.));
#34 = DIRECTION('',(0.,0.,1.));
#35 = DIRECTION('',(1.,0.,0.));
#36 = DEFINITIONAL_REPRESENTATION('',(#37),#41);
#37 = LINE('',#38,#39);
#38 = CARTESIAN_POINT('',(0.,35.));
#39 = VECTOR('',#40,1.);
#40 = DIRECTION('',(1.,0.));
#41 = ( GEOMETRIC_REPRESENTATION_CONTEXT(2) 
PARAMETRIC_REPRESENTATION_CONTEXT() REPRESENTATION_CONTEXT('2D SPACE',''
  ) );
#42 = PCURVE('',#43,#48);
#43 = PLANE('',#44);
#44 = AXIS2_PLACEMENT_3D('',#45,#46,#47);
#45 = CARTESIAN_POINT('',(0.,0.,126.));
#46 = DIRECTION('',(0.,0.,1.));
#47 = DIRECTION('',(1.,0.,0.));
#48 = DEFINITIONAL_REPRESENTATION('',(#49),#53);
#49 = CIRCLE('',#50,71.65);
#50 = AXIS2_PLACEMENT_2D('',#51,#52);
#51 = CARTESIAN_POINT('',(0.,0.));
#52 = DIRECTION('',(1.,0.));
#53 = ( GEOMETRIC_REPRESENTATION_CONTEXT(2) 
PARAMETRIC_REPRESENTATION_CONTEXT() REPRESENTATION_CONTEXT('2D SPACE',''
  ) );
#54 = ORIENTED_EDGE('',*,*,#55,.F.);
#55 = EDGE_CURVE('',#56,#22,#58,.T.);
#56 = VERTEX_POINT('',#57);
#57 = CARTESIAN_POINT('',(71.65,-1.754918863178E-14,91.));
#58 = SEAM_CURVE('',#59,(#63,#70),.PCURVE_S1.);
#59 = LINE('',#60,#61);
#60 = CARTESIAN_POINT('',(71.65,-1.754918863178E-14,91.));
#61 = VECTOR('',#62,1.);
#62 = DIRECTION('',(0.,0.,1.));
#63 = PCURVE('',#31,#64);
#64 = DEFINITIONAL_REPRESENTATION('',(#65),#69);
#65 = LINE('',#66,#67);
#66 = CARTESIAN_POINT('',(6.28318530718,-0.));
#67 = VECTOR('',#68,1.);
#68 = DIRECTION('',(0.,1.));
#69 = ( GEOMETRIC_REPRESENTATION_CONTEXT(2) 
PARAMETRIC_REPRESENTATION_CONTEXT() REPRESENTATION_CONTEXT('2D SPACE',''
  ) );
#70 = PCURVE('',#31,#71);
#71 = DEFINITIONAL_REPRESENTATION('',(#72),#76);
#72 = LINE('',#73,#74);
#73 = CARTESIAN_POINT('',(0.,-0.));
#74 = VECTOR('',#75,1.);
#75 = DIRECTION('',(0.,1.));
#76 = ( GEOMETRIC_REPRESENTATION_CONTEXT(2) 
PARAMETRIC_REPRESENTATION_CONTEXT() REPRESENTATION_CONTEXT('2D SPACE',''
  ) );
#77 = ORIENTED_EDGE('',*,*,#78,.T.);
#78 = EDGE_CURVE('',#56,#56,#79,.T.);
#79 = SURFACE_CURVE('',#80,(#85,#92),.PCURVE_S1.);
#80 = CIRCLE('',#81,71.65);
#81 = AXIS2_PLACEMENT_3D('',#82,#83,#84);
#82 = CARTESIAN_POINT('',(0.,0.,91.));
#83 = DIRECTION('',(0.,0.,1.));
#84 = DIRECTION('',(1.,0.,0.));
#85 = PCURVE('',#31,#86);
#86 = DEFINITIONAL_REPRESENTATION('',(#87),#91);
#87 = LINE('',#88,#89);
#88 = CARTESIAN_POINT('',(0.,0.));
#89 = VECTOR('',#90,1.);
#90 = DIRECTION('',(1.,0.));
#91 = ( GEOMETRIC_REPRESENTATION_CONTEXT(2) 
PARAMETRIC_REPRESENTATION_CONTEXT() REPRESENTATION_CONTEXT('2D SPACE',''
  ) );
#92 = PCURVE('',#93,#98);
#93 = PLANE('',#94);
#94 = AXIS2_PLACEMENT_3D('',#95,#96,#97);
#95 = CARTESIAN_POINT('',(0.,0.,91.));
#96 = DIRECTION('',(0.,0.,1.));
#97 = DIRECTION('',(1.,0.,0.));
#98 = DEFINITIONAL_REPRESENTATION('',(#99),#103);
#99 = CIRCLE('',#100,71.65);
#100 = AXIS2_PLACEMENT_2D('',#101,#102);
#101 = CARTESIAN_POINT('',(0.,0.));
#102 = DIRECTION('',(1.,0.));
#103 = ( GEOMETRIC_REPRESENTATION_CONTEXT(2) 
PARAMETRIC_REPRESENTATION_CONTEXT() REPRESENTATION_CONTEXT('2D SPACE',''
  ) );
#104 = ORIENTED_EDGE('',*,*,#55,.T.);
#105 = FACE_BOUND('',#106,.T.);
#106 = EDGE_LOOP('',(#107));
#107 = ORIENTED_EDGE('',*,*,#108,.F.);
#108 = EDGE_CURVE('',#109,#109,#111,.T.);
#109 = VERTEX_POINT('',#110);
#110 = CARTESIAN_POINT('',(43.716900993526,56.767552946399,95.7));
#111 = SURFACE_CURVE('',#112,(#175,#241),.PCURVE_S1.);
#112 = B_SPLINE_CURVE_WITH_KNOTS('',7,(#113,#114,#115,#116,#117,#118,
    #119,#120,#121,#122,#123,#124,#125,#126,#127,#128,#129,#130,#131,
    #132,#133,#134,#135,#136,#137,#138,#139,#140,#141,#142,#143,#144,
    #145,#146,#147,#148,#149,#150,#151,#152,#153,#154,#155,#156,#157,
    #158,#159,#160,#161,#162,#163,#164,#165,#166,#167,#168,#169,#170,
    #171,#172,#173,#174),.UNSPECIFIED.,.T.,.F.,(8,6,6,6,6,6,6,6,6,6,8),(
    0.,8.234479018881E-02,0.180750422299,0.344501989179,0.442272716605,
    0.53181861759,0.631500100893,0.750063700281,0.844378238564,
    0.948705783948,1.),.UNSPECIFIED.);
#113 = CARTESIAN_POINT('',(43.716900993526,56.767552946399,95.7));
#114 = CARTESIAN_POINT('',(43.482556749415,56.94802230938,95.7));
#115 = CARTESIAN_POINT('',(43.249698089034,57.125550067324,
    95.730929446476));
#116 = CARTESIAN_POINT('',(43.022297665713,57.297139502363,
    95.791670278891));
#117 = CARTESIAN_POINT('',(42.804206088201,57.460076091159,
    95.879822721446));
#118 = CARTESIAN_POINT('',(42.598875977598,57.612094596643,
    95.991785869792));
#119 = CARTESIAN_POINT('',(42.40911285933,57.75149455105,96.122822397207
    ));
#120 = CARTESIAN_POINT('',(42.030994679673,58.02743258519,
    96.439534256658));
#121 = CARTESIAN_POINT('',(41.84752096429,58.160016142674,
    96.633069793387));
#122 = CARTESIAN_POINT('',(41.686244687867,58.275619642353,
    96.842526798178));
#123 = CARTESIAN_POINT('',(41.546562902372,58.375100752247,
    97.063974564622));
#124 = CARTESIAN_POINT('',(41.42771020898,58.459326747832,
    97.294405312277));
#125 = CARTESIAN_POINT('',(41.328942385243,58.529056250041,
    97.531502911976));
#126 = CARTESIAN_POINT('',(41.11770429679,58.677789103576,98.17623147497
    ));
#127 = CARTESIAN_POINT('',(41.039703526985,58.732190975864,
    98.592507097124));
#128 = CARTESIAN_POINT('',(41.01273505727,58.750908652681,
    99.014533341083));
#129 = CARTESIAN_POINT('',(41.0357141915,58.734925215216,99.437298882732
    ));
#130 = CARTESIAN_POINT('',(41.109260389794,58.683705996362,
    99.855662466196));
#131 = CARTESIAN_POINT('',(41.235555130753,58.595233558097,
    100.26338671779));
#132 = CARTESIAN_POINT('',(41.5266758298,58.389001398425,100.88083419935
    ));
#133 = CARTESIAN_POINT('',(41.655797810856,58.297175377755,
    101.10483445417));
#134 = CARTESIAN_POINT('',(41.80590587076,58.189887640554,
    101.31925132425));
#135 = CARTESIAN_POINT('',(41.977570960114,58.066409356794,
    101.52071445853));
#136 = CARTESIAN_POINT('',(42.171124461097,57.926087785981,
    101.70513998581));
#137 = CARTESIAN_POINT('',(42.386468201432,57.768470953293,
    101.86755505508));
#138 = CARTESIAN_POINT('',(42.839198747832,57.433422714515,
    102.12472415767));
#139 = CARTESIAN_POINT('',(43.074935735722,57.257493630866,
    102.22500337342));
#140 = CARTESIAN_POINT('',(43.324766032378,57.069181230699,
    102.29430006107));
#141 = CARTESIAN_POINT('',(43.582182532094,56.872934656442,
    102.32745462457));
#142 = CARTESIAN_POINT('',(43.840114142826,56.673974319095,
    102.32251597517));
#143 = CARTESIAN_POINT('',(44.091645145052,56.477800438475,
    102.28080237267));
#144 = CARTESIAN_POINT('',(44.596873589354,56.079908454506,
    102.12479791483));
#145 = CARTESIAN_POINT('',(44.843939604613,55.882953274434,
    102.00395436381));
#146 = CARTESIAN_POINT('',(45.06956822872,55.701079112429,
    101.85122654477));
#147 = CARTESIAN_POINT('',(45.272514752217,55.535925658698,
    101.67281166817));
#148 = CARTESIAN_POINT('',(45.452288969825,55.388478402013,
    101.47451633143));
#149 = CARTESIAN_POINT('',(45.609018658084,55.259120602893,
    101.26182871698));
#150 = CARTESIAN_POINT('',(45.903283953822,55.015035774734,
    100.77598652387));
#151 = CARTESIAN_POINT('',(46.033230830885,54.906335843045,
    100.49625146785));
#152 = CARTESIAN_POINT('',(46.135059559982,54.820652185937,
    100.20599092625));
#153 = CARTESIAN_POINT('',(46.21031679589,54.75708825199,99.908837242425
    ));
#154 = CARTESIAN_POINT('',(46.260124077679,54.714938425687,
    99.607424845631));
#155 = CARTESIAN_POINT('',(46.285064574742,54.693832351664,
    99.303842184388));
#156 = CARTESIAN_POINT('',(46.285064574742,54.693832351664,
    98.758300730752));
#157 = CARTESIAN_POINT('',(46.269282184623,54.7071883403,98.516681853705
    ));
#158 = CARTESIAN_POINT('',(46.237737349688,54.733883310312,
    98.27617168033));
#159 = CARTESIAN_POINT('',(46.190204858683,54.77405892181,
    98.037834005504));
#160 = CARTESIAN_POINT('',(46.126245434933,54.827988347431,
    97.802908370573));
#161 = CARTESIAN_POINT('',(46.045233726252,54.896043090996,
    97.572954369769));
#162 = CARTESIAN_POINT('',(45.837038085076,55.0700349233,97.103375433372
    ));
#163 = CARTESIAN_POINT('',(45.705414554609,55.179603482145,
    96.864299371798));
#164 = CARTESIAN_POINT('',(45.550415918773,55.307963173798,
    96.636315257301));
#165 = CARTESIAN_POINT('',(45.371061158324,55.455502731767,
    96.423741444233));
#166 = CARTESIAN_POINT('',(45.166603227592,55.622286176212,
    96.231775967586));
#167 = CARTESIAN_POINT('',(44.93675951513,55.807850345138,
    96.066717610038));
#168 = CARTESIAN_POINT('',(44.557083526198,56.110733691,95.87230622521)
  );
#169 = CARTESIAN_POINT('',(44.42609221376,56.214697486244,
    95.816683142508));
#170 = CARTESIAN_POINT('',(44.290095973013,56.322033294075,
    95.770796271769));
#171 = CARTESIAN_POINT('',(44.150070175933,56.431895659676,
    95.735638464185));
#172 = CARTESIAN_POINT('',(44.007091707732,56.543384188501,95.7119078558
    ));
#173 = CARTESIAN_POINT('',(43.862307154949,56.655575127508,95.7));
#174 = CARTESIAN_POINT('',(43.716900993526,56.767552946399,95.7));
#175 = PCURVE('',#31,#176);
#176 = DEFINITIONAL_REPRESENTATION('',(#177),#240);
#177 = B_SPLINE_CURVE_WITH_KNOTS('',7,(#178,#179,#180,#181,#182,#183,
    #184,#185,#186,#187,#188,#189,#190,#191,#192,#193,#194,#195,#196,
    #197,#198,#199,#200,#201,#202,#203,#204,#205,#206,#207,#208,#209,
    #210,#211,#212,#213,#214,#215,#216,#217,#218,#219,#220,#221,#222,
    #223,#224,#225,#226,#227,#228,#229,#230,#231,#232,#233,#234,#235,
    #236,#237,#238,#239),.UNSPECIFIED.,.T.,.F.,(8,6,6,6,6,6,6,6,6,6,8),(
    0.,8.234479018881E-02,0.180750422299,0.344501989179,0.442272716605,
    0.53181861759,0.631500100893,0.750063700281,0.844378238564,
    0.948705783948,1.),.UNSPECIFIED.);
#178 = CARTESIAN_POINT('',(0.914552528045,4.7));
#179 = CARTESIAN_POINT('',(0.918680665193,4.7));
#180 = CARTESIAN_POINT('',(0.922767325546,4.730929446476));
#181 = CARTESIAN_POINT('',(0.926743175744,4.791670278891));
#182 = CARTESIAN_POINT('',(0.93054262725,4.879822721446));
#183 = CARTESIAN_POINT('',(0.934108253497,4.991785869792));
#184 = CARTESIAN_POINT('',(0.937394518901,5.122822397207));
#185 = CARTESIAN_POINT('',(0.943927629568,5.439534256658));
#186 = CARTESIAN_POINT('',(0.947086907851,5.633069793387));
#187 = CARTESIAN_POINT('',(0.949856306681,5.842526798179));
#188 = CARTESIAN_POINT('',(0.952249679503,6.063974564622));
#189 = CARTESIAN_POINT('',(0.954282762678,6.294405312277));
#190 = CARTESIAN_POINT('',(0.955970157995,6.531502911976));
#191 = CARTESIAN_POINT('',(0.959575833505,7.17623147497));
#192 = CARTESIAN_POINT('',(0.960903082096,7.592507097124));
#193 = CARTESIAN_POINT('',(0.961361254362,8.014533341083));
#194 = CARTESIAN_POINT('',(0.96097058641,8.437298882733));
#195 = CARTESIAN_POINT('',(0.959719721496,8.855662466196));
#196 = CARTESIAN_POINT('',(0.957567618365,9.263386717797));
#197 = CARTESIAN_POINT('',(0.952588310865,9.880834199352));
#198 = CARTESIAN_POINT('',(0.950376953612,10.104834454175));
#199 = CARTESIAN_POINT('',(0.947801841216,10.319251324251));
#200 = CARTESIAN_POINT('',(0.944850561926,10.520714458533));
#201 = CARTESIAN_POINT('',(0.941514013067,10.705139985815));
#202 = CARTESIAN_POINT('',(0.937789525509,10.867555055086));
#203 = CARTESIAN_POINT('',(0.929928745551,11.124724157674));
#204 = CARTESIAN_POINT('',(0.92582343347,11.225003373423));
#205 = CARTESIAN_POINT('',(0.921457120527,11.294300061072));
#206 = CARTESIAN_POINT('',(0.916939569975,11.327454624576));
#207 = CARTESIAN_POINT('',(0.912393255845,11.322515975178));
#208 = CARTESIAN_POINT('',(0.907941301952,11.280802372675));
#209 = CARTESIAN_POINT('',(0.898965767451,11.124797914838));
#210 = CARTESIAN_POINT('',(0.894556025494,11.003954363811));
#211 = CARTESIAN_POINT('',(0.890511391918,10.851226544778));
#212 = CARTESIAN_POINT('',(0.886859606718,10.672811668176));
#213 = CARTESIAN_POINT('',(0.883614595816,10.474516331434));
#214 = CARTESIAN_POINT('',(0.880778341899,10.261828716989));
#215 = CARTESIAN_POINT('',(0.875442387151,9.775986523872));
#216 = CARTESIAN_POINT('',(0.87307790989,9.496251467855));
#217 = CARTESIAN_POINT('',(0.871220528385,9.205990926251));
#218 = CARTESIAN_POINT('',(0.869845665261,8.908837242425));
#219 = CARTESIAN_POINT('',(0.868935008498,8.607424845631));
#220 = CARTESIAN_POINT('',(0.868479006588,8.303842184388));
#221 = CARTESIAN_POINT('',(0.868479006588,7.758300730752));
#222 = CARTESIAN_POINT('',(0.868767565696,7.516681853705));
#223 = CARTESIAN_POINT('',(0.869344317888,7.27617168033));
#224 = CARTESIAN_POINT('',(0.870212940139,7.037834005504));
#225 = CARTESIAN_POINT('',(0.871380574922,6.802908370573));
#226 = CARTESIAN_POINT('',(0.872857239124,6.572954369769));
#227 = CARTESIAN_POINT('',(0.876644084143,6.103375433372));
#228 = CARTESIAN_POINT('',(0.879034311481,5.864299371798));
#229 = CARTESIAN_POINT('',(0.881843061656,5.636315257302));
#230 = CARTESIAN_POINT('',(0.88508435784,5.423741444233));
#231 = CARTESIAN_POINT('',(0.888766854845,5.231775967586));
#232 = CARTESIAN_POINT('',(0.892889628038,5.066717610038));
#233 = CARTESIAN_POINT('',(0.899668236902,4.87230622521));
#234 = CARTESIAN_POINT('',(0.902002269645,4.816683142508));
#235 = CARTESIAN_POINT('',(0.904420274612,4.770796271769));
#236 = CARTESIAN_POINT('',(0.906904278147,4.735638464185));
#237 = CARTESIAN_POINT('',(0.909434725324,4.7119078558));
#238 = CARTESIAN_POINT('',(0.911991097195,4.7));
#239 = CARTESIAN_POINT('',(0.914552528045,4.7));
#240 = ( GEOMETRIC_REPRESENTATION_CONTEXT(2) 
PARAMETRIC_REPRESENTATION_CONTEXT() REPRESENTATION_CONTEXT('2D SPACE',''
  ) );
#241 = PCURVE('',#242,#247);
#242 = CYLINDRICAL_SURFACE('',#243,3.3);
#243 = AXIS2_PLACEMENT_3D('',#244,#245,#246);
#244 = CARTESIAN_POINT('',(40.7882042068,52.964562658294,99.));
#245 = DIRECTION('',(0.610145163901,0.792289643355,2.22044604925E-16));
#246 = DIRECTION('',(1.354794418654E-16,1.75923640845E-16,-1.));
#247 = DEFINITIONAL_REPRESENTATION('',(#248),#311);
#248 = B_SPLINE_CURVE_WITH_KNOTS('',7,(#249,#250,#251,#252,#253,#254,
    #255,#256,#257,#258,#259,#260,#261,#262,#263,#264,#265,#266,#267,
    #268,#269,#270,#271,#272,#273,#274,#275,#276,#277,#278,#279,#280,
    #281,#282,#283,#284,#285,#286,#287,#288,#289,#290,#291,#292,#293,
    #294,#295,#296,#297,#298,#299,#300,#301,#302,#303,#304,#305,#306,
    #307,#308,#309,#310),.UNSPECIFIED.,.F.,.F.,(8,6,6,6,6,6,6,6,6,6,8),(
    0.,8.234479018881E-02,0.180750422299,0.344501989179,0.442272716605,
    0.53181861759,0.631500100893,0.750063700281,0.844378238564,
    0.948705783948,1.),.UNSPECIFIED.);
#249 = CARTESIAN_POINT('',(0.,4.8));
#250 = CARTESIAN_POINT('',(8.963061413459E-02,4.8));
#251 = CARTESIAN_POINT('',(0.178360571643,4.798575818523));
#252 = CARTESIAN_POINT('',(0.265858767345,4.795777082255));
#253 = CARTESIAN_POINT('',(0.35176671587,4.791802532776));
#254 = CARTESIAN_POINT('',(0.435661356031,4.786964046281));
#255 = CARTESIAN_POINT('',(0.516993025909,4.781626137543));
#256 = CARTESIAN_POINT('',(0.688218697709,4.7695420055));
#257 = CARTESIAN_POINT('',(0.77787245182,4.76264098483));
#258 = CARTESIAN_POINT('',(0.86453645196,4.755830500249));
#259 = CARTESIAN_POINT('',(0.948673470426,4.749422187423));
#260 = CARTESIAN_POINT('',(1.030695303591,4.743636175337));
#261 = CARTESIAN_POINT('',(1.111001961924,4.738619427771));
#262 = CARTESIAN_POINT('',(1.321449010845,4.727573029152));
#263 = CARTESIAN_POINT('',(1.449255799109,4.723083276668));
#264 = CARTESIAN_POINT('',(1.575383288458,4.721458416783));
#265 = CARTESIAN_POINT('',(1.701378473457,4.722815512435));
#266 = CARTESIAN_POINT('',(1.828775469032,4.727108913009));
#267 = CARTESIAN_POINT('',(1.95911553721,4.734071241872));
#268 = CARTESIAN_POINT('',(2.175166124899,4.748301524272));
#269 = CARTESIAN_POINT('',(2.257940119422,4.7543318714));
#270 = CARTESIAN_POINT('',(2.343009040432,4.760916615169));
#271 = CARTESIAN_POINT('',(2.430674769242,4.767826673847));
#272 = CARTESIAN_POINT('',(2.521293982356,4.774747079134));
#273 = CARTESIAN_POINT('',(2.615277314406,4.781259836718));
#274 = CARTESIAN_POINT('',(2.802872920363,4.792035940546));
#275 = CARTESIAN_POINT('',(2.896567543066,4.79648293272));
#276 = CARTESIAN_POINT('',(2.992701600836,4.799717715653));
#277 = CARTESIAN_POINT('',(3.090107467053,4.801295019735));
#278 = CARTESIAN_POINT('',(3.187787397743,4.801036529921));
#279 = CARTESIAN_POINT('',(3.284702930691,4.799080420589));
#280 = CARTESIAN_POINT('',(3.485221642868,4.792097414473));
#281 = CARTESIAN_POINT('',(3.586889552269,4.786797999472));
#282 = CARTESIAN_POINT('',(3.685048107687,4.780367198357));
#283 = CARTESIAN_POINT('',(3.779948131445,4.773344667244));
#284 = CARTESIAN_POINT('',(3.871737644685,4.766212102299));
#285 = CARTESIAN_POINT('',(3.960444593102,4.7593511191));
#286 = CARTESIAN_POINT('',(4.147740983116,4.745509784748));
#287 = CARTESIAN_POINT('',(4.24608272661,4.738674413242));
#288 = CARTESIAN_POINT('',(4.341847981357,4.732918445715));
#289 = CARTESIAN_POINT('',(4.435708452715,4.728475237695));
#290 = CARTESIAN_POINT('',(4.5283209552,4.725470038957));
#291 = CARTESIAN_POINT('',(4.620315591176,4.723965238765));
#292 = CARTESIAN_POINT('',(4.785631183187,4.723965238765));
#293 = CARTESIAN_POINT('',(4.858849274966,4.724917501232));
#294 = CARTESIAN_POINT('',(4.932372047775,4.726820721021));
#295 = CARTESIAN_POINT('',(5.006519944933,4.729649722412));
#296 = CARTESIAN_POINT('',(5.081610087062,4.733352914716));
#297 = CARTESIAN_POINT('',(5.157973958769,4.737843080953));
#298 = CARTESIAN_POINT('',(5.322283974123,4.748665444107));
#299 = CARTESIAN_POINT('',(5.410954795095,4.755166017947));
#300 = CARTESIAN_POINT('',(5.502308644351,4.762292404201));
#301 = CARTESIAN_POINT('',(5.596671613898,4.769754028254));
#302 = CARTESIAN_POINT('',(5.694450388873,4.777145806315));
#303 = CARTESIAN_POINT('',(5.796121814715,4.783928345921));
#304 = CARTESIAN_POINT('',(5.954632689191,4.792242215495));
#305 = CARTESIAN_POINT('',(6.007939095914,4.794687937953));
#306 = CARTESIAN_POINT('',(6.06207617373,4.796751538259));
#307 = CARTESIAN_POINT('',(6.116845179537,4.798358289809));
#308 = CARTESIAN_POINT('',(6.172066988291,4.799451875635));
#309 = CARTESIAN_POINT('',(6.227571210078,4.8));
#310 = CARTESIAN_POINT('',(6.28318530718,4.8));
#311 = ( GEOMETRIC_REPRESENTATION_CONTEXT(2) 
PARAMETRIC_REPRESENTATION_CONTEXT() REPRESENTATION_CONTEXT('2D SPACE',''
  ) );
#312 = FACE_BOUND('',#313,.T.);
#313 = EDGE_LOOP('',(#314));
#314 = ORIENTED_EDGE('',*,*,#315,.F.);
#315 = EDGE_CURVE('',#316,#316,#318,.T.);
#316 = VERTEX_POINT('',#317);
#317 = CARTESIAN_POINT('',(-27.30369246549,66.243723308322,95.7));
#318 = SURFACE_CURVE('',#319,(#382,#448),.PCURVE_S1.);
#319 = B_SPLINE_CURVE_WITH_KNOTS('',7,(#320,#321,#322,#323,#324,#325,
    #326,#327,#328,#329,#330,#331,#332,#333,#334,#335,#336,#337,#338,
    #339,#340,#341,#342,#343,#344,#345,#346,#347,#348,#349,#350,#351,
    #352,#353,#354,#355,#356,#357,#358,#359,#360,#361,#362,#363,#364,
    #365,#366,#367,#368,#369,#370,#371,#372,#373,#374,#375,#376,#377,
    #378,#379,#380,#381),.UNSPECIFIED.,.T.,.F.,(8,6,6,6,6,6,6,6,6,6,8),(
    0.,8.234479129862E-02,0.180750423855,0.344501991479,0.442272717767,
    0.531818617484,0.631500100834,0.750063700243,0.844378238544,
    0.948705783948,1.),.UNSPECIFIED.);
#320 = CARTESIAN_POINT('',(-27.30369246549,66.243723308322,95.7));
#321 = CARTESIAN_POINT('',(-27.57715563801,66.131009922207,95.7));
#322 = CARTESIAN_POINT('',(-27.8473285243,66.018112282522,
    95.730929447453));
#323 = CARTESIAN_POINT('',(-28.10962953761,65.906972460061,
    95.791670277478));
#324 = CARTESIAN_POINT('',(-28.35978255092,65.79956790817,
    95.879822720978));
#325 = CARTESIAN_POINT('',(-28.59409950181,65.69775606556,
    95.991785871914));
#326 = CARTESIAN_POINT('',(-28.80970495632,65.603116364437,
    96.122822395917));
#327 = CARTESIAN_POINT('',(-29.23773339532,65.41362543152,
    96.439534256658));
#328 = CARTESIAN_POINT('',(-29.44429098192,65.321024311814,
    96.633069793387));
#329 = CARTESIAN_POINT('',(-29.62504468762,65.239156709243,
    96.842526798179));
#330 = CARTESIAN_POINT('',(-29.78103874873,65.167929289505,
    97.063974564622));
#331 = CARTESIAN_POINT('',(-29.91340694726,65.107112835513,
    97.294405312277));
#332 = CARTESIAN_POINT('',(-30.02317837944,65.056442142184,
    97.531502911976));
#333 = CARTESIAN_POINT('',(-30.2576038532,64.947871018105,98.17623147497
    ));
#334 = CARTESIAN_POINT('',(-30.34371764152,64.907521306083,
    98.592507097124));
#335 = CARTESIAN_POINT('',(-30.37341186,64.893524764617,99.014533341081)
  );
#336 = CARTESIAN_POINT('',(-30.34808023,64.905433559884,99.437298882734)
  );
#337 = CARTESIAN_POINT('',(-30.26694998617,64.943516826532,
    99.855662466195));
#338 = CARTESIAN_POINT('',(-30.12718323661,65.008655061435,
    100.26338671779));
#339 = CARTESIAN_POINT('',(-29.8030205997,65.157656901639,
    100.88083419561));
#340 = CARTESIAN_POINT('',(-29.65893593693,65.223566809706,
    101.10483446322));
#341 = CARTESIAN_POINT('',(-29.49096800381,65.299920332812,
    101.31925131657));
#342 = CARTESIAN_POINT('',(-29.29820013856,65.386847515145,
    101.52071445836));
#343 = CARTESIAN_POINT('',(-29.07990132366,65.484308986921,
    101.70513999004));
#344 = CARTESIAN_POINT('',(-28.83572928688,65.591993713932,
    101.86755505296));
#345 = CARTESIAN_POINT('',(-28.31920371985,65.816545752079,
    102.12472415931));
#346 = CARTESIAN_POINT('',(-28.04897618226,65.932735425249,
    102.22500337146));
#347 = CARTESIAN_POINT('',(-27.76097769678,66.05493861485,
    102.29430006053));
#348 = CARTESIAN_POINT('',(-27.46231492891,66.179744555632,
    102.32745462605));
#349 = CARTESIAN_POINT('',(-27.16104443198,66.303639708098,
    102.32251597566));
#350 = CARTESIAN_POINT('',(-26.86538735286,66.423385011178,
    102.28080237157));
#351 = CARTESIAN_POINT('',(-26.2681885689,66.661979684969,
    102.12479791485));
#352 = CARTESIAN_POINT('',(-25.97408737186,66.777467540585,
    102.00395436383));
#353 = CARTESIAN_POINT('',(-25.70376541515,66.881930579902,
    101.85122654475));
#354 = CARTESIAN_POINT('',(-25.45926506696,66.975110697991,
    101.67281166812));
#355 = CARTESIAN_POINT('',(-25.2416848882,67.057076109021,
    101.47451633142));
#356 = CARTESIAN_POINT('',(-25.05129290389,67.128129101009,
    101.26182871705));
#357 = CARTESIAN_POINT('',(-24.69277659411,67.260927908507,
    100.77598652387));
#358 = CARTESIAN_POINT('',(-24.53366625335,67.319115239342,
    100.49625146785));
#359 = CARTESIAN_POINT('',(-24.40854766506,67.364459677021,
    100.20599092625));
#360 = CARTESIAN_POINT('',(-24.31587106554,67.397852388163,
    99.908837242422));
#361 = CARTESIAN_POINT('',(-24.2544646043,67.419911846333,
    99.607424845633));
#362 = CARTESIAN_POINT('',(-24.22371595949,67.430957913362,
    99.303842184387));
#363 = CARTESIAN_POINT('',(-24.22371595949,67.430957913362,
    98.758300730752));
#364 = CARTESIAN_POINT('',(-24.24317378,67.423967956904,98.516681853704)
  );
#365 = CARTESIAN_POINT('',(-24.28206471966,67.409996813498,
    98.27617168033));
#366 = CARTESIAN_POINT('',(-24.34062406533,67.388920274532,
    98.037834005504));
#367 = CARTESIAN_POINT('',(-24.4193080298,67.360494501564,
    97.802908370573));
#368 = CARTESIAN_POINT('',(-24.51875102092,67.324363675624,
    97.572954369769));
#369 = CARTESIAN_POINT('',(-24.77353018833,67.23105687756,
    97.103375433372));
#370 = CARTESIAN_POINT('',(-24.93423110898,67.171851835863,96.8642993718
    ));
#371 = CARTESIAN_POINT('',(-25.12289318069,67.101798925504,96.6363152573
    ));
#372 = CARTESIAN_POINT('',(-25.34034356618,67.020242925649,
    96.423741444233));
#373 = CARTESIAN_POINT('',(-25.58701123137,66.926568885854,
    96.231775967587));
#374 = CARTESIAN_POINT('',(-25.86263637192,66.820300476424,
    96.066717610037));
#375 = CARTESIAN_POINT('',(-26.31477903826,66.642933097744,
    95.872306225222));
#376 = CARTESIAN_POINT('',(-26.47030998229,66.581473191096,
    95.816683142502));
#377 = CARTESIAN_POINT('',(-26.63126363898,66.517364895708,
    95.770796271759));
#378 = CARTESIAN_POINT('',(-26.796420137,66.451030181071,95.735638464186
    ));
#379 = CARTESIAN_POINT('',(-26.96446126928,66.382951459831,
    95.711907855807));
#380 = CARTESIAN_POINT('',(-27.13401374899,66.313659828524,95.7));
#381 = CARTESIAN_POINT('',(-27.30369246549,66.243723308322,95.7));
#382 = PCURVE('',#31,#383);
#383 = DEFINITIONAL_REPRESENTATION('',(#384),#447);
#384 = B_SPLINE_CURVE_WITH_KNOTS('',7,(#385,#386,#387,#388,#389,#390,
    #391,#392,#393,#394,#395,#396,#397,#398,#399,#400,#401,#402,#403,
    #404,#405,#406,#407,#408,#409,#410,#411,#412,#413,#414,#415,#416,
    #417,#418,#419,#420,#421,#422,#423,#424,#425,#426,#427,#428,#429,
    #430,#431,#432,#433,#434,#435,#436,#437,#438,#439,#440,#441,#442,
    #443,#444,#445,#446),.UNSPECIFIED.,.T.,.F.,(8,6,6,6,6,6,6,6,6,6,8),(
    0.,8.234479129862E-02,0.180750423855,0.344501991479,0.442272717767,
    0.531818617484,0.631500100834,0.750063700243,0.844378238544,
    0.948705783948,1.),.UNSPECIFIED.);
#385 = CARTESIAN_POINT('',(1.961750079242,4.7));
#386 = CARTESIAN_POINT('',(1.965878216352,4.7));
#387 = CARTESIAN_POINT('',(1.969964876823,4.730929447453));
#388 = CARTESIAN_POINT('',(1.973940726899,4.791670277478));
#389 = CARTESIAN_POINT('',(1.977740178396,4.879822720978));
#390 = CARTESIAN_POINT('',(1.981305804765,4.991785871914));
#391 = CARTESIAN_POINT('',(1.984592070071,5.122822395917));
#392 = CARTESIAN_POINT('',(1.991125180764,5.439534256658));
#393 = CARTESIAN_POINT('',(1.994284459048,5.633069793387));
#394 = CARTESIAN_POINT('',(1.997053857878,5.842526798179));
#395 = CARTESIAN_POINT('',(1.999447230699,6.063974564622));
#396 = CARTESIAN_POINT('',(2.001480313875,6.294405312277));
#397 = CARTESIAN_POINT('',(2.003167709191,6.531502911976));
#398 = CARTESIAN_POINT('',(2.006773384702,7.17623147497));
#399 = CARTESIAN_POINT('',(2.008100633293,7.592507097124));
#400 = CARTESIAN_POINT('',(2.008558805559,8.014533341081));
#401 = CARTESIAN_POINT('',(2.008168137607,8.437298882734));
#402 = CARTESIAN_POINT('',(2.006917272693,8.855662466195));
#403 = CARTESIAN_POINT('',(2.004765169561,9.263386717797));
#404 = CARTESIAN_POINT('',(1.999785862092,9.880834195618));
#405 = CARTESIAN_POINT('',(1.997574504752,10.104834463223));
#406 = CARTESIAN_POINT('',(1.9949993924,10.319251316574));
#407 = CARTESIAN_POINT('',(1.992048113261,10.520714458361));
#408 = CARTESIAN_POINT('',(1.988711564107,10.705139990042));
#409 = CARTESIAN_POINT('',(1.984987076771,10.86755505296));
#410 = CARTESIAN_POINT('',(1.977126296698,11.12472415931));
#411 = CARTESIAN_POINT('',(1.9730209848,11.225003371461));
#412 = CARTESIAN_POINT('',(1.968654671634,11.294300060537));
#413 = CARTESIAN_POINT('',(1.964137121091,11.327454626058));
#414 = CARTESIAN_POINT('',(1.959590807187,11.322515975667));
#415 = CARTESIAN_POINT('',(1.955138853085,11.280802371578));
#416 = CARTESIAN_POINT('',(1.946163318649,11.124797914856));
#417 = CARTESIAN_POINT('',(1.941753576691,11.003954363833));
#418 = CARTESIAN_POINT('',(1.937708943114,10.851226544757));
#419 = CARTESIAN_POINT('',(1.934057157914,10.672811668128));
#420 = CARTESIAN_POINT('',(1.930812147012,10.474516331425));
#421 = CARTESIAN_POINT('',(1.927975893096,10.261828717051));
#422 = CARTESIAN_POINT('',(1.922639938348,9.775986523873));
#423 = CARTESIAN_POINT('',(1.920275461087,9.496251467853));
#424 = CARTESIAN_POINT('',(1.918418079582,9.205990926255));
#425 = CARTESIAN_POINT('',(1.917043216458,8.908837242421));
#426 = CARTESIAN_POINT('',(1.916132559695,8.607424845633));
#427 = CARTESIAN_POINT('',(1.915676557785,8.303842184387));
#428 = CARTESIAN_POINT('',(1.915676557785,7.758300730752));
#429 = CARTESIAN_POINT('',(1.915965116892,7.516681853704));
#430 = CARTESIAN_POINT('',(1.916541869085,7.27617168033));
#431 = CARTESIAN_POINT('',(1.917410491335,7.037834005504));
#432 = CARTESIAN_POINT('',(1.918578126119,6.802908370573));
#433 = CARTESIAN_POINT('',(1.920054790321,6.572954369769));
#434 = CARTESIAN_POINT('',(1.923841635339,6.103375433372));
#435 = CARTESIAN_POINT('',(1.926231862678,5.8642993718));
#436 = CARTESIAN_POINT('',(1.929040612852,5.6363152573));
#437 = CARTESIAN_POINT('',(1.932281909037,5.423741444233));
#438 = CARTESIAN_POINT('',(1.935964406042,5.231775967587));
#439 = CARTESIAN_POINT('',(1.940087179234,5.066717610037));
#440 = CARTESIAN_POINT('',(1.946865788098,4.872306225222));
#441 = CARTESIAN_POINT('',(1.949199820842,4.816683142502));
#442 = CARTESIAN_POINT('',(1.951617825809,4.770796271759));
#443 = CARTESIAN_POINT('',(1.954101829344,4.735638464186));
#444 = CARTESIAN_POINT('',(1.95663227652,4.711907855807));
#445 = CARTESIAN_POINT('',(1.959188648392,4.7));
#446 = CARTESIAN_POINT('',(1.961750079242,4.7));
#447 = ( GEOMETRIC_REPRESENTATION_CONTEXT(2) 
PARAMETRIC_REPRESENTATION_CONTEXT() REPRESENTATION_CONTEXT('2D SPACE',''
  ) );
#448 = PCURVE('',#449,#454);
#449 = CYLINDRICAL_SURFACE('',#450,3.3);
#450 = AXIS2_PLACEMENT_3D('',#451,#452,#453);
#451 = CARTESIAN_POINT('',(-25.47455465901,61.805902346983,99.));
#452 = DIRECTION('',(-0.38107037635,0.924546033612,2.22044604925E-16));
#453 = DIRECTION('',(-8.461462116533E-17,2.052904587685E-16,-1.));
#454 = DEFINITIONAL_REPRESENTATION('',(#455),#518);
#455 = B_SPLINE_CURVE_WITH_KNOTS('',7,(#456,#457,#458,#459,#460,#461,
    #462,#463,#464,#465,#466,#467,#468,#469,#470,#471,#472,#473,#474,
    #475,#476,#477,#478,#479,#480,#481,#482,#483,#484,#485,#486,#487,
    #488,#489,#490,#491,#492,#493,#494,#495,#496,#497,#498,#499,#500,
    #501,#502,#503,#504,#505,#506,#507,#508,#509,#510,#511,#512,#513,
    #514,#515,#516,#517),.UNSPECIFIED.,.F.,.F.,(8,6,6,6,6,6,6,6,6,6,8),(
    0.,8.234479129862E-02,0.180750423855,0.344501991479,0.442272717767,
    0.531818617484,0.631500100834,0.750063700243,0.844378238544,
    0.948705783948,1.),.UNSPECIFIED.);
#456 = CARTESIAN_POINT('',(0.,4.8));
#457 = CARTESIAN_POINT('',(8.963061331938E-02,4.8));
#458 = CARTESIAN_POINT('',(0.178360573481,4.798575818484));
#459 = CARTESIAN_POINT('',(0.265858766315,4.795777082311));
#460 = CARTESIAN_POINT('',(0.351766714753,4.791802532795));
#461 = CARTESIAN_POINT('',(0.435661357763,4.786964046198));
#462 = CARTESIAN_POINT('',(0.516993025212,4.781626137593));
#463 = CARTESIAN_POINT('',(0.688218697709,4.7695420055));
#464 = CARTESIAN_POINT('',(0.77787245182,4.76264098483));
#465 = CARTESIAN_POINT('',(0.86453645196,4.755830500249));
#466 = CARTESIAN_POINT('',(0.948673470426,4.749422187423));
#467 = CARTESIAN_POINT('',(1.030695303591,4.743636175337));
#468 = CARTESIAN_POINT('',(1.111001961924,4.738619427771));
#469 = CARTESIAN_POINT('',(1.321449010845,4.727573029152));
#470 = CARTESIAN_POINT('',(1.44925579911,4.723083276668));
#471 = CARTESIAN_POINT('',(1.575383288457,4.721458416783));
#472 = CARTESIAN_POINT('',(1.701378473458,4.722815512435));
#473 = CARTESIAN_POINT('',(1.828775469032,4.727108913009));
#474 = CARTESIAN_POINT('',(1.95911553721,4.734071241872));
#475 = CARTESIAN_POINT('',(2.175166123592,4.748301524186));
#476 = CARTESIAN_POINT('',(2.257940122282,4.754331871599));
#477 = CARTESIAN_POINT('',(2.343009039034,4.760916615048));
#478 = CARTESIAN_POINT('',(2.430674766885,4.767826673727));
#479 = CARTESIAN_POINT('',(2.521293985887,4.774747079337));
#480 = CARTESIAN_POINT('',(2.615277312855,4.781259836629));
#481 = CARTESIAN_POINT('',(2.802872921556,4.792035940614));
#482 = CARTESIAN_POINT('',(2.896567540004,4.796482932638));
#483 = CARTESIAN_POINT('',(2.992701602854,4.799717715628));
#484 = CARTESIAN_POINT('',(3.090107468901,4.801295019797));
#485 = CARTESIAN_POINT('',(3.187787394471,4.801036529946));
#486 = CARTESIAN_POINT('',(3.2847029321,4.79908042054));
#487 = CARTESIAN_POINT('',(3.485221642844,4.792097414474));
#488 = CARTESIAN_POINT('',(3.586889552265,4.786797999472));
#489 = CARTESIAN_POINT('',(3.685048107704,4.780367198356));
#490 = CARTESIAN_POINT('',(3.779948131465,4.773344667242));
#491 = CARTESIAN_POINT('',(3.871737644685,4.766212102299));
#492 = CARTESIAN_POINT('',(3.960444593078,4.759351119102));
#493 = CARTESIAN_POINT('',(4.147740983116,4.745509784748));
#494 = CARTESIAN_POINT('',(4.24608272661,4.738674413242));
#495 = CARTESIAN_POINT('',(4.341847981356,4.732918445715));
#496 = CARTESIAN_POINT('',(4.435708452716,4.728475237696));
#497 = CARTESIAN_POINT('',(4.5283209552,4.725470038957));
#498 = CARTESIAN_POINT('',(4.620315591176,4.723965238765));
#499 = CARTESIAN_POINT('',(4.785631183187,4.723965238765));
#500 = CARTESIAN_POINT('',(4.858849274966,4.724917501232));
#501 = CARTESIAN_POINT('',(4.932372047775,4.726820721021));
#502 = CARTESIAN_POINT('',(5.006519944933,4.729649722412));
#503 = CARTESIAN_POINT('',(5.081610087062,4.733352914716));
#504 = CARTESIAN_POINT('',(5.157973958769,4.737843080953));
#505 = CARTESIAN_POINT('',(5.322283974123,4.748665444107));
#506 = CARTESIAN_POINT('',(5.410954795094,4.755166017947));
#507 = CARTESIAN_POINT('',(5.502308644351,4.762292404201));
#508 = CARTESIAN_POINT('',(5.596671613898,4.769754028254));
#509 = CARTESIAN_POINT('',(5.694450388873,4.777145806314));
#510 = CARTESIAN_POINT('',(5.796121814715,4.783928345921));
#511 = CARTESIAN_POINT('',(5.954632689181,4.792242215494));
#512 = CARTESIAN_POINT('',(6.007939095924,4.794687937954));
#513 = CARTESIAN_POINT('',(6.062076173739,4.796751538259));
#514 = CARTESIAN_POINT('',(6.116845179529,4.798358289809));
#515 = CARTESIAN_POINT('',(6.172066988281,4.799451875635));
#516 = CARTESIAN_POINT('',(6.227571210087,4.8));
#517 = CARTESIAN_POINT('',(6.28318530718,4.8));
#518 = ( GEOMETRIC_REPRESENTATION_CONTEXT(2) 
PARAMETRIC_REPRESENTATION_CONTEXT() REPRESENTATION_CONTEXT('2D SPACE',''
  ) );
#519 = FACE_BOUND('',#520,.T.);
#520 = EDGE_LOOP('',(#521));
#521 = ORIENTED_EDGE('',*,*,#522,.F.);
#522 = EDGE_CURVE('',#523,#523,#525,.T.);
#523 = VERTEX_POINT('',#524);
#524 = CARTESIAN_POINT('',(-71.02059345902,9.476170361923,95.7));
#525 = SURFACE_CURVE('',#526,(#589,#655),.PCURVE_S1.);
#526 = B_SPLINE_CURVE_WITH_KNOTS('',7,(#527,#528,#529,#530,#531,#532,
    #533,#534,#535,#536,#537,#538,#539,#540,#541,#542,#543,#544,#545,
    #546,#547,#548,#549,#550,#551,#552,#553,#554,#555,#556,#557,#558,
    #559,#560,#561,#562,#563,#564,#565,#566,#567,#568,#569,#570,#571,
    #572,#573,#574,#575,#576,#577,#578,#579,#580,#581,#582,#583,#584,
    #585,#586,#587,#588),.UNSPECIFIED.,.T.,.F.,(8,6,6,6,6,6,6,6,6,6,8),(
    0.,8.234479485155E-02,0.180750431728,0.344502003277,0.442272732065,
    0.531818630559,0.631500111095,0.750063707202,0.844378242876,
    0.948705785374,1.),.UNSPECIFIED.);
#527 = CARTESIAN_POINT('',(-71.02059345902,9.476170361923,95.7));
#528 = CARTESIAN_POINT('',(-71.05971238958,9.182987614278,95.7));
#529 = CARTESIAN_POINT('',(-71.09702660871,8.892562211658,
    95.730929447493));
#530 = CARTESIAN_POINT('',(-71.13192720572,8.609832959636,
    95.791670277463));
#531 = CARTESIAN_POINT('',(-71.16398864196,8.339491819325,
    95.879822720902));
#532 = CARTESIAN_POINT('',(-71.19297547532,8.085661465842,
    95.991785871887));
#533 = CARTESIAN_POINT('',(-71.2188178172,7.851621814352,96.122822396026
    ));
#534 = CARTESIAN_POINT('',(-71.268728075,7.38619284633,96.439534256658)
  );
#535 = CARTESIAN_POINT('',(-71.29181194621,7.161008169141,
    96.633069793387));
#536 = CARTESIAN_POINT('',(-71.31128937549,6.963537066891,
    96.842526798179));
#537 = CARTESIAN_POINT('',(-71.3276016511,6.792828537258,97.063974564622
    ));
#538 = CARTESIAN_POINT('',(-71.34111715624,6.647786087681,
    97.294405312277));
#539 = CARTESIAN_POINT('',(-71.35212076468,6.527385892144,
    97.531502911976));
#540 = CARTESIAN_POINT('',(-71.3753081497,6.270081917731,98.176231466946
    ));
#541 = CARTESIAN_POINT('',(-71.38342116902,6.175330324442,
    98.592507130273));
#542 = CARTESIAN_POINT('',(-71.38614691735,6.142616111454,
    99.014533277305));
#543 = CARTESIAN_POINT('',(-71.38379442035,6.170508356887,
    99.437298952046));
#544 = CARTESIAN_POINT('',(-71.3762103773,6.259810815794,99.855662425401
    ));
#545 = CARTESIAN_POINT('',(-71.36273836679,6.413421509518,
    100.26338672854));
#546 = CARTESIAN_POINT('',(-71.32969642806,6.768655498489,
    100.88083418957));
#547 = CARTESIAN_POINT('',(-71.31473375052,6.926391441263,101.1048344788
    ));
#548 = CARTESIAN_POINT('',(-71.29687387482,7.110032694206,101.319251303)
  );
#549 = CARTESIAN_POINT('',(-71.27577109285,7.320438135195,
    101.52071445788));
#550 = CARTESIAN_POINT('',(-71.25102579156,7.558221226894,
    101.70513999746));
#551 = CARTESIAN_POINT('',(-71.22219748544,7.823522750293,
    101.86755504947));
#552 = CARTESIAN_POINT('',(-71.15840247097,8.38312303614,102.12472415767
    ));
#553 = CARTESIAN_POINT('',(-71.12391190921,8.675241798079,
    102.22500337341));
#554 = CARTESIAN_POINT('',(-71.08574373515,8.985757381703,
    102.29430006107));
#555 = CARTESIAN_POINT('',(-71.04449746629,9.306809896948,
    102.32745462457));
#556 = CARTESIAN_POINT('',(-71.00115856517,9.629665392955,
    102.32251597517));
#557 = CARTESIAN_POINT('',(-70.95703250211,9.94558457102,102.28080237267
    ));
#558 = CARTESIAN_POINT('',(-70.86506215818,10.582071230517,
    102.12479791483));
#559 = CARTESIAN_POINT('',(-70.81802697646,10.894514266156,
    102.0039543638));
#560 = CARTESIAN_POINT('',(-70.77333364393,11.180851467431,
    101.85122654478));
#561 = CARTESIAN_POINT('',(-70.73177981922,11.439185039262,
    101.67281166819));
#562 = CARTESIAN_POINT('',(-70.69397385802,11.668597707016,
    101.47451633143));
#563 = CARTESIAN_POINT('',(-70.66031156193,11.86900849815,
    101.26182871696));
#564 = CARTESIAN_POINT('',(-70.59606054794,12.245892133773,
    100.77598652387));
#565 = CARTESIAN_POINT('',(-70.56689708423,12.412779396297,
    100.49625146785));
#566 = CARTESIAN_POINT('',(-70.54360722504,12.543807491083,
    100.20599092625));
#567 = CARTESIAN_POINT('',(-70.52618786143,12.640764136173,
    99.908837242423));
#568 = CARTESIAN_POINT('',(-70.51458868198,12.704973420646,
    99.607424845632));
#569 = CARTESIAN_POINT('',(-70.50878053423,12.737125561698,
    99.303842184388));
#570 = CARTESIAN_POINT('',(-70.50878053423,12.737125561698,
    98.758300730752));
#571 = CARTESIAN_POINT('',(-70.51245596463,12.716779616604,
    98.516681853704));
#572 = CARTESIAN_POINT('',(-70.51980206934,12.676113503186,
    98.27617168033));
#573 = CARTESIAN_POINT('',(-70.53082892401,12.614861352722,
    98.037834005504));
#574 = CARTESIAN_POINT('',(-70.54555346473,12.532506154133,
    97.802908370573));
#575 = CARTESIAN_POINT('',(-70.56398474717,12.428320584628,
    97.572954369769));
#576 = CARTESIAN_POINT('',(-70.61056827341,12.16102195426,
    97.103375433372));
#577 = CARTESIAN_POINT('',(-70.63964566359,11.992248353718,96.8642993718
    ));
#578 = CARTESIAN_POINT('',(-70.67330909947,11.793835751706,96.6363152573
    ));
#579 = CARTESIAN_POINT('',(-70.7114047245,11.564740193881,
    96.423741444233));
#580 = CARTESIAN_POINT('',(-70.75361445896,11.304282709642,
    96.231775967587));
#581 = CARTESIAN_POINT('',(-70.79939588705,11.012450131285,
    96.066717610037));
#582 = CARTESIAN_POINT('',(-70.87186256448,10.532199406756,
    95.872306225219));
#583 = CARTESIAN_POINT('',(-70.89640219602,10.36677570484,
    95.816683142504));
#584 = CARTESIAN_POINT('',(-70.92135961197,10.195331601623,
    95.770796271762));
#585 = CARTESIAN_POINT('',(-70.94649031295,10.019134521404,
    95.735638464185));
#586 = CARTESIAN_POINT('',(-70.97155297704,9.839567271342,
    95.711907855806));
#587 = CARTESIAN_POINT('',(-70.99632090391,9.658084701006,95.7));
#588 = CARTESIAN_POINT('',(-71.02059345902,9.476170361923,95.7));
#589 = PCURVE('',#31,#590);
#590 = DEFINITIONAL_REPRESENTATION('',(#591),#654);
#591 = B_SPLINE_CURVE_WITH_KNOTS('',7,(#592,#593,#594,#595,#596,#597,
    #598,#599,#600,#601,#602,#603,#604,#605,#606,#607,#608,#609,#610,
    #611,#612,#613,#614,#615,#616,#617,#618,#619,#620,#621,#622,#623,
    #624,#625,#626,#627,#628,#629,#630,#631,#632,#633,#634,#635,#636,
    #637,#638,#639,#640,#641,#642,#643,#644,#645,#646,#647,#648,#649,
    #650,#651,#652,#653),.UNSPECIFIED.,.T.,.F.,(8,6,6,6,6,6,6,6,6,6,8),(
    0.,8.234479485155E-02,0.180750431728,0.344502003277,0.442272732065,
    0.531818630559,0.631500111095,0.750063707202,0.844378242876,
    0.948705785374,1.),.UNSPECIFIED.);
#592 = CARTESIAN_POINT('',(3.008947630438,4.7));
#593 = CARTESIAN_POINT('',(3.013075767551,4.7));
#594 = CARTESIAN_POINT('',(3.01716242802,4.730929447493));
#595 = CARTESIAN_POINT('',(3.021138278093,4.791670277463));
#596 = CARTESIAN_POINT('',(3.024937729591,4.879822720902));
#597 = CARTESIAN_POINT('',(3.028503355962,4.991785871887));
#598 = CARTESIAN_POINT('',(3.03178962127,5.122822396026));
#599 = CARTESIAN_POINT('',(3.038322731961,5.439534256658));
#600 = CARTESIAN_POINT('',(3.041482010244,5.633069793387));
#601 = CARTESIAN_POINT('',(3.044251409074,5.842526798179));
#602 = CARTESIAN_POINT('',(3.046644781896,6.063974564622));
#603 = CARTESIAN_POINT('',(3.048677865072,6.294405312277));
#604 = CARTESIAN_POINT('',(3.050365260388,6.531502911976));
#605 = CARTESIAN_POINT('',(3.053970935853,7.176231466946));
#606 = CARTESIAN_POINT('',(3.055298184571,7.592507130273));
#607 = CARTESIAN_POINT('',(3.055756356762,8.014533277305));
#608 = CARTESIAN_POINT('',(3.055365688632,8.437298952046));
#609 = CARTESIAN_POINT('',(3.054114824091,8.855662425401));
#610 = CARTESIAN_POINT('',(3.051962720671,9.26338672854));
#611 = CARTESIAN_POINT('',(3.046983413337,9.880834189572));
#612 = CARTESIAN_POINT('',(3.04477205585,10.104834478807));
#613 = CARTESIAN_POINT('',(3.042196943578,10.319251303002));
#614 = CARTESIAN_POINT('',(3.0392456647,10.520714457888));
#615 = CARTESIAN_POINT('',(3.035909115033,10.70513999746));
#616 = CARTESIAN_POINT('',(3.032184628074,10.867555049478));
#617 = CARTESIAN_POINT('',(3.024323847944,11.124724157677));
#618 = CARTESIAN_POINT('',(3.020218535864,11.225003373419));
#619 = CARTESIAN_POINT('',(3.015852222921,11.294300061073));
#620 = CARTESIAN_POINT('',(3.011334672368,11.327454624578));
#621 = CARTESIAN_POINT('',(3.006788358238,11.322515975176));
#622 = CARTESIAN_POINT('',(3.002336404345,11.280802372676));
#623 = CARTESIAN_POINT('',(2.993360869844,11.124797914831));
#624 = CARTESIAN_POINT('',(2.988951127887,11.003954363803));
#625 = CARTESIAN_POINT('',(2.984906494312,10.851226544786));
#626 = CARTESIAN_POINT('',(2.981254709112,10.672811668191));
#627 = CARTESIAN_POINT('',(2.978009698209,10.474516331438));
#628 = CARTESIAN_POINT('',(2.975173444292,10.261828716967));
#629 = CARTESIAN_POINT('',(2.969837489544,9.775986523873));
#630 = CARTESIAN_POINT('',(2.967473012283,9.496251467853));
#631 = CARTESIAN_POINT('',(2.965615630778,9.205990926253));
#632 = CARTESIAN_POINT('',(2.964240767654,8.908837242423));
#633 = CARTESIAN_POINT('',(2.963330110891,8.607424845632));
#634 = CARTESIAN_POINT('',(2.962874108982,8.303842184388));
#635 = CARTESIAN_POINT('',(2.962874108982,7.758300730752));
#636 = CARTESIAN_POINT('',(2.963162668089,7.516681853704));
#637 = CARTESIAN_POINT('',(2.963739420281,7.27617168033));
#638 = CARTESIAN_POINT('',(2.964608042532,7.037834005504));
#639 = CARTESIAN_POINT('',(2.965775677315,6.802908370573));
#640 = CARTESIAN_POINT('',(2.967252341518,6.572954369769));
#641 = CARTESIAN_POINT('',(2.971039186536,6.103375433372));
#642 = CARTESIAN_POINT('',(2.973429413874,5.8642993718));
#643 = CARTESIAN_POINT('',(2.976238164049,5.6363152573));
#644 = CARTESIAN_POINT('',(2.979479460233,5.423741444233));
#645 = CARTESIAN_POINT('',(2.983161957238,5.231775967587));
#646 = CARTESIAN_POINT('',(2.987284730431,5.066717610037));
#647 = CARTESIAN_POINT('',(2.994063339294,4.872306225219));
#648 = CARTESIAN_POINT('',(2.996397372039,4.816683142504));
#649 = CARTESIAN_POINT('',(2.998815377006,4.770796271762));
#650 = CARTESIAN_POINT('',(3.00129938054,4.735638464185));
#651 = CARTESIAN_POINT('',(3.003829827717,4.711907855806));
#652 = CARTESIAN_POINT('',(3.006386199588,4.7));
#653 = CARTESIAN_POINT('',(3.008947630438,4.7));
#654 = ( GEOMETRIC_REPRESENTATION_CONTEXT(2) 
PARAMETRIC_REPRESENTATION_CONTEXT() REPRESENTATION_CONTEXT('2D SPACE',''
  ) );
#655 = PCURVE('',#656,#661);
#656 = CYLINDRICAL_SURFACE('',#657,3.3);
#657 = AXIS2_PLACEMENT_3D('',#658,#659,#660);
#658 = CARTESIAN_POINT('',(-66.26275886581,8.841339688689,99.));
#659 = DIRECTION('',(-0.991215540252,0.132256390257,2.22044604925E-16));
#660 = DIRECTION('',(-2.200940630307E-16,2.936681792345E-17,-1.));
#661 = DEFINITIONAL_REPRESENTATION('',(#662),#725);
#662 = B_SPLINE_CURVE_WITH_KNOTS('',7,(#663,#664,#665,#666,#667,#668,
    #669,#670,#671,#672,#673,#674,#675,#676,#677,#678,#679,#680,#681,
    #682,#683,#684,#685,#686,#687,#688,#689,#690,#691,#692,#693,#694,
    #695,#696,#697,#698,#699,#700,#701,#702,#703,#704,#705,#706,#707,
    #708,#709,#710,#711,#712,#713,#714,#715,#716,#717,#718,#719,#720,
    #721,#722,#723,#724),.UNSPECIFIED.,.F.,.F.,(8,6,6,6,6,6,6,6,6,6,8),(
    0.,8.234479485155E-02,0.180750431728,0.344502003277,0.442272732065,
    0.531818630559,0.631500111095,0.750063707202,0.844378242876,
    0.948705785374,1.),.UNSPECIFIED.);
#663 = CARTESIAN_POINT('',(0.,4.8));
#664 = CARTESIAN_POINT('',(8.963061337738E-02,4.8));
#665 = CARTESIAN_POINT('',(0.178360573488,4.798575818482));
#666 = CARTESIAN_POINT('',(0.265858766272,4.795777082312));
#667 = CARTESIAN_POINT('',(0.351766714706,4.791802532798));
#668 = CARTESIAN_POINT('',(0.435661357764,4.786964046199));
#669 = CARTESIAN_POINT('',(0.51699302527,4.781626137588));
#670 = CARTESIAN_POINT('',(0.688218697709,4.7695420055));
#671 = CARTESIAN_POINT('',(0.777872451821,4.76264098483));
#672 = CARTESIAN_POINT('',(0.86453645196,4.755830500249));
#673 = CARTESIAN_POINT('',(0.948673470426,4.749422187423));
#674 = CARTESIAN_POINT('',(1.030695303591,4.743636175337));
#675 = CARTESIAN_POINT('',(1.111001961924,4.738619427771));
#676 = CARTESIAN_POINT('',(1.321449008226,4.72757302929));
#677 = CARTESIAN_POINT('',(1.449255809936,4.723083276411));
#678 = CARTESIAN_POINT('',(1.575383267504,4.721458416793));
#679 = CARTESIAN_POINT('',(1.70137849649,4.722815512911));
#680 = CARTESIAN_POINT('',(1.828775455208,4.727108912435));
#681 = CARTESIAN_POINT('',(1.959115540969,4.73407124212));
#682 = CARTESIAN_POINT('',(2.175166121477,4.748301524046));
#683 = CARTESIAN_POINT('',(2.257940127221,4.754331871947));
#684 = CARTESIAN_POINT('',(2.343009036504,4.760916614829));
#685 = CARTESIAN_POINT('',(2.430674762718,4.767826673512));
#686 = CARTESIAN_POINT('',(2.521293992001,4.774747079693));
#687 = CARTESIAN_POINT('',(2.615277310316,4.781259836483));
#688 = CARTESIAN_POINT('',(2.802872920364,4.792035940546));
#689 = CARTESIAN_POINT('',(2.896567543064,4.796482932719));
#690 = CARTESIAN_POINT('',(2.992701600835,4.799717715653));
#691 = CARTESIAN_POINT('',(3.090107467054,4.801295019735));
#692 = CARTESIAN_POINT('',(3.187787397745,4.801036529921));
#693 = CARTESIAN_POINT('',(3.284702930689,4.79908042059));
#694 = CARTESIAN_POINT('',(3.485221642876,4.792097414473));
#695 = CARTESIAN_POINT('',(3.586889552271,4.786797999471));
#696 = CARTESIAN_POINT('',(3.68504810768,4.780367198358));
#697 = CARTESIAN_POINT('',(3.779948131438,4.773344667244));
#698 = CARTESIAN_POINT('',(3.871737644685,4.766212102299));
#699 = CARTESIAN_POINT('',(3.96044459311,4.759351119099));
#700 = CARTESIAN_POINT('',(4.147740983116,4.745509784748));
#701 = CARTESIAN_POINT('',(4.24608272661,4.738674413242));
#702 = CARTESIAN_POINT('',(4.341847981357,4.732918445715));
#703 = CARTESIAN_POINT('',(4.435708452715,4.728475237696));
#704 = CARTESIAN_POINT('',(4.5283209552,4.725470038957));
#705 = CARTESIAN_POINT('',(4.620315591176,4.723965238765));
#706 = CARTESIAN_POINT('',(4.785631183187,4.723965238765));
#707 = CARTESIAN_POINT('',(4.858849274966,4.724917501232));
#708 = CARTESIAN_POINT('',(4.932372047774,4.726820721021));
#709 = CARTESIAN_POINT('',(5.006519944933,4.729649722412));
#710 = CARTESIAN_POINT('',(5.081610087062,4.733352914716));
#711 = CARTESIAN_POINT('',(5.157973958769,4.737843080953));
#712 = CARTESIAN_POINT('',(5.322283974123,4.748665444107));
#713 = CARTESIAN_POINT('',(5.410954795094,4.755166017947));
#714 = CARTESIAN_POINT('',(5.502308644351,4.762292404201));
#715 = CARTESIAN_POINT('',(5.596671613898,4.769754028254));
#716 = CARTESIAN_POINT('',(5.694450388873,4.777145806314));
#717 = CARTESIAN_POINT('',(5.796121814715,4.783928345921));
#718 = CARTESIAN_POINT('',(5.954632689184,4.792242215494));
#719 = CARTESIAN_POINT('',(6.007939095922,4.794687937954));
#720 = CARTESIAN_POINT('',(6.062076173737,4.796751538259));
#721 = CARTESIAN_POINT('',(6.116845179531,4.798358289809));
#722 = CARTESIAN_POINT('',(6.172066988284,4.799451875635));
#723 = CARTESIAN_POINT('',(6.227571210084,4.8));
#724 = CARTESIAN_POINT('',(6.28318530718,4.8));
#725 = ( GEOMETRIC_REPRESENTATION_CONTEXT(2) 
PARAMETRIC_REPRESENTATION_CONTEXT() REPRESENTATION_CONTEXT('2D SPACE',''
  ) );
#726 = FACE_BOUND('',#727,.T.);
#727 = EDGE_LOOP('',(#728));
#728 = ORIENTED_EDGE('',*,*,#729,.F.);
#729 = EDGE_CURVE('',#730,#730,#732,.T.);
#730 = VERTEX_POINT('',#731);
#731 = CARTESIAN_POINT('',(-43.71690099352,-56.76755294639,95.7));
#732 = SURFACE_CURVE('',#733,(#796,#862),.PCURVE_S1.);
#733 = B_SPLINE_CURVE_WITH_KNOTS('',7,(#734,#735,#736,#737,#738,#739,
    #740,#741,#742,#743,#744,#745,#746,#747,#748,#749,#750,#751,#752,
    #753,#754,#755,#756,#757,#758,#759,#760,#761,#762,#763,#764,#765,
    #766,#767,#768,#769,#770,#771,#772,#773,#774,#775,#776,#777,#778,
    #779,#780,#781,#782,#783,#784,#785,#786,#787,#788,#789,#790,#791,
    #792,#793,#794,#795),.UNSPECIFIED.,.T.,.F.,(8,6,6,6,6,6,6,6,6,6,8),(
    0.,8.234479280871E-02,0.1807504272,0.344501997876,0.44227272752,
    0.531818630434,0.631500113689,0.750063710251,0.844378246285,
    0.948705789183,1.),.UNSPECIFIED.);
#734 = CARTESIAN_POINT('',(-43.71690099352,-56.76755294639,95.7));
#735 = CARTESIAN_POINT('',(-43.48255675148,-56.94802230778,95.7));
#736 = CARTESIAN_POINT('',(-43.24969808439,-57.12555007084,
    95.730929447469));
#737 = CARTESIAN_POINT('',(-43.02229766817,-57.29713950053,
    95.791670277472));
#738 = CARTESIAN_POINT('',(-42.80420609109,-57.46007608895,
    95.879822720948));
#739 = CARTESIAN_POINT('',(-42.59887597349,-57.6120945997,
    95.991785871903));
#740 = CARTESIAN_POINT('',(-42.40911286081,-57.75149454996,
    96.122822395961));
#741 = CARTESIAN_POINT('',(-42.03099467967,-58.02743258519,
    96.439534256658));
#742 = CARTESIAN_POINT('',(-41.84752096429,-58.16001614267,
    96.633069793387));
#743 = CARTESIAN_POINT('',(-41.68624468786,-58.27561964235,
    96.842526798179));
#744 = CARTESIAN_POINT('',(-41.54656290237,-58.37510075224,
    97.063974564622));
#745 = CARTESIAN_POINT('',(-41.42771020898,-58.45932674783,
    97.294405312277));
#746 = CARTESIAN_POINT('',(-41.32894238524,-58.52905625004,
    97.531502911976));
#747 = CARTESIAN_POINT('',(-41.11770429679,-58.67778910357,
    98.176231474969));
#748 = CARTESIAN_POINT('',(-41.03970352698,-58.73219097586,
    98.592507097125));
#749 = CARTESIAN_POINT('',(-41.01273505727,-58.75090865268,
    99.014533341081));
#750 = CARTESIAN_POINT('',(-41.03571419149,-58.73492521521,
    99.437298882732));
#751 = CARTESIAN_POINT('',(-41.10926038979,-58.68370599636,
    99.855662466197));
#752 = CARTESIAN_POINT('',(-41.23555513075,-58.59523355809,
    100.26338671779));
#753 = CARTESIAN_POINT('',(-41.52667582974,-58.38900139846,
    100.88083419924));
#754 = CARTESIAN_POINT('',(-41.65579781083,-58.29717537776,
    101.10483445418));
#755 = CARTESIAN_POINT('',(-41.80590587081,-58.18988764051,
    101.31925132434));
#756 = CARTESIAN_POINT('',(-41.97757096018,-58.06640935674,
    101.52071445858));
#757 = CARTESIAN_POINT('',(-42.17112446109,-57.92608778598,
    101.70513998578));
#758 = CARTESIAN_POINT('',(-42.38646820133,-57.76847095336,
    101.86755505503));
#759 = CARTESIAN_POINT('',(-42.83919874766,-57.43342271463,
    102.12472415758));
#760 = CARTESIAN_POINT('',(-43.07493573589,-57.25749363074,
    102.22500337356));
#761 = CARTESIAN_POINT('',(-43.32476603251,-57.06918123059,
    102.29430006102));
#762 = CARTESIAN_POINT('',(-43.58218253195,-56.87293465654,
    102.3274546245));
#763 = CARTESIAN_POINT('',(-43.84011414265,-56.67397431923,
    102.32251597528));
#764 = CARTESIAN_POINT('',(-44.09164514522,-56.47780043834,
    102.28080237262));
#765 = CARTESIAN_POINT('',(-44.5968735833,-56.07990845927,102.1247979167
    ));
#766 = CARTESIAN_POINT('',(-44.84393961932,-55.88295326288,
    102.00395436064));
#767 = CARTESIAN_POINT('',(-45.06956821621,-55.70107912206,
    101.8512265418));
#768 = CARTESIAN_POINT('',(-45.27251475222,-55.53592565911,101.672811681
    ));
#769 = CARTESIAN_POINT('',(-45.45228897613,-55.38847839667,
    101.47451631817));
#770 = CARTESIAN_POINT('',(-45.60901865494,-55.25912060549,
    101.26182872217));
#771 = CARTESIAN_POINT('',(-45.90328395382,-55.01503577473,
    100.77598652387));
#772 = CARTESIAN_POINT('',(-46.03323083088,-54.90633584304,
    100.49625146785));
#773 = CARTESIAN_POINT('',(-46.13505955998,-54.82065218593,
    100.20599092625));
#774 = CARTESIAN_POINT('',(-46.21031679589,-54.75708825198,
    99.908837242423));
#775 = CARTESIAN_POINT('',(-46.26012407767,-54.71493842568,
    99.607424845632));
#776 = CARTESIAN_POINT('',(-46.28506457474,-54.69383235166,
    99.303842184388));
#777 = CARTESIAN_POINT('',(-46.28506457474,-54.69383235166,
    98.758300730752));
#778 = CARTESIAN_POINT('',(-46.26928218462,-54.7071883403,
    98.516681853705));
#779 = CARTESIAN_POINT('',(-46.23773734968,-54.73388331031,
    98.27617168033));
#780 = CARTESIAN_POINT('',(-46.19020485868,-54.77405892181,
    98.037834005504));
#781 = CARTESIAN_POINT('',(-46.12624543493,-54.82798834743,
    97.802908370573));
#782 = CARTESIAN_POINT('',(-46.04523372625,-54.89604309099,
    97.572954369769));
#783 = CARTESIAN_POINT('',(-45.83703808507,-55.0700349233,
    97.103375433372));
#784 = CARTESIAN_POINT('',(-45.70541455461,-55.17960348214,96.8642993718
    ));
#785 = CARTESIAN_POINT('',(-45.55041591877,-55.30796317379,96.6363152573
    ));
#786 = CARTESIAN_POINT('',(-45.37106115832,-55.45550273176,
    96.423741444233));
#787 = CARTESIAN_POINT('',(-45.16660322759,-55.62228617621,
    96.231775967587));
#788 = CARTESIAN_POINT('',(-44.93675951513,-55.80785034513,
    96.066717610037));
#789 = CARTESIAN_POINT('',(-44.55708353598,-56.11073368319,
    95.872306230222));
#790 = CARTESIAN_POINT('',(-44.42609220334,-56.21469749438,
    95.816683140314));
#791 = CARTESIAN_POINT('',(-44.29009596472,-56.32203330067,
    95.770796267885));
#792 = CARTESIAN_POINT('',(-44.15007018406,-56.4318956534,
    95.735638464376));
#793 = CARTESIAN_POINT('',(-44.00709171832,-56.54338418018,
    95.711907858727));
#794 = CARTESIAN_POINT('',(-43.86230714562,-56.65557513468,95.7));
#795 = CARTESIAN_POINT('',(-43.71690099352,-56.76755294639,95.7));
#796 = PCURVE('',#31,#797);
#797 = DEFINITIONAL_REPRESENTATION('',(#798),#861);
#798 = B_SPLINE_CURVE_WITH_KNOTS('',7,(#799,#800,#801,#802,#803,#804,
    #805,#806,#807,#808,#809,#810,#811,#812,#813,#814,#815,#816,#817,
    #818,#819,#820,#821,#822,#823,#824,#825,#826,#827,#828,#829,#830,
    #831,#832,#833,#834,#835,#836,#837,#838,#839,#840,#841,#842,#843,
    #844,#845,#846,#847,#848,#849,#850,#851,#852,#853,#854,#855,#856,
    #857,#858,#859,#860),.UNSPECIFIED.,.T.,.F.,(8,6,6,6,6,6,6,6,6,6,8),(
    0.,8.234479280871E-02,0.1807504272,0.344501997876,0.44227272752,
    0.531818630434,0.631500113689,0.750063710251,0.844378246285,
    0.948705789183,1.),.UNSPECIFIED.);
#799 = CARTESIAN_POINT('',(4.056145181635,4.7));
#800 = CARTESIAN_POINT('',(4.060273318746,4.7));
#801 = CARTESIAN_POINT('',(4.064359979217,4.730929447469));
#802 = CARTESIAN_POINT('',(4.068335829291,4.791670277472));
#803 = CARTESIAN_POINT('',(4.072135280789,4.879822720948));
#804 = CARTESIAN_POINT('',(4.075700907158,4.991785871903));
#805 = CARTESIAN_POINT('',(4.078987172465,5.122822395961));
#806 = CARTESIAN_POINT('',(4.085520283157,5.439534256658));
#807 = CARTESIAN_POINT('',(4.088679561441,5.633069793387));
#808 = CARTESIAN_POINT('',(4.091448960271,5.842526798179));
#809 = CARTESIAN_POINT('',(4.093842333093,6.063974564622));
#810 = CARTESIAN_POINT('',(4.095875416268,6.294405312277));
#811 = CARTESIAN_POINT('',(4.097562811584,6.531502911976));
#812 = CARTESIAN_POINT('',(4.101168487095,7.176231474969));
#813 = CARTESIAN_POINT('',(4.102495735686,7.592507097125));
#814 = CARTESIAN_POINT('',(4.102953907952,8.014533341082));
#815 = CARTESIAN_POINT('',(4.10256324,8.437298882732));
#816 = CARTESIAN_POINT('',(4.101312375086,8.855662466197));
#817 = CARTESIAN_POINT('',(4.099160271955,9.263386717796));
#818 = CARTESIAN_POINT('',(4.094180964456,9.88083419924));
#819 = CARTESIAN_POINT('',(4.091969607202,10.104834454185));
#820 = CARTESIAN_POINT('',(4.089394494805,10.31925132434));
#821 = CARTESIAN_POINT('',(4.086443215515,10.520714458584));
#822 = CARTESIAN_POINT('',(4.083106666657,10.70513998578));
#823 = CARTESIAN_POINT('',(4.079382179101,10.867555055033));
#824 = CARTESIAN_POINT('',(4.071521399144,11.124724157581));
#825 = CARTESIAN_POINT('',(4.067416087057,11.225003373568));
#826 = CARTESIAN_POINT('',(4.063049774115,11.294300061029));
#827 = CARTESIAN_POINT('',(4.058532223567,11.3274546245));
#828 = CARTESIAN_POINT('',(4.053985909438,11.322515975281));
#829 = CARTESIAN_POINT('',(4.049533955539,11.280802372622));
#830 = CARTESIAN_POINT('',(4.040558421148,11.124797916706));
#831 = CARTESIAN_POINT('',(4.036148678823,11.003954360649));
#832 = CARTESIAN_POINT('',(4.032104045728,10.8512265418));
#833 = CARTESIAN_POINT('',(4.028452260312,10.672811681));
#834 = CARTESIAN_POINT('',(4.02520724929,10.474516318171));
#835 = CARTESIAN_POINT('',(4.022370995546,10.261828722172));
#836 = CARTESIAN_POINT('',(4.017035040741,9.775986523872));
#837 = CARTESIAN_POINT('',(4.01467056348,9.496251467854));
#838 = CARTESIAN_POINT('',(4.012813181975,9.205990926253));
#839 = CARTESIAN_POINT('',(4.011438318851,8.908837242424));
#840 = CARTESIAN_POINT('',(4.010527662088,8.607424845632));
#841 = CARTESIAN_POINT('',(4.010071660178,8.303842184388));
#842 = CARTESIAN_POINT('',(4.010071660178,7.758300730752));
#843 = CARTESIAN_POINT('',(4.010360219286,7.516681853705));
#844 = CARTESIAN_POINT('',(4.010936971478,7.27617168033));
#845 = CARTESIAN_POINT('',(4.011805593729,7.037834005504));
#846 = CARTESIAN_POINT('',(4.012973228512,6.802908370573));
#847 = CARTESIAN_POINT('',(4.014449892714,6.572954369769));
#848 = CARTESIAN_POINT('',(4.018236737732,6.103375433372));
#849 = CARTESIAN_POINT('',(4.020626965071,5.8642993718));
#850 = CARTESIAN_POINT('',(4.023435715246,5.6363152573));
#851 = CARTESIAN_POINT('',(4.02667701143,5.423741444233));
#852 = CARTESIAN_POINT('',(4.030359508435,5.231775967587));
#853 = CARTESIAN_POINT('',(4.034482281627,5.066717610037));
#854 = CARTESIAN_POINT('',(4.041260890317,4.872306230222));
#855 = CARTESIAN_POINT('',(4.04359492342,4.816683140314));
#856 = CARTESIAN_POINT('',(4.04601292835,4.770796267885));
#857 = CARTESIAN_POINT('',(4.048496931594,4.735638464376));
#858 = CARTESIAN_POINT('',(4.051027378726,4.711907858727));
#859 = CARTESIAN_POINT('',(4.053583750949,4.7));
#860 = CARTESIAN_POINT('',(4.056145181635,4.7));
#861 = ( GEOMETRIC_REPRESENTATION_CONTEXT(2) 
PARAMETRIC_REPRESENTATION_CONTEXT() REPRESENTATION_CONTEXT('2D SPACE',''
  ) );
#862 = PCURVE('',#863,#868);
#863 = CYLINDRICAL_SURFACE('',#864,3.3);
#864 = AXIS2_PLACEMENT_3D('',#865,#866,#867);
#865 = CARTESIAN_POINT('',(-40.7882042068,-52.96456265829,99.));
#866 = DIRECTION('',(-0.610145163901,-0.792289643355,2.22044604925E-16)
  );
#867 = DIRECTION('',(-1.354794418654E-16,-1.75923640845E-16,-1.));
#868 = DEFINITIONAL_REPRESENTATION('',(#869),#932);
#869 = B_SPLINE_CURVE_WITH_KNOTS('',7,(#870,#871,#872,#873,#874,#875,
    #876,#877,#878,#879,#880,#881,#882,#883,#884,#885,#886,#887,#888,
    #889,#890,#891,#892,#893,#894,#895,#896,#897,#898,#899,#900,#901,
    #902,#903,#904,#905,#906,#907,#908,#909,#910,#911,#912,#913,#914,
    #915,#916,#917,#918,#919,#920,#921,#922,#923,#924,#925,#926,#927,
    #928,#929,#930,#931),.UNSPECIFIED.,.F.,.F.,(8,6,6,6,6,6,6,6,6,6,8),(
    0.,8.234479280871E-02,0.1807504272,0.344501997876,0.44227272752,
    0.531818630434,0.631500113689,0.750063710251,0.844378246285,
    0.948705789183,1.),.UNSPECIFIED.);
#870 = CARTESIAN_POINT('',(0.,4.8));
#871 = CARTESIAN_POINT('',(8.963061334272E-02,4.8));
#872 = CARTESIAN_POINT('',(0.178360573484,4.798575818483));
#873 = CARTESIAN_POINT('',(0.265858766298,4.795777082311));
#874 = CARTESIAN_POINT('',(0.351766714734,4.791802532796));
#875 = CARTESIAN_POINT('',(0.435661357764,4.786964046198));
#876 = CARTESIAN_POINT('',(0.516993025235,4.781626137591));
#877 = CARTESIAN_POINT('',(0.688218697709,4.7695420055));
#878 = CARTESIAN_POINT('',(0.777872451821,4.76264098483));
#879 = CARTESIAN_POINT('',(0.86453645196,4.755830500249));
#880 = CARTESIAN_POINT('',(0.948673470426,4.749422187423));
#881 = CARTESIAN_POINT('',(1.030695303591,4.743636175337));
#882 = CARTESIAN_POINT('',(1.111001961924,4.738619427771));
#883 = CARTESIAN_POINT('',(1.321449010845,4.727573029152));
#884 = CARTESIAN_POINT('',(1.44925579911,4.723083276668));
#885 = CARTESIAN_POINT('',(1.575383288457,4.721458416783));
#886 = CARTESIAN_POINT('',(1.701378473457,4.722815512435));
#887 = CARTESIAN_POINT('',(1.828775469032,4.727108913009));
#888 = CARTESIAN_POINT('',(1.95911553721,4.734071241872));
#889 = CARTESIAN_POINT('',(2.175166124859,4.748301524269));
#890 = CARTESIAN_POINT('',(2.257940119421,4.754331871399));
#891 = CARTESIAN_POINT('',(2.343009040464,4.760916615172));
#892 = CARTESIAN_POINT('',(2.430674769271,4.767826673849));
#893 = CARTESIAN_POINT('',(2.52129398235,4.774747079132));
#894 = CARTESIAN_POINT('',(2.615277314368,4.781259836716));
#895 = CARTESIAN_POINT('',(2.802872920295,4.792035940542));
#896 = CARTESIAN_POINT('',(2.896567543136,4.796482932726));
#897 = CARTESIAN_POINT('',(2.992701600889,4.799717715651));
#898 = CARTESIAN_POINT('',(3.090107466997,4.801295019732));
#899 = CARTESIAN_POINT('',(3.187787397676,4.801036529926));
#900 = CARTESIAN_POINT('',(3.284702930759,4.799080420587));
#901 = CARTESIAN_POINT('',(3.485221640466,4.792097414557));
#902 = CARTESIAN_POINT('',(3.58688955783,4.786797999296));
#903 = CARTESIAN_POINT('',(3.685048103955,4.780367198363));
#904 = CARTESIAN_POINT('',(3.779948129215,4.773344667573));
#905 = CARTESIAN_POINT('',(3.871737649163,4.766212101922));
#906 = CARTESIAN_POINT('',(3.960444591104,4.759351119248));
#907 = CARTESIAN_POINT('',(4.147740983116,4.745509784748));
#908 = CARTESIAN_POINT('',(4.24608272661,4.738674413242));
#909 = CARTESIAN_POINT('',(4.341847981357,4.732918445716));
#910 = CARTESIAN_POINT('',(4.435708452715,4.728475237695));
#911 = CARTESIAN_POINT('',(4.5283209552,4.725470038957));
#912 = CARTESIAN_POINT('',(4.620315591176,4.723965238765));
#913 = CARTESIAN_POINT('',(4.785631183187,4.723965238765));
#914 = CARTESIAN_POINT('',(4.858849274966,4.724917501232));
#915 = CARTESIAN_POINT('',(4.932372047775,4.726820721021));
#916 = CARTESIAN_POINT('',(5.006519944933,4.729649722412));
#917 = CARTESIAN_POINT('',(5.081610087062,4.733352914716));
#918 = CARTESIAN_POINT('',(5.157973958769,4.737843080953));
#919 = CARTESIAN_POINT('',(5.322283974123,4.748665444107));
#920 = CARTESIAN_POINT('',(5.410954795094,4.755166017947));
#921 = CARTESIAN_POINT('',(5.502308644351,4.762292404202));
#922 = CARTESIAN_POINT('',(5.596671613899,4.769754028254));
#923 = CARTESIAN_POINT('',(5.694450388873,4.777145806315));
#924 = CARTESIAN_POINT('',(5.796121814715,4.783928345921));
#925 = CARTESIAN_POINT('',(5.954632685105,4.79224221528));
#926 = CARTESIAN_POINT('',(6.00793910003,4.794687938049));
#927 = CARTESIAN_POINT('',(6.062076177156,4.796751538426));
#928 = CARTESIAN_POINT('',(6.116845176424,4.7983582898));
#929 = CARTESIAN_POINT('',(6.17206698406,4.799451875508));
#930 = CARTESIAN_POINT('',(6.227571213645,4.8));
#931 = CARTESIAN_POINT('',(6.28318530718,4.8));
#932 = ( GEOMETRIC_REPRESENTATION_CONTEXT(2) 
PARAMETRIC_REPRESENTATION_CONTEXT() REPRESENTATION_CONTEXT('2D SPACE',''
  ) );
#933 = FACE_BOUND('',#934,.T.);
#934 = EDGE_LOOP('',(#935));
#935 = ORIENTED_EDGE('',*,*,#936,.F.);
#936 = EDGE_CURVE('',#937,#937,#939,.T.);
#937 = VERTEX_POINT('',#938);
#938 = CARTESIAN_POINT('',(27.303692465497,-66.24372330832,95.7));
#939 = SURFACE_CURVE('',#940,(#1003,#1069),.PCURVE_S1.);
#940 = B_SPLINE_CURVE_WITH_KNOTS('',7,(#941,#942,#943,#944,#945,#946,
    #947,#948,#949,#950,#951,#952,#953,#954,#955,#956,#957,#958,#959,
    #960,#961,#962,#963,#964,#965,#966,#967,#968,#969,#970,#971,#972,
    #973,#974,#975,#976,#977,#978,#979,#980,#981,#982,#983,#984,#985,
    #986,#987,#988,#989,#990,#991,#992,#993,#994,#995,#996,#997,#998,
    #999,#1000,#1001,#1002),.UNSPECIFIED.,.T.,.F.,(8,6,6,6,6,6,6,6,6,6,8
    ),(0.,8.234479370406E-02,0.180750429016,0.344502001225,
    0.442272732057,0.53181863626,0.631500119469,0.750063714171,
    0.844378248726,0.948705789987,1.),.UNSPECIFIED.);
#941 = CARTESIAN_POINT('',(27.303692465497,-66.24372330832,95.7));
#942 = CARTESIAN_POINT('',(27.577155637726,-66.13100992232,95.7));
#943 = CARTESIAN_POINT('',(27.847328524268,-66.01811228254,
    95.730929447389));
#944 = CARTESIAN_POINT('',(28.109629537836,-65.90697245996,
    95.791670277502));
#945 = CARTESIAN_POINT('',(28.359782551136,-65.79956790807,
    95.879822721101));
#946 = CARTESIAN_POINT('',(28.594099501782,-65.69775606557,
    95.991785871956));
#947 = CARTESIAN_POINT('',(28.809704956084,-65.60311636454,
    96.122822395743));
#948 = CARTESIAN_POINT('',(29.237733395327,-65.41362543152,
    96.439534256658));
#949 = CARTESIAN_POINT('',(29.444290981923,-65.32102431181,
    96.633069793387));
#950 = CARTESIAN_POINT('',(29.625044687624,-65.23915670924,
    96.842526798179));
#951 = CARTESIAN_POINT('',(29.781038748736,-65.1679292895,
    97.063974564622));
#952 = CARTESIAN_POINT('',(29.913406947267,-65.10711283551,
    97.294405312277));
#953 = CARTESIAN_POINT('',(30.023178379442,-65.05644214218,
    97.531502911976));
#954 = CARTESIAN_POINT('',(30.257603853208,-64.9478710181,
    98.176231474969));
#955 = CARTESIAN_POINT('',(30.343717641525,-64.90752130608,
    98.592507097124));
#956 = CARTESIAN_POINT('',(30.373411860004,-64.89352476461,
    99.014533341083));
#957 = CARTESIAN_POINT('',(30.348080230007,-64.90543355988,
    99.437298882732));
#958 = CARTESIAN_POINT('',(30.266949986169,-64.94351682653,
    99.855662466197));
#959 = CARTESIAN_POINT('',(30.127183236619,-65.00865506143,
    100.26338671779));
#960 = CARTESIAN_POINT('',(29.803020597463,-65.15765690266,
    100.88083419988));
#961 = CARTESIAN_POINT('',(29.658935940486,-65.22356680803,
    101.10483445412));
#962 = CARTESIAN_POINT('',(29.490968004987,-65.29992033244,
    101.31925132382));
#963 = CARTESIAN_POINT('',(29.298200129844,-65.38684751885,
    101.52071445829));
#964 = CARTESIAN_POINT('',(29.079901333929,-65.48430898247,
    101.70513998598));
#965 = CARTESIAN_POINT('',(28.835729282121,-65.591993716,101.86755505533
    ));
#966 = CARTESIAN_POINT('',(28.319203723332,-65.81654575056,
    102.12472415758));
#967 = CARTESIAN_POINT('',(28.048976173305,-65.93273542903,
    102.22500337356));
#968 = CARTESIAN_POINT('',(27.760977702615,-66.05493861247,
    102.29430006102));
#969 = CARTESIAN_POINT('',(27.46231493436,-66.17974455331,102.3274546245
    ));
#970 = CARTESIAN_POINT('',(27.161044422555,-66.30363971196,
    102.32251597528));
#971 = CARTESIAN_POINT('',(26.865387356859,-66.42338500958,
    102.28080237262));
#972 = CARTESIAN_POINT('',(26.268188580656,-66.66197968027,
    102.12479791792));
#973 = CARTESIAN_POINT('',(25.974087343037,-66.77746755214,
    102.00395435855));
#974 = CARTESIAN_POINT('',(25.703765439466,-66.88193056989,
    101.85122653985));
#975 = CARTESIAN_POINT('',(25.459265067629,-66.97511069831,
    101.67281168949));
#976 = CARTESIAN_POINT('',(25.241684875278,-67.05707611367,
    101.47451630942));
#977 = CARTESIAN_POINT('',(25.051292910169,-67.12812909868,
    101.26182872555));
#978 = CARTESIAN_POINT('',(24.692776594119,-67.2609279085,
    100.77598652387));
#979 = CARTESIAN_POINT('',(24.533666253354,-67.31911523934,
    100.49625146785));
#980 = CARTESIAN_POINT('',(24.408547665063,-67.36445967702,
    100.20599092625));
#981 = CARTESIAN_POINT('',(24.315871065543,-67.39785238816,
    99.908837242421));
#982 = CARTESIAN_POINT('',(24.254464604307,-67.41991184633,
    99.607424845633));
#983 = CARTESIAN_POINT('',(24.223715959497,-67.43095791336,
    99.303842184387));
#984 = CARTESIAN_POINT('',(24.223715959497,-67.43095791336,
    98.758300730752));
#985 = CARTESIAN_POINT('',(24.243173780008,-67.4239679569,
    98.516681853704));
#986 = CARTESIAN_POINT('',(24.28206471966,-67.40999681349,98.27617168033
    ));
#987 = CARTESIAN_POINT('',(24.340624065331,-67.38892027453,
    98.037834005504));
#988 = CARTESIAN_POINT('',(24.419308029806,-67.36049450156,
    97.802908370573));
#989 = CARTESIAN_POINT('',(24.518751020922,-67.32436367562,
    97.572954369769));
#990 = CARTESIAN_POINT('',(24.773530188337,-67.23105687756,
    97.103375433372));
#991 = CARTESIAN_POINT('',(24.934231108985,-67.17185183586,96.8642993718
    ));
#992 = CARTESIAN_POINT('',(25.122893180697,-67.1017989255,96.6363152573)
  );
#993 = CARTESIAN_POINT('',(25.340343566186,-67.02024292564,
    96.423741444233));
#994 = CARTESIAN_POINT('',(25.587011231371,-66.92656888585,
    96.231775967587));
#995 = CARTESIAN_POINT('',(25.862636371925,-66.82030047642,
    96.066717610037));
#996 = CARTESIAN_POINT('',(26.314779026633,-66.6429331023,
    95.872306230222));
#997 = CARTESIAN_POINT('',(26.470309994527,-66.58147318615,
    95.816683140314));
#998 = CARTESIAN_POINT('',(26.631263648814,-66.51736489183,
    95.770796267885));
#999 = CARTESIAN_POINT('',(26.796420127523,-66.45103018496,
    95.735638464376));
#1000 = CARTESIAN_POINT('',(26.964461256824,-66.38295146483,
    95.711907858727));
#1001 = CARTESIAN_POINT('',(27.134013759848,-66.31365982405,95.7));
#1002 = CARTESIAN_POINT('',(27.303692465497,-66.24372330832,95.7));
#1003 = PCURVE('',#31,#1004);
#1004 = DEFINITIONAL_REPRESENTATION('',(#1005),#1068);
#1005 = B_SPLINE_CURVE_WITH_KNOTS('',7,(#1006,#1007,#1008,#1009,#1010,
    #1011,#1012,#1013,#1014,#1015,#1016,#1017,#1018,#1019,#1020,#1021,
    #1022,#1023,#1024,#1025,#1026,#1027,#1028,#1029,#1030,#1031,#1032,
    #1033,#1034,#1035,#1036,#1037,#1038,#1039,#1040,#1041,#1042,#1043,
    #1044,#1045,#1046,#1047,#1048,#1049,#1050,#1051,#1052,#1053,#1054,
    #1055,#1056,#1057,#1058,#1059,#1060,#1061,#1062,#1063,#1064,#1065,
    #1066,#1067),.UNSPECIFIED.,.T.,.F.,(8,6,6,6,6,6,6,6,6,6,8),(0.,
    8.234479370406E-02,0.180750429016,0.344502001225,0.442272732057,
    0.53181863626,0.631500119469,0.750063714171,0.844378248726,
    0.948705789987,1.),.UNSPECIFIED.);
#1006 = CARTESIAN_POINT('',(5.103342732831,4.7));
#1007 = CARTESIAN_POINT('',(5.107470869937,4.7));
#1008 = CARTESIAN_POINT('',(5.111557530413,4.730929447389));
#1009 = CARTESIAN_POINT('',(5.115533380492,4.791670277502));
#1010 = CARTESIAN_POINT('',(5.119332831989,4.879822721101));
#1011 = CARTESIAN_POINT('',(5.122898458354,4.991785871956));
#1012 = CARTESIAN_POINT('',(5.126184723657,5.122822395743));
#1013 = CARTESIAN_POINT('',(5.132717834354,5.439534256658));
#1014 = CARTESIAN_POINT('',(5.135877112637,5.633069793387));
#1015 = CARTESIAN_POINT('',(5.138646511468,5.842526798179));
#1016 = CARTESIAN_POINT('',(5.141039884289,6.063974564622));
#1017 = CARTESIAN_POINT('',(5.143072967465,6.294405312277));
#1018 = CARTESIAN_POINT('',(5.144760362781,6.531502911976));
#1019 = CARTESIAN_POINT('',(5.148366038292,7.176231474969));
#1020 = CARTESIAN_POINT('',(5.149693286883,7.592507097124));
#1021 = CARTESIAN_POINT('',(5.150151459149,8.014533341083));
#1022 = CARTESIAN_POINT('',(5.149760791197,8.437298882732));
#1023 = CARTESIAN_POINT('',(5.148509926283,8.855662466197));
#1024 = CARTESIAN_POINT('',(5.146357823151,9.263386717797));
#1025 = CARTESIAN_POINT('',(5.141378515648,9.880834199883));
#1026 = CARTESIAN_POINT('',(5.139167158397,10.104834454129));
#1027 = CARTESIAN_POINT('',(5.136592046007,10.319251323827));
#1028 = CARTESIAN_POINT('',(5.133640766718,10.520714458294));
#1029 = CARTESIAN_POINT('',(5.130304217853,10.70513998598));
#1030 = CARTESIAN_POINT('',(5.126579730288,10.867555055334));
#1031 = CARTESIAN_POINT('',(5.11871895034,11.124724157581));
#1032 = CARTESIAN_POINT('',(5.114613638254,11.225003373567));
#1033 = CARTESIAN_POINT('',(5.110247325311,11.294300061029));
#1034 = CARTESIAN_POINT('',(5.105729774764,11.3274546245));
#1035 = CARTESIAN_POINT('',(5.101183460634,11.322515975281));
#1036 = CARTESIAN_POINT('',(5.096731506735,11.280802372622));
#1037 = CARTESIAN_POINT('',(5.087755972415,11.124797917927));
#1038 = CARTESIAN_POINT('',(5.083346229847,11.00395435855));
#1039 = CARTESIAN_POINT('',(5.079301597071,10.851226539849));
#1040 = CARTESIAN_POINT('',(5.075649811511,10.672811689492));
#1041 = CARTESIAN_POINT('',(5.07240480041,10.474516309429));
#1042 = CARTESIAN_POINT('',(5.069568546779,10.26182872555));
#1043 = CARTESIAN_POINT('',(5.064232591938,9.775986523873));
#1044 = CARTESIAN_POINT('',(5.061868114677,9.496251467853));
#1045 = CARTESIAN_POINT('',(5.060010733171,9.205990926255));
#1046 = CARTESIAN_POINT('',(5.058635870047,8.908837242421));
#1047 = CARTESIAN_POINT('',(5.057725213284,8.607424845633));
#1048 = CARTESIAN_POINT('',(5.057269211375,8.303842184387));
#1049 = CARTESIAN_POINT('',(5.057269211375,7.758300730752));
#1050 = CARTESIAN_POINT('',(5.057557770482,7.516681853704));
#1051 = CARTESIAN_POINT('',(5.058134522675,7.27617168033));
#1052 = CARTESIAN_POINT('',(5.059003144925,7.037834005504));
#1053 = CARTESIAN_POINT('',(5.060170779709,6.802908370573));
#1054 = CARTESIAN_POINT('',(5.061647443911,6.572954369769));
#1055 = CARTESIAN_POINT('',(5.065434288929,6.103375433372));
#1056 = CARTESIAN_POINT('',(5.067824516268,5.8642993718));
#1057 = CARTESIAN_POINT('',(5.070633266442,5.6363152573));
#1058 = CARTESIAN_POINT('',(5.073874562627,5.423741444233));
#1059 = CARTESIAN_POINT('',(5.077557059631,5.231775967587));
#1060 = CARTESIAN_POINT('',(5.081679832824,5.066717610037));
#1061 = CARTESIAN_POINT('',(5.088458441513,4.872306230222));
#1062 = CARTESIAN_POINT('',(5.090792474616,4.816683140314));
#1063 = CARTESIAN_POINT('',(5.093210479547,4.770796267885));
#1064 = CARTESIAN_POINT('',(5.09569448279,4.735638464376));
#1065 = CARTESIAN_POINT('',(5.098224929922,4.711907858727));
#1066 = CARTESIAN_POINT('',(5.100781302145,4.7));
#1067 = CARTESIAN_POINT('',(5.103342732831,4.7));
#1068 = ( GEOMETRIC_REPRESENTATION_CONTEXT(2) 
PARAMETRIC_REPRESENTATION_CONTEXT() REPRESENTATION_CONTEXT('2D SPACE',''
  ) );
#1069 = PCURVE('',#1070,#1075);
#1070 = CYLINDRICAL_SURFACE('',#1071,3.3);
#1071 = AXIS2_PLACEMENT_3D('',#1072,#1073,#1074);
#1072 = CARTESIAN_POINT('',(25.474554659016,-61.80590234698,99.));
#1073 = DIRECTION('',(0.38107037635,-0.924546033612,2.22044604925E-16));
#1074 = DIRECTION('',(8.461462116533E-17,-2.052904587685E-16,-1.));
#1075 = DEFINITIONAL_REPRESENTATION('',(#1076),#1139);
#1076 = B_SPLINE_CURVE_WITH_KNOTS('',7,(#1077,#1078,#1079,#1080,#1081,
    #1082,#1083,#1084,#1085,#1086,#1087,#1088,#1089,#1090,#1091,#1092,
    #1093,#1094,#1095,#1096,#1097,#1098,#1099,#1100,#1101,#1102,#1103,
    #1104,#1105,#1106,#1107,#1108,#1109,#1110,#1111,#1112,#1113,#1114,
    #1115,#1116,#1117,#1118,#1119,#1120,#1121,#1122,#1123,#1124,#1125,
    #1126,#1127,#1128,#1129,#1130,#1131,#1132,#1133,#1134,#1135,#1136,
    #1137,#1138),.UNSPECIFIED.,.F.,.F.,(8,6,6,6,6,6,6,6,6,6,8),(0.,
    8.234479370406E-02,0.180750429016,0.344502001225,0.442272732057,
    0.53181863626,0.631500119469,0.750063714171,0.844378248726,
    0.948705789987,1.),.UNSPECIFIED.);
#1077 = CARTESIAN_POINT('',(0.,4.8));
#1078 = CARTESIAN_POINT('',(8.963061322588E-02,4.8));
#1079 = CARTESIAN_POINT('',(0.178360573469,4.798575818487));
#1080 = CARTESIAN_POINT('',(0.265858766385,4.795777082309));
#1081 = CARTESIAN_POINT('',(0.351766714829,4.791802532789));
#1082 = CARTESIAN_POINT('',(0.435661357761,4.786964046197));
#1083 = CARTESIAN_POINT('',(0.516993025117,4.781626137599));
#1084 = CARTESIAN_POINT('',(0.688218697709,4.7695420055));
#1085 = CARTESIAN_POINT('',(0.777872451821,4.76264098483));
#1086 = CARTESIAN_POINT('',(0.86453645196,4.755830500249));
#1087 = CARTESIAN_POINT('',(0.948673470426,4.749422187423));
#1088 = CARTESIAN_POINT('',(1.030695303591,4.743636175337));
#1089 = CARTESIAN_POINT('',(1.111001961924,4.738619427771));
#1090 = CARTESIAN_POINT('',(1.321449010845,4.727573029152));
#1091 = CARTESIAN_POINT('',(1.44925579911,4.723083276668));
#1092 = CARTESIAN_POINT('',(1.575383288458,4.721458416783));
#1093 = CARTESIAN_POINT('',(1.701378473457,4.722815512435));
#1094 = CARTESIAN_POINT('',(1.828775469032,4.727108913009));
#1095 = CARTESIAN_POINT('',(1.95911553721,4.734071241872));
#1096 = CARTESIAN_POINT('',(2.175166125084,4.748301524284));
#1097 = CARTESIAN_POINT('',(2.257940119426,4.754331871403));
#1098 = CARTESIAN_POINT('',(2.343009040278,4.760916615156));
#1099 = CARTESIAN_POINT('',(2.430674769109,4.767826673835));
#1100 = CARTESIAN_POINT('',(2.521293982386,4.774747079139));
#1101 = CARTESIAN_POINT('',(2.615277314587,4.781259836728));
#1102 = CARTESIAN_POINT('',(2.802872920295,4.792035940542));
#1103 = CARTESIAN_POINT('',(2.896567543136,4.796482932726));
#1104 = CARTESIAN_POINT('',(2.992701600889,4.799717715651));
#1105 = CARTESIAN_POINT('',(3.090107466997,4.801295019732));
#1106 = CARTESIAN_POINT('',(3.187787397676,4.801036529926));
#1107 = CARTESIAN_POINT('',(3.284702930759,4.799080420587));
#1108 = CARTESIAN_POINT('',(3.485221638897,4.792097414611));
#1109 = CARTESIAN_POINT('',(3.586889561501,4.786797999179));
#1110 = CARTESIAN_POINT('',(3.685048101482,4.780367198368));
#1111 = CARTESIAN_POINT('',(3.779948127731,4.773344667791));
#1112 = CARTESIAN_POINT('',(3.871737652117,4.766212101673));
#1113 = CARTESIAN_POINT('',(3.960444589801,4.759351119344));
#1114 = CARTESIAN_POINT('',(4.147740983116,4.745509784748));
#1115 = CARTESIAN_POINT('',(4.246082726611,4.738674413242));
#1116 = CARTESIAN_POINT('',(4.341847981356,4.732918445715));
#1117 = CARTESIAN_POINT('',(4.435708452716,4.728475237696));
#1118 = CARTESIAN_POINT('',(4.5283209552,4.725470038957));
#1119 = CARTESIAN_POINT('',(4.620315591176,4.723965238765));
#1120 = CARTESIAN_POINT('',(4.785631183187,4.723965238765));
#1121 = CARTESIAN_POINT('',(4.858849274966,4.724917501232));
#1122 = CARTESIAN_POINT('',(4.932372047775,4.726820721021));
#1123 = CARTESIAN_POINT('',(5.006519944933,4.729649722412));
#1124 = CARTESIAN_POINT('',(5.081610087062,4.733352914716));
#1125 = CARTESIAN_POINT('',(5.157973958769,4.737843080953));
#1126 = CARTESIAN_POINT('',(5.322283974123,4.748665444107));
#1127 = CARTESIAN_POINT('',(5.410954795094,4.755166017947));
#1128 = CARTESIAN_POINT('',(5.502308644351,4.762292404201));
#1129 = CARTESIAN_POINT('',(5.596671613899,4.769754028254));
#1130 = CARTESIAN_POINT('',(5.694450388873,4.777145806314));
#1131 = CARTESIAN_POINT('',(5.796121814715,4.783928345921));
#1132 = CARTESIAN_POINT('',(5.954632685105,4.79224221528));
#1133 = CARTESIAN_POINT('',(6.00793910003,4.794687938049));
#1134 = CARTESIAN_POINT('',(6.062076177156,4.796751538426));
#1135 = CARTESIAN_POINT('',(6.116845176424,4.7983582898));
#1136 = CARTESIAN_POINT('',(6.17206698406,4.799451875508));
#1137 = CARTESIAN_POINT('',(6.227571213645,4.8));
#1138 = CARTESIAN_POINT('',(6.28318530718,4.8));
#1139 = ( GEOMETRIC_REPRESENTATION_CONTEXT(2) 
PARAMETRIC_REPRESENTATION_CONTEXT() REPRESENTATION_CONTEXT('2D SPACE',''
  ) );
#1140 = FACE_BOUND('',#1141,.T.);
#1141 = EDGE_LOOP('',(#1142));
#1142 = ORIENTED_EDGE('',*,*,#1143,.F.);
#1143 = EDGE_CURVE('',#1144,#1144,#1146,.T.);
#1144 = VERTEX_POINT('',#1145);
#1145 = CARTESIAN_POINT('',(71.020593459023,-9.476170361923,95.7));
#1146 = SURFACE_CURVE('',#1147,(#1210,#1276),.PCURVE_S1.);
#1147 = B_SPLINE_CURVE_WITH_KNOTS('',7,(#1148,#1149,#1150,#1151,#1152,
    #1153,#1154,#1155,#1156,#1157,#1158,#1159,#1160,#1161,#1162,#1163,
    #1164,#1165,#1166,#1167,#1168,#1169,#1170,#1171,#1172,#1173,#1174,
    #1175,#1176,#1177,#1178,#1179,#1180,#1181,#1182,#1183,#1184,#1185,
    #1186,#1187,#1188,#1189,#1190,#1191,#1192,#1193,#1194,#1195,#1196,
    #1197,#1198,#1199,#1200,#1201,#1202,#1203,#1204,#1205,#1206,#1207,
    #1208,#1209),.UNSPECIFIED.,.T.,.F.,(8,6,6,6,6,6,6,6,6,6,8),(0.,
    8.234479519644E-02,0.180750432485,0.344502007982,0.442272736596,
    0.531818635069,0.63150011555,0.750063711547,0.844378247133,
    0.948705789477,1.),.UNSPECIFIED.);
#1148 = CARTESIAN_POINT('',(71.020593459023,-9.476170361923,95.7));
#1149 = CARTESIAN_POINT('',(71.059712389583,-9.182987614279,95.7));
#1150 = CARTESIAN_POINT('',(71.097026608711,-8.892562211658,
    95.730929447493));
#1151 = CARTESIAN_POINT('',(71.131927205723,-8.609832959636,
    95.791670277463));
#1152 = CARTESIAN_POINT('',(71.163988641961,-8.339491819325,
    95.879822720902));
#1153 = CARTESIAN_POINT('',(71.192975475321,-8.085661465842,
    95.991785871887));
#1154 = CARTESIAN_POINT('',(71.218817817206,-7.851621814352,
    96.122822396026));
#1155 = CARTESIAN_POINT('',(71.268728075,-7.386192846331,96.439534256658
    ));
#1156 = CARTESIAN_POINT('',(71.291811946214,-7.16100816914,
    96.633069793387));
#1157 = CARTESIAN_POINT('',(71.31128937549,-6.96353706689,
    96.842526798179));
#1158 = CARTESIAN_POINT('',(71.327601651108,-6.792828537259,
    97.063974564622));
#1159 = CARTESIAN_POINT('',(71.341117156248,-6.647786087681,
    97.294405312277));
#1160 = CARTESIAN_POINT('',(71.352120764685,-6.527385892144,
    97.531502911976));
#1161 = CARTESIAN_POINT('',(71.375308149998,-6.270081914529,
    98.176231474969));
#1162 = CARTESIAN_POINT('',(71.38342116851,-6.175330330218,
    98.592507097125));
#1163 = CARTESIAN_POINT('',(71.386146917275,-6.142616111938,
    99.014533341081));
#1164 = CARTESIAN_POINT('',(71.383794421506,-6.170508344667,
    99.437298882733));
#1165 = CARTESIAN_POINT('',(71.376210375963,-6.259810830171,
    99.855662466197));
#1166 = CARTESIAN_POINT('',(71.362738367371,-6.413421503337,
    100.26338671779));
#1167 = CARTESIAN_POINT('',(71.329696428041,-6.768655498741,
    100.88083419001));
#1168 = CARTESIAN_POINT('',(71.314733750512,-6.926391441351,
    101.10483447876));
#1169 = CARTESIAN_POINT('',(71.296873874851,-7.110032693949,
    101.31925130265));
#1170 = CARTESIAN_POINT('',(71.275771092892,-7.320438134861,
    101.52071445768));
#1171 = CARTESIAN_POINT('',(71.251025791563,-7.558221226923,
    101.70513999759));
#1172 = CARTESIAN_POINT('',(71.222197485391,-7.823522750738,
    101.86755504968));
#1173 = CARTESIAN_POINT('',(71.158402470975,-8.383123036145,
    102.12472415767));
#1174 = CARTESIAN_POINT('',(71.123911909218,-8.675241798074,
    102.22500337341));
#1175 = CARTESIAN_POINT('',(71.085743735154,-8.985757381699,
    102.29430006107));
#1176 = CARTESIAN_POINT('',(71.044497466297,-9.306809896951,
    102.32745462458));
#1177 = CARTESIAN_POINT('',(71.001158565174,-9.629665392959,
    102.32251597517));
#1178 = CARTESIAN_POINT('',(70.957032502115,-9.945584571016,
    102.28080237267));
#1179 = CARTESIAN_POINT('',(70.865062158196,-10.58207123041,
    102.12479791485));
#1180 = CARTESIAN_POINT('',(70.818026976467,-10.89451426614,
    102.00395436383));
#1181 = CARTESIAN_POINT('',(70.773333643921,-11.1808514675,
    101.85122654475));
#1182 = CARTESIAN_POINT('',(70.731779819217,-11.43918503932,
    101.67281166812));
#1183 = CARTESIAN_POINT('',(70.693973858023,-11.668597707,
    101.47451633142));
#1184 = CARTESIAN_POINT('',(70.660311561943,-11.86900849808,
    101.26182871705));
#1185 = CARTESIAN_POINT('',(70.59606054794,-12.24589213377,
    100.77598652387));
#1186 = CARTESIAN_POINT('',(70.566897084239,-12.41277939629,
    100.49625146785));
#1187 = CARTESIAN_POINT('',(70.543607225044,-12.54380749108,
    100.20599092625));
#1188 = CARTESIAN_POINT('',(70.526187861434,-12.64076413617,
    99.908837242421));
#1189 = CARTESIAN_POINT('',(70.514588681986,-12.70497342064,
    99.607424845633));
#1190 = CARTESIAN_POINT('',(70.508780534239,-12.73712556169,
    99.303842184387));
#1191 = CARTESIAN_POINT('',(70.508780534239,-12.73712556169,
    98.758300730752));
#1192 = CARTESIAN_POINT('',(70.512455964631,-12.7167796166,
    98.516681853704));
#1193 = CARTESIAN_POINT('',(70.519802069347,-12.67611350318,
    98.27617168033));
#1194 = CARTESIAN_POINT('',(70.530828924015,-12.61486135272,
    98.037834005504));
#1195 = CARTESIAN_POINT('',(70.545553464739,-12.53250615413,
    97.802908370573));
#1196 = CARTESIAN_POINT('',(70.563984747174,-12.42832058462,
    97.572954369769));
#1197 = CARTESIAN_POINT('',(70.610568273399,-12.16102195433,
    97.103375433507));
#1198 = CARTESIAN_POINT('',(70.63964566359,-11.99224835374,
    96.864299371786));
#1199 = CARTESIAN_POINT('',(70.673309099484,-11.79383575162,
    96.636315257192));
#1200 = CARTESIAN_POINT('',(70.711404724526,-11.56474019377,
    96.423741444176));
#1201 = CARTESIAN_POINT('',(70.753614458961,-11.30428270965,
    96.231775967631));
#1202 = CARTESIAN_POINT('',(70.799395887034,-11.01245013142,
    96.066717610094));
#1203 = CARTESIAN_POINT('',(70.87186256262,-10.53219941911,
    95.872306230222));
#1204 = CARTESIAN_POINT('',(70.896402197868,-10.36677569177,
    95.816683140314));
#1205 = CARTESIAN_POINT('',(70.921359613535,-10.19533159116,
    95.770796267885));
#1206 = CARTESIAN_POINT('',(70.946490311591,-10.01913453156,
    95.735638464376));
#1207 = CARTESIAN_POINT('',(70.971552975145,-9.839567284644,
    95.711907858727));
#1208 = CARTESIAN_POINT('',(70.99632090547,-9.65808468936,95.7));
#1209 = CARTESIAN_POINT('',(71.020593459023,-9.476170361923,95.7));
#1210 = PCURVE('',#31,#1211);
#1211 = DEFINITIONAL_REPRESENTATION('',(#1212),#1275);
#1212 = B_SPLINE_CURVE_WITH_KNOTS('',7,(#1213,#1214,#1215,#1216,#1217,
    #1218,#1219,#1220,#1221,#1222,#1223,#1224,#1225,#1226,#1227,#1228,
    #1229,#1230,#1231,#1232,#1233,#1234,#1235,#1236,#1237,#1238,#1239,
    #1240,#1241,#1242,#1243,#1244,#1245,#1246,#1247,#1248,#1249,#1250,
    #1251,#1252,#1253,#1254,#1255,#1256,#1257,#1258,#1259,#1260,#1261,
    #1262,#1263,#1264,#1265,#1266,#1267,#1268,#1269,#1270,#1271,#1272,
    #1273,#1274),.UNSPECIFIED.,.T.,.F.,(8,6,6,6,6,6,6,6,6,6,8),(0.,
    8.234479519644E-02,0.180750432485,0.344502007982,0.442272736596,
    0.531818635069,0.63150011555,0.750063711547,0.844378247133,
    0.948705789477,1.),.UNSPECIFIED.);
#1213 = CARTESIAN_POINT('',(6.150540284028,4.7));
#1214 = CARTESIAN_POINT('',(6.154668421141,4.7));
#1215 = CARTESIAN_POINT('',(6.15875508161,4.730929447493));
#1216 = CARTESIAN_POINT('',(6.162730931683,4.791670277463));
#1217 = CARTESIAN_POINT('',(6.16653038318,4.879822720902));
#1218 = CARTESIAN_POINT('',(6.170096009552,4.991785871887));
#1219 = CARTESIAN_POINT('',(6.17338227486,5.122822396026));
#1220 = CARTESIAN_POINT('',(6.179915385551,5.439534256658));
#1221 = CARTESIAN_POINT('',(6.183074663834,5.633069793387));
#1222 = CARTESIAN_POINT('',(6.185844062664,5.842526798179));
#1223 = CARTESIAN_POINT('',(6.188237435486,6.063974564622));
#1224 = CARTESIAN_POINT('',(6.190270518661,6.294405312277));
#1225 = CARTESIAN_POINT('',(6.191957913978,6.531502911976));
#1226 = CARTESIAN_POINT('',(6.195563589488,7.176231474969));
#1227 = CARTESIAN_POINT('',(6.196890838079,7.592507097125));
#1228 = CARTESIAN_POINT('',(6.197349010345,8.014533341081));
#1229 = CARTESIAN_POINT('',(6.196958342393,8.437298882733));
#1230 = CARTESIAN_POINT('',(6.195707477479,8.855662466197));
#1231 = CARTESIAN_POINT('',(6.193555374348,9.263386717796));
#1232 = CARTESIAN_POINT('',(6.188576066924,9.88083419001));
#1233 = CARTESIAN_POINT('',(6.186364709439,10.104834478768));
#1234 = CARTESIAN_POINT('',(6.183789597171,10.319251302654));
#1235 = CARTESIAN_POINT('',(6.180838318294,10.520714457689));
#1236 = CARTESIAN_POINT('',(6.177501768623,10.705139997597));
#1237 = CARTESIAN_POINT('',(6.173777281657,10.867555049683));
#1238 = CARTESIAN_POINT('',(6.165916501534,11.124724157679));
#1239 = CARTESIAN_POINT('',(6.161811189453,11.225003373416));
#1240 = CARTESIAN_POINT('',(6.157444876511,11.294300061074));
#1241 = CARTESIAN_POINT('',(6.152927325958,11.32745462458));
#1242 = CARTESIAN_POINT('',(6.148381011828,11.322515975174));
#1243 = CARTESIAN_POINT('',(6.143929057935,11.280802372677));
#1244 = CARTESIAN_POINT('',(6.134953523435,11.124797914856));
#1245 = CARTESIAN_POINT('',(6.130543781477,11.003954363833));
#1246 = CARTESIAN_POINT('',(6.126499147901,10.851226544757));
#1247 = CARTESIAN_POINT('',(6.122847362701,10.672811668128));
#1248 = CARTESIAN_POINT('',(6.119602351799,10.474516331425));
#1249 = CARTESIAN_POINT('',(6.116766097883,10.261828717051));
#1250 = CARTESIAN_POINT('',(6.111430143134,9.775986523873));
#1251 = CARTESIAN_POINT('',(6.109065665873,9.496251467853));
#1252 = CARTESIAN_POINT('',(6.107208284368,9.205990926255));
#1253 = CARTESIAN_POINT('',(6.105833421244,8.908837242421));
#1254 = CARTESIAN_POINT('',(6.104922764481,8.607424845633));
#1255 = CARTESIAN_POINT('',(6.104466762571,8.303842184387));
#1256 = CARTESIAN_POINT('',(6.104466762571,7.758300730752));
#1257 = CARTESIAN_POINT('',(6.104755321679,7.516681853704));
#1258 = CARTESIAN_POINT('',(6.105332073871,7.27617168033));
#1259 = CARTESIAN_POINT('',(6.106200696122,7.037834005504));
#1260 = CARTESIAN_POINT('',(6.107368330905,6.802908370573));
#1261 = CARTESIAN_POINT('',(6.108844995107,6.572954369769));
#1262 = CARTESIAN_POINT('',(6.112631840124,6.103375433507));
#1263 = CARTESIAN_POINT('',(6.115022067464,5.864299371786));
#1264 = CARTESIAN_POINT('',(6.11783081764,5.636315257192));
#1265 = CARTESIAN_POINT('',(6.121072113825,5.423741444176));
#1266 = CARTESIAN_POINT('',(6.124754610828,5.231775967631));
#1267 = CARTESIAN_POINT('',(6.128877384019,5.066717610094));
#1268 = CARTESIAN_POINT('',(6.13565599271,4.872306230222));
#1269 = CARTESIAN_POINT('',(6.137990025813,4.816683140314));
#1270 = CARTESIAN_POINT('',(6.140408030743,4.770796267885));
#1271 = CARTESIAN_POINT('',(6.142892033987,4.735638464376));
#1272 = CARTESIAN_POINT('',(6.145422481119,4.711907858727));
#1273 = CARTESIAN_POINT('',(6.147978853342,4.7));
#1274 = CARTESIAN_POINT('',(6.150540284028,4.7));
#1275 = ( GEOMETRIC_REPRESENTATION_CONTEXT(2) 
PARAMETRIC_REPRESENTATION_CONTEXT() REPRESENTATION_CONTEXT('2D SPACE',''
  ) );
#1276 = PCURVE('',#1277,#1282);
#1277 = CYLINDRICAL_SURFACE('',#1278,3.3);
#1278 = AXIS2_PLACEMENT_3D('',#1279,#1280,#1281);
#1279 = CARTESIAN_POINT('',(66.262758865816,-8.841339688689,99.));
#1280 = DIRECTION('',(0.991215540252,-0.132256390257,2.22044604925E-16)
  );
#1281 = DIRECTION('',(2.200940630307E-16,-2.936681792345E-17,-1.));
#1282 = DEFINITIONAL_REPRESENTATION('',(#1283),#1346);
#1283 = B_SPLINE_CURVE_WITH_KNOTS('',7,(#1284,#1285,#1286,#1287,#1288,
    #1289,#1290,#1291,#1292,#1293,#1294,#1295,#1296,#1297,#1298,#1299,
    #1300,#1301,#1302,#1303,#1304,#1305,#1306,#1307,#1308,#1309,#1310,
    #1311,#1312,#1313,#1314,#1315,#1316,#1317,#1318,#1319,#1320,#1321,
    #1322,#1323,#1324,#1325,#1326,#1327,#1328,#1329,#1330,#1331,#1332,
    #1333,#1334,#1335,#1336,#1337,#1338,#1339,#1340,#1341,#1342,#1343,
    #1344,#1345),.UNSPECIFIED.,.F.,.F.,(8,6,6,6,6,6,6,6,6,6,8),(0.,
    8.234479519644E-02,0.180750432485,0.344502007982,0.442272736596,
    0.531818635069,0.63150011555,0.750063711547,0.844378247133,
    0.948705789477,1.),.UNSPECIFIED.);
#1284 = CARTESIAN_POINT('',(0.,4.8));
#1285 = CARTESIAN_POINT('',(8.963061337735E-02,4.8));
#1286 = CARTESIAN_POINT('',(0.178360573488,4.798575818482));
#1287 = CARTESIAN_POINT('',(0.265858766272,4.795777082312));
#1288 = CARTESIAN_POINT('',(0.351766714706,4.791802532798));
#1289 = CARTESIAN_POINT('',(0.435661357764,4.786964046199));
#1290 = CARTESIAN_POINT('',(0.51699302527,4.781626137588));
#1291 = CARTESIAN_POINT('',(0.688218697709,4.7695420055));
#1292 = CARTESIAN_POINT('',(0.777872451821,4.76264098483));
#1293 = CARTESIAN_POINT('',(0.86453645196,4.755830500249));
#1294 = CARTESIAN_POINT('',(0.948673470426,4.749422187423));
#1295 = CARTESIAN_POINT('',(1.030695303591,4.743636175337));
#1296 = CARTESIAN_POINT('',(1.111001961924,4.738619427771));
#1297 = CARTESIAN_POINT('',(1.321449010845,4.727573029152));
#1298 = CARTESIAN_POINT('',(1.44925579911,4.723083276668));
#1299 = CARTESIAN_POINT('',(1.575383288457,4.721458416783));
#1300 = CARTESIAN_POINT('',(1.701378473457,4.722815512435));
#1301 = CARTESIAN_POINT('',(1.828775469032,4.727108913009));
#1302 = CARTESIAN_POINT('',(1.95911553721,4.734071241872));
#1303 = CARTESIAN_POINT('',(2.17516612163,4.748301524056));
#1304 = CARTESIAN_POINT('',(2.257940127224,4.754331871949));
#1305 = CARTESIAN_POINT('',(2.343009036378,4.760916614819));
#1306 = CARTESIAN_POINT('',(2.430674762607,4.767826673503));
#1307 = CARTESIAN_POINT('',(2.521293992026,4.774747079698));
#1308 = CARTESIAN_POINT('',(2.615277310465,4.781259836491));
#1309 = CARTESIAN_POINT('',(2.802872920366,4.792035940546));
#1310 = CARTESIAN_POINT('',(2.896567543062,4.796482932719));
#1311 = CARTESIAN_POINT('',(2.992701600834,4.799717715653));
#1312 = CARTESIAN_POINT('',(3.090107467056,4.801295019735));
#1313 = CARTESIAN_POINT('',(3.187787397746,4.801036529921));
#1314 = CARTESIAN_POINT('',(3.284702930688,4.79908042059));
#1315 = CARTESIAN_POINT('',(3.485221642844,4.792097414474));
#1316 = CARTESIAN_POINT('',(3.586889552265,4.786797999472));
#1317 = CARTESIAN_POINT('',(3.685048107704,4.780367198356));
#1318 = CARTESIAN_POINT('',(3.779948131465,4.773344667242));
#1319 = CARTESIAN_POINT('',(3.871737644685,4.766212102299));
#1320 = CARTESIAN_POINT('',(3.960444593078,4.759351119102));
#1321 = CARTESIAN_POINT('',(4.147740983116,4.745509784748));
#1322 = CARTESIAN_POINT('',(4.24608272661,4.738674413242));
#1323 = CARTESIAN_POINT('',(4.341847981356,4.732918445715));
#1324 = CARTESIAN_POINT('',(4.435708452716,4.728475237695));
#1325 = CARTESIAN_POINT('',(4.5283209552,4.725470038957));
#1326 = CARTESIAN_POINT('',(4.620315591176,4.723965238765));
#1327 = CARTESIAN_POINT('',(4.785631183187,4.723965238765));
#1328 = CARTESIAN_POINT('',(4.858849274966,4.724917501232));
#1329 = CARTESIAN_POINT('',(4.932372047774,4.726820721021));
#1330 = CARTESIAN_POINT('',(5.006519944933,4.729649722412));
#1331 = CARTESIAN_POINT('',(5.081610087062,4.733352914716));
#1332 = CARTESIAN_POINT('',(5.157973958769,4.737843080953));
#1333 = CARTESIAN_POINT('',(5.322283974076,4.748665444103));
#1334 = CARTESIAN_POINT('',(5.410954795094,4.755166017946));
#1335 = CARTESIAN_POINT('',(5.502308644389,4.762292404205));
#1336 = CARTESIAN_POINT('',(5.596671613933,4.769754028257));
#1337 = CARTESIAN_POINT('',(5.694450388865,4.777145806313));
#1338 = CARTESIAN_POINT('',(5.796121814669,4.783928345918));
#1339 = CARTESIAN_POINT('',(5.954632685105,4.79224221528));
#1340 = CARTESIAN_POINT('',(6.00793910003,4.794687938049));
#1341 = CARTESIAN_POINT('',(6.062076177156,4.796751538426));
#1342 = CARTESIAN_POINT('',(6.116845176424,4.7983582898));
#1343 = CARTESIAN_POINT('',(6.17206698406,4.799451875508));
#1344 = CARTESIAN_POINT('',(6.227571213645,4.8));
#1345 = CARTESIAN_POINT('',(6.28318530718,4.8));
#1346 = ( GEOMETRIC_REPRESENTATION_CONTEXT(2) 
PARAMETRIC_REPRESENTATION_CONTEXT() REPRESENTATION_CONTEXT('2D SPACE',''
  ) );
#1347 = FACE_BOUND('',#1348,.T.);
#1348 = EDGE_LOOP('',(#1349));
#1349 = ORIENTED_EDGE('',*,*,#1350,.F.);
#1350 = EDGE_CURVE('',#1351,#1351,#1353,.T.);
#1351 = VERTEX_POINT('',#1352);
#1352 = CARTESIAN_POINT('',(43.716900993526,56.767552946399,115.7));
#1353 = SURFACE_CURVE('',#1354,(#1417,#1483),.PCURVE_S1.);
#1354 = B_SPLINE_CURVE_WITH_KNOTS('',7,(#1355,#1356,#1357,#1358,#1359,
    #1360,#1361,#1362,#1363,#1364,#1365,#1366,#1367,#1368,#1369,#1370,
    #1371,#1372,#1373,#1374,#1375,#1376,#1377,#1378,#1379,#1380,#1381,
    #1382,#1383,#1384,#1385,#1386,#1387,#1388,#1389,#1390,#1391,#1392,
    #1393,#1394,#1395,#1396,#1397,#1398,#1399,#1400,#1401,#1402,#1403,
    #1404,#1405,#1406,#1407,#1408,#1409,#1410,#1411,#1412,#1413,#1414,
    #1415,#1416),.UNSPECIFIED.,.T.,.F.,(8,6,6,6,6,6,6,6,6,6,8),(0.,
    8.234479220918E-02,0.180750425835,0.344501995239,0.442272724162,
    0.531818626444,0.631500107516,0.750063702733,0.844378240093,
    0.948705784456,1.),.UNSPECIFIED.);
#1355 = CARTESIAN_POINT('',(43.716900993526,56.767552946399,115.7));
#1356 = CARTESIAN_POINT('',(43.482556751527,56.948022307753,115.7));
#1357 = CARTESIAN_POINT('',(43.249698084436,57.125550070816,
    115.73092944745));
#1358 = CARTESIAN_POINT('',(43.022297668141,57.297139500564,
    115.79167027746));
#1359 = CARTESIAN_POINT('',(42.804206091023,57.46007608901,
    115.87982272098));
#1360 = CARTESIAN_POINT('',(42.598875973476,57.612094599711,
    115.99178587194));
#1361 = CARTESIAN_POINT('',(42.409112860902,57.751494549902,
    116.12282239589));
#1362 = CARTESIAN_POINT('',(42.030994679673,58.02743258519,
    116.43953425665));
#1363 = CARTESIAN_POINT('',(41.84752096429,58.160016142674,
    116.63306979338));
#1364 = CARTESIAN_POINT('',(41.686244687867,58.275619642353,
    116.84252679817));
#1365 = CARTESIAN_POINT('',(41.546562902372,58.375100752247,
    117.06397456462));
#1366 = CARTESIAN_POINT('',(41.42771020898,58.459326747832,
    117.29440531227));
#1367 = CARTESIAN_POINT('',(41.328942385243,58.529056250041,
    117.53150291197));
#1368 = CARTESIAN_POINT('',(41.11770429679,58.677789103577,
    118.17623147497));
#1369 = CARTESIAN_POINT('',(41.039703526985,58.732190975864,
    118.59250709712));
#1370 = CARTESIAN_POINT('',(41.01273505727,58.75090865268,
    119.01453334108));
#1371 = CARTESIAN_POINT('',(41.035714191499,58.734925215216,
    119.43729888273));
#1372 = CARTESIAN_POINT('',(41.109260389794,58.683705996362,
    119.85566246619));
#1373 = CARTESIAN_POINT('',(41.235555130753,58.595233558097,
    120.26338671779));
#1374 = CARTESIAN_POINT('',(41.52667582979,58.389001398432,
    120.88083419933));
#1375 = CARTESIAN_POINT('',(41.655797810853,58.297175377757,
    121.10483445417));
#1376 = CARTESIAN_POINT('',(41.805905870769,58.189887640547,
    121.31925132426));
#1377 = CARTESIAN_POINT('',(41.977570960127,58.066409356784,
    121.52071445854));
#1378 = CARTESIAN_POINT('',(42.171124461096,57.926087785982,
    121.7051399858));
#1379 = CARTESIAN_POINT('',(42.386468201415,57.768470953306,
    121.86755505507));
#1380 = CARTESIAN_POINT('',(42.839198747667,57.433422714637,
    122.12472415758));
#1381 = CARTESIAN_POINT('',(43.07493573589,57.257493630744,
    122.22500337356));
#1382 = CARTESIAN_POINT('',(43.324766032513,57.069181230593,
    122.29430006102));
#1383 = CARTESIAN_POINT('',(43.582182531957,56.872934656543,
    122.3274546245));
#1384 = CARTESIAN_POINT('',(43.840114142654,56.673974319233,
    122.32251597528));
#1385 = CARTESIAN_POINT('',(44.091645145223,56.47780043834,
    122.28080237262));
#1386 = CARTESIAN_POINT('',(44.59687357935,56.079908462385,
    122.12479791792));
#1387 = CARTESIAN_POINT('',(44.843939629032,55.88295325526,
    122.00395435855));
#1388 = CARTESIAN_POINT('',(45.069568207945,55.701079128442,
    121.85122653984));
#1389 = CARTESIAN_POINT('',(45.272514752196,55.535925659404,
    121.67281168949));
#1390 = CARTESIAN_POINT('',(45.452288980309,55.388478393149,
    121.47451630942));
#1391 = CARTESIAN_POINT('',(45.609018652899,55.259120607194,
    121.26182872555));
#1392 = CARTESIAN_POINT('',(45.903283957946,55.015035771313,
    120.77598651706));
#1393 = CARTESIAN_POINT('',(46.033230820033,54.906335852053,
    120.4962514832));
#1394 = CARTESIAN_POINT('',(46.135059572133,54.820652175856,
    120.20599091877));
#1395 = CARTESIAN_POINT('',(46.210316789366,54.757088257389,
    119.90883722961));
#1396 = CARTESIAN_POINT('',(46.260124079075,54.714938424539,
    119.6074248641));
#1397 = CARTESIAN_POINT('',(46.285064574742,54.693832351664,
    119.30384217667));
#1398 = CARTESIAN_POINT('',(46.285064574742,54.693832351664,
    118.75830073075));
#1399 = CARTESIAN_POINT('',(46.269282184623,54.7071883403,118.5166818537
    ));
#1400 = CARTESIAN_POINT('',(46.237737349688,54.733883310312,
    118.27617168033));
#1401 = CARTESIAN_POINT('',(46.190204858683,54.77405892181,
    118.0378340055));
#1402 = CARTESIAN_POINT('',(46.126245434933,54.827988347431,
    117.80290837057));
#1403 = CARTESIAN_POINT('',(46.045233726252,54.896043090996,
    117.57295436976));
#1404 = CARTESIAN_POINT('',(45.837038085076,55.0700349233,
    117.10337543337));
#1405 = CARTESIAN_POINT('',(45.705414554609,55.179603482145,
    116.86429937179));
#1406 = CARTESIAN_POINT('',(45.550415918773,55.307963173798,
    116.6363152573));
#1407 = CARTESIAN_POINT('',(45.371061158324,55.455502731767,
    116.42374144423));
#1408 = CARTESIAN_POINT('',(45.166603227592,55.622286176212,
    116.23177596758));
#1409 = CARTESIAN_POINT('',(44.93675951513,55.807850345139,
    116.06671761003));
#1410 = CARTESIAN_POINT('',(44.557083526211,56.110733690989,
    115.87230622521));
#1411 = CARTESIAN_POINT('',(44.426092213745,56.214697486255,
    115.8166831425));
#1412 = CARTESIAN_POINT('',(44.290095973002,56.322033294084,
    115.77079627176));
#1413 = CARTESIAN_POINT('',(44.150070175944,56.431895659667,
    115.73563846418));
#1414 = CARTESIAN_POINT('',(44.007091707747,56.543384188489,
    115.7119078558));
#1415 = CARTESIAN_POINT('',(43.862307154936,56.655575127517,115.7));
#1416 = CARTESIAN_POINT('',(43.716900993526,56.767552946399,115.7));
#1417 = PCURVE('',#31,#1418);
#1418 = DEFINITIONAL_REPRESENTATION('',(#1419),#1482);
#1419 = B_SPLINE_CURVE_WITH_KNOTS('',7,(#1420,#1421,#1422,#1423,#1424,
    #1425,#1426,#1427,#1428,#1429,#1430,#1431,#1432,#1433,#1434,#1435,
    #1436,#1437,#1438,#1439,#1440,#1441,#1442,#1443,#1444,#1445,#1446,
    #1447,#1448,#1449,#1450,#1451,#1452,#1453,#1454,#1455,#1456,#1457,
    #1458,#1459,#1460,#1461,#1462,#1463,#1464,#1465,#1466,#1467,#1468,
    #1469,#1470,#1471,#1472,#1473,#1474,#1475,#1476,#1477,#1478,#1479,
    #1480,#1481),.UNSPECIFIED.,.T.,.F.,(8,6,6,6,6,6,6,6,6,6,8),(0.,
    8.234479220918E-02,0.180750425835,0.344501995239,0.442272724162,
    0.531818626444,0.631500107516,0.750063702733,0.844378240093,
    0.948705784456,1.),.UNSPECIFIED.);
#1420 = CARTESIAN_POINT('',(0.914552528045,24.7));
#1421 = CARTESIAN_POINT('',(0.918680665156,24.7));
#1422 = CARTESIAN_POINT('',(0.922767325626,24.730929447458));
#1423 = CARTESIAN_POINT('',(0.926743175702,24.791670277462));
#1424 = CARTESIAN_POINT('',(0.9305426272,24.879822720983));
#1425 = CARTESIAN_POINT('',(0.934108253569,24.991785871943));
#1426 = CARTESIAN_POINT('',(0.937394518874,25.12282239589));
#1427 = CARTESIAN_POINT('',(0.943927629568,25.439534256658));
#1428 = CARTESIAN_POINT('',(0.947086907851,25.633069793387));
#1429 = CARTESIAN_POINT('',(0.949856306681,25.842526798179));
#1430 = CARTESIAN_POINT('',(0.952249679503,26.063974564622));
#1431 = CARTESIAN_POINT('',(0.954282762678,26.294405312277));
#1432 = CARTESIAN_POINT('',(0.955970157995,26.531502911976));
#1433 = CARTESIAN_POINT('',(0.959575833505,27.17623147497));
#1434 = CARTESIAN_POINT('',(0.960903082096,27.592507097124));
#1435 = CARTESIAN_POINT('',(0.961361254362,28.014533341082));
#1436 = CARTESIAN_POINT('',(0.96097058641,28.437298882732));
#1437 = CARTESIAN_POINT('',(0.959719721496,28.855662466197));
#1438 = CARTESIAN_POINT('',(0.957567618365,29.263386717797));
#1439 = CARTESIAN_POINT('',(0.952588310866,29.880834199331));
#1440 = CARTESIAN_POINT('',(0.950376953612,30.104834454177));
#1441 = CARTESIAN_POINT('',(0.947801841216,30.319251324266));
#1442 = CARTESIAN_POINT('',(0.944850561926,30.520714458544));
#1443 = CARTESIAN_POINT('',(0.941514013067,30.705139985808));
#1444 = CARTESIAN_POINT('',(0.93778952551,30.867555055076));
#1445 = CARTESIAN_POINT('',(0.929928745554,31.124724157581));
#1446 = CARTESIAN_POINT('',(0.925823433467,31.225003373568));
#1447 = CARTESIAN_POINT('',(0.921457120525,31.294300061029));
#1448 = CARTESIAN_POINT('',(0.916939569977,31.3274546245));
#1449 = CARTESIAN_POINT('',(0.912393255848,31.322515975281));
#1450 = CARTESIAN_POINT('',(0.907941301949,31.280802372622));
#1451 = CARTESIAN_POINT('',(0.898965767629,31.124797917927));
#1452 = CARTESIAN_POINT('',(0.894556025061,31.00395435855));
#1453 = CARTESIAN_POINT('',(0.890511392284,30.851226539849));
#1454 = CARTESIAN_POINT('',(0.886859606725,30.672811689492));
#1455 = CARTESIAN_POINT('',(0.883614595624,30.474516309429));
#1456 = CARTESIAN_POINT('',(0.880778341993,30.26182872555));
#1457 = CARTESIAN_POINT('',(0.875442387076,29.775986517064));
#1458 = CARTESIAN_POINT('',(0.873077910087,29.496251483206));
#1459 = CARTESIAN_POINT('',(0.871220528165,29.205990918771));
#1460 = CARTESIAN_POINT('',(0.869845665379,28.908837229617));
#1461 = CARTESIAN_POINT('',(0.868935008473,28.607424864106));
#1462 = CARTESIAN_POINT('',(0.868479006588,28.303842176675));
#1463 = CARTESIAN_POINT('',(0.868479006588,27.758300730752));
#1464 = CARTESIAN_POINT('',(0.868767565696,27.516681853705));
#1465 = CARTESIAN_POINT('',(0.869344317888,27.27617168033));
#1466 = CARTESIAN_POINT('',(0.870212940139,27.037834005504));
#1467 = CARTESIAN_POINT('',(0.871380574922,26.802908370573));
#1468 = CARTESIAN_POINT('',(0.872857239124,26.572954369769));
#1469 = CARTESIAN_POINT('',(0.876644084143,26.103375433372));
#1470 = CARTESIAN_POINT('',(0.879034311481,25.864299371799));
#1471 = CARTESIAN_POINT('',(0.881843061656,25.636315257301));
#1472 = CARTESIAN_POINT('',(0.88508435784,25.423741444233));
#1473 = CARTESIAN_POINT('',(0.888766854845,25.231775967586));
#1474 = CARTESIAN_POINT('',(0.892889628038,25.066717610038));
#1475 = CARTESIAN_POINT('',(0.899668236901,24.872306225217));
#1476 = CARTESIAN_POINT('',(0.902002269645,24.816683142505));
#1477 = CARTESIAN_POINT('',(0.904420274612,24.770796271764));
#1478 = CARTESIAN_POINT('',(0.906904278147,24.735638464185));
#1479 = CARTESIAN_POINT('',(0.909434725323,24.711907855804));
#1480 = CARTESIAN_POINT('',(0.911991097195,24.7));
#1481 = CARTESIAN_POINT('',(0.914552528045,24.7));
#1482 = ( GEOMETRIC_REPRESENTATION_CONTEXT(2) 
PARAMETRIC_REPRESENTATION_CONTEXT() REPRESENTATION_CONTEXT('2D SPACE',''
  ) );
#1483 = PCURVE('',#1484,#1489);
#1484 = CYLINDRICAL_SURFACE('',#1485,3.3);
#1485 = AXIS2_PLACEMENT_3D('',#1486,#1487,#1488);
#1486 = CARTESIAN_POINT('',(40.7882042068,52.964562658294,119.));
#1487 = DIRECTION('',(0.610145163901,0.792289643355,2.22044604925E-16));
#1488 = DIRECTION('',(1.354794418654E-16,1.75923640845E-16,-1.));
#1489 = DEFINITIONAL_REPRESENTATION('',(#1490),#1553);
#1490 = B_SPLINE_CURVE_WITH_KNOTS('',7,(#1491,#1492,#1493,#1494,#1495,
    #1496,#1497,#1498,#1499,#1500,#1501,#1502,#1503,#1504,#1505,#1506,
    #1507,#1508,#1509,#1510,#1511,#1512,#1513,#1514,#1515,#1516,#1517,
    #1518,#1519,#1520,#1521,#1522,#1523,#1524,#1525,#1526,#1527,#1528,
    #1529,#1530,#1531,#1532,#1533,#1534,#1535,#1536,#1537,#1538,#1539,
    #1540,#1541,#1542,#1543,#1544,#1545,#1546,#1547,#1548,#1549,#1550,
    #1551,#1552),.UNSPECIFIED.,.F.,.F.,(8,6,6,6,6,6,6,6,6,6,8),(0.,
    8.234479220918E-02,0.180750425835,0.344501995239,0.442272724162,
    0.531818626444,0.631500107516,0.750063702733,0.844378240093,
    0.948705784456,1.),.UNSPECIFIED.);
#1491 = CARTESIAN_POINT('',(0.,4.8));
#1492 = CARTESIAN_POINT('',(8.963061332654E-02,4.8));
#1493 = CARTESIAN_POINT('',(0.17836057347,4.798575818484));
#1494 = CARTESIAN_POINT('',(0.265858766309,4.795777082311));
#1495 = CARTESIAN_POINT('',(0.351766714764,4.791802532795));
#1496 = CARTESIAN_POINT('',(0.435661357774,4.786964046197));
#1497 = CARTESIAN_POINT('',(0.516993025197,4.781626137594));
#1498 = CARTESIAN_POINT('',(0.688218697709,4.7695420055));
#1499 = CARTESIAN_POINT('',(0.777872451821,4.76264098483));
#1500 = CARTESIAN_POINT('',(0.86453645196,4.755830500249));
#1501 = CARTESIAN_POINT('',(0.948673470426,4.749422187423));
#1502 = CARTESIAN_POINT('',(1.030695303591,4.743636175337));
#1503 = CARTESIAN_POINT('',(1.111001961924,4.738619427771));
#1504 = CARTESIAN_POINT('',(1.321449010845,4.727573029152));
#1505 = CARTESIAN_POINT('',(1.449255799109,4.723083276668));
#1506 = CARTESIAN_POINT('',(1.575383288458,4.721458416783));
#1507 = CARTESIAN_POINT('',(1.701378473457,4.722815512435));
#1508 = CARTESIAN_POINT('',(1.828775469032,4.727108913009));
#1509 = CARTESIAN_POINT('',(1.95911553721,4.734071241872));
#1510 = CARTESIAN_POINT('',(2.175166124891,4.748301524271));
#1511 = CARTESIAN_POINT('',(2.257940119422,4.754331871399));
#1512 = CARTESIAN_POINT('',(2.343009040437,4.760916615169));
#1513 = CARTESIAN_POINT('',(2.430674769248,4.767826673847));
#1514 = CARTESIAN_POINT('',(2.521293982355,4.774747079133));
#1515 = CARTESIAN_POINT('',(2.615277314399,4.781259836717));
#1516 = CARTESIAN_POINT('',(2.802872920294,4.792035940542));
#1517 = CARTESIAN_POINT('',(2.896567543136,4.796482932726));
#1518 = CARTESIAN_POINT('',(2.992701600889,4.799717715651));
#1519 = CARTESIAN_POINT('',(3.090107466997,4.801295019732));
#1520 = CARTESIAN_POINT('',(3.187787397676,4.801036529926));
#1521 = CARTESIAN_POINT('',(3.284702930759,4.799080420587));
#1522 = CARTESIAN_POINT('',(3.485221638897,4.792097414611));
#1523 = CARTESIAN_POINT('',(3.586889561501,4.786797999179));
#1524 = CARTESIAN_POINT('',(3.685048101482,4.780367198368));
#1525 = CARTESIAN_POINT('',(3.779948127731,4.773344667791));
#1526 = CARTESIAN_POINT('',(3.871737652117,4.766212101673));
#1527 = CARTESIAN_POINT('',(3.960444589801,4.759351119344));
#1528 = CARTESIAN_POINT('',(4.147740985741,4.745509784554));
#1529 = CARTESIAN_POINT('',(4.246082720522,4.738674413758));
#1530 = CARTESIAN_POINT('',(4.341847985255,4.732918445142));
#1531 = CARTESIAN_POINT('',(4.435708455648,4.728475237992));
#1532 = CARTESIAN_POINT('',(4.528320949845,4.725470038899));
#1533 = CARTESIAN_POINT('',(4.620315593514,4.723965238765));
#1534 = CARTESIAN_POINT('',(4.785631183187,4.723965238765));
#1535 = CARTESIAN_POINT('',(4.858849274966,4.724917501232));
#1536 = CARTESIAN_POINT('',(4.932372047775,4.726820721021));
#1537 = CARTESIAN_POINT('',(5.006519944933,4.729649722412));
#1538 = CARTESIAN_POINT('',(5.081610087062,4.733352914716));
#1539 = CARTESIAN_POINT('',(5.157973958769,4.737843080953));
#1540 = CARTESIAN_POINT('',(5.322283974123,4.748665444107));
#1541 = CARTESIAN_POINT('',(5.410954795095,4.755166017947));
#1542 = CARTESIAN_POINT('',(5.502308644351,4.762292404201));
#1543 = CARTESIAN_POINT('',(5.596671613898,4.769754028254));
#1544 = CARTESIAN_POINT('',(5.694450388873,4.777145806315));
#1545 = CARTESIAN_POINT('',(5.796121814715,4.783928345921));
#1546 = CARTESIAN_POINT('',(5.954632689186,4.792242215494));
#1547 = CARTESIAN_POINT('',(6.00793909592,4.794687937954));
#1548 = CARTESIAN_POINT('',(6.062076173735,4.796751538259));
#1549 = CARTESIAN_POINT('',(6.116845179533,4.798358289809));
#1550 = CARTESIAN_POINT('',(6.172066988286,4.799451875635));
#1551 = CARTESIAN_POINT('',(6.227571210083,4.8));
#1552 = CARTESIAN_POINT('',(6.28318530718,4.8));
#1553 = ( GEOMETRIC_REPRESENTATION_CONTEXT(2) 
PARAMETRIC_REPRESENTATION_CONTEXT() REPRESENTATION_CONTEXT('2D SPACE',''
  ) );
#1554 = FACE_BOUND('',#1555,.T.);
#1555 = EDGE_LOOP('',(#1556));
#1556 = ORIENTED_EDGE('',*,*,#1557,.F.);
#1557 = EDGE_CURVE('',#1558,#1558,#1560,.T.);
#1558 = VERTEX_POINT('',#1559);
#1559 = CARTESIAN_POINT('',(-27.30369246549,66.243723308322,115.7));
#1560 = SURFACE_CURVE('',#1561,(#1624,#1690),.PCURVE_S1.);
#1561 = B_SPLINE_CURVE_WITH_KNOTS('',7,(#1562,#1563,#1564,#1565,#1566,
    #1567,#1568,#1569,#1570,#1571,#1572,#1573,#1574,#1575,#1576,#1577,
    #1578,#1579,#1580,#1581,#1582,#1583,#1584,#1585,#1586,#1587,#1588,
    #1589,#1590,#1591,#1592,#1593,#1594,#1595,#1596,#1597,#1598,#1599,
    #1600,#1601,#1602,#1603,#1604,#1605,#1606,#1607,#1608,#1609,#1610,
    #1611,#1612,#1613,#1614,#1615,#1616,#1617,#1618,#1619,#1620,#1621,
    #1622,#1623),.UNSPECIFIED.,.T.,.F.,(8,6,6,6,6,6,6,6,6,6,8),(0.,
    8.234479019527E-02,0.18075042228,0.344501985856,0.44227271402,
    0.531818616869,0.631500099981,0.750063697625,0.844378236916,
    0.948705783415,1.),.UNSPECIFIED.);
#1562 = CARTESIAN_POINT('',(-27.30369246549,66.243723308322,115.7));
#1563 = CARTESIAN_POINT('',(-27.57715564052,66.13100992117,115.7));
#1564 = CARTESIAN_POINT('',(-27.84732851888,66.018112284796,
    115.73092944648));
#1565 = CARTESIAN_POINT('',(-28.10962954035,65.906972458874,
    115.79167027886));
#1566 = CARTESIAN_POINT('',(-28.35978255429,65.799567906761,
    115.87982272145));
#1567 = CARTESIAN_POINT('',(-28.59409949716,65.697756067565,
    115.99178586984));
#1568 = CARTESIAN_POINT('',(-28.80970495799,65.603116363695,
    116.12282239715));
#1569 = CARTESIAN_POINT('',(-29.23773339532,65.413625431521,
    116.43953425665));
#1570 = CARTESIAN_POINT('',(-29.44429098192,65.321024311814,
    116.63306979338));
#1571 = CARTESIAN_POINT('',(-29.62504468762,65.239156709243,
    116.84252679817));
#1572 = CARTESIAN_POINT('',(-29.78103874873,65.167929289505,
    117.06397456462));
#1573 = CARTESIAN_POINT('',(-29.91340694726,65.107112835513,
    117.29440531227));
#1574 = CARTESIAN_POINT('',(-30.02317837944,65.056442142184,
    117.53150291197));
#1575 = CARTESIAN_POINT('',(-30.25760385029,64.947871019456,
    118.17623146694));
#1576 = CARTESIAN_POINT('',(-30.34371764678,64.907521303638,
    118.59250713027));
#1577 = CARTESIAN_POINT('',(-30.37341186046,64.89352476444,
    119.0145332773));
#1578 = CARTESIAN_POINT('',(-30.34808021884,64.905433564998,
    119.43729895204));
#1579 = CARTESIAN_POINT('',(-30.26694999928,64.943516820503,
    119.8556624254));
#1580 = CARTESIAN_POINT('',(-30.12718323097,65.008655064027,
    120.26338672854));
#1581 = CARTESIAN_POINT('',(-29.80302059774,65.157656902537,
    120.88083419933));
#1582 = CARTESIAN_POINT('',(-29.65893594058,65.223566807986,
    121.10483445417));
#1583 = CARTESIAN_POINT('',(-29.49096800469,65.299920332579,
    121.31925132426));
#1584 = CARTESIAN_POINT('',(-29.29820012946,65.386847519024,
    121.52071445854));
#1585 = CARTESIAN_POINT('',(-29.07990133396,65.484308982455,
    121.70513998581));
#1586 = CARTESIAN_POINT('',(-28.83572928263,65.591993715783,
    121.86755505508));
#1587 = CARTESIAN_POINT('',(-28.31920371985,65.816545752079,
    122.12472415931));
#1588 = CARTESIAN_POINT('',(-28.04897618226,65.932735425249,
    122.22500337146));
#1589 = CARTESIAN_POINT('',(-27.76097769678,66.05493861485,
    122.29430006053));
#1590 = CARTESIAN_POINT('',(-27.46231492891,66.179744555632,
    122.32745462605));
#1591 = CARTESIAN_POINT('',(-27.16104443198,66.303639708098,
    122.32251597566));
#1592 = CARTESIAN_POINT('',(-26.86538735286,66.423385011179,
    122.28080237157));
#1593 = CARTESIAN_POINT('',(-26.26818858065,66.661979680273,
    122.12479791792));
#1594 = CARTESIAN_POINT('',(-25.97408734303,66.777467552148,
    122.00395435855));
#1595 = CARTESIAN_POINT('',(-25.70376543946,66.881930569896,
    121.85122653985));
#1596 = CARTESIAN_POINT('',(-25.45926506762,66.97511069831,
    121.67281168949));
#1597 = CARTESIAN_POINT('',(-25.24168487527,67.057076113673,
    121.47451630943));
#1598 = CARTESIAN_POINT('',(-25.05129291016,67.128129098686,
    121.26182872555));
#1599 = CARTESIAN_POINT('',(-24.69277658909,67.260927910368,
    120.77598651706));
#1600 = CARTESIAN_POINT('',(-24.53366626658,67.319115234448,
    120.4962514832));
#1601 = CARTESIAN_POINT('',(-24.40854765025,67.364459682504,
    120.20599091877));
#1602 = CARTESIAN_POINT('',(-24.31587107348,67.397852385212,
    119.90883722961));
#1603 = CARTESIAN_POINT('',(-24.25446460261,67.419911846969,
    119.6074248641));
#1604 = CARTESIAN_POINT('',(-24.22371595949,67.430957913362,
    119.30384217667));
#1605 = CARTESIAN_POINT('',(-24.22371595949,67.430957913362,
    118.75830073075));
#1606 = CARTESIAN_POINT('',(-24.24317378,67.423967956904,118.5166818537)
  );
#1607 = CARTESIAN_POINT('',(-24.28206471966,67.409996813498,
    118.27617168033));
#1608 = CARTESIAN_POINT('',(-24.34062406533,67.388920274532,
    118.0378340055));
#1609 = CARTESIAN_POINT('',(-24.4193080298,67.360494501564,
    117.80290837057));
#1610 = CARTESIAN_POINT('',(-24.51875102092,67.324363675624,
    117.57295436976));
#1611 = CARTESIAN_POINT('',(-24.77353018833,67.23105687756,
    117.10337543337));
#1612 = CARTESIAN_POINT('',(-24.93423110898,67.171851835864,
    116.8642993718));
#1613 = CARTESIAN_POINT('',(-25.12289318069,67.101798925503,
    116.6363152573));
#1614 = CARTESIAN_POINT('',(-25.34034356618,67.020242925649,
    116.42374144423));
#1615 = CARTESIAN_POINT('',(-25.58701123137,66.926568885854,
    116.23177596758));
#1616 = CARTESIAN_POINT('',(-25.86263637192,66.820300476424,
    116.06671761003));
#1617 = CARTESIAN_POINT('',(-26.31477903824,66.642933097749,
    115.87230622522));
#1618 = CARTESIAN_POINT('',(-26.47030998231,66.58147319109,
    115.8166831425));
#1619 = CARTESIAN_POINT('',(-26.63126363899,66.517364895703,
    115.77079627175));
#1620 = CARTESIAN_POINT('',(-26.79642013699,66.451030181076,
    115.73563846418));
#1621 = CARTESIAN_POINT('',(-26.96446126927,66.382951459836,
    115.71190785581));
#1622 = CARTESIAN_POINT('',(-27.134013749,66.313659828519,115.7));
#1623 = CARTESIAN_POINT('',(-27.30369246549,66.243723308322,115.7));
#1624 = PCURVE('',#31,#1625);
#1625 = DEFINITIONAL_REPRESENTATION('',(#1626),#1689);
#1626 = B_SPLINE_CURVE_WITH_KNOTS('',7,(#1627,#1628,#1629,#1630,#1631,
    #1632,#1633,#1634,#1635,#1636,#1637,#1638,#1639,#1640,#1641,#1642,
    #1643,#1644,#1645,#1646,#1647,#1648,#1649,#1650,#1651,#1652,#1653,
    #1654,#1655,#1656,#1657,#1658,#1659,#1660,#1661,#1662,#1663,#1664,
    #1665,#1666,#1667,#1668,#1669,#1670,#1671,#1672,#1673,#1674,#1675,
    #1676,#1677,#1678,#1679,#1680,#1681,#1682,#1683,#1684,#1685,#1686,
    #1687,#1688),.UNSPECIFIED.,.T.,.F.,(8,6,6,6,6,6,6,6,6,6,8),(0.,
    8.234479019527E-02,0.18075042228,0.344501985856,0.44227271402,
    0.531818616869,0.631500099981,0.750063697625,0.844378236916,
    0.948705783415,1.),.UNSPECIFIED.);
#1627 = CARTESIAN_POINT('',(1.961750079242,24.7));
#1628 = CARTESIAN_POINT('',(1.96587821639,24.7));
#1629 = CARTESIAN_POINT('',(1.969964876741,24.730929446482));
#1630 = CARTESIAN_POINT('',(1.973940726941,24.791670278865));
#1631 = CARTESIAN_POINT('',(1.977740178447,24.879822721456));
#1632 = CARTESIAN_POINT('',(1.981305804694,24.991785869841));
#1633 = CARTESIAN_POINT('',(1.984592070097,25.122822397159));
#1634 = CARTESIAN_POINT('',(1.991125180764,25.439534256658));
#1635 = CARTESIAN_POINT('',(1.994284459048,25.633069793387));
#1636 = CARTESIAN_POINT('',(1.997053857878,25.842526798179));
#1637 = CARTESIAN_POINT('',(1.999447230699,26.063974564622));
#1638 = CARTESIAN_POINT('',(2.001480313875,26.294405312277));
#1639 = CARTESIAN_POINT('',(2.003167709191,26.531502911976));
#1640 = CARTESIAN_POINT('',(2.006773384657,27.176231466946));
#1641 = CARTESIAN_POINT('',(2.008100633374,27.592507130273));
#1642 = CARTESIAN_POINT('',(2.008558805566,28.014533277305));
#1643 = CARTESIAN_POINT('',(2.008168137436,28.437298952048));
#1644 = CARTESIAN_POINT('',(2.006917272894,28.8556624254));
#1645 = CARTESIAN_POINT('',(2.004765169475,29.26338672854));
#1646 = CARTESIAN_POINT('',(1.999785862062,29.880834199339));
#1647 = CARTESIAN_POINT('',(1.997574504808,30.104834454177));
#1648 = CARTESIAN_POINT('',(1.994999392413,30.31925132426));
#1649 = CARTESIAN_POINT('',(1.992048113123,30.52071445854));
#1650 = CARTESIAN_POINT('',(1.988711564264,30.70513998581));
#1651 = CARTESIAN_POINT('',(1.984987076706,30.86755505508));
#1652 = CARTESIAN_POINT('',(1.977126296698,31.12472415931));
#1653 = CARTESIAN_POINT('',(1.9730209848,31.225003371461));
#1654 = CARTESIAN_POINT('',(1.968654671634,31.294300060536));
#1655 = CARTESIAN_POINT('',(1.964137121091,31.327454626058));
#1656 = CARTESIAN_POINT('',(1.959590807187,31.322515975667));
#1657 = CARTESIAN_POINT('',(1.955138853085,31.280802371578));
#1658 = CARTESIAN_POINT('',(1.946163318825,31.124797917927));
#1659 = CARTESIAN_POINT('',(1.941753576257,31.00395435855));
#1660 = CARTESIAN_POINT('',(1.937708943481,30.85122653985));
#1661 = CARTESIAN_POINT('',(1.934057157921,30.672811689491));
#1662 = CARTESIAN_POINT('',(1.930812146821,30.47451630943));
#1663 = CARTESIAN_POINT('',(1.92797589319,30.26182872555));
#1664 = CARTESIAN_POINT('',(1.922639938273,29.775986517064));
#1665 = CARTESIAN_POINT('',(1.920275461284,29.496251483206));
#1666 = CARTESIAN_POINT('',(1.918418079361,29.205990918772));
#1667 = CARTESIAN_POINT('',(1.917043216576,28.908837229617));
#1668 = CARTESIAN_POINT('',(1.916132559669,28.607424864107));
#1669 = CARTESIAN_POINT('',(1.915676557785,28.303842176675));
#1670 = CARTESIAN_POINT('',(1.915676557785,27.758300730752));
#1671 = CARTESIAN_POINT('',(1.915965116892,27.516681853705));
#1672 = CARTESIAN_POINT('',(1.916541869085,27.27617168033));
#1673 = CARTESIAN_POINT('',(1.917410491335,27.037834005504));
#1674 = CARTESIAN_POINT('',(1.918578126119,26.802908370573));
#1675 = CARTESIAN_POINT('',(1.920054790321,26.572954369769));
#1676 = CARTESIAN_POINT('',(1.923841635339,26.103375433372));
#1677 = CARTESIAN_POINT('',(1.926231862678,25.8642993718));
#1678 = CARTESIAN_POINT('',(1.929040612852,25.636315257299));
#1679 = CARTESIAN_POINT('',(1.932281909037,25.423741444233));
#1680 = CARTESIAN_POINT('',(1.935964406042,25.231775967587));
#1681 = CARTESIAN_POINT('',(1.940087179234,25.066717610037));
#1682 = CARTESIAN_POINT('',(1.946865788098,24.872306225228));
#1683 = CARTESIAN_POINT('',(1.949199820842,24.8166831425));
#1684 = CARTESIAN_POINT('',(1.951617825809,24.770796271755));
#1685 = CARTESIAN_POINT('',(1.954101829343,24.735638464186));
#1686 = CARTESIAN_POINT('',(1.95663227652,24.711907855811));
#1687 = CARTESIAN_POINT('',(1.959188648392,24.7));
#1688 = CARTESIAN_POINT('',(1.961750079242,24.7));
#1689 = ( GEOMETRIC_REPRESENTATION_CONTEXT(2) 
PARAMETRIC_REPRESENTATION_CONTEXT() REPRESENTATION_CONTEXT('2D SPACE',''
  ) );
#1690 = PCURVE('',#1691,#1696);
#1691 = CYLINDRICAL_SURFACE('',#1692,3.3);
#1692 = AXIS2_PLACEMENT_3D('',#1693,#1694,#1695);
#1693 = CARTESIAN_POINT('',(-25.47455465901,61.805902346983,119.));
#1694 = DIRECTION('',(-0.38107037635,0.924546033612,2.22044604925E-16));
#1695 = DIRECTION('',(-8.461462116533E-17,2.052904587685E-16,-1.));
#1696 = DEFINITIONAL_REPRESENTATION('',(#1697),#1760);
#1697 = B_SPLINE_CURVE_WITH_KNOTS('',7,(#1698,#1699,#1700,#1701,#1702,
    #1703,#1704,#1705,#1706,#1707,#1708,#1709,#1710,#1711,#1712,#1713,
    #1714,#1715,#1716,#1717,#1718,#1719,#1720,#1721,#1722,#1723,#1724,
    #1725,#1726,#1727,#1728,#1729,#1730,#1731,#1732,#1733,#1734,#1735,
    #1736,#1737,#1738,#1739,#1740,#1741,#1742,#1743,#1744,#1745,#1746,
    #1747,#1748,#1749,#1750,#1751,#1752,#1753,#1754,#1755,#1756,#1757,
    #1758,#1759),.UNSPECIFIED.,.F.,.F.,(8,6,6,6,6,6,6,6,6,6,8),(0.,
    8.234479019527E-02,0.18075042228,0.344501985856,0.44227271402,
    0.531818616869,0.631500099981,0.750063697625,0.844378236916,
    0.948705783415,1.),.UNSPECIFIED.);
#1698 = CARTESIAN_POINT('',(0.,4.8));
#1699 = CARTESIAN_POINT('',(8.963061414412E-02,4.8));
#1700 = CARTESIAN_POINT('',(0.178360571626,4.798575818523));
#1701 = CARTESIAN_POINT('',(0.265858767336,4.795777082256));
#1702 = CARTESIAN_POINT('',(0.35176671589,4.791802532775));
#1703 = CARTESIAN_POINT('',(0.43566135605,4.786964046279));
#1704 = CARTESIAN_POINT('',(0.516993025883,4.781626137545));
#1705 = CARTESIAN_POINT('',(0.688218697709,4.7695420055));
#1706 = CARTESIAN_POINT('',(0.77787245182,4.76264098483));
#1707 = CARTESIAN_POINT('',(0.86453645196,4.755830500249));
#1708 = CARTESIAN_POINT('',(0.948673470426,4.749422187423));
#1709 = CARTESIAN_POINT('',(1.030695303591,4.743636175337));
#1710 = CARTESIAN_POINT('',(1.111001961924,4.738619427771));
#1711 = CARTESIAN_POINT('',(1.321449008226,4.72757302929));
#1712 = CARTESIAN_POINT('',(1.449255809936,4.723083276411));
#1713 = CARTESIAN_POINT('',(1.575383267504,4.721458416793));
#1714 = CARTESIAN_POINT('',(1.701378496491,4.722815512911));
#1715 = CARTESIAN_POINT('',(1.828775455207,4.727108912434));
#1716 = CARTESIAN_POINT('',(1.959115540969,4.73407124212));
#1717 = CARTESIAN_POINT('',(2.175166124894,4.748301524271));
#1718 = CARTESIAN_POINT('',(2.257940119422,4.754331871399));
#1719 = CARTESIAN_POINT('',(2.343009040435,4.760916615169));
#1720 = CARTESIAN_POINT('',(2.430674769246,4.767826673847));
#1721 = CARTESIAN_POINT('',(2.521293982355,4.774747079133));
#1722 = CARTESIAN_POINT('',(2.615277314402,4.781259836718));
#1723 = CARTESIAN_POINT('',(2.802872921556,4.792035940614));
#1724 = CARTESIAN_POINT('',(2.896567540004,4.796482932638));
#1725 = CARTESIAN_POINT('',(2.992701602854,4.799717715628));
#1726 = CARTESIAN_POINT('',(3.090107468901,4.801295019797));
#1727 = CARTESIAN_POINT('',(3.18778739447,4.801036529946));
#1728 = CARTESIAN_POINT('',(3.284702932101,4.79908042054));
#1729 = CARTESIAN_POINT('',(3.485221638897,4.792097414611));
#1730 = CARTESIAN_POINT('',(3.586889561502,4.786797999179));
#1731 = CARTESIAN_POINT('',(3.685048101481,4.780367198368));
#1732 = CARTESIAN_POINT('',(3.779948127732,4.773344667791));
#1733 = CARTESIAN_POINT('',(3.871737652117,4.766212101673));
#1734 = CARTESIAN_POINT('',(3.960444589801,4.759351119344));
#1735 = CARTESIAN_POINT('',(4.147740985741,4.745509784554));
#1736 = CARTESIAN_POINT('',(4.246082720522,4.738674413758));
#1737 = CARTESIAN_POINT('',(4.341847985255,4.732918445142));
#1738 = CARTESIAN_POINT('',(4.435708455648,4.728475237993));
#1739 = CARTESIAN_POINT('',(4.528320949845,4.725470038899));
#1740 = CARTESIAN_POINT('',(4.620315593514,4.723965238765));
#1741 = CARTESIAN_POINT('',(4.785631183187,4.723965238765));
#1742 = CARTESIAN_POINT('',(4.858849274966,4.724917501232));
#1743 = CARTESIAN_POINT('',(4.932372047775,4.726820721021));
#1744 = CARTESIAN_POINT('',(5.006519944933,4.729649722412));
#1745 = CARTESIAN_POINT('',(5.081610087062,4.733352914716));
#1746 = CARTESIAN_POINT('',(5.157973958769,4.737843080953));
#1747 = CARTESIAN_POINT('',(5.322283974123,4.748665444107));
#1748 = CARTESIAN_POINT('',(5.410954795094,4.755166017947));
#1749 = CARTESIAN_POINT('',(5.502308644351,4.762292404201));
#1750 = CARTESIAN_POINT('',(5.596671613899,4.769754028254));
#1751 = CARTESIAN_POINT('',(5.694450388873,4.777145806314));
#1752 = CARTESIAN_POINT('',(5.796121814715,4.783928345921));
#1753 = CARTESIAN_POINT('',(5.954632689176,4.792242215494));
#1754 = CARTESIAN_POINT('',(6.007939095929,4.794687937954));
#1755 = CARTESIAN_POINT('',(6.062076173743,4.796751538259));
#1756 = CARTESIAN_POINT('',(6.116845179526,4.798358289809));
#1757 = CARTESIAN_POINT('',(6.172066988276,4.799451875635));
#1758 = CARTESIAN_POINT('',(6.227571210091,4.8));
#1759 = CARTESIAN_POINT('',(6.28318530718,4.8));
#1760 = ( GEOMETRIC_REPRESENTATION_CONTEXT(2) 
PARAMETRIC_REPRESENTATION_CONTEXT() REPRESENTATION_CONTEXT('2D SPACE',''
  ) );
#1761 = FACE_BOUND('',#1762,.T.);
#1762 = EDGE_LOOP('',(#1763));
#1763 = ORIENTED_EDGE('',*,*,#1764,.F.);
#1764 = EDGE_CURVE('',#1765,#1765,#1767,.T.);
#1765 = VERTEX_POINT('',#1766);
#1766 = CARTESIAN_POINT('',(-71.02059345902,9.476170361923,115.7));
#1767 = SURFACE_CURVE('',#1768,(#1831,#1897),.PCURVE_S1.);
#1768 = B_SPLINE_CURVE_WITH_KNOTS('',7,(#1769,#1770,#1771,#1772,#1773,
    #1774,#1775,#1776,#1777,#1778,#1779,#1780,#1781,#1782,#1783,#1784,
    #1785,#1786,#1787,#1788,#1789,#1790,#1791,#1792,#1793,#1794,#1795,
    #1796,#1797,#1798,#1799,#1800,#1801,#1802,#1803,#1804,#1805,#1806,
    #1807,#1808,#1809,#1810,#1811,#1812,#1813,#1814,#1815,#1816,#1817,
    #1818,#1819,#1820,#1821,#1822,#1823,#1824,#1825,#1826,#1827,#1828,
    #1829,#1830),.UNSPECIFIED.,.T.,.F.,(8,6,6,6,6,6,6,6,6,6,8),(0.,
    8.234479599996E-02,0.180750434249,0.344502008082,0.442272738419,
    0.531818638469,0.631500116982,0.750063709155,0.844378244094,
    0.94870578578,1.),.UNSPECIFIED.);
#1769 = CARTESIAN_POINT('',(-71.02059345902,9.476170361923,115.7));
#1770 = CARTESIAN_POINT('',(-71.05971238958,9.182987614278,115.7));
#1771 = CARTESIAN_POINT('',(-71.09702660871,8.892562211658,
    115.73092944749));
#1772 = CARTESIAN_POINT('',(-71.13192720572,8.609832959636,
    115.79167027746));
#1773 = CARTESIAN_POINT('',(-71.16398864196,8.339491819325,
    115.8798227209));
#1774 = CARTESIAN_POINT('',(-71.19297547532,8.085661465842,
    115.99178587188));
#1775 = CARTESIAN_POINT('',(-71.2188178172,7.851621814352,
    116.12282239602));
#1776 = CARTESIAN_POINT('',(-71.268728075,7.38619284633,116.43953425665)
  );
#1777 = CARTESIAN_POINT('',(-71.29181194621,7.161008169141,
    116.63306979338));
#1778 = CARTESIAN_POINT('',(-71.31128937549,6.96353706689,
    116.84252679817));
#1779 = CARTESIAN_POINT('',(-71.3276016511,6.792828537258,
    117.06397456462));
#1780 = CARTESIAN_POINT('',(-71.34111715624,6.647786087681,
    117.29440531227));
#1781 = CARTESIAN_POINT('',(-71.35212076468,6.527385892144,
    117.53150291197));
#1782 = CARTESIAN_POINT('',(-71.3753081497,6.27008191773,118.17623146694
    ));
#1783 = CARTESIAN_POINT('',(-71.38342116902,6.175330324442,
    118.59250713027));
#1784 = CARTESIAN_POINT('',(-71.38614691735,6.142616111453,
    119.0145332773));
#1785 = CARTESIAN_POINT('',(-71.38379442035,6.170508356887,
    119.43729895204));
#1786 = CARTESIAN_POINT('',(-71.3762103773,6.259810815794,119.8556624254
    ));
#1787 = CARTESIAN_POINT('',(-71.36273836679,6.413421509518,
    120.26338672854));
#1788 = CARTESIAN_POINT('',(-71.32969642804,6.768655498741,
    120.88083419001));
#1789 = CARTESIAN_POINT('',(-71.31473375051,6.92639144135,
    121.10483447876));
#1790 = CARTESIAN_POINT('',(-71.29687387485,7.110032693948,
    121.31925130265));
#1791 = CARTESIAN_POINT('',(-71.27577109289,7.320438134862,
    121.52071445769));
#1792 = CARTESIAN_POINT('',(-71.25102579156,7.558221226922,
    121.70513999759));
#1793 = CARTESIAN_POINT('',(-71.22219748539,7.823522750739,
    121.86755504968));
#1794 = CARTESIAN_POINT('',(-71.15840247097,8.383123036141,
    122.12472415767));
#1795 = CARTESIAN_POINT('',(-71.12391190921,8.675241798079,
    122.22500337341));
#1796 = CARTESIAN_POINT('',(-71.08574373515,8.985757381703,
    122.29430006107));
#1797 = CARTESIAN_POINT('',(-71.04449746629,9.306809896948,
    122.32745462457));
#1798 = CARTESIAN_POINT('',(-71.00115856517,9.629665392955,
    122.32251597517));
#1799 = CARTESIAN_POINT('',(-70.95703250211,9.94558457102,
    122.28080237267));
#1800 = CARTESIAN_POINT('',(-70.86506216,10.582071217887,122.12479791792
    ));
#1801 = CARTESIAN_POINT('',(-70.81802697206,10.894514296889,
    122.00395435855));
#1802 = CARTESIAN_POINT('',(-70.77333364741,11.180851441452,
    121.85122653985));
#1803 = CARTESIAN_POINT('',(-70.73177981982,11.439185038908,
    121.67281168949));
#1804 = CARTESIAN_POINT('',(-70.69397385558,11.668597720524,
    121.47451630943));
#1805 = CARTESIAN_POINT('',(-70.66031156306,11.869008491492,
    121.26182872555));
#1806 = CARTESIAN_POINT('',(-70.59606054704,12.245892139055,
    120.77598651706));
#1807 = CARTESIAN_POINT('',(-70.56689708661,12.412779382395,
    120.4962514832));
#1808 = CARTESIAN_POINT('',(-70.54360722238,12.543807506648,
    120.20599091877));
#1809 = CARTESIAN_POINT('',(-70.52618786284,12.640764127824,
    119.90883722961));
#1810 = CARTESIAN_POINT('',(-70.51458868168,12.70497342243,
    119.6074248641));
#1811 = CARTESIAN_POINT('',(-70.50878053423,12.737125561698,
    119.30384217667));
#1812 = CARTESIAN_POINT('',(-70.50878053423,12.737125561698,
    118.75830073075));
#1813 = CARTESIAN_POINT('',(-70.51245596463,12.716779616604,
    118.5166818537));
#1814 = CARTESIAN_POINT('',(-70.51980206934,12.676113503186,
    118.27617168033));
#1815 = CARTESIAN_POINT('',(-70.53082892401,12.614861352722,
    118.0378340055));
#1816 = CARTESIAN_POINT('',(-70.54555346473,12.532506154133,
    117.80290837057));
#1817 = CARTESIAN_POINT('',(-70.56398474717,12.428320584628,
    117.57295436976));
#1818 = CARTESIAN_POINT('',(-70.61056827341,12.16102195426,
    117.10337543337));
#1819 = CARTESIAN_POINT('',(-70.63964566359,11.992248353719,
    116.8642993718));
#1820 = CARTESIAN_POINT('',(-70.67330909947,11.793835751705,
    116.6363152573));
#1821 = CARTESIAN_POINT('',(-70.7114047245,11.564740193883,
    116.42374144423));
#1822 = CARTESIAN_POINT('',(-70.75361445896,11.304282709641,
    116.23177596758));
#1823 = CARTESIAN_POINT('',(-70.79939588705,11.012450131285,
    116.06671761003));
#1824 = CARTESIAN_POINT('',(-70.87186256448,10.532199406772,
    115.87230622522));
#1825 = CARTESIAN_POINT('',(-70.89640219603,10.366775704822,
    115.8166831425));
#1826 = CARTESIAN_POINT('',(-70.92135961197,10.19533160161,
    115.77079627175));
#1827 = CARTESIAN_POINT('',(-70.94649031295,10.019134521418,
    115.73563846418));
#1828 = CARTESIAN_POINT('',(-70.97155297704,9.83956727136,
    115.71190785581));
#1829 = CARTESIAN_POINT('',(-70.99632090391,9.65808470099,115.7));
#1830 = CARTESIAN_POINT('',(-71.02059345902,9.476170361923,115.7));
#1831 = PCURVE('',#31,#1832);
#1832 = DEFINITIONAL_REPRESENTATION('',(#1833),#1896);
#1833 = B_SPLINE_CURVE_WITH_KNOTS('',7,(#1834,#1835,#1836,#1837,#1838,
    #1839,#1840,#1841,#1842,#1843,#1844,#1845,#1846,#1847,#1848,#1849,
    #1850,#1851,#1852,#1853,#1854,#1855,#1856,#1857,#1858,#1859,#1860,
    #1861,#1862,#1863,#1864,#1865,#1866,#1867,#1868,#1869,#1870,#1871,
    #1872,#1873,#1874,#1875,#1876,#1877,#1878,#1879,#1880,#1881,#1882,
    #1883,#1884,#1885,#1886,#1887,#1888,#1889,#1890,#1891,#1892,#1893,
    #1894,#1895),.UNSPECIFIED.,.T.,.F.,(8,6,6,6,6,6,6,6,6,6,8),(0.,
    8.234479599996E-02,0.180750434249,0.344502008082,0.442272738419,
    0.531818638469,0.631500116982,0.750063709155,0.844378244094,
    0.94870578578,1.),.UNSPECIFIED.);
#1834 = CARTESIAN_POINT('',(3.008947630438,24.7));
#1835 = CARTESIAN_POINT('',(3.013075767551,24.7));
#1836 = CARTESIAN_POINT('',(3.01716242802,24.730929447493));
#1837 = CARTESIAN_POINT('',(3.021138278093,24.791670277463));
#1838 = CARTESIAN_POINT('',(3.024937729591,24.879822720902));
#1839 = CARTESIAN_POINT('',(3.028503355962,24.991785871887));
#1840 = CARTESIAN_POINT('',(3.03178962127,25.122822396026));
#1841 = CARTESIAN_POINT('',(3.038322731961,25.439534256658));
#1842 = CARTESIAN_POINT('',(3.041482010244,25.633069793387));
#1843 = CARTESIAN_POINT('',(3.044251409074,25.842526798179));
#1844 = CARTESIAN_POINT('',(3.046644781896,26.063974564622));
#1845 = CARTESIAN_POINT('',(3.048677865072,26.294405312277));
#1846 = CARTESIAN_POINT('',(3.050365260388,26.531502911976));
#1847 = CARTESIAN_POINT('',(3.053970935853,27.176231466946));
#1848 = CARTESIAN_POINT('',(3.055298184571,27.592507130273));
#1849 = CARTESIAN_POINT('',(3.055756356762,28.014533277304));
#1850 = CARTESIAN_POINT('',(3.055365688632,28.437298952048));
#1851 = CARTESIAN_POINT('',(3.054114824091,28.8556624254));
#1852 = CARTESIAN_POINT('',(3.051962720671,29.26338672854));
#1853 = CARTESIAN_POINT('',(3.046983413334,29.880834190011));
#1854 = CARTESIAN_POINT('',(3.044772055849,30.104834478767));
#1855 = CARTESIAN_POINT('',(3.042196943582,30.319251302655));
#1856 = CARTESIAN_POINT('',(3.039245664704,30.520714457689));
#1857 = CARTESIAN_POINT('',(3.035909115033,30.705139997597));
#1858 = CARTESIAN_POINT('',(3.032184628068,30.867555049683));
#1859 = CARTESIAN_POINT('',(3.024323847944,31.124724157677));
#1860 = CARTESIAN_POINT('',(3.020218535864,31.225003373419));
#1861 = CARTESIAN_POINT('',(3.015852222921,31.294300061073));
#1862 = CARTESIAN_POINT('',(3.011334672368,31.327454624578));
#1863 = CARTESIAN_POINT('',(3.006788358238,31.322515975176));
#1864 = CARTESIAN_POINT('',(3.002336404345,31.280802372676));
#1865 = CARTESIAN_POINT('',(2.993360870022,31.124797917927));
#1866 = CARTESIAN_POINT('',(2.988951127454,31.00395435855));
#1867 = CARTESIAN_POINT('',(2.984906494678,30.85122653985));
#1868 = CARTESIAN_POINT('',(2.981254709118,30.672811689491));
#1869 = CARTESIAN_POINT('',(2.978009698017,30.47451630943));
#1870 = CARTESIAN_POINT('',(2.975173444386,30.26182872555));
#1871 = CARTESIAN_POINT('',(2.96983748947,29.775986517064));
#1872 = CARTESIAN_POINT('',(2.96747301248,29.496251483205));
#1873 = CARTESIAN_POINT('',(2.965615630558,29.205990918772));
#1874 = CARTESIAN_POINT('',(2.964240767772,28.908837229617));
#1875 = CARTESIAN_POINT('',(2.963330110866,28.607424864106));
#1876 = CARTESIAN_POINT('',(2.962874108982,28.303842176675));
#1877 = CARTESIAN_POINT('',(2.962874108982,27.758300730752));
#1878 = CARTESIAN_POINT('',(2.963162668089,27.516681853705));
#1879 = CARTESIAN_POINT('',(2.963739420281,27.27617168033));
#1880 = CARTESIAN_POINT('',(2.964608042532,27.037834005504));
#1881 = CARTESIAN_POINT('',(2.965775677315,26.802908370573));
#1882 = CARTESIAN_POINT('',(2.967252341518,26.572954369769));
#1883 = CARTESIAN_POINT('',(2.971039186536,26.103375433372));
#1884 = CARTESIAN_POINT('',(2.973429413874,25.8642993718));
#1885 = CARTESIAN_POINT('',(2.976238164049,25.6363152573));
#1886 = CARTESIAN_POINT('',(2.979479460233,25.423741444234));
#1887 = CARTESIAN_POINT('',(2.983161957238,25.231775967586));
#1888 = CARTESIAN_POINT('',(2.987284730431,25.066717610038));
#1889 = CARTESIAN_POINT('',(2.994063339294,24.872306225226));
#1890 = CARTESIAN_POINT('',(2.996397372039,24.816683142501));
#1891 = CARTESIAN_POINT('',(2.998815377006,24.770796271757));
#1892 = CARTESIAN_POINT('',(3.00129938054,24.735638464186));
#1893 = CARTESIAN_POINT('',(3.003829827716,24.71190785581));
#1894 = CARTESIAN_POINT('',(3.006386199588,24.7));
#1895 = CARTESIAN_POINT('',(3.008947630438,24.7));
#1896 = ( GEOMETRIC_REPRESENTATION_CONTEXT(2) 
PARAMETRIC_REPRESENTATION_CONTEXT() REPRESENTATION_CONTEXT('2D SPACE',''
  ) );
#1897 = PCURVE('',#1898,#1903);
#1898 = CYLINDRICAL_SURFACE('',#1899,3.3);
#1899 = AXIS2_PLACEMENT_3D('',#1900,#1901,#1902);
#1900 = CARTESIAN_POINT('',(-66.26275886581,8.841339688689,119.));
#1901 = DIRECTION('',(-0.991215540252,0.132256390257,2.22044604925E-16)
  );
#1902 = DIRECTION('',(-2.200940630307E-16,2.936681792345E-17,-1.));
#1903 = DEFINITIONAL_REPRESENTATION('',(#1904),#1967);
#1904 = B_SPLINE_CURVE_WITH_KNOTS('',7,(#1905,#1906,#1907,#1908,#1909,
    #1910,#1911,#1912,#1913,#1914,#1915,#1916,#1917,#1918,#1919,#1920,
    #1921,#1922,#1923,#1924,#1925,#1926,#1927,#1928,#1929,#1930,#1931,
    #1932,#1933,#1934,#1935,#1936,#1937,#1938,#1939,#1940,#1941,#1942,
    #1943,#1944,#1945,#1946,#1947,#1948,#1949,#1950,#1951,#1952,#1953,
    #1954,#1955,#1956,#1957,#1958,#1959,#1960,#1961,#1962,#1963,#1964,
    #1965,#1966),.UNSPECIFIED.,.F.,.F.,(8,6,6,6,6,6,6,6,6,6,8),(0.,
    8.234479599996E-02,0.180750434249,0.344502008082,0.442272738419,
    0.531818638469,0.631500116982,0.750063709155,0.844378244094,
    0.94870578578,1.),.UNSPECIFIED.);
#1905 = CARTESIAN_POINT('',(0.,4.8));
#1906 = CARTESIAN_POINT('',(8.963061337736E-02,4.8));
#1907 = CARTESIAN_POINT('',(0.178360573488,4.798575818482));
#1908 = CARTESIAN_POINT('',(0.265858766272,4.795777082312));
#1909 = CARTESIAN_POINT('',(0.351766714706,4.791802532798));
#1910 = CARTESIAN_POINT('',(0.435661357764,4.786964046199));
#1911 = CARTESIAN_POINT('',(0.51699302527,4.781626137588));
#1912 = CARTESIAN_POINT('',(0.688218697709,4.7695420055));
#1913 = CARTESIAN_POINT('',(0.777872451821,4.76264098483));
#1914 = CARTESIAN_POINT('',(0.86453645196,4.755830500249));
#1915 = CARTESIAN_POINT('',(0.948673470426,4.749422187423));
#1916 = CARTESIAN_POINT('',(1.030695303591,4.743636175337));
#1917 = CARTESIAN_POINT('',(1.111001961924,4.738619427771));
#1918 = CARTESIAN_POINT('',(1.321449008226,4.72757302929));
#1919 = CARTESIAN_POINT('',(1.449255809936,4.723083276411));
#1920 = CARTESIAN_POINT('',(1.575383267504,4.721458416793));
#1921 = CARTESIAN_POINT('',(1.701378496491,4.722815512911));
#1922 = CARTESIAN_POINT('',(1.828775455207,4.727108912434));
#1923 = CARTESIAN_POINT('',(1.959115540969,4.73407124212));
#1924 = CARTESIAN_POINT('',(2.17516612163,4.748301524056));
#1925 = CARTESIAN_POINT('',(2.257940127224,4.754331871949));
#1926 = CARTESIAN_POINT('',(2.343009036378,4.760916614819));
#1927 = CARTESIAN_POINT('',(2.430674762607,4.767826673503));
#1928 = CARTESIAN_POINT('',(2.521293992026,4.774747079698));
#1929 = CARTESIAN_POINT('',(2.615277310465,4.781259836491));
#1930 = CARTESIAN_POINT('',(2.802872920364,4.792035940546));
#1931 = CARTESIAN_POINT('',(2.896567543064,4.796482932719));
#1932 = CARTESIAN_POINT('',(2.992701600835,4.799717715653));
#1933 = CARTESIAN_POINT('',(3.090107467054,4.801295019735));
#1934 = CARTESIAN_POINT('',(3.187787397745,4.801036529921));
#1935 = CARTESIAN_POINT('',(3.284702930689,4.79908042059));
#1936 = CARTESIAN_POINT('',(3.485221638897,4.792097414611));
#1937 = CARTESIAN_POINT('',(3.586889561502,4.786797999179));
#1938 = CARTESIAN_POINT('',(3.685048101481,4.780367198368));
#1939 = CARTESIAN_POINT('',(3.779948127732,4.773344667791));
#1940 = CARTESIAN_POINT('',(3.871737652117,4.766212101673));
#1941 = CARTESIAN_POINT('',(3.960444589802,4.759351119344));
#1942 = CARTESIAN_POINT('',(4.147740985741,4.745509784554));
#1943 = CARTESIAN_POINT('',(4.246082720522,4.738674413758));
#1944 = CARTESIAN_POINT('',(4.341847985255,4.732918445142));
#1945 = CARTESIAN_POINT('',(4.435708455648,4.728475237993));
#1946 = CARTESIAN_POINT('',(4.528320949846,4.725470038899));
#1947 = CARTESIAN_POINT('',(4.620315593514,4.723965238765));
#1948 = CARTESIAN_POINT('',(4.785631183187,4.723965238765));
#1949 = CARTESIAN_POINT('',(4.858849274966,4.724917501232));
#1950 = CARTESIAN_POINT('',(4.932372047774,4.726820721021));
#1951 = CARTESIAN_POINT('',(5.006519944933,4.729649722412));
#1952 = CARTESIAN_POINT('',(5.081610087062,4.733352914716));
#1953 = CARTESIAN_POINT('',(5.157973958769,4.737843080953));
#1954 = CARTESIAN_POINT('',(5.322283974123,4.748665444107));
#1955 = CARTESIAN_POINT('',(5.410954795094,4.755166017947));
#1956 = CARTESIAN_POINT('',(5.502308644351,4.762292404201));
#1957 = CARTESIAN_POINT('',(5.596671613898,4.769754028254));
#1958 = CARTESIAN_POINT('',(5.694450388873,4.777145806314));
#1959 = CARTESIAN_POINT('',(5.796121814715,4.783928345921));
#1960 = CARTESIAN_POINT('',(5.954632689178,4.792242215494));
#1961 = CARTESIAN_POINT('',(6.007939095927,4.794687937954));
#1962 = CARTESIAN_POINT('',(6.062076173741,4.796751538259));
#1963 = CARTESIAN_POINT('',(6.116845179527,4.798358289809));
#1964 = CARTESIAN_POINT('',(6.172066988278,4.799451875635));
#1965 = CARTESIAN_POINT('',(6.227571210089,4.8));
#1966 = CARTESIAN_POINT('',(6.28318530718,4.8));
#1967 = ( GEOMETRIC_REPRESENTATION_CONTEXT(2) 
PARAMETRIC_REPRESENTATION_CONTEXT() REPRESENTATION_CONTEXT('2D SPACE',''
  ) );
#1968 = FACE_BOUND('',#1969,.T.);
#1969 = EDGE_LOOP('',(#1970));
#1970 = ORIENTED_EDGE('',*,*,#1971,.F.);
#1971 = EDGE_CURVE('',#1972,#1972,#1974,.T.);
#1972 = VERTEX_POINT('',#1973);
#1973 = CARTESIAN_POINT('',(-43.71690099352,-56.76755294639,115.7));
#1974 = SURFACE_CURVE('',#1975,(#2038,#2104),.PCURVE_S1.);
#1975 = B_SPLINE_CURVE_WITH_KNOTS('',7,(#1976,#1977,#1978,#1979,#1980,
    #1981,#1982,#1983,#1984,#1985,#1986,#1987,#1988,#1989,#1990,#1991,
    #1992,#1993,#1994,#1995,#1996,#1997,#1998,#1999,#2000,#2001,#2002,
    #2003,#2004,#2005,#2006,#2007,#2008,#2009,#2010,#2011,#2012,#2013,
    #2014,#2015,#2016,#2017,#2018,#2019,#2020,#2021,#2022,#2023,#2024,
    #2025,#2026,#2027,#2028,#2029,#2030,#2031,#2032,#2033,#2034,#2035,
    #2036,#2037),.UNSPECIFIED.,.T.,.F.,(8,6,6,6,6,6,6,6,6,6,8),(0.,
    8.234479515821E-02,0.180750433067,0.344502006336,0.442272736063,
    0.531818636543,0.631500118498,0.750063713512,0.844378248316,
    0.948705789852,1.),.UNSPECIFIED.);
#1976 = CARTESIAN_POINT('',(-43.71690099352,-56.76755294639,115.7));
#1977 = CARTESIAN_POINT('',(-43.4825567497,-56.94802230916,115.7));
#1978 = CARTESIAN_POINT('',(-43.24969808907,-57.12555006729,
    115.7309294464));
#1979 = CARTESIAN_POINT('',(-43.02229766548,-57.29713950253,
    115.79167027891));
#1980 = CARTESIAN_POINT('',(-42.80420608798,-57.46007609131,
    115.87982272159));
#1981 = CARTESIAN_POINT('',(-42.59887597763,-57.61209459661,
    115.99178586984));
#1982 = CARTESIAN_POINT('',(-42.40911285957,-57.75149455087,
    116.122822397));
#1983 = CARTESIAN_POINT('',(-42.03099467967,-58.02743258519,
    116.43953425665));
#1984 = CARTESIAN_POINT('',(-41.84752096429,-58.16001614267,
    116.63306979338));
#1985 = CARTESIAN_POINT('',(-41.68624468786,-58.27561964235,
    116.84252679817));
#1986 = CARTESIAN_POINT('',(-41.54656290237,-58.37510075224,
    117.06397456462));
#1987 = CARTESIAN_POINT('',(-41.42771020898,-58.45932674783,
    117.29440531227));
#1988 = CARTESIAN_POINT('',(-41.32894238524,-58.52905625004,
    117.53150291197));
#1989 = CARTESIAN_POINT('',(-41.11770429941,-58.67778910172,
    118.17623146694));
#1990 = CARTESIAN_POINT('',(-41.03970352223,-58.73219097919,
    118.59250713027));
#1991 = CARTESIAN_POINT('',(-41.01273505688,-58.75090865298,
    119.0145332773));
#1992 = CARTESIAN_POINT('',(-41.0357142015,-58.73492520811,
    119.43729895204));
#1993 = CARTESIAN_POINT('',(-41.10926037801,-58.6837060047,
    119.8556624254));
#1994 = CARTESIAN_POINT('',(-41.23555513581,-58.5952335545,
    120.26338672854));
#1995 = CARTESIAN_POINT('',(-41.52667582509,-58.38900140176,
    120.88083418936));
#1996 = CARTESIAN_POINT('',(-41.65579781991,-58.29717537146,
    121.10483447882));
#1997 = CARTESIAN_POINT('',(-41.80590587243,-58.18988763884,
    121.31925130316));
#1998 = CARTESIAN_POINT('',(-41.97757093846,-58.06640937305,
    121.52071445797));
#1999 = CARTESIAN_POINT('',(-42.17112448568,-57.92608776775,
    121.70513999739));
#2000 = CARTESIAN_POINT('',(-42.38646819139,-57.76847096072,
    121.86755504938));
#2001 = CARTESIAN_POINT('',(-42.83919875071,-57.43342271238,
    122.12472415931));
#2002 = CARTESIAN_POINT('',(-43.07493572813,-57.2574936366,
    122.22500337146));
#2003 = CARTESIAN_POINT('',(-43.32476603749,-57.06918122673,
    122.29430006053));
#2004 = CARTESIAN_POINT('',(-43.58218253668,-56.87293465298,
    122.32745462605));
#2005 = CARTESIAN_POINT('',(-43.84011413459,-56.67397432546,
    122.32251597566));
#2006 = CARTESIAN_POINT('',(-44.0916451486,-56.47780043567,
    122.28080237157));
#2007 = CARTESIAN_POINT('',(-44.5968735833,-56.07990845927,
    122.1247979167));
#2008 = CARTESIAN_POINT('',(-44.84393961932,-55.88295326288,
    122.00395436064));
#2009 = CARTESIAN_POINT('',(-45.06956821621,-55.70107912206,
    121.8512265418));
#2010 = CARTESIAN_POINT('',(-45.27251475222,-55.53592565911,
    121.672811681));
#2011 = CARTESIAN_POINT('',(-45.45228897613,-55.38847839667,
    121.47451631817));
#2012 = CARTESIAN_POINT('',(-45.60901865494,-55.25912060549,
    121.26182872217));
#2013 = CARTESIAN_POINT('',(-45.90328395382,-55.01503577473,
    120.77598652387));
#2014 = CARTESIAN_POINT('',(-46.03323083088,-54.90633584304,
    120.49625146785));
#2015 = CARTESIAN_POINT('',(-46.13505955998,-54.82065218593,
    120.20599092625));
#2016 = CARTESIAN_POINT('',(-46.21031679589,-54.75708825198,
    119.90883724242));
#2017 = CARTESIAN_POINT('',(-46.26012407767,-54.71493842568,
    119.60742484563));
#2018 = CARTESIAN_POINT('',(-46.28506457474,-54.69383235166,
    119.30384218438));
#2019 = CARTESIAN_POINT('',(-46.28506457474,-54.69383235166,
    118.75830073075));
#2020 = CARTESIAN_POINT('',(-46.26928218462,-54.7071883403,
    118.5166818537));
#2021 = CARTESIAN_POINT('',(-46.23773734968,-54.73388331031,
    118.27617168033));
#2022 = CARTESIAN_POINT('',(-46.19020485868,-54.77405892181,
    118.0378340055));
#2023 = CARTESIAN_POINT('',(-46.12624543493,-54.82798834743,
    117.80290837057));
#2024 = CARTESIAN_POINT('',(-46.04523372625,-54.89604309099,
    117.57295436976));
#2025 = CARTESIAN_POINT('',(-45.83703808507,-55.0700349233,
    117.10337543337));
#2026 = CARTESIAN_POINT('',(-45.70541455461,-55.17960348214,
    116.8642993718));
#2027 = CARTESIAN_POINT('',(-45.55041591877,-55.30796317379,
    116.63631525729));
#2028 = CARTESIAN_POINT('',(-45.37106115832,-55.45550273176,
    116.42374144423));
#2029 = CARTESIAN_POINT('',(-45.16660322759,-55.62228617621,
    116.23177596758));
#2030 = CARTESIAN_POINT('',(-44.93675951513,-55.80785034513,
    116.06671761003));
#2031 = CARTESIAN_POINT('',(-44.55708353598,-56.11073368319,
    115.87230623022));
#2032 = CARTESIAN_POINT('',(-44.42609220334,-56.21469749438,
    115.81668314031));
#2033 = CARTESIAN_POINT('',(-44.29009596472,-56.32203330067,
    115.77079626788));
#2034 = CARTESIAN_POINT('',(-44.15007018406,-56.4318956534,
    115.73563846437));
#2035 = CARTESIAN_POINT('',(-44.00709171832,-56.54338418018,
    115.71190785872));
#2036 = CARTESIAN_POINT('',(-43.86230714562,-56.65557513468,115.7));
#2037 = CARTESIAN_POINT('',(-43.71690099352,-56.76755294639,115.7));
#2038 = PCURVE('',#31,#2039);
#2039 = DEFINITIONAL_REPRESENTATION('',(#2040),#2103);
#2040 = B_SPLINE_CURVE_WITH_KNOTS('',7,(#2041,#2042,#2043,#2044,#2045,
    #2046,#2047,#2048,#2049,#2050,#2051,#2052,#2053,#2054,#2055,#2056,
    #2057,#2058,#2059,#2060,#2061,#2062,#2063,#2064,#2065,#2066,#2067,
    #2068,#2069,#2070,#2071,#2072,#2073,#2074,#2075,#2076,#2077,#2078,
    #2079,#2080,#2081,#2082,#2083,#2084,#2085,#2086,#2087,#2088,#2089,
    #2090,#2091,#2092,#2093,#2094,#2095,#2096,#2097,#2098,#2099,#2100,
    #2101,#2102),.UNSPECIFIED.,.T.,.F.,(8,6,6,6,6,6,6,6,6,6,8),(0.,
    8.234479515821E-02,0.180750433067,0.344502006336,0.442272736063,
    0.531818636543,0.631500118498,0.750063713512,0.844378248316,
    0.948705789852,1.),.UNSPECIFIED.);
#2041 = CARTESIAN_POINT('',(4.056145181635,24.7));
#2042 = CARTESIAN_POINT('',(4.060273318778,24.7));
#2043 = CARTESIAN_POINT('',(4.064359979135,24.730929446401));
#2044 = CARTESIAN_POINT('',(4.068335829338,24.791670278919));
#2045 = CARTESIAN_POINT('',(4.072135280843,24.87982272159));
#2046 = CARTESIAN_POINT('',(4.075700907086,24.991785869842));
#2047 = CARTESIAN_POINT('',(4.078987172487,25.122822397003));
#2048 = CARTESIAN_POINT('',(4.085520283157,25.439534256658));
#2049 = CARTESIAN_POINT('',(4.088679561441,25.633069793387));
#2050 = CARTESIAN_POINT('',(4.091448960271,25.842526798179));
#2051 = CARTESIAN_POINT('',(4.093842333093,26.063974564622));
#2052 = CARTESIAN_POINT('',(4.095875416268,26.294405312277));
#2053 = CARTESIAN_POINT('',(4.097562811584,26.531502911976));
#2054 = CARTESIAN_POINT('',(4.10116848705,27.176231466946));
#2055 = CARTESIAN_POINT('',(4.102495735767,27.592507130272));
#2056 = CARTESIAN_POINT('',(4.102953907959,28.014533277307));
#2057 = CARTESIAN_POINT('',(4.102563239829,28.437298952045));
#2058 = CARTESIAN_POINT('',(4.101312375287,28.855662425401));
#2059 = CARTESIAN_POINT('',(4.099160271868,29.26338672854));
#2060 = CARTESIAN_POINT('',(4.094180964536,29.880834189367));
#2061 = CARTESIAN_POINT('',(4.091969607048,30.104834478825));
#2062 = CARTESIAN_POINT('',(4.089394494773,30.319251303167));
#2063 = CARTESIAN_POINT('',(4.086443215894,30.520714457979));
#2064 = CARTESIAN_POINT('',(4.08310666623,30.705139997397));
#2065 = CARTESIAN_POINT('',(4.079382179273,30.867555049382));
#2066 = CARTESIAN_POINT('',(4.071521399091,31.12472415931));
#2067 = CARTESIAN_POINT('',(4.067416087193,31.225003371461));
#2068 = CARTESIAN_POINT('',(4.063049774027,31.294300060536));
#2069 = CARTESIAN_POINT('',(4.058532223485,31.327454626058));
#2070 = CARTESIAN_POINT('',(4.05398590958,31.322515975667));
#2071 = CARTESIAN_POINT('',(4.049533955479,31.280802371578));
#2072 = CARTESIAN_POINT('',(4.040558421148,31.124797916706));
#2073 = CARTESIAN_POINT('',(4.036148678823,31.003954360649));
#2074 = CARTESIAN_POINT('',(4.032104045728,30.851226541801));
#2075 = CARTESIAN_POINT('',(4.028452260312,30.672811681));
#2076 = CARTESIAN_POINT('',(4.02520724929,30.474516318171));
#2077 = CARTESIAN_POINT('',(4.022370995546,30.261828722172));
#2078 = CARTESIAN_POINT('',(4.017035040741,29.775986523873));
#2079 = CARTESIAN_POINT('',(4.01467056348,29.496251467852));
#2080 = CARTESIAN_POINT('',(4.012813181975,29.205990926255));
#2081 = CARTESIAN_POINT('',(4.011438318851,28.908837242421));
#2082 = CARTESIAN_POINT('',(4.010527662088,28.607424845633));
#2083 = CARTESIAN_POINT('',(4.010071660178,28.303842184387));
#2084 = CARTESIAN_POINT('',(4.010071660178,27.758300730752));
#2085 = CARTESIAN_POINT('',(4.010360219286,27.516681853705));
#2086 = CARTESIAN_POINT('',(4.010936971478,27.27617168033));
#2087 = CARTESIAN_POINT('',(4.011805593729,27.037834005504));
#2088 = CARTESIAN_POINT('',(4.012973228512,26.802908370573));
#2089 = CARTESIAN_POINT('',(4.014449892714,26.572954369769));
#2090 = CARTESIAN_POINT('',(4.018236737732,26.103375433372));
#2091 = CARTESIAN_POINT('',(4.020626965071,25.8642993718));
#2092 = CARTESIAN_POINT('',(4.023435715246,25.6363152573));
#2093 = CARTESIAN_POINT('',(4.02667701143,25.423741444233));
#2094 = CARTESIAN_POINT('',(4.030359508435,25.231775967587));
#2095 = CARTESIAN_POINT('',(4.034482281627,25.066717610037));
#2096 = CARTESIAN_POINT('',(4.041260890317,24.872306230222));
#2097 = CARTESIAN_POINT('',(4.04359492342,24.816683140314));
#2098 = CARTESIAN_POINT('',(4.04601292835,24.770796267885));
#2099 = CARTESIAN_POINT('',(4.048496931594,24.735638464376));
#2100 = CARTESIAN_POINT('',(4.051027378726,24.711907858727));
#2101 = CARTESIAN_POINT('',(4.053583750949,24.7));
#2102 = CARTESIAN_POINT('',(4.056145181635,24.7));
#2103 = ( GEOMETRIC_REPRESENTATION_CONTEXT(2) 
PARAMETRIC_REPRESENTATION_CONTEXT() REPRESENTATION_CONTEXT('2D SPACE',''
  ) );
#2104 = PCURVE('',#2105,#2110);
#2105 = CYLINDRICAL_SURFACE('',#2106,3.3);
#2106 = AXIS2_PLACEMENT_3D('',#2107,#2108,#2109);
#2107 = CARTESIAN_POINT('',(-40.7882042068,-52.96456265829,119.));
#2108 = DIRECTION('',(-0.610145163901,-0.792289643355,2.22044604925E-16)
  );
#2109 = DIRECTION('',(-1.354794418654E-16,-1.75923640845E-16,-1.));
#2110 = DEFINITIONAL_REPRESENTATION('',(#2111),#2174);
#2111 = B_SPLINE_CURVE_WITH_KNOTS('',7,(#2112,#2113,#2114,#2115,#2116,
    #2117,#2118,#2119,#2120,#2121,#2122,#2123,#2124,#2125,#2126,#2127,
    #2128,#2129,#2130,#2131,#2132,#2133,#2134,#2135,#2136,#2137,#2138,
    #2139,#2140,#2141,#2142,#2143,#2144,#2145,#2146,#2147,#2148,#2149,
    #2150,#2151,#2152,#2153,#2154,#2155,#2156,#2157,#2158,#2159,#2160,
    #2161,#2162,#2163,#2164,#2165,#2166,#2167,#2168,#2169,#2170,#2171,
    #2172,#2173),.UNSPECIFIED.,.F.,.F.,(8,6,6,6,6,6,6,6,6,6,8),(0.,
    8.234479515821E-02,0.180750433067,0.344502006336,0.442272736063,
    0.531818636543,0.631500118498,0.750063713512,0.844378248316,
    0.948705789852,1.),.UNSPECIFIED.);
#2112 = CARTESIAN_POINT('',(0.,4.8));
#2113 = CARTESIAN_POINT('',(8.963061402517E-02,4.8));
#2114 = CARTESIAN_POINT('',(0.178360571629,4.798575818527));
#2115 = CARTESIAN_POINT('',(0.265858767427,4.795777082254));
#2116 = CARTESIAN_POINT('',(0.351766715959,4.791802532769));
#2117 = CARTESIAN_POINT('',(0.435661356029,4.78696404628));
#2118 = CARTESIAN_POINT('',(0.516993025798,4.781626137551));
#2119 = CARTESIAN_POINT('',(0.688218697709,4.7695420055));
#2120 = CARTESIAN_POINT('',(0.777872451821,4.76264098483));
#2121 = CARTESIAN_POINT('',(0.86453645196,4.755830500249));
#2122 = CARTESIAN_POINT('',(0.948673470426,4.749422187423));
#2123 = CARTESIAN_POINT('',(1.030695303591,4.743636175337));
#2124 = CARTESIAN_POINT('',(1.111001961924,4.738619427771));
#2125 = CARTESIAN_POINT('',(1.321449008226,4.72757302929));
#2126 = CARTESIAN_POINT('',(1.449255809936,4.723083276411));
#2127 = CARTESIAN_POINT('',(1.575383267505,4.721458416793));
#2128 = CARTESIAN_POINT('',(1.70137849649,4.722815512911));
#2129 = CARTESIAN_POINT('',(1.828775455208,4.727108912434));
#2130 = CARTESIAN_POINT('',(1.959115540969,4.73407124212));
#2131 = CARTESIAN_POINT('',(2.175166121405,4.748301524042));
#2132 = CARTESIAN_POINT('',(2.257940127219,4.754331871946));
#2133 = CARTESIAN_POINT('',(2.343009036564,4.760916614834));
#2134 = CARTESIAN_POINT('',(2.430674762769,4.767826673517));
#2135 = CARTESIAN_POINT('',(2.52129399199,4.774747079691));
#2136 = CARTESIAN_POINT('',(2.615277310246,4.781259836479));
#2137 = CARTESIAN_POINT('',(2.802872921556,4.792035940614));
#2138 = CARTESIAN_POINT('',(2.896567540004,4.796482932638));
#2139 = CARTESIAN_POINT('',(2.992701602854,4.799717715628));
#2140 = CARTESIAN_POINT('',(3.090107468901,4.801295019797));
#2141 = CARTESIAN_POINT('',(3.18778739447,4.801036529946));
#2142 = CARTESIAN_POINT('',(3.284702932101,4.79908042054));
#2143 = CARTESIAN_POINT('',(3.485221640466,4.792097414557));
#2144 = CARTESIAN_POINT('',(3.586889557831,4.786797999296));
#2145 = CARTESIAN_POINT('',(3.685048103954,4.780367198364));
#2146 = CARTESIAN_POINT('',(3.779948129216,4.773344667573));
#2147 = CARTESIAN_POINT('',(3.871737649163,4.766212101922));
#2148 = CARTESIAN_POINT('',(3.960444591104,4.759351119248));
#2149 = CARTESIAN_POINT('',(4.147740983116,4.745509784748));
#2150 = CARTESIAN_POINT('',(4.246082726611,4.738674413242));
#2151 = CARTESIAN_POINT('',(4.341847981356,4.732918445716));
#2152 = CARTESIAN_POINT('',(4.435708452716,4.728475237695));
#2153 = CARTESIAN_POINT('',(4.5283209552,4.725470038957));
#2154 = CARTESIAN_POINT('',(4.620315591176,4.723965238765));
#2155 = CARTESIAN_POINT('',(4.785631183187,4.723965238765));
#2156 = CARTESIAN_POINT('',(4.858849274966,4.724917501232));
#2157 = CARTESIAN_POINT('',(4.932372047774,4.726820721021));
#2158 = CARTESIAN_POINT('',(5.006519944933,4.729649722412));
#2159 = CARTESIAN_POINT('',(5.081610087062,4.733352914716));
#2160 = CARTESIAN_POINT('',(5.157973958769,4.737843080953));
#2161 = CARTESIAN_POINT('',(5.322283974123,4.748665444107));
#2162 = CARTESIAN_POINT('',(5.410954795094,4.755166017947));
#2163 = CARTESIAN_POINT('',(5.502308644351,4.762292404202));
#2164 = CARTESIAN_POINT('',(5.596671613898,4.769754028254));
#2165 = CARTESIAN_POINT('',(5.694450388873,4.777145806315));
#2166 = CARTESIAN_POINT('',(5.796121814715,4.783928345921));
#2167 = CARTESIAN_POINT('',(5.954632685105,4.79224221528));
#2168 = CARTESIAN_POINT('',(6.00793910003,4.794687938049));
#2169 = CARTESIAN_POINT('',(6.062076177156,4.796751538426));
#2170 = CARTESIAN_POINT('',(6.116845176424,4.7983582898));
#2171 = CARTESIAN_POINT('',(6.17206698406,4.799451875508));
#2172 = CARTESIAN_POINT('',(6.227571213645,4.8));
#2173 = CARTESIAN_POINT('',(6.28318530718,4.8));
#2174 = ( GEOMETRIC_REPRESENTATION_CONTEXT(2) 
PARAMETRIC_REPRESENTATION_CONTEXT() REPRESENTATION_CONTEXT('2D SPACE',''
  ) );
#2175 = FACE_BOUND('',#2176,.T.);
#2176 = EDGE_LOOP('',(#2177));
#2177 = ORIENTED_EDGE('',*,*,#2178,.F.);
#2178 = EDGE_CURVE('',#2179,#2179,#2181,.T.);
#2179 = VERTEX_POINT('',#2180);
#2180 = CARTESIAN_POINT('',(27.303692465497,-66.24372330832,115.7));
#2181 = SURFACE_CURVE('',#2182,(#2245,#2311),.PCURVE_S1.);
#2182 = B_SPLINE_CURVE_WITH_KNOTS('',7,(#2183,#2184,#2185,#2186,#2187,
    #2188,#2189,#2190,#2191,#2192,#2193,#2194,#2195,#2196,#2197,#2198,
    #2199,#2200,#2201,#2202,#2203,#2204,#2205,#2206,#2207,#2208,#2209,
    #2210,#2211,#2212,#2213,#2214,#2215,#2216,#2217,#2218,#2219,#2220,
    #2221,#2222,#2223,#2224,#2225,#2226,#2227,#2228,#2229,#2230,#2231,
    #2232,#2233,#2234,#2235,#2236,#2237,#2238,#2239,#2240,#2241,#2242,
    #2243,#2244),.UNSPECIFIED.,.T.,.F.,(8,6,6,6,6,6,6,6,6,6,8),(0.,
    8.234479259631E-02,0.180750426676,0.344501996833,0.442272722091,
    0.53181861862,0.631500098353,0.750063696519,0.844378236225,
    0.948705783183,1.),.UNSPECIFIED.);
#2183 = CARTESIAN_POINT('',(27.303692465497,-66.24372330832,115.7));
#2184 = CARTESIAN_POINT('',(27.577155637992,-66.13100992221,115.7));
#2185 = CARTESIAN_POINT('',(27.847328524274,-66.01811228253,
    115.73092944744));
#2186 = CARTESIAN_POINT('',(28.109629537631,-65.90697246005,
    115.79167027747));
#2187 = CARTESIAN_POINT('',(28.359782550974,-65.79956790814,
    115.87982272099));
#2188 = CARTESIAN_POINT('',(28.594099501832,-65.69775606555,
    115.99178587194));
#2189 = CARTESIAN_POINT('',(28.809704956264,-65.60311636446,
    116.12282239587));
#2190 = CARTESIAN_POINT('',(29.237733395327,-65.41362543152,
    116.43953425665));
#2191 = CARTESIAN_POINT('',(29.444290981923,-65.32102431181,
    116.63306979338));
#2192 = CARTESIAN_POINT('',(29.625044687624,-65.23915670924,
    116.84252679817));
#2193 = CARTESIAN_POINT('',(29.781038748736,-65.1679292895,
    117.06397456462));
#2194 = CARTESIAN_POINT('',(29.913406947267,-65.10711283551,
    117.29440531227));
#2195 = CARTESIAN_POINT('',(30.023178379442,-65.05644214218,
    117.53150291197));
#2196 = CARTESIAN_POINT('',(30.257603853208,-64.9478710181,
    118.17623147496));
#2197 = CARTESIAN_POINT('',(30.343717641525,-64.90752130608,
    118.59250709712));
#2198 = CARTESIAN_POINT('',(30.373411860004,-64.89352476461,
    119.01453334108));
#2199 = CARTESIAN_POINT('',(30.348080230007,-64.90543355988,
    119.43729888273));
#2200 = CARTESIAN_POINT('',(30.266949986169,-64.94351682653,
    119.85566246619));
#2201 = CARTESIAN_POINT('',(30.127183236618,-65.00865506143,
    120.26338671779));
#2202 = CARTESIAN_POINT('',(29.803020602854,-65.15765690019,
    120.88083418961));
#2203 = CARTESIAN_POINT('',(29.658935930563,-65.22356681271,
    121.1048344788));
#2204 = CARTESIAN_POINT('',(29.490968002517,-65.2999203331,
    121.31925130296));
#2205 = CARTESIAN_POINT('',(29.298200154546,-65.38684750832,
    121.52071445786));
#2206 = CARTESIAN_POINT('',(29.079901305865,-65.48430899464,
    121.70513999747));
#2207 = CARTESIAN_POINT('',(28.835729293842,-65.5919937109,
    121.86755504949));
#2208 = CARTESIAN_POINT('',(28.319203719676,-65.81654575215,
    122.1247241594));
#2209 = CARTESIAN_POINT('',(28.048976182444,-65.93273542516,
    122.22500337132));
#2210 = CARTESIAN_POINT('',(27.760977696936,-66.05493861478,
    122.29430006057));
#2211 = CARTESIAN_POINT('',(27.462314928765,-66.17974455569,
    122.32745462613));
#2212 = CARTESIAN_POINT('',(27.161044431787,-66.30363970817,
    122.32251597556));
#2213 = CARTESIAN_POINT('',(26.865387353061,-66.4233850111,
    122.28080237163));
#2214 = CARTESIAN_POINT('',(26.2681885689,-66.66197968496,
    122.12479791485));
#2215 = CARTESIAN_POINT('',(25.97408737186,-66.77746754058,
    122.00395436383));
#2216 = CARTESIAN_POINT('',(25.703765415158,-66.8819305799,
    121.85122654475));
#2217 = CARTESIAN_POINT('',(25.459265066962,-66.97511069799,
    121.67281166812));
#2218 = CARTESIAN_POINT('',(25.241684888208,-67.05707610902,
    121.47451633142));
#2219 = CARTESIAN_POINT('',(25.051292903896,-67.128129101,
    121.26182871705));
#2220 = CARTESIAN_POINT('',(24.692776589094,-67.26092791036,
    120.77598651706));
#2221 = CARTESIAN_POINT('',(24.533666266581,-67.31911523444,
    120.4962514832));
#2222 = CARTESIAN_POINT('',(24.408547650255,-67.3644596825,
    120.20599091877));
#2223 = CARTESIAN_POINT('',(24.315871073482,-67.39785238521,
    119.90883722961));
#2224 = CARTESIAN_POINT('',(24.254464602614,-67.41991184696,
    119.6074248641));
#2225 = CARTESIAN_POINT('',(24.223715959497,-67.43095791336,
    119.30384217667));
#2226 = CARTESIAN_POINT('',(24.223715959497,-67.43095791336,
    118.75830073075));
#2227 = CARTESIAN_POINT('',(24.243173780008,-67.4239679569,
    118.5166818537));
#2228 = CARTESIAN_POINT('',(24.28206471966,-67.40999681349,
    118.27617168033));
#2229 = CARTESIAN_POINT('',(24.340624065331,-67.38892027453,
    118.0378340055));
#2230 = CARTESIAN_POINT('',(24.419308029806,-67.36049450156,
    117.80290837057));
#2231 = CARTESIAN_POINT('',(24.518751020922,-67.32436367562,
    117.57295436976));
#2232 = CARTESIAN_POINT('',(24.773530188337,-67.23105687756,
    117.10337543337));
#2233 = CARTESIAN_POINT('',(24.934231108985,-67.17185183586,
    116.86429937179));
#2234 = CARTESIAN_POINT('',(25.122893180697,-67.1017989255,
    116.6363152573));
#2235 = CARTESIAN_POINT('',(25.340343566186,-67.02024292564,
    116.42374144423));
#2236 = CARTESIAN_POINT('',(25.587011231371,-66.92656888585,
    116.23177596758));
#2237 = CARTESIAN_POINT('',(25.862636371925,-66.82030047642,
    116.06671761003));
#2238 = CARTESIAN_POINT('',(26.314779038266,-66.64293309774,
    115.87230622522));
#2239 = CARTESIAN_POINT('',(26.47030998229,-66.58147319109,
    115.8166831425));
#2240 = CARTESIAN_POINT('',(26.631263638976,-66.51736489571,
    115.77079627176));
#2241 = CARTESIAN_POINT('',(26.796420137006,-66.45103018107,
    115.73563846418));
#2242 = CARTESIAN_POINT('',(26.964461269293,-66.38295145982,
    115.7119078558));
#2243 = CARTESIAN_POINT('',(27.134013748988,-66.31365982852,115.7));
#2244 = CARTESIAN_POINT('',(27.303692465497,-66.24372330832,115.7));
#2245 = PCURVE('',#31,#2246);
#2246 = DEFINITIONAL_REPRESENTATION('',(#2247),#2310);
#2247 = B_SPLINE_CURVE_WITH_KNOTS('',7,(#2248,#2249,#2250,#2251,#2252,
    #2253,#2254,#2255,#2256,#2257,#2258,#2259,#2260,#2261,#2262,#2263,
    #2264,#2265,#2266,#2267,#2268,#2269,#2270,#2271,#2272,#2273,#2274,
    #2275,#2276,#2277,#2278,#2279,#2280,#2281,#2282,#2283,#2284,#2285,
    #2286,#2287,#2288,#2289,#2290,#2291,#2292,#2293,#2294,#2295,#2296,
    #2297,#2298,#2299,#2300,#2301,#2302,#2303,#2304,#2305,#2306,#2307,
    #2308,#2309),.UNSPECIFIED.,.T.,.F.,(8,6,6,6,6,6,6,6,6,6,8),(0.,
    8.234479259631E-02,0.180750426676,0.344501996833,0.442272722091,
    0.53181861862,0.631500098353,0.750063696519,0.844378236225,
    0.948705783183,1.),.UNSPECIFIED.);
#2248 = CARTESIAN_POINT('',(5.103342732831,24.7));
#2249 = CARTESIAN_POINT('',(5.107470869941,24.7));
#2250 = CARTESIAN_POINT('',(5.111557530413,24.730929447449));
#2251 = CARTESIAN_POINT('',(5.115533380489,24.79167027747));
#2252 = CARTESIAN_POINT('',(5.119332831987,24.879822720997));
#2253 = CARTESIAN_POINT('',(5.122898458355,24.99178587194));
#2254 = CARTESIAN_POINT('',(5.12618472366,25.122822395876));
#2255 = CARTESIAN_POINT('',(5.132717834354,25.439534256658));
#2256 = CARTESIAN_POINT('',(5.135877112637,25.633069793387));
#2257 = CARTESIAN_POINT('',(5.138646511468,25.842526798179));
#2258 = CARTESIAN_POINT('',(5.141039884289,26.063974564622));
#2259 = CARTESIAN_POINT('',(5.143072967465,26.294405312277));
#2260 = CARTESIAN_POINT('',(5.144760362781,26.531502911976));
#2261 = CARTESIAN_POINT('',(5.148366038292,27.176231474969));
#2262 = CARTESIAN_POINT('',(5.149693286883,27.592507097125));
#2263 = CARTESIAN_POINT('',(5.150151459149,28.014533341081));
#2264 = CARTESIAN_POINT('',(5.149760791197,28.437298882733));
#2265 = CARTESIAN_POINT('',(5.148509926283,28.855662466196));
#2266 = CARTESIAN_POINT('',(5.146357823151,29.263386717797));
#2267 = CARTESIAN_POINT('',(5.14137851573,29.880834189614));
#2268 = CARTESIAN_POINT('',(5.139167158244,30.104834478805));
#2269 = CARTESIAN_POINT('',(5.136592045972,30.319251302967));
#2270 = CARTESIAN_POINT('',(5.133640767093,30.520714457869));
#2271 = CARTESIAN_POINT('',(5.130304217426,30.705139997473));
#2272 = CARTESIAN_POINT('',(5.126579730467,30.867555049498));
#2273 = CARTESIAN_POINT('',(5.118718950285,31.124724159401));
#2274 = CARTESIAN_POINT('',(5.114613638392,31.225003371321));
#2275 = CARTESIAN_POINT('',(5.110247325226,31.294300060578));
#2276 = CARTESIAN_POINT('',(5.105729774679,31.327454626132));
#2277 = CARTESIAN_POINT('',(5.101183460774,31.322515975568));
#2278 = CARTESIAN_POINT('',(5.096731506678,31.28080237163));
#2279 = CARTESIAN_POINT('',(5.087755972238,31.124797914856));
#2280 = CARTESIAN_POINT('',(5.08334623028,31.003954363833));
#2281 = CARTESIAN_POINT('',(5.079301596704,30.851226544757));
#2282 = CARTESIAN_POINT('',(5.075649811504,30.672811668128));
#2283 = CARTESIAN_POINT('',(5.072404800602,30.474516331425));
#2284 = CARTESIAN_POINT('',(5.069568546686,30.261828717051));
#2285 = CARTESIAN_POINT('',(5.064232591863,29.775986517064));
#2286 = CARTESIAN_POINT('',(5.061868114873,29.496251483206));
#2287 = CARTESIAN_POINT('',(5.060010732951,29.205990918772));
#2288 = CARTESIAN_POINT('',(5.058635870166,28.908837229617));
#2289 = CARTESIAN_POINT('',(5.057725213259,28.607424864106));
#2290 = CARTESIAN_POINT('',(5.057269211375,28.303842176675));
#2291 = CARTESIAN_POINT('',(5.057269211375,27.758300730752));
#2292 = CARTESIAN_POINT('',(5.057557770482,27.516681853705));
#2293 = CARTESIAN_POINT('',(5.058134522675,27.27617168033));
#2294 = CARTESIAN_POINT('',(5.059003144925,27.037834005504));
#2295 = CARTESIAN_POINT('',(5.060170779709,26.802908370573));
#2296 = CARTESIAN_POINT('',(5.061647443911,26.572954369769));
#2297 = CARTESIAN_POINT('',(5.065434288929,26.103375433372));
#2298 = CARTESIAN_POINT('',(5.067824516268,25.864299371799));
#2299 = CARTESIAN_POINT('',(5.070633266442,25.6363152573));
#2300 = CARTESIAN_POINT('',(5.073874562627,25.423741444233));
#2301 = CARTESIAN_POINT('',(5.077557059631,25.231775967587));
#2302 = CARTESIAN_POINT('',(5.081679832824,25.066717610037));
#2303 = CARTESIAN_POINT('',(5.088458441688,24.87230622522));
#2304 = CARTESIAN_POINT('',(5.090792474432,24.816683142503));
#2305 = CARTESIAN_POINT('',(5.093210479399,24.770796271761));
#2306 = CARTESIAN_POINT('',(5.095694482933,24.735638464185));
#2307 = CARTESIAN_POINT('',(5.09822493011,24.711907855806));
#2308 = CARTESIAN_POINT('',(5.100781301981,24.7));
#2309 = CARTESIAN_POINT('',(5.103342732831,24.7));
#2310 = ( GEOMETRIC_REPRESENTATION_CONTEXT(2) 
PARAMETRIC_REPRESENTATION_CONTEXT() REPRESENTATION_CONTEXT('2D SPACE',''
  ) );
#2311 = PCURVE('',#2312,#2317);
#2312 = CYLINDRICAL_SURFACE('',#2313,3.3);
#2313 = AXIS2_PLACEMENT_3D('',#2314,#2315,#2316);
#2314 = CARTESIAN_POINT('',(25.474554659016,-61.80590234698,119.));
#2315 = DIRECTION('',(0.38107037635,-0.924546033612,2.22044604925E-16));
#2316 = DIRECTION('',(8.461462116533E-17,-2.052904587685E-16,-1.));
#2317 = DEFINITIONAL_REPRESENTATION('',(#2318),#2381);
#2318 = B_SPLINE_CURVE_WITH_KNOTS('',7,(#2319,#2320,#2321,#2322,#2323,
    #2324,#2325,#2326,#2327,#2328,#2329,#2330,#2331,#2332,#2333,#2334,
    #2335,#2336,#2337,#2338,#2339,#2340,#2341,#2342,#2343,#2344,#2345,
    #2346,#2347,#2348,#2349,#2350,#2351,#2352,#2353,#2354,#2355,#2356,
    #2357,#2358,#2359,#2360,#2361,#2362,#2363,#2364,#2365,#2366,#2367,
    #2368,#2369,#2370,#2371,#2372,#2373,#2374,#2375,#2376,#2377,#2378,
    #2379,#2380),.UNSPECIFIED.,.F.,.F.,(8,6,6,6,6,6,6,6,6,6,8),(0.,
    8.234479259631E-02,0.180750426676,0.344501996833,0.442272722091,
    0.53181861862,0.631500098353,0.750063696519,0.844378236225,
    0.948705783183,1.),.UNSPECIFIED.);
#2319 = CARTESIAN_POINT('',(0.,4.8));
#2320 = CARTESIAN_POINT('',(8.963061331291E-02,4.8));
#2321 = CARTESIAN_POINT('',(0.178360573472,4.798575818484));
#2322 = CARTESIAN_POINT('',(0.265858766319,4.795777082311));
#2323 = CARTESIAN_POINT('',(0.35176671477,4.791802532794));
#2324 = CARTESIAN_POINT('',(0.435661357771,4.786964046197));
#2325 = CARTESIAN_POINT('',(0.516993025189,4.781626137594));
#2326 = CARTESIAN_POINT('',(0.688218697709,4.7695420055));
#2327 = CARTESIAN_POINT('',(0.777872451821,4.76264098483));
#2328 = CARTESIAN_POINT('',(0.86453645196,4.755830500249));
#2329 = CARTESIAN_POINT('',(0.948673470426,4.749422187423));
#2330 = CARTESIAN_POINT('',(1.030695303591,4.743636175337));
#2331 = CARTESIAN_POINT('',(1.111001961924,4.738619427771));
#2332 = CARTESIAN_POINT('',(1.321449010845,4.727573029152));
#2333 = CARTESIAN_POINT('',(1.44925579911,4.723083276668));
#2334 = CARTESIAN_POINT('',(1.575383288457,4.721458416783));
#2335 = CARTESIAN_POINT('',(1.701378473457,4.722815512435));
#2336 = CARTESIAN_POINT('',(1.828775469032,4.727108913009));
#2337 = CARTESIAN_POINT('',(1.95911553721,4.734071241872));
#2338 = CARTESIAN_POINT('',(2.175166121491,4.748301524047));
#2339 = CARTESIAN_POINT('',(2.257940127222,4.754331871947));
#2340 = CARTESIAN_POINT('',(2.343009036491,4.760916614828));
#2341 = CARTESIAN_POINT('',(2.430674762707,4.767826673512));
#2342 = CARTESIAN_POINT('',(2.521293992004,4.774747079694));
#2343 = CARTESIAN_POINT('',(2.61527731033,4.781259836484));
#2344 = CARTESIAN_POINT('',(2.802872921622,4.792035940618));
#2345 = CARTESIAN_POINT('',(2.896567539936,4.796482932632));
#2346 = CARTESIAN_POINT('',(2.992701602802,4.79971771563));
#2347 = CARTESIAN_POINT('',(3.090107468956,4.8012950198));
#2348 = CARTESIAN_POINT('',(3.187787394535,4.801036529941));
#2349 = CARTESIAN_POINT('',(3.284702932034,4.799080420543));
#2350 = CARTESIAN_POINT('',(3.485221642844,4.792097414474));
#2351 = CARTESIAN_POINT('',(3.586889552265,4.786797999473));
#2352 = CARTESIAN_POINT('',(3.685048107704,4.780367198356));
#2353 = CARTESIAN_POINT('',(3.779948131464,4.773344667242));
#2354 = CARTESIAN_POINT('',(3.871737644685,4.766212102299));
#2355 = CARTESIAN_POINT('',(3.960444593078,4.759351119102));
#2356 = CARTESIAN_POINT('',(4.147740985741,4.745509784554));
#2357 = CARTESIAN_POINT('',(4.246082720522,4.738674413758));
#2358 = CARTESIAN_POINT('',(4.341847985255,4.732918445142));
#2359 = CARTESIAN_POINT('',(4.435708455648,4.728475237993));
#2360 = CARTESIAN_POINT('',(4.528320949846,4.725470038899));
#2361 = CARTESIAN_POINT('',(4.620315593514,4.723965238765));
#2362 = CARTESIAN_POINT('',(4.785631183187,4.723965238765));
#2363 = CARTESIAN_POINT('',(4.858849274966,4.724917501232));
#2364 = CARTESIAN_POINT('',(4.932372047775,4.726820721021));
#2365 = CARTESIAN_POINT('',(5.006519944933,4.729649722412));
#2366 = CARTESIAN_POINT('',(5.081610087062,4.733352914716));
#2367 = CARTESIAN_POINT('',(5.157973958769,4.737843080953));
#2368 = CARTESIAN_POINT('',(5.322283974123,4.748665444107));
#2369 = CARTESIAN_POINT('',(5.410954795094,4.755166017947));
#2370 = CARTESIAN_POINT('',(5.502308644351,4.762292404201));
#2371 = CARTESIAN_POINT('',(5.596671613898,4.769754028254));
#2372 = CARTESIAN_POINT('',(5.694450388873,4.777145806314));
#2373 = CARTESIAN_POINT('',(5.796121814715,4.783928345921));
#2374 = CARTESIAN_POINT('',(5.954632689183,4.792242215494));
#2375 = CARTESIAN_POINT('',(6.007939095923,4.794687937954));
#2376 = CARTESIAN_POINT('',(6.062076173737,4.796751538259));
#2377 = CARTESIAN_POINT('',(6.116845179531,4.798358289809));
#2378 = CARTESIAN_POINT('',(6.172066988283,4.799451875635));
#2379 = CARTESIAN_POINT('',(6.227571210085,4.8));
#2380 = CARTESIAN_POINT('',(6.28318530718,4.8));
#2381 = ( GEOMETRIC_REPRESENTATION_CONTEXT(2) 
PARAMETRIC_REPRESENTATION_CONTEXT() REPRESENTATION_CONTEXT('2D SPACE',''
  ) );
#2382 = FACE_BOUND('',#2383,.T.);
#2383 = EDGE_LOOP('',(#2384));
#2384 = ORIENTED_EDGE('',*,*,#2385,.F.);
#2385 = EDGE_CURVE('',#2386,#2386,#2388,.T.);
#2386 = VERTEX_POINT('',#2387);
#2387 = CARTESIAN_POINT('',(71.020593459023,-9.476170361923,115.7));
#2388 = SURFACE_CURVE('',#2389,(#2452,#2518),.PCURVE_S1.);
#2389 = B_SPLINE_CURVE_WITH_KNOTS('',7,(#2390,#2391,#2392,#2393,#2394,
    #2395,#2396,#2397,#2398,#2399,#2400,#2401,#2402,#2403,#2404,#2405,
    #2406,#2407,#2408,#2409,#2410,#2411,#2412,#2413,#2414,#2415,#2416,
    #2417,#2418,#2419,#2420,#2421,#2422,#2423,#2424,#2425,#2426,#2427,
    #2428,#2429,#2430,#2431,#2432,#2433,#2434,#2435,#2436,#2437,#2438,
    #2439,#2440,#2441,#2442,#2443,#2444,#2445,#2446,#2447,#2448,#2449,
    #2450,#2451),.UNSPECIFIED.,.T.,.F.,(8,6,6,6,6,6,6,6,6,6,8),(0.,
    8.234479379734E-02,0.180750429414,0.344502002129,0.442272728809,
    0.531818625308,0.631500103606,0.750063700084,0.844378238447,
    0.948705783919,1.),.UNSPECIFIED.);
#2390 = CARTESIAN_POINT('',(71.020593459023,-9.476170361923,115.7));
#2391 = CARTESIAN_POINT('',(71.059712389583,-9.182987614278,115.7));
#2392 = CARTESIAN_POINT('',(71.097026608711,-8.892562211658,
    115.73092944749));
#2393 = CARTESIAN_POINT('',(71.131927205723,-8.609832959636,
    115.79167027746));
#2394 = CARTESIAN_POINT('',(71.163988641961,-8.339491819325,
    115.8798227209));
#2395 = CARTESIAN_POINT('',(71.192975475321,-8.085661465843,
    115.99178587188));
#2396 = CARTESIAN_POINT('',(71.218817817206,-7.851621814352,
    116.12282239602));
#2397 = CARTESIAN_POINT('',(71.268728075,-7.38619284633,116.43953425665)
  );
#2398 = CARTESIAN_POINT('',(71.291811946214,-7.16100816914,
    116.63306979338));
#2399 = CARTESIAN_POINT('',(71.31128937549,-6.963537066891,
    116.84252679817));
#2400 = CARTESIAN_POINT('',(71.327601651108,-6.792828537259,
    117.06397456462));
#2401 = CARTESIAN_POINT('',(71.341117156248,-6.647786087681,
    117.29440531227));
#2402 = CARTESIAN_POINT('',(71.352120764685,-6.527385892144,
    117.53150291197));
#2403 = CARTESIAN_POINT('',(71.375308149998,-6.270081914529,
    118.17623147496));
#2404 = CARTESIAN_POINT('',(71.38342116851,-6.175330330218,
    118.59250709712));
#2405 = CARTESIAN_POINT('',(71.386146917275,-6.142616111938,
    119.01453334108));
#2406 = CARTESIAN_POINT('',(71.383794421506,-6.170508344668,
    119.43729888273));
#2407 = CARTESIAN_POINT('',(71.376210375964,-6.25981083017,
    119.85566246619));
#2408 = CARTESIAN_POINT('',(71.362738367371,-6.413421503337,
    120.26338671779));
#2409 = CARTESIAN_POINT('',(71.329696428075,-6.768655498371,
    120.88083418936));
#2410 = CARTESIAN_POINT('',(71.314733750525,-6.926391441222,
    121.10483447882));
#2411 = CARTESIAN_POINT('',(71.296873874817,-7.110032694329,
    121.31925130316));
#2412 = CARTESIAN_POINT('',(71.275771092841,-7.320438135348,
    121.52071445797));
#2413 = CARTESIAN_POINT('',(71.251025791561,-7.558221226884,
    121.70513999739));
#2414 = CARTESIAN_POINT('',(71.222197485466,-7.823522750083,
    121.86755504938));
#2415 = CARTESIAN_POINT('',(71.158402470976,-8.383123036138,
    122.12472415767));
#2416 = CARTESIAN_POINT('',(71.123911909217,-8.675241798081,
    122.22500337342));
#2417 = CARTESIAN_POINT('',(71.085743735153,-8.985757381705,
    122.29430006107));
#2418 = CARTESIAN_POINT('',(71.044497466298,-9.306809896945,
    122.32745462457));
#2419 = CARTESIAN_POINT('',(71.001158565175,-9.629665392952,
    122.32251597517));
#2420 = CARTESIAN_POINT('',(70.957032502114,-9.945584571023,
    122.28080237267));
#2421 = CARTESIAN_POINT('',(70.86506215819,-10.58207123045,
    122.12479791484));
#2422 = CARTESIAN_POINT('',(70.818026976466,-10.89451426615,
    122.00395436382));
#2423 = CARTESIAN_POINT('',(70.773333643926,-11.18085146747,
    121.85122654476));
#2424 = CARTESIAN_POINT('',(70.731779819221,-11.43918503929,
    121.67281166815));
#2425 = CARTESIAN_POINT('',(70.693973858022,-11.668597707,
    121.47451633143));
#2426 = CARTESIAN_POINT('',(70.660311561939,-11.86900849811,
    121.26182871701));
#2427 = CARTESIAN_POINT('',(70.59606054704,-12.24589213905,
    120.77598651706));
#2428 = CARTESIAN_POINT('',(70.566897086615,-12.41277938239,
    120.4962514832));
#2429 = CARTESIAN_POINT('',(70.543607222389,-12.54380750664,
    120.20599091877));
#2430 = CARTESIAN_POINT('',(70.526187862848,-12.64076412782,
    119.90883722961));
#2431 = CARTESIAN_POINT('',(70.514588681689,-12.70497342243,
    119.6074248641));
#2432 = CARTESIAN_POINT('',(70.508780534239,-12.73712556169,
    119.30384217667));
#2433 = CARTESIAN_POINT('',(70.508780534239,-12.73712556169,
    118.75830073075));
#2434 = CARTESIAN_POINT('',(70.512455964631,-12.7167796166,
    118.5166818537));
#2435 = CARTESIAN_POINT('',(70.519802069347,-12.67611350318,
    118.27617168033));
#2436 = CARTESIAN_POINT('',(70.530828924015,-12.61486135272,
    118.0378340055));
#2437 = CARTESIAN_POINT('',(70.545553464739,-12.53250615413,
    117.80290837057));
#2438 = CARTESIAN_POINT('',(70.563984747174,-12.42832058462,
    117.57295436976));
#2439 = CARTESIAN_POINT('',(70.610568273412,-12.16102195426,
    117.10337543337));
#2440 = CARTESIAN_POINT('',(70.639645663595,-11.99224835371,
    116.86429937179));
#2441 = CARTESIAN_POINT('',(70.67330909947,-11.7938357517,116.6363152573
    ));
#2442 = CARTESIAN_POINT('',(70.711404724509,-11.56474019388,
    116.42374144423));
#2443 = CARTESIAN_POINT('',(70.753614458964,-11.30428270964,
    116.23177596758));
#2444 = CARTESIAN_POINT('',(70.799395887055,-11.01245013128,
    116.06671761003));
#2445 = CARTESIAN_POINT('',(70.871862564481,-10.53219940677,
    115.87230622522));
#2446 = CARTESIAN_POINT('',(70.896402196031,-10.36677570481,
    115.8166831425));
#2447 = CARTESIAN_POINT('',(70.921359611974,-10.1953316016,
    115.77079627175));
#2448 = CARTESIAN_POINT('',(70.946490312954,-10.01913452142,
    115.73563846418));
#2449 = CARTESIAN_POINT('',(70.971552977044,-9.839567271366,
    115.71190785581));
#2450 = CARTESIAN_POINT('',(70.996320903919,-9.658084700985,115.7));
#2451 = CARTESIAN_POINT('',(71.020593459023,-9.476170361923,115.7));
#2452 = PCURVE('',#31,#2453);
#2453 = DEFINITIONAL_REPRESENTATION('',(#2454),#2517);
#2454 = B_SPLINE_CURVE_WITH_KNOTS('',7,(#2455,#2456,#2457,#2458,#2459,
    #2460,#2461,#2462,#2463,#2464,#2465,#2466,#2467,#2468,#2469,#2470,
    #2471,#2472,#2473,#2474,#2475,#2476,#2477,#2478,#2479,#2480,#2481,
    #2482,#2483,#2484,#2485,#2486,#2487,#2488,#2489,#2490,#2491,#2492,
    #2493,#2494,#2495,#2496,#2497,#2498,#2499,#2500,#2501,#2502,#2503,
    #2504,#2505,#2506,#2507,#2508,#2509,#2510,#2511,#2512,#2513,#2514,
    #2515,#2516),.UNSPECIFIED.,.T.,.F.,(8,6,6,6,6,6,6,6,6,6,8),(0.,
    8.234479379734E-02,0.180750429414,0.344502002129,0.442272728809,
    0.531818625308,0.631500103606,0.750063700084,0.844378238447,
    0.948705783919,1.),.UNSPECIFIED.);
#2455 = CARTESIAN_POINT('',(6.150540284028,24.7));
#2456 = CARTESIAN_POINT('',(6.154668421141,24.7));
#2457 = CARTESIAN_POINT('',(6.15875508161,24.730929447493));
#2458 = CARTESIAN_POINT('',(6.162730931683,24.791670277463));
#2459 = CARTESIAN_POINT('',(6.16653038318,24.879822720902));
#2460 = CARTESIAN_POINT('',(6.170096009552,24.991785871887));
#2461 = CARTESIAN_POINT('',(6.17338227486,25.122822396026));
#2462 = CARTESIAN_POINT('',(6.179915385551,25.439534256658));
#2463 = CARTESIAN_POINT('',(6.183074663834,25.633069793387));
#2464 = CARTESIAN_POINT('',(6.185844062664,25.842526798179));
#2465 = CARTESIAN_POINT('',(6.188237435486,26.063974564622));
#2466 = CARTESIAN_POINT('',(6.190270518661,26.294405312277));
#2467 = CARTESIAN_POINT('',(6.191957913978,26.531502911976));
#2468 = CARTESIAN_POINT('',(6.195563589488,27.176231474969));
#2469 = CARTESIAN_POINT('',(6.196890838079,27.592507097125));
#2470 = CARTESIAN_POINT('',(6.197349010345,28.014533341081));
#2471 = CARTESIAN_POINT('',(6.196958342393,28.437298882733));
#2472 = CARTESIAN_POINT('',(6.195707477479,28.855662466196));
#2473 = CARTESIAN_POINT('',(6.193555374348,29.263386717797));
#2474 = CARTESIAN_POINT('',(6.188576066929,29.880834189367));
#2475 = CARTESIAN_POINT('',(6.186364709441,30.104834478825));
#2476 = CARTESIAN_POINT('',(6.183789597166,30.319251303166));
#2477 = CARTESIAN_POINT('',(6.180838318287,30.520714457979));
#2478 = CARTESIAN_POINT('',(6.177501768623,30.705139997398));
#2479 = CARTESIAN_POINT('',(6.173777281667,30.867555049382));
#2480 = CARTESIAN_POINT('',(6.165916501534,31.124724157675));
#2481 = CARTESIAN_POINT('',(6.161811189453,31.225003373421));
#2482 = CARTESIAN_POINT('',(6.157444876511,31.294300061073));
#2483 = CARTESIAN_POINT('',(6.152927325958,31.327454624577));
#2484 = CARTESIAN_POINT('',(6.148381011828,31.322515975177));
#2485 = CARTESIAN_POINT('',(6.143929057935,31.280802372676));
#2486 = CARTESIAN_POINT('',(6.134953523434,31.124797914846));
#2487 = CARTESIAN_POINT('',(6.130543781477,31.00395436382));
#2488 = CARTESIAN_POINT('',(6.126499147901,30.851226544769));
#2489 = CARTESIAN_POINT('',(6.122847362701,30.672811668154));
#2490 = CARTESIAN_POINT('',(6.119602351799,30.47451633143));
#2491 = CARTESIAN_POINT('',(6.116766097882,30.261828717016));
#2492 = CARTESIAN_POINT('',(6.111430143059,29.775986517064));
#2493 = CARTESIAN_POINT('',(6.10906566607,29.496251483206));
#2494 = CARTESIAN_POINT('',(6.107208284148,29.205990918772));
#2495 = CARTESIAN_POINT('',(6.105833421362,28.908837229616));
#2496 = CARTESIAN_POINT('',(6.104922764456,28.607424864107));
#2497 = CARTESIAN_POINT('',(6.104466762571,28.303842176675));
#2498 = CARTESIAN_POINT('',(6.104466762571,27.758300730752));
#2499 = CARTESIAN_POINT('',(6.104755321679,27.516681853705));
#2500 = CARTESIAN_POINT('',(6.105332073871,27.27617168033));
#2501 = CARTESIAN_POINT('',(6.106200696122,27.037834005504));
#2502 = CARTESIAN_POINT('',(6.107368330905,26.802908370573));
#2503 = CARTESIAN_POINT('',(6.108844995107,26.572954369769));
#2504 = CARTESIAN_POINT('',(6.112631840126,26.103375433372));
#2505 = CARTESIAN_POINT('',(6.115022067464,25.864299371799));
#2506 = CARTESIAN_POINT('',(6.117830817639,25.636315257301));
#2507 = CARTESIAN_POINT('',(6.121072113823,25.423741444233));
#2508 = CARTESIAN_POINT('',(6.124754610828,25.231775967586));
#2509 = CARTESIAN_POINT('',(6.128877384021,25.066717610038));
#2510 = CARTESIAN_POINT('',(6.135655992884,24.872306225228));
#2511 = CARTESIAN_POINT('',(6.137990025629,24.8166831425));
#2512 = CARTESIAN_POINT('',(6.140408030596,24.770796271755));
#2513 = CARTESIAN_POINT('',(6.14289203413,24.735638464186));
#2514 = CARTESIAN_POINT('',(6.145422481306,24.711907855811));
#2515 = CARTESIAN_POINT('',(6.147978853178,24.7));
#2516 = CARTESIAN_POINT('',(6.150540284028,24.7));
#2517 = ( GEOMETRIC_REPRESENTATION_CONTEXT(2) 
PARAMETRIC_REPRESENTATION_CONTEXT() REPRESENTATION_CONTEXT('2D SPACE',''
  ) );
#2518 = PCURVE('',#2519,#2524);
#2519 = CYLINDRICAL_SURFACE('',#2520,3.3);
#2520 = AXIS2_PLACEMENT_3D('',#2521,#2522,#2523);
#2521 = CARTESIAN_POINT('',(66.262758865816,-8.841339688689,119.));
#2522 = DIRECTION('',(0.991215540252,-0.132256390257,2.22044604925E-16)
  );
#2523 = DIRECTION('',(2.200940630307E-16,-2.936681792345E-17,-1.));
#2524 = DEFINITIONAL_REPRESENTATION('',(#2525),#2588);
#2525 = B_SPLINE_CURVE_WITH_KNOTS('',7,(#2526,#2527,#2528,#2529,#2530,
    #2531,#2532,#2533,#2534,#2535,#2536,#2537,#2538,#2539,#2540,#2541,
    #2542,#2543,#2544,#2545,#2546,#2547,#2548,#2549,#2550,#2551,#2552,
    #2553,#2554,#2555,#2556,#2557,#2558,#2559,#2560,#2561,#2562,#2563,
    #2564,#2565,#2566,#2567,#2568,#2569,#2570,#2571,#2572,#2573,#2574,
    #2575,#2576,#2577,#2578,#2579,#2580,#2581,#2582,#2583,#2584,#2585,
    #2586,#2587),.UNSPECIFIED.,.F.,.F.,(8,6,6,6,6,6,6,6,6,6,8),(0.,
    8.234479379734E-02,0.180750429414,0.344502002129,0.442272728809,
    0.531818625308,0.631500103606,0.750063700084,0.844378238447,
    0.948705783919,1.),.UNSPECIFIED.);
#2526 = CARTESIAN_POINT('',(0.,4.8));
#2527 = CARTESIAN_POINT('',(8.963061337738E-02,4.8));
#2528 = CARTESIAN_POINT('',(0.178360573488,4.798575818482));
#2529 = CARTESIAN_POINT('',(0.265858766272,4.795777082312));
#2530 = CARTESIAN_POINT('',(0.351766714706,4.791802532798));
#2531 = CARTESIAN_POINT('',(0.435661357764,4.786964046199));
#2532 = CARTESIAN_POINT('',(0.51699302527,4.781626137588));
#2533 = CARTESIAN_POINT('',(0.688218697709,4.7695420055));
#2534 = CARTESIAN_POINT('',(0.777872451821,4.76264098483));
#2535 = CARTESIAN_POINT('',(0.86453645196,4.755830500249));
#2536 = CARTESIAN_POINT('',(0.948673470426,4.749422187423));
#2537 = CARTESIAN_POINT('',(1.030695303591,4.743636175337));
#2538 = CARTESIAN_POINT('',(1.111001961924,4.738619427771));
#2539 = CARTESIAN_POINT('',(1.321449010845,4.727573029152));
#2540 = CARTESIAN_POINT('',(1.44925579911,4.723083276668));
#2541 = CARTESIAN_POINT('',(1.575383288457,4.721458416783));
#2542 = CARTESIAN_POINT('',(1.701378473457,4.722815512435));
#2543 = CARTESIAN_POINT('',(1.828775469032,4.727108913009));
#2544 = CARTESIAN_POINT('',(1.95911553721,4.734071241872));
#2545 = CARTESIAN_POINT('',(2.175166121405,4.748301524042));
#2546 = CARTESIAN_POINT('',(2.257940127219,4.754331871945));
#2547 = CARTESIAN_POINT('',(2.343009036564,4.760916614835));
#2548 = CARTESIAN_POINT('',(2.430674762768,4.767826673517));
#2549 = CARTESIAN_POINT('',(2.52129399199,4.774747079691));
#2550 = CARTESIAN_POINT('',(2.615277310245,4.781259836479));
#2551 = CARTESIAN_POINT('',(2.802872920363,4.792035940546));
#2552 = CARTESIAN_POINT('',(2.896567543065,4.796482932719));
#2553 = CARTESIAN_POINT('',(2.992701600835,4.799717715653));
#2554 = CARTESIAN_POINT('',(3.090107467054,4.801295019735));
#2555 = CARTESIAN_POINT('',(3.187787397744,4.801036529921));
#2556 = CARTESIAN_POINT('',(3.28470293069,4.79908042059));
#2557 = CARTESIAN_POINT('',(3.485221642857,4.792097414473));
#2558 = CARTESIAN_POINT('',(3.586889552268,4.786797999472));
#2559 = CARTESIAN_POINT('',(3.685048107693,4.780367198357));
#2560 = CARTESIAN_POINT('',(3.779948131454,4.773344667243));
#2561 = CARTESIAN_POINT('',(3.871737644684,4.766212102299));
#2562 = CARTESIAN_POINT('',(3.960444593092,4.759351119101));
#2563 = CARTESIAN_POINT('',(4.147740985741,4.745509784554));
#2564 = CARTESIAN_POINT('',(4.246082720522,4.738674413758));
#2565 = CARTESIAN_POINT('',(4.341847985254,4.732918445142));
#2566 = CARTESIAN_POINT('',(4.435708455649,4.728475237992));
#2567 = CARTESIAN_POINT('',(4.528320949845,4.725470038899));
#2568 = CARTESIAN_POINT('',(4.620315593514,4.723965238765));
#2569 = CARTESIAN_POINT('',(4.785631183187,4.723965238765));
#2570 = CARTESIAN_POINT('',(4.858849274966,4.724917501232));
#2571 = CARTESIAN_POINT('',(4.932372047774,4.726820721021));
#2572 = CARTESIAN_POINT('',(5.006519944933,4.729649722412));
#2573 = CARTESIAN_POINT('',(5.081610087062,4.733352914716));
#2574 = CARTESIAN_POINT('',(5.157973958769,4.737843080953));
#2575 = CARTESIAN_POINT('',(5.322283974123,4.748665444107));
#2576 = CARTESIAN_POINT('',(5.410954795094,4.755166017947));
#2577 = CARTESIAN_POINT('',(5.502308644351,4.762292404201));
#2578 = CARTESIAN_POINT('',(5.596671613898,4.769754028254));
#2579 = CARTESIAN_POINT('',(5.694450388873,4.777145806314));
#2580 = CARTESIAN_POINT('',(5.796121814715,4.783928345921));
#2581 = CARTESIAN_POINT('',(5.954632689176,4.792242215494));
#2582 = CARTESIAN_POINT('',(6.007939095929,4.794687937954));
#2583 = CARTESIAN_POINT('',(6.062076173743,4.796751538259));
#2584 = CARTESIAN_POINT('',(6.116845179526,4.798358289809));
#2585 = CARTESIAN_POINT('',(6.172066988276,4.799451875635));
#2586 = CARTESIAN_POINT('',(6.227571210091,4.8));
#2587 = CARTESIAN_POINT('',(6.28318530718,4.8));
#2588 = ( GEOMETRIC_REPRESENTATION_CONTEXT(2) 
PARAMETRIC_REPRESENTATION_CONTEXT() REPRESENTATION_CONTEXT('2D SPACE',''
  ) );
#2589 = ADVANCED_FACE('',(#2590,#2593),#43,.T.);
#2590 = FACE_BOUND('',#2591,.T.);
#2591 = EDGE_LOOP('',(#2592));
#2592 = ORIENTED_EDGE('',*,*,#21,.T.);
#2593 = FACE_BOUND('',#2594,.T.);
#2594 = EDGE_LOOP('',(#2595));
#2595 = ORIENTED_EDGE('',*,*,#2596,.F.);
#2596 = EDGE_CURVE('',#2597,#2597,#2599,.T.);
#2597 = VERTEX_POINT('',#2598);
#2598 = CARTESIAN_POINT('',(70.85,-1.735324514392E-14,126.));
#2599 = SURFACE_CURVE('',#2600,(#2605,#2612),.PCURVE_S1.);
#2600 = CIRCLE('',#2601,70.85);
#2601 = AXIS2_PLACEMENT_3D('',#2602,#2603,#2604);
#2602 = CARTESIAN_POINT('',(0.,0.,126.));
#2603 = DIRECTION('',(0.,0.,1.));
#2604 = DIRECTION('',(1.,0.,0.));
#2605 = PCURVE('',#43,#2606);
#2606 = DEFINITIONAL_REPRESENTATION('',(#2607),#2611);
#2607 = CIRCLE('',#2608,70.85);
#2608 = AXIS2_PLACEMENT_2D('',#2609,#2610);
#2609 = CARTESIAN_POINT('',(0.,0.));
#2610 = DIRECTION('',(1.,0.));
#2611 = ( GEOMETRIC_REPRESENTATION_CONTEXT(2) 
PARAMETRIC_REPRESENTATION_CONTEXT() REPRESENTATION_CONTEXT('2D SPACE',''
  ) );
#2612 = PCURVE('',#2613,#2618);
#2613 = CYLINDRICAL_SURFACE('',#2614,70.85);
#2614 = AXIS2_PLACEMENT_3D('',#2615,#2616,#2617);
#2615 = CARTESIAN_POINT('',(0.,0.,91.));
#2616 = DIRECTION('',(0.,0.,1.));
#2617 = DIRECTION('',(1.,0.,0.));
#2618 = DEFINITIONAL_REPRESENTATION('',(#2619),#2623);
#2619 = LINE('',#2620,#2621);
#2620 = CARTESIAN_POINT('',(0.,35.));
#2621 = VECTOR('',#2622,1.);
#2622 = DIRECTION('',(1.,0.));
#2623 = ( GEOMETRIC_REPRESENTATION_CONTEXT(2) 
PARAMETRIC_REPRESENTATION_CONTEXT() REPRESENTATION_CONTEXT('2D SPACE',''
  ) );
#2624 = ADVANCED_FACE('',(#2625,#2628),#93,.F.);
#2625 = FACE_BOUND('',#2626,.F.);
#2626 = EDGE_LOOP('',(#2627));
#2627 = ORIENTED_EDGE('',*,*,#78,.T.);
#2628 = FACE_BOUND('',#2629,.F.);
#2629 = EDGE_LOOP('',(#2630));
#2630 = ORIENTED_EDGE('',*,*,#2631,.F.);
#2631 = EDGE_CURVE('',#2632,#2632,#2634,.T.);
#2632 = VERTEX_POINT('',#2633);
#2633 = CARTESIAN_POINT('',(70.85,-1.735324514392E-14,91.));
#2634 = SURFACE_CURVE('',#2635,(#2640,#2647),.PCURVE_S1.);
#2635 = CIRCLE('',#2636,70.85);
#2636 = AXIS2_PLACEMENT_3D('',#2637,#2638,#2639);
#2637 = CARTESIAN_POINT('',(0.,0.,91.));
#2638 = DIRECTION('',(0.,0.,1.));
#2639 = DIRECTION('',(1.,0.,0.));
#2640 = PCURVE('',#93,#2641);
#2641 = DEFINITIONAL_REPRESENTATION('',(#2642),#2646);
#2642 = CIRCLE('',#2643,70.85);
#2643 = AXIS2_PLACEMENT_2D('',#2644,#2645);
#2644 = CARTESIAN_POINT('',(0.,0.));
#2645 = DIRECTION('',(1.,0.));
#2646 = ( GEOMETRIC_REPRESENTATION_CONTEXT(2) 
PARAMETRIC_REPRESENTATION_CONTEXT() REPRESENTATION_CONTEXT('2D SPACE',''
  ) );
#2647 = PCURVE('',#2613,#2648);
#2648 = DEFINITIONAL_REPRESENTATION('',(#2649),#2653);
#2649 = LINE('',#2650,#2651);
#2650 = CARTESIAN_POINT('',(0.,0.));
#2651 = VECTOR('',#2652,1.);
#2652 = DIRECTION('',(1.,0.));
#2653 = ( GEOMETRIC_REPRESENTATION_CONTEXT(2) 
PARAMETRIC_REPRESENTATION_CONTEXT() REPRESENTATION_CONTEXT('2D SPACE',''
  ) );
#2654 = ADVANCED_FACE('',(#2655),#242,.F.);
#2655 = FACE_BOUND('',#2656,.F.);
#2656 = EDGE_LOOP('',(#2657,#2658,#2681,#2879));
#2657 = ORIENTED_EDGE('',*,*,#108,.F.);
#2658 = ORIENTED_EDGE('',*,*,#2659,.F.);
#2659 = EDGE_CURVE('',#2660,#109,#2662,.T.);
#2660 = VERTEX_POINT('',#2661);
#2661 = CARTESIAN_POINT('',(43.228784862405,56.133721231715,95.7));
#2662 = SEAM_CURVE('',#2663,(#2667,#2674),.PCURVE_S1.);
#2663 = LINE('',#2664,#2665);
#2664 = CARTESIAN_POINT('',(40.7882042068,52.964562658294,95.7));
#2665 = VECTOR('',#2666,1.);
#2666 = DIRECTION('',(0.610145163901,0.792289643355,2.22044604925E-16));
#2667 = PCURVE('',#242,#2668);
#2668 = DEFINITIONAL_REPRESENTATION('',(#2669),#2673);
#2669 = LINE('',#2670,#2671);
#2670 = CARTESIAN_POINT('',(6.28318530718,-0.));
#2671 = VECTOR('',#2672,1.);
#2672 = DIRECTION('',(0.,1.));
#2673 = ( GEOMETRIC_REPRESENTATION_CONTEXT(2) 
PARAMETRIC_REPRESENTATION_CONTEXT() REPRESENTATION_CONTEXT('2D SPACE',''
  ) );
#2674 = PCURVE('',#242,#2675);
#2675 = DEFINITIONAL_REPRESENTATION('',(#2676),#2680);
#2676 = LINE('',#2677,#2678);
#2677 = CARTESIAN_POINT('',(0.,-0.));
#2678 = VECTOR('',#2679,1.);
#2679 = DIRECTION('',(0.,1.));
#2680 = ( GEOMETRIC_REPRESENTATION_CONTEXT(2) 
PARAMETRIC_REPRESENTATION_CONTEXT() REPRESENTATION_CONTEXT('2D SPACE',''
  ) );
#2681 = ORIENTED_EDGE('',*,*,#2682,.T.);
#2682 = EDGE_CURVE('',#2660,#2660,#2683,.T.);
#2683 = SURFACE_CURVE('',#2684,(#2747,#2813),.PCURVE_S1.);
#2684 = B_SPLINE_CURVE_WITH_KNOTS('',7,(#2685,#2686,#2687,#2688,#2689,
    #2690,#2691,#2692,#2693,#2694,#2695,#2696,#2697,#2698,#2699,#2700,
    #2701,#2702,#2703,#2704,#2705,#2706,#2707,#2708,#2709,#2710,#2711,
    #2712,#2713,#2714,#2715,#2716,#2717,#2718,#2719,#2720,#2721,#2722,
    #2723,#2724,#2725,#2726,#2727,#2728,#2729,#2730,#2731,#2732,#2733,
    #2734,#2735,#2736,#2737,#2738,#2739,#2740,#2741,#2742,#2743,#2744,
    #2745,#2746),.UNSPECIFIED.,.T.,.F.,(8,6,6,6,6,6,6,6,6,6,8),(0.,
    8.234485369864E-02,0.18075076398,0.344501881556,0.442272981095,
    0.531818781488,0.631500510229,0.7500637982,0.844378003168,
    0.948705837319,1.),.UNSPECIFIED.);
#2685 = CARTESIAN_POINT('',(43.228784862405,56.133721231715,95.7));
#2686 = CARTESIAN_POINT('',(42.994439665589,56.314191328377,95.7));
#2687 = CARTESIAN_POINT('',(42.761570662659,56.491706739229,
    95.730929698242));
#2688 = CARTESIAN_POINT('',(42.534150782405,56.663271254678,
    95.79167082418));
#2689 = CARTESIAN_POINT('',(42.316031918027,56.826172196592,
    95.879823477915));
#2690 = CARTESIAN_POINT('',(42.110668780226,56.978147160463,
    95.991786676095));
#2691 = CARTESIAN_POINT('',(41.92086938701,57.117498952057,
    96.12282300492));
#2692 = CARTESIAN_POINT('',(41.542669067812,57.393327953842,
    96.439533884839));
#2693 = CARTESIAN_POINT('',(41.359148074603,57.525849500166,
    96.633068991563));
#2694 = CARTESIAN_POINT('',(41.197824959782,57.641391911493,
    96.842525600656));
#2695 = CARTESIAN_POINT('',(41.058098913328,57.740815653004,
    97.063973124918));
#2696 = CARTESIAN_POINT('',(40.939206081495,57.824989957111,
    97.294403912747));
#2697 = CARTESIAN_POINT('',(40.84040332258,57.89467472158,
    97.531501957946));
#2698 = CARTESIAN_POINT('',(40.629088891232,58.043308637507,
    98.176230819139));
#2699 = CARTESIAN_POINT('',(40.551056848396,58.097670448561,
    98.592506692694));
#2700 = CARTESIAN_POINT('',(40.524076973332,58.116373674633,
    99.014533929315));
#2701 = CARTESIAN_POINT('',(40.547065716879,58.100402244783,
    99.437300537998));
#2702 = CARTESIAN_POINT('',(40.620642050013,58.049221188951,
    99.85566451691));
#2703 = CARTESIAN_POINT('',(40.746985039669,57.960811021638,
    100.26338813681));
#2704 = CARTESIAN_POINT('',(41.038203580344,57.75470662572,
    100.88083486401));
#2705 = CARTESIAN_POINT('',(41.167367356807,57.662934496551,
    101.10483523326));
#2706 = CARTESIAN_POINT('',(41.317520814128,57.555705755745,
    101.31925183184));
#2707 = CARTESIAN_POINT('',(41.489233361182,57.43228949344,
    101.52071468296));
#2708 = CARTESIAN_POINT('',(41.682834386313,57.292030016611,
    101.70514000636));
#2709 = CARTESIAN_POINT('',(41.898222837467,57.134471614962,
    101.86755500252));
#2710 = CARTESIAN_POINT('',(42.351026763022,56.799520474412,
    102.1247235998));
#2711 = CARTESIAN_POINT('',(42.586794115349,56.623631400452,
    102.22500296327));
#2712 = CARTESIAN_POINT('',(42.836646858676,56.435347829394,
    102.29429993208));
#2713 = CARTESIAN_POINT('',(43.094074607601,56.239115080258,
    102.32745468746));
#2714 = CARTESIAN_POINT('',(43.352004866088,56.040152103569,
    102.32251606885));
#2715 = CARTESIAN_POINT('',(43.60352269827,55.843960483658,
    102.28080236689));
#2716 = CARTESIAN_POINT('',(44.108703942475,55.446005300996,
    102.12479762661));
#2717 = CARTESIAN_POINT('',(44.355733635329,55.249002531575,
    102.00395370288));
#2718 = CARTESIAN_POINT('',(44.581317679929,55.06707101352,
    101.85122576615));
#2719 = CARTESIAN_POINT('',(44.784215367608,54.901855037176,
    101.67281108715));
#2720 = CARTESIAN_POINT('',(44.963940037724,54.754344213351,
    101.4745161412));
#2721 = CARTESIAN_POINT('',(45.120622242063,54.624925100109,
    101.26182884831));
#2722 = CARTESIAN_POINT('',(45.414791412464,54.380716811206,
    100.77598771079));
#2723 = CARTESIAN_POINT('',(45.544690937674,54.271955792418,
    100.49625354544));
#2724 = CARTESIAN_POINT('',(45.646480106499,54.186220406947,
    100.20599339552));
#2725 = CARTESIAN_POINT('',(45.721706983365,54.122616375292,
    99.908839551463));
#2726 = CARTESIAN_POINT('',(45.77149379498,54.080439369973,
    99.607426543205));
#2727 = CARTESIAN_POINT('',(45.796424041481,54.059319686922,
    99.303843031787));
#2728 = CARTESIAN_POINT('',(45.796424041481,54.059319686922,
    98.758300276011));
#2729 = CARTESIAN_POINT('',(45.78064816663,54.072684263382,
    98.516680936083));
#2730 = CARTESIAN_POINT('',(45.749116351883,54.099396398525,
    98.276170414048));
#2731 = CARTESIAN_POINT('',(45.701603251763,54.13959749031,
    98.037832612131));
#2732 = CARTESIAN_POINT('',(45.637669308227,54.193560179997,
    97.802907144437));
#2733 = CARTESIAN_POINT('',(45.55668866371,54.261655102303,
    97.572953624942));
#2734 = CARTESIAN_POINT('',(45.348567709713,54.435743904157,
    97.103374703054));
#2735 = CARTESIAN_POINT('',(45.216988872261,54.545370831587,
    96.864298628647));
#2736 = CARTESIAN_POINT('',(45.062039463319,54.673794294249,
    96.636314840586));
#2737 = CARTESIAN_POINT('',(44.882736401635,54.821400467112,
    96.423741388968));
#2738 = CARTESIAN_POINT('',(44.67832971237,54.988249856135,
    96.231776113037));
#2739 = CARTESIAN_POINT('',(44.448532874543,55.173874633472,
    96.066717731563));
#2740 = CARTESIAN_POINT('',(44.068914303063,55.47683228047,
    95.872306409498));
#2741 = CARTESIAN_POINT('',(43.937940047945,55.58081779969,
    95.816683365926));
#2742 = CARTESIAN_POINT('',(43.801958100455,55.68817201501,
    95.770796456109));
#2743 = CARTESIAN_POINT('',(43.661943338788,55.798048785923,
    95.735638578143));
#2744 = CARTESIAN_POINT('',(43.518972277327,55.909547200278,
    95.711907900486));
#2745 = CARTESIAN_POINT('',(43.374191294796,56.02174320415,95.7));
#2746 = CARTESIAN_POINT('',(43.228784862405,56.133721231715,95.7));
#2747 = PCURVE('',#242,#2748);
#2748 = DEFINITIONAL_REPRESENTATION('',(#2749),#2812);
#2749 = B_SPLINE_CURVE_WITH_KNOTS('',7,(#2750,#2751,#2752,#2753,#2754,
    #2755,#2756,#2757,#2758,#2759,#2760,#2761,#2762,#2763,#2764,#2765,
    #2766,#2767,#2768,#2769,#2770,#2771,#2772,#2773,#2774,#2775,#2776,
    #2777,#2778,#2779,#2780,#2781,#2782,#2783,#2784,#2785,#2786,#2787,
    #2788,#2789,#2790,#2791,#2792,#2793,#2794,#2795,#2796,#2797,#2798,
    #2799,#2800,#2801,#2802,#2803,#2804,#2805,#2806,#2807,#2808,#2809,
    #2810,#2811),.UNSPECIFIED.,.F.,.F.,(8,6,6,6,6,6,6,6,6,6,8),(0.,
    8.234485369864E-02,0.18075076398,0.344501881556,0.442272981095,
    0.531818781488,0.631500510229,0.7500637982,0.844378003168,
    0.948705837319,1.),.UNSPECIFIED.);
#2750 = CARTESIAN_POINT('',(0.,4.));
#2751 = CARTESIAN_POINT('',(8.963097851931E-02,4.));
#2752 = CARTESIAN_POINT('',(0.178361136262,3.998559725593));
#2753 = CARTESIAN_POINT('',(0.265859410262,3.995729374239));
#2754 = CARTESIAN_POINT('',(0.351767341845,3.991709933155));
#2755 = CARTESIAN_POINT('',(0.435661880469,3.986816797705));
#2756 = CARTESIAN_POINT('',(0.51699335446,3.981418597086));
#2757 = CARTESIAN_POINT('',(0.68821849669,3.969197962793));
#2758 = CARTESIAN_POINT('',(0.777872082895,3.962218964986));
#2759 = CARTESIAN_POINT('',(0.864535966287,3.955331502515));
#2760 = CARTESIAN_POINT('',(0.948672940314,3.948850731703));
#2761 = CARTESIAN_POINT('',(1.030694823804,3.942999274719));
#2762 = CARTESIAN_POINT('',(1.111001650517,3.937925766375));
#2763 = CARTESIAN_POINT('',(1.321448796774,3.926754400265));
#2764 = CARTESIAN_POINT('',(1.449255693378,3.922213826592));
#2765 = CARTESIAN_POINT('',(1.575383468651,3.920570558613));
#2766 = CARTESIAN_POINT('',(1.701378951778,3.921943030853));
#2767 = CARTESIAN_POINT('',(1.828776096094,3.92628505422));
#2768 = CARTESIAN_POINT('',(1.959116033738,3.933326158422));
#2769 = CARTESIAN_POINT('',(2.17516635747,3.947717364318));
#2770 = CARTESIAN_POINT('',(2.257940416912,3.953815910389));
#2771 = CARTESIAN_POINT('',(2.343009271486,3.960475095405));
#2772 = CARTESIAN_POINT('',(2.430674892254,3.967463249126));
#2773 = CARTESIAN_POINT('',(2.521294015675,3.974461847462));
#2774 = CARTESIAN_POINT('',(2.615277276067,3.981048179443));
#2775 = CARTESIAN_POINT('',(2.80287251342,3.991945985129));
#2776 = CARTESIAN_POINT('',(2.896567056647,3.996443203279));
#2777 = CARTESIAN_POINT('',(2.992701188675,3.999714522944));
#2778 = CARTESIAN_POINT('',(3.090107195557,4.001309644177));
#2779 = CARTESIAN_POINT('',(3.187787283893,4.001048238175));
#2780 = CARTESIAN_POINT('',(3.284702938126,3.999070038548));
#2781 = CARTESIAN_POINT('',(3.485222013332,3.99200816185));
#2782 = CARTESIAN_POINT('',(3.586890025528,3.98664888036));
#2783 = CARTESIAN_POINT('',(3.685048513913,3.980145436672));
#2784 = CARTESIAN_POINT('',(3.779948376173,3.973043572602));
#2785 = CARTESIAN_POINT('',(3.871737710116,3.965830412907));
#2786 = CARTESIAN_POINT('',(3.960444542476,3.95889187908));
#2787 = CARTESIAN_POINT('',(4.147740525547,3.94489407765));
#2788 = CARTESIAN_POINT('',(4.246082011102,3.937981415963));
#2789 = CARTESIAN_POINT('',(4.341847190323,3.932160327082));
#2790 = CARTESIAN_POINT('',(4.435707742365,3.927666826641));
#2791 = CARTESIAN_POINT('',(4.528320440778,3.924627604472));
#2792 = CARTESIAN_POINT('',(4.620315334389,3.923105767657));
#2793 = CARTESIAN_POINT('',(4.785631320987,3.923105767657));
#2794 = CARTESIAN_POINT('',(4.858849553043,3.924068809427));
#2795 = CARTESIAN_POINT('',(4.932372435104,3.925993573176));
#2796 = CARTESIAN_POINT('',(5.006520381826,3.928854593589));
#2797 = CARTESIAN_POINT('',(5.081610488686,3.932599687297));
#2798 = CARTESIAN_POINT('',(5.157974219391,3.937140640384));
#2799 = CARTESIAN_POINT('',(5.322284229668,3.948085401529));
#2800 = CARTESIAN_POINT('',(5.410955084828,3.954659489423));
#2801 = CARTESIAN_POINT('',(5.502308843806,3.961866436338));
#2802 = CARTESIAN_POINT('',(5.596671675802,3.969412382434));
#2803 = CARTESIAN_POINT('',(5.694450331628,3.976887672432));
#2804 = CARTESIAN_POINT('',(5.79612171563,3.983746831787));
#2805 = CARTESIAN_POINT('',(5.954632538934,3.992154602362));
#2806 = CARTESIAN_POINT('',(6.007938868186,3.994627943944));
#2807 = CARTESIAN_POINT('',(6.062075922274,3.996714849273));
#2808 = CARTESIAN_POINT('',(6.116844945602,3.998339747207));
#2809 = CARTESIAN_POINT('',(6.172066805305,3.999445684423));
#2810 = CARTESIAN_POINT('',(6.227571106439,4.));
#2811 = CARTESIAN_POINT('',(6.28318530718,4.));
#2812 = ( GEOMETRIC_REPRESENTATION_CONTEXT(2) 
PARAMETRIC_REPRESENTATION_CONTEXT() REPRESENTATION_CONTEXT('2D SPACE',''
  ) );
#2813 = PCURVE('',#2613,#2814);
#2814 = DEFINITIONAL_REPRESENTATION('',(#2815),#2878);
#2815 = B_SPLINE_CURVE_WITH_KNOTS('',7,(#2816,#2817,#2818,#2819,#2820,
    #2821,#2822,#2823,#2824,#2825,#2826,#2827,#2828,#2829,#2830,#2831,
    #2832,#2833,#2834,#2835,#2836,#2837,#2838,#2839,#2840,#2841,#2842,
    #2843,#2844,#2845,#2846,#2847,#2848,#2849,#2850,#2851,#2852,#2853,
    #2854,#2855,#2856,#2857,#2858,#2859,#2860,#2861,#2862,#2863,#2864,
    #2865,#2866,#2867,#2868,#2869,#2870,#2871,#2872,#2873,#2874,#2875,
    #2876,#2877),.UNSPECIFIED.,.T.,.F.,(8,6,6,6,6,6,6,6,6,6,8),(0.,
    8.234485369864E-02,0.18075076398,0.344501881556,0.442272981095,
    0.531818781488,0.631500510229,0.7500637982,0.844378003168,
    0.948705837319,1.),.UNSPECIFIED.);
#2816 = CARTESIAN_POINT('',(0.914552528045,4.7));
#2817 = CARTESIAN_POINT('',(0.918727294864,4.7));
#2818 = CARTESIAN_POINT('',(0.92286010891,4.730929698242));
#2819 = CARTESIAN_POINT('',(0.926880857874,4.79167082418));
#2820 = CARTESIAN_POINT('',(0.930723216598,4.879823477915));
#2821 = CARTESIAN_POINT('',(0.934329112071,4.991786676095));
#2822 = CARTESIAN_POINT('',(0.937652494125,5.12282300492));
#2823 = CARTESIAN_POINT('',(0.944259402753,5.439533884839));
#2824 = CARTESIAN_POINT('',(0.94745438152,5.633068991563));
#2825 = CARTESIAN_POINT('',(0.95025508549,5.842525600656));
#2826 = CARTESIAN_POINT('',(0.952675522019,6.063973124918));
#2827 = CARTESIAN_POINT('',(0.95473160214,6.294403912747));
#2828 = CARTESIAN_POINT('',(0.956438089405,6.531501957946));
#2829 = CARTESIAN_POINT('',(0.960084555786,7.176230819139));
#2830 = CARTESIAN_POINT('',(0.961426829424,7.592506692694));
#2831 = CARTESIAN_POINT('',(0.961890191297,8.014533929315));
#2832 = CARTESIAN_POINT('',(0.961495097475,8.437300537998));
#2833 = CARTESIAN_POINT('',(0.960230066915,8.85566451691));
#2834 = CARTESIAN_POINT('',(0.958053610309,9.263388136817));
#2835 = CARTESIAN_POINT('',(0.953017994189,9.880834864015));
#2836 = CARTESIAN_POINT('',(0.950781627445,10.104835233262));
#2837 = CARTESIAN_POINT('',(0.948177401247,10.319251831849));
#2838 = CARTESIAN_POINT('',(0.945192765509,10.520714682962));
#2839 = CARTESIAN_POINT('',(0.941818514402,10.705140006368));
#2840 = CARTESIAN_POINT('',(0.938051950853,10.867555002528));
#2841 = CARTESIAN_POINT('',(0.93010239377,11.124723599809));
#2842 = CARTESIAN_POINT('',(0.925950721665,11.225002963272));
#2843 = CARTESIAN_POINT('',(0.921535100572,11.294299932081));
#2844 = CARTESIAN_POINT('',(0.916966535085,11.327454687466));
#2845 = CARTESIAN_POINT('',(0.912368881328,11.322516068857));
#2846 = CARTESIAN_POINT('',(0.907866652065,11.28080236689));
#2847 = CARTESIAN_POINT('',(0.898789742081,11.124797626614));
#2848 = CARTESIAN_POINT('',(0.894330191568,11.003953702888));
#2849 = CARTESIAN_POINT('',(0.890239871864,10.851225766157));
#2850 = CARTESIAN_POINT('',(0.886546831368,10.672811087158));
#2851 = CARTESIAN_POINT('',(0.883265151704,10.474516141201));
#2852 = CARTESIAN_POINT('',(0.880396838337,10.261828848312));
#2853 = CARTESIAN_POINT('',(0.87500056417,9.775987710795));
#2854 = CARTESIAN_POINT('',(0.872609348157,9.496253545442));
#2855 = CARTESIAN_POINT('',(0.870730951191,9.205993395529));
#2856 = CARTESIAN_POINT('',(0.869340525865,8.908839551463));
#2857 = CARTESIAN_POINT('',(0.868419559067,8.607426543205));
#2858 = CARTESIAN_POINT('',(0.867958394526,8.303843031787));
#2859 = CARTESIAN_POINT('',(0.867958394526,7.758300276011));
#2860 = CARTESIAN_POINT('',(0.868250220033,7.516680936083));
#2861 = CARTESIAN_POINT('',(0.868833500901,7.276170414047));
#2862 = CARTESIAN_POINT('',(0.869711954411,7.037832612131));
#2863 = CARTESIAN_POINT('',(0.870892801305,6.802907144437));
#2864 = CARTESIAN_POINT('',(0.872386168319,6.572953624942));
#2865 = CARTESIAN_POINT('',(0.876215841527,6.103374703054));
#2866 = CARTESIAN_POINT('',(0.8786331004,5.864298628647));
#2867 = CARTESIAN_POINT('',(0.881473604295,5.636314840586));
#2868 = CARTESIAN_POINT('',(0.884751532648,5.423741388968));
#2869 = CARTESIAN_POINT('',(0.888475637024,5.231776113037));
#2870 = CARTESIAN_POINT('',(0.892644983465,5.066717731563));
#2871 = CARTESIAN_POINT('',(0.899500153329,4.872306409498));
#2872 = CARTESIAN_POINT('',(0.901860542619,4.816683365926));
#2873 = CARTESIAN_POINT('',(0.904305852677,4.770796456109));
#2874 = CARTESIAN_POINT('',(0.906817906774,4.735638578143));
#2875 = CARTESIAN_POINT('',(0.90937692934,4.711907900486));
#2876 = CARTESIAN_POINT('',(0.911962170071,4.7));
#2877 = CARTESIAN_POINT('',(0.914552528045,4.7));
#2878 = ( GEOMETRIC_REPRESENTATION_CONTEXT(2) 
PARAMETRIC_REPRESENTATION_CONTEXT() REPRESENTATION_CONTEXT('2D SPACE',''
  ) );
#2879 = ORIENTED_EDGE('',*,*,#2659,.T.);
#2880 = ADVANCED_FACE('',(#2881),#449,.F.);
#2881 = FACE_BOUND('',#2882,.F.);
#2882 = EDGE_LOOP('',(#2883,#2884,#2907,#3105));
#2883 = ORIENTED_EDGE('',*,*,#315,.F.);
#2884 = ORIENTED_EDGE('',*,*,#2885,.F.);
#2885 = EDGE_CURVE('',#2886,#316,#2888,.T.);
#2886 = VERTEX_POINT('',#2887);
#2887 = CARTESIAN_POINT('',(-26.99883616441,65.504086481432,95.7));
#2888 = SEAM_CURVE('',#2889,(#2893,#2900),.PCURVE_S1.);
#2889 = LINE('',#2890,#2891);
#2890 = CARTESIAN_POINT('',(-25.47455465901,61.805902346983,95.7));
#2891 = VECTOR('',#2892,1.);
#2892 = DIRECTION('',(-0.38107037635,0.924546033612,2.22044604925E-16));
#2893 = PCURVE('',#449,#2894);
#2894 = DEFINITIONAL_REPRESENTATION('',(#2895),#2899);
#2895 = LINE('',#2896,#2897);
#2896 = CARTESIAN_POINT('',(6.28318530718,-0.));
#2897 = VECTOR('',#2898,1.);
#2898 = DIRECTION('',(0.,1.));
#2899 = ( GEOMETRIC_REPRESENTATION_CONTEXT(2) 
PARAMETRIC_REPRESENTATION_CONTEXT() REPRESENTATION_CONTEXT('2D SPACE',''
  ) );
#2900 = PCURVE('',#449,#2901);
#2901 = DEFINITIONAL_REPRESENTATION('',(#2902),#2906);
#2902 = LINE('',#2903,#2904);
#2903 = CARTESIAN_POINT('',(0.,-0.));
#2904 = VECTOR('',#2905,1.);
#2905 = DIRECTION('',(0.,1.));
#2906 = ( GEOMETRIC_REPRESENTATION_CONTEXT(2) 
PARAMETRIC_REPRESENTATION_CONTEXT() REPRESENTATION_CONTEXT('2D SPACE',''
  ) );
#2907 = ORIENTED_EDGE('',*,*,#2908,.T.);
#2908 = EDGE_CURVE('',#2886,#2886,#2909,.T.);
#2909 = SURFACE_CURVE('',#2910,(#2973,#3039),.PCURVE_S1.);
#2910 = B_SPLINE_CURVE_WITH_KNOTS('',7,(#2911,#2912,#2913,#2914,#2915,
    #2916,#2917,#2918,#2919,#2920,#2921,#2922,#2923,#2924,#2925,#2926,
    #2927,#2928,#2929,#2930,#2931,#2932,#2933,#2934,#2935,#2936,#2937,
    #2938,#2939,#2940,#2941,#2942,#2943,#2944,#2945,#2946,#2947,#2948,
    #2949,#2950,#2951,#2952,#2953,#2954,#2955,#2956,#2957,#2958,#2959,
    #2960,#2961,#2962,#2963,#2964,#2965,#2966,#2967,#2968,#2969,#2970,
    #2971,#2972),.UNSPECIFIED.,.T.,.F.,(8,6,6,6,6,6,6,6,6,6,8),(0.,
    8.234485223218E-02,0.180750759905,0.344501869879,0.442272969951,
    0.531818774297,0.631500505059,0.750063793966,0.844378002072,
    0.948705839642,1.),.UNSPECIFIED.);
#2911 = CARTESIAN_POINT('',(-26.99883616441,65.504086481432,95.7));
#2912 = CARTESIAN_POINT('',(-27.27230044876,65.391372637052,95.7));
#2913 = CARTESIAN_POINT('',(-27.54246781332,65.278459866954,
    95.73092969924));
#2914 = CARTESIAN_POINT('',(-27.80475697405,65.167290734526,
    95.791670822752));
#2915 = CARTESIAN_POINT('',(-28.05489275972,65.059844728062,
    95.879823477415));
#2916 = CARTESIAN_POINT('',(-28.28918851613,64.957982512225,
    95.99178667822));
#2917 = CARTESIAN_POINT('',(-28.50477039791,64.863287314659,
    96.122823003665));
#2918 = CARTESIAN_POINT('',(-28.93274548185,64.673670730656,
    96.439533884839));
#2919 = CARTESIAN_POINT('',(-29.13927300412,64.580997661571,
    96.633068991563));
#2920 = CARTESIAN_POINT('',(-29.31999722495,64.499058951582,
    96.842525600656));
#2921 = CARTESIAN_POINT('',(-29.47596373407,64.427764516538,
    97.063973124918));
#2922 = CARTESIAN_POINT('',(-29.60830723569,64.366887455897,
    97.294403912747));
#2923 = CARTESIAN_POINT('',(-29.71805739143,64.316164138947,
    97.531501957946));
#2924 = CARTESIAN_POINT('',(-29.95243535124,64.207477432529,
    98.176230811115));
#2925 = CARTESIAN_POINT('',(-30.03853009021,64.16708060285,
    98.592506725845));
#2926 = CARTESIAN_POINT('',(-30.06821749185,64.153066960961,
    99.014533865536));
#2927 = CARTESIAN_POINT('',(-30.04289144448,64.164990087244,
    99.437300607314));
#2928 = CARTESIAN_POINT('',(-29.96177920764,64.203118521786,
    99.855664476112));
#2929 = CARTESIAN_POINT('',(-29.82204224321,64.268329685392,
    100.26338814756));
#2930 = CARTESIAN_POINT('',(-29.4979413329,64.417480140459,
    100.88083486957));
#2931 = CARTESIAN_POINT('',(-29.35388245821,64.483453183436,
    101.10483521893));
#2932 = CARTESIAN_POINT('',(-29.18594291137,64.559875524017,
    101.31925184431));
#2933 = CARTESIAN_POINT('',(-28.99320500355,64.646874827308,
    101.5207146834));
#2934 = CARTESIAN_POINT('',(-28.77493625197,64.744408481491,
    101.70513999954));
#2935 = CARTESIAN_POINT('',(-28.53079242519,64.852161160947,
    101.86755500573));
#2936 = CARTESIAN_POINT('',(-28.01431426844,65.076825291931,
    102.12472360163));
#2937 = CARTESIAN_POINT('',(-27.74410619878,65.193061265985,
    102.22500296102));
#2938 = CARTESIAN_POINT('',(-27.45612145665,65.315298309568,
    102.29429993163));
#2939 = CARTESIAN_POINT('',(-27.15746503646,65.440120905276,
    102.3274546891));
#2940 = CARTESIAN_POINT('',(-26.85619292981,65.564013567019,
    102.32251606914));
#2941 = CARTESIAN_POINT('',(-26.56052707385,65.683738594536,
    102.2808023659));
#2942 = CARTESIAN_POINT('',(-25.96329716951,65.922260788005,
    102.12479762967));
#2943 = CARTESIAN_POINT('',(-25.66917287968,66.037693409007,
    102.00395369762));
#2944 = CARTESIAN_POINT('',(-25.39882359398,66.142089141784,
    101.85122576126));
#2945 = CARTESIAN_POINT('',(-25.15429349395,66.235195715814,
    101.67281110846));
#2946 = CARTESIAN_POINT('',(-24.93668302455,66.317086438219,
    101.47451611926));
#2947 = CARTESIAN_POINT('',(-24.74626170174,66.388067643928,
    101.26182885678));
#2948 = CARTESIAN_POINT('',(-24.38768652325,66.520721478228,
    100.77598770398));
#2949 = CARTESIAN_POINT('',(-24.22854697369,66.578837250856,
    100.49625356079));
#2950 = CARTESIAN_POINT('',(-24.10340333941,66.624121574522,
    100.20599338804));
#2951 = CARTESIAN_POINT('',(-24.01070721654,66.65746793668,
    99.908839538652));
#2952 = CARTESIAN_POINT('',(-23.94928744303,66.679496081236,
    99.607426561686));
#2953 = CARTESIAN_POINT('',(-23.91853213943,66.690526465868,
    99.303843024071));
#2954 = CARTESIAN_POINT('',(-23.91853213943,66.690526465868,
    98.758300276011));
#2955 = CARTESIAN_POINT('',(-23.93799413958,66.68354644571,
    98.516680936083));
#2956 = CARTESIAN_POINT('',(-23.97689343458,66.669595160683,
    98.276170414047));
#2957 = CARTESIAN_POINT('',(-24.03546515139,66.648548154859,
    98.037832612131));
#2958 = CARTESIAN_POINT('',(-24.11416518328,66.620161080436,
    97.802907144437));
#2959 = CARTESIAN_POINT('',(-24.21362743812,66.584077246222,
    97.572953624942));
#2960 = CARTESIAN_POINT('',(-24.46845323997,66.490883613954,
    97.10337470318));
#2961 = CARTESIAN_POINT('',(-24.62918236284,66.43174646182,
    96.864298628633));
#2962 = CARTESIAN_POINT('',(-24.81787504851,66.36176806867,
    96.636314840486));
#2963 = CARTESIAN_POINT('',(-25.03535727483,66.280290148698,
    96.423741388914));
#2964 = CARTESIAN_POINT('',(-25.28205642886,66.186693457639,
    96.231776113079));
#2965 = CARTESIAN_POINT('',(-25.55771062041,66.080495947086,
    96.066717731616));
#2966 = CARTESIAN_POINT('',(-26.00988891327,65.903215448424,
    95.872306414475));
#2967 = CARTESIAN_POINT('',(-26.16543016584,65.841781166409,
    95.816683363748));
#2968 = CARTESIAN_POINT('',(-26.32639261487,65.777694454147,
    95.770796452253));
#2969 = CARTESIAN_POINT('',(-26.49155605138,65.711376506827,
    95.735638578333));
#2970 = CARTESIAN_POINT('',(-26.65960203845,65.64330914387,
    95.711907903391));
#2971 = CARTESIAN_POINT('',(-26.82915714248,65.574023127521,95.7));
#2972 = CARTESIAN_POINT('',(-26.99883616441,65.504086481432,95.7));
#2973 = PCURVE('',#449,#2974);
#2974 = DEFINITIONAL_REPRESENTATION('',(#2975),#3038);
#2975 = B_SPLINE_CURVE_WITH_KNOTS('',7,(#2976,#2977,#2978,#2979,#2980,
    #2981,#2982,#2983,#2984,#2985,#2986,#2987,#2988,#2989,#2990,#2991,
    #2992,#2993,#2994,#2995,#2996,#2997,#2998,#2999,#3000,#3001,#3002,
    #3003,#3004,#3005,#3006,#3007,#3008,#3009,#3010,#3011,#3012,#3013,
    #3014,#3015,#3016,#3017,#3018,#3019,#3020,#3021,#3022,#3023,#3024,
    #3025,#3026,#3027,#3028,#3029,#3030,#3031,#3032,#3033,#3034,#3035,
    #3036,#3037),.UNSPECIFIED.,.F.,.F.,(8,6,6,6,6,6,6,6,6,6,8),(0.,
    8.234485223218E-02,0.180750759905,0.344501869879,0.442272969951,
    0.531818774297,0.631500505059,0.750063793966,0.844378002072,
    0.948705839642,1.),.UNSPECIFIED.);
#2976 = CARTESIAN_POINT('',(0.,4.));
#2977 = CARTESIAN_POINT('',(8.963097773554E-02,4.));
#2978 = CARTESIAN_POINT('',(0.178361138096,3.998559725553));
#2979 = CARTESIAN_POINT('',(0.265859409209,3.995729374296));
#2980 = CARTESIAN_POINT('',(0.351767340713,3.991709933176));
#2981 = CARTESIAN_POINT('',(0.435661882207,3.986816797621));
#2982 = CARTESIAN_POINT('',(0.516993353782,3.981418597135));
#2983 = CARTESIAN_POINT('',(0.68821849669,3.969197962793));
#2984 = CARTESIAN_POINT('',(0.777872082895,3.962218964986));
#2985 = CARTESIAN_POINT('',(0.864535966287,3.955331502515));
#2986 = CARTESIAN_POINT('',(0.948672940314,3.948850731703));
#2987 = CARTESIAN_POINT('',(1.030694823804,3.942999274719));
#2988 = CARTESIAN_POINT('',(1.111001650517,3.937925766375));
#2989 = CARTESIAN_POINT('',(1.321448794155,3.926754400404));
#2990 = CARTESIAN_POINT('',(1.449255704205,3.922213826332));
#2991 = CARTESIAN_POINT('',(1.575383447697,3.920570558623));
#2992 = CARTESIAN_POINT('',(1.701378974812,3.921943031334));
#2993 = CARTESIAN_POINT('',(1.828776082269,3.926285053639));
#2994 = CARTESIAN_POINT('',(1.959116037498,3.933326158673));
#2995 = CARTESIAN_POINT('',(2.175166359416,3.947717364448));
#2996 = CARTESIAN_POINT('',(2.257940412371,3.953815910066));
#2997 = CARTESIAN_POINT('',(2.343009273809,3.960475095608));
#2998 = CARTESIAN_POINT('',(2.430674896087,3.967463249325));
#2999 = CARTESIAN_POINT('',(2.521294010052,3.974461847131));
#3000 = CARTESIAN_POINT('',(2.615277278404,3.981048179579));
#3001 = CARTESIAN_POINT('',(2.802872514749,3.991945985206));
#3002 = CARTESIAN_POINT('',(2.896567053445,3.996443203184));
#3003 = CARTESIAN_POINT('',(2.992701190585,3.999714522923));
#3004 = CARTESIAN_POINT('',(3.090107197518,4.001309644246));
#3005 = CARTESIAN_POINT('',(3.187787280755,4.001048238191));
#3006 = CARTESIAN_POINT('',(3.284702939399,3.999070038503));
#3007 = CARTESIAN_POINT('',(3.485222009396,3.992008161989));
#3008 = CARTESIAN_POINT('',(3.58689003474,3.986648880064));
#3009 = CARTESIAN_POINT('',(3.685048507707,3.980145436684));
#3010 = CARTESIAN_POINT('',(3.779948372449,3.973043573155));
#3011 = CARTESIAN_POINT('',(3.871737717529,3.965830412276));
#3012 = CARTESIAN_POINT('',(3.960444539208,3.958891879324));
#3013 = CARTESIAN_POINT('',(4.147740528173,3.944894077454));
#3014 = CARTESIAN_POINT('',(4.246082005012,3.937981416485));
#3015 = CARTESIAN_POINT('',(4.341847194223,3.932160326502));
#3016 = CARTESIAN_POINT('',(4.435707745298,3.927666826942));
#3017 = CARTESIAN_POINT('',(4.528320435421,3.924627604413));
#3018 = CARTESIAN_POINT('',(4.620315336727,3.923105767657));
#3019 = CARTESIAN_POINT('',(4.785631320987,3.923105767657));
#3020 = CARTESIAN_POINT('',(4.858849553043,3.924068809427));
#3021 = CARTESIAN_POINT('',(4.932372435104,3.925993573176));
#3022 = CARTESIAN_POINT('',(5.006520381826,3.928854593589));
#3023 = CARTESIAN_POINT('',(5.081610488686,3.932599687297));
#3024 = CARTESIAN_POINT('',(5.157974219391,3.937140640384));
#3025 = CARTESIAN_POINT('',(5.322284229624,3.948085401526));
#3026 = CARTESIAN_POINT('',(5.410955084828,3.954659489422));
#3027 = CARTESIAN_POINT('',(5.502308843842,3.961866436341));
#3028 = CARTESIAN_POINT('',(5.596671675834,3.969412382437));
#3029 = CARTESIAN_POINT('',(5.69445033162,3.976887672431));
#3030 = CARTESIAN_POINT('',(5.796121715587,3.983746831784));
#3031 = CARTESIAN_POINT('',(5.954632534877,3.992154602147));
#3032 = CARTESIAN_POINT('',(6.007938872272,3.994627944039));
#3033 = CARTESIAN_POINT('',(6.062075925675,3.996714849441));
#3034 = CARTESIAN_POINT('',(6.116844942511,3.998339747198));
#3035 = CARTESIAN_POINT('',(6.172066801104,3.999445684296));
#3036 = CARTESIAN_POINT('',(6.22757110998,4.));
#3037 = CARTESIAN_POINT('',(6.28318530718,4.));
#3038 = ( GEOMETRIC_REPRESENTATION_CONTEXT(2) 
PARAMETRIC_REPRESENTATION_CONTEXT() REPRESENTATION_CONTEXT('2D SPACE',''
  ) );
#3039 = PCURVE('',#2613,#3040);
#3040 = DEFINITIONAL_REPRESENTATION('',(#3041),#3104);
#3041 = B_SPLINE_CURVE_WITH_KNOTS('',7,(#3042,#3043,#3044,#3045,#3046,
    #3047,#3048,#3049,#3050,#3051,#3052,#3053,#3054,#3055,#3056,#3057,
    #3058,#3059,#3060,#3061,#3062,#3063,#3064,#3065,#3066,#3067,#3068,
    #3069,#3070,#3071,#3072,#3073,#3074,#3075,#3076,#3077,#3078,#3079,
    #3080,#3081,#3082,#3083,#3084,#3085,#3086,#3087,#3088,#3089,#3090,
    #3091,#3092,#3093,#3094,#3095,#3096,#3097,#3098,#3099,#3100,#3101,
    #3102,#3103),.UNSPECIFIED.,.T.,.F.,(8,6,6,6,6,6,6,6,6,6,8),(0.,
    8.234485223218E-02,0.180750759905,0.344501869879,0.442272969951,
    0.531818774297,0.631500505059,0.750063793966,0.844378002072,
    0.948705839642,1.),.UNSPECIFIED.);
#3042 = CARTESIAN_POINT('',(1.961750079242,4.7));
#3043 = CARTESIAN_POINT('',(1.965924846024,4.7));
#3044 = CARTESIAN_POINT('',(1.970057660189,4.73092969924));
#3045 = CARTESIAN_POINT('',(1.974078409027,4.791670822752));
#3046 = CARTESIAN_POINT('',(1.977920767743,4.879823477415));
#3047 = CARTESIAN_POINT('',(1.981526663341,4.99178667822));
#3048 = CARTESIAN_POINT('',(1.984850045296,5.122823003665));
#3049 = CARTESIAN_POINT('',(1.991456953949,5.43953388484));
#3050 = CARTESIAN_POINT('',(1.994651932716,5.633068991563));
#3051 = CARTESIAN_POINT('',(1.997452636687,5.842525600656));
#3052 = CARTESIAN_POINT('',(1.999873073215,6.063973124918));
#3053 = CARTESIAN_POINT('',(2.001929153337,6.294403912747));
#3054 = CARTESIAN_POINT('',(2.003635640601,6.531501957946));
#3055 = CARTESIAN_POINT('',(2.007282106938,7.176230811115));
#3056 = CARTESIAN_POINT('',(2.008624380702,7.592506725845));
#3057 = CARTESIAN_POINT('',(2.009087742501,8.014533865535));
#3058 = CARTESIAN_POINT('',(2.008692648499,8.437300607314));
#3059 = CARTESIAN_POINT('',(2.007427618315,8.855664476112));
#3060 = CARTESIAN_POINT('',(2.005251161418,9.263388147561));
#3061 = CARTESIAN_POINT('',(2.00021554534,9.880834869576));
#3062 = CARTESIAN_POINT('',(1.997979178733,10.104835218937));
#3063 = CARTESIAN_POINT('',(1.995374952461,10.31925184432));
#3064 = CARTESIAN_POINT('',(1.99239031648,10.520714683399));
#3065 = CARTESIAN_POINT('',(1.989016065851,10.705139999546));
#3066 = CARTESIAN_POINT('',(1.985249501951,10.867555005731));
#3067 = CARTESIAN_POINT('',(1.97729994491,11.124723601632));
#3068 = CARTESIAN_POINT('',(1.973148273001,11.225002961021));
#3069 = CARTESIAN_POINT('',(1.968732651682,11.294299931632));
#3070 = CARTESIAN_POINT('',(1.964164086196,11.327454689101));
#3071 = CARTESIAN_POINT('',(1.959566432665,11.32251606914));
#3072 = CARTESIAN_POINT('',(1.955064203204,11.2808023659));
#3073 = CARTESIAN_POINT('',(1.945987293456,11.124797629677));
#3074 = CARTESIAN_POINT('',(1.941527742327,11.00395369762));
#3075 = CARTESIAN_POINT('',(1.93743742343,10.851225761262));
#3076 = CARTESIAN_POINT('',(1.933744382572,10.672811108467));
#3077 = CARTESIAN_POINT('',(1.930462702707,10.474516119262));
#3078 = CARTESIAN_POINT('',(1.927594389628,10.261828856789));
#3079 = CARTESIAN_POINT('',(1.922198115291,9.775987703985));
#3080 = CARTESIAN_POINT('',(1.919806899553,9.496253560798));
#3081 = CARTESIAN_POINT('',(1.917928502164,9.205993388046));
#3082 = CARTESIAN_POINT('',(1.916538077181,8.908839538652));
#3083 = CARTESIAN_POINT('',(1.915617110239,8.607426561686));
#3084 = CARTESIAN_POINT('',(1.915155945723,8.303843024071));
#3085 = CARTESIAN_POINT('',(1.915155945723,7.758300276011));
#3086 = CARTESIAN_POINT('',(1.915447771229,7.516680936083));
#3087 = CARTESIAN_POINT('',(1.916031052097,7.276170414047));
#3088 = CARTESIAN_POINT('',(1.916909505607,7.037832612131));
#3089 = CARTESIAN_POINT('',(1.918090352501,6.802907144437));
#3090 = CARTESIAN_POINT('',(1.919583719515,6.572953624942));
#3091 = CARTESIAN_POINT('',(1.923413392723,6.10337470318));
#3092 = CARTESIAN_POINT('',(1.925830651596,5.864298628633));
#3093 = CARTESIAN_POINT('',(1.928671155492,5.636314840486));
#3094 = CARTESIAN_POINT('',(1.931949083846,5.423741388914));
#3095 = CARTESIAN_POINT('',(1.935673188221,5.231776113079));
#3096 = CARTESIAN_POINT('',(1.93984253466,5.066717731616));
#3097 = CARTESIAN_POINT('',(1.94669770435,4.872306414475));
#3098 = CARTESIAN_POINT('',(1.949058094001,4.816683363748));
#3099 = CARTESIAN_POINT('',(1.951503404022,4.770796452253));
#3100 = CARTESIAN_POINT('',(1.954015457827,4.735638578333));
#3101 = CARTESIAN_POINT('',(1.956574480348,4.711907903391));
#3102 = CARTESIAN_POINT('',(1.959159721433,4.7));
#3103 = CARTESIAN_POINT('',(1.961750079242,4.7));
#3104 = ( GEOMETRIC_REPRESENTATION_CONTEXT(2) 
PARAMETRIC_REPRESENTATION_CONTEXT() REPRESENTATION_CONTEXT('2D SPACE',''
  ) );
#3105 = ORIENTED_EDGE('',*,*,#2885,.T.);
#3106 = ADVANCED_FACE('',(#3107),#656,.F.);
#3107 = FACE_BOUND('',#3108,.F.);
#3108 = EDGE_LOOP('',(#3109,#3110,#3133,#3331));
#3109 = ORIENTED_EDGE('',*,*,#522,.F.);
#3110 = ORIENTED_EDGE('',*,*,#3111,.F.);
#3111 = EDGE_CURVE('',#3112,#523,#3114,.T.);
#3112 = VERTEX_POINT('',#3113);
#3113 = CARTESIAN_POINT('',(-70.22762102682,9.370365249717,95.7));
#3114 = SEAM_CURVE('',#3115,(#3119,#3126),.PCURVE_S1.);
#3115 = LINE('',#3116,#3117);
#3116 = CARTESIAN_POINT('',(-66.26275886581,8.841339688689,95.7));
#3117 = VECTOR('',#3118,1.);
#3118 = DIRECTION('',(-0.991215540252,0.132256390257,2.22044604925E-16)
  );
#3119 = PCURVE('',#656,#3120);
#3120 = DEFINITIONAL_REPRESENTATION('',(#3121),#3125);
#3121 = LINE('',#3122,#3123);
#3122 = CARTESIAN_POINT('',(6.28318530718,-0.));
#3123 = VECTOR('',#3124,1.);
#3124 = DIRECTION('',(0.,1.));
#3125 = ( GEOMETRIC_REPRESENTATION_CONTEXT(2) 
PARAMETRIC_REPRESENTATION_CONTEXT() REPRESENTATION_CONTEXT('2D SPACE',''
  ) );
#3126 = PCURVE('',#656,#3127);
#3127 = DEFINITIONAL_REPRESENTATION('',(#3128),#3132);
#3128 = LINE('',#3129,#3130);
#3129 = CARTESIAN_POINT('',(0.,-0.));
#3130 = VECTOR('',#3131,1.);
#3131 = DIRECTION('',(0.,1.));
#3132 = ( GEOMETRIC_REPRESENTATION_CONTEXT(2) 
PARAMETRIC_REPRESENTATION_CONTEXT() REPRESENTATION_CONTEXT('2D SPACE',''
  ) );
#3133 = ORIENTED_EDGE('',*,*,#3134,.T.);
#3134 = EDGE_CURVE('',#3112,#3112,#3135,.T.);
#3135 = SURFACE_CURVE('',#3136,(#3199,#3265),.PCURVE_S1.);
#3136 = B_SPLINE_CURVE_WITH_KNOTS('',7,(#3137,#3138,#3139,#3140,#3141,
    #3142,#3143,#3144,#3145,#3146,#3147,#3148,#3149,#3150,#3151,#3152,
    #3153,#3154,#3155,#3156,#3157,#3158,#3159,#3160,#3161,#3162,#3163,
    #3164,#3165,#3166,#3167,#3168,#3169,#3170,#3171,#3172,#3173,#3174,
    #3175,#3176,#3177,#3178,#3179,#3180,#3181,#3182,#3183,#3184,#3185,
    #3186,#3187,#3188,#3189,#3190,#3191,#3192,#3193,#3194,#3195,#3196,
    #3197,#3198),.UNSPECIFIED.,.T.,.F.,(8,6,6,6,6,6,6,6,6,6,8),(0.,
    8.234485444815E-02,0.18075076565,0.344501884757,0.442272985131,
    0.531818787562,0.631500517669,0.750063804541,0.844378008634,
    0.948705841797,1.),.UNSPECIFIED.);
#3137 = CARTESIAN_POINT('',(-70.22762102682,9.370365249717,95.7));
#3138 = CARTESIAN_POINT('',(-70.26674011675,9.077181307643,95.7));
#3139 = CARTESIAN_POINT('',(-70.30403847064,8.786753129956,
    95.730929698252));
#3140 = CARTESIAN_POINT('',(-70.33890775927,8.504019478658,
    95.791670824179));
#3141 = CARTESIAN_POINT('',(-70.37092468108,8.233672530115,
    95.879823477893));
#3142 = CARTESIAN_POINT('',(-70.39985729164,7.979835353796,
    95.991786676081));
#3143 = CARTESIAN_POINT('',(-70.42563978662,7.745788361799,
    96.122823004956));
#3144 = CARTESIAN_POINT('',(-70.47541454966,7.280342776814,
    96.439533884839));
#3145 = CARTESIAN_POINT('',(-70.49842107872,7.055148161405,
    96.633068991563));
#3146 = CARTESIAN_POINT('',(-70.51782218473,6.85766704009,
    96.842525600656));
#3147 = CARTESIAN_POINT('',(-70.53406264739,6.686948863534,
    97.063973124918));
#3148 = CARTESIAN_POINT('',(-70.54751331718,6.541897498785,
    97.294403912747));
#3149 = CARTESIAN_POINT('',(-70.55846071401,6.421489417367,
    97.531501957946));
#3150 = CARTESIAN_POINT('',(-70.58152424539,6.16416879367,
    98.176230819139));
#3151 = CARTESIAN_POINT('',(-70.58958693334,6.069410156738,
    98.592506692694));
#3152 = CARTESIAN_POINT('',(-70.59229446472,6.036693286505,
    99.014533929316));
#3153 = CARTESIAN_POINT('',(-70.58995717251,6.064587837343,
    99.437300537998));
#3154 = CARTESIAN_POINT('',(-70.58242124454,6.153897338869,
    99.855664516909));
#3155 = CARTESIAN_POINT('',(-70.56902728852,6.307518661159,
    100.26338813681));
#3156 = CARTESIAN_POINT('',(-70.53614491617,6.662773513289,
    100.88083486383));
#3157 = CARTESIAN_POINT('',(-70.52124980917,6.820518689608,
    101.10483523327));
#3158 = CARTESIAN_POINT('',(-70.50346372427,7.004169768663,
    101.31925183199));
#3159 = CARTESIAN_POINT('',(-70.48243837939,7.214585327747,
    101.52071468304));
#3160 = CARTESIAN_POINT('',(-70.45777062192,7.452378471967,
    101.7051400063));
#3161 = CARTESIAN_POINT('',(-70.42901526911,7.717689542999,
    101.86755500244));
#3162 = CARTESIAN_POINT('',(-70.36534103467,8.277304819897,
    102.12472360163));
#3163 = CARTESIAN_POINT('',(-70.33090030621,8.569429859546,
    102.22500296101));
#3164 = CARTESIAN_POINT('',(-70.29276832017,8.879950483924,
    102.29429993163));
#3165 = CARTESIAN_POINT('',(-70.25153964892,9.201005828679,
    102.3274546891));
#3166 = CARTESIAN_POINT('',(-70.20819778801,9.52386145736,
    102.32251606913));
#3167 = CARTESIAN_POINT('',(-70.16404977533,9.839778113399,
    102.2808023659));
#3168 = CARTESIAN_POINT('',(-70.07200110135,10.476255484171,
    102.12479762845));
#3169 = CARTESIAN_POINT('',(-70.02490654111,10.788690884357,
    102.00395369971));
#3170 = CARTESIAN_POINT('',(-69.98014125176,11.075018122602,
    101.85122576321));
#3171 = CARTESIAN_POINT('',(-69.93850886125,11.333340678066,
    101.67281109998));
#3172 = CARTESIAN_POINT('',(-69.90062307371,11.56274222835,101.474516128
    ));
#3173 = CARTESIAN_POINT('',(-69.86688393822,11.763142542177,
    101.26182885341));
#3174 = CARTESIAN_POINT('',(-69.80247794074,12.140004665162,
    100.77598771079));
#3175 = CARTESIAN_POINT('',(-69.77323789813,12.306881463328,
    100.49625354544));
#3176 = CARTESIAN_POINT('',(-69.74988346072,12.437901162095,
    100.20599339553));
#3177 = CARTESIAN_POINT('',(-69.73241419196,12.534851564337,
    99.908839551462));
#3178 = CARTESIAN_POINT('',(-69.72078123971,12.599056710628,
    99.607426543206));
#3179 = CARTESIAN_POINT('',(-69.71495618091,12.631206778946,
    99.303843031786));
#3180 = CARTESIAN_POINT('',(-69.71495618091,12.631206778946,
    98.758300276011));
#3181 = CARTESIAN_POINT('',(-69.71864230621,12.610862182328,
    98.516680936083));
#3182 = CARTESIAN_POINT('',(-69.72600978646,12.570198762158,
    98.276170414047));
#3183 = CARTESIAN_POINT('',(-69.73706840315,12.508950664549,
    98.037832612131));
#3184 = CARTESIAN_POINT('',(-69.75183449151,12.426600900439,
    97.802907144437));
#3185 = CARTESIAN_POINT('',(-69.77031610183,12.32242214392,
    97.572953624942));
#3186 = CARTESIAN_POINT('',(-69.81702094975,12.0551397098,
    97.103374703105));
#3187 = CARTESIAN_POINT('',(-69.84617123512,11.886375630234,
    96.864298628642));
#3188 = CARTESIAN_POINT('',(-69.87991451176,11.687973774415,
    96.636314840545));
#3189 = CARTESIAN_POINT('',(-69.91809367638,11.458889681583,
    96.423741388947));
#3190 = CARTESIAN_POINT('',(-69.96038614124,11.198443601505,
    96.231776113053));
#3191 = CARTESIAN_POINT('',(-70.00624349506,10.906621313618,
    96.066717731585));
#3192 = CARTESIAN_POINT('',(-70.07880322604,10.426383175709,
    95.872306414475));
#3193 = CARTESIAN_POINT('',(-70.10337020344,10.260963358633,
    95.816683363748));
#3194 = CARTESIAN_POINT('',(-70.1283507071,10.089522432587,
    95.770796452253));
#3195 = CARTESIAN_POINT('',(-70.15349939824,9.913327727135,
    95.735638578333));
#3196 = CARTESIAN_POINT('',(-70.17857432629,9.733761951848,
    95.711907903391));
#3197 = CARTESIAN_POINT('',(-70.20334842802,9.552279916241,95.7));
#3198 = CARTESIAN_POINT('',(-70.22762102682,9.370365249717,95.7));
#3199 = PCURVE('',#656,#3200);
#3200 = DEFINITIONAL_REPRESENTATION('',(#3201),#3264);
#3201 = B_SPLINE_CURVE_WITH_KNOTS('',7,(#3202,#3203,#3204,#3205,#3206,
    #3207,#3208,#3209,#3210,#3211,#3212,#3213,#3214,#3215,#3216,#3217,
    #3218,#3219,#3220,#3221,#3222,#3223,#3224,#3225,#3226,#3227,#3228,
    #3229,#3230,#3231,#3232,#3233,#3234,#3235,#3236,#3237,#3238,#3239,
    #3240,#3241,#3242,#3243,#3244,#3245,#3246,#3247,#3248,#3249,#3250,
    #3251,#3252,#3253,#3254,#3255,#3256,#3257,#3258,#3259,#3260,#3261,
    #3262,#3263),.UNSPECIFIED.,.F.,.F.,(8,6,6,6,6,6,6,6,6,6,8),(0.,
    8.234485444815E-02,0.18075076565,0.344501884757,0.442272985131,
    0.531818787562,0.631500517669,0.750063804541,0.844378008634,
    0.948705841797,1.),.UNSPECIFIED.);
#3202 = CARTESIAN_POINT('',(0.,4.));
#3203 = CARTESIAN_POINT('',(8.96309785336E-02,4.));
#3204 = CARTESIAN_POINT('',(0.178361136267,3.998559725593));
#3205 = CARTESIAN_POINT('',(0.265859410252,3.995729374239));
#3206 = CARTESIAN_POINT('',(0.351767341829,3.991709933156));
#3207 = CARTESIAN_POINT('',(0.435661880467,3.986816797706));
#3208 = CARTESIAN_POINT('',(0.516993354479,3.981418597085));
#3209 = CARTESIAN_POINT('',(0.68821849669,3.969197962793));
#3210 = CARTESIAN_POINT('',(0.777872082895,3.962218964986));
#3211 = CARTESIAN_POINT('',(0.864535966287,3.955331502515));
#3212 = CARTESIAN_POINT('',(0.948672940314,3.948850731703));
#3213 = CARTESIAN_POINT('',(1.030694823804,3.942999274719));
#3214 = CARTESIAN_POINT('',(1.111001650517,3.937925766375));
#3215 = CARTESIAN_POINT('',(1.321448796774,3.926754400265));
#3216 = CARTESIAN_POINT('',(1.449255693378,3.922213826592));
#3217 = CARTESIAN_POINT('',(1.575383468651,3.920570558613));
#3218 = CARTESIAN_POINT('',(1.701378951778,3.921943030853));
#3219 = CARTESIAN_POINT('',(1.828776096094,3.92628505422));
#3220 = CARTESIAN_POINT('',(1.959116033739,3.933326158422));
#3221 = CARTESIAN_POINT('',(2.175166357406,3.947717364314));
#3222 = CARTESIAN_POINT('',(2.25794041691,3.953815910388));
#3223 = CARTESIAN_POINT('',(2.343009271539,3.96047509541));
#3224 = CARTESIAN_POINT('',(2.430674892301,3.96746324913));
#3225 = CARTESIAN_POINT('',(2.521294015664,3.97446184746));
#3226 = CARTESIAN_POINT('',(2.615277276004,3.98104817944));
#3227 = CARTESIAN_POINT('',(2.802872514751,3.991945985206));
#3228 = CARTESIAN_POINT('',(2.896567053444,3.996443203184));
#3229 = CARTESIAN_POINT('',(2.992701190584,3.999714522923));
#3230 = CARTESIAN_POINT('',(3.090107197519,4.001309644246));
#3231 = CARTESIAN_POINT('',(3.187787280757,4.001048238191));
#3232 = CARTESIAN_POINT('',(3.284702939397,3.999070038503));
#3233 = CARTESIAN_POINT('',(3.485222010963,3.992008161933));
#3234 = CARTESIAN_POINT('',(3.586890031073,3.986648880182));
#3235 = CARTESIAN_POINT('',(3.685048510177,3.980145436679));
#3236 = CARTESIAN_POINT('',(3.779948373933,3.973043572935));
#3237 = CARTESIAN_POINT('',(3.871737714576,3.965830412528));
#3238 = CARTESIAN_POINT('',(3.960444540509,3.958891879227));
#3239 = CARTESIAN_POINT('',(4.147740525547,3.94489407765));
#3240 = CARTESIAN_POINT('',(4.246082011103,3.937981415963));
#3241 = CARTESIAN_POINT('',(4.341847190323,3.932160327082));
#3242 = CARTESIAN_POINT('',(4.435707742365,3.927666826641));
#3243 = CARTESIAN_POINT('',(4.528320440777,3.924627604472));
#3244 = CARTESIAN_POINT('',(4.620315334389,3.923105767657));
#3245 = CARTESIAN_POINT('',(4.785631320987,3.923105767657));
#3246 = CARTESIAN_POINT('',(4.858849553043,3.924068809427));
#3247 = CARTESIAN_POINT('',(4.932372435104,3.925993573176));
#3248 = CARTESIAN_POINT('',(5.006520381826,3.928854593589));
#3249 = CARTESIAN_POINT('',(5.081610488686,3.932599687297));
#3250 = CARTESIAN_POINT('',(5.157974219391,3.937140640384));
#3251 = CARTESIAN_POINT('',(5.322284229651,3.948085401528));
#3252 = CARTESIAN_POINT('',(5.410955084828,3.954659489422));
#3253 = CARTESIAN_POINT('',(5.50230884382,3.961866436339));
#3254 = CARTESIAN_POINT('',(5.596671675815,3.969412382435));
#3255 = CARTESIAN_POINT('',(5.694450331625,3.976887672432));
#3256 = CARTESIAN_POINT('',(5.796121715613,3.983746831786));
#3257 = CARTESIAN_POINT('',(5.954632534877,3.992154602147));
#3258 = CARTESIAN_POINT('',(6.007938872272,3.994627944039));
#3259 = CARTESIAN_POINT('',(6.062075925675,3.996714849441));
#3260 = CARTESIAN_POINT('',(6.116844942511,3.998339747198));
#3261 = CARTESIAN_POINT('',(6.172066801104,3.999445684296));
#3262 = CARTESIAN_POINT('',(6.227571109981,4.));
#3263 = CARTESIAN_POINT('',(6.28318530718,4.));
#3264 = ( GEOMETRIC_REPRESENTATION_CONTEXT(2) 
PARAMETRIC_REPRESENTATION_CONTEXT() REPRESENTATION_CONTEXT('2D SPACE',''
  ) );
#3265 = PCURVE('',#2613,#3266);
#3266 = DEFINITIONAL_REPRESENTATION('',(#3267),#3330);
#3267 = B_SPLINE_CURVE_WITH_KNOTS('',7,(#3268,#3269,#3270,#3271,#3272,
    #3273,#3274,#3275,#3276,#3277,#3278,#3279,#3280,#3281,#3282,#3283,
    #3284,#3285,#3286,#3287,#3288,#3289,#3290,#3291,#3292,#3293,#3294,
    #3295,#3296,#3297,#3298,#3299,#3300,#3301,#3302,#3303,#3304,#3305,
    #3306,#3307,#3308,#3309,#3310,#3311,#3312,#3313,#3314,#3315,#3316,
    #3317,#3318,#3319,#3320,#3321,#3322,#3323,#3324,#3325,#3326,#3327,
    #3328,#3329),.UNSPECIFIED.,.T.,.F.,(8,6,6,6,6,6,6,6,6,6,8),(0.,
    8.234485444815E-02,0.18075076565,0.344501884757,0.442272985131,
    0.531818787562,0.631500517669,0.750063804541,0.844378008634,
    0.948705841797,1.),.UNSPECIFIED.);
#3268 = CARTESIAN_POINT('',(3.008947630438,4.7));
#3269 = CARTESIAN_POINT('',(3.013122397258,4.7));
#3270 = CARTESIAN_POINT('',(3.017255211304,4.730929698252));
#3271 = CARTESIAN_POINT('',(3.021275960267,4.791670824179));
#3272 = CARTESIAN_POINT('',(3.02511831899,4.879823477893));
#3273 = CARTESIAN_POINT('',(3.028724214465,4.991786676081));
#3274 = CARTESIAN_POINT('',(3.032047596519,5.122823004956));
#3275 = CARTESIAN_POINT('',(3.038654505146,5.439533884839));
#3276 = CARTESIAN_POINT('',(3.041849483913,5.633068991563));
#3277 = CARTESIAN_POINT('',(3.044650187883,5.842525600656));
#3278 = CARTESIAN_POINT('',(3.047070624412,6.063973124918));
#3279 = CARTESIAN_POINT('',(3.049126704533,6.294403912747));
#3280 = CARTESIAN_POINT('',(3.050833191798,6.531501957946));
#3281 = CARTESIAN_POINT('',(3.05447965818,7.176230819139));
#3282 = CARTESIAN_POINT('',(3.055821931817,7.592506692694));
#3283 = CARTESIAN_POINT('',(3.056285293691,8.014533929315));
#3284 = CARTESIAN_POINT('',(3.055890199869,8.437300537998));
#3285 = CARTESIAN_POINT('',(3.054625169308,8.855664516909));
#3286 = CARTESIAN_POINT('',(3.052448712702,9.263388136818));
#3287 = CARTESIAN_POINT('',(3.047413096584,9.88083486383));
#3288 = CARTESIAN_POINT('',(3.045176729839,10.104835233279));
#3289 = CARTESIAN_POINT('',(3.042572503638,10.319251831996));
#3290 = CARTESIAN_POINT('',(3.0395878679,10.520714683046));
#3291 = CARTESIAN_POINT('',(3.036213616796,10.705140006309));
#3292 = CARTESIAN_POINT('',(3.032447053249,10.867555002442));
#3293 = CARTESIAN_POINT('',(3.024497496106,11.124723601633));
#3294 = CARTESIAN_POINT('',(3.020345824198,11.225002961018));
#3295 = CARTESIAN_POINT('',(3.015930202879,11.294299931633));
#3296 = CARTESIAN_POINT('',(3.011361637392,11.327454689102));
#3297 = CARTESIAN_POINT('',(3.006763983861,11.322516069138));
#3298 = CARTESIAN_POINT('',(3.002261754401,11.280802365901));
#3299 = CARTESIAN_POINT('',(2.993184844581,11.124797628458));
#3300 = CARTESIAN_POINT('',(2.988725293698,11.003953699717));
#3301 = CARTESIAN_POINT('',(2.98463497448,10.851225763213));
#3302 = CARTESIAN_POINT('',(2.980941933766,10.67281109998));
#3303 = CARTESIAN_POINT('',(2.97766025398,10.474516127999));
#3304 = CARTESIAN_POINT('',(2.974791940787,10.261828853413));
#3305 = CARTESIAN_POINT('',(2.969395666563,9.775987710796));
#3306 = CARTESIAN_POINT('',(2.967004450551,9.496253545441));
#3307 = CARTESIAN_POINT('',(2.965126053584,9.20599339553));
#3308 = CARTESIAN_POINT('',(2.963735628258,8.908839551462));
#3309 = CARTESIAN_POINT('',(2.962814661461,8.607426543206));
#3310 = CARTESIAN_POINT('',(2.962353496919,8.303843031786));
#3311 = CARTESIAN_POINT('',(2.962353496919,7.758300276011));
#3312 = CARTESIAN_POINT('',(2.962645322426,7.516680936083));
#3313 = CARTESIAN_POINT('',(2.963228603294,7.276170414047));
#3314 = CARTESIAN_POINT('',(2.964107056804,7.037832612131));
#3315 = CARTESIAN_POINT('',(2.965287903698,6.802907144437));
#3316 = CARTESIAN_POINT('',(2.966781270712,6.572953624942));
#3317 = CARTESIAN_POINT('',(2.97061094392,6.103374703105));
#3318 = CARTESIAN_POINT('',(2.973028202793,5.864298628642));
#3319 = CARTESIAN_POINT('',(2.975868706688,5.636314840545));
#3320 = CARTESIAN_POINT('',(2.979146635042,5.423741388947));
#3321 = CARTESIAN_POINT('',(2.982870739418,5.231776113053));
#3322 = CARTESIAN_POINT('',(2.987040085858,5.066717731585));
#3323 = CARTESIAN_POINT('',(2.993895255546,4.872306414475));
#3324 = CARTESIAN_POINT('',(2.996255645198,4.816683363748));
#3325 = CARTESIAN_POINT('',(2.998700955218,4.770796452253));
#3326 = CARTESIAN_POINT('',(3.001213009023,4.735638578333));
#3327 = CARTESIAN_POINT('',(3.003772031544,4.711907903391));
#3328 = CARTESIAN_POINT('',(3.006357272629,4.7));
#3329 = CARTESIAN_POINT('',(3.008947630438,4.7));
#3330 = ( GEOMETRIC_REPRESENTATION_CONTEXT(2) 
PARAMETRIC_REPRESENTATION_CONTEXT() REPRESENTATION_CONTEXT('2D SPACE',''
  ) );
#3331 = ORIENTED_EDGE('',*,*,#3111,.T.);
#3332 = ADVANCED_FACE('',(#3333),#863,.F.);
#3333 = FACE_BOUND('',#3334,.F.);
#3334 = EDGE_LOOP('',(#3335,#3336,#3359,#3557));
#3335 = ORIENTED_EDGE('',*,*,#729,.F.);
#3336 = ORIENTED_EDGE('',*,*,#3337,.F.);
#3337 = EDGE_CURVE('',#3338,#730,#3340,.T.);
#3338 = VERTEX_POINT('',#3339);
#3339 = CARTESIAN_POINT('',(-43.2287848624,-56.13372123171,95.7));
#3340 = SEAM_CURVE('',#3341,(#3345,#3352),.PCURVE_S1.);
#3341 = LINE('',#3342,#3343);
#3342 = CARTESIAN_POINT('',(-40.7882042068,-52.96456265829,95.7));
#3343 = VECTOR('',#3344,1.);
#3344 = DIRECTION('',(-0.610145163901,-0.792289643355,2.22044604925E-16)
  );
#3345 = PCURVE('',#863,#3346);
#3346 = DEFINITIONAL_REPRESENTATION('',(#3347),#3351);
#3347 = LINE('',#3348,#3349);
#3348 = CARTESIAN_POINT('',(6.28318530718,-0.));
#3349 = VECTOR('',#3350,1.);
#3350 = DIRECTION('',(0.,1.));
#3351 = ( GEOMETRIC_REPRESENTATION_CONTEXT(2) 
PARAMETRIC_REPRESENTATION_CONTEXT() REPRESENTATION_CONTEXT('2D SPACE',''
  ) );
#3352 = PCURVE('',#863,#3353);
#3353 = DEFINITIONAL_REPRESENTATION('',(#3354),#3358);
#3354 = LINE('',#3355,#3356);
#3355 = CARTESIAN_POINT('',(0.,-0.));
#3356 = VECTOR('',#3357,1.);
#3357 = DIRECTION('',(0.,1.));
#3358 = ( GEOMETRIC_REPRESENTATION_CONTEXT(2) 
PARAMETRIC_REPRESENTATION_CONTEXT() REPRESENTATION_CONTEXT('2D SPACE',''
  ) );
#3359 = ORIENTED_EDGE('',*,*,#3360,.T.);
#3360 = EDGE_CURVE('',#3338,#3338,#3361,.T.);
#3361 = SURFACE_CURVE('',#3362,(#3425,#3491),.PCURVE_S1.);
#3362 = B_SPLINE_CURVE_WITH_KNOTS('',7,(#3363,#3364,#3365,#3366,#3367,
    #3368,#3369,#3370,#3371,#3372,#3373,#3374,#3375,#3376,#3377,#3378,
    #3379,#3380,#3381,#3382,#3383,#3384,#3385,#3386,#3387,#3388,#3389,
    #3390,#3391,#3392,#3393,#3394,#3395,#3396,#3397,#3398,#3399,#3400,
    #3401,#3402,#3403,#3404,#3405,#3406,#3407,#3408,#3409,#3410,#3411,
    #3412,#3413,#3414,#3415,#3416,#3417,#3418,#3419,#3420,#3421,#3422,
    #3423,#3424),.UNSPECIFIED.,.T.,.F.,(8,6,6,6,6,6,6,6,6,6,8),(0.,
    8.234485274903E-02,0.180750761101,0.344501875468,0.442272973011,
    0.531818772779,0.631500501478,0.75006379154,0.844378000565,
    0.948705839147,1.),.UNSPECIFIED.);
#3363 = CARTESIAN_POINT('',(-43.2287848624,-56.13372123171,95.7));
#3364 = CARTESIAN_POINT('',(-42.99443966755,-56.31419132686,95.7));
#3365 = CARTESIAN_POINT('',(-42.761570658,-56.49170674276,
    95.730929699261));
#3366 = CARTESIAN_POINT('',(-42.53415078494,-56.66327125279,
    95.791670822755));
#3367 = CARTESIAN_POINT('',(-42.316031921,-56.82617219432,
    95.879823477363));
#3368 = CARTESIAN_POINT('',(-42.11066877611,-56.97814716352,
    95.99178667818));
#3369 = CARTESIAN_POINT('',(-41.9208693884,-57.11749895104,
    96.122823003756));
#3370 = CARTESIAN_POINT('',(-41.54266906781,-57.39332795384,
    96.439533884839));
#3371 = CARTESIAN_POINT('',(-41.3591480746,-57.52584950016,
    96.633068991563));
#3372 = CARTESIAN_POINT('',(-41.19782495978,-57.64139191149,
    96.842525600656));
#3373 = CARTESIAN_POINT('',(-41.05809891332,-57.740815653,
    97.063973124918));
#3374 = CARTESIAN_POINT('',(-40.93920608149,-57.82498995711,
    97.294403912747));
#3375 = CARTESIAN_POINT('',(-40.84040332258,-57.89467472158,
    97.531501957947));
#3376 = CARTESIAN_POINT('',(-40.62908889123,-58.0433086375,
    98.176230819139));
#3377 = CARTESIAN_POINT('',(-40.55105684839,-58.09767044856,
    98.592506692695));
#3378 = CARTESIAN_POINT('',(-40.52407697333,-58.11637367463,
    99.014533929315));
#3379 = CARTESIAN_POINT('',(-40.54706571687,-58.10040224478,
    99.437300537998));
#3380 = CARTESIAN_POINT('',(-40.62064205001,-58.04922118895,
    99.85566451691));
#3381 = CARTESIAN_POINT('',(-40.74698503966,-57.96081102163,
    100.26338813681));
#3382 = CARTESIAN_POINT('',(-41.03820358025,-57.75470662578,
    100.88083486383));
#3383 = CARTESIAN_POINT('',(-41.16736735677,-57.66293449657,
    101.10483523327));
#3384 = CARTESIAN_POINT('',(-41.31752081421,-57.55570575568,
    101.31925183199));
#3385 = CARTESIAN_POINT('',(-41.48923336129,-57.43228949335,
    101.52071468304));
#3386 = CARTESIAN_POINT('',(-41.6828343863,-57.29203001661,
    101.70514000631));
#3387 = CARTESIAN_POINT('',(-41.89822283731,-57.13447161507,
    101.86755500244));
#3388 = CARTESIAN_POINT('',(-42.35102676606,-56.79952047216,
    102.12472360153));
#3389 = CARTESIAN_POINT('',(-42.58679410759,-56.62363140631,
    102.22500296116));
#3390 = CARTESIAN_POINT('',(-42.83664686365,-56.43534782553,
    102.29429993158));
#3391 = CARTESIAN_POINT('',(-43.09407461232,-56.2391150767,
    102.32745468902));
#3392 = CARTESIAN_POINT('',(-43.35200485802,-56.0401521098,
    102.32251606924));
#3393 = CARTESIAN_POINT('',(-43.60352270164,-55.84396048099,
    102.28080236584));
#3394 = CARTESIAN_POINT('',(-44.10870394046,-55.44600530258,
    102.12479762723));
#3395 = CARTESIAN_POINT('',(-44.35573364027,-55.24900252769,
    102.00395370181));
#3396 = CARTESIAN_POINT('',(-44.58131767571,-55.06707101676,
    101.85122576516));
#3397 = CARTESIAN_POINT('',(-44.78421536759,-54.90185503732,
    101.67281109148));
#3398 = CARTESIAN_POINT('',(-44.96394003984,-54.75434421155,
    101.47451613674));
#3399 = CARTESIAN_POINT('',(-45.12062224102,-54.62492510097,
    101.26182885003));
#3400 = CARTESIAN_POINT('',(-45.41479141658,-54.38071680778,
    100.77598770398));
#3401 = CARTESIAN_POINT('',(-45.54469092682,-54.27195580143,
    100.49625356079));
#3402 = CARTESIAN_POINT('',(-45.64648011865,-54.18622039685,
    100.20599338804));
#3403 = CARTESIAN_POINT('',(-45.72170697684,-54.12261638069,
    99.908839538651));
#3404 = CARTESIAN_POINT('',(-45.77149379637,-54.08043936882,
    99.607426561687));
#3405 = CARTESIAN_POINT('',(-45.79642404148,-54.05931968692,
    99.303843024071));
#3406 = CARTESIAN_POINT('',(-45.79642404148,-54.05931968692,
    98.758300276011));
#3407 = CARTESIAN_POINT('',(-45.78064816663,-54.07268426338,
    98.516680936083));
#3408 = CARTESIAN_POINT('',(-45.74911635188,-54.09939639852,
    98.276170414048));
#3409 = CARTESIAN_POINT('',(-45.70160325176,-54.13959749031,
    98.037832612131));
#3410 = CARTESIAN_POINT('',(-45.63766930822,-54.19356017999,
    97.802907144436));
#3411 = CARTESIAN_POINT('',(-45.55668866371,-54.2616551023,
    97.572953624942));
#3412 = CARTESIAN_POINT('',(-45.34856770977,-54.4357439041,
    97.103374703193));
#3413 = CARTESIAN_POINT('',(-45.21698887228,-54.54537083157,
    96.864298628631));
#3414 = CARTESIAN_POINT('',(-45.06203946325,-54.6737942943,
    96.636314840477));
#3415 = CARTESIAN_POINT('',(-44.88273640155,-54.82140046718,
    96.423741388909));
#3416 = CARTESIAN_POINT('',(-44.67832971237,-54.98824985612,
    96.231776113082));
#3417 = CARTESIAN_POINT('',(-44.44853287465,-55.17387463338,
    96.066717731621));
#3418 = CARTESIAN_POINT('',(-44.06891431278,-55.47683227271,
    95.872306414475));
#3419 = CARTESIAN_POINT('',(-43.9379400376,-55.58081780777,
    95.816683363748));
#3420 = CARTESIAN_POINT('',(-43.80195809222,-55.68817202156,
    95.770796452253));
#3421 = CARTESIAN_POINT('',(-43.66194334686,-55.79804877969,
    95.735638578333));
#3422 = CARTESIAN_POINT('',(-43.51897228783,-55.90954719202,
    95.711907903391));
#3423 = CARTESIAN_POINT('',(-43.37419128553,-56.02174321128,95.7));
#3424 = CARTESIAN_POINT('',(-43.2287848624,-56.13372123171,95.7));
#3425 = PCURVE('',#863,#3426);
#3426 = DEFINITIONAL_REPRESENTATION('',(#3427),#3490);
#3427 = B_SPLINE_CURVE_WITH_KNOTS('',7,(#3428,#3429,#3430,#3431,#3432,
    #3433,#3434,#3435,#3436,#3437,#3438,#3439,#3440,#3441,#3442,#3443,
    #3444,#3445,#3446,#3447,#3448,#3449,#3450,#3451,#3452,#3453,#3454,
    #3455,#3456,#3457,#3458,#3459,#3460,#3461,#3462,#3463,#3464,#3465,
    #3466,#3467,#3468,#3469,#3470,#3471,#3472,#3473,#3474,#3475,#3476,
    #3477,#3478,#3479,#3480,#3481,#3482,#3483,#3484,#3485,#3486,#3487,
    #3488,#3489),.UNSPECIFIED.,.F.,.F.,(8,6,6,6,6,6,6,6,6,6,8),(0.,
    8.234485274903E-02,0.180750761101,0.344501875468,0.442272973011,
    0.531818772779,0.631500501478,0.75006379154,0.844378000565,
    0.948705839147,1.),.UNSPECIFIED.);
#3428 = CARTESIAN_POINT('',(0.,4.));
#3429 = CARTESIAN_POINT('',(8.963097776653E-02,4.));
#3430 = CARTESIAN_POINT('',(0.178361138109,3.998559725552));
#3431 = CARTESIAN_POINT('',(0.265859409187,3.995729374296));
#3432 = CARTESIAN_POINT('',(0.351767340675,3.991709933178));
#3433 = CARTESIAN_POINT('',(0.435661882199,3.986816797622));
#3434 = CARTESIAN_POINT('',(0.51699335383,3.981418597131));
#3435 = CARTESIAN_POINT('',(0.68821849669,3.969197962793));
#3436 = CARTESIAN_POINT('',(0.777872082895,3.962218964986));
#3437 = CARTESIAN_POINT('',(0.864535966287,3.955331502515));
#3438 = CARTESIAN_POINT('',(0.948672940314,3.948850731703));
#3439 = CARTESIAN_POINT('',(1.030694823804,3.942999274719));
#3440 = CARTESIAN_POINT('',(1.111001650517,3.937925766375));
#3441 = CARTESIAN_POINT('',(1.321448796774,3.926754400265));
#3442 = CARTESIAN_POINT('',(1.449255693379,3.922213826592));
#3443 = CARTESIAN_POINT('',(1.575383468651,3.920570558613));
#3444 = CARTESIAN_POINT('',(1.701378951778,3.921943030853));
#3445 = CARTESIAN_POINT('',(1.828776096094,3.926285054221));
#3446 = CARTESIAN_POINT('',(1.959116033738,3.933326158422));
#3447 = CARTESIAN_POINT('',(2.175166357406,3.947717364314));
#3448 = CARTESIAN_POINT('',(2.25794041691,3.953815910388));
#3449 = CARTESIAN_POINT('',(2.343009271539,3.96047509541));
#3450 = CARTESIAN_POINT('',(2.430674892301,3.96746324913));
#3451 = CARTESIAN_POINT('',(2.521294015664,3.97446184746));
#3452 = CARTESIAN_POINT('',(2.615277276004,3.98104817944));
#3453 = CARTESIAN_POINT('',(2.802872514681,3.991945985202));
#3454 = CARTESIAN_POINT('',(2.896567053516,3.99644320319));
#3455 = CARTESIAN_POINT('',(2.992701190639,3.999714522921));
#3456 = CARTESIAN_POINT('',(3.090107197461,4.001309644243));
#3457 = CARTESIAN_POINT('',(3.187787280688,4.001048238195));
#3458 = CARTESIAN_POINT('',(3.284702939467,3.9990700385));
#3459 = CARTESIAN_POINT('',(3.485222012533,3.992008161878));
#3460 = CARTESIAN_POINT('',(3.586890027398,3.9866488803));
#3461 = CARTESIAN_POINT('',(3.685048512653,3.980145436674));
#3462 = CARTESIAN_POINT('',(3.779948375417,3.973043572714));
#3463 = CARTESIAN_POINT('',(3.87173771162,3.965830412779));
#3464 = CARTESIAN_POINT('',(3.960444541812,3.95889187913));
#3465 = CARTESIAN_POINT('',(4.147740528173,3.944894077454));
#3466 = CARTESIAN_POINT('',(4.246082005013,3.937981416485));
#3467 = CARTESIAN_POINT('',(4.341847194223,3.932160326502));
#3468 = CARTESIAN_POINT('',(4.435707745298,3.927666826942));
#3469 = CARTESIAN_POINT('',(4.528320435421,3.924627604413));
#3470 = CARTESIAN_POINT('',(4.620315336727,3.923105767657));
#3471 = CARTESIAN_POINT('',(4.785631320987,3.923105767657));
#3472 = CARTESIAN_POINT('',(4.858849553043,3.924068809427));
#3473 = CARTESIAN_POINT('',(4.932372435104,3.925993573176));
#3474 = CARTESIAN_POINT('',(5.006520381826,3.928854593589));
#3475 = CARTESIAN_POINT('',(5.081610488686,3.932599687297));
#3476 = CARTESIAN_POINT('',(5.157974219391,3.937140640384));
#3477 = CARTESIAN_POINT('',(5.32228422962,3.948085401526));
#3478 = CARTESIAN_POINT('',(5.410955084828,3.954659489422));
#3479 = CARTESIAN_POINT('',(5.502308843845,3.961866436341));
#3480 = CARTESIAN_POINT('',(5.596671675837,3.969412382437));
#3481 = CARTESIAN_POINT('',(5.69445033162,3.976887672431));
#3482 = CARTESIAN_POINT('',(5.796121715583,3.983746831784));
#3483 = CARTESIAN_POINT('',(5.954632534877,3.992154602147));
#3484 = CARTESIAN_POINT('',(6.007938872272,3.994627944039));
#3485 = CARTESIAN_POINT('',(6.062075925675,3.996714849441));
#3486 = CARTESIAN_POINT('',(6.116844942511,3.998339747198));
#3487 = CARTESIAN_POINT('',(6.172066801104,3.999445684296));
#3488 = CARTESIAN_POINT('',(6.227571109981,4.));
#3489 = CARTESIAN_POINT('',(6.28318530718,4.));
#3490 = ( GEOMETRIC_REPRESENTATION_CONTEXT(2) 
PARAMETRIC_REPRESENTATION_CONTEXT() REPRESENTATION_CONTEXT('2D SPACE',''
  ) );
#3491 = PCURVE('',#2613,#3492);
#3492 = DEFINITIONAL_REPRESENTATION('',(#3493),#3556);
#3493 = B_SPLINE_CURVE_WITH_KNOTS('',7,(#3494,#3495,#3496,#3497,#3498,
    #3499,#3500,#3501,#3502,#3503,#3504,#3505,#3506,#3507,#3508,#3509,
    #3510,#3511,#3512,#3513,#3514,#3515,#3516,#3517,#3518,#3519,#3520,
    #3521,#3522,#3523,#3524,#3525,#3526,#3527,#3528,#3529,#3530,#3531,
    #3532,#3533,#3534,#3535,#3536,#3537,#3538,#3539,#3540,#3541,#3542,
    #3543,#3544,#3545,#3546,#3547,#3548,#3549,#3550,#3551,#3552,#3553,
    #3554,#3555),.UNSPECIFIED.,.T.,.F.,(8,6,6,6,6,6,6,6,6,6,8),(0.,
    8.234485274903E-02,0.180750761101,0.344501875468,0.442272973011,
    0.531818772779,0.631500501478,0.75006379154,0.844378000565,
    0.948705839147,1.),.UNSPECIFIED.);
#3494 = CARTESIAN_POINT('',(4.056145181635,4.7));
#3495 = CARTESIAN_POINT('',(4.060319948419,4.7));
#3496 = CARTESIAN_POINT('',(4.064452762583,4.730929699261));
#3497 = CARTESIAN_POINT('',(4.068473511419,4.791670822755));
#3498 = CARTESIAN_POINT('',(4.072315870135,4.879823477363));
#3499 = CARTESIAN_POINT('',(4.075921765734,4.99178667818));
#3500 = CARTESIAN_POINT('',(4.079245147691,5.122823003756));
#3501 = CARTESIAN_POINT('',(4.085852056343,5.439533884839));
#3502 = CARTESIAN_POINT('',(4.08904703511,5.633068991563));
#3503 = CARTESIAN_POINT('',(4.09184773908,5.842525600656));
#3504 = CARTESIAN_POINT('',(4.094268175609,6.063973124918));
#3505 = CARTESIAN_POINT('',(4.09632425573,6.294403912747));
#3506 = CARTESIAN_POINT('',(4.098030742995,6.531501957947));
#3507 = CARTESIAN_POINT('',(4.101677209376,7.176230819139));
#3508 = CARTESIAN_POINT('',(4.103019483013,7.592506692695));
#3509 = CARTESIAN_POINT('',(4.103482844887,8.014533929315));
#3510 = CARTESIAN_POINT('',(4.103087751065,8.437300537998));
#3511 = CARTESIAN_POINT('',(4.101822720504,8.85566451691));
#3512 = CARTESIAN_POINT('',(4.099646263899,9.263388136817));
#3513 = CARTESIAN_POINT('',(4.09461064778,9.88083486383));
#3514 = CARTESIAN_POINT('',(4.092374281035,10.104835233279));
#3515 = CARTESIAN_POINT('',(4.089770054835,10.319251831996));
#3516 = CARTESIAN_POINT('',(4.086785419096,10.520714683046));
#3517 = CARTESIAN_POINT('',(4.083411167992,10.70514000631));
#3518 = CARTESIAN_POINT('',(4.079644604446,10.867555002441));
#3519 = CARTESIAN_POINT('',(4.071695047306,11.124723601537));
#3520 = CARTESIAN_POINT('',(4.067543375392,11.225002961166));
#3521 = CARTESIAN_POINT('',(4.063127754073,11.294299931588));
#3522 = CARTESIAN_POINT('',(4.058559188592,11.327454689024));
#3523 = CARTESIAN_POINT('',(4.053961535061,11.322516069243));
#3524 = CARTESIAN_POINT('',(4.049459305594,11.280802365847));
#3525 = CARTESIAN_POINT('',(4.040382395707,11.124797627236));
#3526 = CARTESIAN_POINT('',(4.035922845069,11.003953701819));
#3527 = CARTESIAN_POINT('',(4.031832525529,10.851225765164));
#3528 = CARTESIAN_POINT('',(4.028139484959,10.672811091484));
#3529 = CARTESIAN_POINT('',(4.024857805254,10.474516136748));
#3530 = CARTESIAN_POINT('',(4.021989491946,10.261828850032));
#3531 = CARTESIAN_POINT('',(4.016593217684,9.775987703985));
#3532 = CARTESIAN_POINT('',(4.014202001946,9.496253560798));
#3533 = CARTESIAN_POINT('',(4.012323604558,9.205993388047));
#3534 = CARTESIAN_POINT('',(4.010933179574,8.908839538651));
#3535 = CARTESIAN_POINT('',(4.010012212632,8.607426561687));
#3536 = CARTESIAN_POINT('',(4.009551048116,8.303843024071));
#3537 = CARTESIAN_POINT('',(4.009551048116,7.758300276011));
#3538 = CARTESIAN_POINT('',(4.009842873623,7.516680936083));
#3539 = CARTESIAN_POINT('',(4.010426154491,7.276170414048));
#3540 = CARTESIAN_POINT('',(4.011304608,7.037832612131));
#3541 = CARTESIAN_POINT('',(4.012485454895,6.802907144436));
#3542 = CARTESIAN_POINT('',(4.013978821909,6.572953624942));
#3543 = CARTESIAN_POINT('',(4.017808495116,6.103374703193));
#3544 = CARTESIAN_POINT('',(4.020225753989,5.864298628631));
#3545 = CARTESIAN_POINT('',(4.023066257886,5.636314840477));
#3546 = CARTESIAN_POINT('',(4.02634418624,5.423741388909));
#3547 = CARTESIAN_POINT('',(4.030068290614,5.231776113082));
#3548 = CARTESIAN_POINT('',(4.034237637053,5.066717731621));
#3549 = CARTESIAN_POINT('',(4.041092806743,4.872306414475));
#3550 = CARTESIAN_POINT('',(4.043453196395,4.816683363748));
#3551 = CARTESIAN_POINT('',(4.045898506415,4.770796452253));
#3552 = CARTESIAN_POINT('',(4.04841056022,4.735638578333));
#3553 = CARTESIAN_POINT('',(4.050969582741,4.711907903391));
#3554 = CARTESIAN_POINT('',(4.053554823826,4.7));
#3555 = CARTESIAN_POINT('',(4.056145181635,4.7));
#3556 = ( GEOMETRIC_REPRESENTATION_CONTEXT(2) 
PARAMETRIC_REPRESENTATION_CONTEXT() REPRESENTATION_CONTEXT('2D SPACE',''
  ) );
#3557 = ORIENTED_EDGE('',*,*,#3337,.T.);
#3558 = ADVANCED_FACE('',(#3559),#1070,.F.);
#3559 = FACE_BOUND('',#3560,.F.);
#3560 = EDGE_LOOP('',(#3561,#3562,#3585,#3783));
#3561 = ORIENTED_EDGE('',*,*,#936,.F.);
#3562 = ORIENTED_EDGE('',*,*,#3563,.F.);
#3563 = EDGE_CURVE('',#3564,#937,#3566,.T.);
#3564 = VERTEX_POINT('',#3565);
#3565 = CARTESIAN_POINT('',(26.998836164417,-65.50408648143,95.7));
#3566 = SEAM_CURVE('',#3567,(#3571,#3578),.PCURVE_S1.);
#3567 = LINE('',#3568,#3569);
#3568 = CARTESIAN_POINT('',(25.474554659016,-61.80590234698,95.7));
#3569 = VECTOR('',#3570,1.);
#3570 = DIRECTION('',(0.38107037635,-0.924546033612,2.22044604925E-16));
#3571 = PCURVE('',#1070,#3572);
#3572 = DEFINITIONAL_REPRESENTATION('',(#3573),#3577);
#3573 = LINE('',#3574,#3575);
#3574 = CARTESIAN_POINT('',(6.28318530718,-0.));
#3575 = VECTOR('',#3576,1.);
#3576 = DIRECTION('',(0.,1.));
#3577 = ( GEOMETRIC_REPRESENTATION_CONTEXT(2) 
PARAMETRIC_REPRESENTATION_CONTEXT() REPRESENTATION_CONTEXT('2D SPACE',''
  ) );
#3578 = PCURVE('',#1070,#3579);
#3579 = DEFINITIONAL_REPRESENTATION('',(#3580),#3584);
#3580 = LINE('',#3581,#3582);
#3581 = CARTESIAN_POINT('',(0.,-0.));
#3582 = VECTOR('',#3583,1.);
#3583 = DIRECTION('',(0.,1.));
#3584 = ( GEOMETRIC_REPRESENTATION_CONTEXT(2) 
PARAMETRIC_REPRESENTATION_CONTEXT() REPRESENTATION_CONTEXT('2D SPACE',''
  ) );
#3585 = ORIENTED_EDGE('',*,*,#3586,.T.);
#3586 = EDGE_CURVE('',#3564,#3564,#3587,.T.);
#3587 = SURFACE_CURVE('',#3588,(#3651,#3717),.PCURVE_S1.);
#3588 = B_SPLINE_CURVE_WITH_KNOTS('',7,(#3589,#3590,#3591,#3592,#3593,
    #3594,#3595,#3596,#3597,#3598,#3599,#3600,#3601,#3602,#3603,#3604,
    #3605,#3606,#3607,#3608,#3609,#3610,#3611,#3612,#3613,#3614,#3615,
    #3616,#3617,#3618,#3619,#3620,#3621,#3622,#3623,#3624,#3625,#3626,
    #3627,#3628,#3629,#3630,#3631,#3632,#3633,#3634,#3635,#3636,#3637,
    #3638,#3639,#3640,#3641,#3642,#3643,#3644,#3645,#3646,#3647,#3648,
    #3649,#3650),.UNSPECIFIED.,.T.,.F.,(8,6,6,6,6,6,6,6,6,6,8),(0.,
    8.234485386854E-02,0.180750764252,0.344501878735,0.442272981454,
    0.531818786864,0.631500517473,0.750063803138,0.844378006271,
    0.948705838355,1.),.UNSPECIFIED.);
#3589 = CARTESIAN_POINT('',(26.998836164417,-65.50408648143,95.7));
#3590 = CARTESIAN_POINT('',(27.2723004509,-65.39137263617,95.7));
#3591 = CARTESIAN_POINT('',(27.542467807959,-65.27845986921,
    95.730929698184));
#3592 = CARTESIAN_POINT('',(27.804756977077,-65.16729073321,
    95.791670824204));
#3593 = CARTESIAN_POINT('',(28.054892763245,-65.05984472658,
    95.879823478023));
#3594 = CARTESIAN_POINT('',(28.289188511378,-64.95798251427,
    95.991786676126));
#3595 = CARTESIAN_POINT('',(28.504770399407,-64.86328731399,
    96.122823004771));
#3596 = CARTESIAN_POINT('',(28.932745481853,-64.67367073065,
    96.439533884839));
#3597 = CARTESIAN_POINT('',(29.139273004123,-64.58099766157,
    96.633068991563));
#3598 = CARTESIAN_POINT('',(29.319997224957,-64.49905895158,
    96.842525600656));
#3599 = CARTESIAN_POINT('',(29.475963734071,-64.42776451653,
    97.063973124918));
#3600 = CARTESIAN_POINT('',(29.608307235691,-64.36688745589,
    97.294403912747));
#3601 = CARTESIAN_POINT('',(29.718057391435,-64.31616413894,
    97.531501957947));
#3602 = CARTESIAN_POINT('',(29.952435351249,-64.20747743252,
    98.176230811115));
#3603 = CARTESIAN_POINT('',(30.03853009021,-64.16708060285,
    98.592506725845));
#3604 = CARTESIAN_POINT('',(30.068217491852,-64.15306696096,
    99.014533865535));
#3605 = CARTESIAN_POINT('',(30.042891444481,-64.16499008724,
    99.437300607315));
#3606 = CARTESIAN_POINT('',(29.961779207645,-64.20311852178,
    99.855664476111));
#3607 = CARTESIAN_POINT('',(29.822042243213,-64.26832968539,
    100.26338814756));
#3608 = CARTESIAN_POINT('',(29.497941332956,-64.41748014043,
    100.88083486947));
#3609 = CARTESIAN_POINT('',(29.353882458239,-64.48345318342,
    101.10483521894));
#3610 = CARTESIAN_POINT('',(29.185942911313,-64.55987552404,
    101.3192518444));
#3611 = CARTESIAN_POINT('',(28.993205003484,-64.64687482734,
    101.52071468344));
#3612 = CARTESIAN_POINT('',(28.774936251974,-64.74440848148,
    101.70513999951));
#3613 = CARTESIAN_POINT('',(28.530792425292,-64.8521611609,
    101.86755500568));
#3614 = CARTESIAN_POINT('',(28.014314272104,-65.07682529033,
    102.1247235998));
#3615 = CARTESIAN_POINT('',(27.744106189643,-65.19306126985,
    102.22500296327));
#3616 = CARTESIAN_POINT('',(27.456121462329,-65.31529830725,
    102.29429993208));
#3617 = CARTESIAN_POINT('',(27.157465042059,-65.44012090289,
    102.32745468746));
#3618 = CARTESIAN_POINT('',(26.856192920591,-65.5640135708,
    102.32251606885));
#3619 = CARTESIAN_POINT('',(26.560527077647,-65.68373859302,
    102.28080236689));
#3620 = CARTESIAN_POINT('',(25.963297169518,-65.922260788,
    102.12479762967));
#3621 = CARTESIAN_POINT('',(25.669172879682,-66.037693409,
    102.00395369761));
#3622 = CARTESIAN_POINT('',(25.398823593991,-66.14208914178,
    101.85122576126));
#3623 = CARTESIAN_POINT('',(25.154293493948,-66.23519571581,
    101.67281110846));
#3624 = CARTESIAN_POINT('',(24.936683024559,-66.31708643821,
    101.47451611926));
#3625 = CARTESIAN_POINT('',(24.746261701741,-66.38806764392,
    101.26182885678));
#3626 = CARTESIAN_POINT('',(24.38768652828,-66.52072147636,
    100.77598771079));
#3627 = CARTESIAN_POINT('',(24.228546960463,-66.57883725574,
    100.49625354544));
#3628 = CARTESIAN_POINT('',(24.10340335423,-66.62412156904,
    100.20599339553));
#3629 = CARTESIAN_POINT('',(24.0107072086,-66.65746793962,99.90883955146
    ));
#3630 = CARTESIAN_POINT('',(23.94928744473,-66.6794960806,
    99.607426543207));
#3631 = CARTESIAN_POINT('',(23.918532139438,-66.69052646586,
    99.303843031786));
#3632 = CARTESIAN_POINT('',(23.918532139438,-66.69052646586,
    98.758300276011));
#3633 = CARTESIAN_POINT('',(23.937994139589,-66.68354644571,
    98.516680936083));
#3634 = CARTESIAN_POINT('',(23.976893434585,-66.66959516068,
    98.276170414047));
#3635 = CARTESIAN_POINT('',(24.035465151391,-66.64854815485,
    98.037832612131));
#3636 = CARTESIAN_POINT('',(24.114165183284,-66.62016108043,
    97.802907144437));
#3637 = CARTESIAN_POINT('',(24.213627438129,-66.58407724622,
    97.572953624941));
#3638 = CARTESIAN_POINT('',(24.468453239999,-66.49088361394,
    97.103374703144));
#3639 = CARTESIAN_POINT('',(24.629182362849,-66.43174646181,
    96.864298628637));
#3640 = CARTESIAN_POINT('',(24.817875048497,-66.36176806867,
    96.636314840515));
#3641 = CARTESIAN_POINT('',(25.035357274807,-66.2802901487,
    96.42374138893));
#3642 = CARTESIAN_POINT('',(25.282056428868,-66.18669345763,
    96.231776113066));
#3643 = CARTESIAN_POINT('',(25.557710620446,-66.08049594707,
    96.066717731601));
#3644 = CARTESIAN_POINT('',(26.009888924829,-65.90321544389,
    95.872306409505));
#3645 = CARTESIAN_POINT('',(26.165430153688,-65.84178117131,
    95.816683365923));
#3646 = CARTESIAN_POINT('',(26.326392605101,-65.77769445799,
    95.770796456104));
#3647 = CARTESIAN_POINT('',(26.491556060807,-65.71137650295,
    95.735638578143));
#3648 = CARTESIAN_POINT('',(26.659602050846,-65.6433091389,
    95.711907900489));
#3649 = CARTESIAN_POINT('',(26.829157131698,-65.57402313196,95.7));
#3650 = CARTESIAN_POINT('',(26.998836164417,-65.50408648143,95.7));
#3651 = PCURVE('',#1070,#3652);
#3652 = DEFINITIONAL_REPRESENTATION('',(#3653),#3716);
#3653 = B_SPLINE_CURVE_WITH_KNOTS('',7,(#3654,#3655,#3656,#3657,#3658,
    #3659,#3660,#3661,#3662,#3663,#3664,#3665,#3666,#3667,#3668,#3669,
    #3670,#3671,#3672,#3673,#3674,#3675,#3676,#3677,#3678,#3679,#3680,
    #3681,#3682,#3683,#3684,#3685,#3686,#3687,#3688,#3689,#3690,#3691,
    #3692,#3693,#3694,#3695,#3696,#3697,#3698,#3699,#3700,#3701,#3702,
    #3703,#3704,#3705,#3706,#3707,#3708,#3709,#3710,#3711,#3712,#3713,
    #3714,#3715),.UNSPECIFIED.,.F.,.F.,(8,6,6,6,6,6,6,6,6,6,8),(0.,
    8.234485386854E-02,0.180750764252,0.344501878735,0.442272981454,
    0.531818786864,0.631500517473,0.750063803138,0.844378006271,
    0.948705838355,1.),.UNSPECIFIED.);
#3654 = CARTESIAN_POINT('',(0.,4.));
#3655 = CARTESIAN_POINT('',(8.963097843495E-02,4.));
#3656 = CARTESIAN_POINT('',(0.178361136254,3.998559725596));
#3657 = CARTESIAN_POINT('',(0.265859410325,3.995729374238));
#3658 = CARTESIAN_POINT('',(0.35176734191,3.99170993315));
#3659 = CARTESIAN_POINT('',(0.435661880465,3.986816797705));
#3660 = CARTESIAN_POINT('',(0.51699335438,3.981418597092));
#3661 = CARTESIAN_POINT('',(0.68821849669,3.969197962793));
#3662 = CARTESIAN_POINT('',(0.777872082895,3.962218964986));
#3663 = CARTESIAN_POINT('',(0.864535966287,3.955331502515));
#3664 = CARTESIAN_POINT('',(0.948672940314,3.948850731703));
#3665 = CARTESIAN_POINT('',(1.030694823804,3.942999274719));
#3666 = CARTESIAN_POINT('',(1.111001650517,3.937925766375));
#3667 = CARTESIAN_POINT('',(1.321448794155,3.926754400404));
#3668 = CARTESIAN_POINT('',(1.449255704205,3.922213826332));
#3669 = CARTESIAN_POINT('',(1.575383447697,3.920570558623));
#3670 = CARTESIAN_POINT('',(1.701378974813,3.921943031335));
#3671 = CARTESIAN_POINT('',(1.828776082268,3.926285053639));
#3672 = CARTESIAN_POINT('',(1.959116037498,3.933326158673));
#3673 = CARTESIAN_POINT('',(2.175166359379,3.947717364445));
#3674 = CARTESIAN_POINT('',(2.25794041237,3.953815910065));
#3675 = CARTESIAN_POINT('',(2.34300927384,3.960475095611));
#3676 = CARTESIAN_POINT('',(2.430674896113,3.967463249328));
#3677 = CARTESIAN_POINT('',(2.521294010046,3.97446184713));
#3678 = CARTESIAN_POINT('',(2.615277278367,3.981048179577));
#3679 = CARTESIAN_POINT('',(2.80287251342,3.991945985129));
#3680 = CARTESIAN_POINT('',(2.896567056647,3.996443203279));
#3681 = CARTESIAN_POINT('',(2.992701188675,3.999714522944));
#3682 = CARTESIAN_POINT('',(3.090107195557,4.001309644177));
#3683 = CARTESIAN_POINT('',(3.187787283893,4.001048238175));
#3684 = CARTESIAN_POINT('',(3.284702938126,3.999070038548));
#3685 = CARTESIAN_POINT('',(3.485222009396,3.992008161989));
#3686 = CARTESIAN_POINT('',(3.586890034741,3.986648880064));
#3687 = CARTESIAN_POINT('',(3.685048507707,3.980145436684));
#3688 = CARTESIAN_POINT('',(3.77994837245,3.973043573155));
#3689 = CARTESIAN_POINT('',(3.871737717529,3.965830412276));
#3690 = CARTESIAN_POINT('',(3.960444539208,3.958891879324));
#3691 = CARTESIAN_POINT('',(4.147740525547,3.94489407765));
#3692 = CARTESIAN_POINT('',(4.246082011103,3.937981415963));
#3693 = CARTESIAN_POINT('',(4.341847190323,3.932160327082));
#3694 = CARTESIAN_POINT('',(4.435707742365,3.927666826641));
#3695 = CARTESIAN_POINT('',(4.528320440777,3.924627604472));
#3696 = CARTESIAN_POINT('',(4.620315334389,3.923105767657));
#3697 = CARTESIAN_POINT('',(4.785631320987,3.923105767657));
#3698 = CARTESIAN_POINT('',(4.858849553043,3.924068809427));
#3699 = CARTESIAN_POINT('',(4.932372435104,3.925993573176));
#3700 = CARTESIAN_POINT('',(5.006520381826,3.928854593589));
#3701 = CARTESIAN_POINT('',(5.081610488686,3.932599687297));
#3702 = CARTESIAN_POINT('',(5.157974219391,3.937140640384));
#3703 = CARTESIAN_POINT('',(5.322284229637,3.948085401527));
#3704 = CARTESIAN_POINT('',(5.410955084828,3.954659489422));
#3705 = CARTESIAN_POINT('',(5.502308843832,3.96186643634));
#3706 = CARTESIAN_POINT('',(5.596671675824,3.969412382436));
#3707 = CARTESIAN_POINT('',(5.694450331623,3.976887672431));
#3708 = CARTESIAN_POINT('',(5.7961217156,3.983746831785));
#3709 = CARTESIAN_POINT('',(5.954632538929,3.992154602362));
#3710 = CARTESIAN_POINT('',(6.007938868191,3.994627943944));
#3711 = CARTESIAN_POINT('',(6.062075922278,3.996714849273));
#3712 = CARTESIAN_POINT('',(6.116844945598,3.998339747207));
#3713 = CARTESIAN_POINT('',(6.172066805299,3.999445684423));
#3714 = CARTESIAN_POINT('',(6.227571106444,4.));
#3715 = CARTESIAN_POINT('',(6.28318530718,4.));
#3716 = ( GEOMETRIC_REPRESENTATION_CONTEXT(2) 
PARAMETRIC_REPRESENTATION_CONTEXT() REPRESENTATION_CONTEXT('2D SPACE',''
  ) );
#3717 = PCURVE('',#2613,#3718);
#3718 = DEFINITIONAL_REPRESENTATION('',(#3719),#3782);
#3719 = B_SPLINE_CURVE_WITH_KNOTS('',7,(#3720,#3721,#3722,#3723,#3724,
    #3725,#3726,#3727,#3728,#3729,#3730,#3731,#3732,#3733,#3734,#3735,
    #3736,#3737,#3738,#3739,#3740,#3741,#3742,#3743,#3744,#3745,#3746,
    #3747,#3748,#3749,#3750,#3751,#3752,#3753,#3754,#3755,#3756,#3757,
    #3758,#3759,#3760,#3761,#3762,#3763,#3764,#3765,#3766,#3767,#3768,
    #3769,#3770,#3771,#3772,#3773,#3774,#3775,#3776,#3777,#3778,#3779,
    #3780,#3781),.UNSPECIFIED.,.T.,.F.,(8,6,6,6,6,6,6,6,6,6,8),(0.,
    8.234485386854E-02,0.180750764252,0.344501878735,0.442272981454,
    0.531818786864,0.631500517473,0.750063803138,0.844378006271,
    0.948705838355,1.),.UNSPECIFIED.);
#3720 = CARTESIAN_POINT('',(5.103342732831,4.7));
#3721 = CARTESIAN_POINT('',(5.107517499646,4.7));
#3722 = CARTESIAN_POINT('',(5.111650313696,4.730929698184));
#3723 = CARTESIAN_POINT('',(5.115671062663,4.791670824204));
#3724 = CARTESIAN_POINT('',(5.119513421387,4.879823478023));
#3725 = CARTESIAN_POINT('',(5.123119316857,4.991786676126));
#3726 = CARTESIAN_POINT('',(5.126442698909,5.122823004771));
#3727 = CARTESIAN_POINT('',(5.133049607539,5.439533884839));
#3728 = CARTESIAN_POINT('',(5.136244586306,5.633068991563));
#3729 = CARTESIAN_POINT('',(5.139045290277,5.842525600656));
#3730 = CARTESIAN_POINT('',(5.141465726805,6.063973124918));
#3731 = CARTESIAN_POINT('',(5.143521806927,6.294403912747));
#3732 = CARTESIAN_POINT('',(5.145228294191,6.531501957947));
#3733 = CARTESIAN_POINT('',(5.148874760527,7.176230811115));
#3734 = CARTESIAN_POINT('',(5.150217034292,7.592506725845));
#3735 = CARTESIAN_POINT('',(5.150680396091,8.014533865535));
#3736 = CARTESIAN_POINT('',(5.150285302089,8.437300607316));
#3737 = CARTESIAN_POINT('',(5.149020271905,8.855664476111));
#3738 = CARTESIAN_POINT('',(5.146843815008,9.263388147561));
#3739 = CARTESIAN_POINT('',(5.141808198931,9.88083486947));
#3740 = CARTESIAN_POINT('',(5.139571832323,10.104835218945));
#3741 = CARTESIAN_POINT('',(5.136967606049,10.319251844406));
#3742 = CARTESIAN_POINT('',(5.133982970069,10.520714683447));
#3743 = CARTESIAN_POINT('',(5.130608719441,10.705139999513));
#3744 = CARTESIAN_POINT('',(5.126842155542,10.867555005681));
#3745 = CARTESIAN_POINT('',(5.118892598556,11.124723599809));
#3746 = CARTESIAN_POINT('',(5.114740926451,11.225002963272));
#3747 = CARTESIAN_POINT('',(5.110325305358,11.294299932081));
#3748 = CARTESIAN_POINT('',(5.105756739872,11.327454687466));
#3749 = CARTESIAN_POINT('',(5.101159086114,11.322516068857));
#3750 = CARTESIAN_POINT('',(5.096656856852,11.28080236689));
#3751 = CARTESIAN_POINT('',(5.087579947045,11.124797629677));
#3752 = CARTESIAN_POINT('',(5.083120395917,11.003953697619));
#3753 = CARTESIAN_POINT('',(5.07903007702,10.851225761263));
#3754 = CARTESIAN_POINT('',(5.075337036162,10.672811108466));
#3755 = CARTESIAN_POINT('',(5.072055356297,10.474516119263));
#3756 = CARTESIAN_POINT('',(5.069187043217,10.261828856789));
#3757 = CARTESIAN_POINT('',(5.063790768956,9.775987710796));
#3758 = CARTESIAN_POINT('',(5.061399552944,9.496253545441));
#3759 = CARTESIAN_POINT('',(5.059521155977,9.205993395532));
#3760 = CARTESIAN_POINT('',(5.058130730651,8.90883955146));
#3761 = CARTESIAN_POINT('',(5.057209763854,8.607426543207));
#3762 = CARTESIAN_POINT('',(5.056748599313,8.303843031786));
#3763 = CARTESIAN_POINT('',(5.056748599313,7.758300276011));
#3764 = CARTESIAN_POINT('',(5.057040424819,7.516680936083));
#3765 = CARTESIAN_POINT('',(5.057623705687,7.276170414047));
#3766 = CARTESIAN_POINT('',(5.058502159197,7.037832612131));
#3767 = CARTESIAN_POINT('',(5.059683006091,6.802907144437));
#3768 = CARTESIAN_POINT('',(5.061176373105,6.572953624941));
#3769 = CARTESIAN_POINT('',(5.065006046313,6.103374703144));
#3770 = CARTESIAN_POINT('',(5.067423305186,5.864298628637));
#3771 = CARTESIAN_POINT('',(5.070263809082,5.636314840515));
#3772 = CARTESIAN_POINT('',(5.073541737436,5.42374138893));
#3773 = CARTESIAN_POINT('',(5.077265841811,5.231776113066));
#3774 = CARTESIAN_POINT('',(5.08143518825,5.066717731601));
#3775 = CARTESIAN_POINT('',(5.088290358115,4.872306409505));
#3776 = CARTESIAN_POINT('',(5.090650747406,4.816683365923));
#3777 = CARTESIAN_POINT('',(5.093096057463,4.770796456104));
#3778 = CARTESIAN_POINT('',(5.09560811156,4.735638578143));
#3779 = CARTESIAN_POINT('',(5.098167134126,4.711907900489));
#3780 = CARTESIAN_POINT('',(5.100752374858,4.7));
#3781 = CARTESIAN_POINT('',(5.103342732831,4.7));
#3782 = ( GEOMETRIC_REPRESENTATION_CONTEXT(2) 
PARAMETRIC_REPRESENTATION_CONTEXT() REPRESENTATION_CONTEXT('2D SPACE',''
  ) );
#3783 = ORIENTED_EDGE('',*,*,#3563,.T.);
#3784 = ADVANCED_FACE('',(#3785),#1277,.F.);
#3785 = FACE_BOUND('',#3786,.F.);
#3786 = EDGE_LOOP('',(#3787,#3788,#3811,#4009));
#3787 = ORIENTED_EDGE('',*,*,#1143,.F.);
#3788 = ORIENTED_EDGE('',*,*,#3789,.F.);
#3789 = EDGE_CURVE('',#3790,#1144,#3792,.T.);
#3790 = VERTEX_POINT('',#3791);
#3791 = CARTESIAN_POINT('',(70.227621026822,-9.370365249717,95.7));
#3792 = SEAM_CURVE('',#3793,(#3797,#3804),.PCURVE_S1.);
#3793 = LINE('',#3794,#3795);
#3794 = CARTESIAN_POINT('',(66.262758865816,-8.841339688689,95.7));
#3795 = VECTOR('',#3796,1.);
#3796 = DIRECTION('',(0.991215540252,-0.132256390257,2.22044604925E-16)
  );
#3797 = PCURVE('',#1277,#3798);
#3798 = DEFINITIONAL_REPRESENTATION('',(#3799),#3803);
#3799 = LINE('',#3800,#3801);
#3800 = CARTESIAN_POINT('',(6.28318530718,-0.));
#3801 = VECTOR('',#3802,1.);
#3802 = DIRECTION('',(0.,1.));
#3803 = ( GEOMETRIC_REPRESENTATION_CONTEXT(2) 
PARAMETRIC_REPRESENTATION_CONTEXT() REPRESENTATION_CONTEXT('2D SPACE',''
  ) );
#3804 = PCURVE('',#1277,#3805);
#3805 = DEFINITIONAL_REPRESENTATION('',(#3806),#3810);
#3806 = LINE('',#3807,#3808);
#3807 = CARTESIAN_POINT('',(0.,-0.));
#3808 = VECTOR('',#3809,1.);
#3809 = DIRECTION('',(0.,1.));
#3810 = ( GEOMETRIC_REPRESENTATION_CONTEXT(2) 
PARAMETRIC_REPRESENTATION_CONTEXT() REPRESENTATION_CONTEXT('2D SPACE',''
  ) );
#3811 = ORIENTED_EDGE('',*,*,#3812,.T.);
#3812 = EDGE_CURVE('',#3790,#3790,#3813,.T.);
#3813 = SURFACE_CURVE('',#3814,(#3877,#3943),.PCURVE_S1.);
#3814 = B_SPLINE_CURVE_WITH_KNOTS('',7,(#3815,#3816,#3817,#3818,#3819,
    #3820,#3821,#3822,#3823,#3824,#3825,#3826,#3827,#3828,#3829,#3830,
    #3831,#3832,#3833,#3834,#3835,#3836,#3837,#3838,#3839,#3840,#3841,
    #3842,#3843,#3844,#3845,#3846,#3847,#3848,#3849,#3850,#3851,#3852,
    #3853,#3854,#3855,#3856,#3857,#3858,#3859,#3860,#3861,#3862,#3863,
    #3864,#3865,#3866,#3867,#3868,#3869,#3870,#3871,#3872,#3873,#3874,
    #3875,#3876),.UNSPECIFIED.,.T.,.F.,(8,6,6,6,6,6,6,6,6,6,8),(0.,
    8.234485368634E-02,0.180750763962,0.344501878266,0.442272978519,
    0.53181878079,0.631500509313,0.750063795557,0.844378001545,
    0.948705836792,1.),.UNSPECIFIED.);
#3815 = CARTESIAN_POINT('',(70.227621026822,-9.370365249717,95.7));
#3816 = CARTESIAN_POINT('',(70.266740116747,-9.077181307682,95.7));
#3817 = CARTESIAN_POINT('',(70.304038470643,-8.786753129962,
    95.730929698244));
#3818 = CARTESIAN_POINT('',(70.338907759281,-8.504019478628,
    95.791670824182));
#3819 = CARTESIAN_POINT('',(70.370924681089,-8.233672530086,
    95.879823477909));
#3820 = CARTESIAN_POINT('',(70.399857291641,-7.979835353801,
    95.991786676087));
#3821 = CARTESIAN_POINT('',(70.425639786619,-7.745788361832,
    96.122823004933));
#3822 = CARTESIAN_POINT('',(70.475414549665,-7.280342776814,
    96.439533884839));
#3823 = CARTESIAN_POINT('',(70.498421078726,-7.055148161405,
    96.633068991563));
#3824 = CARTESIAN_POINT('',(70.517822184739,-6.85766704009,
    96.842525600656));
#3825 = CARTESIAN_POINT('',(70.534062647399,-6.686948863534,
    97.063973124918));
#3826 = CARTESIAN_POINT('',(70.547513317186,-6.541897498785,
    97.294403912747));
#3827 = CARTESIAN_POINT('',(70.558460714015,-6.421489417367,
    97.531501957947));
#3828 = CARTESIAN_POINT('',(70.58152424511,-6.164168796872,
    98.176230811115));
#3829 = CARTESIAN_POINT('',(70.589586933857,-6.06941015096,
    98.592506725845));
#3830 = CARTESIAN_POINT('',(70.592294464802,-6.036693286022,
    99.014533865534));
#3831 = CARTESIAN_POINT('',(70.589957171371,-6.064587849563,
    99.437300607316));
#3832 = CARTESIAN_POINT('',(70.582421245872,-6.153897324492,
    99.855664476111));
#3833 = CARTESIAN_POINT('',(70.56902728795,-6.30751866734,
    100.26338814756));
#3834 = CARTESIAN_POINT('',(70.536144916169,-6.662773513328,
    100.88083486389));
#3835 = CARTESIAN_POINT('',(70.521249809177,-6.820518689623,
    101.10483523327));
#3836 = CARTESIAN_POINT('',(70.503463724275,-7.004169768621,
    101.31925183194));
#3837 = CARTESIAN_POINT('',(70.482438379403,-7.214585327695,
    101.52071468301));
#3838 = CARTESIAN_POINT('',(70.457770621922,-7.452378471973,
    101.70514000633));
#3839 = CARTESIAN_POINT('',(70.429015269105,-7.717689543069,
    101.86755500247));
#3840 = CARTESIAN_POINT('',(70.365341034698,-8.277304819688,
    102.12472360153));
#3841 = CARTESIAN_POINT('',(70.33090030619,-8.569429859758,
    102.22500296116));
#3842 = CARTESIAN_POINT('',(70.292768320148,-8.879950484099,
    102.29429993158));
#3843 = CARTESIAN_POINT('',(70.251539648944,-9.201005828505,
    102.32745468902));
#3844 = CARTESIAN_POINT('',(70.208197788047,-9.523861457136,
    102.32251606924));
#3845 = CARTESIAN_POINT('',(70.164049775302,-9.839778113621,
    102.28080236584));
#3846 = CARTESIAN_POINT('',(70.072001102074,-10.47625547919,
    102.12479762967));
#3847 = CARTESIAN_POINT('',(70.024906539369,-10.78869089656,
    102.00395369761));
#3848 = CARTESIAN_POINT('',(69.980141253154,-11.07501811225,
    101.85122576126));
#3849 = CARTESIAN_POINT('',(69.938508861503,-11.33334067789,
    101.67281110846));
#3850 = CARTESIAN_POINT('',(69.900623072745,-11.56274223372,
    101.47451611926));
#3851 = CARTESIAN_POINT('',(69.866883938672,-11.76314253955,
    101.26182885678));
#3852 = CARTESIAN_POINT('',(69.802477939842,-12.14000467044,
    100.77598770398));
#3853 = CARTESIAN_POINT('',(69.773237900519,-12.30688144942,
    100.49625356079));
#3854 = CARTESIAN_POINT('',(69.749883458066,-12.43790117766,
    100.20599338804));
#3855 = CARTESIAN_POINT('',(69.732414193383,-12.53485155598,
    99.908839538652));
#3856 = CARTESIAN_POINT('',(69.720781239413,-12.59905671241,
    99.607426561687));
#3857 = CARTESIAN_POINT('',(69.714956180919,-12.63120677894,
    99.303843024071));
#3858 = CARTESIAN_POINT('',(69.714956180919,-12.63120677894,
    98.758300276011));
#3859 = CARTESIAN_POINT('',(69.718642306219,-12.61086218232,
    98.516680936083));
#3860 = CARTESIAN_POINT('',(69.726009786468,-12.57019876215,
    98.276170414048));
#3861 = CARTESIAN_POINT('',(69.737068403154,-12.50895066454,
    98.037832612131));
#3862 = CARTESIAN_POINT('',(69.751834491511,-12.42660090044,
    97.802907144437));
#3863 = CARTESIAN_POINT('',(69.770316101838,-12.32242214392,
    97.572953624942));
#3864 = CARTESIAN_POINT('',(69.817020949752,-12.05513970981,
    97.103374703132));
#3865 = CARTESIAN_POINT('',(69.846171235125,-11.88637563023,
    96.864298628638));
#3866 = CARTESIAN_POINT('',(69.879914511772,-11.6879737744,
    96.636314840525));
#3867 = CARTESIAN_POINT('',(69.918093676387,-11.45888968156,
    96.423741388935));
#3868 = CARTESIAN_POINT('',(69.960386141242,-11.1984436015,
    96.231776113062));
#3869 = CARTESIAN_POINT('',(70.006243495064,-10.90662131364,
    96.066717731596));
#3870 = CARTESIAN_POINT('',(70.078803227907,-10.42638316341,
    95.872306409497));
#3871 = CARTESIAN_POINT('',(70.103370201618,-10.26096337163,
    95.816683365926));
#3872 = CARTESIAN_POINT('',(70.128350705543,-10.08952244299,
    95.77079645611));
#3873 = CARTESIAN_POINT('',(70.153499399607,-9.913327717023,
    95.735638578143));
#3874 = CARTESIAN_POINT('',(70.17857432819,-9.733761938614,
    95.711907900485));
#3875 = CARTESIAN_POINT('',(70.203348426479,-9.552279927827,95.7));
#3876 = CARTESIAN_POINT('',(70.227621026822,-9.370365249717,95.7));
#3877 = PCURVE('',#1277,#3878);
#3878 = DEFINITIONAL_REPRESENTATION('',(#3879),#3942);
#3879 = B_SPLINE_CURVE_WITH_KNOTS('',7,(#3880,#3881,#3882,#3883,#3884,
    #3885,#3886,#3887,#3888,#3889,#3890,#3891,#3892,#3893,#3894,#3895,
    #3896,#3897,#3898,#3899,#3900,#3901,#3902,#3903,#3904,#3905,#3906,
    #3907,#3908,#3909,#3910,#3911,#3912,#3913,#3914,#3915,#3916,#3917,
    #3918,#3919,#3920,#3921,#3922,#3923,#3924,#3925,#3926,#3927,#3928,
    #3929,#3930,#3931,#3932,#3933,#3934,#3935,#3936,#3937,#3938,#3939,
    #3940,#3941),.UNSPECIFIED.,.F.,.F.,(8,6,6,6,6,6,6,6,6,6,8),(0.,
    8.234485368634E-02,0.180750763962,0.344501878266,0.442272978519,
    0.53181878079,0.631500509313,0.750063795557,0.844378001545,
    0.948705836792,1.),.UNSPECIFIED.);
#3880 = CARTESIAN_POINT('',(0.,4.));
#3881 = CARTESIAN_POINT('',(8.963097852155E-02,4.));
#3882 = CARTESIAN_POINT('',(0.178361136265,3.998559725593));
#3883 = CARTESIAN_POINT('',(0.265859410261,3.995729374239));
#3884 = CARTESIAN_POINT('',(0.351767341839,3.991709933155));
#3885 = CARTESIAN_POINT('',(0.435661880467,3.986816797705));
#3886 = CARTESIAN_POINT('',(0.516993354467,3.981418597086));
#3887 = CARTESIAN_POINT('',(0.68821849669,3.969197962793));
#3888 = CARTESIAN_POINT('',(0.777872082895,3.962218964986));
#3889 = CARTESIAN_POINT('',(0.864535966287,3.955331502515));
#3890 = CARTESIAN_POINT('',(0.948672940314,3.948850731703));
#3891 = CARTESIAN_POINT('',(1.030694823804,3.942999274719));
#3892 = CARTESIAN_POINT('',(1.111001650517,3.937925766375));
#3893 = CARTESIAN_POINT('',(1.321448794155,3.926754400404));
#3894 = CARTESIAN_POINT('',(1.449255704205,3.922213826332));
#3895 = CARTESIAN_POINT('',(1.575383447697,3.920570558623));
#3896 = CARTESIAN_POINT('',(1.701378974813,3.921943031334));
#3897 = CARTESIAN_POINT('',(1.828776082269,3.926285053639));
#3898 = CARTESIAN_POINT('',(1.959116037498,3.933326158673));
#3899 = CARTESIAN_POINT('',(2.17516635743,3.947717364316));
#3900 = CARTESIAN_POINT('',(2.257940416911,3.953815910388));
#3901 = CARTESIAN_POINT('',(2.343009271519,3.960475095408));
#3902 = CARTESIAN_POINT('',(2.430674892284,3.967463249128));
#3903 = CARTESIAN_POINT('',(2.521294015668,3.974461847461));
#3904 = CARTESIAN_POINT('',(2.615277276027,3.981048179441));
#3905 = CARTESIAN_POINT('',(2.802872514681,3.991945985202));
#3906 = CARTESIAN_POINT('',(2.896567053516,3.99644320319));
#3907 = CARTESIAN_POINT('',(2.992701190639,3.999714522921));
#3908 = CARTESIAN_POINT('',(3.090107197461,4.001309644243));
#3909 = CARTESIAN_POINT('',(3.187787280688,4.001048238195));
#3910 = CARTESIAN_POINT('',(3.284702939467,3.9990700385));
#3911 = CARTESIAN_POINT('',(3.485222009396,3.992008161989));
#3912 = CARTESIAN_POINT('',(3.586890034741,3.986648880064));
#3913 = CARTESIAN_POINT('',(3.685048507707,3.980145436684));
#3914 = CARTESIAN_POINT('',(3.77994837245,3.973043573155));
#3915 = CARTESIAN_POINT('',(3.871737717529,3.965830412276));
#3916 = CARTESIAN_POINT('',(3.960444539208,3.958891879324));
#3917 = CARTESIAN_POINT('',(4.147740528173,3.944894077454));
#3918 = CARTESIAN_POINT('',(4.246082005013,3.937981416485));
#3919 = CARTESIAN_POINT('',(4.341847194222,3.932160326502));
#3920 = CARTESIAN_POINT('',(4.435707745299,3.927666826942));
#3921 = CARTESIAN_POINT('',(4.528320435421,3.924627604413));
#3922 = CARTESIAN_POINT('',(4.620315336727,3.923105767657));
#3923 = CARTESIAN_POINT('',(4.785631320987,3.923105767657));
#3924 = CARTESIAN_POINT('',(4.858849553043,3.924068809427));
#3925 = CARTESIAN_POINT('',(4.932372435104,3.925993573176));
#3926 = CARTESIAN_POINT('',(5.006520381826,3.928854593589));
#3927 = CARTESIAN_POINT('',(5.081610488686,3.932599687297));
#3928 = CARTESIAN_POINT('',(5.157974219391,3.937140640384));
#3929 = CARTESIAN_POINT('',(5.322284229641,3.948085401528));
#3930 = CARTESIAN_POINT('',(5.410955084828,3.954659489422));
#3931 = CARTESIAN_POINT('',(5.502308843828,3.96186643634));
#3932 = CARTESIAN_POINT('',(5.596671675822,3.969412382436));
#3933 = CARTESIAN_POINT('',(5.694450331623,3.976887672431));
#3934 = CARTESIAN_POINT('',(5.796121715604,3.983746831785));
#3935 = CARTESIAN_POINT('',(5.954632538935,3.992154602362));
#3936 = CARTESIAN_POINT('',(6.007938868185,3.994627943944));
#3937 = CARTESIAN_POINT('',(6.062075922273,3.996714849273));
#3938 = CARTESIAN_POINT('',(6.116844945603,3.998339747207));
#3939 = CARTESIAN_POINT('',(6.172066805306,3.999445684423));
#3940 = CARTESIAN_POINT('',(6.227571106438,4.));
#3941 = CARTESIAN_POINT('',(6.28318530718,4.));
#3942 = ( GEOMETRIC_REPRESENTATION_CONTEXT(2) 
PARAMETRIC_REPRESENTATION_CONTEXT() REPRESENTATION_CONTEXT('2D SPACE',''
  ) );
#3943 = PCURVE('',#2613,#3944);
#3944 = DEFINITIONAL_REPRESENTATION('',(#3945),#4008);
#3945 = B_SPLINE_CURVE_WITH_KNOTS('',7,(#3946,#3947,#3948,#3949,#3950,
    #3951,#3952,#3953,#3954,#3955,#3956,#3957,#3958,#3959,#3960,#3961,
    #3962,#3963,#3964,#3965,#3966,#3967,#3968,#3969,#3970,#3971,#3972,
    #3973,#3974,#3975,#3976,#3977,#3978,#3979,#3980,#3981,#3982,#3983,
    #3984,#3985,#3986,#3987,#3988,#3989,#3990,#3991,#3992,#3993,#3994,
    #3995,#3996,#3997,#3998,#3999,#4000,#4001,#4002,#4003,#4004,#4005,
    #4006,#4007),.UNSPECIFIED.,.T.,.F.,(8,6,6,6,6,6,6,6,6,6,8),(0.,
    8.234485368634E-02,0.180750763962,0.344501878266,0.442272978519,
    0.53181878079,0.631500509313,0.750063795557,0.844378001545,
    0.948705836792,1.),.UNSPECIFIED.);
#3946 = CARTESIAN_POINT('',(6.150540284028,4.7));
#3947 = CARTESIAN_POINT('',(6.154715050847,4.7));
#3948 = CARTESIAN_POINT('',(6.158847864894,4.730929698244));
#3949 = CARTESIAN_POINT('',(6.162868613857,4.791670824182));
#3950 = CARTESIAN_POINT('',(6.166710972581,4.879823477909));
#3951 = CARTESIAN_POINT('',(6.170316868054,4.991786676087));
#3952 = CARTESIAN_POINT('',(6.173640250109,5.122823004933));
#3953 = CARTESIAN_POINT('',(6.180247158736,5.439533884839));
#3954 = CARTESIAN_POINT('',(6.183442137503,5.633068991563));
#3955 = CARTESIAN_POINT('',(6.186242841473,5.842525600656));
#3956 = CARTESIAN_POINT('',(6.188663278002,6.063973124918));
#3957 = CARTESIAN_POINT('',(6.190719358123,6.294403912747));
#3958 = CARTESIAN_POINT('',(6.192425845388,6.531501957947));
#3959 = CARTESIAN_POINT('',(6.196072311724,7.176230811115));
#3960 = CARTESIAN_POINT('',(6.197414585488,7.592506725845));
#3961 = CARTESIAN_POINT('',(6.197877947287,8.014533865534));
#3962 = CARTESIAN_POINT('',(6.197482853285,8.437300607316));
#3963 = CARTESIAN_POINT('',(6.196217823101,8.855664476111));
#3964 = CARTESIAN_POINT('',(6.194041366204,9.263388147561));
#3965 = CARTESIAN_POINT('',(6.189005750173,9.880834863899));
#3966 = CARTESIAN_POINT('',(6.186769383428,10.104835233273));
#3967 = CARTESIAN_POINT('',(6.184165157229,10.31925183194));
#3968 = CARTESIAN_POINT('',(6.18118052149,10.520714683015));
#3969 = CARTESIAN_POINT('',(6.177806270385,10.705140006331));
#3970 = CARTESIAN_POINT('',(6.174039706838,10.867555002473));
#3971 = CARTESIAN_POINT('',(6.166090149699,11.124723601538));
#3972 = CARTESIAN_POINT('',(6.161938477785,11.225002961166));
#3973 = CARTESIAN_POINT('',(6.157522856466,11.294299931588));
#3974 = CARTESIAN_POINT('',(6.152954290985,11.327454689024));
#3975 = CARTESIAN_POINT('',(6.148356637454,11.322516069243));
#3976 = CARTESIAN_POINT('',(6.143854407987,11.280802365847));
#3977 = CARTESIAN_POINT('',(6.134777498242,11.124797629677));
#3978 = CARTESIAN_POINT('',(6.130317947114,11.003953697619));
#3979 = CARTESIAN_POINT('',(6.126227628217,10.851225761263));
#3980 = CARTESIAN_POINT('',(6.122534587358,10.672811108466));
#3981 = CARTESIAN_POINT('',(6.119252907493,10.474516119263));
#3982 = CARTESIAN_POINT('',(6.116384594414,10.261828856789));
#3983 = CARTESIAN_POINT('',(6.110988320077,9.775987703985));
#3984 = CARTESIAN_POINT('',(6.108597104339,9.496253560797));
#3985 = CARTESIAN_POINT('',(6.106718706951,9.205993388047));
#3986 = CARTESIAN_POINT('',(6.105328281967,8.908839538651));
#3987 = CARTESIAN_POINT('',(6.104407315025,8.607426561687));
#3988 = CARTESIAN_POINT('',(6.103946150509,8.303843024071));
#3989 = CARTESIAN_POINT('',(6.103946150509,7.758300276011));
#3990 = CARTESIAN_POINT('',(6.104237976016,7.516680936083));
#3991 = CARTESIAN_POINT('',(6.104821256884,7.276170414048));
#3992 = CARTESIAN_POINT('',(6.105699710394,7.037832612131));
#3993 = CARTESIAN_POINT('',(6.106880557288,6.802907144437));
#3994 = CARTESIAN_POINT('',(6.108373924302,6.572953624942));
#3995 = CARTESIAN_POINT('',(6.112203597509,6.103374703132));
#3996 = CARTESIAN_POINT('',(6.114620856383,5.864298628638));
#3997 = CARTESIAN_POINT('',(6.117461360278,5.636314840525));
#3998 = CARTESIAN_POINT('',(6.120739288632,5.423741388935));
#3999 = CARTESIAN_POINT('',(6.124463393007,5.231776113062));
#4000 = CARTESIAN_POINT('',(6.128632739447,5.066717731596));
#4001 = CARTESIAN_POINT('',(6.135487909312,4.872306409497));
#4002 = CARTESIAN_POINT('',(6.137848298602,4.816683365926));
#4003 = CARTESIAN_POINT('',(6.14029360866,4.77079645611));
#4004 = CARTESIAN_POINT('',(6.142805662757,4.735638578143));
#4005 = CARTESIAN_POINT('',(6.145364685323,4.711907900485));
#4006 = CARTESIAN_POINT('',(6.147949926054,4.7));
#4007 = CARTESIAN_POINT('',(6.150540284028,4.7));
#4008 = ( GEOMETRIC_REPRESENTATION_CONTEXT(2) 
PARAMETRIC_REPRESENTATION_CONTEXT() REPRESENTATION_CONTEXT('2D SPACE',''
  ) );
#4009 = ORIENTED_EDGE('',*,*,#3789,.T.);
#4010 = ADVANCED_FACE('',(#4011),#1484,.F.);
#4011 = FACE_BOUND('',#4012,.F.);
#4012 = EDGE_LOOP('',(#4013,#4014,#4037,#4235));
#4013 = ORIENTED_EDGE('',*,*,#1350,.F.);
#4014 = ORIENTED_EDGE('',*,*,#4015,.F.);
#4015 = EDGE_CURVE('',#4016,#1351,#4018,.T.);
#4016 = VERTEX_POINT('',#4017);
#4017 = CARTESIAN_POINT('',(43.228784862405,56.133721231715,115.7));
#4018 = SEAM_CURVE('',#4019,(#4023,#4030),.PCURVE_S1.);
#4019 = LINE('',#4020,#4021);
#4020 = CARTESIAN_POINT('',(40.7882042068,52.964562658294,115.7));
#4021 = VECTOR('',#4022,1.);
#4022 = DIRECTION('',(0.610145163901,0.792289643355,2.22044604925E-16));
#4023 = PCURVE('',#1484,#4024);
#4024 = DEFINITIONAL_REPRESENTATION('',(#4025),#4029);
#4025 = LINE('',#4026,#4027);
#4026 = CARTESIAN_POINT('',(6.28318530718,-0.));
#4027 = VECTOR('',#4028,1.);
#4028 = DIRECTION('',(0.,1.));
#4029 = ( GEOMETRIC_REPRESENTATION_CONTEXT(2) 
PARAMETRIC_REPRESENTATION_CONTEXT() REPRESENTATION_CONTEXT('2D SPACE',''
  ) );
#4030 = PCURVE('',#1484,#4031);
#4031 = DEFINITIONAL_REPRESENTATION('',(#4032),#4036);
#4032 = LINE('',#4033,#4034);
#4033 = CARTESIAN_POINT('',(0.,-0.));
#4034 = VECTOR('',#4035,1.);
#4035 = DIRECTION('',(0.,1.));
#4036 = ( GEOMETRIC_REPRESENTATION_CONTEXT(2) 
PARAMETRIC_REPRESENTATION_CONTEXT() REPRESENTATION_CONTEXT('2D SPACE',''
  ) );
#4037 = ORIENTED_EDGE('',*,*,#4038,.T.);
#4038 = EDGE_CURVE('',#4016,#4016,#4039,.T.);
#4039 = SURFACE_CURVE('',#4040,(#4103,#4169),.PCURVE_S1.);
#4040 = B_SPLINE_CURVE_WITH_KNOTS('',7,(#4041,#4042,#4043,#4044,#4045,
    #4046,#4047,#4048,#4049,#4050,#4051,#4052,#4053,#4054,#4055,#4056,
    #4057,#4058,#4059,#4060,#4061,#4062,#4063,#4064,#4065,#4066,#4067,
    #4068,#4069,#4070,#4071,#4072,#4073,#4074,#4075,#4076,#4077,#4078,
    #4079,#4080,#4081,#4082,#4083,#4084,#4085,#4086,#4087,#4088,#4089,
    #4090,#4091,#4092,#4093,#4094,#4095,#4096,#4097,#4098,#4099,#4100,
    #4101,#4102),.UNSPECIFIED.,.T.,.F.,(8,6,6,6,6,6,6,6,6,6,8),(0.,
    8.234485473675E-02,0.180750765399,0.344501880345,0.442272983387,
    0.531818789125,0.6315005201,0.7500638062,0.844378009679,
    0.948705842145,1.),.UNSPECIFIED.);
#4041 = CARTESIAN_POINT('',(43.228784862405,56.133721231715,115.7));
#4042 = CARTESIAN_POINT('',(42.994439667659,56.314191326783,115.7));
#4043 = CARTESIAN_POINT('',(42.761570658038,56.491706742737,
    115.73092969923));
#4044 = CARTESIAN_POINT('',(42.534150784865,56.663271252855,
    115.79167082275));
#4045 = CARTESIAN_POINT('',(42.316031920906,56.826172194401,
    115.87982347742));
#4046 = CARTESIAN_POINT('',(42.110668776114,56.978147163523,
    115.99178667821));
#4047 = CARTESIAN_POINT('',(41.920869388516,57.117498950959,
    116.12282300365));
#4048 = CARTESIAN_POINT('',(41.542669067812,57.393327953842,
    116.43953388483));
#4049 = CARTESIAN_POINT('',(41.359148074603,57.525849500166,
    116.63306899156));
#4050 = CARTESIAN_POINT('',(41.197824959782,57.641391911493,
    116.84252560065));
#4051 = CARTESIAN_POINT('',(41.058098913328,57.740815653004,
    117.06397312491));
#4052 = CARTESIAN_POINT('',(40.939206081495,57.824989957111,
    117.29440391274));
#4053 = CARTESIAN_POINT('',(40.84040332258,57.89467472158,
    117.53150195794));
#4054 = CARTESIAN_POINT('',(40.629088893862,58.043308635657,
    118.17623081111));
#4055 = CARTESIAN_POINT('',(40.551056843647,58.09767045189,
    118.59250672584));
#4056 = CARTESIAN_POINT('',(40.524076972951,58.11637367494,
    119.01453386553));
#4057 = CARTESIAN_POINT('',(40.54706572689,58.100402237681,
    119.43730060731));
#4058 = CARTESIAN_POINT('',(40.620642038227,58.049221197294,
    119.85566447611));
#4059 = CARTESIAN_POINT('',(40.746985044736,57.960811018051,
    120.26338814756));
#4060 = CARTESIAN_POINT('',(41.038203582967,57.754706623864,
    120.88083486957));
#4061 = CARTESIAN_POINT('',(41.167367351491,57.662934500238,
    121.10483521893));
#4062 = CARTESIAN_POINT('',(41.317520813274,57.555705756659,
    121.31925184432));
#4063 = CARTESIAN_POINT('',(41.489233373942,57.432289483865,
    121.52071468339));
#4064 = CARTESIAN_POINT('',(41.682834371984,57.292030027229,
    121.70513999954));
#4065 = CARTESIAN_POINT('',(41.898222843107,57.13447161079,
    121.86755500573));
#4066 = CARTESIAN_POINT('',(42.351026763022,56.799520474412,
    122.1247235998));
#4067 = CARTESIAN_POINT('',(42.58679411535,56.623631400452,
    122.22500296327));
#4068 = CARTESIAN_POINT('',(42.836646858676,56.435347829394,
    122.29429993208));
#4069 = CARTESIAN_POINT('',(43.0940746076,56.239115080258,
    122.32745468746));
#4070 = CARTESIAN_POINT('',(43.352004866088,56.040152103569,
    122.32251606885));
#4071 = CARTESIAN_POINT('',(43.60352269827,55.843960483658,
    122.28080236689));
#4072 = CARTESIAN_POINT('',(44.108703932556,55.446005308809,
    122.12479762967));
#4073 = CARTESIAN_POINT('',(44.355733659687,55.249002512443,
    122.00395369761));
#4074 = CARTESIAN_POINT('',(44.581317659164,55.067071029527,
    121.85122576126));
#4075 = CARTESIAN_POINT('',(44.784215367555,54.901855037916,
    121.67281110846));
#4076 = CARTESIAN_POINT('',(44.963940048187,54.754344204497,
    121.47451611926));
#4077 = CARTESIAN_POINT('',(45.120622236931,54.62492510437,
    121.26182885678));
#4078 = CARTESIAN_POINT('',(45.414791412464,54.380716811207,
    120.77598771079));
#4079 = CARTESIAN_POINT('',(45.544690937674,54.271955792418,
    120.49625354544));
#4080 = CARTESIAN_POINT('',(45.646480106499,54.186220406948,
    120.20599339553));
#4081 = CARTESIAN_POINT('',(45.721706983365,54.122616375292,
    119.90883955146));
#4082 = CARTESIAN_POINT('',(45.77149379498,54.080439369973,
    119.6074265432));
#4083 = CARTESIAN_POINT('',(45.796424041481,54.059319686922,
    119.30384303178));
#4084 = CARTESIAN_POINT('',(45.796424041481,54.059319686922,
    118.75830027601));
#4085 = CARTESIAN_POINT('',(45.78064816663,54.072684263382,
    118.51668093608));
#4086 = CARTESIAN_POINT('',(45.749116351883,54.099396398525,
    118.27617041404));
#4087 = CARTESIAN_POINT('',(45.701603251763,54.13959749031,
    118.03783261213));
#4088 = CARTESIAN_POINT('',(45.637669308227,54.193560179997,
    117.80290714443));
#4089 = CARTESIAN_POINT('',(45.55668866371,54.261655102303,
    117.57295362494));
#4090 = CARTESIAN_POINT('',(45.348567709753,54.435743904123,
    117.10337470314));
#4091 = CARTESIAN_POINT('',(45.216988872276,54.545370831576,
    116.86429862863));
#4092 = CARTESIAN_POINT('',(45.062039463278,54.673794294284,
    116.63631484051));
#4093 = CARTESIAN_POINT('',(44.882736401581,54.821400467157,
    116.42374138892));
#4094 = CARTESIAN_POINT('',(44.678329712375,54.98824985613,
    116.23177611306));
#4095 = CARTESIAN_POINT('',(44.448532874616,55.173874633414,
    116.0667177316));
#4096 = CARTESIAN_POINT('',(44.06891431278,55.476832272715,
    115.87230641447));
#4097 = CARTESIAN_POINT('',(43.937940037602,55.580817807776,
    115.81668336374));
#4098 = CARTESIAN_POINT('',(43.801958092224,55.688172021561,
    115.77079645225));
#4099 = CARTESIAN_POINT('',(43.661943346864,55.798048779692,
    115.73563857833));
#4100 = CARTESIAN_POINT('',(43.518972287838,55.909547192023,
    115.71190790339));
#4101 = CARTESIAN_POINT('',(43.374191285537,56.02174321128,115.7));
#4102 = CARTESIAN_POINT('',(43.228784862405,56.133721231715,115.7));
#4103 = PCURVE('',#1484,#4104);
#4104 = DEFINITIONAL_REPRESENTATION('',(#4105),#4168);
#4105 = B_SPLINE_CURVE_WITH_KNOTS('',7,(#4106,#4107,#4108,#4109,#4110,
    #4111,#4112,#4113,#4114,#4115,#4116,#4117,#4118,#4119,#4120,#4121,
    #4122,#4123,#4124,#4125,#4126,#4127,#4128,#4129,#4130,#4131,#4132,
    #4133,#4134,#4135,#4136,#4137,#4138,#4139,#4140,#4141,#4142,#4143,
    #4144,#4145,#4146,#4147,#4148,#4149,#4150,#4151,#4152,#4153,#4154,
    #4155,#4156,#4157,#4158,#4159,#4160,#4161,#4162,#4163,#4164,#4165,
    #4166,#4167),.UNSPECIFIED.,.F.,.F.,(8,6,6,6,6,6,6,6,6,6,8),(0.,
    8.234485473675E-02,0.180750765399,0.344501880345,0.442272983387,
    0.531818789125,0.6315005201,0.7500638062,0.844378009679,
    0.948705842145,1.),.UNSPECIFIED.);
#4106 = CARTESIAN_POINT('',(0.,4.));
#4107 = CARTESIAN_POINT('',(8.963097772774E-02,4.));
#4108 = CARTESIAN_POINT('',(0.178361138097,3.998559725553));
#4109 = CARTESIAN_POINT('',(0.265859409215,3.995729374296));
#4110 = CARTESIAN_POINT('',(0.351767340716,3.991709933175));
#4111 = CARTESIAN_POINT('',(0.435661882204,3.986816797621));
#4112 = CARTESIAN_POINT('',(0.516993353778,3.981418597135));
#4113 = CARTESIAN_POINT('',(0.68821849669,3.969197962793));
#4114 = CARTESIAN_POINT('',(0.777872082895,3.962218964986));
#4115 = CARTESIAN_POINT('',(0.864535966287,3.955331502515));
#4116 = CARTESIAN_POINT('',(0.948672940314,3.948850731703));
#4117 = CARTESIAN_POINT('',(1.030694823804,3.942999274719));
#4118 = CARTESIAN_POINT('',(1.111001650517,3.937925766375));
#4119 = CARTESIAN_POINT('',(1.321448794155,3.926754400404));
#4120 = CARTESIAN_POINT('',(1.449255704205,3.922213826332));
#4121 = CARTESIAN_POINT('',(1.575383447697,3.920570558623));
#4122 = CARTESIAN_POINT('',(1.701378974812,3.921943031334));
#4123 = CARTESIAN_POINT('',(1.828776082269,3.926285053639));
#4124 = CARTESIAN_POINT('',(1.959116037498,3.933326158673));
#4125 = CARTESIAN_POINT('',(2.175166359417,3.947717364448));
#4126 = CARTESIAN_POINT('',(2.257940412371,3.953815910066));
#4127 = CARTESIAN_POINT('',(2.343009273809,3.960475095608));
#4128 = CARTESIAN_POINT('',(2.430674896086,3.967463249325));
#4129 = CARTESIAN_POINT('',(2.521294010052,3.974461847131));
#4130 = CARTESIAN_POINT('',(2.615277278404,3.981048179579));
#4131 = CARTESIAN_POINT('',(2.80287251342,3.991945985129));
#4132 = CARTESIAN_POINT('',(2.896567056647,3.996443203279));
#4133 = CARTESIAN_POINT('',(2.992701188675,3.999714522944));
#4134 = CARTESIAN_POINT('',(3.090107195557,4.001309644177));
#4135 = CARTESIAN_POINT('',(3.187787283893,4.001048238175));
#4136 = CARTESIAN_POINT('',(3.284702938126,3.999070038548));
#4137 = CARTESIAN_POINT('',(3.485222009396,3.992008161989));
#4138 = CARTESIAN_POINT('',(3.58689003474,3.986648880064));
#4139 = CARTESIAN_POINT('',(3.685048507707,3.980145436684));
#4140 = CARTESIAN_POINT('',(3.77994837245,3.973043573155));
#4141 = CARTESIAN_POINT('',(3.871737717529,3.965830412276));
#4142 = CARTESIAN_POINT('',(3.960444539208,3.958891879324));
#4143 = CARTESIAN_POINT('',(4.147740525547,3.94489407765));
#4144 = CARTESIAN_POINT('',(4.246082011103,3.937981415963));
#4145 = CARTESIAN_POINT('',(4.341847190322,3.932160327082));
#4146 = CARTESIAN_POINT('',(4.435707742365,3.927666826641));
#4147 = CARTESIAN_POINT('',(4.528320440777,3.924627604472));
#4148 = CARTESIAN_POINT('',(4.620315334389,3.923105767657));
#4149 = CARTESIAN_POINT('',(4.785631320987,3.923105767657));
#4150 = CARTESIAN_POINT('',(4.858849553043,3.924068809427));
#4151 = CARTESIAN_POINT('',(4.932372435104,3.925993573176));
#4152 = CARTESIAN_POINT('',(5.006520381826,3.928854593589));
#4153 = CARTESIAN_POINT('',(5.081610488686,3.932599687297));
#4154 = CARTESIAN_POINT('',(5.157974219391,3.937140640384));
#4155 = CARTESIAN_POINT('',(5.322284229637,3.948085401527));
#4156 = CARTESIAN_POINT('',(5.410955084828,3.954659489422));
#4157 = CARTESIAN_POINT('',(5.502308843831,3.96186643634));
#4158 = CARTESIAN_POINT('',(5.596671675825,3.969412382436));
#4159 = CARTESIAN_POINT('',(5.694450331622,3.976887672431));
#4160 = CARTESIAN_POINT('',(5.7961217156,3.983746831785));
#4161 = CARTESIAN_POINT('',(5.954632534877,3.992154602147));
#4162 = CARTESIAN_POINT('',(6.007938872272,3.994627944039));
#4163 = CARTESIAN_POINT('',(6.062075925675,3.996714849441));
#4164 = CARTESIAN_POINT('',(6.116844942511,3.998339747198));
#4165 = CARTESIAN_POINT('',(6.172066801104,3.999445684296));
#4166 = CARTESIAN_POINT('',(6.227571109981,4.));
#4167 = CARTESIAN_POINT('',(6.28318530718,4.));
#4168 = ( GEOMETRIC_REPRESENTATION_CONTEXT(2) 
PARAMETRIC_REPRESENTATION_CONTEXT() REPRESENTATION_CONTEXT('2D SPACE',''
  ) );
#4169 = PCURVE('',#2613,#4170);
#4170 = DEFINITIONAL_REPRESENTATION('',(#4171),#4234);
#4171 = B_SPLINE_CURVE_WITH_KNOTS('',7,(#4172,#4173,#4174,#4175,#4176,
    #4177,#4178,#4179,#4180,#4181,#4182,#4183,#4184,#4185,#4186,#4187,
    #4188,#4189,#4190,#4191,#4192,#4193,#4194,#4195,#4196,#4197,#4198,
    #4199,#4200,#4201,#4202,#4203,#4204,#4205,#4206,#4207,#4208,#4209,
    #4210,#4211,#4212,#4213,#4214,#4215,#4216,#4217,#4218,#4219,#4220,
    #4221,#4222,#4223,#4224,#4225,#4226,#4227,#4228,#4229,#4230,#4231,
    #4232,#4233),.UNSPECIFIED.,.T.,.F.,(8,6,6,6,6,6,6,6,6,6,8),(0.,
    8.234485473675E-02,0.180750765399,0.344501880345,0.442272983387,
    0.531818789125,0.6315005201,0.7500638062,0.844378009679,
    0.948705842145,1.),.UNSPECIFIED.);
#4172 = CARTESIAN_POINT('',(0.914552528045,24.7));
#4173 = CARTESIAN_POINT('',(0.918727294827,24.7));
#4174 = CARTESIAN_POINT('',(0.922860108992,24.730929699234));
#4175 = CARTESIAN_POINT('',(0.926880857831,24.791670822757));
#4176 = CARTESIAN_POINT('',(0.930723216547,24.879823477422));
#4177 = CARTESIAN_POINT('',(0.934329112144,24.991786678218));
#4178 = CARTESIAN_POINT('',(0.937652494099,25.122823003659));
#4179 = CARTESIAN_POINT('',(0.944259402753,25.439533884839));
#4180 = CARTESIAN_POINT('',(0.94745438152,25.633068991563));
#4181 = CARTESIAN_POINT('',(0.95025508549,25.842525600656));
#4182 = CARTESIAN_POINT('',(0.952675522019,26.063973124918));
#4183 = CARTESIAN_POINT('',(0.95473160214,26.294403912747));
#4184 = CARTESIAN_POINT('',(0.956438089405,26.531501957946));
#4185 = CARTESIAN_POINT('',(0.960084555741,27.176230811115));
#4186 = CARTESIAN_POINT('',(0.961426829505,27.592506725844));
#4187 = CARTESIAN_POINT('',(0.961890191304,28.014533865536));
#4188 = CARTESIAN_POINT('',(0.961495097302,28.437300607315));
#4189 = CARTESIAN_POINT('',(0.960230067118,28.855664476111));
#4190 = CARTESIAN_POINT('',(0.958053610221,29.263388147561));
#4191 = CARTESIAN_POINT('',(0.953017994144,29.880834869577));
#4192 = CARTESIAN_POINT('',(0.950781627536,30.104835218936));
#4193 = CARTESIAN_POINT('',(0.948177401264,30.31925184432));
#4194 = CARTESIAN_POINT('',(0.945192765284,30.520714683399));
#4195 = CARTESIAN_POINT('',(0.941818514654,30.705139999546));
#4196 = CARTESIAN_POINT('',(0.938051950754,30.867555005731));
#4197 = CARTESIAN_POINT('',(0.93010239377,31.124723599809));
#4198 = CARTESIAN_POINT('',(0.925950721665,31.225002963272));
#4199 = CARTESIAN_POINT('',(0.921535100572,31.294299932081));
#4200 = CARTESIAN_POINT('',(0.916966535085,31.327454687466));
#4201 = CARTESIAN_POINT('',(0.912368881328,31.322516068857));
#4202 = CARTESIAN_POINT('',(0.907866652065,31.28080236689));
#4203 = CARTESIAN_POINT('',(0.898789742259,31.124797629677));
#4204 = CARTESIAN_POINT('',(0.894330191131,31.003953697619));
#4205 = CARTESIAN_POINT('',(0.890239872234,30.851225761263));
#4206 = CARTESIAN_POINT('',(0.886546831375,30.672811108466));
#4207 = CARTESIAN_POINT('',(0.88326515151,30.474516119263));
#4208 = CARTESIAN_POINT('',(0.880396838431,30.261828856789));
#4209 = CARTESIAN_POINT('',(0.87500056417,29.775987710796));
#4210 = CARTESIAN_POINT('',(0.872609348157,29.496253545441));
#4211 = CARTESIAN_POINT('',(0.870730951191,29.205993395531));
#4212 = CARTESIAN_POINT('',(0.869340525865,28.908839551462));
#4213 = CARTESIAN_POINT('',(0.868419559067,28.607426543206));
#4214 = CARTESIAN_POINT('',(0.867958394526,28.303843031787));
#4215 = CARTESIAN_POINT('',(0.867958394526,27.758300276011));
#4216 = CARTESIAN_POINT('',(0.868250220033,27.516680936082));
#4217 = CARTESIAN_POINT('',(0.868833500901,27.276170414048));
#4218 = CARTESIAN_POINT('',(0.869711954411,27.037832612131));
#4219 = CARTESIAN_POINT('',(0.870892801305,26.802907144436));
#4220 = CARTESIAN_POINT('',(0.872386168319,26.572953624942));
#4221 = CARTESIAN_POINT('',(0.876215841526,26.103374703144));
#4222 = CARTESIAN_POINT('',(0.8786331004,25.864298628637));
#4223 = CARTESIAN_POINT('',(0.881473604295,25.636314840515));
#4224 = CARTESIAN_POINT('',(0.884751532649,25.42374138893));
#4225 = CARTESIAN_POINT('',(0.888475637024,25.231776113066));
#4226 = CARTESIAN_POINT('',(0.892644983464,25.066717731601));
#4227 = CARTESIAN_POINT('',(0.899500153153,24.872306414475));
#4228 = CARTESIAN_POINT('',(0.901860542805,24.816683363748));
#4229 = CARTESIAN_POINT('',(0.904305852825,24.770796452253));
#4230 = CARTESIAN_POINT('',(0.90681790663,24.735638578333));
#4231 = CARTESIAN_POINT('',(0.909376929151,24.711907903391));
#4232 = CARTESIAN_POINT('',(0.911962170236,24.7));
#4233 = CARTESIAN_POINT('',(0.914552528045,24.7));
#4234 = ( GEOMETRIC_REPRESENTATION_CONTEXT(2) 
PARAMETRIC_REPRESENTATION_CONTEXT() REPRESENTATION_CONTEXT('2D SPACE',''
  ) );
#4235 = ORIENTED_EDGE('',*,*,#4015,.T.);
#4236 = ADVANCED_FACE('',(#4237),#1691,.F.);
#4237 = FACE_BOUND('',#4238,.F.);
#4238 = EDGE_LOOP('',(#4239,#4240,#4263,#4461));
#4239 = ORIENTED_EDGE('',*,*,#1557,.F.);
#4240 = ORIENTED_EDGE('',*,*,#4241,.F.);
#4241 = EDGE_CURVE('',#4242,#1558,#4244,.T.);
#4242 = VERTEX_POINT('',#4243);
#4243 = CARTESIAN_POINT('',(-26.99883616441,65.504086481432,115.7));
#4244 = SEAM_CURVE('',#4245,(#4249,#4256),.PCURVE_S1.);
#4245 = LINE('',#4246,#4247);
#4246 = CARTESIAN_POINT('',(-25.47455465901,61.805902346983,115.7));
#4247 = VECTOR('',#4248,1.);
#4248 = DIRECTION('',(-0.38107037635,0.924546033612,2.22044604925E-16));
#4249 = PCURVE('',#1691,#4250);
#4250 = DEFINITIONAL_REPRESENTATION('',(#4251),#4255);
#4251 = LINE('',#4252,#4253);
#4252 = CARTESIAN_POINT('',(6.28318530718,-0.));
#4253 = VECTOR('',#4254,1.);
#4254 = DIRECTION('',(0.,1.));
#4255 = ( GEOMETRIC_REPRESENTATION_CONTEXT(2) 
PARAMETRIC_REPRESENTATION_CONTEXT() REPRESENTATION_CONTEXT('2D SPACE',''
  ) );
#4256 = PCURVE('',#1691,#4257);
#4257 = DEFINITIONAL_REPRESENTATION('',(#4258),#4262);
#4258 = LINE('',#4259,#4260);
#4259 = CARTESIAN_POINT('',(0.,-0.));
#4260 = VECTOR('',#4261,1.);
#4261 = DIRECTION('',(0.,1.));
#4262 = ( GEOMETRIC_REPRESENTATION_CONTEXT(2) 
PARAMETRIC_REPRESENTATION_CONTEXT() REPRESENTATION_CONTEXT('2D SPACE',''
  ) );
#4263 = ORIENTED_EDGE('',*,*,#4264,.T.);
#4264 = EDGE_CURVE('',#4242,#4242,#4265,.T.);
#4265 = SURFACE_CURVE('',#4266,(#4329,#4395),.PCURVE_S1.);
#4266 = B_SPLINE_CURVE_WITH_KNOTS('',7,(#4267,#4268,#4269,#4270,#4271,
    #4272,#4273,#4274,#4275,#4276,#4277,#4278,#4279,#4280,#4281,#4282,
    #4283,#4284,#4285,#4286,#4287,#4288,#4289,#4290,#4291,#4292,#4293,
    #4294,#4295,#4296,#4297,#4298,#4299,#4300,#4301,#4302,#4303,#4304,
    #4305,#4306,#4307,#4308,#4309,#4310,#4311,#4312,#4313,#4314,#4315,
    #4316,#4317,#4318,#4319,#4320,#4321,#4322,#4323,#4324,#4325,#4326,
    #4327,#4328),.UNSPECIFIED.,.T.,.F.,(8,6,6,6,6,6,6,6,6,6,8),(0.,
    8.23448544193E-02,0.180750765583,0.344501881366,0.442272982521,
    0.531818784445,0.631500514061,0.750063802155,0.84437800722,
    0.948705841357,1.),.UNSPECIFIED.);
#4267 = CARTESIAN_POINT('',(-26.99883616441,65.504086481432,115.7));
#4268 = CARTESIAN_POINT('',(-27.27230045119,65.391372636051,115.7));
#4269 = CARTESIAN_POINT('',(-27.54246780799,65.278459869195,
    115.73092969825));
#4270 = CARTESIAN_POINT('',(-27.80475697684,65.167290733312,
    115.79167082418));
#4271 = CARTESIAN_POINT('',(-28.05489276302,65.059844726677,
    115.87982347789));
#4272 = CARTESIAN_POINT('',(-28.28918851141,64.957982514259,
    115.99178667608));
#4273 = CARTESIAN_POINT('',(-28.50477039965,64.863287313889,
    116.12282300495));
#4274 = CARTESIAN_POINT('',(-28.93274548185,64.673670730656,
    116.43953388483));
#4275 = CARTESIAN_POINT('',(-29.13927300412,64.580997661571,
    116.63306899156));
#4276 = CARTESIAN_POINT('',(-29.31999722495,64.499058951582,
    116.84252560065));
#4277 = CARTESIAN_POINT('',(-29.47596373407,64.427764516538,
    117.06397312491));
#4278 = CARTESIAN_POINT('',(-29.60830723569,64.366887455897,
    117.29440391274));
#4279 = CARTESIAN_POINT('',(-29.71805739143,64.316164138947,
    117.53150195794));
#4280 = CARTESIAN_POINT('',(-29.95243535124,64.207477432529,
    118.17623081111));
#4281 = CARTESIAN_POINT('',(-30.03853009021,64.16708060285,
    118.59250672584));
#4282 = CARTESIAN_POINT('',(-30.06821749185,64.153066960961,
    119.01453386553));
#4283 = CARTESIAN_POINT('',(-30.04289144448,64.164990087245,
    119.43730060731));
#4284 = CARTESIAN_POINT('',(-29.96177920764,64.203118521786,
    119.85566447611));
#4285 = CARTESIAN_POINT('',(-29.82204224321,64.268329685392,
    120.26338814756));
#4286 = CARTESIAN_POINT('',(-29.49794133585,64.417480139099,
    120.88083486394));
#4287 = CARTESIAN_POINT('',(-29.35388245238,64.483453186191,
    121.10483523326));
#4288 = CARTESIAN_POINT('',(-29.18594291011,64.559875524315,
    121.3192518319));
#4289 = CARTESIAN_POINT('',(-28.99320501818,64.646874821066,
    121.52071468299));
#4290 = CARTESIAN_POINT('',(-28.77493623561,64.744408488589,
    121.70514000634));
#4291 = CARTESIAN_POINT('',(-28.53079243168,64.852161158121,
    121.86755500249));
#4292 = CARTESIAN_POINT('',(-28.01431427191,65.076825290422,
    122.1247235999));
#4293 = CARTESIAN_POINT('',(-27.74410618983,65.193061269769,
    122.22500296312));
#4294 = CARTESIAN_POINT('',(-27.45612146249,65.315298307188,
    122.29429993212));
#4295 = CARTESIAN_POINT('',(-27.15746504189,65.440120902962,
    122.32745468754));
#4296 = CARTESIAN_POINT('',(-26.85619292038,65.564013570885,
    122.32251606875));
#4297 = CARTESIAN_POINT('',(-26.56052707785,65.683738592939,
    122.28080236694));
#4298 = CARTESIAN_POINT('',(-25.96329716017,65.922260791738,
    122.12479762723));
#4299 = CARTESIAN_POINT('',(-25.66917290259,66.037693399818,
    122.00395370181));
#4300 = CARTESIAN_POINT('',(-25.39882357466,66.142089149738,
    121.85122576516));
#4301 = CARTESIAN_POINT('',(-25.15429349341,66.235195715555,
    121.67281109148));
#4302 = CARTESIAN_POINT('',(-24.93668303483,66.317086434526,
    121.47451613674));
#4303 = CARTESIAN_POINT('',(-24.74626169675,66.388067645772,
    121.26182885003));
#4304 = CARTESIAN_POINT('',(-24.38768652828,66.520721476369,
    120.77598771079));
#4305 = CARTESIAN_POINT('',(-24.22854696046,66.578837255746,
    120.49625354544));
#4306 = CARTESIAN_POINT('',(-24.10340335423,66.624121569043,
    120.20599339553));
#4307 = CARTESIAN_POINT('',(-24.0107072086,66.657467939629,
    119.90883955146));
#4308 = CARTESIAN_POINT('',(-23.94928744473,66.679496080601,
    119.6074265432));
#4309 = CARTESIAN_POINT('',(-23.91853213943,66.690526465868,
    119.30384303178));
#4310 = CARTESIAN_POINT('',(-23.91853213943,66.690526465868,
    118.75830027601));
#4311 = CARTESIAN_POINT('',(-23.93799413958,66.68354644571,
    118.51668093608));
#4312 = CARTESIAN_POINT('',(-23.97689343458,66.669595160683,
    118.27617041404));
#4313 = CARTESIAN_POINT('',(-24.03546515139,66.648548154859,
    118.03783261213));
#4314 = CARTESIAN_POINT('',(-24.11416518328,66.620161080436,
    117.80290714443));
#4315 = CARTESIAN_POINT('',(-24.21362743812,66.584077246222,
    117.57295362494));
#4316 = CARTESIAN_POINT('',(-24.46845323989,66.490883613986,
    117.10337470334));
#4317 = CARTESIAN_POINT('',(-24.62918236281,66.431746461832,
    116.86429862861));
#4318 = CARTESIAN_POINT('',(-24.8178750486,66.361768068636,
    116.63631484035));
#4319 = CARTESIAN_POINT('',(-25.03535727495,66.280290148653,
    116.42374138884));
#4320 = CARTESIAN_POINT('',(-25.28205642885,66.186693457642,
    116.23177611313));
#4321 = CARTESIAN_POINT('',(-25.55771062025,66.080495947148,
    116.06671773168));
#4322 = CARTESIAN_POINT('',(-26.00988891327,65.903215448424,
    115.87230641447));
#4323 = CARTESIAN_POINT('',(-26.16543016584,65.841781166409,
    115.81668336374));
#4324 = CARTESIAN_POINT('',(-26.32639261487,65.777694454147,
    115.77079645225));
#4325 = CARTESIAN_POINT('',(-26.49155605138,65.711376506827,
    115.73563857833));
#4326 = CARTESIAN_POINT('',(-26.65960203845,65.64330914387,
    115.71190790339));
#4327 = CARTESIAN_POINT('',(-26.82915714248,65.574023127521,115.7));
#4328 = CARTESIAN_POINT('',(-26.99883616441,65.504086481432,115.7));
#4329 = PCURVE('',#1691,#4330);
#4330 = DEFINITIONAL_REPRESENTATION('',(#4331),#4394);
#4331 = B_SPLINE_CURVE_WITH_KNOTS('',7,(#4332,#4333,#4334,#4335,#4336,
    #4337,#4338,#4339,#4340,#4341,#4342,#4343,#4344,#4345,#4346,#4347,
    #4348,#4349,#4350,#4351,#4352,#4353,#4354,#4355,#4356,#4357,#4358,
    #4359,#4360,#4361,#4362,#4363,#4364,#4365,#4366,#4367,#4368,#4369,
    #4370,#4371,#4372,#4373,#4374,#4375,#4376,#4377,#4378,#4379,#4380,
    #4381,#4382,#4383,#4384,#4385,#4386,#4387,#4388,#4389,#4390,#4391,
    #4392,#4393),.UNSPECIFIED.,.F.,.F.,(8,6,6,6,6,6,6,6,6,6,8),(0.,
    8.23448544193E-02,0.180750765583,0.344501881366,0.442272982521,
    0.531818784445,0.631500514061,0.750063802155,0.84437800722,
    0.948705841357,1.),.UNSPECIFIED.);
#4332 = CARTESIAN_POINT('',(0.,4.));
#4333 = CARTESIAN_POINT('',(8.963097853122E-02,4.));
#4334 = CARTESIAN_POINT('',(0.178361136267,3.998559725593));
#4335 = CARTESIAN_POINT('',(0.265859410254,3.995729374239));
#4336 = CARTESIAN_POINT('',(0.351767341831,3.991709933155));
#4337 = CARTESIAN_POINT('',(0.435661880467,3.986816797705));
#4338 = CARTESIAN_POINT('',(0.516993354477,3.981418597085));
#4339 = CARTESIAN_POINT('',(0.68821849669,3.969197962793));
#4340 = CARTESIAN_POINT('',(0.777872082895,3.962218964986));
#4341 = CARTESIAN_POINT('',(0.864535966287,3.955331502515));
#4342 = CARTESIAN_POINT('',(0.948672940314,3.948850731703));
#4343 = CARTESIAN_POINT('',(1.030694823804,3.942999274719));
#4344 = CARTESIAN_POINT('',(1.111001650517,3.937925766375));
#4345 = CARTESIAN_POINT('',(1.321448794155,3.926754400404));
#4346 = CARTESIAN_POINT('',(1.449255704205,3.922213826332));
#4347 = CARTESIAN_POINT('',(1.575383447697,3.920570558623));
#4348 = CARTESIAN_POINT('',(1.701378974812,3.921943031334));
#4349 = CARTESIAN_POINT('',(1.828776082269,3.926285053639));
#4350 = CARTESIAN_POINT('',(1.959116037498,3.933326158673));
#4351 = CARTESIAN_POINT('',(2.175166357447,3.947717364317));
#4352 = CARTESIAN_POINT('',(2.257940416912,3.953815910389));
#4353 = CARTESIAN_POINT('',(2.343009271505,3.960475095407));
#4354 = CARTESIAN_POINT('',(2.430674892272,3.967463249127));
#4355 = CARTESIAN_POINT('',(2.521294015671,3.974461847461));
#4356 = CARTESIAN_POINT('',(2.615277276044,3.981048179442));
#4357 = CARTESIAN_POINT('',(2.80287251349,3.991945985133));
#4358 = CARTESIAN_POINT('',(2.896567056575,3.996443203273));
#4359 = CARTESIAN_POINT('',(2.99270118862,3.999714522946));
#4360 = CARTESIAN_POINT('',(3.090107195615,4.00130964418));
#4361 = CARTESIAN_POINT('',(3.187787283962,4.001048238171));
#4362 = CARTESIAN_POINT('',(3.284702938056,3.99907003855));
#4363 = CARTESIAN_POINT('',(3.485222012533,3.992008161878));
#4364 = CARTESIAN_POINT('',(3.586890027398,3.9866488803));
#4365 = CARTESIAN_POINT('',(3.685048512654,3.980145436674));
#4366 = CARTESIAN_POINT('',(3.779948375416,3.973043572714));
#4367 = CARTESIAN_POINT('',(3.871737711621,3.965830412779));
#4368 = CARTESIAN_POINT('',(3.960444541812,3.95889187913));
#4369 = CARTESIAN_POINT('',(4.147740525547,3.94489407765));
#4370 = CARTESIAN_POINT('',(4.246082011103,3.937981415963));
#4371 = CARTESIAN_POINT('',(4.341847190323,3.932160327082));
#4372 = CARTESIAN_POINT('',(4.435707742365,3.927666826641));
#4373 = CARTESIAN_POINT('',(4.528320440778,3.924627604472));
#4374 = CARTESIAN_POINT('',(4.620315334389,3.923105767657));
#4375 = CARTESIAN_POINT('',(4.785631320987,3.923105767657));
#4376 = CARTESIAN_POINT('',(4.858849553043,3.924068809427));
#4377 = CARTESIAN_POINT('',(4.932372435104,3.925993573176));
#4378 = CARTESIAN_POINT('',(5.006520381826,3.928854593589));
#4379 = CARTESIAN_POINT('',(5.081610488686,3.932599687297));
#4380 = CARTESIAN_POINT('',(5.157974219391,3.937140640384));
#4381 = CARTESIAN_POINT('',(5.322284229567,3.948085401523));
#4382 = CARTESIAN_POINT('',(5.410955084828,3.954659489421));
#4383 = CARTESIAN_POINT('',(5.502308843888,3.961866436345));
#4384 = CARTESIAN_POINT('',(5.596671675875,3.96941238244));
#4385 = CARTESIAN_POINT('',(5.694450331611,3.976887672429));
#4386 = CARTESIAN_POINT('',(5.796121715532,3.983746831781));
#4387 = CARTESIAN_POINT('',(5.954632534877,3.992154602147));
#4388 = CARTESIAN_POINT('',(6.007938872272,3.994627944039));
#4389 = CARTESIAN_POINT('',(6.062075925675,3.996714849441));
#4390 = CARTESIAN_POINT('',(6.116844942511,3.998339747198));
#4391 = CARTESIAN_POINT('',(6.172066801104,3.999445684296));
#4392 = CARTESIAN_POINT('',(6.22757110998,4.));
#4393 = CARTESIAN_POINT('',(6.28318530718,4.));
#4394 = ( GEOMETRIC_REPRESENTATION_CONTEXT(2) 
PARAMETRIC_REPRESENTATION_CONTEXT() REPRESENTATION_CONTEXT('2D SPACE',''
  ) );
#4395 = PCURVE('',#2613,#4396);
#4396 = DEFINITIONAL_REPRESENTATION('',(#4397),#4460);
#4397 = B_SPLINE_CURVE_WITH_KNOTS('',7,(#4398,#4399,#4400,#4401,#4402,
    #4403,#4404,#4405,#4406,#4407,#4408,#4409,#4410,#4411,#4412,#4413,
    #4414,#4415,#4416,#4417,#4418,#4419,#4420,#4421,#4422,#4423,#4424,
    #4425,#4426,#4427,#4428,#4429,#4430,#4431,#4432,#4433,#4434,#4435,
    #4436,#4437,#4438,#4439,#4440,#4441,#4442,#4443,#4444,#4445,#4446,
    #4447,#4448,#4449,#4450,#4451,#4452,#4453,#4454,#4455,#4456,#4457,
    #4458,#4459),.UNSPECIFIED.,.T.,.F.,(8,6,6,6,6,6,6,6,6,6,8),(0.,
    8.23448544193E-02,0.180750765583,0.344501881366,0.442272982521,
    0.531818784445,0.631500514061,0.750063802155,0.84437800722,
    0.948705841357,1.),.UNSPECIFIED.);
#4398 = CARTESIAN_POINT('',(1.961750079242,24.7));
#4399 = CARTESIAN_POINT('',(1.965924846061,24.7));
#4400 = CARTESIAN_POINT('',(1.970057660107,24.73092969825));
#4401 = CARTESIAN_POINT('',(1.97407840907,24.79167082418));
#4402 = CARTESIAN_POINT('',(1.977920767794,24.879823477896));
#4403 = CARTESIAN_POINT('',(1.981526663268,24.991786676083));
#4404 = CARTESIAN_POINT('',(1.984850045323,25.122823004951));
#4405 = CARTESIAN_POINT('',(1.991456953949,25.439533884839));
#4406 = CARTESIAN_POINT('',(1.994651932716,25.633068991563));
#4407 = CARTESIAN_POINT('',(1.997452636687,25.842525600656));
#4408 = CARTESIAN_POINT('',(1.999873073215,26.063973124918));
#4409 = CARTESIAN_POINT('',(2.001929153337,26.294403912747));
#4410 = CARTESIAN_POINT('',(2.003635640601,26.531501957947));
#4411 = CARTESIAN_POINT('',(2.007282106938,27.176230811115));
#4412 = CARTESIAN_POINT('',(2.008624380702,27.592506725844));
#4413 = CARTESIAN_POINT('',(2.009087742501,28.014533865535));
#4414 = CARTESIAN_POINT('',(2.008692648499,28.437300607315));
#4415 = CARTESIAN_POINT('',(2.007427618315,28.855664476111));
#4416 = CARTESIAN_POINT('',(2.005251161418,29.263388147561));
#4417 = CARTESIAN_POINT('',(2.000215545386,29.880834863948));
#4418 = CARTESIAN_POINT('',(1.997979178642,30.104835233269));
#4419 = CARTESIAN_POINT('',(1.995374952443,30.319251831901));
#4420 = CARTESIAN_POINT('',(1.992390316705,30.520714682993));
#4421 = CARTESIAN_POINT('',(1.989016065599,30.705140006346));
#4422 = CARTESIAN_POINT('',(1.985249502051,30.867555002497));
#4423 = CARTESIAN_POINT('',(1.977299944963,31.124723599904));
#4424 = CARTESIAN_POINT('',(1.973148272864,31.225002963124));
#4425 = CARTESIAN_POINT('',(1.968732651771,31.294299932125));
#4426 = CARTESIAN_POINT('',(1.964164086279,31.327454687545));
#4427 = CARTESIAN_POINT('',(1.959566432521,31.322516068751));
#4428 = CARTESIAN_POINT('',(1.955064203265,31.280802366945));
#4429 = CARTESIAN_POINT('',(1.945987293314,31.124797627236));
#4430 = CARTESIAN_POINT('',(1.941527742676,31.003953701819));
#4431 = CARTESIAN_POINT('',(1.937437423135,30.851225765162));
#4432 = CARTESIAN_POINT('',(1.933744382566,30.672811091485));
#4433 = CARTESIAN_POINT('',(1.930462702861,30.474516136747));
#4434 = CARTESIAN_POINT('',(1.927594389553,30.261828850033));
#4435 = CARTESIAN_POINT('',(1.922198115367,29.775987710796));
#4436 = CARTESIAN_POINT('',(1.919806899354,29.496253545441));
#4437 = CARTESIAN_POINT('',(1.917928502387,29.205993395531));
#4438 = CARTESIAN_POINT('',(1.916538077061,28.908839551462));
#4439 = CARTESIAN_POINT('',(1.915617110264,28.607426543206));
#4440 = CARTESIAN_POINT('',(1.915155945723,28.303843031787));
#4441 = CARTESIAN_POINT('',(1.915155945723,27.758300276011));
#4442 = CARTESIAN_POINT('',(1.915447771229,27.516680936083));
#4443 = CARTESIAN_POINT('',(1.916031052097,27.276170414048));
#4444 = CARTESIAN_POINT('',(1.916909505607,27.037832612131));
#4445 = CARTESIAN_POINT('',(1.918090352501,26.802907144436));
#4446 = CARTESIAN_POINT('',(1.919583719515,26.572953624942));
#4447 = CARTESIAN_POINT('',(1.923413392721,26.103374703343));
#4448 = CARTESIAN_POINT('',(1.925830651596,25.864298628616));
#4449 = CARTESIAN_POINT('',(1.928671155494,25.636314840357));
#4450 = CARTESIAN_POINT('',(1.931949083848,25.423741388846));
#4451 = CARTESIAN_POINT('',(1.935673188221,25.231776113132));
#4452 = CARTESIAN_POINT('',(1.939842534658,25.066717731684));
#4453 = CARTESIAN_POINT('',(1.94669770435,24.872306414475));
#4454 = CARTESIAN_POINT('',(1.949058094001,24.816683363748));
#4455 = CARTESIAN_POINT('',(1.951503404022,24.770796452253));
#4456 = CARTESIAN_POINT('',(1.954015457827,24.735638578333));
#4457 = CARTESIAN_POINT('',(1.956574480348,24.711907903391));
#4458 = CARTESIAN_POINT('',(1.959159721433,24.7));
#4459 = CARTESIAN_POINT('',(1.961750079242,24.7));
#4460 = ( GEOMETRIC_REPRESENTATION_CONTEXT(2) 
PARAMETRIC_REPRESENTATION_CONTEXT() REPRESENTATION_CONTEXT('2D SPACE',''
  ) );
#4461 = ORIENTED_EDGE('',*,*,#4241,.T.);
#4462 = ADVANCED_FACE('',(#4463),#1898,.F.);
#4463 = FACE_BOUND('',#4464,.F.);
#4464 = EDGE_LOOP('',(#4465,#4466,#4489,#4687));
#4465 = ORIENTED_EDGE('',*,*,#1764,.F.);
#4466 = ORIENTED_EDGE('',*,*,#4467,.F.);
#4467 = EDGE_CURVE('',#4468,#1765,#4470,.T.);
#4468 = VERTEX_POINT('',#4469);
#4469 = CARTESIAN_POINT('',(-70.22762102682,9.370365249717,115.7));
#4470 = SEAM_CURVE('',#4471,(#4475,#4482),.PCURVE_S1.);
#4471 = LINE('',#4472,#4473);
#4472 = CARTESIAN_POINT('',(-66.26275886581,8.841339688689,115.7));
#4473 = VECTOR('',#4474,1.);
#4474 = DIRECTION('',(-0.991215540252,0.132256390257,2.22044604925E-16)
  );
#4475 = PCURVE('',#1898,#4476);
#4476 = DEFINITIONAL_REPRESENTATION('',(#4477),#4481);
#4477 = LINE('',#4478,#4479);
#4478 = CARTESIAN_POINT('',(6.28318530718,-0.));
#4479 = VECTOR('',#4480,1.);
#4480 = DIRECTION('',(0.,1.));
#4481 = ( GEOMETRIC_REPRESENTATION_CONTEXT(2) 
PARAMETRIC_REPRESENTATION_CONTEXT() REPRESENTATION_CONTEXT('2D SPACE',''
  ) );
#4482 = PCURVE('',#1898,#4483);
#4483 = DEFINITIONAL_REPRESENTATION('',(#4484),#4488);
#4484 = LINE('',#4485,#4486);
#4485 = CARTESIAN_POINT('',(0.,-0.));
#4486 = VECTOR('',#4487,1.);
#4487 = DIRECTION('',(0.,1.));
#4488 = ( GEOMETRIC_REPRESENTATION_CONTEXT(2) 
PARAMETRIC_REPRESENTATION_CONTEXT() REPRESENTATION_CONTEXT('2D SPACE',''
  ) );
#4489 = ORIENTED_EDGE('',*,*,#4490,.T.);
#4490 = EDGE_CURVE('',#4468,#4468,#4491,.T.);
#4491 = SURFACE_CURVE('',#4492,(#4555,#4621),.PCURVE_S1.);
#4492 = B_SPLINE_CURVE_WITH_KNOTS('',7,(#4493,#4494,#4495,#4496,#4497,
    #4498,#4499,#4500,#4501,#4502,#4503,#4504,#4505,#4506,#4507,#4508,
    #4509,#4510,#4511,#4512,#4513,#4514,#4515,#4516,#4517,#4518,#4519,
    #4520,#4521,#4522,#4523,#4524,#4525,#4526,#4527,#4528,#4529,#4530,
    #4531,#4532,#4533,#4534,#4535,#4536,#4537,#4538,#4539,#4540,#4541,
    #4542,#4543,#4544,#4545,#4546,#4547,#4548,#4549,#4550,#4551,#4552,
    #4553,#4554),.UNSPECIFIED.,.T.,.F.,(8,6,6,6,6,6,6,6,6,6,8),(0.,
    8.234485110418E-02,0.180750757461,0.344501865245,0.442272965512,
    0.531818770139,0.631500502764,0.750063794437,0.844378002349,
    0.948705839727,1.),.UNSPECIFIED.);
#4493 = CARTESIAN_POINT('',(-70.22762102682,9.370365249717,115.7));
#4494 = CARTESIAN_POINT('',(-70.2667401164,9.077181310228,115.7));
#4495 = CARTESIAN_POINT('',(-70.30403847137,8.786753124184,
    115.73092969924));
#4496 = CARTESIAN_POINT('',(-70.33890775892,8.504019481705,
    115.79167082276));
#4497 = CARTESIAN_POINT('',(-70.37092468062,8.233672533728,
    115.87982347739));
#4498 = CARTESIAN_POINT('',(-70.39985729223,7.979835348715,
    115.99178667819));
#4499 = CARTESIAN_POINT('',(-70.42563978642,7.745788363626,
    116.12282300371));
#4500 = CARTESIAN_POINT('',(-70.47541454966,7.280342776814,
    116.43953388484));
#4501 = CARTESIAN_POINT('',(-70.49842107872,7.055148161405,
    116.63306899156));
#4502 = CARTESIAN_POINT('',(-70.51782218473,6.85766704009,
    116.84252560065));
#4503 = CARTESIAN_POINT('',(-70.53406264739,6.686948863534,
    117.06397312491));
#4504 = CARTESIAN_POINT('',(-70.54751331718,6.541897498785,
    117.29440391274));
#4505 = CARTESIAN_POINT('',(-70.55846071401,6.421489417367,
    117.53150195794));
#4506 = CARTESIAN_POINT('',(-70.58152424511,6.164168796872,
    118.17623081111));
#4507 = CARTESIAN_POINT('',(-70.58958693385,6.06941015096,
    118.59250672584));
#4508 = CARTESIAN_POINT('',(-70.5922944648,6.036693286021,
    119.01453386553));
#4509 = CARTESIAN_POINT('',(-70.58995717137,6.064587849564,
    119.43730060731));
#4510 = CARTESIAN_POINT('',(-70.58242124587,6.153897324492,
    119.85566447611));
#4511 = CARTESIAN_POINT('',(-70.56902728795,6.30751866734,
    120.26338814756));
#4512 = CARTESIAN_POINT('',(-70.53614491567,6.662773518636,
    120.88083487312));
#4513 = CARTESIAN_POINT('',(-70.52124981004,6.820518679143,
    121.1048352099));
#4514 = CARTESIAN_POINT('',(-70.50346372487,7.004169766581,
    121.31925185214));
#4515 = CARTESIAN_POINT('',(-70.48243837629,7.214585353389,
    121.52071468365));
#4516 = CARTESIAN_POINT('',(-70.45777062523,7.452378443101,
    121.70513999526));
#4517 = CARTESIAN_POINT('',(-70.42901526779,7.717689554592,
    121.86755500776));
#4518 = CARTESIAN_POINT('',(-70.3653410351,8.277304816134,122.1247235999
    ));
#4519 = CARTESIAN_POINT('',(-70.33090030501,8.569429869193,
    122.22500296312));
#4520 = CARTESIAN_POINT('',(-70.29276832102,8.879950477685,
    122.29429993212));
#4521 = CARTESIAN_POINT('',(-70.25153964964,9.201005822808,
    122.32745468754));
#4522 = CARTESIAN_POINT('',(-70.20819778664,9.523861467457,
    122.32251606875));
#4523 = CARTESIAN_POINT('',(-70.16404977594,9.839778109143,
    122.28080236694));
#4524 = CARTESIAN_POINT('',(-70.07200110063,10.476255489155,
    122.12479762723));
#4525 = CARTESIAN_POINT('',(-70.02490654286,10.788690872127,
    122.00395370181));
#4526 = CARTESIAN_POINT('',(-69.98014125038,11.075018132968,
    121.85122576516));
#4527 = CARTESIAN_POINT('',(-69.93850886101,11.33334067823,
    121.67281109148));
#4528 = CARTESIAN_POINT('',(-69.90062307468,11.562742222971,
    121.47451613674));
#4529 = CARTESIAN_POINT('',(-69.86688393777,11.763142544799,
    121.26182885003));
#4530 = CARTESIAN_POINT('',(-69.80247794074,12.140004665162,
    120.77598771079));
#4531 = CARTESIAN_POINT('',(-69.77323789813,12.306881463328,
    120.49625354544));
#4532 = CARTESIAN_POINT('',(-69.74988346072,12.437901162095,
    120.20599339553));
#4533 = CARTESIAN_POINT('',(-69.73241419196,12.534851564337,
    119.90883955146));
#4534 = CARTESIAN_POINT('',(-69.72078123971,12.599056710628,
    119.6074265432));
#4535 = CARTESIAN_POINT('',(-69.71495618091,12.631206778946,
    119.30384303178));
#4536 = CARTESIAN_POINT('',(-69.71495618091,12.631206778946,
    118.75830027601));
#4537 = CARTESIAN_POINT('',(-69.71864230621,12.610862182328,
    118.51668093608));
#4538 = CARTESIAN_POINT('',(-69.72600978646,12.570198762158,
    118.27617041404));
#4539 = CARTESIAN_POINT('',(-69.73706840315,12.508950664549,
    118.03783261213));
#4540 = CARTESIAN_POINT('',(-69.75183449151,12.426600900439,
    117.80290714443));
#4541 = CARTESIAN_POINT('',(-69.77031610183,12.32242214392,
    117.57295362494));
#4542 = CARTESIAN_POINT('',(-69.81702094975,12.055139709812,
    117.10337470312));
#4543 = CARTESIAN_POINT('',(-69.84617123512,11.886375630237,
    116.86429862863));
#4544 = CARTESIAN_POINT('',(-69.87991451177,11.687973774404,
    116.63631484053));
#4545 = CARTESIAN_POINT('',(-69.91809367638,11.458889681568,
    116.42374138893));
#4546 = CARTESIAN_POINT('',(-69.96038614124,11.198443601506,
    116.23177611305));
#4547 = CARTESIAN_POINT('',(-70.00624349506,10.906621313639,
    116.06671773159));
#4548 = CARTESIAN_POINT('',(-70.07880322604,10.426383175709,
    115.87230641447));
#4549 = CARTESIAN_POINT('',(-70.10337020344,10.260963358633,
    115.81668336374));
#4550 = CARTESIAN_POINT('',(-70.1283507071,10.089522432587,
    115.77079645225));
#4551 = CARTESIAN_POINT('',(-70.15349939824,9.913327727135,
    115.73563857833));
#4552 = CARTESIAN_POINT('',(-70.17857432629,9.733761951848,
    115.71190790339));
#4553 = CARTESIAN_POINT('',(-70.20334842802,9.552279916241,115.7));
#4554 = CARTESIAN_POINT('',(-70.22762102682,9.370365249717,115.7));
#4555 = PCURVE('',#1898,#4556);
#4556 = DEFINITIONAL_REPRESENTATION('',(#4557),#4620);
#4557 = B_SPLINE_CURVE_WITH_KNOTS('',7,(#4558,#4559,#4560,#4561,#4562,
    #4563,#4564,#4565,#4566,#4567,#4568,#4569,#4570,#4571,#4572,#4573,
    #4574,#4575,#4576,#4577,#4578,#4579,#4580,#4581,#4582,#4583,#4584,
    #4585,#4586,#4587,#4588,#4589,#4590,#4591,#4592,#4593,#4594,#4595,
    #4596,#4597,#4598,#4599,#4600,#4601,#4602,#4603,#4604,#4605,#4606,
    #4607,#4608,#4609,#4610,#4611,#4612,#4613,#4614,#4615,#4616,#4617,
    #4618,#4619),.UNSPECIFIED.,.F.,.F.,(8,6,6,6,6,6,6,6,6,6,8),(0.,
    8.234485110418E-02,0.180750757461,0.344501865245,0.442272965512,
    0.531818770139,0.631500502764,0.750063794437,0.844378002349,
    0.948705839727,1.),.UNSPECIFIED.);
#4558 = CARTESIAN_POINT('',(0.,4.));
#4559 = CARTESIAN_POINT('',(8.963097774333E-02,4.));
#4560 = CARTESIAN_POINT('',(0.178361138106,3.998559725552));
#4561 = CARTESIAN_POINT('',(0.265859409204,3.995729374296));
#4562 = CARTESIAN_POINT('',(0.351767340693,3.991709933177));
#4563 = CARTESIAN_POINT('',(0.435661882198,3.986816797622));
#4564 = CARTESIAN_POINT('',(0.516993353807,3.981418597133));
#4565 = CARTESIAN_POINT('',(0.68821849669,3.969197962793));
#4566 = CARTESIAN_POINT('',(0.777872082895,3.962218964986));
#4567 = CARTESIAN_POINT('',(0.864535966287,3.955331502515));
#4568 = CARTESIAN_POINT('',(0.948672940314,3.948850731703));
#4569 = CARTESIAN_POINT('',(1.030694823804,3.942999274719));
#4570 = CARTESIAN_POINT('',(1.111001650517,3.937925766375));
#4571 = CARTESIAN_POINT('',(1.321448794155,3.926754400404));
#4572 = CARTESIAN_POINT('',(1.449255704205,3.922213826332));
#4573 = CARTESIAN_POINT('',(1.575383447697,3.920570558623));
#4574 = CARTESIAN_POINT('',(1.701378974813,3.921943031334));
#4575 = CARTESIAN_POINT('',(1.828776082268,3.926285053639));
#4576 = CARTESIAN_POINT('',(1.959116037498,3.933326158673));
#4577 = CARTESIAN_POINT('',(2.175166360658,3.947717364531));
#4578 = CARTESIAN_POINT('',(2.25794040951,3.953815909863));
#4579 = CARTESIAN_POINT('',(2.343009275262,3.960475095735));
#4580 = CARTESIAN_POINT('',(2.43067489849,3.96746324945));
#4581 = CARTESIAN_POINT('',(2.521294006512,3.974461846923));
#4582 = CARTESIAN_POINT('',(2.61527727989,3.981048179665));
#4583 = CARTESIAN_POINT('',(2.802872513489,3.991945985133));
#4584 = CARTESIAN_POINT('',(2.896567056576,3.996443203273));
#4585 = CARTESIAN_POINT('',(2.99270118862,3.999714522946));
#4586 = CARTESIAN_POINT('',(3.090107195615,4.00130964418));
#4587 = CARTESIAN_POINT('',(3.187787283961,4.001048238171));
#4588 = CARTESIAN_POINT('',(3.284702938057,3.99907003855));
#4589 = CARTESIAN_POINT('',(3.485222012533,3.992008161878));
#4590 = CARTESIAN_POINT('',(3.586890027398,3.9866488803));
#4591 = CARTESIAN_POINT('',(3.685048512653,3.980145436674));
#4592 = CARTESIAN_POINT('',(3.779948375417,3.973043572714));
#4593 = CARTESIAN_POINT('',(3.87173771162,3.965830412779));
#4594 = CARTESIAN_POINT('',(3.960444541812,3.95889187913));
#4595 = CARTESIAN_POINT('',(4.147740525547,3.94489407765));
#4596 = CARTESIAN_POINT('',(4.246082011102,3.937981415963));
#4597 = CARTESIAN_POINT('',(4.341847190323,3.932160327082));
#4598 = CARTESIAN_POINT('',(4.435707742364,3.927666826641));
#4599 = CARTESIAN_POINT('',(4.528320440778,3.924627604472));
#4600 = CARTESIAN_POINT('',(4.620315334389,3.923105767657));
#4601 = CARTESIAN_POINT('',(4.785631320987,3.923105767657));
#4602 = CARTESIAN_POINT('',(4.858849553043,3.924068809427));
#4603 = CARTESIAN_POINT('',(4.932372435104,3.925993573176));
#4604 = CARTESIAN_POINT('',(5.006520381826,3.928854593589));
#4605 = CARTESIAN_POINT('',(5.081610488686,3.932599687297));
#4606 = CARTESIAN_POINT('',(5.157974219391,3.937140640384));
#4607 = CARTESIAN_POINT('',(5.322284229644,3.948085401528));
#4608 = CARTESIAN_POINT('',(5.410955084829,3.954659489422));
#4609 = CARTESIAN_POINT('',(5.502308843825,3.96186643634));
#4610 = CARTESIAN_POINT('',(5.59667167582,3.969412382436));
#4611 = CARTESIAN_POINT('',(5.694450331624,3.976887672431));
#4612 = CARTESIAN_POINT('',(5.796121715606,3.983746831785));
#4613 = CARTESIAN_POINT('',(5.954632534877,3.992154602147));
#4614 = CARTESIAN_POINT('',(6.007938872272,3.994627944039));
#4615 = CARTESIAN_POINT('',(6.062075925675,3.996714849441));
#4616 = CARTESIAN_POINT('',(6.116844942511,3.998339747198));
#4617 = CARTESIAN_POINT('',(6.172066801104,3.999445684296));
#4618 = CARTESIAN_POINT('',(6.227571109981,4.));
#4619 = CARTESIAN_POINT('',(6.28318530718,4.));
#4620 = ( GEOMETRIC_REPRESENTATION_CONTEXT(2) 
PARAMETRIC_REPRESENTATION_CONTEXT() REPRESENTATION_CONTEXT('2D SPACE',''
  ) );
#4621 = PCURVE('',#2613,#4622);
#4622 = DEFINITIONAL_REPRESENTATION('',(#4623),#4686);
#4623 = B_SPLINE_CURVE_WITH_KNOTS('',7,(#4624,#4625,#4626,#4627,#4628,
    #4629,#4630,#4631,#4632,#4633,#4634,#4635,#4636,#4637,#4638,#4639,
    #4640,#4641,#4642,#4643,#4644,#4645,#4646,#4647,#4648,#4649,#4650,
    #4651,#4652,#4653,#4654,#4655,#4656,#4657,#4658,#4659,#4660,#4661,
    #4662,#4663,#4664,#4665,#4666,#4667,#4668,#4669,#4670,#4671,#4672,
    #4673,#4674,#4675,#4676,#4677,#4678,#4679,#4680,#4681,#4682,#4683,
    #4684,#4685),.UNSPECIFIED.,.T.,.F.,(8,6,6,6,6,6,6,6,6,6,8),(0.,
    8.234485110418E-02,0.180750757461,0.344501865245,0.442272965512,
    0.531818770139,0.631500502764,0.750063794437,0.844378002349,
    0.948705839727,1.),.UNSPECIFIED.);
#4624 = CARTESIAN_POINT('',(3.008947630438,24.7));
#4625 = CARTESIAN_POINT('',(3.013122397221,24.7));
#4626 = CARTESIAN_POINT('',(3.017255211386,24.730929699245));
#4627 = CARTESIAN_POINT('',(3.021275960223,24.791670822761));
#4628 = CARTESIAN_POINT('',(3.025118318939,24.879823477393));
#4629 = CARTESIAN_POINT('',(3.028724214537,24.991786678191));
#4630 = CARTESIAN_POINT('',(3.032047596493,25.122823003712));
#4631 = CARTESIAN_POINT('',(3.038654505146,25.43953388484));
#4632 = CARTESIAN_POINT('',(3.041849483913,25.633068991563));
#4633 = CARTESIAN_POINT('',(3.044650187883,25.842525600656));
#4634 = CARTESIAN_POINT('',(3.047070624412,26.063973124918));
#4635 = CARTESIAN_POINT('',(3.049126704533,26.294403912747));
#4636 = CARTESIAN_POINT('',(3.050833191798,26.531501957946));
#4637 = CARTESIAN_POINT('',(3.054479658134,27.176230811115));
#4638 = CARTESIAN_POINT('',(3.055821931899,27.592506725843));
#4639 = CARTESIAN_POINT('',(3.056285293697,28.014533865536));
#4640 = CARTESIAN_POINT('',(3.055890199695,28.437300607315));
#4641 = CARTESIAN_POINT('',(3.054625169512,28.855664476111));
#4642 = CARTESIAN_POINT('',(3.052448712615,29.263388147561));
#4643 = CARTESIAN_POINT('',(3.047413096508,29.880834873124));
#4644 = CARTESIAN_POINT('',(3.045176729987,30.104835209904));
#4645 = CARTESIAN_POINT('',(3.042572503668,30.319251852147));
#4646 = CARTESIAN_POINT('',(3.039587867535,30.520714683654));
#4647 = CARTESIAN_POINT('',(3.036213617206,30.705139995262));
#4648 = CARTESIAN_POINT('',(3.032447053084,30.867555007769));
#4649 = CARTESIAN_POINT('',(3.02449749616,31.124723599904));
#4650 = CARTESIAN_POINT('',(3.020345824061,31.225002963125));
#4651 = CARTESIAN_POINT('',(3.015930202968,31.294299932125));
#4652 = CARTESIAN_POINT('',(3.011361637476,31.327454687545));
#4653 = CARTESIAN_POINT('',(3.006763983718,31.322516068752));
#4654 = CARTESIAN_POINT('',(3.002261754461,31.280802366944));
#4655 = CARTESIAN_POINT('',(2.99318484451,31.124797627236));
#4656 = CARTESIAN_POINT('',(2.988725293872,31.003953701819));
#4657 = CARTESIAN_POINT('',(2.984634974332,30.851225765164));
#4658 = CARTESIAN_POINT('',(2.980941933763,30.672811091483));
#4659 = CARTESIAN_POINT('',(2.977660254057,30.474516136748));
#4660 = CARTESIAN_POINT('',(2.974791940749,30.261828850032));
#4661 = CARTESIAN_POINT('',(2.969395666563,29.775987710796));
#4662 = CARTESIAN_POINT('',(2.967004450551,29.496253545441));
#4663 = CARTESIAN_POINT('',(2.965126053584,29.20599339553));
#4664 = CARTESIAN_POINT('',(2.963735628258,28.908839551463));
#4665 = CARTESIAN_POINT('',(2.962814661461,28.607426543206));
#4666 = CARTESIAN_POINT('',(2.962353496919,28.303843031787));
#4667 = CARTESIAN_POINT('',(2.962353496919,27.758300276011));
#4668 = CARTESIAN_POINT('',(2.962645322426,27.516680936083));
#4669 = CARTESIAN_POINT('',(2.963228603294,27.276170414048));
#4670 = CARTESIAN_POINT('',(2.964107056804,27.037832612131));
#4671 = CARTESIAN_POINT('',(2.965287903698,26.802907144437));
#4672 = CARTESIAN_POINT('',(2.966781270712,26.572953624942));
#4673 = CARTESIAN_POINT('',(2.97061094392,26.103374703125));
#4674 = CARTESIAN_POINT('',(2.973028202793,25.864298628639));
#4675 = CARTESIAN_POINT('',(2.975868706688,25.63631484053));
#4676 = CARTESIAN_POINT('',(2.979146635042,25.423741388938));
#4677 = CARTESIAN_POINT('',(2.982870739418,25.231776113059));
#4678 = CARTESIAN_POINT('',(2.987040085857,25.066717731593));
#4679 = CARTESIAN_POINT('',(2.993895255546,24.872306414475));
#4680 = CARTESIAN_POINT('',(2.996255645198,24.816683363748));
#4681 = CARTESIAN_POINT('',(2.998700955218,24.770796452253));
#4682 = CARTESIAN_POINT('',(3.001213009023,24.735638578333));
#4683 = CARTESIAN_POINT('',(3.003772031544,24.711907903391));
#4684 = CARTESIAN_POINT('',(3.006357272629,24.7));
#4685 = CARTESIAN_POINT('',(3.008947630438,24.7));
#4686 = ( GEOMETRIC_REPRESENTATION_CONTEXT(2) 
PARAMETRIC_REPRESENTATION_CONTEXT() REPRESENTATION_CONTEXT('2D SPACE',''
  ) );
#4687 = ORIENTED_EDGE('',*,*,#4467,.T.);
#4688 = ADVANCED_FACE('',(#4689),#2105,.F.);
#4689 = FACE_BOUND('',#4690,.F.);
#4690 = EDGE_LOOP('',(#4691,#4692,#4715,#4913));
#4691 = ORIENTED_EDGE('',*,*,#1971,.F.);
#4692 = ORIENTED_EDGE('',*,*,#4693,.F.);
#4693 = EDGE_CURVE('',#4694,#1972,#4696,.T.);
#4694 = VERTEX_POINT('',#4695);
#4695 = CARTESIAN_POINT('',(-43.2287848624,-56.13372123171,115.7));
#4696 = SEAM_CURVE('',#4697,(#4701,#4708),.PCURVE_S1.);
#4697 = LINE('',#4698,#4699);
#4698 = CARTESIAN_POINT('',(-40.7882042068,-52.96456265829,115.7));
#4699 = VECTOR('',#4700,1.);
#4700 = DIRECTION('',(-0.610145163901,-0.792289643355,2.22044604925E-16)
  );
#4701 = PCURVE('',#2105,#4702);
#4702 = DEFINITIONAL_REPRESENTATION('',(#4703),#4707);
#4703 = LINE('',#4704,#4705);
#4704 = CARTESIAN_POINT('',(6.28318530718,-0.));
#4705 = VECTOR('',#4706,1.);
#4706 = DIRECTION('',(0.,1.));
#4707 = ( GEOMETRIC_REPRESENTATION_CONTEXT(2) 
PARAMETRIC_REPRESENTATION_CONTEXT() REPRESENTATION_CONTEXT('2D SPACE',''
  ) );
#4708 = PCURVE('',#2105,#4709);
#4709 = DEFINITIONAL_REPRESENTATION('',(#4710),#4714);
#4710 = LINE('',#4711,#4712);
#4711 = CARTESIAN_POINT('',(0.,-0.));
#4712 = VECTOR('',#4713,1.);
#4713 = DIRECTION('',(0.,1.));
#4714 = ( GEOMETRIC_REPRESENTATION_CONTEXT(2) 
PARAMETRIC_REPRESENTATION_CONTEXT() REPRESENTATION_CONTEXT('2D SPACE',''
  ) );
#4715 = ORIENTED_EDGE('',*,*,#4716,.T.);
#4716 = EDGE_CURVE('',#4694,#4694,#4717,.T.);
#4717 = SURFACE_CURVE('',#4718,(#4781,#4847),.PCURVE_S1.);
#4718 = B_SPLINE_CURVE_WITH_KNOTS('',7,(#4719,#4720,#4721,#4722,#4723,
    #4724,#4725,#4726,#4727,#4728,#4729,#4730,#4731,#4732,#4733,#4734,
    #4735,#4736,#4737,#4738,#4739,#4740,#4741,#4742,#4743,#4744,#4745,
    #4746,#4747,#4748,#4749,#4750,#4751,#4752,#4753,#4754,#4755,#4756,
    #4757,#4758,#4759,#4760,#4761,#4762,#4763,#4764,#4765,#4766,#4767,
    #4768,#4769,#4770,#4771,#4772,#4773,#4774,#4775,#4776,#4777,#4778,
    #4779,#4780),.UNSPECIFIED.,.T.,.F.,(8,6,6,6,6,6,6,6,6,6,8),(0.,
    8.234485459901E-02,0.180750765102,0.344501879784,0.442272980233,
    0.531818781468,0.631500511076,0.750063800079,0.844378005867,
    0.948705840889,1.),.UNSPECIFIED.);
#4719 = CARTESIAN_POINT('',(-43.2287848624,-56.13372123171,115.7));
#4720 = CARTESIAN_POINT('',(-42.99443966768,-56.31419132676,115.7));
#4721 = CARTESIAN_POINT('',(-42.76157065802,-56.49170674275,
    115.73092969922));
#4722 = CARTESIAN_POINT('',(-42.53415078484,-56.66327125286,
    115.79167082276));
#4723 = CARTESIAN_POINT('',(-42.31603192091,-56.82617219439,
    115.87982347742));
#4724 = CARTESIAN_POINT('',(-42.11066877613,-56.97814716351,
    115.9917866782));
#4725 = CARTESIAN_POINT('',(-41.9208693885,-57.11749895096,
    116.12282300366));
#4726 = CARTESIAN_POINT('',(-41.54266906781,-57.39332795384,
    116.43953388483));
#4727 = CARTESIAN_POINT('',(-41.3591480746,-57.52584950016,
    116.63306899156));
#4728 = CARTESIAN_POINT('',(-41.19782495978,-57.64139191149,
    116.84252560065));
#4729 = CARTESIAN_POINT('',(-41.05809891332,-57.740815653,
    117.06397312491));
#4730 = CARTESIAN_POINT('',(-40.93920608149,-57.82498995711,
    117.29440391274));
#4731 = CARTESIAN_POINT('',(-40.84040332258,-57.89467472158,
    117.53150195794));
#4732 = CARTESIAN_POINT('',(-40.62908889386,-58.04330863565,
    118.17623081111));
#4733 = CARTESIAN_POINT('',(-40.55105684364,-58.09767045189,
    118.59250672584));
#4734 = CARTESIAN_POINT('',(-40.52407697295,-58.11637367493,
    119.01453386553));
#4735 = CARTESIAN_POINT('',(-40.54706572688,-58.10040223768,
    119.43730060731));
#4736 = CARTESIAN_POINT('',(-40.62064203822,-58.04922119729,
    119.85566447611));
#4737 = CARTESIAN_POINT('',(-40.74698504473,-57.96081101805,
    120.26338814756));
#4738 = CARTESIAN_POINT('',(-41.03820358025,-57.75470662578,
    120.88083486382));
#4739 = CARTESIAN_POINT('',(-41.16736735677,-57.66293449657,
    121.10483523328));
#4740 = CARTESIAN_POINT('',(-41.31752081421,-57.55570575568,
    121.31925183199));
#4741 = CARTESIAN_POINT('',(-41.48923336129,-57.43228949335,
    121.52071468304));
#4742 = CARTESIAN_POINT('',(-41.6828343863,-57.29203001661,
    121.70514000631));
#4743 = CARTESIAN_POINT('',(-41.89822283731,-57.13447161507,
    121.86755500244));
#4744 = CARTESIAN_POINT('',(-42.35102676318,-56.79952047429,
    122.12472359989));
#4745 = CARTESIAN_POINT('',(-42.58679411518,-56.62363140056,
    122.22500296313));
#4746 = CARTESIAN_POINT('',(-42.83664685854,-56.43534782949,
    122.29429993212));
#4747 = CARTESIAN_POINT('',(-43.09407460773,-56.23911508016,
    122.32745468754));
#4748 = CARTESIAN_POINT('',(-43.35200486625,-56.04015210343,
    122.32251606875));
#4749 = CARTESIAN_POINT('',(-43.6035226981,-55.84396048378,
    122.28080236694));
#4750 = CARTESIAN_POINT('',(-44.10870394247,-55.44600530099,
    122.12479762661));
#4751 = CARTESIAN_POINT('',(-44.35573363532,-55.24900253157,
    122.00395370288));
#4752 = CARTESIAN_POINT('',(-44.58131767993,-55.06707101352,
    121.85122576615));
#4753 = CARTESIAN_POINT('',(-44.7842153676,-54.90185503717,
    121.67281108715));
#4754 = CARTESIAN_POINT('',(-44.96394003772,-54.75434421335,
    121.4745161412));
#4755 = CARTESIAN_POINT('',(-45.12062224206,-54.6249251001,
    121.26182884831));
#4756 = CARTESIAN_POINT('',(-45.41479141246,-54.3807168112,
    120.77598771079));
#4757 = CARTESIAN_POINT('',(-45.54469093767,-54.27195579241,
    120.49625354544));
#4758 = CARTESIAN_POINT('',(-45.64648010649,-54.18622040694,
    120.20599339553));
#4759 = CARTESIAN_POINT('',(-45.72170698336,-54.12261637529,
    119.90883955146));
#4760 = CARTESIAN_POINT('',(-45.77149379498,-54.08043936997,
    119.6074265432));
#4761 = CARTESIAN_POINT('',(-45.79642404148,-54.05931968692,
    119.30384303178));
#4762 = CARTESIAN_POINT('',(-45.79642404148,-54.05931968692,
    118.75830027601));
#4763 = CARTESIAN_POINT('',(-45.78064816663,-54.07268426338,
    118.51668093608));
#4764 = CARTESIAN_POINT('',(-45.74911635188,-54.09939639852,
    118.27617041404));
#4765 = CARTESIAN_POINT('',(-45.70160325176,-54.13959749031,
    118.03783261213));
#4766 = CARTESIAN_POINT('',(-45.63766930822,-54.19356017999,
    117.80290714443));
#4767 = CARTESIAN_POINT('',(-45.55668866371,-54.2616551023,
    117.57295362494));
#4768 = CARTESIAN_POINT('',(-45.34856770975,-54.43574390412,
    117.10337470314));
#4769 = CARTESIAN_POINT('',(-45.21698887227,-54.54537083157,
    116.86429862863));
#4770 = CARTESIAN_POINT('',(-45.06203946327,-54.67379429428,
    116.63631484051));
#4771 = CARTESIAN_POINT('',(-44.88273640158,-54.82140046715,
    116.42374138893));
#4772 = CARTESIAN_POINT('',(-44.67832971237,-54.98824985613,
    116.23177611306));
#4773 = CARTESIAN_POINT('',(-44.44853287461,-55.17387463341,
    116.0667177316));
#4774 = CARTESIAN_POINT('',(-44.06891431278,-55.47683227271,
    115.87230641447));
#4775 = CARTESIAN_POINT('',(-43.9379400376,-55.58081780777,
    115.81668336374));
#4776 = CARTESIAN_POINT('',(-43.80195809222,-55.68817202156,
    115.77079645225));
#4777 = CARTESIAN_POINT('',(-43.66194334686,-55.79804877969,
    115.73563857833));
#4778 = CARTESIAN_POINT('',(-43.51897228783,-55.90954719202,
    115.71190790339));
#4779 = CARTESIAN_POINT('',(-43.37419128553,-56.02174321128,115.7));
#4780 = CARTESIAN_POINT('',(-43.2287848624,-56.13372123171,115.7));
#4781 = PCURVE('',#2105,#4782);
#4782 = DEFINITIONAL_REPRESENTATION('',(#4783),#4846);
#4783 = B_SPLINE_CURVE_WITH_KNOTS('',7,(#4784,#4785,#4786,#4787,#4788,
    #4789,#4790,#4791,#4792,#4793,#4794,#4795,#4796,#4797,#4798,#4799,
    #4800,#4801,#4802,#4803,#4804,#4805,#4806,#4807,#4808,#4809,#4810,
    #4811,#4812,#4813,#4814,#4815,#4816,#4817,#4818,#4819,#4820,#4821,
    #4822,#4823,#4824,#4825,#4826,#4827,#4828,#4829,#4830,#4831,#4832,
    #4833,#4834,#4835,#4836,#4837,#4838,#4839,#4840,#4841,#4842,#4843,
    #4844,#4845),.UNSPECIFIED.,.F.,.F.,(8,6,6,6,6,6,6,6,6,6,8),(0.,
    8.234485459901E-02,0.180750765102,0.344501879784,0.442272980233,
    0.531818781468,0.631500511076,0.750063800079,0.844378005867,
    0.948705840889,1.),.UNSPECIFIED.);
#4784 = CARTESIAN_POINT('',(0.,4.));
#4785 = CARTESIAN_POINT('',(8.963097771931E-02,4.));
#4786 = CARTESIAN_POINT('',(0.178361138103,3.998559725553));
#4787 = CARTESIAN_POINT('',(0.265859409222,3.995729374295));
#4788 = CARTESIAN_POINT('',(0.351767340713,3.991709933175));
#4789 = CARTESIAN_POINT('',(0.435661882197,3.986816797622));
#4790 = CARTESIAN_POINT('',(0.516993353783,3.981418597135));
#4791 = CARTESIAN_POINT('',(0.68821849669,3.969197962793));
#4792 = CARTESIAN_POINT('',(0.777872082895,3.962218964986));
#4793 = CARTESIAN_POINT('',(0.864535966287,3.955331502515));
#4794 = CARTESIAN_POINT('',(0.948672940314,3.948850731703));
#4795 = CARTESIAN_POINT('',(1.030694823804,3.942999274719));
#4796 = CARTESIAN_POINT('',(1.111001650517,3.937925766375));
#4797 = CARTESIAN_POINT('',(1.321448794155,3.926754400404));
#4798 = CARTESIAN_POINT('',(1.449255704206,3.922213826332));
#4799 = CARTESIAN_POINT('',(1.575383447696,3.920570558624));
#4800 = CARTESIAN_POINT('',(1.701378974813,3.921943031334));
#4801 = CARTESIAN_POINT('',(1.828776082269,3.926285053639));
#4802 = CARTESIAN_POINT('',(1.959116037497,3.933326158673));
#4803 = CARTESIAN_POINT('',(2.175166357405,3.947717364314));
#4804 = CARTESIAN_POINT('',(2.257940416911,3.953815910388));
#4805 = CARTESIAN_POINT('',(2.343009271539,3.96047509541));
#4806 = CARTESIAN_POINT('',(2.430674892301,3.96746324913));
#4807 = CARTESIAN_POINT('',(2.521294015664,3.97446184746));
#4808 = CARTESIAN_POINT('',(2.615277276004,3.98104817944));
#4809 = CARTESIAN_POINT('',(2.802872513485,3.991945985133));
#4810 = CARTESIAN_POINT('',(2.89656705658,3.996443203273));
#4811 = CARTESIAN_POINT('',(2.992701188624,3.999714522946));
#4812 = CARTESIAN_POINT('',(3.090107195611,4.00130964418));
#4813 = CARTESIAN_POINT('',(3.187787283957,4.001048238171));
#4814 = CARTESIAN_POINT('',(3.284702938061,3.99907003855));
#4815 = CARTESIAN_POINT('',(3.485222013332,3.99200816185));
#4816 = CARTESIAN_POINT('',(3.586890025528,3.98664888036));
#4817 = CARTESIAN_POINT('',(3.685048513913,3.980145436672));
#4818 = CARTESIAN_POINT('',(3.779948376173,3.973043572602));
#4819 = CARTESIAN_POINT('',(3.871737710116,3.965830412907));
#4820 = CARTESIAN_POINT('',(3.960444542476,3.95889187908));
#4821 = CARTESIAN_POINT('',(4.147740525547,3.94489407765));
#4822 = CARTESIAN_POINT('',(4.246082011103,3.937981415963));
#4823 = CARTESIAN_POINT('',(4.341847190322,3.932160327082));
#4824 = CARTESIAN_POINT('',(4.435707742365,3.927666826641));
#4825 = CARTESIAN_POINT('',(4.528320440777,3.924627604472));
#4826 = CARTESIAN_POINT('',(4.620315334389,3.923105767657));
#4827 = CARTESIAN_POINT('',(4.785631320987,3.923105767657));
#4828 = CARTESIAN_POINT('',(4.858849553043,3.924068809427));
#4829 = CARTESIAN_POINT('',(4.932372435104,3.925993573176));
#4830 = CARTESIAN_POINT('',(5.006520381826,3.928854593589));
#4831 = CARTESIAN_POINT('',(5.081610488686,3.932599687297));
#4832 = CARTESIAN_POINT('',(5.157974219391,3.937140640384));
#4833 = CARTESIAN_POINT('',(5.322284229637,3.948085401527));
#4834 = CARTESIAN_POINT('',(5.410955084828,3.954659489422));
#4835 = CARTESIAN_POINT('',(5.502308843831,3.96186643634));
#4836 = CARTESIAN_POINT('',(5.596671675825,3.969412382436));
#4837 = CARTESIAN_POINT('',(5.694450331622,3.976887672431));
#4838 = CARTESIAN_POINT('',(5.7961217156,3.983746831785));
#4839 = CARTESIAN_POINT('',(5.954632534877,3.992154602147));
#4840 = CARTESIAN_POINT('',(6.007938872272,3.994627944039));
#4841 = CARTESIAN_POINT('',(6.062075925675,3.996714849441));
#4842 = CARTESIAN_POINT('',(6.116844942511,3.998339747198));
#4843 = CARTESIAN_POINT('',(6.172066801104,3.999445684296));
#4844 = CARTESIAN_POINT('',(6.227571109981,4.));
#4845 = CARTESIAN_POINT('',(6.28318530718,4.));
#4846 = ( GEOMETRIC_REPRESENTATION_CONTEXT(2) 
PARAMETRIC_REPRESENTATION_CONTEXT() REPRESENTATION_CONTEXT('2D SPACE',''
  ) );
#4847 = PCURVE('',#2613,#4848);
#4848 = DEFINITIONAL_REPRESENTATION('',(#4849),#4912);
#4849 = B_SPLINE_CURVE_WITH_KNOTS('',7,(#4850,#4851,#4852,#4853,#4854,
    #4855,#4856,#4857,#4858,#4859,#4860,#4861,#4862,#4863,#4864,#4865,
    #4866,#4867,#4868,#4869,#4870,#4871,#4872,#4873,#4874,#4875,#4876,
    #4877,#4878,#4879,#4880,#4881,#4882,#4883,#4884,#4885,#4886,#4887,
    #4888,#4889,#4890,#4891,#4892,#4893,#4894,#4895,#4896,#4897,#4898,
    #4899,#4900,#4901,#4902,#4903,#4904,#4905,#4906,#4907,#4908,#4909,
    #4910,#4911),.UNSPECIFIED.,.T.,.F.,(8,6,6,6,6,6,6,6,6,6,8),(0.,
    8.234485459901E-02,0.180750765102,0.344501879784,0.442272980233,
    0.531818781468,0.631500511076,0.750063800079,0.844378005867,
    0.948705840889,1.),.UNSPECIFIED.);
#4850 = CARTESIAN_POINT('',(4.056145181635,24.7));
#4851 = CARTESIAN_POINT('',(4.060319948416,24.7));
#4852 = CARTESIAN_POINT('',(4.064452762582,24.730929699229));
#4853 = CARTESIAN_POINT('',(4.068473511421,24.791670822768));
#4854 = CARTESIAN_POINT('',(4.072315870136,24.879823477425));
#4855 = CARTESIAN_POINT('',(4.075921765733,24.991786678202));
#4856 = CARTESIAN_POINT('',(4.079245147689,25.122823003667));
#4857 = CARTESIAN_POINT('',(4.085852056343,25.439533884839));
#4858 = CARTESIAN_POINT('',(4.08904703511,25.633068991563));
#4859 = CARTESIAN_POINT('',(4.09184773908,25.842525600656));
#4860 = CARTESIAN_POINT('',(4.094268175609,26.063973124918));
#4861 = CARTESIAN_POINT('',(4.09632425573,26.294403912747));
#4862 = CARTESIAN_POINT('',(4.098030742995,26.531501957947));
#4863 = CARTESIAN_POINT('',(4.101677209331,27.176230811114));
#4864 = CARTESIAN_POINT('',(4.103019483095,27.592506725847));
#4865 = CARTESIAN_POINT('',(4.103482844894,28.014533865533));
#4866 = CARTESIAN_POINT('',(4.103087750892,28.437300607315));
#4867 = CARTESIAN_POINT('',(4.101822720708,28.855664476112));
#4868 = CARTESIAN_POINT('',(4.099646263811,29.26338814756));
#4869 = CARTESIAN_POINT('',(4.09461064778,29.880834863829));
#4870 = CARTESIAN_POINT('',(4.092374281035,30.10483523328));
#4871 = CARTESIAN_POINT('',(4.089770054835,30.319251831994));
#4872 = CARTESIAN_POINT('',(4.086785419096,30.520714683046));
#4873 = CARTESIAN_POINT('',(4.083411167992,30.70514000631));
#4874 = CARTESIAN_POINT('',(4.079644604446,30.867555002441));
#4875 = CARTESIAN_POINT('',(4.071695047357,31.124723599898));
#4876 = CARTESIAN_POINT('',(4.067543375257,31.225002963134));
#4877 = CARTESIAN_POINT('',(4.063127754164,31.294299932122));
#4878 = CARTESIAN_POINT('',(4.058559188673,31.32745468754));
#4879 = CARTESIAN_POINT('',(4.053961534914,31.322516068759));
#4880 = CARTESIAN_POINT('',(4.049459305658,31.280802366941));
#4881 = CARTESIAN_POINT('',(4.040382395671,31.124797626614));
#4882 = CARTESIAN_POINT('',(4.035922845158,31.003953702888));
#4883 = CARTESIAN_POINT('',(4.031832525454,30.851225766157));
#4884 = CARTESIAN_POINT('',(4.028139484958,30.672811087159));
#4885 = CARTESIAN_POINT('',(4.024857805293,30.4745161412));
#4886 = CARTESIAN_POINT('',(4.021989491927,30.261828848312));
#4887 = CARTESIAN_POINT('',(4.01659321776,29.775987710796));
#4888 = CARTESIAN_POINT('',(4.014202001747,29.496253545441));
#4889 = CARTESIAN_POINT('',(4.012323604781,29.205993395531));
#4890 = CARTESIAN_POINT('',(4.010933179454,28.908839551462));
#4891 = CARTESIAN_POINT('',(4.010012212657,28.607426543206));
#4892 = CARTESIAN_POINT('',(4.009551048116,28.303843031786));
#4893 = CARTESIAN_POINT('',(4.009551048116,27.758300276011));
#4894 = CARTESIAN_POINT('',(4.009842873623,27.516680936083));
#4895 = CARTESIAN_POINT('',(4.010426154491,27.276170414047));
#4896 = CARTESIAN_POINT('',(4.011304608,27.037832612131));
#4897 = CARTESIAN_POINT('',(4.012485454895,26.802907144437));
#4898 = CARTESIAN_POINT('',(4.013978821909,26.572953624941));
#4899 = CARTESIAN_POINT('',(4.017808495116,26.103374703144));
#4900 = CARTESIAN_POINT('',(4.02022575399,25.864298628637));
#4901 = CARTESIAN_POINT('',(4.023066257885,25.636314840515));
#4902 = CARTESIAN_POINT('',(4.026344186239,25.42374138893));
#4903 = CARTESIAN_POINT('',(4.030068290614,25.231776113066));
#4904 = CARTESIAN_POINT('',(4.034237637054,25.066717731601));
#4905 = CARTESIAN_POINT('',(4.041092806743,24.872306414475));
#4906 = CARTESIAN_POINT('',(4.043453196395,24.816683363748));
#4907 = CARTESIAN_POINT('',(4.045898506415,24.770796452253));
#4908 = CARTESIAN_POINT('',(4.04841056022,24.735638578333));
#4909 = CARTESIAN_POINT('',(4.050969582741,24.711907903391));
#4910 = CARTESIAN_POINT('',(4.053554823826,24.7));
#4911 = CARTESIAN_POINT('',(4.056145181635,24.7));
#4912 = ( GEOMETRIC_REPRESENTATION_CONTEXT(2) 
PARAMETRIC_REPRESENTATION_CONTEXT() REPRESENTATION_CONTEXT('2D SPACE',''
  ) );
#4913 = ORIENTED_EDGE('',*,*,#4693,.T.);
#4914 = ADVANCED_FACE('',(#4915),#2312,.F.);
#4915 = FACE_BOUND('',#4916,.F.);
#4916 = EDGE_LOOP('',(#4917,#4918,#4941,#5139));
#4917 = ORIENTED_EDGE('',*,*,#2178,.F.);
#4918 = ORIENTED_EDGE('',*,*,#4919,.F.);
#4919 = EDGE_CURVE('',#4920,#2179,#4922,.T.);
#4920 = VERTEX_POINT('',#4921);
#4921 = CARTESIAN_POINT('',(26.998836164417,-65.50408648143,115.7));
#4922 = SEAM_CURVE('',#4923,(#4927,#4934),.PCURVE_S1.);
#4923 = LINE('',#4924,#4925);
#4924 = CARTESIAN_POINT('',(25.474554659016,-61.80590234698,115.7));
#4925 = VECTOR('',#4926,1.);
#4926 = DIRECTION('',(0.38107037635,-0.924546033612,2.22044604925E-16));
#4927 = PCURVE('',#2312,#4928);
#4928 = DEFINITIONAL_REPRESENTATION('',(#4929),#4933);
#4929 = LINE('',#4930,#4931);
#4930 = CARTESIAN_POINT('',(6.28318530718,-0.));
#4931 = VECTOR('',#4932,1.);
#4932 = DIRECTION('',(0.,1.));
#4933 = ( GEOMETRIC_REPRESENTATION_CONTEXT(2) 
PARAMETRIC_REPRESENTATION_CONTEXT() REPRESENTATION_CONTEXT('2D SPACE',''
  ) );
#4934 = PCURVE('',#2312,#4935);
#4935 = DEFINITIONAL_REPRESENTATION('',(#4936),#4940);
#4936 = LINE('',#4937,#4938);
#4937 = CARTESIAN_POINT('',(0.,-0.));
#4938 = VECTOR('',#4939,1.);
#4939 = DIRECTION('',(0.,1.));
#4940 = ( GEOMETRIC_REPRESENTATION_CONTEXT(2) 
PARAMETRIC_REPRESENTATION_CONTEXT() REPRESENTATION_CONTEXT('2D SPACE',''
  ) );
#4941 = ORIENTED_EDGE('',*,*,#4942,.T.);
#4942 = EDGE_CURVE('',#4920,#4920,#4943,.T.);
#4943 = SURFACE_CURVE('',#4944,(#5007,#5073),.PCURVE_S1.);
#4944 = B_SPLINE_CURVE_WITH_KNOTS('',7,(#4945,#4946,#4947,#4948,#4949,
    #4950,#4951,#4952,#4953,#4954,#4955,#4956,#4957,#4958,#4959,#4960,
    #4961,#4962,#4963,#4964,#4965,#4966,#4967,#4968,#4969,#4970,#4971,
    #4972,#4973,#4974,#4975,#4976,#4977,#4978,#4979,#4980,#4981,#4982,
    #4983,#4984,#4985,#4986,#4987,#4988,#4989,#4990,#4991,#4992,#4993,
    #4994,#4995,#4996,#4997,#4998,#4999,#5000,#5001,#5002,#5003,#5004,
    #5005,#5006),.UNSPECIFIED.,.T.,.F.,(8,6,6,6,6,6,6,6,6,6,8),(0.,
    8.234485477982E-02,0.180750766445,0.34450188306,0.442272984722,
    0.531818787115,0.631500514293,0.750063798935,0.844378003649,
    0.948705837483,1.),.UNSPECIFIED.);
#4945 = CARTESIAN_POINT('',(26.998836164417,-65.50408648143,115.7));
#4946 = CARTESIAN_POINT('',(27.272300451361,-65.39137263598,115.7));
#4947 = CARTESIAN_POINT('',(27.542467808017,-65.27845986918,
    115.73092969828));
#4948 = CARTESIAN_POINT('',(27.804756976718,-65.16729073336,
    115.79167082416));
#4949 = CARTESIAN_POINT('',(28.054892762902,-65.05984472673,
    115.87982347782));
#4950 = CARTESIAN_POINT('',(28.289188511437,-64.95798251425,
    115.99178667605));
#4951 = CARTESIAN_POINT('',(28.504770399788,-64.86328731382,
    116.12282300505));
#4952 = CARTESIAN_POINT('',(28.932745481853,-64.67367073065,
    116.43953388483));
#4953 = CARTESIAN_POINT('',(29.139273004123,-64.58099766157,
    116.63306899156));
#4954 = CARTESIAN_POINT('',(29.319997224957,-64.49905895158,
    116.84252560065));
#4955 = CARTESIAN_POINT('',(29.475963734072,-64.42776451653,
    117.06397312491));
#4956 = CARTESIAN_POINT('',(29.608307235691,-64.36688745589,
    117.29440391274));
#4957 = CARTESIAN_POINT('',(29.718057391435,-64.31616413894,
    117.53150195794));
#4958 = CARTESIAN_POINT('',(29.952435351249,-64.20747743252,
    118.17623081111));
#4959 = CARTESIAN_POINT('',(30.03853009021,-64.16708060285,
    118.59250672584));
#4960 = CARTESIAN_POINT('',(30.068217491852,-64.15306696096,
    119.01453386553));
#4961 = CARTESIAN_POINT('',(30.042891444481,-64.16499008724,
    119.43730060731));
#4962 = CARTESIAN_POINT('',(29.961779207645,-64.20311852178,
    119.85566447611));
#4963 = CARTESIAN_POINT('',(29.822042243213,-64.26832968539,
    120.26338814756));
#4964 = CARTESIAN_POINT('',(29.497941335845,-64.4174801391,
    120.88083486396));
#4965 = CARTESIAN_POINT('',(29.353882452376,-64.48345318619,
    121.10483523326));
#4966 = CARTESIAN_POINT('',(29.18594291013,-64.55987552431,
    121.31925183188));
#4967 = CARTESIAN_POINT('',(28.993205018193,-64.64687482106,
    121.52071468298));
#4968 = CARTESIAN_POINT('',(28.774936235613,-64.74440848859,
    121.70514000635));
#4969 = CARTESIAN_POINT('',(28.530792431669,-64.85216115812,
    121.8675550025));
#4970 = CARTESIAN_POINT('',(28.014314271909,-65.07682529042,
    122.1247235999));
#4971 = CARTESIAN_POINT('',(27.744106189841,-65.19306126976,
    122.22500296312));
#4972 = CARTESIAN_POINT('',(27.456121462494,-65.31529830718,
    122.29429993212));
#4973 = CARTESIAN_POINT('',(27.157465041897,-65.44012090296,
    122.32745468754));
#4974 = CARTESIAN_POINT('',(26.856192920377,-65.56401357088,
    122.32251606875));
#4975 = CARTESIAN_POINT('',(26.560527077858,-65.68373859293,
    122.28080236694));
#4976 = CARTESIAN_POINT('',(25.963297169518,-65.922260788,
    122.12479762967));
#4977 = CARTESIAN_POINT('',(25.669172879682,-66.037693409,
    122.00395369761));
#4978 = CARTESIAN_POINT('',(25.39882359399,-66.14208914178,
    121.85122576126));
#4979 = CARTESIAN_POINT('',(25.154293493949,-66.23519571581,
    121.67281110846));
#4980 = CARTESIAN_POINT('',(24.936683024559,-66.31708643821,
    121.47451611926));
#4981 = CARTESIAN_POINT('',(24.746261701741,-66.38806764392,
    121.26182885678));
#4982 = CARTESIAN_POINT('',(24.387686523253,-66.52072147822,
    120.77598770398));
#4983 = CARTESIAN_POINT('',(24.228546973697,-66.57883725085,
    120.49625356079));
#4984 = CARTESIAN_POINT('',(24.103403339415,-66.62412157452,
    120.20599338804));
#4985 = CARTESIAN_POINT('',(24.010707216542,-66.65746793668,
    119.90883953865));
#4986 = CARTESIAN_POINT('',(23.949287443036,-66.67949608123,
    119.60742656168));
#4987 = CARTESIAN_POINT('',(23.918532139438,-66.69052646586,
    119.30384302407));
#4988 = CARTESIAN_POINT('',(23.918532139438,-66.69052646586,
    118.75830027601));
#4989 = CARTESIAN_POINT('',(23.937994139589,-66.68354644571,
    118.51668093608));
#4990 = CARTESIAN_POINT('',(23.976893434585,-66.66959516068,
    118.27617041404));
#4991 = CARTESIAN_POINT('',(24.035465151391,-66.64854815485,
    118.03783261213));
#4992 = CARTESIAN_POINT('',(24.114165183284,-66.62016108043,
    117.80290714443));
#4993 = CARTESIAN_POINT('',(24.213627438129,-66.58407724622,
    117.57295362494));
#4994 = CARTESIAN_POINT('',(24.468453239998,-66.49088361394,
    117.10337470314));
#4995 = CARTESIAN_POINT('',(24.629182362849,-66.43174646181,
    116.86429862863));
#4996 = CARTESIAN_POINT('',(24.817875048497,-66.36176806867,
    116.63631484051));
#4997 = CARTESIAN_POINT('',(25.035357274805,-66.2802901487,
    116.42374138893));
#4998 = CARTESIAN_POINT('',(25.282056428869,-66.18669345763,
    116.23177611306));
#4999 = CARTESIAN_POINT('',(25.557710620446,-66.08049594707,
    116.0667177316));
#5000 = CARTESIAN_POINT('',(26.009888924866,-65.90321544387,
    115.87230640948));
#5001 = CARTESIAN_POINT('',(26.16543015365,-65.84178117133,
    115.81668336593));
#5002 = CARTESIAN_POINT('',(26.32639260507,-65.777694458,115.77079645611
    ));
#5003 = CARTESIAN_POINT('',(26.491556060837,-65.71137650294,
    115.73563857814));
#5004 = CARTESIAN_POINT('',(26.659602050886,-65.64330913888,
    115.71190790048));
#5005 = CARTESIAN_POINT('',(26.829157131663,-65.57402313198,115.7));
#5006 = CARTESIAN_POINT('',(26.998836164417,-65.50408648143,115.7));
#5007 = PCURVE('',#2312,#5008);
#5008 = DEFINITIONAL_REPRESENTATION('',(#5009),#5072);
#5009 = B_SPLINE_CURVE_WITH_KNOTS('',7,(#5010,#5011,#5012,#5013,#5014,
    #5015,#5016,#5017,#5018,#5019,#5020,#5021,#5022,#5023,#5024,#5025,
    #5026,#5027,#5028,#5029,#5030,#5031,#5032,#5033,#5034,#5035,#5036,
    #5037,#5038,#5039,#5040,#5041,#5042,#5043,#5044,#5045,#5046,#5047,
    #5048,#5049,#5050,#5051,#5052,#5053,#5054,#5055,#5056,#5057,#5058,
    #5059,#5060,#5061,#5062,#5063,#5064,#5065,#5066,#5067,#5068,#5069,
    #5070,#5071),.UNSPECIFIED.,.F.,.F.,(8,6,6,6,6,6,6,6,6,6,8),(0.,
    8.234485477982E-02,0.180750766445,0.34450188306,0.442272984722,
    0.531818787115,0.631500514293,0.750063798935,0.844378003649,
    0.948705837483,1.),.UNSPECIFIED.);
#5010 = CARTESIAN_POINT('',(0.,4.));
#5011 = CARTESIAN_POINT('',(8.963097858619E-02,4.));
#5012 = CARTESIAN_POINT('',(0.178361136274,3.998559725591));
#5013 = CARTESIAN_POINT('',(0.265859410213,3.99572937424));
#5014 = CARTESIAN_POINT('',(0.351767341787,3.991709933159));
#5015 = CARTESIAN_POINT('',(0.435661880468,3.986816797706));
#5016 = CARTESIAN_POINT('',(0.516993354532,3.981418597081));
#5017 = CARTESIAN_POINT('',(0.68821849669,3.969197962793));
#5018 = CARTESIAN_POINT('',(0.777872082895,3.962218964986));
#5019 = CARTESIAN_POINT('',(0.864535966287,3.955331502515));
#5020 = CARTESIAN_POINT('',(0.948672940314,3.948850731703));
#5021 = CARTESIAN_POINT('',(1.030694823804,3.942999274719));
#5022 = CARTESIAN_POINT('',(1.111001650517,3.937925766375));
#5023 = CARTESIAN_POINT('',(1.321448794155,3.926754400404));
#5024 = CARTESIAN_POINT('',(1.449255704205,3.922213826332));
#5025 = CARTESIAN_POINT('',(1.575383447697,3.920570558623));
#5026 = CARTESIAN_POINT('',(1.701378974813,3.921943031335));
#5027 = CARTESIAN_POINT('',(1.828776082268,3.926285053639));
#5028 = CARTESIAN_POINT('',(1.959116037498,3.933326158673));
#5029 = CARTESIAN_POINT('',(2.175166357453,3.947717364317));
#5030 = CARTESIAN_POINT('',(2.257940416912,3.953815910389));
#5031 = CARTESIAN_POINT('',(2.343009271499,3.960475095407));
#5032 = CARTESIAN_POINT('',(2.430674892268,3.967463249127));
#5033 = CARTESIAN_POINT('',(2.521294015672,3.974461847462));
#5034 = CARTESIAN_POINT('',(2.615277276051,3.981048179442));
#5035 = CARTESIAN_POINT('',(2.802872513491,3.991945985133));
#5036 = CARTESIAN_POINT('',(2.896567056574,3.996443203273));
#5037 = CARTESIAN_POINT('',(2.992701188619,3.999714522946));
#5038 = CARTESIAN_POINT('',(3.090107195616,4.00130964418));
#5039 = CARTESIAN_POINT('',(3.187787283963,4.001048238171));
#5040 = CARTESIAN_POINT('',(3.284702938055,3.99907003855));
#5041 = CARTESIAN_POINT('',(3.485222009396,3.992008161989));
#5042 = CARTESIAN_POINT('',(3.58689003474,3.986648880064));
#5043 = CARTESIAN_POINT('',(3.685048507707,3.980145436684));
#5044 = CARTESIAN_POINT('',(3.779948372449,3.973043573155));
#5045 = CARTESIAN_POINT('',(3.871737717529,3.965830412276));
#5046 = CARTESIAN_POINT('',(3.960444539208,3.958891879324));
#5047 = CARTESIAN_POINT('',(4.147740528173,3.944894077454));
#5048 = CARTESIAN_POINT('',(4.246082005012,3.937981416485));
#5049 = CARTESIAN_POINT('',(4.341847194222,3.932160326502));
#5050 = CARTESIAN_POINT('',(4.435707745299,3.927666826942));
#5051 = CARTESIAN_POINT('',(4.528320435421,3.924627604413));
#5052 = CARTESIAN_POINT('',(4.620315336727,3.923105767657));
#5053 = CARTESIAN_POINT('',(4.785631320987,3.923105767657));
#5054 = CARTESIAN_POINT('',(4.858849553043,3.924068809427));
#5055 = CARTESIAN_POINT('',(4.932372435104,3.925993573176));
#5056 = CARTESIAN_POINT('',(5.006520381826,3.928854593589));
#5057 = CARTESIAN_POINT('',(5.081610488686,3.932599687297));
#5058 = CARTESIAN_POINT('',(5.157974219391,3.937140640384));
#5059 = CARTESIAN_POINT('',(5.322284229637,3.948085401527));
#5060 = CARTESIAN_POINT('',(5.410955084828,3.954659489422));
#5061 = CARTESIAN_POINT('',(5.502308843831,3.96186643634));
#5062 = CARTESIAN_POINT('',(5.596671675824,3.969412382436));
#5063 = CARTESIAN_POINT('',(5.694450331623,3.976887672431));
#5064 = CARTESIAN_POINT('',(5.796121715599,3.983746831785));
#5065 = CARTESIAN_POINT('',(5.954632538942,3.992154602363));
#5066 = CARTESIAN_POINT('',(6.007938868178,3.994627943943));
#5067 = CARTESIAN_POINT('',(6.062075922267,3.996714849273));
#5068 = CARTESIAN_POINT('',(6.116844945608,3.998339747207));
#5069 = CARTESIAN_POINT('',(6.172066805313,3.999445684423));
#5070 = CARTESIAN_POINT('',(6.227571106433,4.));
#5071 = CARTESIAN_POINT('',(6.28318530718,4.));
#5072 = ( GEOMETRIC_REPRESENTATION_CONTEXT(2) 
PARAMETRIC_REPRESENTATION_CONTEXT() REPRESENTATION_CONTEXT('2D SPACE',''
  ) );
#5073 = PCURVE('',#2613,#5074);
#5074 = DEFINITIONAL_REPRESENTATION('',(#5075),#5138);
#5075 = B_SPLINE_CURVE_WITH_KNOTS('',7,(#5076,#5077,#5078,#5079,#5080,
    #5081,#5082,#5083,#5084,#5085,#5086,#5087,#5088,#5089,#5090,#5091,
    #5092,#5093,#5094,#5095,#5096,#5097,#5098,#5099,#5100,#5101,#5102,
    #5103,#5104,#5105,#5106,#5107,#5108,#5109,#5110,#5111,#5112,#5113,
    #5114,#5115,#5116,#5117,#5118,#5119,#5120,#5121,#5122,#5123,#5124,
    #5125,#5126,#5127,#5128,#5129,#5130,#5131,#5132,#5133,#5134,#5135,
    #5136,#5137),.UNSPECIFIED.,.T.,.F.,(8,6,6,6,6,6,6,6,6,6,8),(0.,
    8.234485477982E-02,0.180750766445,0.34450188306,0.442272984722,
    0.531818787115,0.631500514293,0.750063798935,0.844378003649,
    0.948705837483,1.),.UNSPECIFIED.);
#5076 = CARTESIAN_POINT('',(5.103342732831,24.7));
#5077 = CARTESIAN_POINT('',(5.107517499653,24.7));
#5078 = CARTESIAN_POINT('',(5.111650313697,24.730929698288));
#5079 = CARTESIAN_POINT('',(5.115671062658,24.791670824166));
#5080 = CARTESIAN_POINT('',(5.119513421382,24.879823477824));
#5081 = CARTESIAN_POINT('',(5.123119316858,24.991786676058));
#5082 = CARTESIAN_POINT('',(5.126442698915,25.122823005054));
#5083 = CARTESIAN_POINT('',(5.133049607539,25.439533884839));
#5084 = CARTESIAN_POINT('',(5.136244586306,25.633068991563));
#5085 = CARTESIAN_POINT('',(5.139045290277,25.842525600656));
#5086 = CARTESIAN_POINT('',(5.141465726805,26.063973124918));
#5087 = CARTESIAN_POINT('',(5.143521806927,26.294403912747));
#5088 = CARTESIAN_POINT('',(5.145228294191,26.531501957947));
#5089 = CARTESIAN_POINT('',(5.148874760527,27.176230811115));
#5090 = CARTESIAN_POINT('',(5.150217034292,27.592506725844));
#5091 = CARTESIAN_POINT('',(5.150680396091,28.014533865535));
#5092 = CARTESIAN_POINT('',(5.150285302089,28.437300607316));
#5093 = CARTESIAN_POINT('',(5.149020271905,28.85566447611));
#5094 = CARTESIAN_POINT('',(5.146843815008,29.263388147561));
#5095 = CARTESIAN_POINT('',(5.141808198976,29.880834863966));
#5096 = CARTESIAN_POINT('',(5.139571832232,30.104835233268));
#5097 = CARTESIAN_POINT('',(5.136967606033,30.319251831885));
#5098 = CARTESIAN_POINT('',(5.133982970295,30.520714682986));
#5099 = CARTESIAN_POINT('',(5.130608719189,30.705140006351));
#5100 = CARTESIAN_POINT('',(5.12684215564,30.867555002505));
#5101 = CARTESIAN_POINT('',(5.118892598553,31.124723599906));
#5102 = CARTESIAN_POINT('',(5.114740926454,31.225002963122));
#5103 = CARTESIAN_POINT('',(5.110325305361,31.294299932126));
#5104 = CARTESIAN_POINT('',(5.105756739869,31.327454687546));
#5105 = CARTESIAN_POINT('',(5.101159086111,31.32251606875));
#5106 = CARTESIAN_POINT('',(5.096656856855,31.280802366945));
#5107 = CARTESIAN_POINT('',(5.087579947045,31.124797629677));
#5108 = CARTESIAN_POINT('',(5.083120395917,31.003953697619));
#5109 = CARTESIAN_POINT('',(5.07903007702,30.851225761263));
#5110 = CARTESIAN_POINT('',(5.075337036162,30.672811108466));
#5111 = CARTESIAN_POINT('',(5.072055356296,30.474516119263));
#5112 = CARTESIAN_POINT('',(5.069187043217,30.261828856789));
#5113 = CARTESIAN_POINT('',(5.063790768881,29.775987703985));
#5114 = CARTESIAN_POINT('',(5.061399553143,29.496253560799));
#5115 = CARTESIAN_POINT('',(5.059521155754,29.205993388046));
#5116 = CARTESIAN_POINT('',(5.058130730771,28.908839538652));
#5117 = CARTESIAN_POINT('',(5.057209763828,28.607426561687));
#5118 = CARTESIAN_POINT('',(5.056748599313,28.303843024071));
#5119 = CARTESIAN_POINT('',(5.056748599313,27.758300276011));
#5120 = CARTESIAN_POINT('',(5.057040424819,27.516680936083));
#5121 = CARTESIAN_POINT('',(5.057623705687,27.276170414047));
#5122 = CARTESIAN_POINT('',(5.058502159197,27.037832612131));
#5123 = CARTESIAN_POINT('',(5.059683006091,26.802907144437));
#5124 = CARTESIAN_POINT('',(5.061176373105,26.572953624941));
#5125 = CARTESIAN_POINT('',(5.065006046313,26.103374703144));
#5126 = CARTESIAN_POINT('',(5.067423305186,25.864298628637));
#5127 = CARTESIAN_POINT('',(5.070263809082,25.636314840515));
#5128 = CARTESIAN_POINT('',(5.073541737436,25.42374138893));
#5129 = CARTESIAN_POINT('',(5.077265841811,25.231776113066));
#5130 = CARTESIAN_POINT('',(5.08143518825,25.066717731601));
#5131 = CARTESIAN_POINT('',(5.088290358115,24.872306409489));
#5132 = CARTESIAN_POINT('',(5.090650747405,24.81668336593));
#5133 = CARTESIAN_POINT('',(5.093096057463,24.770796456116));
#5134 = CARTESIAN_POINT('',(5.095608111561,24.735638578143));
#5135 = CARTESIAN_POINT('',(5.098167134127,24.71190790048));
#5136 = CARTESIAN_POINT('',(5.100752374857,24.7));
#5137 = CARTESIAN_POINT('',(5.103342732831,24.7));
#5138 = ( GEOMETRIC_REPRESENTATION_CONTEXT(2) 
PARAMETRIC_REPRESENTATION_CONTEXT() REPRESENTATION_CONTEXT('2D SPACE',''
  ) );
#5139 = ORIENTED_EDGE('',*,*,#4919,.T.);
#5140 = ADVANCED_FACE('',(#5141),#2519,.F.);
#5141 = FACE_BOUND('',#5142,.F.);
#5142 = EDGE_LOOP('',(#5143,#5144,#5167,#5365));
#5143 = ORIENTED_EDGE('',*,*,#2385,.F.);
#5144 = ORIENTED_EDGE('',*,*,#5145,.F.);
#5145 = EDGE_CURVE('',#5146,#2386,#5148,.T.);
#5146 = VERTEX_POINT('',#5147);
#5147 = CARTESIAN_POINT('',(70.227621026822,-9.370365249717,115.7));
#5148 = SEAM_CURVE('',#5149,(#5153,#5160),.PCURVE_S1.);
#5149 = LINE('',#5150,#5151);
#5150 = CARTESIAN_POINT('',(66.262758865816,-8.841339688689,115.7));
#5151 = VECTOR('',#5152,1.);
#5152 = DIRECTION('',(0.991215540252,-0.132256390257,2.22044604925E-16)
  );
#5153 = PCURVE('',#2519,#5154);
#5154 = DEFINITIONAL_REPRESENTATION('',(#5155),#5159);
#5155 = LINE('',#5156,#5157);
#5156 = CARTESIAN_POINT('',(6.28318530718,-0.));
#5157 = VECTOR('',#5158,1.);
#5158 = DIRECTION('',(0.,1.));
#5159 = ( GEOMETRIC_REPRESENTATION_CONTEXT(2) 
PARAMETRIC_REPRESENTATION_CONTEXT() REPRESENTATION_CONTEXT('2D SPACE',''
  ) );
#5160 = PCURVE('',#2519,#5161);
#5161 = DEFINITIONAL_REPRESENTATION('',(#5162),#5166);
#5162 = LINE('',#5163,#5164);
#5163 = CARTESIAN_POINT('',(0.,-0.));
#5164 = VECTOR('',#5165,1.);
#5165 = DIRECTION('',(0.,1.));
#5166 = ( GEOMETRIC_REPRESENTATION_CONTEXT(2) 
PARAMETRIC_REPRESENTATION_CONTEXT() REPRESENTATION_CONTEXT('2D SPACE',''
  ) );
#5167 = ORIENTED_EDGE('',*,*,#5168,.T.);
#5168 = EDGE_CURVE('',#5146,#5146,#5169,.T.);
#5169 = SURFACE_CURVE('',#5170,(#5233,#5299),.PCURVE_S1.);
#5170 = B_SPLINE_CURVE_WITH_KNOTS('',7,(#5171,#5172,#5173,#5174,#5175,
    #5176,#5177,#5178,#5179,#5180,#5181,#5182,#5183,#5184,#5185,#5186,
    #5187,#5188,#5189,#5190,#5191,#5192,#5193,#5194,#5195,#5196,#5197,
    #5198,#5199,#5200,#5201,#5202,#5203,#5204,#5205,#5206,#5207,#5208,
    #5209,#5210,#5211,#5212,#5213,#5214,#5215,#5216,#5217,#5218,#5219,
    #5220,#5221,#5222,#5223,#5224,#5225,#5226,#5227,#5228,#5229,#5230,
    #5231,#5232),.UNSPECIFIED.,.T.,.F.,(8,6,6,6,6,6,6,6,6,6,8),(0.,
    8.234484865415E-02,0.180750752957,0.344501860586,0.442272956655,
    0.531818757421,0.631500487922,0.750063781062,0.844377992537,
    0.948705833829,1.),.UNSPECIFIED.);
#5171 = CARTESIAN_POINT('',(70.227621026822,-9.370365249717,115.7));
#5172 = CARTESIAN_POINT('',(70.266740116762,-9.077181307576,115.7));
#5173 = CARTESIAN_POINT('',(70.304038470644,-8.786753129948,
    115.73092969826));
#5174 = CARTESIAN_POINT('',(70.338907759271,-8.50401947871,
    115.79167082417));
#5175 = CARTESIAN_POINT('',(70.370924681081,-8.233672530166,
    115.87982347786));
#5176 = CARTESIAN_POINT('',(70.399857291643,-7.979835353788,
    115.99178667607));
#5177 = CARTESIAN_POINT('',(70.425639786629,-7.745788361743,
    116.12282300499));
#5178 = CARTESIAN_POINT('',(70.475414549665,-7.280342776814,
    116.43953388483));
#5179 = CARTESIAN_POINT('',(70.498421078726,-7.055148161405,
    116.63306899156));
#5180 = CARTESIAN_POINT('',(70.517822184739,-6.85766704009,
    116.84252560065));
#5181 = CARTESIAN_POINT('',(70.534062647399,-6.686948863534,
    117.06397312491));
#5182 = CARTESIAN_POINT('',(70.547513317186,-6.541897498785,
    117.29440391274));
#5183 = CARTESIAN_POINT('',(70.558460714015,-6.421489417367,
    117.53150195794));
#5184 = CARTESIAN_POINT('',(70.581524245397,-6.16416879367,
    118.17623081913));
#5185 = CARTESIAN_POINT('',(70.589586933349,-6.069410156738,
    118.59250669269));
#5186 = CARTESIAN_POINT('',(70.592294464727,-6.036693286505,
    119.01453392931));
#5187 = CARTESIAN_POINT('',(70.589957172516,-6.064587837343,
    119.43730053799));
#5188 = CARTESIAN_POINT('',(70.58242124454,-6.15389733887,
    119.85566451691));
#5189 = CARTESIAN_POINT('',(70.569027288522,-6.307518661159,
    120.26338813681));
#5190 = CARTESIAN_POINT('',(70.536144915853,-6.662773516751,
    120.88083486984));
#5191 = CARTESIAN_POINT('',(70.521249809704,-6.820518683252,
    121.10483521891));
#5192 = CARTESIAN_POINT('',(70.50346372466,-7.0041697672,121.3192518441)
  );
#5193 = CARTESIAN_POINT('',(70.482438377522,-7.214585343236,
    121.52071468327));
#5194 = CARTESIAN_POINT('',(70.457770623953,-7.452378454281,
    121.70513999963));
#5195 = CARTESIAN_POINT('',(70.429015268267,-7.717689550432,
    121.86755500585));
#5196 = CARTESIAN_POINT('',(70.365341034675,-8.277304819895,
    122.12472360163));
#5197 = CARTESIAN_POINT('',(70.330900306211,-8.569429859548,
    122.22500296101));
#5198 = CARTESIAN_POINT('',(70.292768320173,-8.879950483926,
    122.29429993163));
#5199 = CARTESIAN_POINT('',(70.251539648924,-9.201005828677,
    122.3274546891));
#5200 = CARTESIAN_POINT('',(70.208197788012,-9.523861457358,
    122.32251606913));
#5201 = CARTESIAN_POINT('',(70.164049775333,-9.839778113401,
    122.2808023659));
#5202 = CARTESIAN_POINT('',(70.072001100262,-10.47625549172,
    122.1247976266));
#5203 = CARTESIAN_POINT('',(70.024906543758,-10.7886908659,
    122.00395370287));
#5204 = CARTESIAN_POINT('',(69.980141249679,-11.07501813821,
    121.85122576616));
#5205 = CARTESIAN_POINT('',(69.938508860893,-11.33334067829,
    121.67281108718));
#5206 = CARTESIAN_POINT('',(69.900623075181,-11.56274222024,
    121.4745161412));
#5207 = CARTESIAN_POINT('',(69.866883937544,-11.76314254615,
    121.26182884828));
#5208 = CARTESIAN_POINT('',(69.802477939842,-12.14000467044,
    120.77598770398));
#5209 = CARTESIAN_POINT('',(69.773237900519,-12.30688144942,
    120.49625356079));
#5210 = CARTESIAN_POINT('',(69.749883458066,-12.43790117766,
    120.20599338804));
#5211 = CARTESIAN_POINT('',(69.732414193383,-12.53485155598,
    119.90883953865));
#5212 = CARTESIAN_POINT('',(69.720781239413,-12.59905671241,
    119.60742656168));
#5213 = CARTESIAN_POINT('',(69.714956180919,-12.63120677894,
    119.30384302407));
#5214 = CARTESIAN_POINT('',(69.714956180919,-12.63120677894,
    118.75830027601));
#5215 = CARTESIAN_POINT('',(69.718642306219,-12.61086218232,
    118.51668093608));
#5216 = CARTESIAN_POINT('',(69.726009786468,-12.57019876215,
    118.27617041404));
#5217 = CARTESIAN_POINT('',(69.737068403154,-12.50895066454,
    118.03783261213));
#5218 = CARTESIAN_POINT('',(69.751834491511,-12.42660090044,
    117.80290714443));
#5219 = CARTESIAN_POINT('',(69.770316101838,-12.32242214392,
    117.57295362494));
#5220 = CARTESIAN_POINT('',(69.817020949747,-12.05513970984,
    117.10337470318));
#5221 = CARTESIAN_POINT('',(69.846171235124,-11.88637563025,
    116.86429862863));
#5222 = CARTESIAN_POINT('',(69.879914511778,-11.68797377436,
    116.63631484048));
#5223 = CARTESIAN_POINT('',(69.918093676394,-11.45888968151,
    116.42374138891));
#5224 = CARTESIAN_POINT('',(69.960386141241,-11.19844360151,
    116.23177611308));
#5225 = CARTESIAN_POINT('',(70.006243495055,-10.9066213137,
    116.06671773162));
#5226 = CARTESIAN_POINT('',(70.078803227907,-10.42638316341,
    115.87230640949));
#5227 = CARTESIAN_POINT('',(70.103370201617,-10.26096337163,
    115.81668336592));
#5228 = CARTESIAN_POINT('',(70.128350705543,-10.08952244299,
    115.77079645611));
#5229 = CARTESIAN_POINT('',(70.153499399607,-9.913327717021,
    115.73563857814));
#5230 = CARTESIAN_POINT('',(70.17857432819,-9.733761938612,
    115.71190790048));
#5231 = CARTESIAN_POINT('',(70.203348426479,-9.552279927829,115.7));
#5232 = CARTESIAN_POINT('',(70.227621026822,-9.370365249717,115.7));
#5233 = PCURVE('',#2519,#5234);
#5234 = DEFINITIONAL_REPRESENTATION('',(#5235),#5298);
#5235 = B_SPLINE_CURVE_WITH_KNOTS('',7,(#5236,#5237,#5238,#5239,#5240,
    #5241,#5242,#5243,#5244,#5245,#5246,#5247,#5248,#5249,#5250,#5251,
    #5252,#5253,#5254,#5255,#5256,#5257,#5258,#5259,#5260,#5261,#5262,
    #5263,#5264,#5265,#5266,#5267,#5268,#5269,#5270,#5271,#5272,#5273,
    #5274,#5275,#5276,#5277,#5278,#5279,#5280,#5281,#5282,#5283,#5284,
    #5285,#5286,#5287,#5288,#5289,#5290,#5291,#5292,#5293,#5294,#5295,
    #5296,#5297),.UNSPECIFIED.,.F.,.F.,(8,6,6,6,6,6,6,6,6,6,8),(0.,
    8.234484865415E-02,0.180750752957,0.344501860586,0.442272956655,
    0.531818757421,0.631500487922,0.750063781062,0.844377992537,
    0.948705833829,1.),.UNSPECIFIED.);
#5236 = CARTESIAN_POINT('',(0.,4.));
#5237 = CARTESIAN_POINT('',(8.963097855397E-02,4.));
#5238 = CARTESIAN_POINT('',(0.17836113627,3.998559725592));
#5239 = CARTESIAN_POINT('',(0.265859410237,3.99572937424));
#5240 = CARTESIAN_POINT('',(0.351767341813,3.991709933157));
#5241 = CARTESIAN_POINT('',(0.435661880467,3.986816797706));
#5242 = CARTESIAN_POINT('',(0.5169933545,3.981418597083));
#5243 = CARTESIAN_POINT('',(0.68821849669,3.969197962793));
#5244 = CARTESIAN_POINT('',(0.777872082895,3.962218964986));
#5245 = CARTESIAN_POINT('',(0.864535966287,3.955331502515));
#5246 = CARTESIAN_POINT('',(0.948672940314,3.948850731703));
#5247 = CARTESIAN_POINT('',(1.030694823804,3.942999274719));
#5248 = CARTESIAN_POINT('',(1.111001650517,3.937925766375));
#5249 = CARTESIAN_POINT('',(1.321448796774,3.926754400265));
#5250 = CARTESIAN_POINT('',(1.449255693378,3.922213826592));
#5251 = CARTESIAN_POINT('',(1.575383468651,3.920570558613));
#5252 = CARTESIAN_POINT('',(1.701378951778,3.921943030853));
#5253 = CARTESIAN_POINT('',(1.828776096094,3.92628505422));
#5254 = CARTESIAN_POINT('',(1.959116033738,3.933326158422));
#5255 = CARTESIAN_POINT('',(2.175166359511,3.947717364454));
#5256 = CARTESIAN_POINT('',(2.257940412373,3.953815910068));
#5257 = CARTESIAN_POINT('',(2.343009273731,3.960475095602));
#5258 = CARTESIAN_POINT('',(2.430674896018,3.96746324932));
#5259 = CARTESIAN_POINT('',(2.521294010068,3.974461847134));
#5260 = CARTESIAN_POINT('',(2.615277278496,3.981048179584));
#5261 = CARTESIAN_POINT('',(2.80287251475,3.991945985206));
#5262 = CARTESIAN_POINT('',(2.896567053445,3.996443203184));
#5263 = CARTESIAN_POINT('',(2.992701190585,3.999714522923));
#5264 = CARTESIAN_POINT('',(3.090107197518,4.001309644246));
#5265 = CARTESIAN_POINT('',(3.187787280756,4.001048238191));
#5266 = CARTESIAN_POINT('',(3.284702939398,3.999070038503));
#5267 = CARTESIAN_POINT('',(3.485222013343,3.99200816185));
#5268 = CARTESIAN_POINT('',(3.586890025531,3.98664888036));
#5269 = CARTESIAN_POINT('',(3.685048513904,3.980145436672));
#5270 = CARTESIAN_POINT('',(3.779948376164,3.973043572603));
#5271 = CARTESIAN_POINT('',(3.871737710116,3.965830412907));
#5272 = CARTESIAN_POINT('',(3.960444542487,3.958891879079));
#5273 = CARTESIAN_POINT('',(4.147740528173,3.944894077454));
#5274 = CARTESIAN_POINT('',(4.246082005013,3.937981416485));
#5275 = CARTESIAN_POINT('',(4.341847194222,3.932160326502));
#5276 = CARTESIAN_POINT('',(4.435707745298,3.927666826942));
#5277 = CARTESIAN_POINT('',(4.528320435421,3.924627604413));
#5278 = CARTESIAN_POINT('',(4.620315336727,3.923105767657));
#5279 = CARTESIAN_POINT('',(4.785631320987,3.923105767657));
#5280 = CARTESIAN_POINT('',(4.858849553043,3.924068809427));
#5281 = CARTESIAN_POINT('',(4.932372435104,3.925993573176));
#5282 = CARTESIAN_POINT('',(5.006520381826,3.928854593589));
#5283 = CARTESIAN_POINT('',(5.081610488686,3.932599687297));
#5284 = CARTESIAN_POINT('',(5.157974219391,3.937140640384));
#5285 = CARTESIAN_POINT('',(5.322284229621,3.948085401526));
#5286 = CARTESIAN_POINT('',(5.410955084829,3.954659489422));
#5287 = CARTESIAN_POINT('',(5.502308843843,3.961866436341));
#5288 = CARTESIAN_POINT('',(5.596671675836,3.969412382437));
#5289 = CARTESIAN_POINT('',(5.69445033162,3.976887672431));
#5290 = CARTESIAN_POINT('',(5.796121715584,3.983746831784));
#5291 = CARTESIAN_POINT('',(5.954632538936,3.992154602362));
#5292 = CARTESIAN_POINT('',(6.007938868184,3.994627943944));
#5293 = CARTESIAN_POINT('',(6.062075922272,3.996714849273));
#5294 = CARTESIAN_POINT('',(6.116844945603,3.998339747207));
#5295 = CARTESIAN_POINT('',(6.172066805306,3.999445684423));
#5296 = CARTESIAN_POINT('',(6.227571106438,4.));
#5297 = CARTESIAN_POINT('',(6.28318530718,4.));
#5298 = ( GEOMETRIC_REPRESENTATION_CONTEXT(2) 
PARAMETRIC_REPRESENTATION_CONTEXT() REPRESENTATION_CONTEXT('2D SPACE',''
  ) );
#5299 = PCURVE('',#2613,#5300);
#5300 = DEFINITIONAL_REPRESENTATION('',(#5301),#5364);
#5301 = B_SPLINE_CURVE_WITH_KNOTS('',7,(#5302,#5303,#5304,#5305,#5306,
    #5307,#5308,#5309,#5310,#5311,#5312,#5313,#5314,#5315,#5316,#5317,
    #5318,#5319,#5320,#5321,#5322,#5323,#5324,#5325,#5326,#5327,#5328,
    #5329,#5330,#5331,#5332,#5333,#5334,#5335,#5336,#5337,#5338,#5339,
    #5340,#5341,#5342,#5343,#5344,#5345,#5346,#5347,#5348,#5349,#5350,
    #5351,#5352,#5353,#5354,#5355,#5356,#5357,#5358,#5359,#5360,#5361,
    #5362,#5363),.UNSPECIFIED.,.T.,.F.,(8,6,6,6,6,6,6,6,6,6,8),(0.,
    8.234484865415E-02,0.180750752957,0.344501860586,0.442272956655,
    0.531818757421,0.631500487922,0.750063781062,0.844377992537,
    0.948705833829,1.),.UNSPECIFIED.);
#5302 = CARTESIAN_POINT('',(6.150540284028,24.7));
#5303 = CARTESIAN_POINT('',(6.154715050848,24.7));
#5304 = CARTESIAN_POINT('',(6.158847864894,24.730929698266));
#5305 = CARTESIAN_POINT('',(6.162868613856,24.791670824174));
#5306 = CARTESIAN_POINT('',(6.166710972579,24.879823477866));
#5307 = CARTESIAN_POINT('',(6.170316868055,24.991786676072));
#5308 = CARTESIAN_POINT('',(6.17364025011,25.122823004994));
#5309 = CARTESIAN_POINT('',(6.180247158736,25.439533884839));
#5310 = CARTESIAN_POINT('',(6.183442137503,25.633068991563));
#5311 = CARTESIAN_POINT('',(6.186242841473,25.842525600656));
#5312 = CARTESIAN_POINT('',(6.188663278002,26.063973124918));
#5313 = CARTESIAN_POINT('',(6.190719358123,26.294403912747));
#5314 = CARTESIAN_POINT('',(6.192425845388,26.531501957946));
#5315 = CARTESIAN_POINT('',(6.196072311769,27.176230819139));
#5316 = CARTESIAN_POINT('',(6.197414585407,27.592506692693));
#5317 = CARTESIAN_POINT('',(6.19787794728,28.014533929317));
#5318 = CARTESIAN_POINT('',(6.197482853458,28.437300537997));
#5319 = CARTESIAN_POINT('',(6.196217822898,28.85566451691));
#5320 = CARTESIAN_POINT('',(6.194041366292,29.263388136818));
#5321 = CARTESIAN_POINT('',(6.189005750124,29.880834869847));
#5322 = CARTESIAN_POINT('',(6.186769383519,30.104835218912));
#5323 = CARTESIAN_POINT('',(6.184165157249,30.319251844105));
#5324 = CARTESIAN_POINT('',(6.181180521269,30.520714683276));
#5325 = CARTESIAN_POINT('',(6.177806270637,30.705139999631));
#5326 = CARTESIAN_POINT('',(6.174039706733,30.867555005857));
#5327 = CARTESIAN_POINT('',(6.166090149696,31.124723601632));
#5328 = CARTESIAN_POINT('',(6.161938477788,31.225002961019));
#5329 = CARTESIAN_POINT('',(6.157522856468,31.294299931632));
#5330 = CARTESIAN_POINT('',(6.152954290982,31.327454689102));
#5331 = CARTESIAN_POINT('',(6.148356637451,31.322516069139));
#5332 = CARTESIAN_POINT('',(6.143854407991,31.280802365901));
#5333 = CARTESIAN_POINT('',(6.134777498063,31.124797626606));
#5334 = CARTESIAN_POINT('',(6.130317947551,31.003953702878));
#5335 = CARTESIAN_POINT('',(6.126227627847,30.851225766168));
#5336 = CARTESIAN_POINT('',(6.122534587351,30.672811087181));
#5337 = CARTESIAN_POINT('',(6.119252907686,30.474516141205));
#5338 = CARTESIAN_POINT('',(6.116384594319,30.261828848283));
#5339 = CARTESIAN_POINT('',(6.110988320077,29.775987703985));
#5340 = CARTESIAN_POINT('',(6.108597104339,29.496253560797));
#5341 = CARTESIAN_POINT('',(6.106718706951,29.205993388047));
#5342 = CARTESIAN_POINT('',(6.105328281967,28.908839538651));
#5343 = CARTESIAN_POINT('',(6.104407315025,28.607426561687));
#5344 = CARTESIAN_POINT('',(6.103946150509,28.303843024071));
#5345 = CARTESIAN_POINT('',(6.103946150509,27.758300276011));
#5346 = CARTESIAN_POINT('',(6.104237976016,27.516680936083));
#5347 = CARTESIAN_POINT('',(6.104821256884,27.276170414047));
#5348 = CARTESIAN_POINT('',(6.105699710394,27.037832612131));
#5349 = CARTESIAN_POINT('',(6.106880557288,26.802907144437));
#5350 = CARTESIAN_POINT('',(6.108373924302,26.572953624942));
#5351 = CARTESIAN_POINT('',(6.112203597509,26.103374703189));
#5352 = CARTESIAN_POINT('',(6.114620856383,25.864298628631));
#5353 = CARTESIAN_POINT('',(6.117461360279,25.636314840481));
#5354 = CARTESIAN_POINT('',(6.120739288633,25.423741388911));
#5355 = CARTESIAN_POINT('',(6.124463393007,25.23177611308));
#5356 = CARTESIAN_POINT('',(6.128632739446,25.06671773162));
#5357 = CARTESIAN_POINT('',(6.135487909312,24.872306409496));
#5358 = CARTESIAN_POINT('',(6.137848298602,24.816683365927));
#5359 = CARTESIAN_POINT('',(6.14029360866,24.77079645611));
#5360 = CARTESIAN_POINT('',(6.142805662757,24.735638578143));
#5361 = CARTESIAN_POINT('',(6.145364685323,24.711907900484));
#5362 = CARTESIAN_POINT('',(6.147949926054,24.7));
#5363 = CARTESIAN_POINT('',(6.150540284028,24.7));
#5364 = ( GEOMETRIC_REPRESENTATION_CONTEXT(2) 
PARAMETRIC_REPRESENTATION_CONTEXT() REPRESENTATION_CONTEXT('2D SPACE',''
  ) );
#5365 = ORIENTED_EDGE('',*,*,#5145,.T.);
#5366 = ADVANCED_FACE('',(#5367,#5393,#5396,#5399,#5402,#5405,#5408,
    #5411,#5414,#5417,#5420,#5423,#5426),#2613,.F.);
#5367 = FACE_BOUND('',#5368,.F.);
#5368 = EDGE_LOOP('',(#5369,#5370,#5391,#5392));
#5369 = ORIENTED_EDGE('',*,*,#2596,.F.);
#5370 = ORIENTED_EDGE('',*,*,#5371,.F.);
#5371 = EDGE_CURVE('',#2632,#2597,#5372,.T.);
#5372 = SEAM_CURVE('',#5373,(#5377,#5384),.PCURVE_S1.);
#5373 = LINE('',#5374,#5375);
#5374 = CARTESIAN_POINT('',(70.85,-1.735324514392E-14,91.));
#5375 = VECTOR('',#5376,1.);
#5376 = DIRECTION('',(0.,0.,1.));
#5377 = PCURVE('',#2613,#5378);
#5378 = DEFINITIONAL_REPRESENTATION('',(#5379),#5383);
#5379 = LINE('',#5380,#5381);
#5380 = CARTESIAN_POINT('',(6.28318530718,-0.));
#5381 = VECTOR('',#5382,1.);
#5382 = DIRECTION('',(0.,1.));
#5383 = ( GEOMETRIC_REPRESENTATION_CONTEXT(2) 
PARAMETRIC_REPRESENTATION_CONTEXT() REPRESENTATION_CONTEXT('2D SPACE',''
  ) );
#5384 = PCURVE('',#2613,#5385);
#5385 = DEFINITIONAL_REPRESENTATION('',(#5386),#5390);
#5386 = LINE('',#5387,#5388);
#5387 = CARTESIAN_POINT('',(0.,-0.));
#5388 = VECTOR('',#5389,1.);
#5389 = DIRECTION('',(0.,1.));
#5390 = ( GEOMETRIC_REPRESENTATION_CONTEXT(2) 
PARAMETRIC_REPRESENTATION_CONTEXT() REPRESENTATION_CONTEXT('2D SPACE',''
  ) );
#5391 = ORIENTED_EDGE('',*,*,#2631,.T.);
#5392 = ORIENTED_EDGE('',*,*,#5371,.T.);
#5393 = FACE_BOUND('',#5394,.F.);
#5394 = EDGE_LOOP('',(#5395));
#5395 = ORIENTED_EDGE('',*,*,#2682,.F.);
#5396 = FACE_BOUND('',#5397,.F.);
#5397 = EDGE_LOOP('',(#5398));
#5398 = ORIENTED_EDGE('',*,*,#2908,.F.);
#5399 = FACE_BOUND('',#5400,.F.);
#5400 = EDGE_LOOP('',(#5401));
#5401 = ORIENTED_EDGE('',*,*,#3134,.F.);
#5402 = FACE_BOUND('',#5403,.F.);
#5403 = EDGE_LOOP('',(#5404));
#5404 = ORIENTED_EDGE('',*,*,#3360,.F.);
#5405 = FACE_BOUND('',#5406,.F.);
#5406 = EDGE_LOOP('',(#5407));
#5407 = ORIENTED_EDGE('',*,*,#3586,.F.);
#5408 = FACE_BOUND('',#5409,.F.);
#5409 = EDGE_LOOP('',(#5410));
#5410 = ORIENTED_EDGE('',*,*,#3812,.F.);
#5411 = FACE_BOUND('',#5412,.F.);
#5412 = EDGE_LOOP('',(#5413));
#5413 = ORIENTED_EDGE('',*,*,#4038,.F.);
#5414 = FACE_BOUND('',#5415,.F.);
#5415 = EDGE_LOOP('',(#5416));
#5416 = ORIENTED_EDGE('',*,*,#4264,.F.);
#5417 = FACE_BOUND('',#5418,.F.);
#5418 = EDGE_LOOP('',(#5419));
#5419 = ORIENTED_EDGE('',*,*,#4490,.F.);
#5420 = FACE_BOUND('',#5421,.F.);
#5421 = EDGE_LOOP('',(#5422));
#5422 = ORIENTED_EDGE('',*,*,#4716,.F.);
#5423 = FACE_BOUND('',#5424,.F.);
#5424 = EDGE_LOOP('',(#5425));
#5425 = ORIENTED_EDGE('',*,*,#4942,.F.);
#5426 = FACE_BOUND('',#5427,.F.);
#5427 = EDGE_LOOP('',(#5428));
#5428 = ORIENTED_EDGE('',*,*,#5168,.F.);
#5429 = ( GEOMETRIC_REPRESENTATION_CONTEXT(3) 
GLOBAL_UNCERTAINTY_ASSIGNED_CONTEXT((#5433)) 
GLOBAL_UNIT_ASSIGNED_CONTEXT((#5430,#5431,#5432)) REPRESENTATION_CONTEXT
('Context #1','3D Context with UNIT and UNCERTAINTY') );
#5430 = ( LENGTH_UNIT() NAMED_UNIT(*) SI_UNIT(.MILLI.,.METRE.) );
#5431 = ( NAMED_UNIT(*) PLANE_ANGLE_UNIT() SI_UNIT($,.RADIAN.) );
#5432 = ( NAMED_UNIT(*) SI_UNIT($,.STERADIAN.) SOLID_ANGLE_UNIT() );
#5433 = UNCERTAINTY_MEASURE_WITH_UNIT(LENGTH_MEASURE(2.E-07),#5430,
  'distance_accuracy_value','confusion accuracy');
#5434 = PRODUCT_RELATED_PRODUCT_CATEGORY('part',$,(#7));
ENDSEC;
END-ISO-10303-21;
