ISO-10303-21;
HEADER;
FILE_DESCRIPTION(('Open CASCADE Model'),'2;1');
FILE_NAME('Open CASCADE Shape Model','2026-04-11T09:22:03',('Author'),(
    'Open CASCADE'),'Open CASCADE STEP processor 7.7','Open CASCADE 7.7'
  ,'Unknown');
FILE_SCHEMA(('AUTOMOTIVE_DESIGN { 1 0 10303 214 1 1 1 1 }'));
ENDSEC;
DATA;
#1 = APPLICATION_PROTOCOL_DEFINITION('international standard',
  'automotive_design',2000,#2);
#2 = APPLICATION_CONTEXT(
  'core data for automotive mechanical design processes');
#3 = SHAPE_DEFINITION_REPRESENTATION(#4,#10);
#4 = PRODUCT_DEFINITION_SHAPE('','',#5);
#5 = PRODUCT_DEFINITION('design','',#6,#9);
#6 = PRODUCT_DEFINITION_FORMATION('','',#7);
#7 = PRODUCT('Open CASCADE STEP translator 7.7 1',
  'Open CASCADE STEP translator 7.7 1','',(#8));
#8 = PRODUCT_CONTEXT('',#2,'mechanical');
#9 = PRODUCT_DEFINITION_CONTEXT('part definition',#2,'design');
#10 = ADVANCED_BREP_SHAPE_REPRESENTATION('',(#11,#15),#2492);
#11 = AXIS2_PLACEMENT_3D('',#12,#13,#14);
#12 = CARTESIAN_POINT('',(0.,0.,0.));
#13 = DIRECTION('',(0.,0.,1.));
#14 = DIRECTION('',(1.,0.,-0.));
#15 = MANIFOLD_SOLID_BREP('',#16);
#16 = CLOSED_SHELL('',(#17,#556,#680,#734,#832,#880,#974,#1023,#1121,
    #1169,#1263,#1312,#1410,#1458,#1552,#1582,#1631,#1719,#1747,#1779,
    #1833,#1882,#2003,#2031,#2058,#2107,#2135,#2162,#2211,#2240,#2267,
    #2364,#2427,#2485));
#17 = ADVANCED_FACE('',(#18),#32,.T.);
#18 = FACE_BOUND('',#19,.F.);
#19 = EDGE_LOOP('',(#20,#53,#82,#108,#141,#167,#196,#222,#255,#281,#310,
    #336,#369,#395,#418,#441,#468,#469,#470,#499,#525));
#20 = ORIENTED_EDGE('',*,*,#21,.T.);
#21 = EDGE_CURVE('',#22,#24,#26,.T.);
#22 = VERTEX_POINT('',#23);
#23 = CARTESIAN_POINT('',(22.633002839113,75.427512768782,1.2));
#24 = VERTEX_POINT('',#25);
#25 = CARTESIAN_POINT('',(22.633002839113,75.427512768782,0.));
#26 = SURFACE_CURVE('',#27,(#31,#42),.PCURVE_S1.);
#27 = LINE('',#28,#29);
#28 = CARTESIAN_POINT('',(22.633002839113,75.427512768782,0.));
#29 = VECTOR('',#30,1.);
#30 = DIRECTION('',(-0.,-0.,-1.));
#31 = PCURVE('',#32,#37);
#32 = CYLINDRICAL_SURFACE('',#33,78.75);
#33 = AXIS2_PLACEMENT_3D('',#34,#35,#36);
#34 = CARTESIAN_POINT('',(0.,0.,0.));
#35 = DIRECTION('',(-0.,-0.,-1.));
#36 = DIRECTION('',(1.,0.,0.));
#37 = DEFINITIONAL_REPRESENTATION('',(#38),#41);
#38 = B_SPLINE_CURVE_WITH_KNOTS('',1,(#39,#40),.UNSPECIFIED.,.F.,.F.,(2,
    2),(-1.2000006,6.E-07),.PIECEWISE_BEZIER_KNOTS.);
#39 = CARTESIAN_POINT('',(-1.279281770728,-1.2000006));
#40 = CARTESIAN_POINT('',(-1.279281770728,6.E-07));
#41 = ( GEOMETRIC_REPRESENTATION_CONTEXT(2) 
PARAMETRIC_REPRESENTATION_CONTEXT() REPRESENTATION_CONTEXT('2D SPACE',''
  ) );
#42 = PCURVE('',#43,#48);
#43 = PLANE('',#44);
#44 = AXIS2_PLACEMENT_3D('',#45,#46,#47);
#45 = CARTESIAN_POINT('',(13.755661639571,36.604737027571,0.));
#46 = DIRECTION('',(-0.974839063795,0.222909846572,0.));
#47 = DIRECTION('',(0.222909846572,0.974839063795,0.));
#48 = DEFINITIONAL_REPRESENTATION('',(#49),#52);
#49 = B_SPLINE_CURVE_WITH_KNOTS('',1,(#50,#51),.UNSPECIFIED.,.F.,.F.,(2,
    2),(-1.2000006,6.E-07),.PIECEWISE_BEZIER_KNOTS.);
#50 = CARTESIAN_POINT('',(39.824805122253,-1.2000006));
#51 = CARTESIAN_POINT('',(39.824805122253,6.E-07));
#52 = ( GEOMETRIC_REPRESENTATION_CONTEXT(2) 
PARAMETRIC_REPRESENTATION_CONTEXT() REPRESENTATION_CONTEXT('2D SPACE',''
  ) );
#53 = ORIENTED_EDGE('',*,*,#54,.T.);
#54 = EDGE_CURVE('',#24,#55,#57,.T.);
#55 = VERTEX_POINT('',#56);
#56 = CARTESIAN_POINT('',(12.397192669261,77.768066157782,0.));
#57 = SURFACE_CURVE('',#58,(#63,#70),.PCURVE_S1.);
#58 = CIRCLE('',#59,78.75);
#59 = AXIS2_PLACEMENT_3D('',#60,#61,#62);
#60 = CARTESIAN_POINT('',(0.,0.,0.));
#61 = DIRECTION('',(0.,0.,1.));
#62 = DIRECTION('',(1.,0.,0.));
#63 = PCURVE('',#32,#64);
#64 = DEFINITIONAL_REPRESENTATION('',(#65),#69);
#65 = LINE('',#66,#67);
#66 = CARTESIAN_POINT('',(-0.,-0.));
#67 = VECTOR('',#68,1.);
#68 = DIRECTION('',(-1.,-0.));
#69 = ( GEOMETRIC_REPRESENTATION_CONTEXT(2) 
PARAMETRIC_REPRESENTATION_CONTEXT() REPRESENTATION_CONTEXT('2D SPACE',''
  ) );
#70 = PCURVE('',#71,#76);
#71 = PLANE('',#72);
#72 = AXIS2_PLACEMENT_3D('',#73,#74,#75);
#73 = CARTESIAN_POINT('',(-4.4452657007E-15,5.675833553637E-15,0.));
#74 = DIRECTION('',(0.,0.,1.));
#75 = DIRECTION('',(1.,0.,-0.));
#76 = DEFINITIONAL_REPRESENTATION('',(#77),#81);
#77 = CIRCLE('',#78,78.75);
#78 = AXIS2_PLACEMENT_2D('',#79,#80);
#79 = CARTESIAN_POINT('',(4.4452657007E-15,-5.675833553637E-15));
#80 = DIRECTION('',(1.,0.));
#81 = ( GEOMETRIC_REPRESENTATION_CONTEXT(2) 
PARAMETRIC_REPRESENTATION_CONTEXT() REPRESENTATION_CONTEXT('2D SPACE',''
  ) );
#82 = ORIENTED_EDGE('',*,*,#83,.F.);
#83 = EDGE_CURVE('',#84,#55,#86,.T.);
#84 = VERTEX_POINT('',#85);
#85 = CARTESIAN_POINT('',(12.397192669261,77.768066157782,1.2));
#86 = SURFACE_CURVE('',#87,(#91,#97),.PCURVE_S1.);
#87 = LINE('',#88,#89);
#88 = CARTESIAN_POINT('',(12.397192669261,77.768066157782,0.));
#89 = VECTOR('',#90,1.);
#90 = DIRECTION('',(-0.,-0.,-1.));
#91 = PCURVE('',#32,#92);
#92 = DEFINITIONAL_REPRESENTATION('',(#93),#96);
#93 = B_SPLINE_CURVE_WITH_KNOTS('',1,(#94,#95),.UNSPECIFIED.,.F.,.F.,(2,
    2),(-1.2000006,6.E-07),.PIECEWISE_BEZIER_KNOTS.);
#94 = CARTESIAN_POINT('',(-1.412714067548,-1.2000006));
#95 = CARTESIAN_POINT('',(-1.412714067548,6.E-07));
#96 = ( GEOMETRIC_REPRESENTATION_CONTEXT(2) 
PARAMETRIC_REPRESENTATION_CONTEXT() REPRESENTATION_CONTEXT('2D SPACE',''
  ) );
#97 = PCURVE('',#98,#103);
#98 = PLANE('',#99);
#99 = AXIS2_PLACEMENT_3D('',#100,#101,#102);
#100 = CARTESIAN_POINT('',(12.882065025723,79.888531095978,0.));
#101 = DIRECTION('',(0.974839063795,-0.222909846572,0.));
#102 = DIRECTION('',(-0.222909846572,-0.974839063795,0.));
#103 = DEFINITIONAL_REPRESENTATION('',(#104),#107);
#104 = B_SPLINE_CURVE_WITH_KNOTS('',1,(#105,#106),.UNSPECIFIED.,.F.,.F.,
  (2,2),(-1.2000006,6.E-07),.PIECEWISE_BEZIER_KNOTS.);
#105 = CARTESIAN_POINT('',(2.175194877747,-1.2000006));
#106 = CARTESIAN_POINT('',(2.175194877747,6.E-07));
#107 = ( GEOMETRIC_REPRESENTATION_CONTEXT(2) 
PARAMETRIC_REPRESENTATION_CONTEXT() REPRESENTATION_CONTEXT('2D SPACE',''
  ) );
#108 = ORIENTED_EDGE('',*,*,#109,.F.);
#109 = EDGE_CURVE('',#110,#84,#112,.T.);
#110 = VERTEX_POINT('',#111);
#111 = CARTESIAN_POINT('',(-63.61093398838,46.424256344338,1.2));
#112 = SURFACE_CURVE('',#113,(#118,#125),.PCURVE_S1.);
#113 = CIRCLE('',#114,78.75);
#114 = AXIS2_PLACEMENT_3D('',#115,#116,#117);
#115 = CARTESIAN_POINT('',(0.,0.,1.2));
#116 = DIRECTION('',(0.,0.,-1.));
#117 = DIRECTION('',(0.998883744481,4.723626797861E-02,0.));
#118 = PCURVE('',#32,#119);
#119 = DEFINITIONAL_REPRESENTATION('',(#120),#124);
#120 = LINE('',#121,#122);
#121 = CARTESIAN_POINT('',(-6.330439158925,-1.2));
#122 = VECTOR('',#123,1.);
#123 = DIRECTION('',(1.,-0.));
#124 = ( GEOMETRIC_REPRESENTATION_CONTEXT(2) 
PARAMETRIC_REPRESENTATION_CONTEXT() REPRESENTATION_CONTEXT('2D SPACE',''
  ) );
#125 = PCURVE('',#126,#131);
#126 = PLANE('',#127);
#127 = AXIS2_PLACEMENT_3D('',#128,#129,#130);
#128 = CARTESIAN_POINT('',(-4.4452657007E-15,5.675833553637E-15,1.2));
#129 = DIRECTION('',(0.,0.,1.));
#130 = DIRECTION('',(1.,0.,-0.));
#131 = DEFINITIONAL_REPRESENTATION('',(#132),#140);
#132 = ( BOUNDED_CURVE() B_SPLINE_CURVE(2,(#133,#134,#135,#136,#137,#138
,#139),.UNSPECIFIED.,.T.,.F.) B_SPLINE_CURVE_WITH_KNOTS((1,2,2,2,2,1),(
    -2.094395102393,0.,2.094395102393,4.188790204786,6.28318530718,
8.377580409573),.UNSPECIFIED.) CURVE() GEOMETRIC_REPRESENTATION_ITEM() 
RATIONAL_B_SPLINE_CURVE((1.,0.5,1.,0.5,1.,0.5,1.)) REPRESENTATION_ITEM(
  '') );
#133 = CARTESIAN_POINT('',(78.662094877842,3.719856103316));
#134 = CARTESIAN_POINT('',(85.10507464563,-132.5268888549));
#135 = CARTESIAN_POINT('',(-36.10955755502,-69.98330053077));
#136 = CARTESIAN_POINT('',(-157.3241897556,-7.439712206632));
#137 = CARTESIAN_POINT('',(-42.55253732281,66.263444427455));
#138 = CARTESIAN_POINT('',(72.219115110054,139.96660106154));
#139 = CARTESIAN_POINT('',(78.662094877842,3.719856103316));
#140 = ( GEOMETRIC_REPRESENTATION_CONTEXT(2) 
PARAMETRIC_REPRESENTATION_CONTEXT() REPRESENTATION_CONTEXT('2D SPACE',''
  ) );
#141 = ORIENTED_EDGE('',*,*,#142,.T.);
#142 = EDGE_CURVE('',#110,#143,#145,.T.);
#143 = VERTEX_POINT('',#144);
#144 = CARTESIAN_POINT('',(-63.61093398838,46.424256344338,0.));
#145 = SURFACE_CURVE('',#146,(#150,#156),.PCURVE_S1.);
#146 = LINE('',#147,#148);
#147 = CARTESIAN_POINT('',(-63.61093398838,46.424256344338,0.));
#148 = VECTOR('',#149,1.);
#149 = DIRECTION('',(-0.,-0.,-1.));
#150 = PCURVE('',#32,#151);
#151 = DEFINITIONAL_REPRESENTATION('',(#152),#155);
#152 = B_SPLINE_CURVE_WITH_KNOTS('',1,(#153,#154),.UNSPECIFIED.,.F.,.F.,
  (2,2),(-1.2000006,6.E-07),.PIECEWISE_BEZIER_KNOTS.);
#153 = CARTESIAN_POINT('',(-2.511135156785,-1.2000006));
#154 = CARTESIAN_POINT('',(-2.511135156785,6.E-07));
#155 = ( GEOMETRIC_REPRESENTATION_CONTEXT(2) 
PARAMETRIC_REPRESENTATION_CONTEXT() REPRESENTATION_CONTEXT('2D SPACE',''
  ) );
#156 = PCURVE('',#157,#162);
#157 = PLANE('',#158);
#158 = AXIS2_PLACEMENT_3D('',#159,#160,#161);
#159 = CARTESIAN_POINT('',(-29.94854620305,25.143778163271,0.));
#160 = DIRECTION('',(-0.53435234939,-0.845261833222,0.));
#161 = DIRECTION('',(-0.845261833222,0.53435234939,0.));
#162 = DEFINITIONAL_REPRESENTATION('',(#163),#166);
#163 = B_SPLINE_CURVE_WITH_KNOTS('',1,(#164,#165),.UNSPECIFIED.,.F.,.F.,
  (2,2),(-1.2000006,6.E-07),.PIECEWISE_BEZIER_KNOTS.);
#164 = CARTESIAN_POINT('',(39.824805122253,-1.2000006));
#165 = CARTESIAN_POINT('',(39.824805122253,6.E-07));
#166 = ( GEOMETRIC_REPRESENTATION_CONTEXT(2) 
PARAMETRIC_REPRESENTATION_CONTEXT() REPRESENTATION_CONTEXT('2D SPACE',''
  ) );
#167 = ORIENTED_EDGE('',*,*,#168,.T.);
#168 = EDGE_CURVE('',#143,#169,#171,.T.);
#169 = VERTEX_POINT('',#170);
#170 = CARTESIAN_POINT('',(-69.22163365698,37.549007095509,0.));
#171 = SURFACE_CURVE('',#172,(#177,#184),.PCURVE_S1.);
#172 = CIRCLE('',#173,78.75);
#173 = AXIS2_PLACEMENT_3D('',#174,#175,#176);
#174 = CARTESIAN_POINT('',(0.,0.,0.));
#175 = DIRECTION('',(0.,0.,1.));
#176 = DIRECTION('',(1.,0.,0.));
#177 = PCURVE('',#32,#178);
#178 = DEFINITIONAL_REPRESENTATION('',(#179),#183);
#179 = LINE('',#180,#181);
#180 = CARTESIAN_POINT('',(-0.,-0.));
#181 = VECTOR('',#182,1.);
#182 = DIRECTION('',(-1.,-0.));
#183 = ( GEOMETRIC_REPRESENTATION_CONTEXT(2) 
PARAMETRIC_REPRESENTATION_CONTEXT() REPRESENTATION_CONTEXT('2D SPACE',''
  ) );
#184 = PCURVE('',#185,#190);
#185 = PLANE('',#186);
#186 = AXIS2_PLACEMENT_3D('',#187,#188,#189);
#187 = CARTESIAN_POINT('',(-4.4452657007E-15,5.675833553637E-15,0.));
#188 = DIRECTION('',(0.,0.,1.));
#189 = DIRECTION('',(1.,0.,-0.));
#190 = DEFINITIONAL_REPRESENTATION('',(#191),#195);
#191 = CIRCLE('',#192,78.75);
#192 = AXIS2_PLACEMENT_2D('',#193,#194);
#193 = CARTESIAN_POINT('',(4.4452657007E-15,-5.675833553637E-15));
#194 = DIRECTION('',(1.,0.));
#195 = ( GEOMETRIC_REPRESENTATION_CONTEXT(2) 
PARAMETRIC_REPRESENTATION_CONTEXT() REPRESENTATION_CONTEXT('2D SPACE',''
  ) );
#196 = ORIENTED_EDGE('',*,*,#197,.F.);
#197 = EDGE_CURVE('',#198,#169,#200,.T.);
#198 = VERTEX_POINT('',#199);
#199 = CARTESIAN_POINT('',(-69.22163365698,37.549007095509,1.2));
#200 = SURFACE_CURVE('',#201,(#205,#211),.PCURVE_S1.);
#201 = LINE('',#202,#203);
#202 = CARTESIAN_POINT('',(-69.22163365698,37.549007095509,0.));
#203 = VECTOR('',#204,1.);
#204 = DIRECTION('',(-0.,-0.,-1.));
#205 = PCURVE('',#32,#206);
#206 = DEFINITIONAL_REPRESENTATION('',(#207),#210);
#207 = B_SPLINE_CURVE_WITH_KNOTS('',1,(#208,#209),.UNSPECIFIED.,.F.,.F.,
  (2,2),(-1.2000006,6.E-07),.PIECEWISE_BEZIER_KNOTS.);
#208 = CARTESIAN_POINT('',(-2.644567453606,-1.2000006));
#209 = CARTESIAN_POINT('',(-2.644567453606,6.E-07));
#210 = ( GEOMETRIC_REPRESENTATION_CONTEXT(2) 
PARAMETRIC_REPRESENTATION_CONTEXT() REPRESENTATION_CONTEXT('2D SPACE',''
  ) );
#211 = PCURVE('',#212,#217);
#212 = PLANE('',#213);
#213 = AXIS2_PLACEMENT_3D('',#214,#215,#216);
#214 = CARTESIAN_POINT('',(-71.06024286696,38.711327588814,0.));
#215 = DIRECTION('',(0.53435234939,0.845261833222,-0.));
#216 = DIRECTION('',(0.845261833222,-0.53435234939,0.));
#217 = DEFINITIONAL_REPRESENTATION('',(#218),#221);
#218 = B_SPLINE_CURVE_WITH_KNOTS('',1,(#219,#220),.UNSPECIFIED.,.F.,.F.,
  (2,2),(-1.2000006,6.E-07),.PIECEWISE_BEZIER_KNOTS.);
#219 = CARTESIAN_POINT('',(2.175194877747,-1.2000006));
#220 = CARTESIAN_POINT('',(2.175194877747,6.E-07));
#221 = ( GEOMETRIC_REPRESENTATION_CONTEXT(2) 
PARAMETRIC_REPRESENTATION_CONTEXT() REPRESENTATION_CONTEXT('2D SPACE',''
  ) );
#222 = ORIENTED_EDGE('',*,*,#223,.F.);
#223 = EDGE_CURVE('',#224,#198,#226,.T.);
#224 = VERTEX_POINT('',#225);
#225 = CARTESIAN_POINT('',(-64.92526980024,-44.56760977846,1.2));
#226 = SURFACE_CURVE('',#227,(#232,#239),.PCURVE_S1.);
#227 = CIRCLE('',#228,78.75);
#228 = AXIS2_PLACEMENT_3D('',#229,#230,#231);
#229 = CARTESIAN_POINT('',(0.,0.,1.2));
#230 = DIRECTION('',(0.,0.,-1.));
#231 = DIRECTION('',(0.998883744481,4.723626797861E-02,0.));
#232 = PCURVE('',#32,#233);
#233 = DEFINITIONAL_REPRESENTATION('',(#234),#238);
#234 = LINE('',#235,#236);
#235 = CARTESIAN_POINT('',(-6.330439158925,-1.2));
#236 = VECTOR('',#237,1.);
#237 = DIRECTION('',(1.,-0.));
#238 = ( GEOMETRIC_REPRESENTATION_CONTEXT(2) 
PARAMETRIC_REPRESENTATION_CONTEXT() REPRESENTATION_CONTEXT('2D SPACE',''
  ) );
#239 = PCURVE('',#240,#245);
#240 = PLANE('',#241);
#241 = AXIS2_PLACEMENT_3D('',#242,#243,#244);
#242 = CARTESIAN_POINT('',(-4.4452657007E-15,5.675833553637E-15,1.2));
#243 = DIRECTION('',(0.,0.,1.));
#244 = DIRECTION('',(1.,0.,-0.));
#245 = DEFINITIONAL_REPRESENTATION('',(#246),#254);
#246 = ( BOUNDED_CURVE() B_SPLINE_CURVE(2,(#247,#248,#249,#250,#251,#252
,#253),.UNSPECIFIED.,.T.,.F.) B_SPLINE_CURVE_WITH_KNOTS((1,2,2,2,2,1),(
    -2.094395102393,0.,2.094395102393,4.188790204786,6.28318530718,
8.377580409573),.UNSPECIFIED.) CURVE() GEOMETRIC_REPRESENTATION_ITEM() 
RATIONAL_B_SPLINE_CURVE((1.,0.5,1.,0.5,1.,0.5,1.)) REPRESENTATION_ITEM(
  '') );
#247 = CARTESIAN_POINT('',(78.662094877842,3.719856103316));
#248 = CARTESIAN_POINT('',(85.10507464563,-132.5268888549));
#249 = CARTESIAN_POINT('',(-36.10955755502,-69.98330053077));
#250 = CARTESIAN_POINT('',(-157.3241897556,-7.439712206632));
#251 = CARTESIAN_POINT('',(-42.55253732281,66.263444427455));
#252 = CARTESIAN_POINT('',(72.219115110054,139.96660106154));
#253 = CARTESIAN_POINT('',(78.662094877842,3.719856103316));
#254 = ( GEOMETRIC_REPRESENTATION_CONTEXT(2) 
PARAMETRIC_REPRESENTATION_CONTEXT() REPRESENTATION_CONTEXT('2D SPACE',''
  ) );
#255 = ORIENTED_EDGE('',*,*,#256,.T.);
#256 = EDGE_CURVE('',#224,#257,#259,.T.);
#257 = VERTEX_POINT('',#258);
#258 = CARTESIAN_POINT('',(-64.92526980024,-44.56760977846,0.));
#259 = SURFACE_CURVE('',#260,(#264,#270),.PCURVE_S1.);
#260 = LINE('',#261,#262);
#261 = CARTESIAN_POINT('',(-64.92526980024,-44.56760977846,0.));
#262 = VECTOR('',#263,1.);
#263 = DIRECTION('',(-0.,-0.,-1.));
#264 = PCURVE('',#32,#265);
#265 = DEFINITIONAL_REPRESENTATION('',(#266),#269);
#266 = B_SPLINE_CURVE_WITH_KNOTS('',1,(#267,#268),.UNSPECIFIED.,.F.,.F.,
  (2,2),(-1.2000006,6.E-07),.PIECEWISE_BEZIER_KNOTS.);
#267 = CARTESIAN_POINT('',(-3.743163075768,-1.2000006));
#268 = CARTESIAN_POINT('',(-3.743163075768,6.E-07));
#269 = ( GEOMETRIC_REPRESENTATION_CONTEXT(2) 
PARAMETRIC_REPRESENTATION_CONTEXT() REPRESENTATION_CONTEXT('2D SPACE',''
  ) );
#270 = PCURVE('',#271,#276);
#271 = PLANE('',#272);
#272 = AXIS2_PLACEMENT_3D('',#273,#274,#275);
#273 = CARTESIAN_POINT('',(-33.66739633251,-19.89048577057,0.));
#274 = DIRECTION('',(0.61964205304,-0.784884530427,0.));
#275 = DIRECTION('',(-0.784884530427,-0.61964205304,0.));
#276 = DEFINITIONAL_REPRESENTATION('',(#277),#280);
#277 = B_SPLINE_CURVE_WITH_KNOTS('',1,(#278,#279),.UNSPECIFIED.,.F.,.F.,
  (2,2),(-1.2000006,6.E-07),.PIECEWISE_BEZIER_KNOTS.);
#278 = CARTESIAN_POINT('',(39.824805122253,-1.2000006));
#279 = CARTESIAN_POINT('',(39.824805122253,6.E-07));
#280 = ( GEOMETRIC_REPRESENTATION_CONTEXT(2) 
PARAMETRIC_REPRESENTATION_CONTEXT() REPRESENTATION_CONTEXT('2D SPACE',''
  ) );
#281 = ORIENTED_EDGE('',*,*,#282,.T.);
#282 = EDGE_CURVE('',#257,#283,#285,.T.);
#283 = VERTEX_POINT('',#284);
#284 = CARTESIAN_POINT('',(-58.41902824331,-52.80889734795,0.));
#285 = SURFACE_CURVE('',#286,(#291,#298),.PCURVE_S1.);
#286 = CIRCLE('',#287,78.75);
#287 = AXIS2_PLACEMENT_3D('',#288,#289,#290);
#288 = CARTESIAN_POINT('',(0.,0.,0.));
#289 = DIRECTION('',(0.,0.,1.));
#290 = DIRECTION('',(1.,0.,0.));
#291 = PCURVE('',#32,#292);
#292 = DEFINITIONAL_REPRESENTATION('',(#293),#297);
#293 = LINE('',#294,#295);
#294 = CARTESIAN_POINT('',(-0.,-0.));
#295 = VECTOR('',#296,1.);
#296 = DIRECTION('',(-1.,-0.));
#297 = ( GEOMETRIC_REPRESENTATION_CONTEXT(2) 
PARAMETRIC_REPRESENTATION_CONTEXT() REPRESENTATION_CONTEXT('2D SPACE',''
  ) );
#298 = PCURVE('',#299,#304);
#299 = PLANE('',#300);
#300 = AXIS2_PLACEMENT_3D('',#301,#302,#303);
#301 = CARTESIAN_POINT('',(-4.4452657007E-15,5.675833553637E-15,0.));
#302 = DIRECTION('',(0.,0.,1.));
#303 = DIRECTION('',(1.,0.,-0.));
#304 = DEFINITIONAL_REPRESENTATION('',(#305),#309);
#305 = CIRCLE('',#306,78.75);
#306 = AXIS2_PLACEMENT_2D('',#307,#308);
#307 = CARTESIAN_POINT('',(4.4452657007E-15,-5.675833553637E-15));
#308 = DIRECTION('',(1.,0.));
#309 = ( GEOMETRIC_REPRESENTATION_CONTEXT(2) 
PARAMETRIC_REPRESENTATION_CONTEXT() REPRESENTATION_CONTEXT('2D SPACE',''
  ) );
#310 = ORIENTED_EDGE('',*,*,#311,.F.);
#311 = EDGE_CURVE('',#312,#283,#314,.T.);
#312 = VERTEX_POINT('',#313);
#313 = CARTESIAN_POINT('',(-58.41902824331,-52.80889734795,1.2));
#314 = SURFACE_CURVE('',#315,(#319,#325),.PCURVE_S1.);
#315 = LINE('',#316,#317);
#316 = CARTESIAN_POINT('',(-58.41902824331,-52.80889734795,0.));
#317 = VECTOR('',#318,1.);
#318 = DIRECTION('',(-0.,-0.,-1.));
#319 = PCURVE('',#32,#320);
#320 = DEFINITIONAL_REPRESENTATION('',(#321),#324);
#321 = B_SPLINE_CURVE_WITH_KNOTS('',1,(#322,#323),.UNSPECIFIED.,.F.,.F.,
  (2,2),(-1.2000006,6.E-07),.PIECEWISE_BEZIER_KNOTS.);
#322 = CARTESIAN_POINT('',(-3.876595372589,-1.2000006));
#323 = CARTESIAN_POINT('',(-3.876595372589,6.E-07));
#324 = ( GEOMETRIC_REPRESENTATION_CONTEXT(2) 
PARAMETRIC_REPRESENTATION_CONTEXT() REPRESENTATION_CONTEXT('2D SPACE',''
  ) );
#325 = PCURVE('',#326,#331);
#326 = PLANE('',#327);
#327 = AXIS2_PLACEMENT_3D('',#328,#329,#330);
#328 = CARTESIAN_POINT('',(-60.12630505352,-54.15673956776,0.));
#329 = DIRECTION('',(-0.61964205304,0.784884530427,0.));
#330 = DIRECTION('',(0.784884530427,0.61964205304,0.));
#331 = DEFINITIONAL_REPRESENTATION('',(#332),#335);
#332 = B_SPLINE_CURVE_WITH_KNOTS('',1,(#333,#334),.UNSPECIFIED.,.F.,.F.,
  (2,2),(-1.2000006,6.E-07),.PIECEWISE_BEZIER_KNOTS.);
#333 = CARTESIAN_POINT('',(2.175194877747,-1.2000006));
#334 = CARTESIAN_POINT('',(2.175194877747,6.E-07));
#335 = ( GEOMETRIC_REPRESENTATION_CONTEXT(2) 
PARAMETRIC_REPRESENTATION_CONTEXT() REPRESENTATION_CONTEXT('2D SPACE',''
  ) );
#336 = ORIENTED_EDGE('',*,*,#337,.F.);
#337 = EDGE_CURVE('',#338,#312,#340,.T.);
#338 = VERTEX_POINT('',#339);
#339 = CARTESIAN_POINT('',(78.662094877842,3.719856103316,1.2));
#340 = SURFACE_CURVE('',#341,(#346,#353),.PCURVE_S1.);
#341 = CIRCLE('',#342,78.75);
#342 = AXIS2_PLACEMENT_3D('',#343,#344,#345);
#343 = CARTESIAN_POINT('',(0.,0.,1.2));
#344 = DIRECTION('',(0.,0.,-1.));
#345 = DIRECTION('',(0.998883744481,4.723626797861E-02,0.));
#346 = PCURVE('',#32,#347);
#347 = DEFINITIONAL_REPRESENTATION('',(#348),#352);
#348 = LINE('',#349,#350);
#349 = CARTESIAN_POINT('',(-6.330439158925,-1.2));
#350 = VECTOR('',#351,1.);
#351 = DIRECTION('',(1.,-0.));
#352 = ( GEOMETRIC_REPRESENTATION_CONTEXT(2) 
PARAMETRIC_REPRESENTATION_CONTEXT() REPRESENTATION_CONTEXT('2D SPACE',''
  ) );
#353 = PCURVE('',#354,#359);
#354 = PLANE('',#355);
#355 = AXIS2_PLACEMENT_3D('',#356,#357,#358);
#356 = CARTESIAN_POINT('',(-4.4452657007E-15,5.675833553637E-15,1.2));
#357 = DIRECTION('',(0.,0.,1.));
#358 = DIRECTION('',(1.,0.,-0.));
#359 = DEFINITIONAL_REPRESENTATION('',(#360),#368);
#360 = ( BOUNDED_CURVE() B_SPLINE_CURVE(2,(#361,#362,#363,#364,#365,#366
,#367),.UNSPECIFIED.,.T.,.F.) B_SPLINE_CURVE_WITH_KNOTS((1,2,2,2,2,1),(
    -2.094395102393,0.,2.094395102393,4.188790204786,6.28318530718,
8.377580409573),.UNSPECIFIED.) CURVE() GEOMETRIC_REPRESENTATION_ITEM() 
RATIONAL_B_SPLINE_CURVE((1.,0.5,1.,0.5,1.,0.5,1.)) REPRESENTATION_ITEM(
  '') );
#361 = CARTESIAN_POINT('',(78.662094877842,3.719856103316));
#362 = CARTESIAN_POINT('',(85.10507464563,-132.5268888549));
#363 = CARTESIAN_POINT('',(-36.10955755502,-69.98330053077));
#364 = CARTESIAN_POINT('',(-157.3241897556,-7.439712206632));
#365 = CARTESIAN_POINT('',(-42.55253732281,66.263444427455));
#366 = CARTESIAN_POINT('',(72.219115110054,139.96660106154));
#367 = CARTESIAN_POINT('',(78.662094877842,3.719856103316));
#368 = ( GEOMETRIC_REPRESENTATION_CONTEXT(2) 
PARAMETRIC_REPRESENTATION_CONTEXT() REPRESENTATION_CONTEXT('2D SPACE',''
  ) );
#369 = ORIENTED_EDGE('',*,*,#370,.T.);
#370 = EDGE_CURVE('',#338,#371,#373,.T.);
#371 = VERTEX_POINT('',#372);
#372 = CARTESIAN_POINT('',(78.662094877842,3.719856103316,0.));
#373 = SURFACE_CURVE('',#374,(#378,#384),.PCURVE_S1.);
#374 = LINE('',#375,#376);
#375 = CARTESIAN_POINT('',(78.662094877842,3.719856103316,0.));
#376 = VECTOR('',#377,1.);
#377 = DIRECTION('',(-0.,-0.,-1.));
#378 = PCURVE('',#32,#379);
#379 = DEFINITIONAL_REPRESENTATION('',(#380),#383);
#380 = B_SPLINE_CURVE_WITH_KNOTS('',1,(#381,#382),.UNSPECIFIED.,.F.,.F.,
  (2,2),(-1.2,0.),.PIECEWISE_BEZIER_KNOTS.);
#381 = CARTESIAN_POINT('',(-6.330439158925,-1.2));
#382 = CARTESIAN_POINT('',(-6.330439158925,0.));
#383 = ( GEOMETRIC_REPRESENTATION_CONTEXT(2) 
PARAMETRIC_REPRESENTATION_CONTEXT() REPRESENTATION_CONTEXT('2D SPACE',''
  ) );
#384 = PCURVE('',#385,#390);
#385 = PLANE('',#386);
#386 = AXIS2_PLACEMENT_3D('',#387,#388,#389);
#387 = CARTESIAN_POINT('',(39.095655312693,-0.809157383396,0.));
#388 = DIRECTION('',(-0.113723431234,0.993512446418,0.));
#389 = DIRECTION('',(0.993512446418,0.113723431234,0.));
#390 = DEFINITIONAL_REPRESENTATION('',(#391),#394);
#391 = B_SPLINE_CURVE_WITH_KNOTS('',1,(#392,#393),.UNSPECIFIED.,.F.,.F.,
  (2,2),(-1.2000006,6.E-07),.PIECEWISE_BEZIER_KNOTS.);
#392 = CARTESIAN_POINT('',(39.824805122253,-1.2000006));
#393 = CARTESIAN_POINT('',(39.824805122253,6.E-07));
#394 = ( GEOMETRIC_REPRESENTATION_CONTEXT(2) 
PARAMETRIC_REPRESENTATION_CONTEXT() REPRESENTATION_CONTEXT('2D SPACE',''
  ) );
#395 = ORIENTED_EDGE('',*,*,#396,.F.);
#396 = EDGE_CURVE('',#397,#371,#399,.T.);
#397 = VERTEX_POINT('',#398);
#398 = CARTESIAN_POINT('',(78.75,0.,0.));
#399 = SEAM_CURVE('',#400,(#405,#412),.PCURVE_S1.);
#400 = CIRCLE('',#401,78.75);
#401 = AXIS2_PLACEMENT_3D('',#402,#403,#404);
#402 = CARTESIAN_POINT('',(0.,0.,0.));
#403 = DIRECTION('',(0.,-0.,1.));
#404 = DIRECTION('',(0.983720620316,0.179704594168,0.));
#405 = PCURVE('',#32,#406);
#406 = DEFINITIONAL_REPRESENTATION('',(#407),#411);
#407 = LINE('',#408,#409);
#408 = CARTESIAN_POINT('',(-0.180686148565,0.));
#409 = VECTOR('',#410,1.);
#410 = DIRECTION('',(-1.,0.));
#411 = ( GEOMETRIC_REPRESENTATION_CONTEXT(2) 
PARAMETRIC_REPRESENTATION_CONTEXT() REPRESENTATION_CONTEXT('2D SPACE',''
  ) );
#412 = PCURVE('',#32,#413);
#413 = DEFINITIONAL_REPRESENTATION('',(#414),#417);
#414 = B_SPLINE_CURVE_WITH_KNOTS('',1,(#415,#416),.UNSPECIFIED.,.F.,.F.,
  (2,2),(6.102499158614,6.149753010359),.PIECEWISE_BEZIER_KNOTS.);
#415 = CARTESIAN_POINT('',(0.,0.));
#416 = CARTESIAN_POINT('',(-4.7253851745E-02,0.));
#417 = ( GEOMETRIC_REPRESENTATION_CONTEXT(2) 
PARAMETRIC_REPRESENTATION_CONTEXT() REPRESENTATION_CONTEXT('2D SPACE',''
  ) );
#418 = ORIENTED_EDGE('',*,*,#419,.T.);
#419 = EDGE_CURVE('',#397,#420,#422,.T.);
#420 = VERTEX_POINT('',#421);
#421 = CARTESIAN_POINT('',(78.75,0.,-10.));
#422 = SEAM_CURVE('',#423,(#427,#434),.PCURVE_S1.);
#423 = LINE('',#424,#425);
#424 = CARTESIAN_POINT('',(78.75,0.,0.));
#425 = VECTOR('',#426,1.);
#426 = DIRECTION('',(-0.,-0.,-1.));
#427 = PCURVE('',#32,#428);
#428 = DEFINITIONAL_REPRESENTATION('',(#429),#433);
#429 = LINE('',#430,#431);
#430 = CARTESIAN_POINT('',(-6.28318530718,-0.));
#431 = VECTOR('',#432,1.);
#432 = DIRECTION('',(0.,1.));
#433 = ( GEOMETRIC_REPRESENTATION_CONTEXT(2) 
PARAMETRIC_REPRESENTATION_CONTEXT() REPRESENTATION_CONTEXT('2D SPACE',''
  ) );
#434 = PCURVE('',#32,#435);
#435 = DEFINITIONAL_REPRESENTATION('',(#436),#440);
#436 = LINE('',#437,#438);
#437 = CARTESIAN_POINT('',(-0.,-0.));
#438 = VECTOR('',#439,1.);
#439 = DIRECTION('',(0.,1.));
#440 = ( GEOMETRIC_REPRESENTATION_CONTEXT(2) 
PARAMETRIC_REPRESENTATION_CONTEXT() REPRESENTATION_CONTEXT('2D SPACE',''
  ) );
#441 = ORIENTED_EDGE('',*,*,#442,.F.);
#442 = EDGE_CURVE('',#420,#420,#443,.T.);
#443 = SURFACE_CURVE('',#444,(#449,#456),.PCURVE_S1.);
#444 = CIRCLE('',#445,78.75);
#445 = AXIS2_PLACEMENT_3D('',#446,#447,#448);
#446 = CARTESIAN_POINT('',(0.,0.,-10.));
#447 = DIRECTION('',(0.,0.,1.));
#448 = DIRECTION('',(1.,0.,0.));
#449 = PCURVE('',#32,#450);
#450 = DEFINITIONAL_REPRESENTATION('',(#451),#455);
#451 = LINE('',#452,#453);
#452 = CARTESIAN_POINT('',(0.,10.));
#453 = VECTOR('',#454,1.);
#454 = DIRECTION('',(-1.,-0.));
#455 = ( GEOMETRIC_REPRESENTATION_CONTEXT(2) 
PARAMETRIC_REPRESENTATION_CONTEXT() REPRESENTATION_CONTEXT('2D SPACE',''
  ) );
#456 = PCURVE('',#457,#462);
#457 = PLANE('',#458);
#458 = AXIS2_PLACEMENT_3D('',#459,#460,#461);
#459 = CARTESIAN_POINT('',(-4.4452657007E-15,5.675833553637E-15,-10.));
#460 = DIRECTION('',(0.,0.,1.));
#461 = DIRECTION('',(1.,0.,-0.));
#462 = DEFINITIONAL_REPRESENTATION('',(#463),#467);
#463 = CIRCLE('',#464,78.75);
#464 = AXIS2_PLACEMENT_2D('',#465,#466);
#465 = CARTESIAN_POINT('',(4.4452657007E-15,-5.675833553637E-15));
#466 = DIRECTION('',(1.,0.));
#467 = ( GEOMETRIC_REPRESENTATION_CONTEXT(2) 
PARAMETRIC_REPRESENTATION_CONTEXT() REPRESENTATION_CONTEXT('2D SPACE',''
  ) );
#468 = ORIENTED_EDGE('',*,*,#419,.F.);
#469 = ORIENTED_EDGE('',*,*,#396,.T.);
#470 = ORIENTED_EDGE('',*,*,#471,.T.);
#471 = EDGE_CURVE('',#371,#472,#474,.T.);
#472 = VERTEX_POINT('',#473);
#473 = CARTESIAN_POINT('',(77.467998849889,14.15173679071,0.));
#474 = SURFACE_CURVE('',#475,(#480,#487),.PCURVE_S1.);
#475 = CIRCLE('',#476,78.75);
#476 = AXIS2_PLACEMENT_3D('',#477,#478,#479);
#477 = CARTESIAN_POINT('',(0.,0.,0.));
#478 = DIRECTION('',(0.,0.,1.));
#479 = DIRECTION('',(1.,0.,0.));
#480 = PCURVE('',#32,#481);
#481 = DEFINITIONAL_REPRESENTATION('',(#482),#486);
#482 = LINE('',#483,#484);
#483 = CARTESIAN_POINT('',(-0.,-0.));
#484 = VECTOR('',#485,1.);
#485 = DIRECTION('',(-1.,-0.));
#486 = ( GEOMETRIC_REPRESENTATION_CONTEXT(2) 
PARAMETRIC_REPRESENTATION_CONTEXT() REPRESENTATION_CONTEXT('2D SPACE',''
  ) );
#487 = PCURVE('',#488,#493);
#488 = PLANE('',#489);
#489 = AXIS2_PLACEMENT_3D('',#490,#491,#492);
#490 = CARTESIAN_POINT('',(-4.4452657007E-15,5.675833553637E-15,0.));
#491 = DIRECTION('',(0.,0.,1.));
#492 = DIRECTION('',(1.,0.,-0.));
#493 = DEFINITIONAL_REPRESENTATION('',(#494),#498);
#494 = CIRCLE('',#495,78.75);
#495 = AXIS2_PLACEMENT_2D('',#496,#497);
#496 = CARTESIAN_POINT('',(4.4452657007E-15,-5.675833553637E-15));
#497 = DIRECTION('',(1.,0.));
#498 = ( GEOMETRIC_REPRESENTATION_CONTEXT(2) 
PARAMETRIC_REPRESENTATION_CONTEXT() REPRESENTATION_CONTEXT('2D SPACE',''
  ) );
#499 = ORIENTED_EDGE('',*,*,#500,.F.);
#500 = EDGE_CURVE('',#501,#472,#503,.T.);
#501 = VERTEX_POINT('',#502);
#502 = CARTESIAN_POINT('',(77.467998849889,14.15173679071,1.2));
#503 = SURFACE_CURVE('',#504,(#508,#514),.PCURVE_S1.);
#504 = LINE('',#505,#506);
#505 = CARTESIAN_POINT('',(77.467998849889,14.15173679071,0.));
#506 = VECTOR('',#507,1.);
#507 = DIRECTION('',(-0.,-0.,-1.));
#508 = PCURVE('',#32,#509);
#509 = DEFINITIONAL_REPRESENTATION('',(#510),#513);
#510 = B_SPLINE_CURVE_WITH_KNOTS('',1,(#511,#512),.UNSPECIFIED.,.F.,.F.,
  (2,2),(-1.2,0.),.PIECEWISE_BEZIER_KNOTS.);
#511 = CARTESIAN_POINT('',(-0.180686148565,-1.2));
#512 = CARTESIAN_POINT('',(-0.180686148565,0.));
#513 = ( GEOMETRIC_REPRESENTATION_CONTEXT(2) 
PARAMETRIC_REPRESENTATION_CONTEXT() REPRESENTATION_CONTEXT('2D SPACE',''
  ) );
#514 = PCURVE('',#515,#520);
#515 = PLANE('',#516);
#516 = AXIS2_PLACEMENT_3D('',#517,#518,#519);
#517 = CARTESIAN_POINT('',(79.629082034317,14.399107415809,0.));
#518 = DIRECTION('',(0.113723431234,-0.993512446418,0.));
#519 = DIRECTION('',(-0.993512446418,-0.113723431234,0.));
#520 = DEFINITIONAL_REPRESENTATION('',(#521),#524);
#521 = B_SPLINE_CURVE_WITH_KNOTS('',1,(#522,#523),.UNSPECIFIED.,.F.,.F.,
  (2,2),(-1.2000006,6.E-07),.PIECEWISE_BEZIER_KNOTS.);
#522 = CARTESIAN_POINT('',(2.175194877747,-1.2000006));
#523 = CARTESIAN_POINT('',(2.175194877747,6.E-07));
#524 = ( GEOMETRIC_REPRESENTATION_CONTEXT(2) 
PARAMETRIC_REPRESENTATION_CONTEXT() REPRESENTATION_CONTEXT('2D SPACE',''
  ) );
#525 = ORIENTED_EDGE('',*,*,#526,.F.);
#526 = EDGE_CURVE('',#22,#501,#527,.T.);
#527 = SURFACE_CURVE('',#528,(#533,#540),.PCURVE_S1.);
#528 = CIRCLE('',#529,78.75);
#529 = AXIS2_PLACEMENT_3D('',#530,#531,#532);
#530 = CARTESIAN_POINT('',(0.,0.,1.2));
#531 = DIRECTION('',(0.,0.,-1.));
#532 = DIRECTION('',(0.998883744481,4.723626797861E-02,0.));
#533 = PCURVE('',#32,#534);
#534 = DEFINITIONAL_REPRESENTATION('',(#535),#539);
#535 = LINE('',#536,#537);
#536 = CARTESIAN_POINT('',(-6.330439158925,-1.2));
#537 = VECTOR('',#538,1.);
#538 = DIRECTION('',(1.,-0.));
#539 = ( GEOMETRIC_REPRESENTATION_CONTEXT(2) 
PARAMETRIC_REPRESENTATION_CONTEXT() REPRESENTATION_CONTEXT('2D SPACE',''
  ) );
#540 = PCURVE('',#541,#546);
#541 = PLANE('',#542);
#542 = AXIS2_PLACEMENT_3D('',#543,#544,#545);
#543 = CARTESIAN_POINT('',(-4.4452657007E-15,5.675833553637E-15,1.2));
#544 = DIRECTION('',(0.,0.,1.));
#545 = DIRECTION('',(1.,0.,-0.));
#546 = DEFINITIONAL_REPRESENTATION('',(#547),#555);
#547 = ( BOUNDED_CURVE() B_SPLINE_CURVE(2,(#548,#549,#550,#551,#552,#553
,#554),.UNSPECIFIED.,.T.,.F.) B_SPLINE_CURVE_WITH_KNOTS((1,2,2,2,2,1),(
    -2.094395102393,0.,2.094395102393,4.188790204786,6.28318530718,
8.377580409573),.UNSPECIFIED.) CURVE() GEOMETRIC_REPRESENTATION_ITEM() 
RATIONAL_B_SPLINE_CURVE((1.,0.5,1.,0.5,1.,0.5,1.)) REPRESENTATION_ITEM(
  '') );
#548 = CARTESIAN_POINT('',(78.662094877842,3.719856103316));
#549 = CARTESIAN_POINT('',(85.10507464563,-132.5268888549));
#550 = CARTESIAN_POINT('',(-36.10955755502,-69.98330053077));
#551 = CARTESIAN_POINT('',(-157.3241897556,-7.439712206632));
#552 = CARTESIAN_POINT('',(-42.55253732281,66.263444427455));
#553 = CARTESIAN_POINT('',(72.219115110054,139.96660106154));
#554 = CARTESIAN_POINT('',(78.662094877842,3.719856103316));
#555 = ( GEOMETRIC_REPRESENTATION_CONTEXT(2) 
PARAMETRIC_REPRESENTATION_CONTEXT() REPRESENTATION_CONTEXT('2D SPACE',''
  ) );
#556 = ADVANCED_FACE('',(#557),#43,.T.);
#557 = FACE_BOUND('',#558,.T.);
#558 = EDGE_LOOP('',(#559,#580,#581,#603,#629,#656));
#559 = ORIENTED_EDGE('',*,*,#560,.F.);
#560 = EDGE_CURVE('',#22,#561,#563,.T.);
#561 = VERTEX_POINT('',#562);
#562 = CARTESIAN_POINT('',(14.125779967921,38.223354644744,1.2));
#563 = SURFACE_CURVE('',#564,(#568,#574),.PCURVE_S1.);
#564 = LINE('',#565,#566);
#565 = CARTESIAN_POINT('',(9.436783362249,17.717230166535,1.2));
#566 = VECTOR('',#567,1.);
#567 = DIRECTION('',(-0.222909846572,-0.974839063795,0.));
#568 = PCURVE('',#43,#569);
#569 = DEFINITIONAL_REPRESENTATION('',(#570),#573);
#570 = B_SPLINE_CURVE_WITH_KNOTS('',1,(#571,#572),.UNSPECIFIED.,.F.,.F.,
  (2,2),(-61.375,-19.375),.PIECEWISE_BEZIER_KNOTS.);
#571 = CARTESIAN_POINT('',(42.,-1.2));
#572 = CARTESIAN_POINT('',(0.,-1.2));
#573 = ( GEOMETRIC_REPRESENTATION_CONTEXT(2) 
PARAMETRIC_REPRESENTATION_CONTEXT() REPRESENTATION_CONTEXT('2D SPACE',''
  ) );
#574 = PCURVE('',#541,#575);
#575 = DEFINITIONAL_REPRESENTATION('',(#576),#579);
#576 = B_SPLINE_CURVE_WITH_KNOTS('',1,(#577,#578),.UNSPECIFIED.,.F.,.F.,
  (2,2),(-61.375,-19.375),.PIECEWISE_BEZIER_KNOTS.);
#577 = CARTESIAN_POINT('',(23.117875195574,77.547977706977));
#578 = CARTESIAN_POINT('',(13.755661639571,36.604737027571));
#579 = ( GEOMETRIC_REPRESENTATION_CONTEXT(2) 
PARAMETRIC_REPRESENTATION_CONTEXT() REPRESENTATION_CONTEXT('2D SPACE',''
  ) );
#580 = ORIENTED_EDGE('',*,*,#21,.T.);
#581 = ORIENTED_EDGE('',*,*,#582,.T.);
#582 = EDGE_CURVE('',#24,#583,#585,.T.);
#583 = VERTEX_POINT('',#584);
#584 = CARTESIAN_POINT('',(22.364905347792,74.255057125992,0.));
#585 = SURFACE_CURVE('',#586,(#590,#596),.PCURVE_S1.);
#586 = LINE('',#587,#588);
#587 = CARTESIAN_POINT('',(9.436783362249,17.717230166535,0.));
#588 = VECTOR('',#589,1.);
#589 = DIRECTION('',(-0.222909846572,-0.974839063795,0.));
#590 = PCURVE('',#43,#591);
#591 = DEFINITIONAL_REPRESENTATION('',(#592),#595);
#592 = B_SPLINE_CURVE_WITH_KNOTS('',1,(#593,#594),.UNSPECIFIED.,.F.,.F.,
  (2,2),(-61.375,-19.375),.PIECEWISE_BEZIER_KNOTS.);
#593 = CARTESIAN_POINT('',(42.,0.));
#594 = CARTESIAN_POINT('',(0.,0.));
#595 = ( GEOMETRIC_REPRESENTATION_CONTEXT(2) 
PARAMETRIC_REPRESENTATION_CONTEXT() REPRESENTATION_CONTEXT('2D SPACE',''
  ) );
#596 = PCURVE('',#71,#597);
#597 = DEFINITIONAL_REPRESENTATION('',(#598),#602);
#598 = LINE('',#599,#600);
#599 = CARTESIAN_POINT('',(9.436783362249,17.717230166535));
#600 = VECTOR('',#601,1.);
#601 = DIRECTION('',(-0.222909846572,-0.974839063795));
#602 = ( GEOMETRIC_REPRESENTATION_CONTEXT(2) 
PARAMETRIC_REPRESENTATION_CONTEXT() REPRESENTATION_CONTEXT('2D SPACE',''
  ) );
#603 = ORIENTED_EDGE('',*,*,#604,.T.);
#604 = EDGE_CURVE('',#583,#605,#607,.T.);
#605 = VERTEX_POINT('',#606);
#606 = CARTESIAN_POINT('',(14.39545467465,39.402707834743,0.));
#607 = SURFACE_CURVE('',#608,(#612,#618),.PCURVE_S1.);
#608 = LINE('',#609,#610);
#609 = CARTESIAN_POINT('',(9.436783362249,17.717230166535,0.));
#610 = VECTOR('',#611,1.);
#611 = DIRECTION('',(-0.222909846572,-0.974839063795,0.));
#612 = PCURVE('',#43,#613);
#613 = DEFINITIONAL_REPRESENTATION('',(#614),#617);
#614 = B_SPLINE_CURVE_WITH_KNOTS('',1,(#615,#616),.UNSPECIFIED.,.F.,.F.,
  (2,2),(-61.375,-19.375),.PIECEWISE_BEZIER_KNOTS.);
#615 = CARTESIAN_POINT('',(42.,0.));
#616 = CARTESIAN_POINT('',(0.,0.));
#617 = ( GEOMETRIC_REPRESENTATION_CONTEXT(2) 
PARAMETRIC_REPRESENTATION_CONTEXT() REPRESENTATION_CONTEXT('2D SPACE',''
  ) );
#618 = PCURVE('',#619,#624);
#619 = PLANE('',#620);
#620 = AXIS2_PLACEMENT_3D('',#621,#622,#623);
#621 = CARTESIAN_POINT('',(-4.4452657007E-15,5.675833553637E-15,0.));
#622 = DIRECTION('',(0.,0.,1.));
#623 = DIRECTION('',(1.,0.,-0.));
#624 = DEFINITIONAL_REPRESENTATION('',(#625),#628);
#625 = B_SPLINE_CURVE_WITH_KNOTS('',1,(#626,#627),.UNSPECIFIED.,.F.,.F.,
  (2,2),(-61.375,-19.375),.PIECEWISE_BEZIER_KNOTS.);
#626 = CARTESIAN_POINT('',(23.117875195574,77.547977706977));
#627 = CARTESIAN_POINT('',(13.755661639571,36.604737027571));
#628 = ( GEOMETRIC_REPRESENTATION_CONTEXT(2) 
PARAMETRIC_REPRESENTATION_CONTEXT() REPRESENTATION_CONTEXT('2D SPACE',''
  ) );
#629 = ORIENTED_EDGE('',*,*,#630,.T.);
#630 = EDGE_CURVE('',#605,#631,#633,.T.);
#631 = VERTEX_POINT('',#632);
#632 = CARTESIAN_POINT('',(14.125779967921,38.223354644744,0.));
#633 = SURFACE_CURVE('',#634,(#638,#644),.PCURVE_S1.);
#634 = LINE('',#635,#636);
#635 = CARTESIAN_POINT('',(9.436783362249,17.717230166535,0.));
#636 = VECTOR('',#637,1.);
#637 = DIRECTION('',(-0.222909846572,-0.974839063795,0.));
#638 = PCURVE('',#43,#639);
#639 = DEFINITIONAL_REPRESENTATION('',(#640),#643);
#640 = B_SPLINE_CURVE_WITH_KNOTS('',1,(#641,#642),.UNSPECIFIED.,.F.,.F.,
  (2,2),(-61.375,-19.375),.PIECEWISE_BEZIER_KNOTS.);
#641 = CARTESIAN_POINT('',(42.,0.));
#642 = CARTESIAN_POINT('',(0.,0.));
#643 = ( GEOMETRIC_REPRESENTATION_CONTEXT(2) 
PARAMETRIC_REPRESENTATION_CONTEXT() REPRESENTATION_CONTEXT('2D SPACE',''
  ) );
#644 = PCURVE('',#645,#650);
#645 = PLANE('',#646);
#646 = AXIS2_PLACEMENT_3D('',#647,#648,#649);
#647 = CARTESIAN_POINT('',(-3.129302806288E-15,3.73737430051E-16,0.));
#648 = DIRECTION('',(0.,0.,1.));
#649 = DIRECTION('',(1.,0.,-0.));
#650 = DEFINITIONAL_REPRESENTATION('',(#651),#655);
#651 = LINE('',#652,#653);
#652 = CARTESIAN_POINT('',(9.436783362249,17.717230166535));
#653 = VECTOR('',#654,1.);
#654 = DIRECTION('',(-0.222909846572,-0.974839063795));
#655 = ( GEOMETRIC_REPRESENTATION_CONTEXT(2) 
PARAMETRIC_REPRESENTATION_CONTEXT() REPRESENTATION_CONTEXT('2D SPACE',''
  ) );
#656 = ORIENTED_EDGE('',*,*,#657,.F.);
#657 = EDGE_CURVE('',#561,#631,#658,.T.);
#658 = SURFACE_CURVE('',#659,(#663,#669),.PCURVE_S1.);
#659 = LINE('',#660,#661);
#660 = CARTESIAN_POINT('',(14.125779967921,38.223354644744,0.));
#661 = VECTOR('',#662,1.);
#662 = DIRECTION('',(-0.,-0.,-1.));
#663 = PCURVE('',#43,#664);
#664 = DEFINITIONAL_REPRESENTATION('',(#665),#668);
#665 = B_SPLINE_CURVE_WITH_KNOTS('',1,(#666,#667),.UNSPECIFIED.,.F.,.F.,
  (2,2),(-1.2000006,6.E-07),.PIECEWISE_BEZIER_KNOTS.);
#666 = CARTESIAN_POINT('',(1.660394702354,-1.2000006));
#667 = CARTESIAN_POINT('',(1.660394702354,6.E-07));
#668 = ( GEOMETRIC_REPRESENTATION_CONTEXT(2) 
PARAMETRIC_REPRESENTATION_CONTEXT() REPRESENTATION_CONTEXT('2D SPACE',''
  ) );
#669 = PCURVE('',#670,#675);
#670 = CYLINDRICAL_SURFACE('',#671,40.75);
#671 = AXIS2_PLACEMENT_3D('',#672,#673,#674);
#672 = CARTESIAN_POINT('',(3.738235344927E-13,-2.181790905829E-15,0.));
#673 = DIRECTION('',(-0.,-0.,-1.));
#674 = DIRECTION('',(1.,0.,0.));
#675 = DEFINITIONAL_REPRESENTATION('',(#676),#679);
#676 = B_SPLINE_CURVE_WITH_KNOTS('',1,(#677,#678),.UNSPECIFIED.,.F.,.F.,
  (2,2),(-1.2000006,6.E-07),.PIECEWISE_BEZIER_KNOTS.);
#677 = CARTESIAN_POINT('',(-1.21680446961,-1.2000006));
#678 = CARTESIAN_POINT('',(-1.21680446961,6.E-07));
#679 = ( GEOMETRIC_REPRESENTATION_CONTEXT(2) 
PARAMETRIC_REPRESENTATION_CONTEXT() REPRESENTATION_CONTEXT('2D SPACE',''
  ) );
#680 = ADVANCED_FACE('',(#681),#71,.T.);
#681 = FACE_BOUND('',#682,.T.);
#682 = EDGE_LOOP('',(#683,#684,#685,#707));
#683 = ORIENTED_EDGE('',*,*,#582,.F.);
#684 = ORIENTED_EDGE('',*,*,#54,.T.);
#685 = ORIENTED_EDGE('',*,*,#686,.F.);
#686 = EDGE_CURVE('',#687,#55,#689,.T.);
#687 = VERTEX_POINT('',#688);
#688 = CARTESIAN_POINT('',(12.129095177941,76.595610514993,0.));
#689 = SURFACE_CURVE('',#690,(#694,#701),.PCURVE_S1.);
#690 = LINE('',#691,#692);
#691 = CARTESIAN_POINT('',(3.882079970399,40.529403895239,0.));
#692 = VECTOR('',#693,1.);
#693 = DIRECTION('',(0.222909846572,0.974839063795,-0.));
#694 = PCURVE('',#71,#695);
#695 = DEFINITIONAL_REPRESENTATION('',(#696),#700);
#696 = LINE('',#697,#698);
#697 = CARTESIAN_POINT('',(3.882079970399,40.529403895239));
#698 = VECTOR('',#699,1.);
#699 = DIRECTION('',(0.222909846572,0.974839063795));
#700 = ( GEOMETRIC_REPRESENTATION_CONTEXT(2) 
PARAMETRIC_REPRESENTATION_CONTEXT() REPRESENTATION_CONTEXT('2D SPACE',''
  ) );
#701 = PCURVE('',#98,#702);
#702 = DEFINITIONAL_REPRESENTATION('',(#703),#706);
#703 = B_SPLINE_CURVE_WITH_KNOTS('',1,(#704,#705),.UNSPECIFIED.,.F.,.F.,
  (2,2),(-1.625,39.20708301938),.PIECEWISE_BEZIER_KNOTS.);
#704 = CARTESIAN_POINT('',(42.,0.));
#705 = CARTESIAN_POINT('',(1.16791698062,0.));
#706 = ( GEOMETRIC_REPRESENTATION_CONTEXT(2) 
PARAMETRIC_REPRESENTATION_CONTEXT() REPRESENTATION_CONTEXT('2D SPACE',''
  ) );
#707 = ORIENTED_EDGE('',*,*,#708,.F.);
#708 = EDGE_CURVE('',#583,#687,#709,.T.);
#709 = SURFACE_CURVE('',#710,(#715,#722),.PCURVE_S1.);
#710 = CIRCLE('',#711,77.55);
#711 = AXIS2_PLACEMENT_3D('',#712,#713,#714);
#712 = CARTESIAN_POINT('',(3.738235344927E-13,-2.181790905829E-15,0.));
#713 = DIRECTION('',(0.,0.,1.));
#714 = DIRECTION('',(1.,0.,0.));
#715 = PCURVE('',#71,#716);
#716 = DEFINITIONAL_REPRESENTATION('',(#717),#721);
#717 = CIRCLE('',#718,77.55);
#718 = AXIS2_PLACEMENT_2D('',#719,#720);
#719 = CARTESIAN_POINT('',(3.782688001934E-13,-7.857624459466E-15));
#720 = DIRECTION('',(1.,0.));
#721 = ( GEOMETRIC_REPRESENTATION_CONTEXT(2) 
PARAMETRIC_REPRESENTATION_CONTEXT() REPRESENTATION_CONTEXT('2D SPACE',''
  ) );
#722 = PCURVE('',#723,#728);
#723 = CYLINDRICAL_SURFACE('',#724,77.55);
#724 = AXIS2_PLACEMENT_3D('',#725,#726,#727);
#725 = CARTESIAN_POINT('',(3.738235344927E-13,-2.181790905829E-15,0.));
#726 = DIRECTION('',(0.,0.,1.));
#727 = DIRECTION('',(1.,0.,0.));
#728 = DEFINITIONAL_REPRESENTATION('',(#729),#733);
#729 = LINE('',#730,#731);
#730 = CARTESIAN_POINT('',(0.,0.));
#731 = VECTOR('',#732,1.);
#732 = DIRECTION('',(1.,0.));
#733 = ( GEOMETRIC_REPRESENTATION_CONTEXT(2) 
PARAMETRIC_REPRESENTATION_CONTEXT() REPRESENTATION_CONTEXT('2D SPACE',''
  ) );
#734 = ADVANCED_FACE('',(#735),#98,.T.);
#735 = FACE_BOUND('',#736,.T.);
#736 = EDGE_LOOP('',(#737,#738,#759,#785,#807,#831));
#737 = ORIENTED_EDGE('',*,*,#83,.F.);
#738 = ORIENTED_EDGE('',*,*,#739,.F.);
#739 = EDGE_CURVE('',#740,#84,#742,.T.);
#740 = VERTEX_POINT('',#741);
#741 = CARTESIAN_POINT('',(3.88996979807,40.563908033745,1.2));
#742 = SURFACE_CURVE('',#743,(#747,#753),.PCURVE_S1.);
#743 = LINE('',#744,#745);
#744 = CARTESIAN_POINT('',(3.882079970399,40.529403895239,1.2));
#745 = VECTOR('',#746,1.);
#746 = DIRECTION('',(0.222909846572,0.974839063795,-0.));
#747 = PCURVE('',#98,#748);
#748 = DEFINITIONAL_REPRESENTATION('',(#749),#752);
#749 = B_SPLINE_CURVE_WITH_KNOTS('',1,(#750,#751),.UNSPECIFIED.,.F.,.F.,
  (2,2),(-1.625,39.20708301938),.PIECEWISE_BEZIER_KNOTS.);
#750 = CARTESIAN_POINT('',(42.,-1.2));
#751 = CARTESIAN_POINT('',(1.16791698062,-1.2));
#752 = ( GEOMETRIC_REPRESENTATION_CONTEXT(2) 
PARAMETRIC_REPRESENTATION_CONTEXT() REPRESENTATION_CONTEXT('2D SPACE',''
  ) );
#753 = PCURVE('',#126,#754);
#754 = DEFINITIONAL_REPRESENTATION('',(#755),#758);
#755 = B_SPLINE_CURVE_WITH_KNOTS('',1,(#756,#757),.UNSPECIFIED.,.F.,.F.,
  (2,2),(-1.625,39.20708301938),.PIECEWISE_BEZIER_KNOTS.);
#756 = CARTESIAN_POINT('',(3.51985146972,38.945290416572));
#757 = CARTESIAN_POINT('',(12.621724830765,78.75));
#758 = ( GEOMETRIC_REPRESENTATION_CONTEXT(2) 
PARAMETRIC_REPRESENTATION_CONTEXT() REPRESENTATION_CONTEXT('2D SPACE',''
  ) );
#759 = ORIENTED_EDGE('',*,*,#760,.T.);
#760 = EDGE_CURVE('',#740,#761,#763,.T.);
#761 = VERTEX_POINT('',#762);
#762 = CARTESIAN_POINT('',(3.88996979807,40.563908033745,0.));
#763 = SURFACE_CURVE('',#764,(#768,#774),.PCURVE_S1.);
#764 = LINE('',#765,#766);
#765 = CARTESIAN_POINT('',(3.88996979807,40.563908033745,0.));
#766 = VECTOR('',#767,1.);
#767 = DIRECTION('',(-0.,-0.,-1.));
#768 = PCURVE('',#98,#769);
#769 = DEFINITIONAL_REPRESENTATION('',(#770),#773);
#770 = B_SPLINE_CURVE_WITH_KNOTS('',1,(#771,#772),.UNSPECIFIED.,.F.,.F.,
  (2,2),(-1.2000006,6.E-07),.PIECEWISE_BEZIER_KNOTS.);
#771 = CARTESIAN_POINT('',(40.339605297646,-1.2000006));
#772 = CARTESIAN_POINT('',(40.339605297646,6.E-07));
#773 = ( GEOMETRIC_REPRESENTATION_CONTEXT(2) 
PARAMETRIC_REPRESENTATION_CONTEXT() REPRESENTATION_CONTEXT('2D SPACE',''
  ) );
#774 = PCURVE('',#775,#780);
#775 = CYLINDRICAL_SURFACE('',#776,40.75);
#776 = AXIS2_PLACEMENT_3D('',#777,#778,#779);
#777 = CARTESIAN_POINT('',(3.738235344927E-13,-2.181790905829E-15,0.));
#778 = DIRECTION('',(-0.,-0.,-1.));
#779 = DIRECTION('',(1.,0.,0.));
#780 = DEFINITIONAL_REPRESENTATION('',(#781),#784);
#781 = B_SPLINE_CURVE_WITH_KNOTS('',1,(#782,#783),.UNSPECIFIED.,.F.,.F.,
  (2,2),(-1.2000006,6.E-07),.PIECEWISE_BEZIER_KNOTS.);
#782 = CARTESIAN_POINT('',(-1.475191368666,-1.2000006));
#783 = CARTESIAN_POINT('',(-1.475191368666,6.E-07));
#784 = ( GEOMETRIC_REPRESENTATION_CONTEXT(2) 
PARAMETRIC_REPRESENTATION_CONTEXT() REPRESENTATION_CONTEXT('2D SPACE',''
  ) );
#785 = ORIENTED_EDGE('',*,*,#786,.T.);
#786 = EDGE_CURVE('',#761,#787,#789,.T.);
#787 = VERTEX_POINT('',#788);
#788 = CARTESIAN_POINT('',(4.159644504798,41.743261223744,0.));
#789 = SURFACE_CURVE('',#790,(#794,#800),.PCURVE_S1.);
#790 = LINE('',#791,#792);
#791 = CARTESIAN_POINT('',(3.882079970399,40.529403895239,0.));
#792 = VECTOR('',#793,1.);
#793 = DIRECTION('',(0.222909846572,0.974839063795,-0.));
#794 = PCURVE('',#98,#795);
#795 = DEFINITIONAL_REPRESENTATION('',(#796),#799);
#796 = B_SPLINE_CURVE_WITH_KNOTS('',1,(#797,#798),.UNSPECIFIED.,.F.,.F.,
  (2,2),(-1.625,39.20708301938),.PIECEWISE_BEZIER_KNOTS.);
#797 = CARTESIAN_POINT('',(42.,0.));
#798 = CARTESIAN_POINT('',(1.16791698062,0.));
#799 = ( GEOMETRIC_REPRESENTATION_CONTEXT(2) 
PARAMETRIC_REPRESENTATION_CONTEXT() REPRESENTATION_CONTEXT('2D SPACE',''
  ) );
#800 = PCURVE('',#645,#801);
#801 = DEFINITIONAL_REPRESENTATION('',(#802),#806);
#802 = LINE('',#803,#804);
#803 = CARTESIAN_POINT('',(3.882079970399,40.529403895239));
#804 = VECTOR('',#805,1.);
#805 = DIRECTION('',(0.222909846572,0.974839063795));
#806 = ( GEOMETRIC_REPRESENTATION_CONTEXT(2) 
PARAMETRIC_REPRESENTATION_CONTEXT() REPRESENTATION_CONTEXT('2D SPACE',''
  ) );
#807 = ORIENTED_EDGE('',*,*,#808,.T.);
#808 = EDGE_CURVE('',#787,#687,#809,.T.);
#809 = SURFACE_CURVE('',#810,(#814,#820),.PCURVE_S1.);
#810 = LINE('',#811,#812);
#811 = CARTESIAN_POINT('',(3.882079970399,40.529403895239,0.));
#812 = VECTOR('',#813,1.);
#813 = DIRECTION('',(0.222909846572,0.974839063795,-0.));
#814 = PCURVE('',#98,#815);
#815 = DEFINITIONAL_REPRESENTATION('',(#816),#819);
#816 = B_SPLINE_CURVE_WITH_KNOTS('',1,(#817,#818),.UNSPECIFIED.,.F.,.F.,
  (2,2),(-1.625,39.20708301938),.PIECEWISE_BEZIER_KNOTS.);
#817 = CARTESIAN_POINT('',(42.,0.));
#818 = CARTESIAN_POINT('',(1.16791698062,0.));
#819 = ( GEOMETRIC_REPRESENTATION_CONTEXT(2) 
PARAMETRIC_REPRESENTATION_CONTEXT() REPRESENTATION_CONTEXT('2D SPACE',''
  ) );
#820 = PCURVE('',#821,#826);
#821 = PLANE('',#822);
#822 = AXIS2_PLACEMENT_3D('',#823,#824,#825);
#823 = CARTESIAN_POINT('',(-4.4452657007E-15,5.675833553637E-15,0.));
#824 = DIRECTION('',(0.,0.,1.));
#825 = DIRECTION('',(1.,0.,-0.));
#826 = DEFINITIONAL_REPRESENTATION('',(#827),#830);
#827 = B_SPLINE_CURVE_WITH_KNOTS('',1,(#828,#829),.UNSPECIFIED.,.F.,.F.,
  (2,2),(-1.625,39.20708301938),.PIECEWISE_BEZIER_KNOTS.);
#828 = CARTESIAN_POINT('',(3.51985146972,38.945290416572));
#829 = CARTESIAN_POINT('',(12.621724830765,78.75));
#830 = ( GEOMETRIC_REPRESENTATION_CONTEXT(2) 
PARAMETRIC_REPRESENTATION_CONTEXT() REPRESENTATION_CONTEXT('2D SPACE',''
  ) );
#831 = ORIENTED_EDGE('',*,*,#686,.T.);
#832 = ADVANCED_FACE('',(#833),#126,.T.);
#833 = FACE_BOUND('',#834,.T.);
#834 = EDGE_LOOP('',(#835,#859,#860,#861));
#835 = ORIENTED_EDGE('',*,*,#836,.F.);
#836 = EDGE_CURVE('',#740,#837,#839,.T.);
#837 = VERTEX_POINT('',#838);
#838 = CARTESIAN_POINT('',(-31.35201447303,26.031013973387,1.2));
#839 = SURFACE_CURVE('',#840,(#845,#852),.PCURVE_S1.);
#840 = CIRCLE('',#841,40.75);
#841 = AXIS2_PLACEMENT_3D('',#842,#843,#844);
#842 = CARTESIAN_POINT('',(3.738235344927E-13,-2.181790905829E-15,1.2));
#843 = DIRECTION('',(0.,0.,1.));
#844 = DIRECTION('',(1.,0.,0.));
#845 = PCURVE('',#126,#846);
#846 = DEFINITIONAL_REPRESENTATION('',(#847),#851);
#847 = CIRCLE('',#848,40.75);
#848 = AXIS2_PLACEMENT_2D('',#849,#850);
#849 = CARTESIAN_POINT('',(3.782688001934E-13,-7.857624459466E-15));
#850 = DIRECTION('',(1.,0.));
#851 = ( GEOMETRIC_REPRESENTATION_CONTEXT(2) 
PARAMETRIC_REPRESENTATION_CONTEXT() REPRESENTATION_CONTEXT('2D SPACE',''
  ) );
#852 = PCURVE('',#775,#853);
#853 = DEFINITIONAL_REPRESENTATION('',(#854),#858);
#854 = LINE('',#855,#856);
#855 = CARTESIAN_POINT('',(-0.,-1.2));
#856 = VECTOR('',#857,1.);
#857 = DIRECTION('',(-1.,0.));
#858 = ( GEOMETRIC_REPRESENTATION_CONTEXT(2) 
PARAMETRIC_REPRESENTATION_CONTEXT() REPRESENTATION_CONTEXT('2D SPACE',''
  ) );
#859 = ORIENTED_EDGE('',*,*,#739,.T.);
#860 = ORIENTED_EDGE('',*,*,#109,.F.);
#861 = ORIENTED_EDGE('',*,*,#862,.T.);
#862 = EDGE_CURVE('',#110,#837,#863,.T.);
#863 = SURFACE_CURVE('',#864,(#868,#874),.PCURVE_S1.);
#864 = LINE('',#865,#866);
#865 = CARTESIAN_POINT('',(-13.57159818437,14.790701393843,1.2));
#866 = VECTOR('',#867,1.);
#867 = DIRECTION('',(0.845261833222,-0.53435234939,0.));
#868 = PCURVE('',#126,#869);
#869 = DEFINITIONAL_REPRESENTATION('',(#870),#873);
#870 = B_SPLINE_CURVE_WITH_KNOTS('',1,(#871,#872),.UNSPECIFIED.,.F.,.F.,
  (2,2),(-61.375,-19.375),.PIECEWISE_BEZIER_KNOTS.);
#871 = CARTESIAN_POINT('',(-65.44954319836,47.586576837643));
#872 = CARTESIAN_POINT('',(-29.94854620305,25.143778163271));
#873 = ( GEOMETRIC_REPRESENTATION_CONTEXT(2) 
PARAMETRIC_REPRESENTATION_CONTEXT() REPRESENTATION_CONTEXT('2D SPACE',''
  ) );
#874 = PCURVE('',#157,#875);
#875 = DEFINITIONAL_REPRESENTATION('',(#876),#879);
#876 = B_SPLINE_CURVE_WITH_KNOTS('',1,(#877,#878),.UNSPECIFIED.,.F.,.F.,
  (2,2),(-61.375,-19.375),.PIECEWISE_BEZIER_KNOTS.);
#877 = CARTESIAN_POINT('',(42.,-1.2));
#878 = CARTESIAN_POINT('',(0.,-1.2));
#879 = ( GEOMETRIC_REPRESENTATION_CONTEXT(2) 
PARAMETRIC_REPRESENTATION_CONTEXT() REPRESENTATION_CONTEXT('2D SPACE',''
  ) );
#880 = ADVANCED_FACE('',(#881),#157,.T.);
#881 = FACE_BOUND('',#882,.T.);
#882 = EDGE_LOOP('',(#883,#884,#885,#907,#928,#955));
#883 = ORIENTED_EDGE('',*,*,#862,.F.);
#884 = ORIENTED_EDGE('',*,*,#142,.T.);
#885 = ORIENTED_EDGE('',*,*,#886,.T.);
#886 = EDGE_CURVE('',#143,#887,#889,.T.);
#887 = VERTEX_POINT('',#888);
#888 = CARTESIAN_POINT('',(-62.5943231007,45.781581619301,0.));
#889 = SURFACE_CURVE('',#890,(#894,#900),.PCURVE_S1.);
#890 = LINE('',#891,#892);
#891 = CARTESIAN_POINT('',(-13.57159818437,14.790701393843,0.));
#892 = VECTOR('',#893,1.);
#893 = DIRECTION('',(0.845261833222,-0.53435234939,0.));
#894 = PCURVE('',#157,#895);
#895 = DEFINITIONAL_REPRESENTATION('',(#896),#899);
#896 = B_SPLINE_CURVE_WITH_KNOTS('',1,(#897,#898),.UNSPECIFIED.,.F.,.F.,
  (2,2),(-61.375,-19.375),.PIECEWISE_BEZIER_KNOTS.);
#897 = CARTESIAN_POINT('',(42.,0.));
#898 = CARTESIAN_POINT('',(0.,0.));
#899 = ( GEOMETRIC_REPRESENTATION_CONTEXT(2) 
PARAMETRIC_REPRESENTATION_CONTEXT() REPRESENTATION_CONTEXT('2D SPACE',''
  ) );
#900 = PCURVE('',#185,#901);
#901 = DEFINITIONAL_REPRESENTATION('',(#902),#906);
#902 = LINE('',#903,#904);
#903 = CARTESIAN_POINT('',(-13.57159818437,14.790701393843));
#904 = VECTOR('',#905,1.);
#905 = DIRECTION('',(0.845261833222,-0.53435234939));
#906 = ( GEOMETRIC_REPRESENTATION_CONTEXT(2) 
PARAMETRIC_REPRESENTATION_CONTEXT() REPRESENTATION_CONTEXT('2D SPACE',''
  ) );
#907 = ORIENTED_EDGE('',*,*,#908,.T.);
#908 = EDGE_CURVE('',#887,#909,#911,.T.);
#909 = VERTEX_POINT('',#910);
#910 = CARTESIAN_POINT('',(-32.37460607447,26.677469548714,0.));
#911 = SURFACE_CURVE('',#912,(#916,#922),.PCURVE_S1.);
#912 = LINE('',#913,#914);
#913 = CARTESIAN_POINT('',(-13.57159818437,14.790701393843,0.));
#914 = VECTOR('',#915,1.);
#915 = DIRECTION('',(0.845261833222,-0.53435234939,0.));
#916 = PCURVE('',#157,#917);
#917 = DEFINITIONAL_REPRESENTATION('',(#918),#921);
#918 = B_SPLINE_CURVE_WITH_KNOTS('',1,(#919,#920),.UNSPECIFIED.,.F.,.F.,
  (2,2),(-61.375,-19.375),.PIECEWISE_BEZIER_KNOTS.);
#919 = CARTESIAN_POINT('',(42.,0.));
#920 = CARTESIAN_POINT('',(0.,0.));
#921 = ( GEOMETRIC_REPRESENTATION_CONTEXT(2) 
PARAMETRIC_REPRESENTATION_CONTEXT() REPRESENTATION_CONTEXT('2D SPACE',''
  ) );
#922 = PCURVE('',#821,#923);
#923 = DEFINITIONAL_REPRESENTATION('',(#924),#927);
#924 = B_SPLINE_CURVE_WITH_KNOTS('',1,(#925,#926),.UNSPECIFIED.,.F.,.F.,
  (2,2),(-61.375,-19.375),.PIECEWISE_BEZIER_KNOTS.);
#925 = CARTESIAN_POINT('',(-65.44954319836,47.586576837643));
#926 = CARTESIAN_POINT('',(-29.94854620305,25.143778163271));
#927 = ( GEOMETRIC_REPRESENTATION_CONTEXT(2) 
PARAMETRIC_REPRESENTATION_CONTEXT() REPRESENTATION_CONTEXT('2D SPACE',''
  ) );
#928 = ORIENTED_EDGE('',*,*,#929,.T.);
#929 = EDGE_CURVE('',#909,#930,#932,.T.);
#930 = VERTEX_POINT('',#931);
#931 = CARTESIAN_POINT('',(-31.35201447303,26.031013973387,0.));
#932 = SURFACE_CURVE('',#933,(#937,#943),.PCURVE_S1.);
#933 = LINE('',#934,#935);
#934 = CARTESIAN_POINT('',(-13.57159818437,14.790701393843,0.));
#935 = VECTOR('',#936,1.);
#936 = DIRECTION('',(0.845261833222,-0.53435234939,0.));
#937 = PCURVE('',#157,#938);
#938 = DEFINITIONAL_REPRESENTATION('',(#939),#942);
#939 = B_SPLINE_CURVE_WITH_KNOTS('',1,(#940,#941),.UNSPECIFIED.,.F.,.F.,
  (2,2),(-61.375,-19.375),.PIECEWISE_BEZIER_KNOTS.);
#940 = CARTESIAN_POINT('',(42.,0.));
#941 = CARTESIAN_POINT('',(0.,0.));
#942 = ( GEOMETRIC_REPRESENTATION_CONTEXT(2) 
PARAMETRIC_REPRESENTATION_CONTEXT() REPRESENTATION_CONTEXT('2D SPACE',''
  ) );
#943 = PCURVE('',#944,#949);
#944 = PLANE('',#945);
#945 = AXIS2_PLACEMENT_3D('',#946,#947,#948);
#946 = CARTESIAN_POINT('',(-3.129302806288E-15,3.73737430051E-16,0.));
#947 = DIRECTION('',(0.,0.,1.));
#948 = DIRECTION('',(1.,0.,-0.));
#949 = DEFINITIONAL_REPRESENTATION('',(#950),#954);
#950 = LINE('',#951,#952);
#951 = CARTESIAN_POINT('',(-13.57159818437,14.790701393843));
#952 = VECTOR('',#953,1.);
#953 = DIRECTION('',(0.845261833222,-0.53435234939));
#954 = ( GEOMETRIC_REPRESENTATION_CONTEXT(2) 
PARAMETRIC_REPRESENTATION_CONTEXT() REPRESENTATION_CONTEXT('2D SPACE',''
  ) );
#955 = ORIENTED_EDGE('',*,*,#956,.F.);
#956 = EDGE_CURVE('',#837,#930,#957,.T.);
#957 = SURFACE_CURVE('',#958,(#962,#968),.PCURVE_S1.);
#958 = LINE('',#959,#960);
#959 = CARTESIAN_POINT('',(-31.35201447303,26.031013973387,0.));
#960 = VECTOR('',#961,1.);
#961 = DIRECTION('',(-0.,-0.,-1.));
#962 = PCURVE('',#157,#963);
#963 = DEFINITIONAL_REPRESENTATION('',(#964),#967);
#964 = B_SPLINE_CURVE_WITH_KNOTS('',1,(#965,#966),.UNSPECIFIED.,.F.,.F.,
  (2,2),(-1.2000006,6.E-07),.PIECEWISE_BEZIER_KNOTS.);
#965 = CARTESIAN_POINT('',(1.660394702353,-1.2000006));
#966 = CARTESIAN_POINT('',(1.660394702353,6.E-07));
#967 = ( GEOMETRIC_REPRESENTATION_CONTEXT(2) 
PARAMETRIC_REPRESENTATION_CONTEXT() REPRESENTATION_CONTEXT('2D SPACE',''
  ) );
#968 = PCURVE('',#775,#969);
#969 = DEFINITIONAL_REPRESENTATION('',(#970),#973);
#970 = B_SPLINE_CURVE_WITH_KNOTS('',1,(#971,#972),.UNSPECIFIED.,.F.,.F.,
  (2,2),(-1.2000006,6.E-07),.PIECEWISE_BEZIER_KNOTS.);
#971 = CARTESIAN_POINT('',(-2.448657855667,-1.2000006));
#972 = CARTESIAN_POINT('',(-2.448657855667,6.E-07));
#973 = ( GEOMETRIC_REPRESENTATION_CONTEXT(2) 
PARAMETRIC_REPRESENTATION_CONTEXT() REPRESENTATION_CONTEXT('2D SPACE',''
  ) );
#974 = ADVANCED_FACE('',(#975),#185,.T.);
#975 = FACE_BOUND('',#976,.T.);
#976 = EDGE_LOOP('',(#977,#978,#1000,#1022));
#977 = ORIENTED_EDGE('',*,*,#168,.T.);
#978 = ORIENTED_EDGE('',*,*,#979,.F.);
#979 = EDGE_CURVE('',#980,#169,#982,.T.);
#980 = VERTEX_POINT('',#981);
#981 = CARTESIAN_POINT('',(-68.20502276929,36.906332370472,0.));
#982 = SURFACE_CURVE('',#983,(#987,#994),.PCURVE_S1.);
#983 = LINE('',#984,#985);
#984 = CARTESIAN_POINT('',(-36.93279635062,17.136851482199,0.));
#985 = VECTOR('',#986,1.);
#986 = DIRECTION('',(-0.845261833222,0.53435234939,0.));
#987 = PCURVE('',#185,#988);
#988 = DEFINITIONAL_REPRESENTATION('',(#989),#993);
#989 = LINE('',#990,#991);
#990 = CARTESIAN_POINT('',(-36.93279635062,17.136851482199));
#991 = VECTOR('',#992,1.);
#992 = DIRECTION('',(-0.845261833222,0.53435234939));
#993 = ( GEOMETRIC_REPRESENTATION_CONTEXT(2) 
PARAMETRIC_REPRESENTATION_CONTEXT() REPRESENTATION_CONTEXT('2D SPACE',''
  ) );
#994 = PCURVE('',#212,#995);
#995 = DEFINITIONAL_REPRESENTATION('',(#996),#999);
#996 = B_SPLINE_CURVE_WITH_KNOTS('',1,(#997,#998),.UNSPECIFIED.,.F.,.F.,
  (2,2),(-1.625,40.375),.PIECEWISE_BEZIER_KNOTS.);
#997 = CARTESIAN_POINT('',(42.,0.));
#998 = CARTESIAN_POINT('',(0.,0.));
#999 = ( GEOMETRIC_REPRESENTATION_CONTEXT(2) 
PARAMETRIC_REPRESENTATION_CONTEXT() REPRESENTATION_CONTEXT('2D SPACE',''
  ) );
#1000 = ORIENTED_EDGE('',*,*,#1001,.F.);
#1001 = EDGE_CURVE('',#887,#980,#1002,.T.);
#1002 = SURFACE_CURVE('',#1003,(#1008,#1015),.PCURVE_S1.);
#1003 = CIRCLE('',#1004,77.55);
#1004 = AXIS2_PLACEMENT_3D('',#1005,#1006,#1007);
#1005 = CARTESIAN_POINT('',(3.738235344927E-13,-2.181790905829E-15,0.));
#1006 = DIRECTION('',(0.,0.,1.));
#1007 = DIRECTION('',(1.,0.,0.));
#1008 = PCURVE('',#185,#1009);
#1009 = DEFINITIONAL_REPRESENTATION('',(#1010),#1014);
#1010 = CIRCLE('',#1011,77.55);
#1011 = AXIS2_PLACEMENT_2D('',#1012,#1013);
#1012 = CARTESIAN_POINT('',(3.782688001934E-13,-7.857624459466E-15));
#1013 = DIRECTION('',(1.,0.));
#1014 = ( GEOMETRIC_REPRESENTATION_CONTEXT(2) 
PARAMETRIC_REPRESENTATION_CONTEXT() REPRESENTATION_CONTEXT('2D SPACE',''
  ) );
#1015 = PCURVE('',#723,#1016);
#1016 = DEFINITIONAL_REPRESENTATION('',(#1017),#1021);
#1017 = LINE('',#1018,#1019);
#1018 = CARTESIAN_POINT('',(0.,0.));
#1019 = VECTOR('',#1020,1.);
#1020 = DIRECTION('',(1.,0.));
#1021 = ( GEOMETRIC_REPRESENTATION_CONTEXT(2) 
PARAMETRIC_REPRESENTATION_CONTEXT() REPRESENTATION_CONTEXT('2D SPACE',''
  ) );
#1022 = ORIENTED_EDGE('',*,*,#886,.F.);
#1023 = ADVANCED_FACE('',(#1024),#212,.T.);
#1024 = FACE_BOUND('',#1025,.T.);
#1025 = EDGE_LOOP('',(#1026,#1027,#1048,#1074,#1096,#1120));
#1026 = ORIENTED_EDGE('',*,*,#197,.F.);
#1027 = ORIENTED_EDGE('',*,*,#1028,.F.);
#1028 = EDGE_CURVE('',#1029,#198,#1031,.T.);
#1029 = VERTEX_POINT('',#1030);
#1030 = CARTESIAN_POINT('',(-36.96271414162,17.155764724558,1.2));
#1031 = SURFACE_CURVE('',#1032,(#1036,#1042),.PCURVE_S1.);
#1032 = LINE('',#1033,#1034);
#1033 = CARTESIAN_POINT('',(-36.93279635062,17.136851482199,1.2));
#1034 = VECTOR('',#1035,1.);
#1035 = DIRECTION('',(-0.845261833222,0.53435234939,0.));
#1036 = PCURVE('',#212,#1037);
#1037 = DEFINITIONAL_REPRESENTATION('',(#1038),#1041);
#1038 = B_SPLINE_CURVE_WITH_KNOTS('',1,(#1039,#1040),.UNSPECIFIED.,.F.,
  .F.,(2,2),(-1.625,40.375),.PIECEWISE_BEZIER_KNOTS.);
#1039 = CARTESIAN_POINT('',(42.,-1.2));
#1040 = CARTESIAN_POINT('',(0.,-1.2));
#1041 = ( GEOMETRIC_REPRESENTATION_CONTEXT(2) 
PARAMETRIC_REPRESENTATION_CONTEXT() REPRESENTATION_CONTEXT('2D SPACE',''
  ) );
#1042 = PCURVE('',#240,#1043);
#1043 = DEFINITIONAL_REPRESENTATION('',(#1044),#1047);
#1044 = B_SPLINE_CURVE_WITH_KNOTS('',1,(#1045,#1046),.UNSPECIFIED.,.F.,
  .F.,(2,2),(-1.625,40.375),.PIECEWISE_BEZIER_KNOTS.);
#1045 = CARTESIAN_POINT('',(-35.55924587164,16.268528914441));
#1046 = CARTESIAN_POINT('',(-71.06024286696,38.711327588814));
#1047 = ( GEOMETRIC_REPRESENTATION_CONTEXT(2) 
PARAMETRIC_REPRESENTATION_CONTEXT() REPRESENTATION_CONTEXT('2D SPACE',''
  ) );
#1048 = ORIENTED_EDGE('',*,*,#1049,.T.);
#1049 = EDGE_CURVE('',#1029,#1050,#1052,.T.);
#1050 = VERTEX_POINT('',#1051);
#1051 = CARTESIAN_POINT('',(-36.96271414162,17.155764724558,0.));
#1052 = SURFACE_CURVE('',#1053,(#1057,#1063),.PCURVE_S1.);
#1053 = LINE('',#1054,#1055);
#1054 = CARTESIAN_POINT('',(-36.96271414162,17.155764724558,0.));
#1055 = VECTOR('',#1056,1.);
#1056 = DIRECTION('',(-0.,-0.,-1.));
#1057 = PCURVE('',#212,#1058);
#1058 = DEFINITIONAL_REPRESENTATION('',(#1059),#1062);
#1059 = B_SPLINE_CURVE_WITH_KNOTS('',1,(#1060,#1061),.UNSPECIFIED.,.F.,
  .F.,(2,2),(-1.2000006,6.E-07),.PIECEWISE_BEZIER_KNOTS.);
#1060 = CARTESIAN_POINT('',(40.339605297647,-1.2000006));
#1061 = CARTESIAN_POINT('',(40.339605297647,6.E-07));
#1062 = ( GEOMETRIC_REPRESENTATION_CONTEXT(2) 
PARAMETRIC_REPRESENTATION_CONTEXT() REPRESENTATION_CONTEXT('2D SPACE',''
  ) );
#1063 = PCURVE('',#1064,#1069);
#1064 = CYLINDRICAL_SURFACE('',#1065,40.75);
#1065 = AXIS2_PLACEMENT_3D('',#1066,#1067,#1068);
#1066 = CARTESIAN_POINT('',(3.738235344927E-13,-2.181790905829E-15,0.));
#1067 = DIRECTION('',(-0.,-0.,-1.));
#1068 = DIRECTION('',(1.,0.,0.));
#1069 = DEFINITIONAL_REPRESENTATION('',(#1070),#1073);
#1070 = B_SPLINE_CURVE_WITH_KNOTS('',1,(#1071,#1072),.UNSPECIFIED.,.F.,
  .F.,(2,2),(-1.2000006,6.E-07),.PIECEWISE_BEZIER_KNOTS.);
#1071 = CARTESIAN_POINT('',(-2.707044754724,-1.2000006));
#1072 = CARTESIAN_POINT('',(-2.707044754724,6.E-07));
#1073 = ( GEOMETRIC_REPRESENTATION_CONTEXT(2) 
PARAMETRIC_REPRESENTATION_CONTEXT() REPRESENTATION_CONTEXT('2D SPACE',''
  ) );
#1074 = ORIENTED_EDGE('',*,*,#1075,.T.);
#1075 = EDGE_CURVE('',#1050,#1076,#1078,.T.);
#1076 = VERTEX_POINT('',#1077);
#1077 = CARTESIAN_POINT('',(-37.98530574306,17.802220299885,0.));
#1078 = SURFACE_CURVE('',#1079,(#1083,#1089),.PCURVE_S1.);
#1079 = LINE('',#1080,#1081);
#1080 = CARTESIAN_POINT('',(-36.93279635062,17.136851482199,0.));
#1081 = VECTOR('',#1082,1.);
#1082 = DIRECTION('',(-0.845261833222,0.53435234939,0.));
#1083 = PCURVE('',#212,#1084);
#1084 = DEFINITIONAL_REPRESENTATION('',(#1085),#1088);
#1085 = B_SPLINE_CURVE_WITH_KNOTS('',1,(#1086,#1087),.UNSPECIFIED.,.F.,
  .F.,(2,2),(-1.625,40.375),.PIECEWISE_BEZIER_KNOTS.);
#1086 = CARTESIAN_POINT('',(42.,0.));
#1087 = CARTESIAN_POINT('',(0.,0.));
#1088 = ( GEOMETRIC_REPRESENTATION_CONTEXT(2) 
PARAMETRIC_REPRESENTATION_CONTEXT() REPRESENTATION_CONTEXT('2D SPACE',''
  ) );
#1089 = PCURVE('',#944,#1090);
#1090 = DEFINITIONAL_REPRESENTATION('',(#1091),#1095);
#1091 = LINE('',#1092,#1093);
#1092 = CARTESIAN_POINT('',(-36.93279635062,17.136851482199));
#1093 = VECTOR('',#1094,1.);
#1094 = DIRECTION('',(-0.845261833222,0.53435234939));
#1095 = ( GEOMETRIC_REPRESENTATION_CONTEXT(2) 
PARAMETRIC_REPRESENTATION_CONTEXT() REPRESENTATION_CONTEXT('2D SPACE',''
  ) );
#1096 = ORIENTED_EDGE('',*,*,#1097,.T.);
#1097 = EDGE_CURVE('',#1076,#980,#1098,.T.);
#1098 = SURFACE_CURVE('',#1099,(#1103,#1109),.PCURVE_S1.);
#1099 = LINE('',#1100,#1101);
#1100 = CARTESIAN_POINT('',(-36.93279635062,17.136851482199,0.));
#1101 = VECTOR('',#1102,1.);
#1102 = DIRECTION('',(-0.845261833222,0.53435234939,0.));
#1103 = PCURVE('',#212,#1104);
#1104 = DEFINITIONAL_REPRESENTATION('',(#1105),#1108);
#1105 = B_SPLINE_CURVE_WITH_KNOTS('',1,(#1106,#1107),.UNSPECIFIED.,.F.,
  .F.,(2,2),(-1.625,40.375),.PIECEWISE_BEZIER_KNOTS.);
#1106 = CARTESIAN_POINT('',(42.,0.));
#1107 = CARTESIAN_POINT('',(0.,0.));
#1108 = ( GEOMETRIC_REPRESENTATION_CONTEXT(2) 
PARAMETRIC_REPRESENTATION_CONTEXT() REPRESENTATION_CONTEXT('2D SPACE',''
  ) );
#1109 = PCURVE('',#1110,#1115);
#1110 = PLANE('',#1111);
#1111 = AXIS2_PLACEMENT_3D('',#1112,#1113,#1114);
#1112 = CARTESIAN_POINT('',(-4.4452657007E-15,5.675833553637E-15,0.));
#1113 = DIRECTION('',(0.,0.,1.));
#1114 = DIRECTION('',(1.,0.,-0.));
#1115 = DEFINITIONAL_REPRESENTATION('',(#1116),#1119);
#1116 = B_SPLINE_CURVE_WITH_KNOTS('',1,(#1117,#1118),.UNSPECIFIED.,.F.,
  .F.,(2,2),(-1.625,40.375),.PIECEWISE_BEZIER_KNOTS.);
#1117 = CARTESIAN_POINT('',(-35.55924587164,16.268528914441));
#1118 = CARTESIAN_POINT('',(-71.06024286696,38.711327588814));
#1119 = ( GEOMETRIC_REPRESENTATION_CONTEXT(2) 
PARAMETRIC_REPRESENTATION_CONTEXT() REPRESENTATION_CONTEXT('2D SPACE',''
  ) );
#1120 = ORIENTED_EDGE('',*,*,#979,.T.);
#1121 = ADVANCED_FACE('',(#1122),#240,.T.);
#1122 = FACE_BOUND('',#1123,.T.);
#1123 = EDGE_LOOP('',(#1124,#1148,#1149,#1150));
#1124 = ORIENTED_EDGE('',*,*,#1125,.F.);
#1125 = EDGE_CURVE('',#1029,#1126,#1128,.T.);
#1126 = VERTEX_POINT('',#1127);
#1127 = CARTESIAN_POINT('',(-34.97061444879,-20.9193361528,1.2));
#1128 = SURFACE_CURVE('',#1129,(#1134,#1141),.PCURVE_S1.);
#1129 = CIRCLE('',#1130,40.75);
#1130 = AXIS2_PLACEMENT_3D('',#1131,#1132,#1133);
#1131 = CARTESIAN_POINT('',(3.738235344927E-13,-2.181790905829E-15,1.2)
  );
#1132 = DIRECTION('',(0.,0.,1.));
#1133 = DIRECTION('',(1.,0.,0.));
#1134 = PCURVE('',#240,#1135);
#1135 = DEFINITIONAL_REPRESENTATION('',(#1136),#1140);
#1136 = CIRCLE('',#1137,40.75);
#1137 = AXIS2_PLACEMENT_2D('',#1138,#1139);
#1138 = CARTESIAN_POINT('',(3.782688001934E-13,-7.857624459466E-15));
#1139 = DIRECTION('',(1.,0.));
#1140 = ( GEOMETRIC_REPRESENTATION_CONTEXT(2) 
PARAMETRIC_REPRESENTATION_CONTEXT() REPRESENTATION_CONTEXT('2D SPACE',''
  ) );
#1141 = PCURVE('',#1064,#1142);
#1142 = DEFINITIONAL_REPRESENTATION('',(#1143),#1147);
#1143 = LINE('',#1144,#1145);
#1144 = CARTESIAN_POINT('',(-0.,-1.2));
#1145 = VECTOR('',#1146,1.);
#1146 = DIRECTION('',(-1.,0.));
#1147 = ( GEOMETRIC_REPRESENTATION_CONTEXT(2) 
PARAMETRIC_REPRESENTATION_CONTEXT() REPRESENTATION_CONTEXT('2D SPACE',''
  ) );
#1148 = ORIENTED_EDGE('',*,*,#1028,.T.);
#1149 = ORIENTED_EDGE('',*,*,#223,.F.);
#1150 = ORIENTED_EDGE('',*,*,#1151,.T.);
#1151 = EDGE_CURVE('',#224,#1126,#1152,.T.);
#1152 = SURFACE_CURVE('',#1153,(#1157,#1163),.PCURVE_S1.);
#1153 = LINE('',#1154,#1155);
#1154 = CARTESIAN_POINT('',(-18.46025855548,-7.884920992917,1.2));
#1155 = VECTOR('',#1156,1.);
#1156 = DIRECTION('',(0.784884530427,0.61964205304,-0.));
#1157 = PCURVE('',#240,#1158);
#1158 = DEFINITIONAL_REPRESENTATION('',(#1159),#1162);
#1159 = B_SPLINE_CURVE_WITH_KNOTS('',1,(#1160,#1161),.UNSPECIFIED.,.F.,
  .F.,(2,2),(-61.375,-19.375),.PIECEWISE_BEZIER_KNOTS.);
#1160 = CARTESIAN_POINT('',(-66.63254661045,-45.91545199827));
#1161 = CARTESIAN_POINT('',(-33.66739633251,-19.89048577057));
#1162 = ( GEOMETRIC_REPRESENTATION_CONTEXT(2) 
PARAMETRIC_REPRESENTATION_CONTEXT() REPRESENTATION_CONTEXT('2D SPACE',''
  ) );
#1163 = PCURVE('',#271,#1164);
#1164 = DEFINITIONAL_REPRESENTATION('',(#1165),#1168);
#1165 = B_SPLINE_CURVE_WITH_KNOTS('',1,(#1166,#1167),.UNSPECIFIED.,.F.,
  .F.,(2,2),(-61.375,-19.375),.PIECEWISE_BEZIER_KNOTS.);
#1166 = CARTESIAN_POINT('',(42.,-1.2));
#1167 = CARTESIAN_POINT('',(0.,-1.2));
#1168 = ( GEOMETRIC_REPRESENTATION_CONTEXT(2) 
PARAMETRIC_REPRESENTATION_CONTEXT() REPRESENTATION_CONTEXT('2D SPACE',''
  ) );
#1169 = ADVANCED_FACE('',(#1170),#271,.T.);
#1170 = FACE_BOUND('',#1171,.T.);
#1171 = EDGE_LOOP('',(#1172,#1173,#1174,#1196,#1217,#1244));
#1172 = ORIENTED_EDGE('',*,*,#1151,.F.);
#1173 = ORIENTED_EDGE('',*,*,#256,.T.);
#1174 = ORIENTED_EDGE('',*,*,#1175,.T.);
#1175 = EDGE_CURVE('',#257,#1176,#1178,.T.);
#1176 = VERTEX_POINT('',#1177);
#1177 = CARTESIAN_POINT('',(-63.981275729,-43.82235566568,0.));
#1178 = SURFACE_CURVE('',#1179,(#1183,#1189),.PCURVE_S1.);
#1179 = LINE('',#1180,#1181);
#1180 = CARTESIAN_POINT('',(-18.46025855548,-7.884920992917,0.));
#1181 = VECTOR('',#1182,1.);
#1182 = DIRECTION('',(0.784884530427,0.61964205304,-0.));
#1183 = PCURVE('',#271,#1184);
#1184 = DEFINITIONAL_REPRESENTATION('',(#1185),#1188);
#1185 = B_SPLINE_CURVE_WITH_KNOTS('',1,(#1186,#1187),.UNSPECIFIED.,.F.,
  .F.,(2,2),(-61.375,-19.375),.PIECEWISE_BEZIER_KNOTS.);
#1186 = CARTESIAN_POINT('',(42.,0.));
#1187 = CARTESIAN_POINT('',(0.,0.));
#1188 = ( GEOMETRIC_REPRESENTATION_CONTEXT(2) 
PARAMETRIC_REPRESENTATION_CONTEXT() REPRESENTATION_CONTEXT('2D SPACE',''
  ) );
#1189 = PCURVE('',#299,#1190);
#1190 = DEFINITIONAL_REPRESENTATION('',(#1191),#1195);
#1191 = LINE('',#1192,#1193);
#1192 = CARTESIAN_POINT('',(-18.46025855548,-7.884920992917));
#1193 = VECTOR('',#1194,1.);
#1194 = DIRECTION('',(0.784884530427,0.61964205304));
#1195 = ( GEOMETRIC_REPRESENTATION_CONTEXT(2) 
PARAMETRIC_REPRESENTATION_CONTEXT() REPRESENTATION_CONTEXT('2D SPACE',''
  ) );
#1196 = ORIENTED_EDGE('',*,*,#1197,.T.);
#1197 = EDGE_CURVE('',#1176,#1198,#1200,.T.);
#1198 = VERTEX_POINT('',#1199);
#1199 = CARTESIAN_POINT('',(-35.92016202963,-21.66897458959,0.));
#1200 = SURFACE_CURVE('',#1201,(#1205,#1211),.PCURVE_S1.);
#1201 = LINE('',#1202,#1203);
#1202 = CARTESIAN_POINT('',(-18.46025855548,-7.884920992917,0.));
#1203 = VECTOR('',#1204,1.);
#1204 = DIRECTION('',(0.784884530427,0.61964205304,-0.));
#1205 = PCURVE('',#271,#1206);
#1206 = DEFINITIONAL_REPRESENTATION('',(#1207),#1210);
#1207 = B_SPLINE_CURVE_WITH_KNOTS('',1,(#1208,#1209),.UNSPECIFIED.,.F.,
  .F.,(2,2),(-61.375,-19.375),.PIECEWISE_BEZIER_KNOTS.);
#1208 = CARTESIAN_POINT('',(42.,0.));
#1209 = CARTESIAN_POINT('',(0.,0.));
#1210 = ( GEOMETRIC_REPRESENTATION_CONTEXT(2) 
PARAMETRIC_REPRESENTATION_CONTEXT() REPRESENTATION_CONTEXT('2D SPACE',''
  ) );
#1211 = PCURVE('',#1110,#1212);
#1212 = DEFINITIONAL_REPRESENTATION('',(#1213),#1216);
#1213 = B_SPLINE_CURVE_WITH_KNOTS('',1,(#1214,#1215),.UNSPECIFIED.,.F.,
  .F.,(2,2),(-61.375,-19.375),.PIECEWISE_BEZIER_KNOTS.);
#1214 = CARTESIAN_POINT('',(-66.63254661045,-45.91545199827));
#1215 = CARTESIAN_POINT('',(-33.66739633251,-19.89048577057));
#1216 = ( GEOMETRIC_REPRESENTATION_CONTEXT(2) 
PARAMETRIC_REPRESENTATION_CONTEXT() REPRESENTATION_CONTEXT('2D SPACE',''
  ) );
#1217 = ORIENTED_EDGE('',*,*,#1218,.T.);
#1218 = EDGE_CURVE('',#1198,#1219,#1221,.T.);
#1219 = VERTEX_POINT('',#1220);
#1220 = CARTESIAN_POINT('',(-34.97061444879,-20.9193361528,0.));
#1221 = SURFACE_CURVE('',#1222,(#1226,#1232),.PCURVE_S1.);
#1222 = LINE('',#1223,#1224);
#1223 = CARTESIAN_POINT('',(-18.46025855548,-7.884920992917,0.));
#1224 = VECTOR('',#1225,1.);
#1225 = DIRECTION('',(0.784884530427,0.61964205304,-0.));
#1226 = PCURVE('',#271,#1227);
#1227 = DEFINITIONAL_REPRESENTATION('',(#1228),#1231);
#1228 = B_SPLINE_CURVE_WITH_KNOTS('',1,(#1229,#1230),.UNSPECIFIED.,.F.,
  .F.,(2,2),(-61.375,-19.375),.PIECEWISE_BEZIER_KNOTS.);
#1229 = CARTESIAN_POINT('',(42.,0.));
#1230 = CARTESIAN_POINT('',(0.,0.));
#1231 = ( GEOMETRIC_REPRESENTATION_CONTEXT(2) 
PARAMETRIC_REPRESENTATION_CONTEXT() REPRESENTATION_CONTEXT('2D SPACE',''
  ) );
#1232 = PCURVE('',#1233,#1238);
#1233 = PLANE('',#1234);
#1234 = AXIS2_PLACEMENT_3D('',#1235,#1236,#1237);
#1235 = CARTESIAN_POINT('',(-3.129302806288E-15,3.73737430051E-16,0.));
#1236 = DIRECTION('',(0.,0.,1.));
#1237 = DIRECTION('',(1.,0.,-0.));
#1238 = DEFINITIONAL_REPRESENTATION('',(#1239),#1243);
#1239 = LINE('',#1240,#1241);
#1240 = CARTESIAN_POINT('',(-18.46025855548,-7.884920992917));
#1241 = VECTOR('',#1242,1.);
#1242 = DIRECTION('',(0.784884530427,0.61964205304));
#1243 = ( GEOMETRIC_REPRESENTATION_CONTEXT(2) 
PARAMETRIC_REPRESENTATION_CONTEXT() REPRESENTATION_CONTEXT('2D SPACE',''
  ) );
#1244 = ORIENTED_EDGE('',*,*,#1245,.F.);
#1245 = EDGE_CURVE('',#1126,#1219,#1246,.T.);
#1246 = SURFACE_CURVE('',#1247,(#1251,#1257),.PCURVE_S1.);
#1247 = LINE('',#1248,#1249);
#1248 = CARTESIAN_POINT('',(-34.97061444879,-20.9193361528,0.));
#1249 = VECTOR('',#1250,1.);
#1250 = DIRECTION('',(-0.,-0.,-1.));
#1251 = PCURVE('',#271,#1252);
#1252 = DEFINITIONAL_REPRESENTATION('',(#1253),#1256);
#1253 = B_SPLINE_CURVE_WITH_KNOTS('',1,(#1254,#1255),.UNSPECIFIED.,.F.,
  .F.,(2,2),(-1.2000006,6.E-07),.PIECEWISE_BEZIER_KNOTS.);
#1254 = CARTESIAN_POINT('',(1.660394702353,-1.2000006));
#1255 = CARTESIAN_POINT('',(1.660394702353,6.E-07));
#1256 = ( GEOMETRIC_REPRESENTATION_CONTEXT(2) 
PARAMETRIC_REPRESENTATION_CONTEXT() REPRESENTATION_CONTEXT('2D SPACE',''
  ) );
#1257 = PCURVE('',#1064,#1258);
#1258 = DEFINITIONAL_REPRESENTATION('',(#1259),#1262);
#1259 = B_SPLINE_CURVE_WITH_KNOTS('',1,(#1260,#1261),.UNSPECIFIED.,.F.,
  .F.,(2,2),(-1.2000006,6.E-07),.PIECEWISE_BEZIER_KNOTS.);
#1260 = CARTESIAN_POINT('',(-3.68068577465,-1.2000006));
#1261 = CARTESIAN_POINT('',(-3.68068577465,6.E-07));
#1262 = ( GEOMETRIC_REPRESENTATION_CONTEXT(2) 
PARAMETRIC_REPRESENTATION_CONTEXT() REPRESENTATION_CONTEXT('2D SPACE',''
  ) );
#1263 = ADVANCED_FACE('',(#1264),#299,.T.);
#1264 = FACE_BOUND('',#1265,.T.);
#1265 = EDGE_LOOP('',(#1266,#1267,#1289,#1311));
#1266 = ORIENTED_EDGE('',*,*,#282,.T.);
#1267 = ORIENTED_EDGE('',*,*,#1268,.F.);
#1268 = EDGE_CURVE('',#1269,#283,#1271,.T.);
#1269 = VERTEX_POINT('',#1270);
#1270 = CARTESIAN_POINT('',(-57.47503417207,-52.06364323516,0.));
#1271 = SURFACE_CURVE('',#1272,(#1276,#1283),.PCURVE_S1.);
#1272 = LINE('',#1273,#1274);
#1273 = CARTESIAN_POINT('',(-28.43659213753,-29.13869167625,0.));
#1274 = VECTOR('',#1275,1.);
#1275 = DIRECTION('',(-0.784884530427,-0.61964205304,0.));
#1276 = PCURVE('',#299,#1277);
#1277 = DEFINITIONAL_REPRESENTATION('',(#1278),#1282);
#1278 = LINE('',#1279,#1280);
#1279 = CARTESIAN_POINT('',(-28.43659213753,-29.13869167625));
#1280 = VECTOR('',#1281,1.);
#1281 = DIRECTION('',(-0.784884530427,-0.61964205304));
#1282 = ( GEOMETRIC_REPRESENTATION_CONTEXT(2) 
PARAMETRIC_REPRESENTATION_CONTEXT() REPRESENTATION_CONTEXT('2D SPACE',''
  ) );
#1283 = PCURVE('',#326,#1284);
#1284 = DEFINITIONAL_REPRESENTATION('',(#1285),#1288);
#1285 = B_SPLINE_CURVE_WITH_KNOTS('',1,(#1286,#1287),.UNSPECIFIED.,.F.,
  .F.,(2,2),(-1.625,40.375),.PIECEWISE_BEZIER_KNOTS.);
#1286 = CARTESIAN_POINT('',(42.,0.));
#1287 = CARTESIAN_POINT('',(0.,0.));
#1288 = ( GEOMETRIC_REPRESENTATION_CONTEXT(2) 
PARAMETRIC_REPRESENTATION_CONTEXT() REPRESENTATION_CONTEXT('2D SPACE',''
  ) );
#1289 = ORIENTED_EDGE('',*,*,#1290,.F.);
#1290 = EDGE_CURVE('',#1176,#1269,#1291,.T.);
#1291 = SURFACE_CURVE('',#1292,(#1297,#1304),.PCURVE_S1.);
#1292 = CIRCLE('',#1293,77.55);
#1293 = AXIS2_PLACEMENT_3D('',#1294,#1295,#1296);
#1294 = CARTESIAN_POINT('',(3.738235344927E-13,-2.181790905829E-15,0.));
#1295 = DIRECTION('',(0.,0.,1.));
#1296 = DIRECTION('',(1.,0.,0.));
#1297 = PCURVE('',#299,#1298);
#1298 = DEFINITIONAL_REPRESENTATION('',(#1299),#1303);
#1299 = CIRCLE('',#1300,77.55);
#1300 = AXIS2_PLACEMENT_2D('',#1301,#1302);
#1301 = CARTESIAN_POINT('',(3.782688001934E-13,-7.857624459466E-15));
#1302 = DIRECTION('',(1.,0.));
#1303 = ( GEOMETRIC_REPRESENTATION_CONTEXT(2) 
PARAMETRIC_REPRESENTATION_CONTEXT() REPRESENTATION_CONTEXT('2D SPACE',''
  ) );
#1304 = PCURVE('',#723,#1305);
#1305 = DEFINITIONAL_REPRESENTATION('',(#1306),#1310);
#1306 = LINE('',#1307,#1308);
#1307 = CARTESIAN_POINT('',(0.,0.));
#1308 = VECTOR('',#1309,1.);
#1309 = DIRECTION('',(1.,0.));
#1310 = ( GEOMETRIC_REPRESENTATION_CONTEXT(2) 
PARAMETRIC_REPRESENTATION_CONTEXT() REPRESENTATION_CONTEXT('2D SPACE',''
  ) );
#1311 = ORIENTED_EDGE('',*,*,#1175,.F.);
#1312 = ADVANCED_FACE('',(#1313),#326,.T.);
#1313 = FACE_BOUND('',#1314,.T.);
#1314 = EDGE_LOOP('',(#1315,#1316,#1337,#1363,#1385,#1409));
#1315 = ORIENTED_EDGE('',*,*,#311,.F.);
#1316 = ORIENTED_EDGE('',*,*,#1317,.F.);
#1317 = EDGE_CURVE('',#1318,#312,#1320,.T.);
#1318 = VERTEX_POINT('',#1319);
#1319 = CARTESIAN_POINT('',(-28.46437289186,-29.16062372228,1.2));
#1320 = SURFACE_CURVE('',#1321,(#1325,#1331),.PCURVE_S1.);
#1321 = LINE('',#1322,#1323);
#1322 = CARTESIAN_POINT('',(-28.43659213753,-29.13869167625,1.2));
#1323 = VECTOR('',#1324,1.);
#1324 = DIRECTION('',(-0.784884530427,-0.61964205304,0.));
#1325 = PCURVE('',#326,#1326);
#1326 = DEFINITIONAL_REPRESENTATION('',(#1327),#1330);
#1327 = B_SPLINE_CURVE_WITH_KNOTS('',1,(#1328,#1329),.UNSPECIFIED.,.F.,
  .F.,(2,2),(-1.625,40.375),.PIECEWISE_BEZIER_KNOTS.);
#1328 = CARTESIAN_POINT('',(42.,-1.2));
#1329 = CARTESIAN_POINT('',(0.,-1.2));
#1330 = ( GEOMETRIC_REPRESENTATION_CONTEXT(2) 
PARAMETRIC_REPRESENTATION_CONTEXT() REPRESENTATION_CONTEXT('2D SPACE',''
  ) );
#1331 = PCURVE('',#354,#1332);
#1332 = DEFINITIONAL_REPRESENTATION('',(#1333),#1336);
#1333 = B_SPLINE_CURVE_WITH_KNOTS('',1,(#1334,#1335),.UNSPECIFIED.,.F.,
  .F.,(2,2),(-1.625,40.375),.PIECEWISE_BEZIER_KNOTS.);
#1334 = CARTESIAN_POINT('',(-27.16115477558,-28.13177334006));
#1335 = CARTESIAN_POINT('',(-60.12630505352,-54.15673956776));
#1336 = ( GEOMETRIC_REPRESENTATION_CONTEXT(2) 
PARAMETRIC_REPRESENTATION_CONTEXT() REPRESENTATION_CONTEXT('2D SPACE',''
  ) );
#1337 = ORIENTED_EDGE('',*,*,#1338,.T.);
#1338 = EDGE_CURVE('',#1318,#1339,#1341,.T.);
#1339 = VERTEX_POINT('',#1340);
#1340 = CARTESIAN_POINT('',(-28.46437289186,-29.16062372228,0.));
#1341 = SURFACE_CURVE('',#1342,(#1346,#1352),.PCURVE_S1.);
#1342 = LINE('',#1343,#1344);
#1343 = CARTESIAN_POINT('',(-28.46437289186,-29.16062372228,0.));
#1344 = VECTOR('',#1345,1.);
#1345 = DIRECTION('',(-0.,-0.,-1.));
#1346 = PCURVE('',#326,#1347);
#1347 = DEFINITIONAL_REPRESENTATION('',(#1348),#1351);
#1348 = B_SPLINE_CURVE_WITH_KNOTS('',1,(#1349,#1350),.UNSPECIFIED.,.F.,
  .F.,(2,2),(-1.2000006,6.E-07),.PIECEWISE_BEZIER_KNOTS.);
#1349 = CARTESIAN_POINT('',(40.339605297647,-1.2000006));
#1350 = CARTESIAN_POINT('',(40.339605297647,6.E-07));
#1351 = ( GEOMETRIC_REPRESENTATION_CONTEXT(2) 
PARAMETRIC_REPRESENTATION_CONTEXT() REPRESENTATION_CONTEXT('2D SPACE',''
  ) );
#1352 = PCURVE('',#1353,#1358);
#1353 = CYLINDRICAL_SURFACE('',#1354,40.75);
#1354 = AXIS2_PLACEMENT_3D('',#1355,#1356,#1357);
#1355 = CARTESIAN_POINT('',(3.738235344927E-13,-2.181790905829E-15,0.));
#1356 = DIRECTION('',(-0.,-0.,-1.));
#1357 = DIRECTION('',(1.,0.,0.));
#1358 = DEFINITIONAL_REPRESENTATION('',(#1359),#1362);
#1359 = B_SPLINE_CURVE_WITH_KNOTS('',1,(#1360,#1361),.UNSPECIFIED.,.F.,
  .F.,(2,2),(-1.2000006,6.E-07),.PIECEWISE_BEZIER_KNOTS.);
#1360 = CARTESIAN_POINT('',(-3.939072673707,-1.2000006));
#1361 = CARTESIAN_POINT('',(-3.939072673707,6.E-07));
#1362 = ( GEOMETRIC_REPRESENTATION_CONTEXT(2) 
PARAMETRIC_REPRESENTATION_CONTEXT() REPRESENTATION_CONTEXT('2D SPACE',''
  ) );
#1363 = ORIENTED_EDGE('',*,*,#1364,.T.);
#1364 = EDGE_CURVE('',#1339,#1365,#1367,.T.);
#1365 = VERTEX_POINT('',#1366);
#1366 = CARTESIAN_POINT('',(-29.41392047271,-29.91026215908,0.));
#1367 = SURFACE_CURVE('',#1368,(#1372,#1378),.PCURVE_S1.);
#1368 = LINE('',#1369,#1370);
#1369 = CARTESIAN_POINT('',(-28.43659213753,-29.13869167625,0.));
#1370 = VECTOR('',#1371,1.);
#1371 = DIRECTION('',(-0.784884530427,-0.61964205304,0.));
#1372 = PCURVE('',#326,#1373);
#1373 = DEFINITIONAL_REPRESENTATION('',(#1374),#1377);
#1374 = B_SPLINE_CURVE_WITH_KNOTS('',1,(#1375,#1376),.UNSPECIFIED.,.F.,
  .F.,(2,2),(-1.625,40.375),.PIECEWISE_BEZIER_KNOTS.);
#1375 = CARTESIAN_POINT('',(42.,0.));
#1376 = CARTESIAN_POINT('',(0.,0.));
#1377 = ( GEOMETRIC_REPRESENTATION_CONTEXT(2) 
PARAMETRIC_REPRESENTATION_CONTEXT() REPRESENTATION_CONTEXT('2D SPACE',''
  ) );
#1378 = PCURVE('',#1233,#1379);
#1379 = DEFINITIONAL_REPRESENTATION('',(#1380),#1384);
#1380 = LINE('',#1381,#1382);
#1381 = CARTESIAN_POINT('',(-28.43659213753,-29.13869167625));
#1382 = VECTOR('',#1383,1.);
#1383 = DIRECTION('',(-0.784884530427,-0.61964205304));
#1384 = ( GEOMETRIC_REPRESENTATION_CONTEXT(2) 
PARAMETRIC_REPRESENTATION_CONTEXT() REPRESENTATION_CONTEXT('2D SPACE',''
  ) );
#1385 = ORIENTED_EDGE('',*,*,#1386,.T.);
#1386 = EDGE_CURVE('',#1365,#1269,#1387,.T.);
#1387 = SURFACE_CURVE('',#1388,(#1392,#1398),.PCURVE_S1.);
#1388 = LINE('',#1389,#1390);
#1389 = CARTESIAN_POINT('',(-28.43659213753,-29.13869167625,0.));
#1390 = VECTOR('',#1391,1.);
#1391 = DIRECTION('',(-0.784884530427,-0.61964205304,0.));
#1392 = PCURVE('',#326,#1393);
#1393 = DEFINITIONAL_REPRESENTATION('',(#1394),#1397);
#1394 = B_SPLINE_CURVE_WITH_KNOTS('',1,(#1395,#1396),.UNSPECIFIED.,.F.,
  .F.,(2,2),(-1.625,40.375),.PIECEWISE_BEZIER_KNOTS.);
#1395 = CARTESIAN_POINT('',(42.,0.));
#1396 = CARTESIAN_POINT('',(0.,0.));
#1397 = ( GEOMETRIC_REPRESENTATION_CONTEXT(2) 
PARAMETRIC_REPRESENTATION_CONTEXT() REPRESENTATION_CONTEXT('2D SPACE',''
  ) );
#1398 = PCURVE('',#1399,#1404);
#1399 = PLANE('',#1400);
#1400 = AXIS2_PLACEMENT_3D('',#1401,#1402,#1403);
#1401 = CARTESIAN_POINT('',(-4.4452657007E-15,5.675833553637E-15,0.));
#1402 = DIRECTION('',(0.,0.,1.));
#1403 = DIRECTION('',(1.,0.,-0.));
#1404 = DEFINITIONAL_REPRESENTATION('',(#1405),#1408);
#1405 = B_SPLINE_CURVE_WITH_KNOTS('',1,(#1406,#1407),.UNSPECIFIED.,.F.,
  .F.,(2,2),(-1.625,40.375),.PIECEWISE_BEZIER_KNOTS.);
#1406 = CARTESIAN_POINT('',(-27.16115477558,-28.13177334006));
#1407 = CARTESIAN_POINT('',(-60.12630505352,-54.15673956776));
#1408 = ( GEOMETRIC_REPRESENTATION_CONTEXT(2) 
PARAMETRIC_REPRESENTATION_CONTEXT() REPRESENTATION_CONTEXT('2D SPACE',''
  ) );
#1409 = ORIENTED_EDGE('',*,*,#1268,.T.);
#1410 = ADVANCED_FACE('',(#1411),#354,.T.);
#1411 = FACE_BOUND('',#1412,.T.);
#1412 = EDGE_LOOP('',(#1413,#1437,#1438,#1439));
#1413 = ORIENTED_EDGE('',*,*,#1414,.F.);
#1414 = EDGE_CURVE('',#1318,#1415,#1417,.T.);
#1415 = VERTEX_POINT('',#1416);
#1416 = CARTESIAN_POINT('',(40.745278115449,-0.620331600642,1.2));
#1417 = SURFACE_CURVE('',#1418,(#1423,#1430),.PCURVE_S1.);
#1418 = CIRCLE('',#1419,40.75);
#1419 = AXIS2_PLACEMENT_3D('',#1420,#1421,#1422);
#1420 = CARTESIAN_POINT('',(3.738235344927E-13,-2.181790905829E-15,1.2)
  );
#1421 = DIRECTION('',(0.,0.,1.));
#1422 = DIRECTION('',(1.,0.,0.));
#1423 = PCURVE('',#354,#1424);
#1424 = DEFINITIONAL_REPRESENTATION('',(#1425),#1429);
#1425 = CIRCLE('',#1426,40.75);
#1426 = AXIS2_PLACEMENT_2D('',#1427,#1428);
#1427 = CARTESIAN_POINT('',(3.782688001934E-13,-7.857624459466E-15));
#1428 = DIRECTION('',(1.,0.));
#1429 = ( GEOMETRIC_REPRESENTATION_CONTEXT(2) 
PARAMETRIC_REPRESENTATION_CONTEXT() REPRESENTATION_CONTEXT('2D SPACE',''
  ) );
#1430 = PCURVE('',#1353,#1431);
#1431 = DEFINITIONAL_REPRESENTATION('',(#1432),#1436);
#1432 = LINE('',#1433,#1434);
#1433 = CARTESIAN_POINT('',(-0.,-1.2));
#1434 = VECTOR('',#1435,1.);
#1435 = DIRECTION('',(-1.,0.));
#1436 = ( GEOMETRIC_REPRESENTATION_CONTEXT(2) 
PARAMETRIC_REPRESENTATION_CONTEXT() REPRESENTATION_CONTEXT('2D SPACE',''
  ) );
#1437 = ORIENTED_EDGE('',*,*,#1317,.T.);
#1438 = ORIENTED_EDGE('',*,*,#337,.F.);
#1439 = ORIENTED_EDGE('',*,*,#1440,.T.);
#1440 = EDGE_CURVE('',#338,#1415,#1441,.T.);
#1441 = SURFACE_CURVE('',#1442,(#1446,#1452),.PCURVE_S1.);
#1442 = LINE('',#1443,#1444);
#1443 = CARTESIAN_POINT('',(19.846351663335,-3.012548863546,1.2));
#1444 = VECTOR('',#1445,1.);
#1445 = DIRECTION('',(-0.993512446418,-0.113723431234,0.));
#1446 = PCURVE('',#354,#1447);
#1447 = DEFINITIONAL_REPRESENTATION('',(#1448),#1451);
#1448 = B_SPLINE_CURVE_WITH_KNOTS('',1,(#1449,#1450),.UNSPECIFIED.,.F.,
  .F.,(2,2),(-59.28828425754,-19.375),.PIECEWISE_BEZIER_KNOTS.);
#1449 = CARTESIAN_POINT('',(78.75,3.729918254173));
#1450 = CARTESIAN_POINT('',(39.095655312693,-0.809157383396));
#1451 = ( GEOMETRIC_REPRESENTATION_CONTEXT(2) 
PARAMETRIC_REPRESENTATION_CONTEXT() REPRESENTATION_CONTEXT('2D SPACE',''
  ) );
#1452 = PCURVE('',#385,#1453);
#1453 = DEFINITIONAL_REPRESENTATION('',(#1454),#1457);
#1454 = B_SPLINE_CURVE_WITH_KNOTS('',1,(#1455,#1456),.UNSPECIFIED.,.F.,
  .F.,(2,2),(-59.28828425754,-19.375),.PIECEWISE_BEZIER_KNOTS.);
#1455 = CARTESIAN_POINT('',(39.913284257542,-1.2));
#1456 = CARTESIAN_POINT('',(0.,-1.2));
#1457 = ( GEOMETRIC_REPRESENTATION_CONTEXT(2) 
PARAMETRIC_REPRESENTATION_CONTEXT() REPRESENTATION_CONTEXT('2D SPACE',''
  ) );
#1458 = ADVANCED_FACE('',(#1459),#385,.T.);
#1459 = FACE_BOUND('',#1460,.T.);
#1460 = EDGE_LOOP('',(#1461,#1462,#1463,#1485,#1506,#1533));
#1461 = ORIENTED_EDGE('',*,*,#1440,.F.);
#1462 = ORIENTED_EDGE('',*,*,#370,.T.);
#1463 = ORIENTED_EDGE('',*,*,#1464,.T.);
#1464 = EDGE_CURVE('',#371,#1465,#1467,.T.);
#1465 = VERTEX_POINT('',#1466);
#1466 = CARTESIAN_POINT('',(77.467180437863,3.583078984284,0.));
#1467 = SURFACE_CURVE('',#1468,(#1472,#1478),.PCURVE_S1.);
#1468 = LINE('',#1469,#1470);
#1469 = CARTESIAN_POINT('',(19.846351663335,-3.012548863546,0.));
#1470 = VECTOR('',#1471,1.);
#1471 = DIRECTION('',(-0.993512446418,-0.113723431234,0.));
#1472 = PCURVE('',#385,#1473);
#1473 = DEFINITIONAL_REPRESENTATION('',(#1474),#1477);
#1474 = B_SPLINE_CURVE_WITH_KNOTS('',1,(#1475,#1476),.UNSPECIFIED.,.F.,
  .F.,(2,2),(-59.28828425754,-19.375),.PIECEWISE_BEZIER_KNOTS.);
#1475 = CARTESIAN_POINT('',(39.913284257542,0.));
#1476 = CARTESIAN_POINT('',(0.,0.));
#1477 = ( GEOMETRIC_REPRESENTATION_CONTEXT(2) 
PARAMETRIC_REPRESENTATION_CONTEXT() REPRESENTATION_CONTEXT('2D SPACE',''
  ) );
#1478 = PCURVE('',#488,#1479);
#1479 = DEFINITIONAL_REPRESENTATION('',(#1480),#1484);
#1480 = LINE('',#1481,#1482);
#1481 = CARTESIAN_POINT('',(19.846351663335,-3.012548863546));
#1482 = VECTOR('',#1483,1.);
#1483 = DIRECTION('',(-0.993512446418,-0.113723431234));
#1484 = ( GEOMETRIC_REPRESENTATION_CONTEXT(2) 
PARAMETRIC_REPRESENTATION_CONTEXT() REPRESENTATION_CONTEXT('2D SPACE',''
  ) );
#1485 = ORIENTED_EDGE('',*,*,#1486,.T.);
#1486 = EDGE_CURVE('',#1465,#1487,#1489,.T.);
#1487 = VERTEX_POINT('',#1488);
#1488 = CARTESIAN_POINT('',(41.947222227562,-0.482749822907,0.));
#1489 = SURFACE_CURVE('',#1490,(#1494,#1500),.PCURVE_S1.);
#1490 = LINE('',#1491,#1492);
#1491 = CARTESIAN_POINT('',(19.846351663335,-3.012548863546,0.));
#1492 = VECTOR('',#1493,1.);
#1493 = DIRECTION('',(-0.993512446418,-0.113723431234,0.));
#1494 = PCURVE('',#385,#1495);
#1495 = DEFINITIONAL_REPRESENTATION('',(#1496),#1499);
#1496 = B_SPLINE_CURVE_WITH_KNOTS('',1,(#1497,#1498),.UNSPECIFIED.,.F.,
  .F.,(2,2),(-59.28828425754,-19.375),.PIECEWISE_BEZIER_KNOTS.);
#1497 = CARTESIAN_POINT('',(39.913284257542,0.));
#1498 = CARTESIAN_POINT('',(0.,0.));
#1499 = ( GEOMETRIC_REPRESENTATION_CONTEXT(2) 
PARAMETRIC_REPRESENTATION_CONTEXT() REPRESENTATION_CONTEXT('2D SPACE',''
  ) );
#1500 = PCURVE('',#1399,#1501);
#1501 = DEFINITIONAL_REPRESENTATION('',(#1502),#1505);
#1502 = B_SPLINE_CURVE_WITH_KNOTS('',1,(#1503,#1504),.UNSPECIFIED.,.F.,
  .F.,(2,2),(-59.28828425754,-19.375),.PIECEWISE_BEZIER_KNOTS.);
#1503 = CARTESIAN_POINT('',(78.75,3.729918254173));
#1504 = CARTESIAN_POINT('',(39.095655312693,-0.809157383396));
#1505 = ( GEOMETRIC_REPRESENTATION_CONTEXT(2) 
PARAMETRIC_REPRESENTATION_CONTEXT() REPRESENTATION_CONTEXT('2D SPACE',''
  ) );
#1506 = ORIENTED_EDGE('',*,*,#1507,.T.);
#1507 = EDGE_CURVE('',#1487,#1508,#1510,.T.);
#1508 = VERTEX_POINT('',#1509);
#1509 = CARTESIAN_POINT('',(40.745278115449,-0.620331600642,0.));
#1510 = SURFACE_CURVE('',#1511,(#1515,#1521),.PCURVE_S1.);
#1511 = LINE('',#1512,#1513);
#1512 = CARTESIAN_POINT('',(19.846351663335,-3.012548863546,0.));
#1513 = VECTOR('',#1514,1.);
#1514 = DIRECTION('',(-0.993512446418,-0.113723431234,0.));
#1515 = PCURVE('',#385,#1516);
#1516 = DEFINITIONAL_REPRESENTATION('',(#1517),#1520);
#1517 = B_SPLINE_CURVE_WITH_KNOTS('',1,(#1518,#1519),.UNSPECIFIED.,.F.,
  .F.,(2,2),(-59.28828425754,-19.375),.PIECEWISE_BEZIER_KNOTS.);
#1518 = CARTESIAN_POINT('',(39.913284257542,0.));
#1519 = CARTESIAN_POINT('',(0.,0.));
#1520 = ( GEOMETRIC_REPRESENTATION_CONTEXT(2) 
PARAMETRIC_REPRESENTATION_CONTEXT() REPRESENTATION_CONTEXT('2D SPACE',''
  ) );
#1521 = PCURVE('',#1522,#1527);
#1522 = PLANE('',#1523);
#1523 = AXIS2_PLACEMENT_3D('',#1524,#1525,#1526);
#1524 = CARTESIAN_POINT('',(-3.129302806288E-15,3.73737430051E-16,0.));
#1525 = DIRECTION('',(0.,0.,1.));
#1526 = DIRECTION('',(1.,0.,-0.));
#1527 = DEFINITIONAL_REPRESENTATION('',(#1528),#1532);
#1528 = LINE('',#1529,#1530);
#1529 = CARTESIAN_POINT('',(19.846351663335,-3.012548863546));
#1530 = VECTOR('',#1531,1.);
#1531 = DIRECTION('',(-0.993512446418,-0.113723431234));
#1532 = ( GEOMETRIC_REPRESENTATION_CONTEXT(2) 
PARAMETRIC_REPRESENTATION_CONTEXT() REPRESENTATION_CONTEXT('2D SPACE',''
  ) );
#1533 = ORIENTED_EDGE('',*,*,#1534,.F.);
#1534 = EDGE_CURVE('',#1415,#1508,#1535,.T.);
#1535 = SURFACE_CURVE('',#1536,(#1540,#1546),.PCURVE_S1.);
#1536 = LINE('',#1537,#1538);
#1537 = CARTESIAN_POINT('',(40.745278115449,-0.620331600642,0.));
#1538 = VECTOR('',#1539,1.);
#1539 = DIRECTION('',(-0.,-0.,-1.));
#1540 = PCURVE('',#385,#1541);
#1541 = DEFINITIONAL_REPRESENTATION('',(#1542),#1545);
#1542 = B_SPLINE_CURVE_WITH_KNOTS('',1,(#1543,#1544),.UNSPECIFIED.,.F.,
  .F.,(2,2),(-1.2000006,6.E-07),.PIECEWISE_BEZIER_KNOTS.);
#1543 = CARTESIAN_POINT('',(1.660394702354,-1.2000006));
#1544 = CARTESIAN_POINT('',(1.660394702354,6.E-07));
#1545 = ( GEOMETRIC_REPRESENTATION_CONTEXT(2) 
PARAMETRIC_REPRESENTATION_CONTEXT() REPRESENTATION_CONTEXT('2D SPACE',''
  ) );
#1546 = PCURVE('',#1353,#1547);
#1547 = DEFINITIONAL_REPRESENTATION('',(#1548),#1551);
#1548 = B_SPLINE_CURVE_WITH_KNOTS('',1,(#1549,#1550),.UNSPECIFIED.,.F.,
  .F.,(2,2),(-1.2000006,6.E-07),.PIECEWISE_BEZIER_KNOTS.);
#1549 = CARTESIAN_POINT('',(-6.267961857807,-1.2000006));
#1550 = CARTESIAN_POINT('',(-6.267961857807,6.E-07));
#1551 = ( GEOMETRIC_REPRESENTATION_CONTEXT(2) 
PARAMETRIC_REPRESENTATION_CONTEXT() REPRESENTATION_CONTEXT('2D SPACE',''
  ) );
#1552 = ADVANCED_FACE('',(#1553,#1556),#457,.F.);
#1553 = FACE_BOUND('',#1554,.F.);
#1554 = EDGE_LOOP('',(#1555));
#1555 = ORIENTED_EDGE('',*,*,#442,.T.);
#1556 = FACE_BOUND('',#1557,.F.);
#1557 = EDGE_LOOP('',(#1558));
#1558 = ORIENTED_EDGE('',*,*,#1559,.F.);
#1559 = EDGE_CURVE('',#1560,#1560,#1562,.T.);
#1560 = VERTEX_POINT('',#1561);
#1561 = CARTESIAN_POINT('',(77.55,-2.181790905829E-15,-10.));
#1562 = SURFACE_CURVE('',#1563,(#1568,#1575),.PCURVE_S1.);
#1563 = CIRCLE('',#1564,77.55);
#1564 = AXIS2_PLACEMENT_3D('',#1565,#1566,#1567);
#1565 = CARTESIAN_POINT('',(3.738235344927E-13,-2.181790905829E-15,-10.)
  );
#1566 = DIRECTION('',(0.,0.,1.));
#1567 = DIRECTION('',(1.,0.,0.));
#1568 = PCURVE('',#457,#1569);
#1569 = DEFINITIONAL_REPRESENTATION('',(#1570),#1574);
#1570 = CIRCLE('',#1571,77.55);
#1571 = AXIS2_PLACEMENT_2D('',#1572,#1573);
#1572 = CARTESIAN_POINT('',(3.782688001934E-13,-7.857624459466E-15));
#1573 = DIRECTION('',(1.,0.));
#1574 = ( GEOMETRIC_REPRESENTATION_CONTEXT(2) 
PARAMETRIC_REPRESENTATION_CONTEXT() REPRESENTATION_CONTEXT('2D SPACE',''
  ) );
#1575 = PCURVE('',#723,#1576);
#1576 = DEFINITIONAL_REPRESENTATION('',(#1577),#1581);
#1577 = LINE('',#1578,#1579);
#1578 = CARTESIAN_POINT('',(0.,-10.));
#1579 = VECTOR('',#1580,1.);
#1580 = DIRECTION('',(1.,0.));
#1581 = ( GEOMETRIC_REPRESENTATION_CONTEXT(2) 
PARAMETRIC_REPRESENTATION_CONTEXT() REPRESENTATION_CONTEXT('2D SPACE',''
  ) );
#1582 = ADVANCED_FACE('',(#1583),#488,.T.);
#1583 = FACE_BOUND('',#1584,.T.);
#1584 = EDGE_LOOP('',(#1585,#1586,#1587,#1609));
#1585 = ORIENTED_EDGE('',*,*,#1464,.F.);
#1586 = ORIENTED_EDGE('',*,*,#471,.T.);
#1587 = ORIENTED_EDGE('',*,*,#1588,.F.);
#1588 = EDGE_CURVE('',#1589,#472,#1591,.T.);
#1589 = VERTEX_POINT('',#1590);
#1590 = CARTESIAN_POINT('',(76.273084409911,14.014959671675,0.));
#1591 = SURFACE_CURVE('',#1592,(#1596,#1603),.PCURVE_S1.);
#1592 = LINE('',#1593,#1594);
#1593 = CARTESIAN_POINT('',(39.51601701017,9.807523879753,0.));
#1594 = VECTOR('',#1595,1.);
#1595 = DIRECTION('',(0.993512446418,0.113723431234,-0.));
#1596 = PCURVE('',#488,#1597);
#1597 = DEFINITIONAL_REPRESENTATION('',(#1598),#1602);
#1598 = LINE('',#1599,#1600);
#1599 = CARTESIAN_POINT('',(39.51601701017,9.807523879753));
#1600 = VECTOR('',#1601,1.);
#1601 = DIRECTION('',(0.993512446418,0.113723431234));
#1602 = ( GEOMETRIC_REPRESENTATION_CONTEXT(2) 
PARAMETRIC_REPRESENTATION_CONTEXT() REPRESENTATION_CONTEXT('2D SPACE',''
  ) );
#1603 = PCURVE('',#515,#1604);
#1604 = DEFINITIONAL_REPRESENTATION('',(#1605),#1608);
#1605 = B_SPLINE_CURVE_WITH_KNOTS('',1,(#1606,#1607),.UNSPECIFIED.,.F.,
  .F.,(2,2),(-1.625,39.490177633168),.PIECEWISE_BEZIER_KNOTS.);
#1606 = CARTESIAN_POINT('',(42.,0.));
#1607 = CARTESIAN_POINT('',(0.884822366832,0.));
#1608 = ( GEOMETRIC_REPRESENTATION_CONTEXT(2) 
PARAMETRIC_REPRESENTATION_CONTEXT() REPRESENTATION_CONTEXT('2D SPACE',''
  ) );
#1609 = ORIENTED_EDGE('',*,*,#1610,.F.);
#1610 = EDGE_CURVE('',#1465,#1589,#1611,.T.);
#1611 = SURFACE_CURVE('',#1612,(#1617,#1624),.PCURVE_S1.);
#1612 = CIRCLE('',#1613,77.55);
#1613 = AXIS2_PLACEMENT_3D('',#1614,#1615,#1616);
#1614 = CARTESIAN_POINT('',(3.738235344927E-13,-2.181790905829E-15,0.));
#1615 = DIRECTION('',(0.,0.,1.));
#1616 = DIRECTION('',(1.,0.,0.));
#1617 = PCURVE('',#488,#1618);
#1618 = DEFINITIONAL_REPRESENTATION('',(#1619),#1623);
#1619 = CIRCLE('',#1620,77.55);
#1620 = AXIS2_PLACEMENT_2D('',#1621,#1622);
#1621 = CARTESIAN_POINT('',(3.782688001934E-13,-7.857624459466E-15));
#1622 = DIRECTION('',(1.,0.));
#1623 = ( GEOMETRIC_REPRESENTATION_CONTEXT(2) 
PARAMETRIC_REPRESENTATION_CONTEXT() REPRESENTATION_CONTEXT('2D SPACE',''
  ) );
#1624 = PCURVE('',#723,#1625);
#1625 = DEFINITIONAL_REPRESENTATION('',(#1626),#1630);
#1626 = LINE('',#1627,#1628);
#1627 = CARTESIAN_POINT('',(0.,0.));
#1628 = VECTOR('',#1629,1.);
#1629 = DIRECTION('',(1.,0.));
#1630 = ( GEOMETRIC_REPRESENTATION_CONTEXT(2) 
PARAMETRIC_REPRESENTATION_CONTEXT() REPRESENTATION_CONTEXT('2D SPACE',''
  ) );
#1631 = ADVANCED_FACE('',(#1632),#515,.T.);
#1632 = FACE_BOUND('',#1633,.T.);
#1633 = EDGE_LOOP('',(#1634,#1635,#1656,#1677,#1699,#1718));
#1634 = ORIENTED_EDGE('',*,*,#500,.F.);
#1635 = ORIENTED_EDGE('',*,*,#1636,.F.);
#1636 = EDGE_CURVE('',#1637,#501,#1639,.T.);
#1637 = VERTEX_POINT('',#1638);
#1638 = CARTESIAN_POINT('',(39.551182087496,9.811549086752,1.2));
#1639 = SURFACE_CURVE('',#1640,(#1644,#1650),.PCURVE_S1.);
#1640 = LINE('',#1641,#1642);
#1641 = CARTESIAN_POINT('',(39.51601701017,9.807523879753,1.2));
#1642 = VECTOR('',#1643,1.);
#1643 = DIRECTION('',(0.993512446418,0.113723431234,-0.));
#1644 = PCURVE('',#515,#1645);
#1645 = DEFINITIONAL_REPRESENTATION('',(#1646),#1649);
#1646 = B_SPLINE_CURVE_WITH_KNOTS('',1,(#1647,#1648),.UNSPECIFIED.,.F.,
  .F.,(2,2),(-1.625,39.490177633168),.PIECEWISE_BEZIER_KNOTS.);
#1647 = CARTESIAN_POINT('',(42.,-1.2));
#1648 = CARTESIAN_POINT('',(0.884822366832,-1.2));
#1649 = ( GEOMETRIC_REPRESENTATION_CONTEXT(2) 
PARAMETRIC_REPRESENTATION_CONTEXT() REPRESENTATION_CONTEXT('2D SPACE',''
  ) );
#1650 = PCURVE('',#541,#1651);
#1651 = DEFINITIONAL_REPRESENTATION('',(#1652),#1655);
#1652 = B_SPLINE_CURVE_WITH_KNOTS('',1,(#1653,#1654),.UNSPECIFIED.,.F.,
  .F.,(2,2),(-1.625,39.490177633168),.PIECEWISE_BEZIER_KNOTS.);
#1653 = CARTESIAN_POINT('',(37.90155928474,9.622723303999));
#1654 = CARTESIAN_POINT('',(78.75,14.298482380221));
#1655 = ( GEOMETRIC_REPRESENTATION_CONTEXT(2) 
PARAMETRIC_REPRESENTATION_CONTEXT() REPRESENTATION_CONTEXT('2D SPACE',''
  ) );
#1656 = ORIENTED_EDGE('',*,*,#1657,.T.);
#1657 = EDGE_CURVE('',#1637,#1658,#1660,.T.);
#1658 = VERTEX_POINT('',#1659);
#1659 = CARTESIAN_POINT('',(39.551182087496,9.811549086752,0.));
#1660 = SURFACE_CURVE('',#1661,(#1665,#1671),.PCURVE_S1.);
#1661 = LINE('',#1662,#1663);
#1662 = CARTESIAN_POINT('',(39.551182087496,9.811549086752,0.));
#1663 = VECTOR('',#1664,1.);
#1664 = DIRECTION('',(-0.,-0.,-1.));
#1665 = PCURVE('',#515,#1666);
#1666 = DEFINITIONAL_REPRESENTATION('',(#1667),#1670);
#1667 = B_SPLINE_CURVE_WITH_KNOTS('',1,(#1668,#1669),.UNSPECIFIED.,.F.,
  .F.,(2,2),(-1.2000006,6.E-07),.PIECEWISE_BEZIER_KNOTS.);
#1668 = CARTESIAN_POINT('',(40.339605297646,-1.2000006));
#1669 = CARTESIAN_POINT('',(40.339605297646,6.E-07));
#1670 = ( GEOMETRIC_REPRESENTATION_CONTEXT(2) 
PARAMETRIC_REPRESENTATION_CONTEXT() REPRESENTATION_CONTEXT('2D SPACE',''
  ) );
#1671 = PCURVE('',#670,#1672);
#1672 = DEFINITIONAL_REPRESENTATION('',(#1673),#1676);
#1673 = B_SPLINE_CURVE_WITH_KNOTS('',1,(#1674,#1675),.UNSPECIFIED.,.F.,
  .F.,(2,2),(-1.2000006,6.E-07),.PIECEWISE_BEZIER_KNOTS.);
#1674 = CARTESIAN_POINT('',(-0.243163449683,-1.2000006));
#1675 = CARTESIAN_POINT('',(-0.243163449683,6.E-07));
#1676 = ( GEOMETRIC_REPRESENTATION_CONTEXT(2) 
PARAMETRIC_REPRESENTATION_CONTEXT() REPRESENTATION_CONTEXT('2D SPACE',''
  ) );
#1677 = ORIENTED_EDGE('',*,*,#1678,.T.);
#1678 = EDGE_CURVE('',#1658,#1679,#1681,.T.);
#1679 = VERTEX_POINT('',#1680);
#1680 = CARTESIAN_POINT('',(40.75312619961,9.949130864488,0.));
#1681 = SURFACE_CURVE('',#1682,(#1686,#1692),.PCURVE_S1.);
#1682 = LINE('',#1683,#1684);
#1683 = CARTESIAN_POINT('',(39.51601701017,9.807523879753,0.));
#1684 = VECTOR('',#1685,1.);
#1685 = DIRECTION('',(0.993512446418,0.113723431234,-0.));
#1686 = PCURVE('',#515,#1687);
#1687 = DEFINITIONAL_REPRESENTATION('',(#1688),#1691);
#1688 = B_SPLINE_CURVE_WITH_KNOTS('',1,(#1689,#1690),.UNSPECIFIED.,.F.,
  .F.,(2,2),(-1.625,39.490177633168),.PIECEWISE_BEZIER_KNOTS.);
#1689 = CARTESIAN_POINT('',(42.,0.));
#1690 = CARTESIAN_POINT('',(0.884822366832,0.));
#1691 = ( GEOMETRIC_REPRESENTATION_CONTEXT(2) 
PARAMETRIC_REPRESENTATION_CONTEXT() REPRESENTATION_CONTEXT('2D SPACE',''
  ) );
#1692 = PCURVE('',#1522,#1693);
#1693 = DEFINITIONAL_REPRESENTATION('',(#1694),#1698);
#1694 = LINE('',#1695,#1696);
#1695 = CARTESIAN_POINT('',(39.51601701017,9.807523879753));
#1696 = VECTOR('',#1697,1.);
#1697 = DIRECTION('',(0.993512446418,0.113723431234));
#1698 = ( GEOMETRIC_REPRESENTATION_CONTEXT(2) 
PARAMETRIC_REPRESENTATION_CONTEXT() REPRESENTATION_CONTEXT('2D SPACE',''
  ) );
#1699 = ORIENTED_EDGE('',*,*,#1700,.T.);
#1700 = EDGE_CURVE('',#1679,#1589,#1701,.T.);
#1701 = SURFACE_CURVE('',#1702,(#1706,#1712),.PCURVE_S1.);
#1702 = LINE('',#1703,#1704);
#1703 = CARTESIAN_POINT('',(39.51601701017,9.807523879753,0.));
#1704 = VECTOR('',#1705,1.);
#1705 = DIRECTION('',(0.993512446418,0.113723431234,-0.));
#1706 = PCURVE('',#515,#1707);
#1707 = DEFINITIONAL_REPRESENTATION('',(#1708),#1711);
#1708 = B_SPLINE_CURVE_WITH_KNOTS('',1,(#1709,#1710),.UNSPECIFIED.,.F.,
  .F.,(2,2),(-1.625,39.490177633168),.PIECEWISE_BEZIER_KNOTS.);
#1709 = CARTESIAN_POINT('',(42.,0.));
#1710 = CARTESIAN_POINT('',(0.884822366832,0.));
#1711 = ( GEOMETRIC_REPRESENTATION_CONTEXT(2) 
PARAMETRIC_REPRESENTATION_CONTEXT() REPRESENTATION_CONTEXT('2D SPACE',''
  ) );
#1712 = PCURVE('',#619,#1713);
#1713 = DEFINITIONAL_REPRESENTATION('',(#1714),#1717);
#1714 = B_SPLINE_CURVE_WITH_KNOTS('',1,(#1715,#1716),.UNSPECIFIED.,.F.,
  .F.,(2,2),(-1.625,39.490177633168),.PIECEWISE_BEZIER_KNOTS.);
#1715 = CARTESIAN_POINT('',(37.90155928474,9.622723303999));
#1716 = CARTESIAN_POINT('',(78.75,14.298482380221));
#1717 = ( GEOMETRIC_REPRESENTATION_CONTEXT(2) 
PARAMETRIC_REPRESENTATION_CONTEXT() REPRESENTATION_CONTEXT('2D SPACE',''
  ) );
#1718 = ORIENTED_EDGE('',*,*,#1588,.T.);
#1719 = ADVANCED_FACE('',(#1720),#541,.T.);
#1720 = FACE_BOUND('',#1721,.T.);
#1721 = EDGE_LOOP('',(#1722,#1744,#1745,#1746));
#1722 = ORIENTED_EDGE('',*,*,#1723,.F.);
#1723 = EDGE_CURVE('',#1637,#561,#1724,.T.);
#1724 = SURFACE_CURVE('',#1725,(#1730,#1737),.PCURVE_S1.);
#1725 = CIRCLE('',#1726,40.75);
#1726 = AXIS2_PLACEMENT_3D('',#1727,#1728,#1729);
#1727 = CARTESIAN_POINT('',(3.738235344927E-13,-2.181790905829E-15,1.2)
  );
#1728 = DIRECTION('',(0.,0.,1.));
#1729 = DIRECTION('',(1.,0.,0.));
#1730 = PCURVE('',#541,#1731);
#1731 = DEFINITIONAL_REPRESENTATION('',(#1732),#1736);
#1732 = CIRCLE('',#1733,40.75);
#1733 = AXIS2_PLACEMENT_2D('',#1734,#1735);
#1734 = CARTESIAN_POINT('',(3.782688001934E-13,-7.857624459466E-15));
#1735 = DIRECTION('',(1.,0.));
#1736 = ( GEOMETRIC_REPRESENTATION_CONTEXT(2) 
PARAMETRIC_REPRESENTATION_CONTEXT() REPRESENTATION_CONTEXT('2D SPACE',''
  ) );
#1737 = PCURVE('',#670,#1738);
#1738 = DEFINITIONAL_REPRESENTATION('',(#1739),#1743);
#1739 = LINE('',#1740,#1741);
#1740 = CARTESIAN_POINT('',(-0.,-1.2));
#1741 = VECTOR('',#1742,1.);
#1742 = DIRECTION('',(-1.,0.));
#1743 = ( GEOMETRIC_REPRESENTATION_CONTEXT(2) 
PARAMETRIC_REPRESENTATION_CONTEXT() REPRESENTATION_CONTEXT('2D SPACE',''
  ) );
#1744 = ORIENTED_EDGE('',*,*,#1636,.T.);
#1745 = ORIENTED_EDGE('',*,*,#526,.F.);
#1746 = ORIENTED_EDGE('',*,*,#560,.T.);
#1747 = ADVANCED_FACE('',(#1748),#670,.F.);
#1748 = FACE_BOUND('',#1749,.T.);
#1749 = EDGE_LOOP('',(#1750,#1776,#1777,#1778));
#1750 = ORIENTED_EDGE('',*,*,#1751,.F.);
#1751 = EDGE_CURVE('',#1658,#631,#1752,.T.);
#1752 = SURFACE_CURVE('',#1753,(#1758,#1765),.PCURVE_S1.);
#1753 = CIRCLE('',#1754,40.75);
#1754 = AXIS2_PLACEMENT_3D('',#1755,#1756,#1757);
#1755 = CARTESIAN_POINT('',(3.738235344927E-13,-2.181790905829E-15,0.));
#1756 = DIRECTION('',(0.,0.,1.));
#1757 = DIRECTION('',(1.,0.,0.));
#1758 = PCURVE('',#670,#1759);
#1759 = DEFINITIONAL_REPRESENTATION('',(#1760),#1764);
#1760 = LINE('',#1761,#1762);
#1761 = CARTESIAN_POINT('',(-0.,0.));
#1762 = VECTOR('',#1763,1.);
#1763 = DIRECTION('',(-1.,0.));
#1764 = ( GEOMETRIC_REPRESENTATION_CONTEXT(2) 
PARAMETRIC_REPRESENTATION_CONTEXT() REPRESENTATION_CONTEXT('2D SPACE',''
  ) );
#1765 = PCURVE('',#1766,#1771);
#1766 = CYLINDRICAL_SURFACE('',#1767,40.75);
#1767 = AXIS2_PLACEMENT_3D('',#1768,#1769,#1770);
#1768 = CARTESIAN_POINT('',(2.013309451758E-13,-1.498610031736E-15,0.));
#1769 = DIRECTION('',(0.,0.,1.));
#1770 = DIRECTION('',(1.,0.,0.));
#1771 = DEFINITIONAL_REPRESENTATION('',(#1772),#1775);
#1772 = B_SPLINE_CURVE_WITH_KNOTS('',1,(#1773,#1774),.UNSPECIFIED.,.F.,
  .F.,(2,2),(0.243163449683,1.21680446961),.PIECEWISE_BEZIER_KNOTS.);
#1773 = CARTESIAN_POINT('',(0.243163449683,0.));
#1774 = CARTESIAN_POINT('',(1.21680446961,0.));
#1775 = ( GEOMETRIC_REPRESENTATION_CONTEXT(2) 
PARAMETRIC_REPRESENTATION_CONTEXT() REPRESENTATION_CONTEXT('2D SPACE',''
  ) );
#1776 = ORIENTED_EDGE('',*,*,#1657,.F.);
#1777 = ORIENTED_EDGE('',*,*,#1723,.T.);
#1778 = ORIENTED_EDGE('',*,*,#657,.T.);
#1779 = ADVANCED_FACE('',(#1780),#619,.F.);
#1780 = FACE_BOUND('',#1781,.F.);
#1781 = EDGE_LOOP('',(#1782,#1809,#1810,#1832));
#1782 = ORIENTED_EDGE('',*,*,#1783,.F.);
#1783 = EDGE_CURVE('',#1679,#605,#1784,.T.);
#1784 = SURFACE_CURVE('',#1785,(#1790,#1797),.PCURVE_S1.);
#1785 = CIRCLE('',#1786,41.95);
#1786 = AXIS2_PLACEMENT_3D('',#1787,#1788,#1789);
#1787 = CARTESIAN_POINT('',(0.,0.,0.));
#1788 = DIRECTION('',(0.,0.,1.));
#1789 = DIRECTION('',(1.,0.,0.));
#1790 = PCURVE('',#619,#1791);
#1791 = DEFINITIONAL_REPRESENTATION('',(#1792),#1796);
#1792 = CIRCLE('',#1793,41.95);
#1793 = AXIS2_PLACEMENT_2D('',#1794,#1795);
#1794 = CARTESIAN_POINT('',(4.4452657007E-15,-5.675833553637E-15));
#1795 = DIRECTION('',(1.,0.));
#1796 = ( GEOMETRIC_REPRESENTATION_CONTEXT(2) 
PARAMETRIC_REPRESENTATION_CONTEXT() REPRESENTATION_CONTEXT('2D SPACE',''
  ) );
#1797 = PCURVE('',#1798,#1803);
#1798 = CYLINDRICAL_SURFACE('',#1799,41.95);
#1799 = AXIS2_PLACEMENT_3D('',#1800,#1801,#1802);
#1800 = CARTESIAN_POINT('',(0.,0.,0.));
#1801 = DIRECTION('',(0.,0.,1.));
#1802 = DIRECTION('',(1.,0.,0.));
#1803 = DEFINITIONAL_REPRESENTATION('',(#1804),#1808);
#1804 = LINE('',#1805,#1806);
#1805 = CARTESIAN_POINT('',(0.,0.));
#1806 = VECTOR('',#1807,1.);
#1807 = DIRECTION('',(1.,0.));
#1808 = ( GEOMETRIC_REPRESENTATION_CONTEXT(2) 
PARAMETRIC_REPRESENTATION_CONTEXT() REPRESENTATION_CONTEXT('2D SPACE',''
  ) );
#1809 = ORIENTED_EDGE('',*,*,#1700,.T.);
#1810 = ORIENTED_EDGE('',*,*,#1811,.T.);
#1811 = EDGE_CURVE('',#1589,#583,#1812,.T.);
#1812 = SURFACE_CURVE('',#1813,(#1818,#1825),.PCURVE_S1.);
#1813 = CIRCLE('',#1814,77.55);
#1814 = AXIS2_PLACEMENT_3D('',#1815,#1816,#1817);
#1815 = CARTESIAN_POINT('',(3.738235344927E-13,-2.181790905829E-15,0.));
#1816 = DIRECTION('',(0.,0.,1.));
#1817 = DIRECTION('',(1.,0.,0.));
#1818 = PCURVE('',#619,#1819);
#1819 = DEFINITIONAL_REPRESENTATION('',(#1820),#1824);
#1820 = CIRCLE('',#1821,77.55);
#1821 = AXIS2_PLACEMENT_2D('',#1822,#1823);
#1822 = CARTESIAN_POINT('',(3.782688001934E-13,-7.857624459466E-15));
#1823 = DIRECTION('',(1.,0.));
#1824 = ( GEOMETRIC_REPRESENTATION_CONTEXT(2) 
PARAMETRIC_REPRESENTATION_CONTEXT() REPRESENTATION_CONTEXT('2D SPACE',''
  ) );
#1825 = PCURVE('',#723,#1826);
#1826 = DEFINITIONAL_REPRESENTATION('',(#1827),#1831);
#1827 = LINE('',#1828,#1829);
#1828 = CARTESIAN_POINT('',(0.,0.));
#1829 = VECTOR('',#1830,1.);
#1830 = DIRECTION('',(1.,0.));
#1831 = ( GEOMETRIC_REPRESENTATION_CONTEXT(2) 
PARAMETRIC_REPRESENTATION_CONTEXT() REPRESENTATION_CONTEXT('2D SPACE',''
  ) );
#1832 = ORIENTED_EDGE('',*,*,#604,.T.);
#1833 = ADVANCED_FACE('',(#1834),#645,.T.);
#1834 = FACE_BOUND('',#1835,.T.);
#1835 = EDGE_LOOP('',(#1836,#1837,#1859,#1860));
#1836 = ORIENTED_EDGE('',*,*,#630,.F.);
#1837 = ORIENTED_EDGE('',*,*,#1838,.T.);
#1838 = EDGE_CURVE('',#605,#787,#1839,.T.);
#1839 = SURFACE_CURVE('',#1840,(#1845,#1852),.PCURVE_S1.);
#1840 = CIRCLE('',#1841,41.95);
#1841 = AXIS2_PLACEMENT_3D('',#1842,#1843,#1844);
#1842 = CARTESIAN_POINT('',(0.,0.,0.));
#1843 = DIRECTION('',(0.,0.,1.));
#1844 = DIRECTION('',(1.,0.,0.));
#1845 = PCURVE('',#645,#1846);
#1846 = DEFINITIONAL_REPRESENTATION('',(#1847),#1851);
#1847 = CIRCLE('',#1848,41.95);
#1848 = AXIS2_PLACEMENT_2D('',#1849,#1850);
#1849 = CARTESIAN_POINT('',(3.129302806288E-15,-3.73737430051E-16));
#1850 = DIRECTION('',(1.,0.));
#1851 = ( GEOMETRIC_REPRESENTATION_CONTEXT(2) 
PARAMETRIC_REPRESENTATION_CONTEXT() REPRESENTATION_CONTEXT('2D SPACE',''
  ) );
#1852 = PCURVE('',#1798,#1853);
#1853 = DEFINITIONAL_REPRESENTATION('',(#1854),#1858);
#1854 = LINE('',#1855,#1856);
#1855 = CARTESIAN_POINT('',(0.,0.));
#1856 = VECTOR('',#1857,1.);
#1857 = DIRECTION('',(1.,0.));
#1858 = ( GEOMETRIC_REPRESENTATION_CONTEXT(2) 
PARAMETRIC_REPRESENTATION_CONTEXT() REPRESENTATION_CONTEXT('2D SPACE',''
  ) );
#1859 = ORIENTED_EDGE('',*,*,#786,.F.);
#1860 = ORIENTED_EDGE('',*,*,#1861,.F.);
#1861 = EDGE_CURVE('',#631,#761,#1862,.T.);
#1862 = SURFACE_CURVE('',#1863,(#1868,#1875),.PCURVE_S1.);
#1863 = CIRCLE('',#1864,40.75);
#1864 = AXIS2_PLACEMENT_3D('',#1865,#1866,#1867);
#1865 = CARTESIAN_POINT('',(2.013309451758E-13,-1.498610031736E-15,0.));
#1866 = DIRECTION('',(0.,0.,1.));
#1867 = DIRECTION('',(1.,0.,0.));
#1868 = PCURVE('',#645,#1869);
#1869 = DEFINITIONAL_REPRESENTATION('',(#1870),#1874);
#1870 = CIRCLE('',#1871,40.75);
#1871 = AXIS2_PLACEMENT_2D('',#1872,#1873);
#1872 = CARTESIAN_POINT('',(2.044602479821E-13,-1.872347461787E-15));
#1873 = DIRECTION('',(1.,0.));
#1874 = ( GEOMETRIC_REPRESENTATION_CONTEXT(2) 
PARAMETRIC_REPRESENTATION_CONTEXT() REPRESENTATION_CONTEXT('2D SPACE',''
  ) );
#1875 = PCURVE('',#1766,#1876);
#1876 = DEFINITIONAL_REPRESENTATION('',(#1877),#1881);
#1877 = LINE('',#1878,#1879);
#1878 = CARTESIAN_POINT('',(0.,0.));
#1879 = VECTOR('',#1880,1.);
#1880 = DIRECTION('',(1.,0.));
#1881 = ( GEOMETRIC_REPRESENTATION_CONTEXT(2) 
PARAMETRIC_REPRESENTATION_CONTEXT() REPRESENTATION_CONTEXT('2D SPACE',''
  ) );
#1882 = ADVANCED_FACE('',(#1883),#723,.F.);
#1883 = FACE_BOUND('',#1884,.F.);
#1884 = EDGE_LOOP('',(#1885,#1909,#1930,#1931,#1932,#1954,#1955,#1977,
    #1978,#2000,#2001,#2002));
#1885 = ORIENTED_EDGE('',*,*,#1886,.F.);
#1886 = EDGE_CURVE('',#1887,#1465,#1889,.T.);
#1887 = VERTEX_POINT('',#1888);
#1888 = CARTESIAN_POINT('',(77.55,-2.181790905829E-15,0.));
#1889 = SURFACE_CURVE('',#1890,(#1895,#1902),.PCURVE_S1.);
#1890 = CIRCLE('',#1891,77.55);
#1891 = AXIS2_PLACEMENT_3D('',#1892,#1893,#1894);
#1892 = CARTESIAN_POINT('',(3.738235344927E-13,-2.181790905829E-15,0.));
#1893 = DIRECTION('',(0.,0.,1.));
#1894 = DIRECTION('',(1.,0.,0.));
#1895 = PCURVE('',#723,#1896);
#1896 = DEFINITIONAL_REPRESENTATION('',(#1897),#1901);
#1897 = LINE('',#1898,#1899);
#1898 = CARTESIAN_POINT('',(0.,0.));
#1899 = VECTOR('',#1900,1.);
#1900 = DIRECTION('',(1.,0.));
#1901 = ( GEOMETRIC_REPRESENTATION_CONTEXT(2) 
PARAMETRIC_REPRESENTATION_CONTEXT() REPRESENTATION_CONTEXT('2D SPACE',''
  ) );
#1902 = PCURVE('',#1399,#1903);
#1903 = DEFINITIONAL_REPRESENTATION('',(#1904),#1908);
#1904 = CIRCLE('',#1905,77.55);
#1905 = AXIS2_PLACEMENT_2D('',#1906,#1907);
#1906 = CARTESIAN_POINT('',(3.782688001934E-13,-7.857624459466E-15));
#1907 = DIRECTION('',(1.,0.));
#1908 = ( GEOMETRIC_REPRESENTATION_CONTEXT(2) 
PARAMETRIC_REPRESENTATION_CONTEXT() REPRESENTATION_CONTEXT('2D SPACE',''
  ) );
#1909 = ORIENTED_EDGE('',*,*,#1910,.T.);
#1910 = EDGE_CURVE('',#1887,#1560,#1911,.T.);
#1911 = SEAM_CURVE('',#1912,(#1916,#1923),.PCURVE_S1.);
#1912 = LINE('',#1913,#1914);
#1913 = CARTESIAN_POINT('',(77.55,-2.181790905829E-15,0.));
#1914 = VECTOR('',#1915,1.);
#1915 = DIRECTION('',(-0.,-0.,-1.));
#1916 = PCURVE('',#723,#1917);
#1917 = DEFINITIONAL_REPRESENTATION('',(#1918),#1922);
#1918 = LINE('',#1919,#1920);
#1919 = CARTESIAN_POINT('',(6.28318530718,0.));
#1920 = VECTOR('',#1921,1.);
#1921 = DIRECTION('',(0.,-1.));
#1922 = ( GEOMETRIC_REPRESENTATION_CONTEXT(2) 
PARAMETRIC_REPRESENTATION_CONTEXT() REPRESENTATION_CONTEXT('2D SPACE',''
  ) );
#1923 = PCURVE('',#723,#1924);
#1924 = DEFINITIONAL_REPRESENTATION('',(#1925),#1929);
#1925 = LINE('',#1926,#1927);
#1926 = CARTESIAN_POINT('',(0.,0.));
#1927 = VECTOR('',#1928,1.);
#1928 = DIRECTION('',(0.,-1.));
#1929 = ( GEOMETRIC_REPRESENTATION_CONTEXT(2) 
PARAMETRIC_REPRESENTATION_CONTEXT() REPRESENTATION_CONTEXT('2D SPACE',''
  ) );
#1930 = ORIENTED_EDGE('',*,*,#1559,.T.);
#1931 = ORIENTED_EDGE('',*,*,#1910,.F.);
#1932 = ORIENTED_EDGE('',*,*,#1933,.F.);
#1933 = EDGE_CURVE('',#1269,#1887,#1934,.T.);
#1934 = SURFACE_CURVE('',#1935,(#1940,#1947),.PCURVE_S1.);
#1935 = CIRCLE('',#1936,77.55);
#1936 = AXIS2_PLACEMENT_3D('',#1937,#1938,#1939);
#1937 = CARTESIAN_POINT('',(3.738235344927E-13,-2.181790905829E-15,0.));
#1938 = DIRECTION('',(0.,0.,1.));
#1939 = DIRECTION('',(1.,0.,0.));
#1940 = PCURVE('',#723,#1941);
#1941 = DEFINITIONAL_REPRESENTATION('',(#1942),#1946);
#1942 = LINE('',#1943,#1944);
#1943 = CARTESIAN_POINT('',(0.,0.));
#1944 = VECTOR('',#1945,1.);
#1945 = DIRECTION('',(1.,0.));
#1946 = ( GEOMETRIC_REPRESENTATION_CONTEXT(2) 
PARAMETRIC_REPRESENTATION_CONTEXT() REPRESENTATION_CONTEXT('2D SPACE',''
  ) );
#1947 = PCURVE('',#1399,#1948);
#1948 = DEFINITIONAL_REPRESENTATION('',(#1949),#1953);
#1949 = CIRCLE('',#1950,77.55);
#1950 = AXIS2_PLACEMENT_2D('',#1951,#1952);
#1951 = CARTESIAN_POINT('',(3.782688001934E-13,-7.857624459466E-15));
#1952 = DIRECTION('',(1.,0.));
#1953 = ( GEOMETRIC_REPRESENTATION_CONTEXT(2) 
PARAMETRIC_REPRESENTATION_CONTEXT() REPRESENTATION_CONTEXT('2D SPACE',''
  ) );
#1954 = ORIENTED_EDGE('',*,*,#1290,.F.);
#1955 = ORIENTED_EDGE('',*,*,#1956,.F.);
#1956 = EDGE_CURVE('',#980,#1176,#1957,.T.);
#1957 = SURFACE_CURVE('',#1958,(#1963,#1970),.PCURVE_S1.);
#1958 = CIRCLE('',#1959,77.55);
#1959 = AXIS2_PLACEMENT_3D('',#1960,#1961,#1962);
#1960 = CARTESIAN_POINT('',(3.738235344927E-13,-2.181790905829E-15,0.));
#1961 = DIRECTION('',(0.,0.,1.));
#1962 = DIRECTION('',(1.,0.,0.));
#1963 = PCURVE('',#723,#1964);
#1964 = DEFINITIONAL_REPRESENTATION('',(#1965),#1969);
#1965 = LINE('',#1966,#1967);
#1966 = CARTESIAN_POINT('',(0.,0.));
#1967 = VECTOR('',#1968,1.);
#1968 = DIRECTION('',(1.,0.));
#1969 = ( GEOMETRIC_REPRESENTATION_CONTEXT(2) 
PARAMETRIC_REPRESENTATION_CONTEXT() REPRESENTATION_CONTEXT('2D SPACE',''
  ) );
#1970 = PCURVE('',#1110,#1971);
#1971 = DEFINITIONAL_REPRESENTATION('',(#1972),#1976);
#1972 = CIRCLE('',#1973,77.55);
#1973 = AXIS2_PLACEMENT_2D('',#1974,#1975);
#1974 = CARTESIAN_POINT('',(3.782688001934E-13,-7.857624459466E-15));
#1975 = DIRECTION('',(1.,0.));
#1976 = ( GEOMETRIC_REPRESENTATION_CONTEXT(2) 
PARAMETRIC_REPRESENTATION_CONTEXT() REPRESENTATION_CONTEXT('2D SPACE',''
  ) );
#1977 = ORIENTED_EDGE('',*,*,#1001,.F.);
#1978 = ORIENTED_EDGE('',*,*,#1979,.F.);
#1979 = EDGE_CURVE('',#687,#887,#1980,.T.);
#1980 = SURFACE_CURVE('',#1981,(#1986,#1993),.PCURVE_S1.);
#1981 = CIRCLE('',#1982,77.55);
#1982 = AXIS2_PLACEMENT_3D('',#1983,#1984,#1985);
#1983 = CARTESIAN_POINT('',(3.738235344927E-13,-2.181790905829E-15,0.));
#1984 = DIRECTION('',(0.,0.,1.));
#1985 = DIRECTION('',(1.,0.,0.));
#1986 = PCURVE('',#723,#1987);
#1987 = DEFINITIONAL_REPRESENTATION('',(#1988),#1992);
#1988 = LINE('',#1989,#1990);
#1989 = CARTESIAN_POINT('',(0.,0.));
#1990 = VECTOR('',#1991,1.);
#1991 = DIRECTION('',(1.,0.));
#1992 = ( GEOMETRIC_REPRESENTATION_CONTEXT(2) 
PARAMETRIC_REPRESENTATION_CONTEXT() REPRESENTATION_CONTEXT('2D SPACE',''
  ) );
#1993 = PCURVE('',#821,#1994);
#1994 = DEFINITIONAL_REPRESENTATION('',(#1995),#1999);
#1995 = CIRCLE('',#1996,77.55);
#1996 = AXIS2_PLACEMENT_2D('',#1997,#1998);
#1997 = CARTESIAN_POINT('',(3.782688001934E-13,-7.857624459466E-15));
#1998 = DIRECTION('',(1.,0.));
#1999 = ( GEOMETRIC_REPRESENTATION_CONTEXT(2) 
PARAMETRIC_REPRESENTATION_CONTEXT() REPRESENTATION_CONTEXT('2D SPACE',''
  ) );
#2000 = ORIENTED_EDGE('',*,*,#708,.F.);
#2001 = ORIENTED_EDGE('',*,*,#1811,.F.);
#2002 = ORIENTED_EDGE('',*,*,#1610,.F.);
#2003 = ADVANCED_FACE('',(#2004),#821,.F.);
#2004 = FACE_BOUND('',#2005,.F.);
#2005 = EDGE_LOOP('',(#2006,#2028,#2029,#2030));
#2006 = ORIENTED_EDGE('',*,*,#2007,.F.);
#2007 = EDGE_CURVE('',#787,#909,#2008,.T.);
#2008 = SURFACE_CURVE('',#2009,(#2014,#2021),.PCURVE_S1.);
#2009 = CIRCLE('',#2010,41.95);
#2010 = AXIS2_PLACEMENT_3D('',#2011,#2012,#2013);
#2011 = CARTESIAN_POINT('',(0.,0.,0.));
#2012 = DIRECTION('',(0.,0.,1.));
#2013 = DIRECTION('',(1.,0.,0.));
#2014 = PCURVE('',#821,#2015);
#2015 = DEFINITIONAL_REPRESENTATION('',(#2016),#2020);
#2016 = CIRCLE('',#2017,41.95);
#2017 = AXIS2_PLACEMENT_2D('',#2018,#2019);
#2018 = CARTESIAN_POINT('',(4.4452657007E-15,-5.675833553637E-15));
#2019 = DIRECTION('',(1.,0.));
#2020 = ( GEOMETRIC_REPRESENTATION_CONTEXT(2) 
PARAMETRIC_REPRESENTATION_CONTEXT() REPRESENTATION_CONTEXT('2D SPACE',''
  ) );
#2021 = PCURVE('',#1798,#2022);
#2022 = DEFINITIONAL_REPRESENTATION('',(#2023),#2027);
#2023 = LINE('',#2024,#2025);
#2024 = CARTESIAN_POINT('',(0.,0.));
#2025 = VECTOR('',#2026,1.);
#2026 = DIRECTION('',(1.,0.));
#2027 = ( GEOMETRIC_REPRESENTATION_CONTEXT(2) 
PARAMETRIC_REPRESENTATION_CONTEXT() REPRESENTATION_CONTEXT('2D SPACE',''
  ) );
#2028 = ORIENTED_EDGE('',*,*,#808,.T.);
#2029 = ORIENTED_EDGE('',*,*,#1979,.T.);
#2030 = ORIENTED_EDGE('',*,*,#908,.T.);
#2031 = ADVANCED_FACE('',(#2032),#775,.F.);
#2032 = FACE_BOUND('',#2033,.T.);
#2033 = EDGE_LOOP('',(#2034,#2055,#2056,#2057));
#2034 = ORIENTED_EDGE('',*,*,#2035,.F.);
#2035 = EDGE_CURVE('',#761,#930,#2036,.T.);
#2036 = SURFACE_CURVE('',#2037,(#2042,#2049),.PCURVE_S1.);
#2037 = CIRCLE('',#2038,40.75);
#2038 = AXIS2_PLACEMENT_3D('',#2039,#2040,#2041);
#2039 = CARTESIAN_POINT('',(3.738235344927E-13,-2.181790905829E-15,0.));
#2040 = DIRECTION('',(0.,0.,1.));
#2041 = DIRECTION('',(1.,0.,0.));
#2042 = PCURVE('',#775,#2043);
#2043 = DEFINITIONAL_REPRESENTATION('',(#2044),#2048);
#2044 = LINE('',#2045,#2046);
#2045 = CARTESIAN_POINT('',(-0.,0.));
#2046 = VECTOR('',#2047,1.);
#2047 = DIRECTION('',(-1.,0.));
#2048 = ( GEOMETRIC_REPRESENTATION_CONTEXT(2) 
PARAMETRIC_REPRESENTATION_CONTEXT() REPRESENTATION_CONTEXT('2D SPACE',''
  ) );
#2049 = PCURVE('',#1766,#2050);
#2050 = DEFINITIONAL_REPRESENTATION('',(#2051),#2054);
#2051 = B_SPLINE_CURVE_WITH_KNOTS('',1,(#2052,#2053),.UNSPECIFIED.,.F.,
  .F.,(2,2),(1.475191368666,2.448657855667),.PIECEWISE_BEZIER_KNOTS.);
#2052 = CARTESIAN_POINT('',(1.475191368666,0.));
#2053 = CARTESIAN_POINT('',(2.448657855667,0.));
#2054 = ( GEOMETRIC_REPRESENTATION_CONTEXT(2) 
PARAMETRIC_REPRESENTATION_CONTEXT() REPRESENTATION_CONTEXT('2D SPACE',''
  ) );
#2055 = ORIENTED_EDGE('',*,*,#760,.F.);
#2056 = ORIENTED_EDGE('',*,*,#836,.T.);
#2057 = ORIENTED_EDGE('',*,*,#956,.T.);
#2058 = ADVANCED_FACE('',(#2059),#944,.T.);
#2059 = FACE_BOUND('',#2060,.T.);
#2060 = EDGE_LOOP('',(#2061,#2062,#2084,#2085));
#2061 = ORIENTED_EDGE('',*,*,#929,.F.);
#2062 = ORIENTED_EDGE('',*,*,#2063,.T.);
#2063 = EDGE_CURVE('',#909,#1076,#2064,.T.);
#2064 = SURFACE_CURVE('',#2065,(#2070,#2077),.PCURVE_S1.);
#2065 = CIRCLE('',#2066,41.95);
#2066 = AXIS2_PLACEMENT_3D('',#2067,#2068,#2069);
#2067 = CARTESIAN_POINT('',(0.,0.,0.));
#2068 = DIRECTION('',(0.,0.,1.));
#2069 = DIRECTION('',(1.,0.,0.));
#2070 = PCURVE('',#944,#2071);
#2071 = DEFINITIONAL_REPRESENTATION('',(#2072),#2076);
#2072 = CIRCLE('',#2073,41.95);
#2073 = AXIS2_PLACEMENT_2D('',#2074,#2075);
#2074 = CARTESIAN_POINT('',(3.129302806288E-15,-3.73737430051E-16));
#2075 = DIRECTION('',(1.,0.));
#2076 = ( GEOMETRIC_REPRESENTATION_CONTEXT(2) 
PARAMETRIC_REPRESENTATION_CONTEXT() REPRESENTATION_CONTEXT('2D SPACE',''
  ) );
#2077 = PCURVE('',#1798,#2078);
#2078 = DEFINITIONAL_REPRESENTATION('',(#2079),#2083);
#2079 = LINE('',#2080,#2081);
#2080 = CARTESIAN_POINT('',(0.,0.));
#2081 = VECTOR('',#2082,1.);
#2082 = DIRECTION('',(1.,0.));
#2083 = ( GEOMETRIC_REPRESENTATION_CONTEXT(2) 
PARAMETRIC_REPRESENTATION_CONTEXT() REPRESENTATION_CONTEXT('2D SPACE',''
  ) );
#2084 = ORIENTED_EDGE('',*,*,#1075,.F.);
#2085 = ORIENTED_EDGE('',*,*,#2086,.F.);
#2086 = EDGE_CURVE('',#930,#1050,#2087,.T.);
#2087 = SURFACE_CURVE('',#2088,(#2093,#2100),.PCURVE_S1.);
#2088 = CIRCLE('',#2089,40.75);
#2089 = AXIS2_PLACEMENT_3D('',#2090,#2091,#2092);
#2090 = CARTESIAN_POINT('',(2.013309451758E-13,-1.498610031736E-15,0.));
#2091 = DIRECTION('',(0.,0.,1.));
#2092 = DIRECTION('',(1.,0.,0.));
#2093 = PCURVE('',#944,#2094);
#2094 = DEFINITIONAL_REPRESENTATION('',(#2095),#2099);
#2095 = CIRCLE('',#2096,40.75);
#2096 = AXIS2_PLACEMENT_2D('',#2097,#2098);
#2097 = CARTESIAN_POINT('',(2.044602479821E-13,-1.872347461787E-15));
#2098 = DIRECTION('',(1.,0.));
#2099 = ( GEOMETRIC_REPRESENTATION_CONTEXT(2) 
PARAMETRIC_REPRESENTATION_CONTEXT() REPRESENTATION_CONTEXT('2D SPACE',''
  ) );
#2100 = PCURVE('',#1766,#2101);
#2101 = DEFINITIONAL_REPRESENTATION('',(#2102),#2106);
#2102 = LINE('',#2103,#2104);
#2103 = CARTESIAN_POINT('',(0.,0.));
#2104 = VECTOR('',#2105,1.);
#2105 = DIRECTION('',(1.,0.));
#2106 = ( GEOMETRIC_REPRESENTATION_CONTEXT(2) 
PARAMETRIC_REPRESENTATION_CONTEXT() REPRESENTATION_CONTEXT('2D SPACE',''
  ) );
#2107 = ADVANCED_FACE('',(#2108),#1110,.F.);
#2108 = FACE_BOUND('',#2109,.F.);
#2109 = EDGE_LOOP('',(#2110,#2132,#2133,#2134));
#2110 = ORIENTED_EDGE('',*,*,#2111,.F.);
#2111 = EDGE_CURVE('',#1076,#1198,#2112,.T.);
#2112 = SURFACE_CURVE('',#2113,(#2118,#2125),.PCURVE_S1.);
#2113 = CIRCLE('',#2114,41.95);
#2114 = AXIS2_PLACEMENT_3D('',#2115,#2116,#2117);
#2115 = CARTESIAN_POINT('',(0.,0.,0.));
#2116 = DIRECTION('',(0.,0.,1.));
#2117 = DIRECTION('',(1.,0.,0.));
#2118 = PCURVE('',#1110,#2119);
#2119 = DEFINITIONAL_REPRESENTATION('',(#2120),#2124);
#2120 = CIRCLE('',#2121,41.95);
#2121 = AXIS2_PLACEMENT_2D('',#2122,#2123);
#2122 = CARTESIAN_POINT('',(4.4452657007E-15,-5.675833553637E-15));
#2123 = DIRECTION('',(1.,0.));
#2124 = ( GEOMETRIC_REPRESENTATION_CONTEXT(2) 
PARAMETRIC_REPRESENTATION_CONTEXT() REPRESENTATION_CONTEXT('2D SPACE',''
  ) );
#2125 = PCURVE('',#1798,#2126);
#2126 = DEFINITIONAL_REPRESENTATION('',(#2127),#2131);
#2127 = LINE('',#2128,#2129);
#2128 = CARTESIAN_POINT('',(0.,0.));
#2129 = VECTOR('',#2130,1.);
#2130 = DIRECTION('',(1.,0.));
#2131 = ( GEOMETRIC_REPRESENTATION_CONTEXT(2) 
PARAMETRIC_REPRESENTATION_CONTEXT() REPRESENTATION_CONTEXT('2D SPACE',''
  ) );
#2132 = ORIENTED_EDGE('',*,*,#1097,.T.);
#2133 = ORIENTED_EDGE('',*,*,#1956,.T.);
#2134 = ORIENTED_EDGE('',*,*,#1197,.T.);
#2135 = ADVANCED_FACE('',(#2136),#1064,.F.);
#2136 = FACE_BOUND('',#2137,.T.);
#2137 = EDGE_LOOP('',(#2138,#2159,#2160,#2161));
#2138 = ORIENTED_EDGE('',*,*,#2139,.F.);
#2139 = EDGE_CURVE('',#1050,#1219,#2140,.T.);
#2140 = SURFACE_CURVE('',#2141,(#2146,#2153),.PCURVE_S1.);
#2141 = CIRCLE('',#2142,40.75);
#2142 = AXIS2_PLACEMENT_3D('',#2143,#2144,#2145);
#2143 = CARTESIAN_POINT('',(3.738235344927E-13,-2.181790905829E-15,0.));
#2144 = DIRECTION('',(0.,0.,1.));
#2145 = DIRECTION('',(1.,0.,0.));
#2146 = PCURVE('',#1064,#2147);
#2147 = DEFINITIONAL_REPRESENTATION('',(#2148),#2152);
#2148 = LINE('',#2149,#2150);
#2149 = CARTESIAN_POINT('',(-0.,0.));
#2150 = VECTOR('',#2151,1.);
#2151 = DIRECTION('',(-1.,0.));
#2152 = ( GEOMETRIC_REPRESENTATION_CONTEXT(2) 
PARAMETRIC_REPRESENTATION_CONTEXT() REPRESENTATION_CONTEXT('2D SPACE',''
  ) );
#2153 = PCURVE('',#1766,#2154);
#2154 = DEFINITIONAL_REPRESENTATION('',(#2155),#2158);
#2155 = B_SPLINE_CURVE_WITH_KNOTS('',1,(#2156,#2157),.UNSPECIFIED.,.F.,
  .F.,(2,2),(2.707044754724,3.68068577465),.PIECEWISE_BEZIER_KNOTS.);
#2156 = CARTESIAN_POINT('',(2.707044754724,0.));
#2157 = CARTESIAN_POINT('',(3.68068577465,0.));
#2158 = ( GEOMETRIC_REPRESENTATION_CONTEXT(2) 
PARAMETRIC_REPRESENTATION_CONTEXT() REPRESENTATION_CONTEXT('2D SPACE',''
  ) );
#2159 = ORIENTED_EDGE('',*,*,#1049,.F.);
#2160 = ORIENTED_EDGE('',*,*,#1125,.T.);
#2161 = ORIENTED_EDGE('',*,*,#1245,.T.);
#2162 = ADVANCED_FACE('',(#2163),#1233,.T.);
#2163 = FACE_BOUND('',#2164,.T.);
#2164 = EDGE_LOOP('',(#2165,#2187,#2188,#2210));
#2165 = ORIENTED_EDGE('',*,*,#2166,.T.);
#2166 = EDGE_CURVE('',#1198,#1365,#2167,.T.);
#2167 = SURFACE_CURVE('',#2168,(#2173,#2180),.PCURVE_S1.);
#2168 = CIRCLE('',#2169,41.95);
#2169 = AXIS2_PLACEMENT_3D('',#2170,#2171,#2172);
#2170 = CARTESIAN_POINT('',(0.,0.,0.));
#2171 = DIRECTION('',(0.,0.,1.));
#2172 = DIRECTION('',(1.,0.,0.));
#2173 = PCURVE('',#1233,#2174);
#2174 = DEFINITIONAL_REPRESENTATION('',(#2175),#2179);
#2175 = CIRCLE('',#2176,41.95);
#2176 = AXIS2_PLACEMENT_2D('',#2177,#2178);
#2177 = CARTESIAN_POINT('',(3.129302806288E-15,-3.73737430051E-16));
#2178 = DIRECTION('',(1.,0.));
#2179 = ( GEOMETRIC_REPRESENTATION_CONTEXT(2) 
PARAMETRIC_REPRESENTATION_CONTEXT() REPRESENTATION_CONTEXT('2D SPACE',''
  ) );
#2180 = PCURVE('',#1798,#2181);
#2181 = DEFINITIONAL_REPRESENTATION('',(#2182),#2186);
#2182 = LINE('',#2183,#2184);
#2183 = CARTESIAN_POINT('',(0.,0.));
#2184 = VECTOR('',#2185,1.);
#2185 = DIRECTION('',(1.,0.));
#2186 = ( GEOMETRIC_REPRESENTATION_CONTEXT(2) 
PARAMETRIC_REPRESENTATION_CONTEXT() REPRESENTATION_CONTEXT('2D SPACE',''
  ) );
#2187 = ORIENTED_EDGE('',*,*,#1364,.F.);
#2188 = ORIENTED_EDGE('',*,*,#2189,.F.);
#2189 = EDGE_CURVE('',#1219,#1339,#2190,.T.);
#2190 = SURFACE_CURVE('',#2191,(#2196,#2203),.PCURVE_S1.);
#2191 = CIRCLE('',#2192,40.75);
#2192 = AXIS2_PLACEMENT_3D('',#2193,#2194,#2195);
#2193 = CARTESIAN_POINT('',(2.013309451758E-13,-1.498610031736E-15,0.));
#2194 = DIRECTION('',(0.,0.,1.));
#2195 = DIRECTION('',(1.,0.,0.));
#2196 = PCURVE('',#1233,#2197);
#2197 = DEFINITIONAL_REPRESENTATION('',(#2198),#2202);
#2198 = CIRCLE('',#2199,40.75);
#2199 = AXIS2_PLACEMENT_2D('',#2200,#2201);
#2200 = CARTESIAN_POINT('',(2.044602479821E-13,-1.872347461787E-15));
#2201 = DIRECTION('',(1.,0.));
#2202 = ( GEOMETRIC_REPRESENTATION_CONTEXT(2) 
PARAMETRIC_REPRESENTATION_CONTEXT() REPRESENTATION_CONTEXT('2D SPACE',''
  ) );
#2203 = PCURVE('',#1766,#2204);
#2204 = DEFINITIONAL_REPRESENTATION('',(#2205),#2209);
#2205 = LINE('',#2206,#2207);
#2206 = CARTESIAN_POINT('',(0.,0.));
#2207 = VECTOR('',#2208,1.);
#2208 = DIRECTION('',(1.,0.));
#2209 = ( GEOMETRIC_REPRESENTATION_CONTEXT(2) 
PARAMETRIC_REPRESENTATION_CONTEXT() REPRESENTATION_CONTEXT('2D SPACE',''
  ) );
#2210 = ORIENTED_EDGE('',*,*,#1218,.F.);
#2211 = ADVANCED_FACE('',(#2212),#1399,.F.);
#2212 = FACE_BOUND('',#2213,.F.);
#2213 = EDGE_LOOP('',(#2214,#2236,#2237,#2238,#2239));
#2214 = ORIENTED_EDGE('',*,*,#2215,.F.);
#2215 = EDGE_CURVE('',#1365,#1487,#2216,.T.);
#2216 = SURFACE_CURVE('',#2217,(#2222,#2229),.PCURVE_S1.);
#2217 = CIRCLE('',#2218,41.95);
#2218 = AXIS2_PLACEMENT_3D('',#2219,#2220,#2221);
#2219 = CARTESIAN_POINT('',(0.,0.,0.));
#2220 = DIRECTION('',(0.,0.,1.));
#2221 = DIRECTION('',(1.,0.,0.));
#2222 = PCURVE('',#1399,#2223);
#2223 = DEFINITIONAL_REPRESENTATION('',(#2224),#2228);
#2224 = CIRCLE('',#2225,41.95);
#2225 = AXIS2_PLACEMENT_2D('',#2226,#2227);
#2226 = CARTESIAN_POINT('',(4.4452657007E-15,-5.675833553637E-15));
#2227 = DIRECTION('',(1.,0.));
#2228 = ( GEOMETRIC_REPRESENTATION_CONTEXT(2) 
PARAMETRIC_REPRESENTATION_CONTEXT() REPRESENTATION_CONTEXT('2D SPACE',''
  ) );
#2229 = PCURVE('',#1798,#2230);
#2230 = DEFINITIONAL_REPRESENTATION('',(#2231),#2235);
#2231 = LINE('',#2232,#2233);
#2232 = CARTESIAN_POINT('',(0.,0.));
#2233 = VECTOR('',#2234,1.);
#2234 = DIRECTION('',(1.,0.));
#2235 = ( GEOMETRIC_REPRESENTATION_CONTEXT(2) 
PARAMETRIC_REPRESENTATION_CONTEXT() REPRESENTATION_CONTEXT('2D SPACE',''
  ) );
#2236 = ORIENTED_EDGE('',*,*,#1386,.T.);
#2237 = ORIENTED_EDGE('',*,*,#1933,.T.);
#2238 = ORIENTED_EDGE('',*,*,#1886,.T.);
#2239 = ORIENTED_EDGE('',*,*,#1486,.T.);
#2240 = ADVANCED_FACE('',(#2241),#1353,.F.);
#2241 = FACE_BOUND('',#2242,.T.);
#2242 = EDGE_LOOP('',(#2243,#2264,#2265,#2266));
#2243 = ORIENTED_EDGE('',*,*,#2244,.F.);
#2244 = EDGE_CURVE('',#1339,#1508,#2245,.T.);
#2245 = SURFACE_CURVE('',#2246,(#2251,#2258),.PCURVE_S1.);
#2246 = CIRCLE('',#2247,40.75);
#2247 = AXIS2_PLACEMENT_3D('',#2248,#2249,#2250);
#2248 = CARTESIAN_POINT('',(3.738235344927E-13,-2.181790905829E-15,0.));
#2249 = DIRECTION('',(0.,0.,1.));
#2250 = DIRECTION('',(1.,0.,0.));
#2251 = PCURVE('',#1353,#2252);
#2252 = DEFINITIONAL_REPRESENTATION('',(#2253),#2257);
#2253 = LINE('',#2254,#2255);
#2254 = CARTESIAN_POINT('',(-0.,0.));
#2255 = VECTOR('',#2256,1.);
#2256 = DIRECTION('',(-1.,0.));
#2257 = ( GEOMETRIC_REPRESENTATION_CONTEXT(2) 
PARAMETRIC_REPRESENTATION_CONTEXT() REPRESENTATION_CONTEXT('2D SPACE',''
  ) );
#2258 = PCURVE('',#1766,#2259);
#2259 = DEFINITIONAL_REPRESENTATION('',(#2260),#2263);
#2260 = B_SPLINE_CURVE_WITH_KNOTS('',1,(#2261,#2262),.UNSPECIFIED.,.F.,
  .F.,(2,2),(3.939072673707,6.267961857807),.PIECEWISE_BEZIER_KNOTS.);
#2261 = CARTESIAN_POINT('',(3.939072673707,0.));
#2262 = CARTESIAN_POINT('',(6.267961857807,0.));
#2263 = ( GEOMETRIC_REPRESENTATION_CONTEXT(2) 
PARAMETRIC_REPRESENTATION_CONTEXT() REPRESENTATION_CONTEXT('2D SPACE',''
  ) );
#2264 = ORIENTED_EDGE('',*,*,#1338,.F.);
#2265 = ORIENTED_EDGE('',*,*,#1414,.T.);
#2266 = ORIENTED_EDGE('',*,*,#1534,.T.);
#2267 = ADVANCED_FACE('',(#2268),#1522,.T.);
#2268 = FACE_BOUND('',#2269,.T.);
#2269 = EDGE_LOOP('',(#2270,#2294,#2316,#2317,#2341,#2363));
#2270 = ORIENTED_EDGE('',*,*,#2271,.T.);
#2271 = EDGE_CURVE('',#1487,#2272,#2274,.T.);
#2272 = VERTEX_POINT('',#2273);
#2273 = CARTESIAN_POINT('',(41.95,0.,0.));
#2274 = SURFACE_CURVE('',#2275,(#2280,#2287),.PCURVE_S1.);
#2275 = CIRCLE('',#2276,41.95);
#2276 = AXIS2_PLACEMENT_3D('',#2277,#2278,#2279);
#2277 = CARTESIAN_POINT('',(0.,0.,0.));
#2278 = DIRECTION('',(0.,0.,1.));
#2279 = DIRECTION('',(1.,0.,0.));
#2280 = PCURVE('',#1522,#2281);
#2281 = DEFINITIONAL_REPRESENTATION('',(#2282),#2286);
#2282 = CIRCLE('',#2283,41.95);
#2283 = AXIS2_PLACEMENT_2D('',#2284,#2285);
#2284 = CARTESIAN_POINT('',(3.129302806288E-15,-3.73737430051E-16));
#2285 = DIRECTION('',(1.,0.));
#2286 = ( GEOMETRIC_REPRESENTATION_CONTEXT(2) 
PARAMETRIC_REPRESENTATION_CONTEXT() REPRESENTATION_CONTEXT('2D SPACE',''
  ) );
#2287 = PCURVE('',#1798,#2288);
#2288 = DEFINITIONAL_REPRESENTATION('',(#2289),#2293);
#2289 = LINE('',#2290,#2291);
#2290 = CARTESIAN_POINT('',(0.,0.));
#2291 = VECTOR('',#2292,1.);
#2292 = DIRECTION('',(1.,0.));
#2293 = ( GEOMETRIC_REPRESENTATION_CONTEXT(2) 
PARAMETRIC_REPRESENTATION_CONTEXT() REPRESENTATION_CONTEXT('2D SPACE',''
  ) );
#2294 = ORIENTED_EDGE('',*,*,#2295,.T.);
#2295 = EDGE_CURVE('',#2272,#1679,#2296,.T.);
#2296 = SURFACE_CURVE('',#2297,(#2302,#2309),.PCURVE_S1.);
#2297 = CIRCLE('',#2298,41.95);
#2298 = AXIS2_PLACEMENT_3D('',#2299,#2300,#2301);
#2299 = CARTESIAN_POINT('',(0.,0.,0.));
#2300 = DIRECTION('',(0.,0.,1.));
#2301 = DIRECTION('',(1.,0.,0.));
#2302 = PCURVE('',#1522,#2303);
#2303 = DEFINITIONAL_REPRESENTATION('',(#2304),#2308);
#2304 = CIRCLE('',#2305,41.95);
#2305 = AXIS2_PLACEMENT_2D('',#2306,#2307);
#2306 = CARTESIAN_POINT('',(3.129302806288E-15,-3.73737430051E-16));
#2307 = DIRECTION('',(1.,0.));
#2308 = ( GEOMETRIC_REPRESENTATION_CONTEXT(2) 
PARAMETRIC_REPRESENTATION_CONTEXT() REPRESENTATION_CONTEXT('2D SPACE',''
  ) );
#2309 = PCURVE('',#1798,#2310);
#2310 = DEFINITIONAL_REPRESENTATION('',(#2311),#2315);
#2311 = LINE('',#2312,#2313);
#2312 = CARTESIAN_POINT('',(0.,0.));
#2313 = VECTOR('',#2314,1.);
#2314 = DIRECTION('',(1.,0.));
#2315 = ( GEOMETRIC_REPRESENTATION_CONTEXT(2) 
PARAMETRIC_REPRESENTATION_CONTEXT() REPRESENTATION_CONTEXT('2D SPACE',''
  ) );
#2316 = ORIENTED_EDGE('',*,*,#1678,.F.);
#2317 = ORIENTED_EDGE('',*,*,#2318,.F.);
#2318 = EDGE_CURVE('',#2319,#1658,#2321,.T.);
#2319 = VERTEX_POINT('',#2320);
#2320 = CARTESIAN_POINT('',(40.75,-1.498610031736E-15,0.));
#2321 = SURFACE_CURVE('',#2322,(#2327,#2334),.PCURVE_S1.);
#2322 = CIRCLE('',#2323,40.75);
#2323 = AXIS2_PLACEMENT_3D('',#2324,#2325,#2326);
#2324 = CARTESIAN_POINT('',(2.013309451758E-13,-1.498610031736E-15,0.));
#2325 = DIRECTION('',(0.,0.,1.));
#2326 = DIRECTION('',(1.,0.,0.));
#2327 = PCURVE('',#1522,#2328);
#2328 = DEFINITIONAL_REPRESENTATION('',(#2329),#2333);
#2329 = CIRCLE('',#2330,40.75);
#2330 = AXIS2_PLACEMENT_2D('',#2331,#2332);
#2331 = CARTESIAN_POINT('',(2.044602479821E-13,-1.872347461787E-15));
#2332 = DIRECTION('',(1.,0.));
#2333 = ( GEOMETRIC_REPRESENTATION_CONTEXT(2) 
PARAMETRIC_REPRESENTATION_CONTEXT() REPRESENTATION_CONTEXT('2D SPACE',''
  ) );
#2334 = PCURVE('',#1766,#2335);
#2335 = DEFINITIONAL_REPRESENTATION('',(#2336),#2340);
#2336 = LINE('',#2337,#2338);
#2337 = CARTESIAN_POINT('',(0.,0.));
#2338 = VECTOR('',#2339,1.);
#2339 = DIRECTION('',(1.,0.));
#2340 = ( GEOMETRIC_REPRESENTATION_CONTEXT(2) 
PARAMETRIC_REPRESENTATION_CONTEXT() REPRESENTATION_CONTEXT('2D SPACE',''
  ) );
#2341 = ORIENTED_EDGE('',*,*,#2342,.F.);
#2342 = EDGE_CURVE('',#1508,#2319,#2343,.T.);
#2343 = SURFACE_CURVE('',#2344,(#2349,#2356),.PCURVE_S1.);
#2344 = CIRCLE('',#2345,40.75);
#2345 = AXIS2_PLACEMENT_3D('',#2346,#2347,#2348);
#2346 = CARTESIAN_POINT('',(2.013309451758E-13,-1.498610031736E-15,0.));
#2347 = DIRECTION('',(0.,0.,1.));
#2348 = DIRECTION('',(1.,0.,0.));
#2349 = PCURVE('',#1522,#2350);
#2350 = DEFINITIONAL_REPRESENTATION('',(#2351),#2355);
#2351 = CIRCLE('',#2352,40.75);
#2352 = AXIS2_PLACEMENT_2D('',#2353,#2354);
#2353 = CARTESIAN_POINT('',(2.044602479821E-13,-1.872347461787E-15));
#2354 = DIRECTION('',(1.,0.));
#2355 = ( GEOMETRIC_REPRESENTATION_CONTEXT(2) 
PARAMETRIC_REPRESENTATION_CONTEXT() REPRESENTATION_CONTEXT('2D SPACE',''
  ) );
#2356 = PCURVE('',#1766,#2357);
#2357 = DEFINITIONAL_REPRESENTATION('',(#2358),#2362);
#2358 = LINE('',#2359,#2360);
#2359 = CARTESIAN_POINT('',(0.,0.));
#2360 = VECTOR('',#2361,1.);
#2361 = DIRECTION('',(1.,0.));
#2362 = ( GEOMETRIC_REPRESENTATION_CONTEXT(2) 
PARAMETRIC_REPRESENTATION_CONTEXT() REPRESENTATION_CONTEXT('2D SPACE',''
  ) );
#2363 = ORIENTED_EDGE('',*,*,#1507,.F.);
#2364 = ADVANCED_FACE('',(#2365),#1766,.F.);
#2365 = FACE_BOUND('',#2366,.F.);
#2366 = EDGE_LOOP('',(#2367,#2368,#2391,#2418,#2419,#2420,#2421,#2422,
    #2423,#2424,#2425,#2426));
#2367 = ORIENTED_EDGE('',*,*,#2318,.F.);
#2368 = ORIENTED_EDGE('',*,*,#2369,.T.);
#2369 = EDGE_CURVE('',#2319,#2370,#2372,.T.);
#2370 = VERTEX_POINT('',#2371);
#2371 = CARTESIAN_POINT('',(40.75,-1.498610031736E-15,-3.));
#2372 = SEAM_CURVE('',#2373,(#2377,#2384),.PCURVE_S1.);
#2373 = LINE('',#2374,#2375);
#2374 = CARTESIAN_POINT('',(40.75,-1.498610031736E-15,0.));
#2375 = VECTOR('',#2376,1.);
#2376 = DIRECTION('',(-0.,-0.,-1.));
#2377 = PCURVE('',#1766,#2378);
#2378 = DEFINITIONAL_REPRESENTATION('',(#2379),#2383);
#2379 = LINE('',#2380,#2381);
#2380 = CARTESIAN_POINT('',(6.28318530718,0.));
#2381 = VECTOR('',#2382,1.);
#2382 = DIRECTION('',(0.,-1.));
#2383 = ( GEOMETRIC_REPRESENTATION_CONTEXT(2) 
PARAMETRIC_REPRESENTATION_CONTEXT() REPRESENTATION_CONTEXT('2D SPACE',''
  ) );
#2384 = PCURVE('',#1766,#2385);
#2385 = DEFINITIONAL_REPRESENTATION('',(#2386),#2390);
#2386 = LINE('',#2387,#2388);
#2387 = CARTESIAN_POINT('',(0.,0.));
#2388 = VECTOR('',#2389,1.);
#2389 = DIRECTION('',(0.,-1.));
#2390 = ( GEOMETRIC_REPRESENTATION_CONTEXT(2) 
PARAMETRIC_REPRESENTATION_CONTEXT() REPRESENTATION_CONTEXT('2D SPACE',''
  ) );
#2391 = ORIENTED_EDGE('',*,*,#2392,.T.);
#2392 = EDGE_CURVE('',#2370,#2370,#2393,.T.);
#2393 = SURFACE_CURVE('',#2394,(#2399,#2406),.PCURVE_S1.);
#2394 = CIRCLE('',#2395,40.75);
#2395 = AXIS2_PLACEMENT_3D('',#2396,#2397,#2398);
#2396 = CARTESIAN_POINT('',(2.013309451758E-13,-1.498610031736E-15,-3.)
  );
#2397 = DIRECTION('',(0.,0.,1.));
#2398 = DIRECTION('',(1.,0.,0.));
#2399 = PCURVE('',#1766,#2400);
#2400 = DEFINITIONAL_REPRESENTATION('',(#2401),#2405);
#2401 = LINE('',#2402,#2403);
#2402 = CARTESIAN_POINT('',(0.,-3.));
#2403 = VECTOR('',#2404,1.);
#2404 = DIRECTION('',(1.,0.));
#2405 = ( GEOMETRIC_REPRESENTATION_CONTEXT(2) 
PARAMETRIC_REPRESENTATION_CONTEXT() REPRESENTATION_CONTEXT('2D SPACE',''
  ) );
#2406 = PCURVE('',#2407,#2412);
#2407 = PLANE('',#2408);
#2408 = AXIS2_PLACEMENT_3D('',#2409,#2410,#2411);
#2409 = CARTESIAN_POINT('',(-3.129302806288E-15,3.73737430051E-16,-3.));
#2410 = DIRECTION('',(0.,0.,1.));
#2411 = DIRECTION('',(1.,0.,-0.));
#2412 = DEFINITIONAL_REPRESENTATION('',(#2413),#2417);
#2413 = CIRCLE('',#2414,40.75);
#2414 = AXIS2_PLACEMENT_2D('',#2415,#2416);
#2415 = CARTESIAN_POINT('',(2.044602479821E-13,-1.872347461787E-15));
#2416 = DIRECTION('',(1.,0.));
#2417 = ( GEOMETRIC_REPRESENTATION_CONTEXT(2) 
PARAMETRIC_REPRESENTATION_CONTEXT() REPRESENTATION_CONTEXT('2D SPACE',''
  ) );
#2418 = ORIENTED_EDGE('',*,*,#2369,.F.);
#2419 = ORIENTED_EDGE('',*,*,#2342,.F.);
#2420 = ORIENTED_EDGE('',*,*,#2244,.F.);
#2421 = ORIENTED_EDGE('',*,*,#2189,.F.);
#2422 = ORIENTED_EDGE('',*,*,#2139,.F.);
#2423 = ORIENTED_EDGE('',*,*,#2086,.F.);
#2424 = ORIENTED_EDGE('',*,*,#2035,.F.);
#2425 = ORIENTED_EDGE('',*,*,#1861,.F.);
#2426 = ORIENTED_EDGE('',*,*,#1751,.F.);
#2427 = ADVANCED_FACE('',(#2428),#1798,.T.);
#2428 = FACE_BOUND('',#2429,.T.);
#2429 = EDGE_LOOP('',(#2430,#2431,#2454,#2476,#2477,#2478,#2479,#2480,
    #2481,#2482,#2483,#2484));
#2430 = ORIENTED_EDGE('',*,*,#2295,.F.);
#2431 = ORIENTED_EDGE('',*,*,#2432,.T.);
#2432 = EDGE_CURVE('',#2272,#2433,#2435,.T.);
#2433 = VERTEX_POINT('',#2434);
#2434 = CARTESIAN_POINT('',(41.95,0.,-3.));
#2435 = SEAM_CURVE('',#2436,(#2440,#2447),.PCURVE_S1.);
#2436 = LINE('',#2437,#2438);
#2437 = CARTESIAN_POINT('',(41.95,0.,0.));
#2438 = VECTOR('',#2439,1.);
#2439 = DIRECTION('',(-0.,-0.,-1.));
#2440 = PCURVE('',#1798,#2441);
#2441 = DEFINITIONAL_REPRESENTATION('',(#2442),#2446);
#2442 = LINE('',#2443,#2444);
#2443 = CARTESIAN_POINT('',(6.28318530718,0.));
#2444 = VECTOR('',#2445,1.);
#2445 = DIRECTION('',(0.,-1.));
#2446 = ( GEOMETRIC_REPRESENTATION_CONTEXT(2) 
PARAMETRIC_REPRESENTATION_CONTEXT() REPRESENTATION_CONTEXT('2D SPACE',''
  ) );
#2447 = PCURVE('',#1798,#2448);
#2448 = DEFINITIONAL_REPRESENTATION('',(#2449),#2453);
#2449 = LINE('',#2450,#2451);
#2450 = CARTESIAN_POINT('',(0.,0.));
#2451 = VECTOR('',#2452,1.);
#2452 = DIRECTION('',(0.,-1.));
#2453 = ( GEOMETRIC_REPRESENTATION_CONTEXT(2) 
PARAMETRIC_REPRESENTATION_CONTEXT() REPRESENTATION_CONTEXT('2D SPACE',''
  ) );
#2454 = ORIENTED_EDGE('',*,*,#2455,.T.);
#2455 = EDGE_CURVE('',#2433,#2433,#2456,.T.);
#2456 = SURFACE_CURVE('',#2457,(#2462,#2469),.PCURVE_S1.);
#2457 = CIRCLE('',#2458,41.95);
#2458 = AXIS2_PLACEMENT_3D('',#2459,#2460,#2461);
#2459 = CARTESIAN_POINT('',(0.,0.,-3.));
#2460 = DIRECTION('',(0.,0.,1.));
#2461 = DIRECTION('',(1.,0.,0.));
#2462 = PCURVE('',#1798,#2463);
#2463 = DEFINITIONAL_REPRESENTATION('',(#2464),#2468);
#2464 = LINE('',#2465,#2466);
#2465 = CARTESIAN_POINT('',(0.,-3.));
#2466 = VECTOR('',#2467,1.);
#2467 = DIRECTION('',(1.,0.));
#2468 = ( GEOMETRIC_REPRESENTATION_CONTEXT(2) 
PARAMETRIC_REPRESENTATION_CONTEXT() REPRESENTATION_CONTEXT('2D SPACE',''
  ) );
#2469 = PCURVE('',#2407,#2470);
#2470 = DEFINITIONAL_REPRESENTATION('',(#2471),#2475);
#2471 = CIRCLE('',#2472,41.95);
#2472 = AXIS2_PLACEMENT_2D('',#2473,#2474);
#2473 = CARTESIAN_POINT('',(3.129302806288E-15,-3.73737430051E-16));
#2474 = DIRECTION('',(1.,0.));
#2475 = ( GEOMETRIC_REPRESENTATION_CONTEXT(2) 
PARAMETRIC_REPRESENTATION_CONTEXT() REPRESENTATION_CONTEXT('2D SPACE',''
  ) );
#2476 = ORIENTED_EDGE('',*,*,#2432,.F.);
#2477 = ORIENTED_EDGE('',*,*,#2271,.F.);
#2478 = ORIENTED_EDGE('',*,*,#2215,.F.);
#2479 = ORIENTED_EDGE('',*,*,#2166,.F.);
#2480 = ORIENTED_EDGE('',*,*,#2111,.F.);
#2481 = ORIENTED_EDGE('',*,*,#2063,.F.);
#2482 = ORIENTED_EDGE('',*,*,#2007,.F.);
#2483 = ORIENTED_EDGE('',*,*,#1838,.F.);
#2484 = ORIENTED_EDGE('',*,*,#1783,.F.);
#2485 = ADVANCED_FACE('',(#2486,#2489),#2407,.F.);
#2486 = FACE_BOUND('',#2487,.F.);
#2487 = EDGE_LOOP('',(#2488));
#2488 = ORIENTED_EDGE('',*,*,#2455,.T.);
#2489 = FACE_BOUND('',#2490,.F.);
#2490 = EDGE_LOOP('',(#2491));
#2491 = ORIENTED_EDGE('',*,*,#2392,.F.);
#2492 = ( GEOMETRIC_REPRESENTATION_CONTEXT(3) 
GLOBAL_UNCERTAINTY_ASSIGNED_CONTEXT((#2496)) 
GLOBAL_UNIT_ASSIGNED_CONTEXT((#2493,#2494,#2495)) REPRESENTATION_CONTEXT
('Context #1','3D Context with UNIT and UNCERTAINTY') );
#2493 = ( LENGTH_UNIT() NAMED_UNIT(*) SI_UNIT(.MILLI.,.METRE.) );
#2494 = ( NAMED_UNIT(*) PLANE_ANGLE_UNIT() SI_UNIT($,.RADIAN.) );
#2495 = ( NAMED_UNIT(*) SI_UNIT($,.STERADIAN.) SOLID_ANGLE_UNIT() );
#2496 = UNCERTAINTY_MEASURE_WITH_UNIT(LENGTH_MEASURE(1.E-07),#2493,
  'distance_accuracy_value','confusion accuracy');
#2497 = PRODUCT_RELATED_PRODUCT_CATEGORY('part',$,(#7));
ENDSEC;
END-ISO-10303-21;
