ISO-10303-21;
HEADER;
FILE_DESCRIPTION(('Open CASCADE Model'),'2;1');
FILE_NAME('Open CASCADE Shape Model','2026-06-17T03:17:36',('Author'),(
    'Open CASCADE'),'Open CASCADE STEP processor 7.8','build123d',
  'Unknown');
FILE_SCHEMA(('AUTOMOTIVE_DESIGN { 1 0 10303 214 1 1 1 1 }'));
ENDSEC;
DATA;
#1 = APPLICATION_PROTOCOL_DEFINITION('international standard',
  'automotive_design',2000,#2);
#2 = APPLICATION_CONTEXT(
  'core data for automotive mechanical design processes');
#3 = SHAPE_DEFINITION_REPRESENTATION(#4,#10);
#4 = PRODUCT_DEFINITION_SHAPE('','',#5);
#5 = PRODUCT_DEFINITION('design','',#6,#9);
#6 = PRODUCT_DEFINITION_FORMATION('','',#7);
#7 = PRODUCT('=>[0:1:1:2]','=>[0:1:1:2]','',(#8));
#8 = PRODUCT_CONTEXT('',#2,'mechanical');
#9 = PRODUCT_DEFINITION_CONTEXT('part definition',#2,'design');
#10 = SHAPE_REPRESENTATION('',(#11,#15),#19);
#11 = AXIS2_PLACEMENT_3D('',#12,#13,#14);
#12 = CARTESIAN_POINT('',(0.,0.,0.));
#13 = DIRECTION('',(0.,0.,1.));
#14 = DIRECTION('',(1.,0.,-0.));
#15 = AXIS2_PLACEMENT_3D('',#16,#17,#18);
#16 = CARTESIAN_POINT('',(0.,0.,0.));
#17 = DIRECTION('',(0.,0.,1.));
#18 = DIRECTION('',(1.,0.,0.));
#19 = ( GEOMETRIC_REPRESENTATION_CONTEXT(3) 
GLOBAL_UNCERTAINTY_ASSIGNED_CONTEXT((#23)) GLOBAL_UNIT_ASSIGNED_CONTEXT(
(#20,#21,#22)) REPRESENTATION_CONTEXT('Context #1',
  '3D Context with UNIT and UNCERTAINTY') );
#20 = ( LENGTH_UNIT() NAMED_UNIT(*) SI_UNIT(.MILLI.,.METRE.) );
#21 = ( NAMED_UNIT(*) PLANE_ANGLE_UNIT() SI_UNIT($,.RADIAN.) );
#22 = ( NAMED_UNIT(*) SI_UNIT($,.STERADIAN.) SOLID_ANGLE_UNIT() );
#23 = UNCERTAINTY_MEASURE_WITH_UNIT(LENGTH_MEASURE(2.E-07),#20,
  'distance_accuracy_value','confusion accuracy');
#24 = PRODUCT_RELATED_PRODUCT_CATEGORY('part',$,(#7));
#25 = SHAPE_DEFINITION_REPRESENTATION(#26,#32);
#26 = PRODUCT_DEFINITION_SHAPE('','',#27);
#27 = PRODUCT_DEFINITION('design','',#28,#31);
#28 = PRODUCT_DEFINITION_FORMATION('','',#29);
#29 = PRODUCT('SOLID','SOLID','',(#30));
#30 = PRODUCT_CONTEXT('',#2,'mechanical');
#31 = PRODUCT_DEFINITION_CONTEXT('part definition',#2,'design');
#32 = ADVANCED_BREP_SHAPE_REPRESENTATION('',(#11,#33),#5447);
#33 = MANIFOLD_SOLID_BREP('',#34);
#34 = CLOSED_SHELL('',(#35,#2607,#2642,#2672,#2898,#3124,#3350,#3576,
    #3802,#4028,#4254,#4480,#4706,#4932,#5158,#5384));
#35 = ADVANCED_FACE('',(#36,#123,#330,#537,#744,#951,#1158,#1365,#1572,
    #1779,#1986,#2193,#2400),#49,.T.);
#36 = FACE_BOUND('',#37,.T.);
#37 = EDGE_LOOP('',(#38,#72,#95,#122));
#38 = ORIENTED_EDGE('',*,*,#39,.F.);
#39 = EDGE_CURVE('',#40,#40,#42,.T.);
#40 = VERTEX_POINT('',#41);
#41 = CARTESIAN_POINT('',(72.05,-1.764716037571E-14,126.));
#42 = SURFACE_CURVE('',#43,(#48,#60),.PCURVE_S1.);
#43 = CIRCLE('',#44,72.05);
#44 = AXIS2_PLACEMENT_3D('',#45,#46,#47);
#45 = CARTESIAN_POINT('',(0.,0.,126.));
#46 = DIRECTION('',(0.,0.,1.));
#47 = DIRECTION('',(1.,0.,-0.));
#48 = PCURVE('',#49,#54);
#49 = CYLINDRICAL_SURFACE('',#50,72.05);
#50 = AXIS2_PLACEMENT_3D('',#51,#52,#53);
#51 = CARTESIAN_POINT('',(0.,0.,91.));
#52 = DIRECTION('',(0.,0.,1.));
#53 = DIRECTION('',(1.,0.,-0.));
#54 = DEFINITIONAL_REPRESENTATION('',(#55),#59);
#55 = LINE('',#56,#57);
#56 = CARTESIAN_POINT('',(0.,35.));
#57 = VECTOR('',#58,1.);
#58 = DIRECTION('',(1.,0.));
#59 = ( GEOMETRIC_REPRESENTATION_CONTEXT(2) 
PARAMETRIC_REPRESENTATION_CONTEXT() REPRESENTATION_CONTEXT('2D SPACE',''
  ) );
#60 = PCURVE('',#61,#66);
#61 = PLANE('',#62);
#62 = AXIS2_PLACEMENT_3D('',#63,#64,#65);
#63 = CARTESIAN_POINT('',(0.,0.,126.));
#64 = DIRECTION('',(0.,0.,1.));
#65 = DIRECTION('',(1.,0.,-0.));
#66 = DEFINITIONAL_REPRESENTATION('',(#67),#71);
#67 = CIRCLE('',#68,72.05);
#68 = AXIS2_PLACEMENT_2D('',#69,#70);
#69 = CARTESIAN_POINT('',(0.,0.));
#70 = DIRECTION('',(1.,0.));
#71 = ( GEOMETRIC_REPRESENTATION_CONTEXT(2) 
PARAMETRIC_REPRESENTATION_CONTEXT() REPRESENTATION_CONTEXT('2D SPACE',''
  ) );
#72 = ORIENTED_EDGE('',*,*,#73,.F.);
#73 = EDGE_CURVE('',#74,#40,#76,.T.);
#74 = VERTEX_POINT('',#75);
#75 = CARTESIAN_POINT('',(72.05,-1.764716037571E-14,91.));
#76 = SEAM_CURVE('',#77,(#81,#88),.PCURVE_S1.);
#77 = LINE('',#78,#79);
#78 = CARTESIAN_POINT('',(72.05,-1.764716037571E-14,91.));
#79 = VECTOR('',#80,1.);
#80 = DIRECTION('',(0.,0.,1.));
#81 = PCURVE('',#49,#82);
#82 = DEFINITIONAL_REPRESENTATION('',(#83),#87);
#83 = LINE('',#84,#85);
#84 = CARTESIAN_POINT('',(0.,-0.));
#85 = VECTOR('',#86,1.);
#86 = DIRECTION('',(0.,1.));
#87 = ( GEOMETRIC_REPRESENTATION_CONTEXT(2) 
PARAMETRIC_REPRESENTATION_CONTEXT() REPRESENTATION_CONTEXT('2D SPACE',''
  ) );
#88 = PCURVE('',#49,#89);
#89 = DEFINITIONAL_REPRESENTATION('',(#90),#94);
#90 = LINE('',#91,#92);
#91 = CARTESIAN_POINT('',(6.28318530718,-0.));
#92 = VECTOR('',#93,1.);
#93 = DIRECTION('',(0.,1.));
#94 = ( GEOMETRIC_REPRESENTATION_CONTEXT(2) 
PARAMETRIC_REPRESENTATION_CONTEXT() REPRESENTATION_CONTEXT('2D SPACE',''
  ) );
#95 = ORIENTED_EDGE('',*,*,#96,.T.);
#96 = EDGE_CURVE('',#74,#74,#97,.T.);
#97 = SURFACE_CURVE('',#98,(#103,#110),.PCURVE_S1.);
#98 = CIRCLE('',#99,72.05);
#99 = AXIS2_PLACEMENT_3D('',#100,#101,#102);
#100 = CARTESIAN_POINT('',(0.,0.,91.));
#101 = DIRECTION('',(0.,0.,1.));
#102 = DIRECTION('',(1.,0.,-0.));
#103 = PCURVE('',#49,#104);
#104 = DEFINITIONAL_REPRESENTATION('',(#105),#109);
#105 = LINE('',#106,#107);
#106 = CARTESIAN_POINT('',(0.,0.));
#107 = VECTOR('',#108,1.);
#108 = DIRECTION('',(1.,0.));
#109 = ( GEOMETRIC_REPRESENTATION_CONTEXT(2) 
PARAMETRIC_REPRESENTATION_CONTEXT() REPRESENTATION_CONTEXT('2D SPACE',''
  ) );
#110 = PCURVE('',#111,#116);
#111 = PLANE('',#112);
#112 = AXIS2_PLACEMENT_3D('',#113,#114,#115);
#113 = CARTESIAN_POINT('',(0.,0.,91.));
#114 = DIRECTION('',(0.,0.,1.));
#115 = DIRECTION('',(1.,0.,-0.));
#116 = DEFINITIONAL_REPRESENTATION('',(#117),#121);
#117 = CIRCLE('',#118,72.05);
#118 = AXIS2_PLACEMENT_2D('',#119,#120);
#119 = CARTESIAN_POINT('',(0.,0.));
#120 = DIRECTION('',(1.,0.));
#121 = ( GEOMETRIC_REPRESENTATION_CONTEXT(2) 
PARAMETRIC_REPRESENTATION_CONTEXT() REPRESENTATION_CONTEXT('2D SPACE',''
  ) );
#122 = ORIENTED_EDGE('',*,*,#73,.T.);
#123 = FACE_BOUND('',#124,.T.);
#124 = EDGE_LOOP('',(#125));
#125 = ORIENTED_EDGE('',*,*,#126,.F.);
#126 = EDGE_CURVE('',#127,#127,#129,.T.);
#127 = VERTEX_POINT('',#128);
#128 = CARTESIAN_POINT('',(43.960959059086,57.084468803741,95.7));
#129 = SURFACE_CURVE('',#130,(#193,#259),.PCURVE_S1.);
#130 = B_SPLINE_CURVE_WITH_KNOTS('',7,(#131,#132,#133,#134,#135,#136,
    #137,#138,#139,#140,#141,#142,#143,#144,#145,#146,#147,#148,#149,
    #150,#151,#152,#153,#154,#155,#156,#157,#158,#159,#160,#161,#162,
    #163,#164,#165,#166,#167,#168,#169,#170,#171,#172,#173,#174,#175,
    #176,#177,#178,#179,#180,#181,#182,#183,#184,#185,#186,#187,#188,
    #189,#190,#191,#192),.UNSPECIFIED.,.T.,.F.,(1,7,6,6,6,6,6,6,6,6,6,7,
    1),(-5.1294242909E-02,0.,8.234476027448E-02,0.180750258059,
    0.344502042888,0.442272589009,0.531818537288,0.631499898289,
    0.75006364844,0.844378350771,0.948705757091,1.,1.082344760274),
  .UNSPECIFIED.);
#131 = CARTESIAN_POINT('',(43.960959059086,57.084468803742,95.7));
#132 = CARTESIAN_POINT('',(43.726615279392,57.264937809073,95.7));
#133 = CARTESIAN_POINT('',(43.49376170198,57.442471639235,
    95.730929323748));
#134 = CARTESIAN_POINT('',(43.266370844374,57.614073326903,
    95.791670013026));
#135 = CARTESIAN_POINT('',(43.048292683385,57.777027441839,
    95.879822352593));
#136 = CARTESIAN_POINT('',(42.84297881247,57.929067354429,95.99178547667
    ));
#137 = CARTESIAN_POINT('',(42.653233531513,58.068490987388,
    96.122822100967));
#138 = CARTESIAN_POINT('',(42.275155741969,58.34448262553,
    96.439534437951));
#139 = CARTESIAN_POINT('',(42.091705272615,58.477096670715,
    96.633070184339));
#140 = CARTESIAN_POINT('',(41.930452025298,58.592730204687,
    96.842527382055));
#141 = CARTESIAN_POINT('',(41.790792000755,58.692239520234,
    97.063975266568));
#142 = CARTESIAN_POINT('',(41.671959040639,58.776490930657,
    97.294405994625));
#143 = CARTESIAN_POINT('',(41.573208391466,58.846242429029,
    97.531503377112));
#144 = CARTESIAN_POINT('',(41.362007839176,58.9950239236,98.176231786683
    ));
#145 = CARTESIAN_POINT('',(41.284022436048,59.049445497705,
    98.59250732745));
#146 = CARTESIAN_POINT('',(41.257059577223,59.068170276484,
    99.014532990523));
#147 = CARTESIAN_POINT('',(41.280033998536,59.052180927586,
    99.437298145034));
#148 = CARTESIAN_POINT('',(41.353565361586,59.000942960395,
    99.855661425614));
#149 = CARTESIAN_POINT('',(41.479836398813,58.91243989424,
    100.26338603674));
#150 = CARTESIAN_POINT('',(41.770908984964,58.706144925244,
    100.88083387069));
#151 = CARTESIAN_POINT('',(41.900010424285,58.614292403627,
    101.1048340857));
#152 = CARTESIAN_POINT('',(42.050096160664,58.506975662607,
    101.31925106695));
#153 = CARTESIAN_POINT('',(42.221737905309,58.383466894219,
    101.52071434881));
#154 = CARTESIAN_POINT('',(42.415268061013,58.243114778619,
    101.70513998114));
#155 = CARTESIAN_POINT('',(42.630589801809,58.085469229768,
    101.86755507807));
#156 = CARTESIAN_POINT('',(43.083284270663,57.750373250225,
    102.12472442952));
#157 = CARTESIAN_POINT('',(43.319006328629,57.574424495569,
    102.2250035736));
#158 = CARTESIAN_POINT('',(43.568825589543,57.38609792057,
    102.29430012389));
#159 = CARTESIAN_POINT('',(43.82623655954,57.189844548059,102.3274545938
    ));
#160 = CARTESIAN_POINT('',(44.084168836859,56.990885507127,
    102.32251592965));
#161 = CARTESIAN_POINT('',(44.335706316191,56.794720347017,
    102.28080237541));
#162 = CARTESIAN_POINT('',(44.840957968731,56.396859434838,
    102.12479805601));
#163 = CARTESIAN_POINT('',(45.088041850535,56.199927646568,
    102.00395468497));
#164 = CARTESIAN_POINT('',(45.313692382616,56.018081692689,
    101.85122692333));
#165 = CARTESIAN_POINT('',(45.516662919553,55.852958977444,
    101.67281195576));
#166 = CARTESIAN_POINT('',(45.69646149843,55.705542973677,101.4745164196
    ));
#167 = CARTESIAN_POINT('',(45.85321452866,55.576215323527,
    101.26182865479));
#168 = CARTESIAN_POINT('',(46.147527087753,55.332191193645,
    100.77598593839));
#169 = CARTESIAN_POINT('',(46.277497229833,55.223521308779,
    100.49625047029));
#170 = CARTESIAN_POINT('',(46.379345432386,55.137863064207,
    100.2059897149));
#171 = CARTESIAN_POINT('',(46.454617576757,55.074318858447,
    99.908836103874));
#172 = CARTESIAN_POINT('',(46.504434931603,55.032182386977,
    99.607424036491));
#173 = CARTESIAN_POINT('',(46.529380467452,55.011083004383,
    99.30384176356));
#174 = CARTESIAN_POINT('',(46.529380467452,55.011083004383,
    98.758300952444));
#175 = CARTESIAN_POINT('',(46.513594873899,55.024434771082,
    98.516682301068));
#176 = CARTESIAN_POINT('',(46.482043637183,55.051121302392,
    98.276172297682));
#177 = CARTESIAN_POINT('',(46.434501612179,55.09128438713,
    98.037834684821));
#178 = CARTESIAN_POINT('',(46.370529660806,55.145197458845,
    97.802908968354));
#179 = CARTESIAN_POINT('',(46.289502679692,55.213232448225,
    97.572954732893));
#180 = CARTESIAN_POINT('',(46.081270318388,55.387176605175,
    97.103375789412));
#181 = CARTESIAN_POINT('',(45.9496248138,55.496716467387,96.864299734158
    ));
#182 = CARTESIAN_POINT('',(45.794601975493,55.625044805235,
    96.636315460538));
#183 = CARTESIAN_POINT('',(45.615221797742,55.772551610368,
    96.423741471228));
#184 = CARTESIAN_POINT('',(45.410738674511,55.939302631257,
    96.231775896681));
#185 = CARTESIAN_POINT('',(45.180871915815,56.124837000675,
    96.066717550779));
#186 = CARTESIAN_POINT('',(44.801167697055,56.427683814524,
    95.872306135378));
#187 = CARTESIAN_POINT('',(44.670167998798,56.531636928128,
    95.816683033571));
#188 = CARTESIAN_POINT('',(44.534164730793,56.638963685302,
    95.770796181879));
#189 = CARTESIAN_POINT('',(44.394133507844,56.748818968312,
    95.735638408625));
#190 = CARTESIAN_POINT('',(44.251151397454,56.860302637128,
    95.711907834025));
#191 = CARTESIAN_POINT('',(44.106365088362,56.972491086617,95.7));
#192 = CARTESIAN_POINT('',(43.960959059086,57.084468803742,95.7));
#193 = PCURVE('',#49,#194);
#194 = DEFINITIONAL_REPRESENTATION('',(#195),#258);
#195 = B_SPLINE_CURVE_WITH_KNOTS('',7,(#196,#197,#198,#199,#200,#201,
    #202,#203,#204,#205,#206,#207,#208,#209,#210,#211,#212,#213,#214,
    #215,#216,#217,#218,#219,#220,#221,#222,#223,#224,#225,#226,#227,
    #228,#229,#230,#231,#232,#233,#234,#235,#236,#237,#238,#239,#240,
    #241,#242,#243,#244,#245,#246,#247,#248,#249,#250,#251,#252,#253,
    #254,#255,#256,#257),.UNSPECIFIED.,.T.,.F.,(1,7,6,6,6,6,6,6,6,6,6,7,
    1),(-5.1294242909E-02,0.,8.234476027448E-02,0.180750258059,
    0.344502042888,0.442272589009,0.531818537288,0.631499898289,
    0.75006364844,0.844378350771,0.948705757091,1.,1.082344760274),
  .UNSPECIFIED.);
#196 = CARTESIAN_POINT('',(0.914552528045,4.7));
#197 = CARTESIAN_POINT('',(0.918657738877,4.7));
#198 = CARTESIAN_POINT('',(0.922721706844,4.730929323748));
#199 = CARTESIAN_POINT('',(0.926675481624,4.791670013026));
#200 = CARTESIAN_POINT('',(0.930453836904,4.879822352593));
#201 = CARTESIAN_POINT('',(0.933999663983,4.99178547667));
#202 = CARTESIAN_POINT('',(0.937267680274,5.122822100967));
#203 = CARTESIAN_POINT('',(0.943764506878,5.439534437951));
#204 = CARTESIAN_POINT('',(0.946906232556,5.633070184339));
#205 = CARTESIAN_POINT('',(0.949660239935,5.842527382055));
#206 = CARTESIAN_POINT('',(0.952040306755,6.063975266568));
#207 = CARTESIAN_POINT('',(0.954062083462,6.294405994625));
#208 = CARTESIAN_POINT('',(0.955740092269,6.531503377112));
#209 = CARTESIAN_POINT('',(0.959325712937,7.176231786683));
#210 = CARTESIAN_POINT('',(0.960645574725,7.59250732745));
#211 = CARTESIAN_POINT('',(0.961101195528,8.014532990523));
#212 = CARTESIAN_POINT('',(0.960712703297,8.437298145034));
#213 = CARTESIAN_POINT('',(0.959468803102,8.855661425614));
#214 = CARTESIAN_POINT('',(0.957328672966,9.263386036744));
#215 = CARTESIAN_POINT('',(0.952377049946,9.880833870694));
#216 = CARTESIAN_POINT('',(0.950177988571,10.104834085708));
#217 = CARTESIAN_POINT('',(0.947617190233,10.319251066959));
#218 = CARTESIAN_POINT('',(0.944682311185,10.520714348813));
#219 = CARTESIAN_POINT('',(0.941364298772,10.705139981141));
#220 = CARTESIAN_POINT('',(0.937660498837,10.867555078076));
#221 = CARTESIAN_POINT('',(0.929843367856,11.124724429526));
#222 = CARTESIAN_POINT('',(0.925760849652,11.225003573608));
#223 = CARTESIAN_POINT('',(0.921418780094,11.294300123898));
#224 = CARTESIAN_POINT('',(0.916926312123,11.327454593801));
#225 = CARTESIAN_POINT('',(0.912405240211,11.322515929658));
#226 = CARTESIAN_POINT('',(0.907978005246,11.280802375417));
#227 = CARTESIAN_POINT('',(0.89905231397,11.124798056019));
#228 = CARTESIAN_POINT('',(0.894667061183,11.003954684976));
#229 = CARTESIAN_POINT('',(0.890644890182,10.851226923332));
#230 = CARTESIAN_POINT('',(0.887013388739,10.672811955763));
#231 = CARTESIAN_POINT('',(0.883786406476,10.474516419603));
#232 = CARTESIAN_POINT('',(0.880965914951,10.26182865479));
#233 = CARTESIAN_POINT('',(0.875659616664,9.775985938399));
#234 = CARTESIAN_POINT('',(0.873308285886,9.496250470298));
#235 = CARTESIAN_POINT('',(0.871461236163,9.205989714903));
#236 = CARTESIAN_POINT('',(0.870094024416,8.908836103874));
#237 = CARTESIAN_POINT('',(0.869188436334,8.607424036491));
#238 = CARTESIAN_POINT('',(0.868734972605,8.30384176356));
#239 = CARTESIAN_POINT('',(0.868734972605,7.758300952444));
#240 = CARTESIAN_POINT('',(0.869021925814,7.516682301068));
#241 = CARTESIAN_POINT('',(0.869595468236,7.276172297682));
#242 = CARTESIAN_POINT('',(0.870459257013,7.037834684821));
#243 = CARTESIAN_POINT('',(0.871620396106,6.802908968354));
#244 = CARTESIAN_POINT('',(0.873088848353,6.572954732893));
#245 = CARTESIAN_POINT('',(0.876854636778,6.103375789412));
#246 = CARTESIAN_POINT('',(0.879231573975,5.864299734158));
#247 = CARTESIAN_POINT('',(0.882024712195,5.636315460538));
#248 = CARTESIAN_POINT('',(0.885247997758,5.423741471228));
#249 = CARTESIAN_POINT('',(0.888910037891,5.231775896681));
#250 = CARTESIAN_POINT('',(0.893009912559,5.066717550779));
#251 = CARTESIAN_POINT('',(0.89975087874,4.872306135378));
#252 = CARTESIAN_POINT('',(0.902071952721,4.816683033571));
#253 = CARTESIAN_POINT('',(0.904476532555,4.770796181879));
#254 = CARTESIAN_POINT('',(0.906946744431,4.735638408625));
#255 = CARTESIAN_POINT('',(0.909463141912,4.711907834025));
#256 = CARTESIAN_POINT('',(0.912005319806,4.7));
#257 = CARTESIAN_POINT('',(0.914552528045,4.7));
#258 = ( GEOMETRIC_REPRESENTATION_CONTEXT(2) 
PARAMETRIC_REPRESENTATION_CONTEXT() REPRESENTATION_CONTEXT('2D SPACE',''
  ) );
#259 = PCURVE('',#260,#265);
#260 = CYLINDRICAL_SURFACE('',#261,3.3);
#261 = AXIS2_PLACEMENT_3D('',#262,#263,#264);
#262 = CARTESIAN_POINT('',(40.7882042068,52.964562658294,99.));
#263 = DIRECTION('',(0.610145163901,0.792289643355,2.220446049251E-16));
#264 = DIRECTION('',(1.354794418654E-16,1.75923640845E-16,-1.));
#265 = DEFINITIONAL_REPRESENTATION('',(#266),#329);
#266 = B_SPLINE_CURVE_WITH_KNOTS('',7,(#267,#268,#269,#270,#271,#272,
    #273,#274,#275,#276,#277,#278,#279,#280,#281,#282,#283,#284,#285,
    #286,#287,#288,#289,#290,#291,#292,#293,#294,#295,#296,#297,#298,
    #299,#300,#301,#302,#303,#304,#305,#306,#307,#308,#309,#310,#311,
    #312,#313,#314,#315,#316,#317,#318,#319,#320,#321,#322,#323,#324,
    #325,#326,#327,#328),.UNSPECIFIED.,.F.,.F.,(8,6,6,6,6,6,6,6,6,6,8),(
    0.,8.234476027448E-02,0.180750258059,0.344502042888,0.442272589009,
    0.531818537288,0.631499898289,0.75006364844,0.844378350771,
    0.948705757091,1.),.UNSPECIFIED.);
#267 = CARTESIAN_POINT('',(0.,5.2));
#268 = CARTESIAN_POINT('',(8.96304365072E-02,5.2));
#269 = CARTESIAN_POINT('',(0.178360296365,5.198583730828));
#270 = CARTESIAN_POINT('',(0.265858453869,5.195800538666));
#271 = CARTESIAN_POINT('',(0.351766410654,5.191848060991));
#272 = CARTESIAN_POINT('',(0.435661100344,5.187036443692));
#273 = CARTESIAN_POINT('',(0.516992865751,5.181728178576));
#274 = CARTESIAN_POINT('',(0.688218795722,5.16971116026));
#275 = CARTESIAN_POINT('',(0.7778726317,5.162848478131));
#276 = CARTESIAN_POINT('',(0.864536688759,5.156075840508));
#277 = CARTESIAN_POINT('',(0.948673728888,5.149703152068));
#278 = CARTESIAN_POINT('',(1.030695537514,5.143949316058));
#279 = CARTESIAN_POINT('',(1.11100211375,5.138960474801));
#280 = CARTESIAN_POINT('',(1.321449112592,5.12797551648));
#281 = CARTESIAN_POINT('',(1.449255861485,5.123510749445));
#282 = CARTESIAN_POINT('',(1.575383179654,5.121894939829));
#283 = CARTESIAN_POINT('',(1.701378263289,5.12324447635));
#284 = CARTESIAN_POINT('',(1.828775149494,5.127513971158));
#285 = CARTESIAN_POINT('',(1.959115298903,5.134437571143));
#286 = CARTESIAN_POINT('',(2.175166009898,5.148588734516));
#287 = CARTESIAN_POINT('',(2.25793997798,5.154585551776));
#288 = CARTESIAN_POINT('',(2.34300892597,5.16113369553));
#289 = CARTESIAN_POINT('',(2.430674706251,5.168005357891));
#290 = CARTESIAN_POINT('',(2.521293970558,5.174887318851));
#291 = CARTESIAN_POINT('',(2.615277331177,5.181363902004));
#292 = CARTESIAN_POINT('',(2.802873118669,5.192080168779));
#293 = CARTESIAN_POINT('',(2.896567780325,5.196502466397));
#294 = CARTESIAN_POINT('',(2.992701801865,5.199719285352));
#295 = CARTESIAN_POINT('',(3.090107599338,5.201287829317));
#296 = CARTESIAN_POINT('',(3.187787453152,5.201030773355));
#297 = CARTESIAN_POINT('',(3.284702927167,5.199085525167));
#298 = CARTESIAN_POINT('',(3.485221461401,5.192141297302));
#299 = CARTESIAN_POINT('',(3.586889323441,5.186871316568));
#300 = CARTESIAN_POINT('',(3.685047908383,5.180476231505));
#301 = CARTESIAN_POINT('',(3.7799480114,5.173492705861));
#302 = CARTESIAN_POINT('',(3.871737614329,5.166399766189));
#303 = CARTESIAN_POINT('',(3.96044461708,5.159576911697));
#304 = CARTESIAN_POINT('',(4.147741208821,5.145812505469));
#305 = CARTESIAN_POINT('',(4.246083069361,5.139015134787));
#306 = CARTESIAN_POINT('',(4.341848370915,5.133291182984));
#307 = CARTESIAN_POINT('',(4.43570880197,5.12887270173));
#308 = CARTESIAN_POINT('',(4.528321200641,5.125884229915));
#309 = CARTESIAN_POINT('',(4.6203157187,5.124387805663));
#310 = CARTESIAN_POINT('',(4.785631116008,5.124387805663));
#311 = CARTESIAN_POINT('',(4.858849139397,5.125334768574));
#312 = CARTESIAN_POINT('',(4.932371858939,5.127227396451));
#313 = CARTESIAN_POINT('',(5.006519731932,5.130040655895));
#314 = CARTESIAN_POINT('',(5.081609891257,5.133723247501));
#315 = CARTESIAN_POINT('',(5.157973831708,5.1381884443));
#316 = CARTESIAN_POINT('',(5.322283849542,5.148950630157));
#317 = CARTESIAN_POINT('',(5.410954653824,5.155415060548));
#318 = CARTESIAN_POINT('',(5.50230854708,5.162501838486));
#319 = CARTESIAN_POINT('',(5.596671583692,5.169922004564));
#320 = CARTESIAN_POINT('',(5.694450416772,5.177272722694));
#321 = CARTESIAN_POINT('',(5.79612186303,5.18401759091));
#322 = CARTESIAN_POINT('',(5.954632762435,5.192285292257));
#323 = CARTESIAN_POINT('',(6.00793920696,5.194717435196));
#324 = CARTESIAN_POINT('',(6.062076296342,5.196769577111));
#325 = CARTESIAN_POINT('',(6.116845293582,5.198367406631));
#326 = CARTESIAN_POINT('',(6.172067077491,5.199454919658));
#327 = CARTESIAN_POINT('',(6.22757126062,5.2));
#328 = CARTESIAN_POINT('',(6.28318530718,5.2));
#329 = ( GEOMETRIC_REPRESENTATION_CONTEXT(2) 
PARAMETRIC_REPRESENTATION_CONTEXT() REPRESENTATION_CONTEXT('2D SPACE',''
  ) );
#330 = FACE_BOUND('',#331,.T.);
#331 = EDGE_LOOP('',(#332));
#332 = ORIENTED_EDGE('',*,*,#333,.F.);
#333 = EDGE_CURVE('',#334,#334,#336,.T.);
#334 = VERTEX_POINT('',#335);
#335 = CARTESIAN_POINT('',(-27.45612061603,66.613541721767,95.7));
#336 = SURFACE_CURVE('',#337,(#400,#466),.PCURVE_S1.);
#337 = B_SPLINE_CURVE_WITH_KNOTS('',7,(#338,#339,#340,#341,#342,#343,
    #344,#345,#346,#347,#348,#349,#350,#351,#352,#353,#354,#355,#356,
    #357,#358,#359,#360,#361,#362,#363,#364,#365,#366,#367,#368,#369,
    #370,#371,#372,#373,#374,#375,#376,#377,#378,#379,#380,#381,#382,
    #383,#384,#385,#386,#387,#388,#389,#390,#391,#392,#393,#394,#395,
    #396,#397,#398,#399),.UNSPECIFIED.,.T.,.F.,(1,7,6,6,6,6,6,6,6,6,6,7,
    1),(-5.1294241814E-02,0.,8.23447641671E-02,0.180750265674,
    0.344502056698,0.442272602207,0.531818547304,0.631499906172,
    0.750063653786,0.844378354099,0.948705758186,1.,1.082344764167),
  .UNSPECIFIED.);
#338 = CARTESIAN_POINT('',(-27.45612061603,66.613541721767,95.7));
#339 = CARTESIAN_POINT('',(-27.72958324654,66.500828559052,95.7));
#340 = CARTESIAN_POINT('',(-27.99975885007,66.387938357444,
    95.730929324709));
#341 = CARTESIAN_POINT('',(-28.2620656917,66.276812945412,
    95.791670011608));
#342 = CARTESIAN_POINT('',(-28.51222717487,66.169428775624,
    95.879822352165));
#343 = CARTESIAN_POINT('',(-28.74655454494,66.067641700583,
    95.991785478827));
#344 = CARTESIAN_POINT('',(-28.9621715869,65.97302928635,96.122822099605
    ));
#345 = CARTESIAN_POINT('',(-29.39022625338,65.783600134254,
    96.439534437951));
#346 = CARTESIAN_POINT('',(-29.59679862009,65.691034390049,
    96.633070184339));
#347 = CARTESIAN_POINT('',(-29.77756682169,65.609201748416,
    96.842527382055));
#348 = CARTESIAN_POINT('',(-29.93357442914,65.538007277042,
    97.063975266568));
#349 = CARTESIAN_POINT('',(-30.06595477093,65.477220619987,
    97.294405994625));
#350 = CARTESIAN_POINT('',(-30.17573666506,65.426575798348,
    97.531503377113));
#351 = CARTESIAN_POINT('',(-30.41018549512,65.318061502058,
    98.176231786683));
#352 = CARTESIAN_POINT('',(-30.49630866237,65.277734948877,
    98.592507327451));
#353 = CARTESIAN_POINT('',(-30.52600622588,65.263746817566,
    99.014532990523));
#354 = CARTESIAN_POINT('',(-30.50067183289,65.275648575611,
    99.437298145035));
#355 = CARTESIAN_POINT('',(-30.41953277014,65.313709620391,
    99.855661425612));
#356 = CARTESIAN_POINT('',(-30.27975134792,65.378812013315,
    100.26338603674));
#357 = CARTESIAN_POINT('',(-29.95555837637,65.527740780315,
    100.88083386051));
#358 = CARTESIAN_POINT('',(-29.81146102401,65.593619652898,
    101.10483411096));
#359 = CARTESIAN_POINT('',(-29.64347913973,65.669939338613,
    101.3192510453));
#360 = CARTESIAN_POINT('',(-29.4506965643,65.756831054134,
    101.52071434822));
#361 = CARTESIAN_POINT('',(-29.23238293452,65.854257050953,
    101.70513999302));
#362 = CARTESIAN_POINT('',(-28.9881970545,65.961908356485,
    101.86755507225));
#363 = CARTESIAN_POINT('',(-28.47164817392,66.186405283483,
    102.12472443125));
#364 = CARTESIAN_POINT('',(-28.20141106607,66.302572191291,
    102.2250035715));
#365 = CARTESIAN_POINT('',(-27.91340582266,66.424758736263,
    102.2943001234));
#366 = CARTESIAN_POINT('',(-27.61473993188,66.549556489172,
    102.32745459535));
#367 = CARTESIAN_POINT('',(-27.31347022434,66.67345286714,
    102.32251593004));
#368 = CARTESIAN_POINT('',(-27.01781745925,66.793208139653,
    102.28080237437));
#369 = CARTESIAN_POINT('',(-26.42063397986,67.031838448371,
    102.12479805601));
#370 = CARTESIAN_POINT('',(-26.1265441075,67.147353472743,
    102.00395468497));
#371 = CARTESIAN_POINT('',(-25.85623562583,67.251849588963,
    101.85122692333));
#372 = CARTESIAN_POINT('',(-25.61174989122,67.345065872548,
    101.67281195576));
#373 = CARTESIAN_POINT('',(-25.39418459759,67.427068007536,
    101.4745164196));
#374 = CARTESIAN_POINT('',(-25.20380705203,67.49815628876,
    101.26182865479));
#375 = CARTESIAN_POINT('',(-24.84531967687,67.631026376647,
    100.77598593839));
#376 = CARTESIAN_POINT('',(-24.68622372491,67.689248878989,
    100.49625047029));
#377 = CARTESIAN_POINT('',(-24.56111740779,67.734622887443,
    100.2059897149));
#378 = CARTESIAN_POINT('',(-24.46845043916,67.768038373786,
    99.908836103878));
#379 = CARTESIAN_POINT('',(-24.40705050701,67.790113232897,
    99.607424036489));
#380 = CARTESIAN_POINT('',(-24.37630513776,67.801167009356,
    99.30384176356));
#381 = CARTESIAN_POINT('',(-24.37630513776,67.801167009356,
    98.758300952444));
#382 = CARTESIAN_POINT('',(-24.39576090368,67.794172167675,
    98.516682301068));
#383 = CARTESIAN_POINT('',(-24.43464773609,67.780191260814,
    98.276172297682));
#384 = CARTESIAN_POINT('',(-24.49320100027,67.759100201782,
    98.037834684821));
#385 = CARTESIAN_POINT('',(-24.57187706566,67.73065540262,
    97.802908968354));
#386 = CARTESIAN_POINT('',(-24.67131058537,67.694501473274,
    97.572954732893));
#387 = CARTESIAN_POINT('',(-24.92606682478,67.60113903697,
    97.103375789412));
#388 = CARTESIAN_POINT('',(-25.08675388047,67.541900616808,
    96.864299734158));
#389 = CARTESIAN_POINT('',(-25.27540090023,67.471811069591,
    96.636315460537));
#390 = CARTESIAN_POINT('',(-25.49283562958,67.390216681291,
    96.423741471228));
#391 = CARTESIAN_POINT('',(-25.7394878114,67.296504612371,
    96.231775896681));
#392 = CARTESIAN_POINT('',(-26.01509866793,67.190201344564,
    96.066717550779));
#393 = CARTESIAN_POINT('',(-26.46722381157,67.012791252115,
    95.872306135375));
#394 = CARTESIAN_POINT('',(-26.62274969787,66.951318742345,
    95.816683033573));
#395 = CARTESIAN_POINT('',(-26.78369903009,66.887199835841,
    95.770796181881));
#396 = CARTESIAN_POINT('',(-26.9488521074,66.820856880945,
    95.735638408625));
#397 = CARTESIAN_POINT('',(-27.1168908519,66.752772575467,
    95.711907834023));
#398 = CARTESIAN_POINT('',(-27.2864420537,66.683478178424,95.7));
#399 = CARTESIAN_POINT('',(-27.45612061603,66.613541721767,95.7));
#400 = PCURVE('',#49,#401);
#401 = DEFINITIONAL_REPRESENTATION('',(#402),#465);
#402 = B_SPLINE_CURVE_WITH_KNOTS('',7,(#403,#404,#405,#406,#407,#408,
    #409,#410,#411,#412,#413,#414,#415,#416,#417,#418,#419,#420,#421,
    #422,#423,#424,#425,#426,#427,#428,#429,#430,#431,#432,#433,#434,
    #435,#436,#437,#438,#439,#440,#441,#442,#443,#444,#445,#446,#447,
    #448,#449,#450,#451,#452,#453,#454,#455,#456,#457,#458,#459,#460,
    #461,#462,#463,#464),.UNSPECIFIED.,.T.,.F.,(1,7,6,6,6,6,6,6,6,6,6,7,
    1),(-5.1294241814E-02,0.,8.23447641671E-02,0.180750265674,
    0.344502056698,0.442272602207,0.531818547304,0.631499906172,
    0.750063653786,0.844378354099,0.948705758186,1.,1.082344764167),
  .UNSPECIFIED.);
#403 = CARTESIAN_POINT('',(1.961750079242,4.7));
#404 = CARTESIAN_POINT('',(1.965855290036,4.7));
#405 = CARTESIAN_POINT('',(1.96991925812,4.730929324709));
#406 = CARTESIAN_POINT('',(1.97387303278,4.791670011608));
#407 = CARTESIAN_POINT('',(1.977651388052,4.879822352165));
#408 = CARTESIAN_POINT('',(1.98119721525,4.991785478827));
#409 = CARTESIAN_POINT('',(1.984465231443,5.122822099605));
#410 = CARTESIAN_POINT('',(1.990962058075,5.439534437951));
#411 = CARTESIAN_POINT('',(1.994103783752,5.633070184339));
#412 = CARTESIAN_POINT('',(1.996857791131,5.842527382055));
#413 = CARTESIAN_POINT('',(1.999237857952,6.063975266568));
#414 = CARTESIAN_POINT('',(2.001259634659,6.294405994625));
#415 = CARTESIAN_POINT('',(2.002937643465,6.531503377113));
#416 = CARTESIAN_POINT('',(2.006523264134,7.176231786683));
#417 = CARTESIAN_POINT('',(2.007843125921,7.592507327451));
#418 = CARTESIAN_POINT('',(2.008298746724,8.014532990523));
#419 = CARTESIAN_POINT('',(2.007910254494,8.437298145035));
#420 = CARTESIAN_POINT('',(2.006666354299,8.855661425613));
#421 = CARTESIAN_POINT('',(2.004526224162,9.263386036744));
#422 = CARTESIAN_POINT('',(1.999574601224,9.880833860518));
#423 = CARTESIAN_POINT('',(1.997375539611,10.104834110968));
#424 = CARTESIAN_POINT('',(1.994814741396,10.319251045303));
#425 = CARTESIAN_POINT('',(1.991879862767,10.52071434822));
#426 = CARTESIAN_POINT('',(1.988561849533,10.705139993029));
#427 = CARTESIAN_POINT('',(1.984858050211,10.867555072257));
#428 = CARTESIAN_POINT('',(1.977040919001,11.124724431255));
#429 = CARTESIAN_POINT('',(1.972958400983,11.225003571501));
#430 = CARTESIAN_POINT('',(1.968616331203,11.294300123405));
#431 = CARTESIAN_POINT('',(1.964123863237,11.327454595359));
#432 = CARTESIAN_POINT('',(1.95960279155,11.322515930044));
#433 = CARTESIAN_POINT('',(1.955175556383,11.280802374373));
#434 = CARTESIAN_POINT('',(1.946249865167,11.124798056019));
#435 = CARTESIAN_POINT('',(1.94186461238,11.003954684976));
#436 = CARTESIAN_POINT('',(1.937842441378,10.851226923332));
#437 = CARTESIAN_POINT('',(1.934210939936,10.672811955763));
#438 = CARTESIAN_POINT('',(1.930983957673,10.474516419602));
#439 = CARTESIAN_POINT('',(1.928163466147,10.26182865479));
#440 = CARTESIAN_POINT('',(1.92285716786,9.775985938399));
#441 = CARTESIAN_POINT('',(1.920505837082,9.496250470299));
#442 = CARTESIAN_POINT('',(1.918658787359,9.2059897149));
#443 = CARTESIAN_POINT('',(1.917291575612,8.908836103877));
#444 = CARTESIAN_POINT('',(1.916385987531,8.607424036489));
#445 = CARTESIAN_POINT('',(1.915932523802,8.30384176356));
#446 = CARTESIAN_POINT('',(1.915932523802,7.758300952444));
#447 = CARTESIAN_POINT('',(1.916219477011,7.516682301068));
#448 = CARTESIAN_POINT('',(1.916793019433,7.276172297682));
#449 = CARTESIAN_POINT('',(1.917656808209,7.037834684821));
#450 = CARTESIAN_POINT('',(1.918817947303,6.802908968354));
#451 = CARTESIAN_POINT('',(1.920286399549,6.572954732893));
#452 = CARTESIAN_POINT('',(1.924052187975,6.103375789412));
#453 = CARTESIAN_POINT('',(1.926429125171,5.864299734158));
#454 = CARTESIAN_POINT('',(1.929222263392,5.636315460537));
#455 = CARTESIAN_POINT('',(1.932445548954,5.423741471228));
#456 = CARTESIAN_POINT('',(1.936107589087,5.231775896681));
#457 = CARTESIAN_POINT('',(1.940207463756,5.066717550779));
#458 = CARTESIAN_POINT('',(1.946948429937,4.872306135375));
#459 = CARTESIAN_POINT('',(1.949269503917,4.816683033573));
#460 = CARTESIAN_POINT('',(1.951674083751,4.770796181881));
#461 = CARTESIAN_POINT('',(1.954144295628,4.735638408625));
#462 = CARTESIAN_POINT('',(1.956660693108,4.711907834023));
#463 = CARTESIAN_POINT('',(1.959202871002,4.7));
#464 = CARTESIAN_POINT('',(1.961750079242,4.7));
#465 = ( GEOMETRIC_REPRESENTATION_CONTEXT(2) 
PARAMETRIC_REPRESENTATION_CONTEXT() REPRESENTATION_CONTEXT('2D SPACE',''
  ) );
#466 = PCURVE('',#467,#472);
#467 = CYLINDRICAL_SURFACE('',#468,3.3);
#468 = AXIS2_PLACEMENT_3D('',#469,#470,#471);
#469 = CARTESIAN_POINT('',(-25.47455465901,61.805902346983,99.));
#470 = DIRECTION('',(-0.38107037635,0.924546033612,2.220446049251E-16));
#471 = DIRECTION('',(-8.461462116533E-17,2.052904587685E-16,-1.));
#472 = DEFINITIONAL_REPRESENTATION('',(#473),#536);
#473 = B_SPLINE_CURVE_WITH_KNOTS('',7,(#474,#475,#476,#477,#478,#479,
    #480,#481,#482,#483,#484,#485,#486,#487,#488,#489,#490,#491,#492,
    #493,#494,#495,#496,#497,#498,#499,#500,#501,#502,#503,#504,#505,
    #506,#507,#508,#509,#510,#511,#512,#513,#514,#515,#516,#517,#518,
    #519,#520,#521,#522,#523,#524,#525,#526,#527,#528,#529,#530,#531,
    #532,#533,#534,#535),.UNSPECIFIED.,.F.,.F.,(8,6,6,6,6,6,6,6,6,6,8),(
    0.,8.23447641671E-02,0.180750265674,0.344502056698,0.442272602207,
    0.531818547304,0.631499906172,0.750063653786,0.844378354099,
    0.948705758186,1.),.UNSPECIFIED.);
#474 = CARTESIAN_POINT('',(0.,5.2));
#475 = CARTESIAN_POINT('',(8.963043566952E-02,5.2));
#476 = CARTESIAN_POINT('',(0.178360298191,5.19858373079));
#477 = CARTESIAN_POINT('',(0.265858452854,5.195800538721));
#478 = CARTESIAN_POINT('',(0.351766409568,5.191848061009));
#479 = CARTESIAN_POINT('',(0.435661102084,5.187036443609));
#480 = CARTESIAN_POINT('',(0.516992865014,5.181728178628));
#481 = CARTESIAN_POINT('',(0.688218795722,5.16971116026));
#482 = CARTESIAN_POINT('',(0.7778726317,5.162848478131));
#483 = CARTESIAN_POINT('',(0.864536688759,5.156075840508));
#484 = CARTESIAN_POINT('',(0.948673728888,5.149703152068));
#485 = CARTESIAN_POINT('',(1.030695537513,5.143949316058));
#486 = CARTESIAN_POINT('',(1.11100211375,5.138960474801));
#487 = CARTESIAN_POINT('',(1.321449112592,5.12797551648));
#488 = CARTESIAN_POINT('',(1.449255861485,5.123510749444));
#489 = CARTESIAN_POINT('',(1.575383179654,5.121894939829));
#490 = CARTESIAN_POINT('',(1.701378263289,5.12324447635));
#491 = CARTESIAN_POINT('',(1.828775149494,5.127513971158));
#492 = CARTESIAN_POINT('',(1.959115298903,5.134437571143));
#493 = CARTESIAN_POINT('',(2.175166006337,5.148588734283));
#494 = CARTESIAN_POINT('',(2.257939985972,5.154585552333));
#495 = CARTESIAN_POINT('',(2.343008921988,5.161133695188));
#496 = CARTESIAN_POINT('',(2.430674699603,5.168005357554));
#497 = CARTESIAN_POINT('',(2.521293980435,5.174887319419));
#498 = CARTESIAN_POINT('',(2.615277326932,5.181363901762));
#499 = CARTESIAN_POINT('',(2.80287311993,5.192080168851));
#500 = CARTESIAN_POINT('',(2.896567777193,5.196502466309));
#501 = CARTESIAN_POINT('',(2.99270180383,5.199719285329));
#502 = CARTESIAN_POINT('',(3.090107601242,5.201287829382));
#503 = CARTESIAN_POINT('',(3.187787449945,5.201030773375));
#504 = CARTESIAN_POINT('',(3.284702928509,5.19908552512));
#505 = CARTESIAN_POINT('',(3.485221461401,5.192141297302));
#506 = CARTESIAN_POINT('',(3.586889323441,5.186871316568));
#507 = CARTESIAN_POINT('',(3.685047908383,5.180476231505));
#508 = CARTESIAN_POINT('',(3.7799480114,5.173492705861));
#509 = CARTESIAN_POINT('',(3.871737614329,5.166399766189));
#510 = CARTESIAN_POINT('',(3.96044461708,5.159576911697));
#511 = CARTESIAN_POINT('',(4.147741208821,5.145812505469));
#512 = CARTESIAN_POINT('',(4.246083069361,5.139015134787));
#513 = CARTESIAN_POINT('',(4.341848370916,5.133291182984));
#514 = CARTESIAN_POINT('',(4.435708801969,5.12887270173));
#515 = CARTESIAN_POINT('',(4.528321200642,5.125884229914));
#516 = CARTESIAN_POINT('',(4.6203157187,5.124387805663));
#517 = CARTESIAN_POINT('',(4.785631116008,5.124387805663));
#518 = CARTESIAN_POINT('',(4.858849139397,5.125334768573));
#519 = CARTESIAN_POINT('',(4.932371858939,5.127227396451));
#520 = CARTESIAN_POINT('',(5.006519731932,5.130040655896));
#521 = CARTESIAN_POINT('',(5.081609891257,5.133723247501));
#522 = CARTESIAN_POINT('',(5.157973831708,5.1381884443));
#523 = CARTESIAN_POINT('',(5.322283849542,5.148950630157));
#524 = CARTESIAN_POINT('',(5.410954653823,5.155415060548));
#525 = CARTESIAN_POINT('',(5.50230854708,5.162501838486));
#526 = CARTESIAN_POINT('',(5.596671583691,5.169922004563));
#527 = CARTESIAN_POINT('',(5.694450416772,5.177272722694));
#528 = CARTESIAN_POINT('',(5.79612186303,5.18401759091));
#529 = CARTESIAN_POINT('',(5.954632762437,5.192285292257));
#530 = CARTESIAN_POINT('',(6.007939206957,5.194717435196));
#531 = CARTESIAN_POINT('',(6.06207629634,5.196769577111));
#532 = CARTESIAN_POINT('',(6.116845293584,5.198367406631));
#533 = CARTESIAN_POINT('',(6.172067077494,5.199454919658));
#534 = CARTESIAN_POINT('',(6.227571260618,5.2));
#535 = CARTESIAN_POINT('',(6.28318530718,5.2));
#536 = ( GEOMETRIC_REPRESENTATION_CONTEXT(2) 
PARAMETRIC_REPRESENTATION_CONTEXT() REPRESENTATION_CONTEXT('2D SPACE',''
  ) );
#537 = FACE_BOUND('',#538,.T.);
#538 = EDGE_LOOP('',(#539));
#539 = ORIENTED_EDGE('',*,*,#540,.F.);
#540 = EDGE_CURVE('',#541,#541,#543,.T.);
#541 = VERTEX_POINT('',#542);
#542 = CARTESIAN_POINT('',(-71.41707967512,9.529072918026,95.7));
#543 = SURFACE_CURVE('',#544,(#607,#673),.PCURVE_S1.);
#544 = B_SPLINE_CURVE_WITH_KNOTS('',7,(#545,#546,#547,#548,#549,#550,
    #551,#552,#553,#554,#555,#556,#557,#558,#559,#560,#561,#562,#563,
    #564,#565,#566,#567,#568,#569,#570,#571,#572,#573,#574,#575,#576,
    #577,#578,#579,#580,#581,#582,#583,#584,#585,#586,#587,#588,#589,
    #590,#591,#592,#593,#594,#595,#596,#597,#598,#599,#600,#601,#602,
    #603,#604,#605,#606),.UNSPECIFIED.,.T.,.F.,(1,7,6,6,6,6,6,6,6,6,6,7,
    1),(-5.1294239692E-02,0.,8.234476559659E-02,0.180750268828,
    0.344502065985,0.442272612459,0.531818558457,0.631499918327,
    0.750063664075,0.844378360511,0.948705760308,1.,1.082344765597),
  .UNSPECIFIED.);
#545 = CARTESIAN_POINT('',(-71.41707967512,9.529072918026,95.7));
#546 = CARTESIAN_POINT('',(-71.45619852813,9.235890751621,95.7));
#547 = CARTESIAN_POINT('',(-71.49352054746,8.945466714713,
    95.730929324719));
#548 = CARTESIAN_POINT('',(-71.52843653844,8.662739620299,
    95.791670011604));
#549 = CARTESIAN_POINT('',(-71.56051986102,8.392401335931,
    95.879822352148));
#550 = CARTESIAN_POINT('',(-71.5895333533,8.138574343089,95.991785478822
    ));
#551 = CARTESIAN_POINT('',(-71.61540512005,7.904538300114,
    96.122822099629));
#552 = CARTESIAN_POINT('',(-71.66538199535,7.439117508724,
    96.439534437951));
#553 = CARTESIAN_POINT('',(-71.6885038927,7.213937719335,96.633070184339
    ));
#554 = CARTESIAN_POINT('',(-71.70801884699,7.016471543729,
    96.842527382055));
#555 = CARTESIAN_POINT('',(-71.7243664299,6.845767756808,97.063975266568
    ));
#556 = CARTESIAN_POINT('',(-71.73791381157,6.70072968933,97.294405994626
    ));
#557 = CARTESIAN_POINT('',(-71.74894505653,6.580333369319,
    97.531503377112));
#558 = CARTESIAN_POINT('',(-71.77219333458,6.323037575255,
    98.176231794706));
#559 = CARTESIAN_POINT('',(-71.7803310979,6.228289456948,98.592507294302
    ));
#560 = CARTESIAN_POINT('',(-71.78306580303,6.195576541564,
    99.014533054299));
#561 = CARTESIAN_POINT('',(-71.78070583258,6.223467635807,
    99.437298075722));
#562 = CARTESIAN_POINT('',(-71.77309813039,6.312766674371,
    99.855661466408));
#563 = CARTESIAN_POINT('',(-71.75958774731,6.466372112895,100.263386026)
  );
#564 = CARTESIAN_POINT('',(-71.72646735653,6.821595851699,
    100.88083386056));
#565 = CARTESIAN_POINT('',(-71.71147145758,6.979327255735,
    101.10483411096));
#566 = CARTESIAN_POINT('',(-71.69357530209,7.162963677709,
    101.31925104526));
#567 = CARTESIAN_POINT('',(-71.6724344474,7.37336414319,101.52071434819)
  );
#568 = CARTESIAN_POINT('',(-71.64765102073,7.611142291026,
    101.70513999304));
#569 = CARTESIAN_POINT('',(-71.61878684606,7.876439119186,
    101.86755507228));
#570 = CARTESIAN_POINT('',(-71.55493244763,8.436032035511,
    102.12472443125));
#571 = CARTESIAN_POINT('',(-71.52041738694,8.728147689858,102.2250035715
    ));
#572 = CARTESIAN_POINT('',(-71.48223141719,9.038660819555,102.2943001234
    ));
#573 = CARTESIAN_POINT('',(-71.44097649615,9.35971194467,102.32745459535
    ));
#574 = CARTESIAN_POINT('',(-71.39763905314,9.682567353777,
    102.32251593004));
#575 = CARTESIAN_POINT('',(-71.35352377883,9.998487795298,
    102.28080237437));
#576 = CARTESIAN_POINT('',(-71.26159194859,10.634979013532,
    102.12479805601));
#577 = CARTESIAN_POINT('',(-71.21458595804,10.947425826174,
    102.00395468497));
#578 = CARTESIAN_POINT('',(-71.16992800844,11.233767896275,
    101.85122692333));
#579 = CARTESIAN_POINT('',(-71.12841281077,11.492106895103,
    101.67281195576));
#580 = CARTESIAN_POINT('',(-71.09064609602,11.72152503386,101.4745164196
    ));
#581 = CARTESIAN_POINT('',(-71.05702158069,11.921940965233,
    101.26182865479));
#582 = CARTESIAN_POINT('',(-70.99284676553,12.298835177722,
    100.7759859452));
#583 = CARTESIAN_POINT('',(-70.96372095237,12.465727584111,
    100.49625045494));
#584 = CARTESIAN_POINT('',(-70.94046284283,12.596759807673,
    100.20598972238));
#585 = CARTESIAN_POINT('',(-70.9230680145,12.693719523688,
    99.908836116678));
#586 = CARTESIAN_POINT('',(-70.91148543891,12.757930844137,
    99.60742401802));
#587 = CARTESIAN_POINT('',(-70.90568560521,12.790084004973,
    99.303841771271));
#588 = CARTESIAN_POINT('',(-70.90568560521,12.790084004973,
    98.758300952444));
#589 = CARTESIAN_POINT('',(-70.90935577758,12.769737396594,
    98.516682301068));
#590 = CARTESIAN_POINT('',(-70.91669137328,12.729069958421,
    98.276172297682));
#591 = CARTESIAN_POINT('',(-70.92770261245,12.667815814651,
    98.037834684821));
#592 = CARTESIAN_POINT('',(-70.94240672647,12.585457943775,
    97.802908968354));
#593 = CARTESIAN_POINT('',(-70.96081326506,12.481269025049,
    97.572954732893));
#594 = CARTESIAN_POINT('',(-71.00733714317,12.213962431795,
    97.103375789412));
#595 = CARTESIAN_POINT('',(-71.03637869427,12.045184149421,
    96.864299734157));
#596 = CARTESIAN_POINT('',(-71.07000287572,11.846766264356,
    96.636315460538));
#597 = CARTESIAN_POINT('',(-71.10805742732,11.617665070922,
    96.423741471227));
#598 = CARTESIAN_POINT('',(-71.15022648591,11.357201981114,
    96.231775896681));
#599 = CARTESIAN_POINT('',(-71.19597058375,11.065364343889,
    96.066717550779));
#600 = CARTESIAN_POINT('',(-71.26839150861,10.585107437627,
    95.872306135391));
#601 = CARTESIAN_POINT('',(-71.29291769668,10.419681814179,
    95.816683033565));
#602 = CARTESIAN_POINT('',(-71.31786376089,10.248236150509,
    95.770796181869));
#603 = CARTESIAN_POINT('',(-71.34298561524,10.072037912662,
    95.735638408626));
#604 = CARTESIAN_POINT('',(-71.36804224934,9.892469938377,
    95.711907834032));
#605 = CARTESIAN_POINT('',(-71.39280714207,9.710987091774,95.7));
#606 = CARTESIAN_POINT('',(-71.41707967512,9.529072918026,95.7));
#607 = PCURVE('',#49,#608);
#608 = DEFINITIONAL_REPRESENTATION('',(#609),#672);
#609 = B_SPLINE_CURVE_WITH_KNOTS('',7,(#610,#611,#612,#613,#614,#615,
    #616,#617,#618,#619,#620,#621,#622,#623,#624,#625,#626,#627,#628,
    #629,#630,#631,#632,#633,#634,#635,#636,#637,#638,#639,#640,#641,
    #642,#643,#644,#645,#646,#647,#648,#649,#650,#651,#652,#653,#654,
    #655,#656,#657,#658,#659,#660,#661,#662,#663,#664,#665,#666,#667,
    #668,#669,#670,#671),.UNSPECIFIED.,.T.,.F.,(1,7,6,6,6,6,6,6,6,6,6,7,
    1),(-5.1294239692E-02,0.,8.234476559659E-02,0.180750268828,
    0.344502065985,0.442272612459,0.531818558457,0.631499918327,
    0.750063664075,0.844378360511,0.948705760308,1.,1.082344765597),
  .UNSPECIFIED.);
#610 = CARTESIAN_POINT('',(3.008947630438,4.7));
#611 = CARTESIAN_POINT('',(3.013052841233,4.7));
#612 = CARTESIAN_POINT('',(3.017116809317,4.730929324719));
#613 = CARTESIAN_POINT('',(3.021070583976,4.791670011604));
#614 = CARTESIAN_POINT('',(3.024848939248,4.879822352148));
#615 = CARTESIAN_POINT('',(3.028394766447,4.991785478822));
#616 = CARTESIAN_POINT('',(3.03166278264,5.122822099629));
#617 = CARTESIAN_POINT('',(3.038159609272,5.439534437951));
#618 = CARTESIAN_POINT('',(3.041301334949,5.633070184339));
#619 = CARTESIAN_POINT('',(3.044055342328,5.842527382055));
#620 = CARTESIAN_POINT('',(3.046435409148,6.063975266568));
#621 = CARTESIAN_POINT('',(3.048457185855,6.294405994626));
#622 = CARTESIAN_POINT('',(3.050135194662,6.531503377112));
#623 = CARTESIAN_POINT('',(3.053720815375,7.176231794706));
#624 = CARTESIAN_POINT('',(3.055040677037,7.592507294302));
#625 = CARTESIAN_POINT('',(3.055496297914,8.014533054299));
#626 = CARTESIAN_POINT('',(3.055107805861,8.437298075722));
#627 = CARTESIAN_POINT('',(3.053863905295,8.855661466408));
#628 = CARTESIAN_POINT('',(3.051723775445,9.263386026002));
#629 = CARTESIAN_POINT('',(3.04677215242,9.880833860568));
#630 = CARTESIAN_POINT('',(3.044573090807,10.104834110962));
#631 = CARTESIAN_POINT('',(3.042012292593,10.319251045264));
#632 = CARTESIAN_POINT('',(3.039077413964,10.520714348197));
#633 = CARTESIAN_POINT('',(3.035759400729,10.705139993045));
#634 = CARTESIAN_POINT('',(3.032055601406,10.867555072281));
#635 = CARTESIAN_POINT('',(3.024238470197,11.124724431255));
#636 = CARTESIAN_POINT('',(3.02015595218,11.225003571501));
#637 = CARTESIAN_POINT('',(3.0158138824,11.294300123405));
#638 = CARTESIAN_POINT('',(3.011321414434,11.327454595359));
#639 = CARTESIAN_POINT('',(3.006800342746,11.322515930044));
#640 = CARTESIAN_POINT('',(3.00237310758,11.280802374373));
#641 = CARTESIAN_POINT('',(2.993447416363,11.124798056019));
#642 = CARTESIAN_POINT('',(2.989062163577,11.003954684976));
#643 = CARTESIAN_POINT('',(2.985039992575,10.851226923332));
#644 = CARTESIAN_POINT('',(2.981408491132,10.672811955763));
#645 = CARTESIAN_POINT('',(2.978181508869,10.474516419602));
#646 = CARTESIAN_POINT('',(2.975361017344,10.261828654791));
#647 = CARTESIAN_POINT('',(2.970054719131,9.775985945207));
#648 = CARTESIAN_POINT('',(2.967703388083,9.496250454948));
#649 = CARTESIAN_POINT('',(2.965856338775,9.205989722383));
#650 = CARTESIAN_POINT('',(2.964489126691,8.908836116678));
#651 = CARTESIAN_POINT('',(2.963583538752,8.60742401802));
#652 = CARTESIAN_POINT('',(2.963130074998,8.303841771271));
#653 = CARTESIAN_POINT('',(2.963130074998,7.758300952444));
#654 = CARTESIAN_POINT('',(2.963417028207,7.516682301068));
#655 = CARTESIAN_POINT('',(2.96399057063,7.276172297682));
#656 = CARTESIAN_POINT('',(2.964854359406,7.037834684821));
#657 = CARTESIAN_POINT('',(2.966015498499,6.802908968354));
#658 = CARTESIAN_POINT('',(2.967483950746,6.572954732893));
#659 = CARTESIAN_POINT('',(2.971249739171,6.103375789412));
#660 = CARTESIAN_POINT('',(2.973626676368,5.864299734157));
#661 = CARTESIAN_POINT('',(2.976419814588,5.636315460538));
#662 = CARTESIAN_POINT('',(2.979643100151,5.423741471227));
#663 = CARTESIAN_POINT('',(2.983305140284,5.231775896681));
#664 = CARTESIAN_POINT('',(2.987405014952,5.066717550779));
#665 = CARTESIAN_POINT('',(2.994145981133,4.872306135391));
#666 = CARTESIAN_POINT('',(2.996467055114,4.816683033565));
#667 = CARTESIAN_POINT('',(2.998871634949,4.770796181869));
#668 = CARTESIAN_POINT('',(3.001341846824,4.735638408626));
#669 = CARTESIAN_POINT('',(3.003858244304,4.711907834032));
#670 = CARTESIAN_POINT('',(3.006400422199,4.7));
#671 = CARTESIAN_POINT('',(3.008947630438,4.7));
#672 = ( GEOMETRIC_REPRESENTATION_CONTEXT(2) 
PARAMETRIC_REPRESENTATION_CONTEXT() REPRESENTATION_CONTEXT('2D SPACE',''
  ) );
#673 = PCURVE('',#674,#679);
#674 = CYLINDRICAL_SURFACE('',#675,3.3);
#675 = AXIS2_PLACEMENT_3D('',#676,#677,#678);
#676 = CARTESIAN_POINT('',(-66.26275886581,8.841339688689,99.));
#677 = DIRECTION('',(-0.991215540252,0.132256390257,2.220446049249E-16)
  );
#678 = DIRECTION('',(-2.200940630306E-16,2.936681792343E-17,-1.));
#679 = DEFINITIONAL_REPRESENTATION('',(#680),#743);
#680 = B_SPLINE_CURVE_WITH_KNOTS('',7,(#681,#682,#683,#684,#685,#686,
    #687,#688,#689,#690,#691,#692,#693,#694,#695,#696,#697,#698,#699,
    #700,#701,#702,#703,#704,#705,#706,#707,#708,#709,#710,#711,#712,
    #713,#714,#715,#716,#717,#718,#719,#720,#721,#722,#723,#724,#725,
    #726,#727,#728,#729,#730,#731,#732,#733,#734,#735,#736,#737,#738,
    #739,#740,#741,#742),.UNSPECIFIED.,.F.,.F.,(8,6,6,6,6,6,6,6,6,6,8),(
    0.,8.234476559659E-02,0.180750268828,0.344502065985,0.442272612459,
    0.531818558457,0.631499918327,0.750063664075,0.844378360511,
    0.948705760308,1.),.UNSPECIFIED.);
#681 = CARTESIAN_POINT('',(0.,5.2));
#682 = CARTESIAN_POINT('',(8.963043568333E-02,5.2));
#683 = CARTESIAN_POINT('',(0.178360298193,5.198583730789));
#684 = CARTESIAN_POINT('',(0.265858452844,5.195800538721));
#685 = CARTESIAN_POINT('',(0.351766409557,5.19184806101));
#686 = CARTESIAN_POINT('',(0.435661102085,5.187036443609));
#687 = CARTESIAN_POINT('',(0.516992865027,5.181728178627));
#688 = CARTESIAN_POINT('',(0.688218795722,5.16971116026));
#689 = CARTESIAN_POINT('',(0.7778726317,5.162848478131));
#690 = CARTESIAN_POINT('',(0.864536688759,5.156075840508));
#691 = CARTESIAN_POINT('',(0.948673728888,5.149703152068));
#692 = CARTESIAN_POINT('',(1.030695537514,5.143949316058));
#693 = CARTESIAN_POINT('',(1.11100211375,5.138960474801));
#694 = CARTESIAN_POINT('',(1.321449115211,5.127975516343));
#695 = CARTESIAN_POINT('',(1.449255850659,5.1235107497));
#696 = CARTESIAN_POINT('',(1.575383200607,5.121894939819));
#697 = CARTESIAN_POINT('',(1.701378240256,5.123244475877));
#698 = CARTESIAN_POINT('',(1.828775163318,5.127513971729));
#699 = CARTESIAN_POINT('',(1.959115295144,5.134437570897));
#700 = CARTESIAN_POINT('',(2.175166006355,5.148588734284));
#701 = CARTESIAN_POINT('',(2.257939985972,5.154585552333));
#702 = CARTESIAN_POINT('',(2.343008921974,5.161133695187));
#703 = CARTESIAN_POINT('',(2.43067469959,5.168005357553));
#704 = CARTESIAN_POINT('',(2.521293980438,5.17488731942));
#705 = CARTESIAN_POINT('',(2.615277326949,5.181363901763));
#706 = CARTESIAN_POINT('',(2.80287311993,5.192080168851));
#707 = CARTESIAN_POINT('',(2.896567777193,5.196502466309));
#708 = CARTESIAN_POINT('',(2.99270180383,5.199719285329));
#709 = CARTESIAN_POINT('',(3.090107601242,5.201287829382));
#710 = CARTESIAN_POINT('',(3.187787449945,5.201030773375));
#711 = CARTESIAN_POINT('',(3.284702928509,5.19908552512));
#712 = CARTESIAN_POINT('',(3.485221461401,5.192141297302));
#713 = CARTESIAN_POINT('',(3.58688932344,5.186871316568));
#714 = CARTESIAN_POINT('',(3.685047908383,5.180476231505));
#715 = CARTESIAN_POINT('',(3.779948011399,5.173492705861));
#716 = CARTESIAN_POINT('',(3.871737614329,5.166399766189));
#717 = CARTESIAN_POINT('',(3.96044461708,5.159576911697));
#718 = CARTESIAN_POINT('',(4.147741206197,5.145812505662));
#719 = CARTESIAN_POINT('',(4.246083075448,5.139015134274));
#720 = CARTESIAN_POINT('',(4.341848367017,5.133291183554));
#721 = CARTESIAN_POINT('',(4.435708799038,5.128872701435));
#722 = CARTESIAN_POINT('',(4.528321205995,5.125884229972));
#723 = CARTESIAN_POINT('',(4.620315716363,5.124387805663));
#724 = CARTESIAN_POINT('',(4.785631116008,5.124387805663));
#725 = CARTESIAN_POINT('',(4.858849139397,5.125334768574));
#726 = CARTESIAN_POINT('',(4.932371858939,5.127227396451));
#727 = CARTESIAN_POINT('',(5.006519731932,5.130040655895));
#728 = CARTESIAN_POINT('',(5.081609891257,5.133723247501));
#729 = CARTESIAN_POINT('',(5.157973831708,5.1381884443));
#730 = CARTESIAN_POINT('',(5.322283849542,5.148950630157));
#731 = CARTESIAN_POINT('',(5.410954653824,5.155415060548));
#732 = CARTESIAN_POINT('',(5.50230854708,5.162501838486));
#733 = CARTESIAN_POINT('',(5.596671583692,5.169922004564));
#734 = CARTESIAN_POINT('',(5.694450416772,5.177272722694));
#735 = CARTESIAN_POINT('',(5.79612186303,5.18401759091));
#736 = CARTESIAN_POINT('',(5.954632762424,5.192285292256));
#737 = CARTESIAN_POINT('',(6.007939206971,5.194717435196));
#738 = CARTESIAN_POINT('',(6.062076296351,5.196769577112));
#739 = CARTESIAN_POINT('',(6.116845293573,5.198367406631));
#740 = CARTESIAN_POINT('',(6.17206707748,5.199454919657));
#741 = CARTESIAN_POINT('',(6.22757126063,5.2));
#742 = CARTESIAN_POINT('',(6.28318530718,5.2));
#743 = ( GEOMETRIC_REPRESENTATION_CONTEXT(2) 
PARAMETRIC_REPRESENTATION_CONTEXT() REPRESENTATION_CONTEXT('2D SPACE',''
  ) );
#744 = FACE_BOUND('',#745,.T.);
#745 = EDGE_LOOP('',(#746));
#746 = ORIENTED_EDGE('',*,*,#747,.F.);
#747 = EDGE_CURVE('',#748,#748,#750,.T.);
#748 = VERTEX_POINT('',#749);
#749 = CARTESIAN_POINT('',(-43.96095905908,-57.08446880374,95.7));
#750 = SURFACE_CURVE('',#751,(#814,#880),.PCURVE_S1.);
#751 = B_SPLINE_CURVE_WITH_KNOTS('',7,(#752,#753,#754,#755,#756,#757,
    #758,#759,#760,#761,#762,#763,#764,#765,#766,#767,#768,#769,#770,
    #771,#772,#773,#774,#775,#776,#777,#778,#779,#780,#781,#782,#783,
    #784,#785,#786,#787,#788,#789,#790,#791,#792,#793,#794,#795,#796,
    #797,#798,#799,#800,#801,#802,#803,#804,#805,#806,#807,#808,#809,
    #810,#811,#812,#813),.UNSPECIFIED.,.T.,.F.,(1,7,6,6,6,6,6,6,6,6,6,7,
    1),(-5.1294241567E-02,0.,8.234476476314E-02,0.180750267059,
    0.344502059396,0.442272605688,0.531818550244,0.631499907868,
    0.75006365494,0.844378354823,0.948705758433,1.,1.082344764763),
  .UNSPECIFIED.);
#752 = CARTESIAN_POINT('',(-43.96095905908,-57.08446880374,95.7));
#753 = CARTESIAN_POINT('',(-43.72661528146,-57.26493780747,95.7));
#754 = CARTESIAN_POINT('',(-43.49376169734,-57.44247164275,
    95.73092932474));
#755 = CARTESIAN_POINT('',(-43.26637084683,-57.61407332508,
    95.791670011608));
#756 = CARTESIAN_POINT('',(-43.04829268627,-57.77702743963,
    95.879822352097));
#757 = CARTESIAN_POINT('',(-42.84297880836,-57.92906735748,
    95.991785478782));
#758 = CARTESIAN_POINT('',(-42.653233533,-58.06849098629,96.122822099717
    ));
#759 = CARTESIAN_POINT('',(-42.27515574196,-58.34448262553,
    96.439534437951));
#760 = CARTESIAN_POINT('',(-42.09170527261,-58.47709667071,
    96.633070184339));
#761 = CARTESIAN_POINT('',(-41.93045202529,-58.59273020468,
    96.842527382055));
#762 = CARTESIAN_POINT('',(-41.79079200075,-58.69223952023,
    97.063975266568));
#763 = CARTESIAN_POINT('',(-41.67195904063,-58.77649093065,
    97.294405994625));
#764 = CARTESIAN_POINT('',(-41.57320839146,-58.84624242902,
    97.531503377113));
#765 = CARTESIAN_POINT('',(-41.36200783917,-58.9950239236,
    98.176231786683));
#766 = CARTESIAN_POINT('',(-41.28402243604,-59.0494454977,98.59250732745
    ));
#767 = CARTESIAN_POINT('',(-41.25705957722,-59.06817027648,
    99.014532990525));
#768 = CARTESIAN_POINT('',(-41.28003399853,-59.05218092758,
    99.437298145033));
#769 = CARTESIAN_POINT('',(-41.35356536158,-59.00094296039,
    99.855661425614));
#770 = CARTESIAN_POINT('',(-41.47983639881,-58.91243989423,
    100.26338603674));
#771 = CARTESIAN_POINT('',(-41.77090898016,-58.70614492864,
    100.88083386051));
#772 = CARTESIAN_POINT('',(-41.90001043357,-58.61429239717,
    101.10483411096));
#773 = CARTESIAN_POINT('',(-42.05009616235,-58.50697566087,
    101.3192510453));
#774 = CARTESIAN_POINT('',(-42.22173788308,-58.3834669109,
    101.52071434821));
#775 = CARTESIAN_POINT('',(-42.41526808621,-58.24311475993,
    101.70513999303));
#776 = CARTESIAN_POINT('',(-42.63058979156,-58.08546923735,
    101.86755507225));
#777 = CARTESIAN_POINT('',(-43.08328427066,-57.75037325022,
    102.12472442952));
#778 = CARTESIAN_POINT('',(-43.31900632862,-57.57442449556,
    102.2250035736));
#779 = CARTESIAN_POINT('',(-43.56882558954,-57.38609792057,
    102.29430012389));
#780 = CARTESIAN_POINT('',(-43.82623655954,-57.18984454805,
    102.3274545938));
#781 = CARTESIAN_POINT('',(-44.08416883685,-56.99088550712,
    102.32251592965));
#782 = CARTESIAN_POINT('',(-44.33570631619,-56.79472034701,
    102.28080237541));
#783 = CARTESIAN_POINT('',(-44.84095797078,-56.39685943322,
    102.12479805538));
#784 = CARTESIAN_POINT('',(-45.08804184549,-56.19992765052,
    102.00395468606));
#785 = CARTESIAN_POINT('',(-45.31369238691,-56.01808168937,
    101.85122692434));
#786 = CARTESIAN_POINT('',(-45.51666291956,-55.85295897729,
    101.67281195135));
#787 = CARTESIAN_POINT('',(-45.69646149626,-55.7055429755,
    101.47451642414));
#788 = CARTESIAN_POINT('',(-45.85321452972,-55.57621532264,
    101.26182865303));
#789 = CARTESIAN_POINT('',(-46.14752708775,-55.33219119364,
    100.77598593839));
#790 = CARTESIAN_POINT('',(-46.27749722983,-55.22352130877,
    100.49625047029));
#791 = CARTESIAN_POINT('',(-46.37934543238,-55.1378630642,100.2059897149
    ));
#792 = CARTESIAN_POINT('',(-46.45461757675,-55.07431885844,
    99.908836103877));
#793 = CARTESIAN_POINT('',(-46.5044349316,-55.03218238697,
    99.607424036489));
#794 = CARTESIAN_POINT('',(-46.52938046745,-55.01108300438,
    99.30384176356));
#795 = CARTESIAN_POINT('',(-46.52938046745,-55.01108300438,
    98.758300952444));
#796 = CARTESIAN_POINT('',(-46.51359487389,-55.02443477108,
    98.516682301068));
#797 = CARTESIAN_POINT('',(-46.48204363718,-55.05112130239,
    98.276172297682));
#798 = CARTESIAN_POINT('',(-46.43450161217,-55.09128438713,
    98.037834684821));
#799 = CARTESIAN_POINT('',(-46.3705296608,-55.14519745884,
    97.802908968354));
#800 = CARTESIAN_POINT('',(-46.28950267969,-55.21323244822,
    97.572954732893));
#801 = CARTESIAN_POINT('',(-46.08127031838,-55.38717660517,
    97.103375789412));
#802 = CARTESIAN_POINT('',(-45.9496248138,-55.49671646738,
    96.864299734158));
#803 = CARTESIAN_POINT('',(-45.79460197549,-55.62504480523,
    96.636315460538));
#804 = CARTESIAN_POINT('',(-45.61522179774,-55.77255161036,
    96.423741471227));
#805 = CARTESIAN_POINT('',(-45.41073867451,-55.93930263125,
    96.231775896681));
#806 = CARTESIAN_POINT('',(-45.18087191581,-56.12483700067,
    96.066717550779));
#807 = CARTESIAN_POINT('',(-44.80116769707,-56.4276838145,95.87230613539
    ));
#808 = CARTESIAN_POINT('',(-44.67016799877,-56.53163692814,
    95.816683033566));
#809 = CARTESIAN_POINT('',(-44.53416473077,-56.63896368531,
    95.770796181869));
#810 = CARTESIAN_POINT('',(-44.39413350786,-56.74881896829,
    95.735638408626));
#811 = CARTESIAN_POINT('',(-44.25115139748,-56.8603026371,
    95.711907834032));
#812 = CARTESIAN_POINT('',(-44.10636508833,-56.97249108663,95.7));
#813 = CARTESIAN_POINT('',(-43.96095905908,-57.08446880374,95.7));
#814 = PCURVE('',#49,#815);
#815 = DEFINITIONAL_REPRESENTATION('',(#816),#879);
#816 = B_SPLINE_CURVE_WITH_KNOTS('',7,(#817,#818,#819,#820,#821,#822,
    #823,#824,#825,#826,#827,#828,#829,#830,#831,#832,#833,#834,#835,
    #836,#837,#838,#839,#840,#841,#842,#843,#844,#845,#846,#847,#848,
    #849,#850,#851,#852,#853,#854,#855,#856,#857,#858,#859,#860,#861,
    #862,#863,#864,#865,#866,#867,#868,#869,#870,#871,#872,#873,#874,
    #875,#876,#877,#878),.UNSPECIFIED.,.T.,.F.,(1,7,6,6,6,6,6,6,6,6,6,7,
    1),(-5.1294241567E-02,0.,8.234476476314E-02,0.180750267059,
    0.344502059396,0.442272605688,0.531818550244,0.631499907868,
    0.75006365494,0.844378354823,0.948705758433,1.,1.082344764763),
  .UNSPECIFIED.);
#817 = CARTESIAN_POINT('',(4.056145181635,4.7));
#818 = CARTESIAN_POINT('',(4.060250392431,4.7));
#819 = CARTESIAN_POINT('',(4.064314360514,4.73092932474));
#820 = CARTESIAN_POINT('',(4.068268135171,4.791670011608));
#821 = CARTESIAN_POINT('',(4.072046490443,4.879822352097));
#822 = CARTESIAN_POINT('',(4.075592317644,4.991785478782));
#823 = CARTESIAN_POINT('',(4.078860333839,5.122822099717));
#824 = CARTESIAN_POINT('',(4.085357160468,5.439534437951));
#825 = CARTESIAN_POINT('',(4.088498886146,5.633070184339));
#826 = CARTESIAN_POINT('',(4.091252893525,5.842527382055));
#827 = CARTESIAN_POINT('',(4.093632960345,6.063975266568));
#828 = CARTESIAN_POINT('',(4.095654737052,6.294405994625));
#829 = CARTESIAN_POINT('',(4.097332745859,6.531503377113));
#830 = CARTESIAN_POINT('',(4.100918366527,7.176231786683));
#831 = CARTESIAN_POINT('',(4.102238228314,7.59250732745));
#832 = CARTESIAN_POINT('',(4.102693849118,8.014532990525));
#833 = CARTESIAN_POINT('',(4.102305356887,8.437298145032));
#834 = CARTESIAN_POINT('',(4.101061456692,8.855661425614));
#835 = CARTESIAN_POINT('',(4.098921326556,9.263386036744));
#836 = CARTESIAN_POINT('',(4.093969703617,9.880833860518));
#837 = CARTESIAN_POINT('',(4.091770642004,10.104834110967));
#838 = CARTESIAN_POINT('',(4.08920984379,10.319251045304));
#839 = CARTESIAN_POINT('',(4.08627496516,10.520714348219));
#840 = CARTESIAN_POINT('',(4.082956951926,10.70513999303));
#841 = CARTESIAN_POINT('',(4.079253152604,10.867555072257));
#842 = CARTESIAN_POINT('',(4.071436021446,11.124724429526));
#843 = CARTESIAN_POINT('',(4.067353503241,11.225003573608));
#844 = CARTESIAN_POINT('',(4.063011433684,11.294300123898));
#845 = CARTESIAN_POINT('',(4.058518965712,11.327454593801));
#846 = CARTESIAN_POINT('',(4.053997893801,11.322515929658));
#847 = CARTESIAN_POINT('',(4.049570658836,11.280802375417));
#848 = CARTESIAN_POINT('',(4.040644967524,11.124798055385));
#849 = CARTESIAN_POINT('',(4.036259714862,11.003954686066));
#850 = CARTESIAN_POINT('',(4.032237543696,10.851226924345));
#851 = CARTESIAN_POINT('',(4.028606042328,10.672811951353));
#852 = CARTESIAN_POINT('',(4.025379060105,10.474516424143));
#853 = CARTESIAN_POINT('',(4.022558568521,10.261828653036));
#854 = CARTESIAN_POINT('',(4.017252270253,9.775985938399));
#855 = CARTESIAN_POINT('',(4.014900939475,9.496250470298));
#856 = CARTESIAN_POINT('',(4.013053889753,9.205989714901));
#857 = CARTESIAN_POINT('',(4.011686678005,8.908836103876));
#858 = CARTESIAN_POINT('',(4.010781089924,8.607424036489));
#859 = CARTESIAN_POINT('',(4.010327626195,8.30384176356));
#860 = CARTESIAN_POINT('',(4.010327626195,7.758300952444));
#861 = CARTESIAN_POINT('',(4.010614579404,7.516682301068));
#862 = CARTESIAN_POINT('',(4.011188121826,7.276172297682));
#863 = CARTESIAN_POINT('',(4.012051910602,7.037834684821));
#864 = CARTESIAN_POINT('',(4.013213049696,6.802908968354));
#865 = CARTESIAN_POINT('',(4.014681501943,6.572954732893));
#866 = CARTESIAN_POINT('',(4.018447290368,6.103375789412));
#867 = CARTESIAN_POINT('',(4.020824227564,5.864299734158));
#868 = CARTESIAN_POINT('',(4.023617365785,5.636315460538));
#869 = CARTESIAN_POINT('',(4.026840651347,5.423741471227));
#870 = CARTESIAN_POINT('',(4.03050269148,5.231775896681));
#871 = CARTESIAN_POINT('',(4.034602566149,5.066717550779));
#872 = CARTESIAN_POINT('',(4.04134353233,4.87230613539));
#873 = CARTESIAN_POINT('',(4.043664606311,4.816683033566));
#874 = CARTESIAN_POINT('',(4.046069186145,4.770796181869));
#875 = CARTESIAN_POINT('',(4.048539398021,4.735638408626));
#876 = CARTESIAN_POINT('',(4.051055795501,4.711907834032));
#877 = CARTESIAN_POINT('',(4.053597973396,4.7));
#878 = CARTESIAN_POINT('',(4.056145181635,4.7));
#879 = ( GEOMETRIC_REPRESENTATION_CONTEXT(2) 
PARAMETRIC_REPRESENTATION_CONTEXT() REPRESENTATION_CONTEXT('2D SPACE',''
  ) );
#880 = PCURVE('',#881,#886);
#881 = CYLINDRICAL_SURFACE('',#882,3.3);
#882 = AXIS2_PLACEMENT_3D('',#883,#884,#885);
#883 = CARTESIAN_POINT('',(-40.7882042068,-52.96456265829,99.));
#884 = DIRECTION('',(-0.610145163901,-0.792289643355,2.220446049251E-16)
  );
#885 = DIRECTION('',(-1.354794418654E-16,-1.75923640845E-16,-1.));
#886 = DEFINITIONAL_REPRESENTATION('',(#887),#950);
#887 = B_SPLINE_CURVE_WITH_KNOTS('',7,(#888,#889,#890,#891,#892,#893,
    #894,#895,#896,#897,#898,#899,#900,#901,#902,#903,#904,#905,#906,
    #907,#908,#909,#910,#911,#912,#913,#914,#915,#916,#917,#918,#919,
    #920,#921,#922,#923,#924,#925,#926,#927,#928,#929,#930,#931,#932,
    #933,#934,#935,#936,#937,#938,#939,#940,#941,#942,#943,#944,#945,
    #946,#947,#948,#949),.UNSPECIFIED.,.F.,.F.,(8,6,6,6,6,6,6,6,6,6,8),(
    0.,8.234476476314E-02,0.180750267059,0.344502059396,0.442272605688,
    0.531818550244,0.631499907868,0.75006365494,0.844378354823,
    0.948705758433,1.),.UNSPECIFIED.);
#888 = CARTESIAN_POINT('',(0.,5.2));
#889 = CARTESIAN_POINT('',(8.963043571304E-02,5.2));
#890 = CARTESIAN_POINT('',(0.178360298206,5.198583730788));
#891 = CARTESIAN_POINT('',(0.265858452823,5.195800538721));
#892 = CARTESIAN_POINT('',(0.351766409519,5.191848061012));
#893 = CARTESIAN_POINT('',(0.435661102077,5.18703644361));
#894 = CARTESIAN_POINT('',(0.516992865075,5.181728178624));
#895 = CARTESIAN_POINT('',(0.688218795722,5.16971116026));
#896 = CARTESIAN_POINT('',(0.7778726317,5.162848478131));
#897 = CARTESIAN_POINT('',(0.864536688759,5.156075840508));
#898 = CARTESIAN_POINT('',(0.948673728888,5.149703152068));
#899 = CARTESIAN_POINT('',(1.030695537513,5.143949316058));
#900 = CARTESIAN_POINT('',(1.11100211375,5.138960474801));
#901 = CARTESIAN_POINT('',(1.321449112592,5.12797551648));
#902 = CARTESIAN_POINT('',(1.449255861485,5.123510749444));
#903 = CARTESIAN_POINT('',(1.575383179654,5.121894939829));
#904 = CARTESIAN_POINT('',(1.701378263288,5.12324447635));
#905 = CARTESIAN_POINT('',(1.828775149494,5.127513971158));
#906 = CARTESIAN_POINT('',(1.959115298903,5.134437571143));
#907 = CARTESIAN_POINT('',(2.175166006338,5.148588734283));
#908 = CARTESIAN_POINT('',(2.257939985972,5.154585552333));
#909 = CARTESIAN_POINT('',(2.343008921989,5.161133695188));
#910 = CARTESIAN_POINT('',(2.430674699602,5.168005357553));
#911 = CARTESIAN_POINT('',(2.521293980435,5.17488731942));
#912 = CARTESIAN_POINT('',(2.615277326932,5.181363901762));
#913 = CARTESIAN_POINT('',(2.802873118669,5.192080168779));
#914 = CARTESIAN_POINT('',(2.896567780325,5.196502466397));
#915 = CARTESIAN_POINT('',(2.992701801865,5.199719285352));
#916 = CARTESIAN_POINT('',(3.090107599338,5.201287829317));
#917 = CARTESIAN_POINT('',(3.187787453151,5.201030773355));
#918 = CARTESIAN_POINT('',(3.284702927167,5.199085525167));
#919 = CARTESIAN_POINT('',(3.485221462216,5.192141297274));
#920 = CARTESIAN_POINT('',(3.586889321534,5.186871316629));
#921 = CARTESIAN_POINT('',(3.685047909668,5.180476231502));
#922 = CARTESIAN_POINT('',(3.77994801217,5.173492705748));
#923 = CARTESIAN_POINT('',(3.871737612795,5.166399766318));
#924 = CARTESIAN_POINT('',(3.960444617756,5.159576911648));
#925 = CARTESIAN_POINT('',(4.147741208821,5.145812505469));
#926 = CARTESIAN_POINT('',(4.246083069361,5.139015134787));
#927 = CARTESIAN_POINT('',(4.341848370916,5.133291182984));
#928 = CARTESIAN_POINT('',(4.435708801969,5.12887270173));
#929 = CARTESIAN_POINT('',(4.528321200642,5.125884229914));
#930 = CARTESIAN_POINT('',(4.6203157187,5.124387805663));
#931 = CARTESIAN_POINT('',(4.785631116008,5.124387805663));
#932 = CARTESIAN_POINT('',(4.858849139397,5.125334768574));
#933 = CARTESIAN_POINT('',(4.932371858939,5.127227396451));
#934 = CARTESIAN_POINT('',(5.006519731932,5.130040655895));
#935 = CARTESIAN_POINT('',(5.081609891257,5.133723247501));
#936 = CARTESIAN_POINT('',(5.157973831708,5.1381884443));
#937 = CARTESIAN_POINT('',(5.322283849542,5.148950630157));
#938 = CARTESIAN_POINT('',(5.410954653824,5.155415060548));
#939 = CARTESIAN_POINT('',(5.50230854708,5.162501838486));
#940 = CARTESIAN_POINT('',(5.596671583692,5.169922004564));
#941 = CARTESIAN_POINT('',(5.694450416772,5.177272722694));
#942 = CARTESIAN_POINT('',(5.79612186303,5.18401759091));
#943 = CARTESIAN_POINT('',(5.954632762425,5.192285292256));
#944 = CARTESIAN_POINT('',(6.00793920697,5.194717435196));
#945 = CARTESIAN_POINT('',(6.06207629635,5.196769577112));
#946 = CARTESIAN_POINT('',(6.116845293574,5.198367406631));
#947 = CARTESIAN_POINT('',(6.172067077481,5.199454919657));
#948 = CARTESIAN_POINT('',(6.227571260629,5.2));
#949 = CARTESIAN_POINT('',(6.28318530718,5.2));
#950 = ( GEOMETRIC_REPRESENTATION_CONTEXT(2) 
PARAMETRIC_REPRESENTATION_CONTEXT() REPRESENTATION_CONTEXT('2D SPACE',''
  ) );
#951 = FACE_BOUND('',#952,.T.);
#952 = EDGE_LOOP('',(#953));
#953 = ORIENTED_EDGE('',*,*,#954,.F.);
#954 = EDGE_CURVE('',#955,#955,#957,.T.);
#955 = VERTEX_POINT('',#956);
#956 = CARTESIAN_POINT('',(27.456120616037,-66.61354172176,95.7));
#957 = SURFACE_CURVE('',#958,(#1021,#1087),.PCURVE_S1.);
#958 = B_SPLINE_CURVE_WITH_KNOTS('',7,(#959,#960,#961,#962,#963,#964,
    #965,#966,#967,#968,#969,#970,#971,#972,#973,#974,#975,#976,#977,
    #978,#979,#980,#981,#982,#983,#984,#985,#986,#987,#988,#989,#990,
    #991,#992,#993,#994,#995,#996,#997,#998,#999,#1000,#1001,#1002,#1003
    ,#1004,#1005,#1006,#1007,#1008,#1009,#1010,#1011,#1012,#1013,#1014,
    #1015,#1016,#1017,#1018,#1019,#1020),.UNSPECIFIED.,.T.,.F.,(1,7,6,6,
    6,6,6,6,6,6,6,7,1),(-5.1294243719E-02,0.,8.234475915267E-02,
    0.180750254737,0.344502039168,0.442272582582,0.531818529825,
    0.63149989185,0.750063644156,0.844378348203,0.948705756281,1.,
    1.082344759153),.UNSPECIFIED.);
#959 = CARTESIAN_POINT('',(27.456120616037,-66.61354172176,95.7));
#960 = CARTESIAN_POINT('',(27.729583246658,-66.500828559,95.7));
#961 = CARTESIAN_POINT('',(27.999758850121,-66.38793835742,
    95.730929324736));
#962 = CARTESIAN_POINT('',(28.262065691614,-66.27681294545,
    95.791670011609));
#963 = CARTESIAN_POINT('',(28.512227174748,-66.16942877567,
    95.879822352104));
#964 = CARTESIAN_POINT('',(28.74655454494,-66.06764170058,
    95.991785478785));
#965 = CARTESIAN_POINT('',(28.962171587046,-65.97302928628,
    96.122822099707));
#966 = CARTESIAN_POINT('',(29.390226253384,-65.78360013425,
    96.439534437951));
#967 = CARTESIAN_POINT('',(29.596798620089,-65.69103439004,
    96.633070184339));
#968 = CARTESIAN_POINT('',(29.777566821698,-65.60920174841,
    96.842527382055));
#969 = CARTESIAN_POINT('',(29.933574429146,-65.53800727704,
    97.063975266568));
#970 = CARTESIAN_POINT('',(30.065954770935,-65.47722061998,
    97.294405994626));
#971 = CARTESIAN_POINT('',(30.175736665064,-65.42657579834,
    97.531503377112));
#972 = CARTESIAN_POINT('',(30.410185498038,-65.3180615007,
    98.176231794707));
#973 = CARTESIAN_POINT('',(30.496308657114,-65.27773495132,
    98.592507294302));
#974 = CARTESIAN_POINT('',(30.526006225433,-65.26374681774,
    99.014533054299));
#975 = CARTESIAN_POINT('',(30.500671844053,-65.2756485705,
    99.437298075722));
#976 = CARTESIAN_POINT('',(30.419532757026,-65.31370962641,
    99.855661466409));
#977 = CARTESIAN_POINT('',(30.279751353569,-65.37881201072,100.263386026
    ));
#978 = CARTESIAN_POINT('',(29.955558370723,-65.52774078291,
    100.88083387128));
#979 = CARTESIAN_POINT('',(29.811461034139,-65.59361964812,
    101.10483408565));
#980 = CARTESIAN_POINT('',(29.6434791424,-65.66993933787,101.31925106649
    ));
#981 = CARTESIAN_POINT('',(29.450696539155,-65.75683106485,
    101.52071434855));
#982 = CARTESIAN_POINT('',(29.232382963278,-65.85425703849,
    101.70513998132));
#983 = CARTESIAN_POINT('',(28.988197042264,-65.9619083618,
    101.86755507835));
#984 = CARTESIAN_POINT('',(28.471648173923,-66.18640528348,
    102.12472443125));
#985 = CARTESIAN_POINT('',(28.201411066074,-66.30257219129,
    102.2250035715));
#986 = CARTESIAN_POINT('',(27.913405822669,-66.42475873626,
    102.2943001234));
#987 = CARTESIAN_POINT('',(27.614739931888,-66.54955648917,
    102.32745459535));
#988 = CARTESIAN_POINT('',(27.313470224345,-66.67345286714,
    102.32251593004));
#989 = CARTESIAN_POINT('',(27.017817459258,-66.79320813965,
    102.28080237437));
#990 = CARTESIAN_POINT('',(26.420633977438,-67.03183844934,
    102.12479805538));
#991 = CARTESIAN_POINT('',(26.126544113457,-67.14735347035,
    102.00395468606));
#992 = CARTESIAN_POINT('',(25.856235620815,-67.25184959102,
    101.85122692434));
#993 = CARTESIAN_POINT('',(25.611749891083,-67.34506587248,
    101.67281195135));
#994 = CARTESIAN_POINT('',(25.394184600263,-67.42706800657,
    101.47451642414));
#995 = CARTESIAN_POINT('',(25.203807050744,-67.49815628924,
    101.26182865303));
#996 = CARTESIAN_POINT('',(24.845319676877,-67.63102637664,
    100.77598593839));
#997 = CARTESIAN_POINT('',(24.686223724917,-67.68924887898,
    100.49625047029));
#998 = CARTESIAN_POINT('',(24.561117407798,-67.73462288744,
    100.2059897149));
#999 = CARTESIAN_POINT('',(24.468450439161,-67.76803837378,
    99.908836103875));
#1000 = CARTESIAN_POINT('',(24.407050507019,-67.79011323289,
    99.60742403649));
#1001 = CARTESIAN_POINT('',(24.376305137764,-67.80116700935,
    99.30384176356));
#1002 = CARTESIAN_POINT('',(24.376305137764,-67.80116700935,
    98.758300952444));
#1003 = CARTESIAN_POINT('',(24.395760903687,-67.79417216767,
    98.516682301068));
#1004 = CARTESIAN_POINT('',(24.434647736099,-67.78019126081,
    98.276172297682));
#1005 = CARTESIAN_POINT('',(24.493201000278,-67.75910020178,
    98.037834684821));
#1006 = CARTESIAN_POINT('',(24.571877065666,-67.73065540262,
    97.802908968354));
#1007 = CARTESIAN_POINT('',(24.671310585372,-67.69450147327,
    97.572954732893));
#1008 = CARTESIAN_POINT('',(24.926066824604,-67.60113903703,
    97.103375789741));
#1009 = CARTESIAN_POINT('',(25.086753880415,-67.54190061683,
    96.864299734123));
#1010 = CARTESIAN_POINT('',(25.275400900422,-67.47181106952,
    96.636315460276));
#1011 = CARTESIAN_POINT('',(25.492835629826,-67.39021668119,
    96.423741471089));
#1012 = CARTESIAN_POINT('',(25.739487811375,-67.29650461237,
    96.231775896789));
#1013 = CARTESIAN_POINT('',(26.015098667618,-67.19020134468,
    96.066717550917));
#1014 = CARTESIAN_POINT('',(26.467223811567,-67.01279125211,
    95.872306135377));
#1015 = CARTESIAN_POINT('',(26.622749697878,-66.95131874234,
    95.816683033571));
#1016 = CARTESIAN_POINT('',(26.783699030098,-66.88719983583,
    95.770796181879));
#1017 = CARTESIAN_POINT('',(26.948852107401,-66.82085688094,
    95.735638408625));
#1018 = CARTESIAN_POINT('',(27.116890851898,-66.75277257547,
    95.711907834024));
#1019 = CARTESIAN_POINT('',(27.286442053711,-66.68347817842,95.7));
#1020 = CARTESIAN_POINT('',(27.456120616037,-66.61354172176,95.7));
#1021 = PCURVE('',#49,#1022);
#1022 = DEFINITIONAL_REPRESENTATION('',(#1023),#1086);
#1023 = B_SPLINE_CURVE_WITH_KNOTS('',7,(#1024,#1025,#1026,#1027,#1028,
    #1029,#1030,#1031,#1032,#1033,#1034,#1035,#1036,#1037,#1038,#1039,
    #1040,#1041,#1042,#1043,#1044,#1045,#1046,#1047,#1048,#1049,#1050,
    #1051,#1052,#1053,#1054,#1055,#1056,#1057,#1058,#1059,#1060,#1061,
    #1062,#1063,#1064,#1065,#1066,#1067,#1068,#1069,#1070,#1071,#1072,
    #1073,#1074,#1075,#1076,#1077,#1078,#1079,#1080,#1081,#1082,#1083,
    #1084,#1085),.UNSPECIFIED.,.T.,.F.,(1,7,6,6,6,6,6,6,6,6,6,7,1),(
    -5.1294243719E-02,0.,8.234475915267E-02,0.180750254737,
    0.344502039168,0.442272582582,0.531818529825,0.63149989185,
    0.750063644156,0.844378348203,0.948705756281,1.,1.082344759153),
  .UNSPECIFIED.);
#1024 = CARTESIAN_POINT('',(5.103342732831,4.7));
#1025 = CARTESIAN_POINT('',(5.107447943627,4.7));
#1026 = CARTESIAN_POINT('',(5.111511911711,4.730929324736));
#1027 = CARTESIAN_POINT('',(5.115465686368,4.791670011609));
#1028 = CARTESIAN_POINT('',(5.11924404164,4.879822352104));
#1029 = CARTESIAN_POINT('',(5.12278986884,4.991785478785));
#1030 = CARTESIAN_POINT('',(5.126057885035,5.122822099707));
#1031 = CARTESIAN_POINT('',(5.132554711665,5.439534437951));
#1032 = CARTESIAN_POINT('',(5.135696437342,5.633070184339));
#1033 = CARTESIAN_POINT('',(5.138450444721,5.842527382055));
#1034 = CARTESIAN_POINT('',(5.140830511542,6.063975266568));
#1035 = CARTESIAN_POINT('',(5.142852288248,6.294405994626));
#1036 = CARTESIAN_POINT('',(5.144530297055,6.531503377112));
#1037 = CARTESIAN_POINT('',(5.148115917768,7.176231794707));
#1038 = CARTESIAN_POINT('',(5.149435779431,7.592507294302));
#1039 = CARTESIAN_POINT('',(5.149891400307,8.014533054299));
#1040 = CARTESIAN_POINT('',(5.149502908254,8.437298075722));
#1041 = CARTESIAN_POINT('',(5.148259007689,8.855661466409));
#1042 = CARTESIAN_POINT('',(5.146118877838,9.263386026001));
#1043 = CARTESIAN_POINT('',(5.141167254728,9.88083387128));
#1044 = CARTESIAN_POINT('',(5.138968193356,10.104834085657));
#1045 = CARTESIAN_POINT('',(5.136407395024,10.319251066491));
#1046 = CARTESIAN_POINT('',(5.133472515977,10.52071434855));
#1047 = CARTESIAN_POINT('',(5.130154503558,10.705139981323));
#1048 = CARTESIAN_POINT('',(5.126450703615,10.86755507835));
#1049 = CARTESIAN_POINT('',(5.11863357259,11.124724431256));
#1050 = CARTESIAN_POINT('',(5.114551054573,11.225003571501));
#1051 = CARTESIAN_POINT('',(5.110208984793,11.294300123405));
#1052 = CARTESIAN_POINT('',(5.105716516827,11.327454595359));
#1053 = CARTESIAN_POINT('',(5.101195445139,11.322515930044));
#1054 = CARTESIAN_POINT('',(5.096768209973,11.280802374373));
#1055 = CARTESIAN_POINT('',(5.08784251872,11.124798055385));
#1056 = CARTESIAN_POINT('',(5.083457266059,11.003954686066));
#1057 = CARTESIAN_POINT('',(5.079435094893,10.851226924345));
#1058 = CARTESIAN_POINT('',(5.075803593524,10.672811951353));
#1059 = CARTESIAN_POINT('',(5.072576611302,10.474516424143));
#1060 = CARTESIAN_POINT('',(5.069756119718,10.261828653036));
#1061 = CARTESIAN_POINT('',(5.06444982145,9.775985938399));
#1062 = CARTESIAN_POINT('',(5.062098490672,9.496250470298));
#1063 = CARTESIAN_POINT('',(5.060251440949,9.205989714901));
#1064 = CARTESIAN_POINT('',(5.058884229202,8.908836103876));
#1065 = CARTESIAN_POINT('',(5.05797864112,8.60742403649));
#1066 = CARTESIAN_POINT('',(5.057525177391,8.30384176356));
#1067 = CARTESIAN_POINT('',(5.057525177391,7.758300952444));
#1068 = CARTESIAN_POINT('',(5.0578121306,7.516682301068));
#1069 = CARTESIAN_POINT('',(5.058385673023,7.276172297682));
#1070 = CARTESIAN_POINT('',(5.059249461799,7.037834684821));
#1071 = CARTESIAN_POINT('',(5.060410600893,6.802908968354));
#1072 = CARTESIAN_POINT('',(5.061879053139,6.572954732893));
#1073 = CARTESIAN_POINT('',(5.065644841562,6.103375789741));
#1074 = CARTESIAN_POINT('',(5.06802177876,5.864299734123));
#1075 = CARTESIAN_POINT('',(5.070814916984,5.636315460276));
#1076 = CARTESIAN_POINT('',(5.074038202548,5.423741471089));
#1077 = CARTESIAN_POINT('',(5.077700242677,5.231775896789));
#1078 = CARTESIAN_POINT('',(5.081800117341,5.066717550917));
#1079 = CARTESIAN_POINT('',(5.088541083527,4.872306135377));
#1080 = CARTESIAN_POINT('',(5.090862157507,4.816683033571));
#1081 = CARTESIAN_POINT('',(5.093266737341,4.770796181879));
#1082 = CARTESIAN_POINT('',(5.095736949218,4.735638408625));
#1083 = CARTESIAN_POINT('',(5.098253346698,4.711907834024));
#1084 = CARTESIAN_POINT('',(5.100795524592,4.7));
#1085 = CARTESIAN_POINT('',(5.103342732831,4.7));
#1086 = ( GEOMETRIC_REPRESENTATION_CONTEXT(2) 
PARAMETRIC_REPRESENTATION_CONTEXT() REPRESENTATION_CONTEXT('2D SPACE',''
  ) );
#1087 = PCURVE('',#1088,#1093);
#1088 = CYLINDRICAL_SURFACE('',#1089,3.3);
#1089 = AXIS2_PLACEMENT_3D('',#1090,#1091,#1092);
#1090 = CARTESIAN_POINT('',(25.474554659016,-61.80590234698,99.));
#1091 = DIRECTION('',(0.38107037635,-0.924546033612,2.220446049251E-16)
  );
#1092 = DIRECTION('',(8.461462116533E-17,-2.052904587685E-16,-1.));
#1093 = DEFINITIONAL_REPRESENTATION('',(#1094),#1157);
#1094 = B_SPLINE_CURVE_WITH_KNOTS('',7,(#1095,#1096,#1097,#1098,#1099,
    #1100,#1101,#1102,#1103,#1104,#1105,#1106,#1107,#1108,#1109,#1110,
    #1111,#1112,#1113,#1114,#1115,#1116,#1117,#1118,#1119,#1120,#1121,
    #1122,#1123,#1124,#1125,#1126,#1127,#1128,#1129,#1130,#1131,#1132,
    #1133,#1134,#1135,#1136,#1137,#1138,#1139,#1140,#1141,#1142,#1143,
    #1144,#1145,#1146,#1147,#1148,#1149,#1150,#1151,#1152,#1153,#1154,
    #1155,#1156),.UNSPECIFIED.,.F.,.F.,(8,6,6,6,6,6,6,6,6,6,8),(0.,
    8.234475915267E-02,0.180750254737,0.344502039168,0.442272582582,
    0.531818529825,0.63149989185,0.750063644156,0.844378348203,
    0.948705756281,1.),.UNSPECIFIED.);
#1095 = CARTESIAN_POINT('',(0.,5.2));
#1096 = CARTESIAN_POINT('',(8.963043570768E-02,5.2));
#1097 = CARTESIAN_POINT('',(0.178360298205,5.198583730788));
#1098 = CARTESIAN_POINT('',(0.265858452827,5.195800538721));
#1099 = CARTESIAN_POINT('',(0.351766409524,5.191848061011));
#1100 = CARTESIAN_POINT('',(0.435661102076,5.18703644361));
#1101 = CARTESIAN_POINT('',(0.51699286507,5.181728178624));
#1102 = CARTESIAN_POINT('',(0.688218795722,5.16971116026));
#1103 = CARTESIAN_POINT('',(0.7778726317,5.162848478131));
#1104 = CARTESIAN_POINT('',(0.864536688759,5.156075840508));
#1105 = CARTESIAN_POINT('',(0.948673728888,5.149703152068));
#1106 = CARTESIAN_POINT('',(1.030695537514,5.143949316058));
#1107 = CARTESIAN_POINT('',(1.11100211375,5.138960474801));
#1108 = CARTESIAN_POINT('',(1.321449115211,5.127975516343));
#1109 = CARTESIAN_POINT('',(1.449255850659,5.1235107497));
#1110 = CARTESIAN_POINT('',(1.575383200607,5.121894939819));
#1111 = CARTESIAN_POINT('',(1.701378240256,5.123244475877));
#1112 = CARTESIAN_POINT('',(1.828775163318,5.127513971729));
#1113 = CARTESIAN_POINT('',(1.959115295144,5.134437570897));
#1114 = CARTESIAN_POINT('',(2.175166010103,5.14858873453));
#1115 = CARTESIAN_POINT('',(2.257939977984,5.15458555178));
#1116 = CARTESIAN_POINT('',(2.3430089258,5.161133695516));
#1117 = CARTESIAN_POINT('',(2.430674706104,5.168005357879));
#1118 = CARTESIAN_POINT('',(2.521293970592,5.174887318857));
#1119 = CARTESIAN_POINT('',(2.615277331376,5.181363902016));
#1120 = CARTESIAN_POINT('',(2.80287311993,5.192080168851));
#1121 = CARTESIAN_POINT('',(2.896567777192,5.196502466309));
#1122 = CARTESIAN_POINT('',(2.99270180383,5.199719285329));
#1123 = CARTESIAN_POINT('',(3.090107601242,5.201287829382));
#1124 = CARTESIAN_POINT('',(3.187787449945,5.201030773375));
#1125 = CARTESIAN_POINT('',(3.284702928509,5.19908552512));
#1126 = CARTESIAN_POINT('',(3.485221462216,5.192141297274));
#1127 = CARTESIAN_POINT('',(3.586889321534,5.186871316629));
#1128 = CARTESIAN_POINT('',(3.685047909668,5.180476231502));
#1129 = CARTESIAN_POINT('',(3.77994801217,5.173492705748));
#1130 = CARTESIAN_POINT('',(3.871737612795,5.166399766317));
#1131 = CARTESIAN_POINT('',(3.960444617756,5.159576911648));
#1132 = CARTESIAN_POINT('',(4.147741208821,5.145812505469));
#1133 = CARTESIAN_POINT('',(4.246083069361,5.139015134787));
#1134 = CARTESIAN_POINT('',(4.341848370915,5.133291182984));
#1135 = CARTESIAN_POINT('',(4.43570880197,5.12887270173));
#1136 = CARTESIAN_POINT('',(4.528321200641,5.125884229914));
#1137 = CARTESIAN_POINT('',(4.6203157187,5.124387805663));
#1138 = CARTESIAN_POINT('',(4.785631116008,5.124387805663));
#1139 = CARTESIAN_POINT('',(4.858849139397,5.125334768574));
#1140 = CARTESIAN_POINT('',(4.932371858939,5.127227396451));
#1141 = CARTESIAN_POINT('',(5.006519731932,5.130040655895));
#1142 = CARTESIAN_POINT('',(5.081609891257,5.133723247501));
#1143 = CARTESIAN_POINT('',(5.157973831708,5.1381884443));
#1144 = CARTESIAN_POINT('',(5.322283849426,5.148950630149));
#1145 = CARTESIAN_POINT('',(5.410954653822,5.155415060546));
#1146 = CARTESIAN_POINT('',(5.502308547175,5.162501838495));
#1147 = CARTESIAN_POINT('',(5.596671583774,5.16992200457));
#1148 = CARTESIAN_POINT('',(5.694450416753,5.17727272269));
#1149 = CARTESIAN_POINT('',(5.796121862918,5.184017590904));
#1150 = CARTESIAN_POINT('',(5.954632762435,5.192285292257));
#1151 = CARTESIAN_POINT('',(6.007939206959,5.194717435196));
#1152 = CARTESIAN_POINT('',(6.062076296342,5.196769577111));
#1153 = CARTESIAN_POINT('',(6.116845293582,5.198367406631));
#1154 = CARTESIAN_POINT('',(6.172067077492,5.199454919658));
#1155 = CARTESIAN_POINT('',(6.22757126062,5.2));
#1156 = CARTESIAN_POINT('',(6.28318530718,5.2));
#1157 = ( GEOMETRIC_REPRESENTATION_CONTEXT(2) 
PARAMETRIC_REPRESENTATION_CONTEXT() REPRESENTATION_CONTEXT('2D SPACE',''
  ) );
#1158 = FACE_BOUND('',#1159,.T.);
#1159 = EDGE_LOOP('',(#1160));
#1160 = ORIENTED_EDGE('',*,*,#1161,.F.);
#1161 = EDGE_CURVE('',#1162,#1162,#1164,.T.);
#1162 = VERTEX_POINT('',#1163);
#1163 = CARTESIAN_POINT('',(71.417079675124,-9.529072918026,95.7));
#1164 = SURFACE_CURVE('',#1165,(#1228,#1294),.PCURVE_S1.);
#1165 = B_SPLINE_CURVE_WITH_KNOTS('',7,(#1166,#1167,#1168,#1169,#1170,
    #1171,#1172,#1173,#1174,#1175,#1176,#1177,#1178,#1179,#1180,#1181,
    #1182,#1183,#1184,#1185,#1186,#1187,#1188,#1189,#1190,#1191,#1192,
    #1193,#1194,#1195,#1196,#1197,#1198,#1199,#1200,#1201,#1202,#1203,
    #1204,#1205,#1206,#1207,#1208,#1209,#1210,#1211,#1212,#1213,#1214,
    #1215,#1216,#1217,#1218,#1219,#1220,#1221,#1222,#1223,#1224,#1225,
    #1226,#1227),.UNSPECIFIED.,.T.,.F.,(1,7,6,6,6,6,6,6,6,6,6,7,1),(
    -5.1294241262E-02,0.,8.234476493294E-02,0.180750267417,
    0.344502063328,0.442272609038,0.53181855306,0.631499910087,
    0.750063656443,0.844378355757,0.948705758738,1.,1.082344764933),
  .UNSPECIFIED.);
#1166 = CARTESIAN_POINT('',(71.417079675124,-9.529072918026,95.7));
#1167 = CARTESIAN_POINT('',(71.456198528143,-9.235890751519,95.7));
#1168 = CARTESIAN_POINT('',(71.493520547462,-8.945466714692,
    95.730929324741));
#1169 = CARTESIAN_POINT('',(71.528436538435,-8.662739620379,
    95.791670011599));
#1170 = CARTESIAN_POINT('',(71.560519861019,-8.392401336018,
    95.879822352104));
#1171 = CARTESIAN_POINT('',(71.589533353308,-8.138574343081,
    95.991785478802));
#1172 = CARTESIAN_POINT('',(71.615405120062,-7.904538300017,
    96.122822099695));
#1173 = CARTESIAN_POINT('',(71.665381995353,-7.439117508724,
    96.439534437951));
#1174 = CARTESIAN_POINT('',(71.688503892705,-7.213937719335,
    96.633070184339));
#1175 = CARTESIAN_POINT('',(71.708018846996,-7.016471543729,
    96.842527382055));
#1176 = CARTESIAN_POINT('',(71.724366429901,-6.845767756808,
    97.063975266568));
#1177 = CARTESIAN_POINT('',(71.737913811574,-6.70072968933,
    97.294405994626));
#1178 = CARTESIAN_POINT('',(71.74894505653,-6.580333369319,
    97.531503377112));
#1179 = CARTESIAN_POINT('',(71.772193334586,-6.323037575255,
    98.176231794706));
#1180 = CARTESIAN_POINT('',(71.780331097908,-6.228289456948,
    98.592507294303));
#1181 = CARTESIAN_POINT('',(71.783065803037,-6.195576541564,
    99.014533054298));
#1182 = CARTESIAN_POINT('',(71.780705832585,-6.223467635807,
    99.437298075722));
#1183 = CARTESIAN_POINT('',(71.77309813039,-6.312766674371,
    99.855661466408));
#1184 = CARTESIAN_POINT('',(71.759587747318,-6.466372112895,
    100.263386026));
#1185 = CARTESIAN_POINT('',(71.726467356541,-6.82159585167,
    100.88083386051));
#1186 = CARTESIAN_POINT('',(71.71147145759,-6.979327255725,
    101.10483411096));
#1187 = CARTESIAN_POINT('',(71.693575302091,-7.162963677738,
    101.3192510453));
#1188 = CARTESIAN_POINT('',(71.672434447397,-7.373364143228,
    101.52071434821));
#1189 = CARTESIAN_POINT('',(71.647651020739,-7.611142291023,
    101.70513999303));
#1190 = CARTESIAN_POINT('',(71.618786846068,-7.876439119135,
    101.86755507225));
#1191 = CARTESIAN_POINT('',(71.55493244806,-8.436032031748,
    102.12472442952));
#1192 = CARTESIAN_POINT('',(71.520417385747,-8.728147699507,
    102.2250035736));
#1193 = CARTESIAN_POINT('',(71.482231418046,-9.038660813313,
    102.29430012389));
#1194 = CARTESIAN_POINT('',(71.440976496872,-9.359711938798,
    102.3274545938));
#1195 = CARTESIAN_POINT('',(71.397639051772,-9.682567363879,
    102.32251592965));
#1196 = CARTESIAN_POINT('',(71.353523779445,-9.99848779104,
    102.28080237541));
#1197 = CARTESIAN_POINT('',(71.261591948224,-10.6349790161,
    102.12479805538));
#1198 = CARTESIAN_POINT('',(71.21458595895,-10.94742581982,
    102.00395468607));
#1199 = CARTESIAN_POINT('',(71.169928007727,-11.23376790166,
    101.85122692434));
#1200 = CARTESIAN_POINT('',(71.128412810647,-11.49210689519,
    101.67281195134));
#1201 = CARTESIAN_POINT('',(71.090646096527,-11.72152503106,
    101.47451642414));
#1202 = CARTESIAN_POINT('',(71.057021580468,-11.92194096658,
    101.26182865304));
#1203 = CARTESIAN_POINT('',(70.992846764631,-12.298835183,
    100.77598593839));
#1204 = CARTESIAN_POINT('',(70.96372095475,-12.46572757021,
    100.49625047029));
#1205 = CARTESIAN_POINT('',(70.940462840183,-12.59675982323,
    100.2059897149));
#1206 = CARTESIAN_POINT('',(70.923068015918,-12.69371951533,
    99.908836103876));
#1207 = CARTESIAN_POINT('',(70.911485438622,-12.75793084592,
    99.607424036489));
#1208 = CARTESIAN_POINT('',(70.905685605216,-12.79008400497,
    99.30384176356));
#1209 = CARTESIAN_POINT('',(70.905685605216,-12.79008400497,
    98.758300952444));
#1210 = CARTESIAN_POINT('',(70.909355777586,-12.76973739659,
    98.516682301068));
#1211 = CARTESIAN_POINT('',(70.916691373282,-12.72906995842,
    98.276172297682));
#1212 = CARTESIAN_POINT('',(70.927702612457,-12.66781581465,
    98.037834684821));
#1213 = CARTESIAN_POINT('',(70.942406726472,-12.58545794377,
    97.802908968354));
#1214 = CARTESIAN_POINT('',(70.960813265064,-12.48126902504,
    97.572954732893));
#1215 = CARTESIAN_POINT('',(71.007337143171,-12.21396243179,
    97.103375789412));
#1216 = CARTESIAN_POINT('',(71.036378694279,-12.04518414942,
    96.864299734157));
#1217 = CARTESIAN_POINT('',(71.070002875727,-11.84676626435,
    96.636315460539));
#1218 = CARTESIAN_POINT('',(71.108057427329,-11.61766507092,
    96.423741471227));
#1219 = CARTESIAN_POINT('',(71.15022648591,-11.35720198111,
    96.231775896681));
#1220 = CARTESIAN_POINT('',(71.195970583752,-11.06536434388,
    96.066717550779));
#1221 = CARTESIAN_POINT('',(71.268391508619,-10.5851074376,
    95.872306135384));
#1222 = CARTESIAN_POINT('',(71.292917696679,-10.41968181419,
    95.816683033569));
#1223 = CARTESIAN_POINT('',(71.317863760894,-10.24823615052,
    95.770796181874));
#1224 = CARTESIAN_POINT('',(71.342985615243,-10.07203791264,
    95.735638408625));
#1225 = CARTESIAN_POINT('',(71.368042249349,-9.892469938358,
    95.711907834028));
#1226 = CARTESIAN_POINT('',(71.392807142075,-9.71098709179,95.7));
#1227 = CARTESIAN_POINT('',(71.417079675124,-9.529072918026,95.7));
#1228 = PCURVE('',#49,#1229);
#1229 = DEFINITIONAL_REPRESENTATION('',(#1230),#1293);
#1230 = B_SPLINE_CURVE_WITH_KNOTS('',7,(#1231,#1232,#1233,#1234,#1235,
    #1236,#1237,#1238,#1239,#1240,#1241,#1242,#1243,#1244,#1245,#1246,
    #1247,#1248,#1249,#1250,#1251,#1252,#1253,#1254,#1255,#1256,#1257,
    #1258,#1259,#1260,#1261,#1262,#1263,#1264,#1265,#1266,#1267,#1268,
    #1269,#1270,#1271,#1272,#1273,#1274,#1275,#1276,#1277,#1278,#1279,
    #1280,#1281,#1282,#1283,#1284,#1285,#1286,#1287,#1288,#1289,#1290,
    #1291,#1292),.UNSPECIFIED.,.T.,.F.,(1,7,6,6,6,6,6,6,6,6,6,7,1),(
    -5.1294241262E-02,0.,8.234476493294E-02,0.180750267417,
    0.344502063328,0.442272609038,0.53181855306,0.631499910087,
    0.750063656443,0.844378355757,0.948705758738,1.,1.082344764933),
  .UNSPECIFIED.);
#1231 = CARTESIAN_POINT('',(6.150540284028,4.7));
#1232 = CARTESIAN_POINT('',(6.154645494824,4.7));
#1233 = CARTESIAN_POINT('',(6.158709462907,4.73092932474));
#1234 = CARTESIAN_POINT('',(6.162663237564,4.791670011599));
#1235 = CARTESIAN_POINT('',(6.166441592837,4.879822352104));
#1236 = CARTESIAN_POINT('',(6.169987420037,4.991785478802));
#1237 = CARTESIAN_POINT('',(6.173255436231,5.122822099695));
#1238 = CARTESIAN_POINT('',(6.179752262861,5.439534437951));
#1239 = CARTESIAN_POINT('',(6.182893988539,5.633070184339));
#1240 = CARTESIAN_POINT('',(6.185647995918,5.842527382055));
#1241 = CARTESIAN_POINT('',(6.188028062738,6.063975266568));
#1242 = CARTESIAN_POINT('',(6.190049839445,6.294405994626));
#1243 = CARTESIAN_POINT('',(6.191727848252,6.531503377112));
#1244 = CARTESIAN_POINT('',(6.195313468965,7.176231794706));
#1245 = CARTESIAN_POINT('',(6.196633330627,7.592507294303));
#1246 = CARTESIAN_POINT('',(6.197088951504,8.014533054298));
#1247 = CARTESIAN_POINT('',(6.196700459451,8.437298075723));
#1248 = CARTESIAN_POINT('',(6.195456558885,8.855661466408));
#1249 = CARTESIAN_POINT('',(6.193316429035,9.263386026002));
#1250 = CARTESIAN_POINT('',(6.18836480601,9.880833860518));
#1251 = CARTESIAN_POINT('',(6.186165744397,10.104834110967));
#1252 = CARTESIAN_POINT('',(6.183604946183,10.319251045304));
#1253 = CARTESIAN_POINT('',(6.180670067553,10.52071434822));
#1254 = CARTESIAN_POINT('',(6.177352054319,10.70513999303));
#1255 = CARTESIAN_POINT('',(6.173648254997,10.867555072257));
#1256 = CARTESIAN_POINT('',(6.165831123839,11.124724429526));
#1257 = CARTESIAN_POINT('',(6.161748605635,11.225003573608));
#1258 = CARTESIAN_POINT('',(6.157406536077,11.294300123898));
#1259 = CARTESIAN_POINT('',(6.152914068106,11.327454593801));
#1260 = CARTESIAN_POINT('',(6.148392996194,11.322515929658));
#1261 = CARTESIAN_POINT('',(6.143965761229,11.280802375417));
#1262 = CARTESIAN_POINT('',(6.135040069917,11.124798055388));
#1263 = CARTESIAN_POINT('',(6.130654817255,11.00395468607));
#1264 = CARTESIAN_POINT('',(6.126632646089,10.851226924342));
#1265 = CARTESIAN_POINT('',(6.123001144721,10.672811951345));
#1266 = CARTESIAN_POINT('',(6.119774162499,10.474516424141));
#1267 = CARTESIAN_POINT('',(6.116953670915,10.261828653045));
#1268 = CARTESIAN_POINT('',(6.111647372647,9.775985938399));
#1269 = CARTESIAN_POINT('',(6.109296041869,9.496250470298));
#1270 = CARTESIAN_POINT('',(6.107448992146,9.205989714901));
#1271 = CARTESIAN_POINT('',(6.106081780399,8.908836103876));
#1272 = CARTESIAN_POINT('',(6.105176192317,8.607424036489));
#1273 = CARTESIAN_POINT('',(6.104722728588,8.30384176356));
#1274 = CARTESIAN_POINT('',(6.104722728588,7.758300952444));
#1275 = CARTESIAN_POINT('',(6.105009681797,7.516682301068));
#1276 = CARTESIAN_POINT('',(6.105583224219,7.276172297682));
#1277 = CARTESIAN_POINT('',(6.106447012996,7.037834684821));
#1278 = CARTESIAN_POINT('',(6.107608152089,6.802908968354));
#1279 = CARTESIAN_POINT('',(6.109076604336,6.572954732893));
#1280 = CARTESIAN_POINT('',(6.112842392761,6.103375789412));
#1281 = CARTESIAN_POINT('',(6.115219329958,5.864299734157));
#1282 = CARTESIAN_POINT('',(6.118012468178,5.636315460538));
#1283 = CARTESIAN_POINT('',(6.121235753741,5.423741471227));
#1284 = CARTESIAN_POINT('',(6.124897793874,5.231775896681));
#1285 = CARTESIAN_POINT('',(6.128997668542,5.066717550779));
#1286 = CARTESIAN_POINT('',(6.135738634723,4.872306135384));
#1287 = CARTESIAN_POINT('',(6.138059708704,4.816683033569));
#1288 = CARTESIAN_POINT('',(6.140464288538,4.770796181874));
#1289 = CARTESIAN_POINT('',(6.142934500414,4.735638408625));
#1290 = CARTESIAN_POINT('',(6.145450897894,4.711907834028));
#1291 = CARTESIAN_POINT('',(6.147993075789,4.7));
#1292 = CARTESIAN_POINT('',(6.150540284028,4.7));
#1293 = ( GEOMETRIC_REPRESENTATION_CONTEXT(2) 
PARAMETRIC_REPRESENTATION_CONTEXT() REPRESENTATION_CONTEXT('2D SPACE',''
  ) );
#1294 = PCURVE('',#1295,#1300);
#1295 = CYLINDRICAL_SURFACE('',#1296,3.3);
#1296 = AXIS2_PLACEMENT_3D('',#1297,#1298,#1299);
#1297 = CARTESIAN_POINT('',(66.262758865816,-8.841339688689,99.));
#1298 = DIRECTION('',(0.991215540252,-0.132256390257,2.220446049249E-16)
  );
#1299 = DIRECTION('',(2.200940630306E-16,-2.936681792343E-17,-1.));
#1300 = DEFINITIONAL_REPRESENTATION('',(#1301),#1364);
#1301 = B_SPLINE_CURVE_WITH_KNOTS('',7,(#1302,#1303,#1304,#1305,#1306,
    #1307,#1308,#1309,#1310,#1311,#1312,#1313,#1314,#1315,#1316,#1317,
    #1318,#1319,#1320,#1321,#1322,#1323,#1324,#1325,#1326,#1327,#1328,
    #1329,#1330,#1331,#1332,#1333,#1334,#1335,#1336,#1337,#1338,#1339,
    #1340,#1341,#1342,#1343,#1344,#1345,#1346,#1347,#1348,#1349,#1350,
    #1351,#1352,#1353,#1354,#1355,#1356,#1357,#1358,#1359,#1360,#1361,
    #1362,#1363),.UNSPECIFIED.,.F.,.F.,(8,6,6,6,6,6,6,6,6,6,8),(0.,
    8.234476493294E-02,0.180750267417,0.344502063328,0.442272609038,
    0.53181855306,0.631499910087,0.750063656443,0.844378355757,
    0.948705758738,1.),.UNSPECIFIED.);
#1302 = CARTESIAN_POINT('',(0.,5.2));
#1303 = CARTESIAN_POINT('',(8.963043571444E-02,5.2));
#1304 = CARTESIAN_POINT('',(0.178360298199,5.198583730788));
#1305 = CARTESIAN_POINT('',(0.265858452821,5.195800538722));
#1306 = CARTESIAN_POINT('',(0.351766409529,5.191848061012));
#1307 = CARTESIAN_POINT('',(0.435661102084,5.18703644361));
#1308 = CARTESIAN_POINT('',(0.516992865063,5.181728178625));
#1309 = CARTESIAN_POINT('',(0.688218795722,5.16971116026));
#1310 = CARTESIAN_POINT('',(0.7778726317,5.162848478131));
#1311 = CARTESIAN_POINT('',(0.864536688759,5.156075840508));
#1312 = CARTESIAN_POINT('',(0.948673728888,5.149703152068));
#1313 = CARTESIAN_POINT('',(1.030695537514,5.143949316058));
#1314 = CARTESIAN_POINT('',(1.11100211375,5.138960474801));
#1315 = CARTESIAN_POINT('',(1.321449115211,5.127975516343));
#1316 = CARTESIAN_POINT('',(1.449255850659,5.1235107497));
#1317 = CARTESIAN_POINT('',(1.575383200606,5.121894939819));
#1318 = CARTESIAN_POINT('',(1.701378240256,5.123244475876));
#1319 = CARTESIAN_POINT('',(1.828775163318,5.127513971729));
#1320 = CARTESIAN_POINT('',(1.959115295144,5.134437570897));
#1321 = CARTESIAN_POINT('',(2.175166006338,5.148588734283));
#1322 = CARTESIAN_POINT('',(2.257939985971,5.154585552333));
#1323 = CARTESIAN_POINT('',(2.343008921989,5.161133695188));
#1324 = CARTESIAN_POINT('',(2.430674699602,5.168005357554));
#1325 = CARTESIAN_POINT('',(2.521293980435,5.17488731942));
#1326 = CARTESIAN_POINT('',(2.615277326932,5.181363901762));
#1327 = CARTESIAN_POINT('',(2.802873118669,5.192080168779));
#1328 = CARTESIAN_POINT('',(2.896567780325,5.196502466397));
#1329 = CARTESIAN_POINT('',(2.992701801865,5.199719285352));
#1330 = CARTESIAN_POINT('',(3.090107599338,5.201287829317));
#1331 = CARTESIAN_POINT('',(3.187787453151,5.201030773355));
#1332 = CARTESIAN_POINT('',(3.284702927167,5.199085525167));
#1333 = CARTESIAN_POINT('',(3.485221462213,5.192141297274));
#1334 = CARTESIAN_POINT('',(3.586889321533,5.186871316629));
#1335 = CARTESIAN_POINT('',(3.685047909671,5.180476231502));
#1336 = CARTESIAN_POINT('',(3.779948012173,5.173492705748));
#1337 = CARTESIAN_POINT('',(3.871737612795,5.166399766318));
#1338 = CARTESIAN_POINT('',(3.960444617753,5.159576911648));
#1339 = CARTESIAN_POINT('',(4.147741208821,5.145812505469));
#1340 = CARTESIAN_POINT('',(4.246083069361,5.139015134787));
#1341 = CARTESIAN_POINT('',(4.341848370915,5.133291182984));
#1342 = CARTESIAN_POINT('',(4.43570880197,5.12887270173));
#1343 = CARTESIAN_POINT('',(4.528321200642,5.125884229914));
#1344 = CARTESIAN_POINT('',(4.6203157187,5.124387805663));
#1345 = CARTESIAN_POINT('',(4.785631116008,5.124387805663));
#1346 = CARTESIAN_POINT('',(4.858849139397,5.125334768574));
#1347 = CARTESIAN_POINT('',(4.932371858939,5.127227396451));
#1348 = CARTESIAN_POINT('',(5.006519731932,5.130040655895));
#1349 = CARTESIAN_POINT('',(5.081609891257,5.133723247501));
#1350 = CARTESIAN_POINT('',(5.157973831708,5.1381884443));
#1351 = CARTESIAN_POINT('',(5.322283849542,5.148950630157));
#1352 = CARTESIAN_POINT('',(5.410954653824,5.155415060548));
#1353 = CARTESIAN_POINT('',(5.50230854708,5.162501838486));
#1354 = CARTESIAN_POINT('',(5.596671583691,5.169922004564));
#1355 = CARTESIAN_POINT('',(5.694450416772,5.177272722694));
#1356 = CARTESIAN_POINT('',(5.79612186303,5.18401759091));
#1357 = CARTESIAN_POINT('',(5.95463276243,5.192285292256));
#1358 = CARTESIAN_POINT('',(6.007939206965,5.194717435196));
#1359 = CARTESIAN_POINT('',(6.062076296346,5.196769577111));
#1360 = CARTESIAN_POINT('',(6.116845293578,5.198367406631));
#1361 = CARTESIAN_POINT('',(6.172067077486,5.199454919657));
#1362 = CARTESIAN_POINT('',(6.227571260625,5.2));
#1363 = CARTESIAN_POINT('',(6.28318530718,5.2));
#1364 = ( GEOMETRIC_REPRESENTATION_CONTEXT(2) 
PARAMETRIC_REPRESENTATION_CONTEXT() REPRESENTATION_CONTEXT('2D SPACE',''
  ) );
#1365 = FACE_BOUND('',#1366,.T.);
#1366 = EDGE_LOOP('',(#1367));
#1367 = ORIENTED_EDGE('',*,*,#1368,.F.);
#1368 = EDGE_CURVE('',#1369,#1369,#1371,.T.);
#1369 = VERTEX_POINT('',#1370);
#1370 = CARTESIAN_POINT('',(43.960959059086,57.084468803741,115.7));
#1371 = SURFACE_CURVE('',#1372,(#1435,#1501),.PCURVE_S1.);
#1372 = B_SPLINE_CURVE_WITH_KNOTS('',7,(#1373,#1374,#1375,#1376,#1377,
    #1378,#1379,#1380,#1381,#1382,#1383,#1384,#1385,#1386,#1387,#1388,
    #1389,#1390,#1391,#1392,#1393,#1394,#1395,#1396,#1397,#1398,#1399,
    #1400,#1401,#1402,#1403,#1404,#1405,#1406,#1407,#1408,#1409,#1410,
    #1411,#1412,#1413,#1414,#1415,#1416,#1417,#1418,#1419,#1420,#1421,
    #1422,#1423,#1424,#1425,#1426,#1427,#1428,#1429,#1430,#1431,#1432,
    #1433,#1434),.UNSPECIFIED.,.T.,.F.,(1,7,6,6,6,6,6,6,6,6,6,7,1),(
    -5.1294233421E-02,0.,8.234476855469E-02,0.18075027616,0.344502080594
    ,0.442272631392,0.531818580145,0.631499938638,0.750063679138,
    0.844378371399,0.948705766579,1.,1.082344768555),.UNSPECIFIED.);
#1373 = CARTESIAN_POINT('',(43.960959059086,57.084468803742,115.7));
#1374 = CARTESIAN_POINT('',(43.726615279545,57.264937808955,115.7));
#1375 = CARTESIAN_POINT('',(43.493761702001,57.442471639221,
    115.7309293237));
#1376 = CARTESIAN_POINT('',(43.266370844254,57.614073326995,
    115.79167001304));
#1377 = CARTESIAN_POINT('',(43.048292683267,57.777027441925,
    115.87982235267));
#1378 = CARTESIAN_POINT('',(42.842978812489,57.929067354414,
    115.99178547669));
#1379 = CARTESIAN_POINT('',(42.653233531644,58.068490987293,
    116.12282210085));
#1380 = CARTESIAN_POINT('',(42.275155741969,58.34448262553,
    116.43953443795));
#1381 = CARTESIAN_POINT('',(42.091705272615,58.477096670714,
    116.63307018433));
#1382 = CARTESIAN_POINT('',(41.930452025298,58.592730204687,
    116.84252738205));
#1383 = CARTESIAN_POINT('',(41.790792000755,58.692239520234,
    117.06397526656));
#1384 = CARTESIAN_POINT('',(41.671959040639,58.776490930657,
    117.29440599462));
#1385 = CARTESIAN_POINT('',(41.573208391466,58.846242429029,
    117.53150337711));
#1386 = CARTESIAN_POINT('',(41.362007836547,58.995023925452,
    118.1762317947));
#1387 = CARTESIAN_POINT('',(41.284022440795,59.049445494373,
    118.5925072943));
#1388 = CARTESIAN_POINT('',(41.257059577604,59.068170276178,
    119.01453305429));
#1389 = CARTESIAN_POINT('',(41.280033988532,59.052180934693,
    119.43729807572));
#1390 = CARTESIAN_POINT('',(41.353565373364,59.000942952046,
    119.8556614664));
#1391 = CARTESIAN_POINT('',(41.479836393749,58.912439897829,
    120.263386026));
#1392 = CARTESIAN_POINT('',(41.770908980167,58.706144928644,
    120.88083386051));
#1393 = CARTESIAN_POINT('',(41.900010433578,58.614292397173,
    121.10483411096));
#1394 = CARTESIAN_POINT('',(42.050096162353,58.506975660875,
    121.3192510453));
#1395 = CARTESIAN_POINT('',(42.221737883087,58.383466910906,
    121.52071434822));
#1396 = CARTESIAN_POINT('',(42.415268086213,58.243114759931,
    121.70513999303));
#1397 = CARTESIAN_POINT('',(42.630589791566,58.08546923735,
    121.86755507225));
#1398 = CARTESIAN_POINT('',(43.083284270832,57.7503732501,
    122.12472442962));
#1399 = CARTESIAN_POINT('',(43.319006328455,57.574424495695,
    122.22500357345));
#1400 = CARTESIAN_POINT('',(43.568825589404,57.386097920679,
    122.29430012394));
#1401 = CARTESIAN_POINT('',(43.826236559681,57.189844547954,
    122.32745459388));
#1402 = CARTESIAN_POINT('',(44.084168837037,56.990885506984,
    122.32251592955));
#1403 = CARTESIAN_POINT('',(44.335706316014,56.794720347156,
    122.28080237547));
#1404 = CARTESIAN_POINT('',(44.840957960826,56.396859441064,
    122.12479805846));
#1405 = CARTESIAN_POINT('',(45.08804186995,56.199927631323,
    122.00395468077));
#1406 = CARTESIAN_POINT('',(45.313692366067,56.018081705445,
    121.85122691943));
#1407 = CARTESIAN_POINT('',(45.516662919506,55.852958978028,
    121.67281197274));
#1408 = CARTESIAN_POINT('',(45.696461506773,55.705542966627,
    121.47451640212));
#1409 = CARTESIAN_POINT('',(45.853214524567,55.57621532692,
    121.26182866154));
#1410 = CARTESIAN_POINT('',(46.14752708363,55.332191197064,
    120.7759859452));
#1411 = CARTESIAN_POINT('',(46.277497240685,55.223521299774,
    120.49625045494));
#1412 = CARTESIAN_POINT('',(46.379345420234,55.137863074284,
    120.20598972238));
#1413 = CARTESIAN_POINT('',(46.454617583281,55.07431885305,
    119.90883611668));
#1414 = CARTESIAN_POINT('',(46.504434930207,55.032182388125,
    119.60742401801));
#1415 = CARTESIAN_POINT('',(46.529380467452,55.011083004383,
    119.30384177127));
#1416 = CARTESIAN_POINT('',(46.529380467452,55.011083004383,
    118.75830095244));
#1417 = CARTESIAN_POINT('',(46.513594873899,55.024434771082,
    118.51668230106));
#1418 = CARTESIAN_POINT('',(46.482043637183,55.051121302392,
    118.27617229768));
#1419 = CARTESIAN_POINT('',(46.434501612179,55.09128438713,
    118.03783468482));
#1420 = CARTESIAN_POINT('',(46.370529660806,55.145197458845,
    117.80290896835));
#1421 = CARTESIAN_POINT('',(46.289502679692,55.213232448225,
    117.57295473289));
#1422 = CARTESIAN_POINT('',(46.081270318388,55.387176605175,
    117.10337578941));
#1423 = CARTESIAN_POINT('',(45.9496248138,55.496716467387,
    116.86429973415));
#1424 = CARTESIAN_POINT('',(45.794601975493,55.625044805235,
    116.63631546053));
#1425 = CARTESIAN_POINT('',(45.615221797742,55.772551610368,
    116.42374147122));
#1426 = CARTESIAN_POINT('',(45.410738674511,55.939302631257,
    116.23177589668));
#1427 = CARTESIAN_POINT('',(45.180871915815,56.124837000675,
    116.06671755077));
#1428 = CARTESIAN_POINT('',(44.801167706842,56.427683806718,
    115.87230614038));
#1429 = CARTESIAN_POINT('',(44.670167988382,56.531636936269,
    115.81668303137));
#1430 = CARTESIAN_POINT('',(44.534164722503,56.638963691896,
    115.77079617799));
#1431 = CARTESIAN_POINT('',(44.394133515977,56.748818962038,
    115.73563840881));
#1432 = CARTESIAN_POINT('',(44.25115140804,56.860302628817,
    115.71190783695));
#1433 = CARTESIAN_POINT('',(44.106365079039,56.972491093797,115.7));
#1434 = CARTESIAN_POINT('',(43.960959059086,57.084468803742,115.7));
#1435 = PCURVE('',#49,#1436);
#1436 = DEFINITIONAL_REPRESENTATION('',(#1437),#1500);
#1437 = B_SPLINE_CURVE_WITH_KNOTS('',7,(#1438,#1439,#1440,#1441,#1442,
    #1443,#1444,#1445,#1446,#1447,#1448,#1449,#1450,#1451,#1452,#1453,
    #1454,#1455,#1456,#1457,#1458,#1459,#1460,#1461,#1462,#1463,#1464,
    #1465,#1466,#1467,#1468,#1469,#1470,#1471,#1472,#1473,#1474,#1475,
    #1476,#1477,#1478,#1479,#1480,#1481,#1482,#1483,#1484,#1485,#1486,
    #1487,#1488,#1489,#1490,#1491,#1492,#1493,#1494,#1495,#1496,#1497,
    #1498,#1499),.UNSPECIFIED.,.T.,.F.,(1,7,6,6,6,6,6,6,6,6,6,7,1),(
    -5.1294233421E-02,0.,8.234476855469E-02,0.18075027616,0.344502080594
    ,0.442272631392,0.531818580145,0.631499938638,0.750063679138,
    0.844378371399,0.948705766579,1.,1.082344768555),.UNSPECIFIED.);
#1438 = CARTESIAN_POINT('',(0.914552528045,24.7));
#1439 = CARTESIAN_POINT('',(0.918657738875,24.7));
#1440 = CARTESIAN_POINT('',(0.922721706843,24.730929323707));
#1441 = CARTESIAN_POINT('',(0.926675481626,24.791670013041));
#1442 = CARTESIAN_POINT('',(0.930453836906,24.87982235267));
#1443 = CARTESIAN_POINT('',(0.933999663982,24.991785476696));
#1444 = CARTESIAN_POINT('',(0.937267680272,25.122822100858));
#1445 = CARTESIAN_POINT('',(0.943764506878,25.439534437951));
#1446 = CARTESIAN_POINT('',(0.946906232556,25.633070184339));
#1447 = CARTESIAN_POINT('',(0.949660239935,25.842527382055));
#1448 = CARTESIAN_POINT('',(0.952040306755,26.063975266568));
#1449 = CARTESIAN_POINT('',(0.954062083462,26.294405994625));
#1450 = CARTESIAN_POINT('',(0.955740092269,26.531503377112));
#1451 = CARTESIAN_POINT('',(0.959325712982,27.176231794707));
#1452 = CARTESIAN_POINT('',(0.960645574644,27.592507294301));
#1453 = CARTESIAN_POINT('',(0.961101195521,28.014533054299));
#1454 = CARTESIAN_POINT('',(0.960712703468,28.437298075722));
#1455 = CARTESIAN_POINT('',(0.959468802902,28.855661466408));
#1456 = CARTESIAN_POINT('',(0.957328673052,29.263386026002));
#1457 = CARTESIAN_POINT('',(0.952377050027,29.880833860518));
#1458 = CARTESIAN_POINT('',(0.950177988414,30.104834110967));
#1459 = CARTESIAN_POINT('',(0.9476171902,30.319251045304));
#1460 = CARTESIAN_POINT('',(0.94468231157,30.52071434822));
#1461 = CARTESIAN_POINT('',(0.941364298336,30.70513999303));
#1462 = CARTESIAN_POINT('',(0.937660499014,30.867555072257));
#1463 = CARTESIAN_POINT('',(0.929843367854,31.124724429622));
#1464 = CARTESIAN_POINT('',(0.925760849655,31.225003573458));
#1465 = CARTESIAN_POINT('',(0.921418780096,31.294300123942));
#1466 = CARTESIAN_POINT('',(0.91692631212,31.32745459388));
#1467 = CARTESIAN_POINT('',(0.912405240208,31.322515929552));
#1468 = CARTESIAN_POINT('',(0.907978005249,31.280802375471));
#1469 = CARTESIAN_POINT('',(0.89905231411,31.12479805846));
#1470 = CARTESIAN_POINT('',(0.894667060841,31.003954680777));
#1471 = CARTESIAN_POINT('',(0.890644890472,30.851226919432));
#1472 = CARTESIAN_POINT('',(0.887013388745,30.672811972743));
#1473 = CARTESIAN_POINT('',(0.883786406325,30.47451640212));
#1474 = CARTESIAN_POINT('',(0.880965915025,30.261828661546));
#1475 = CARTESIAN_POINT('',(0.875659616738,29.775985945207));
#1476 = CARTESIAN_POINT('',(0.87330828569,29.496250454949));
#1477 = CARTESIAN_POINT('',(0.871461236382,29.205989722381));
#1478 = CARTESIAN_POINT('',(0.870094024298,28.90883611668));
#1479 = CARTESIAN_POINT('',(0.869188436359,28.607424018018));
#1480 = CARTESIAN_POINT('',(0.868734972605,28.303841771272));
#1481 = CARTESIAN_POINT('',(0.868734972605,27.758300952444));
#1482 = CARTESIAN_POINT('',(0.869021925814,27.516682301068));
#1483 = CARTESIAN_POINT('',(0.869595468236,27.276172297682));
#1484 = CARTESIAN_POINT('',(0.870459257013,27.037834684821));
#1485 = CARTESIAN_POINT('',(0.871620396106,26.802908968354));
#1486 = CARTESIAN_POINT('',(0.873088848353,26.572954732893));
#1487 = CARTESIAN_POINT('',(0.876854636778,26.103375789412));
#1488 = CARTESIAN_POINT('',(0.879231573975,25.864299734158));
#1489 = CARTESIAN_POINT('',(0.882024712195,25.636315460538));
#1490 = CARTESIAN_POINT('',(0.885247997758,25.423741471227));
#1491 = CARTESIAN_POINT('',(0.888910037891,25.231775896681));
#1492 = CARTESIAN_POINT('',(0.893009912559,25.066717550779));
#1493 = CARTESIAN_POINT('',(0.899750878567,24.872306140389));
#1494 = CARTESIAN_POINT('',(0.902071952904,24.816683031378));
#1495 = CARTESIAN_POINT('',(0.904476532702,24.770796177996));
#1496 = CARTESIAN_POINT('',(0.906946744289,24.735638408816));
#1497 = CARTESIAN_POINT('',(0.909463141725,24.711907836951));
#1498 = CARTESIAN_POINT('',(0.912005319969,24.7));
#1499 = CARTESIAN_POINT('',(0.914552528045,24.7));
#1500 = ( GEOMETRIC_REPRESENTATION_CONTEXT(2) 
PARAMETRIC_REPRESENTATION_CONTEXT() REPRESENTATION_CONTEXT('2D SPACE',''
  ) );
#1501 = PCURVE('',#1502,#1507);
#1502 = CYLINDRICAL_SURFACE('',#1503,3.3);
#1503 = AXIS2_PLACEMENT_3D('',#1504,#1505,#1506);
#1504 = CARTESIAN_POINT('',(40.7882042068,52.964562658294,119.));
#1505 = DIRECTION('',(0.610145163901,0.792289643355,2.220446049251E-16)
  );
#1506 = DIRECTION('',(1.354794418654E-16,1.75923640845E-16,-1.));
#1507 = DEFINITIONAL_REPRESENTATION('',(#1508),#1571);
#1508 = B_SPLINE_CURVE_WITH_KNOTS('',7,(#1509,#1510,#1511,#1512,#1513,
    #1514,#1515,#1516,#1517,#1518,#1519,#1520,#1521,#1522,#1523,#1524,
    #1525,#1526,#1527,#1528,#1529,#1530,#1531,#1532,#1533,#1534,#1535,
    #1536,#1537,#1538,#1539,#1540,#1541,#1542,#1543,#1544,#1545,#1546,
    #1547,#1548,#1549,#1550,#1551,#1552,#1553,#1554,#1555,#1556,#1557,
    #1558,#1559,#1560,#1561,#1562,#1563,#1564,#1565,#1566,#1567,#1568,
    #1569,#1570),.UNSPECIFIED.,.F.,.F.,(8,6,6,6,6,6,6,6,6,6,8),(0.,
    8.234476855469E-02,0.18075027616,0.344502080594,0.442272631392,
    0.531818580145,0.631499938638,0.750063679138,0.844378371399,
    0.948705766579,1.),.UNSPECIFIED.);
#1509 = CARTESIAN_POINT('',(0.,5.2));
#1510 = CARTESIAN_POINT('',(8.963043644847E-02,5.2));
#1511 = CARTESIAN_POINT('',(0.178360296358,5.198583730829));
#1512 = CARTESIAN_POINT('',(0.265858453913,5.195800538665));
#1513 = CARTESIAN_POINT('',(0.351766410702,5.191848060988));
#1514 = CARTESIAN_POINT('',(0.435661100342,5.187036443692));
#1515 = CARTESIAN_POINT('',(0.516992865692,5.18172817858));
#1516 = CARTESIAN_POINT('',(0.688218795722,5.16971116026));
#1517 = CARTESIAN_POINT('',(0.7778726317,5.162848478131));
#1518 = CARTESIAN_POINT('',(0.864536688759,5.156075840508));
#1519 = CARTESIAN_POINT('',(0.948673728888,5.149703152068));
#1520 = CARTESIAN_POINT('',(1.030695537513,5.143949316058));
#1521 = CARTESIAN_POINT('',(1.11100211375,5.138960474801));
#1522 = CARTESIAN_POINT('',(1.321449115211,5.127975516343));
#1523 = CARTESIAN_POINT('',(1.449255850659,5.1235107497));
#1524 = CARTESIAN_POINT('',(1.575383200607,5.121894939819));
#1525 = CARTESIAN_POINT('',(1.701378240256,5.123244475877));
#1526 = CARTESIAN_POINT('',(1.828775163318,5.127513971729));
#1527 = CARTESIAN_POINT('',(1.959115295144,5.134437570897));
#1528 = CARTESIAN_POINT('',(2.175166006338,5.148588734283));
#1529 = CARTESIAN_POINT('',(2.257939985972,5.154585552333));
#1530 = CARTESIAN_POINT('',(2.343008921989,5.161133695188));
#1531 = CARTESIAN_POINT('',(2.430674699602,5.168005357554));
#1532 = CARTESIAN_POINT('',(2.521293980435,5.17488731942));
#1533 = CARTESIAN_POINT('',(2.615277326932,5.181363901762));
#1534 = CARTESIAN_POINT('',(2.802873118739,5.192080168783));
#1535 = CARTESIAN_POINT('',(2.896567780253,5.19650246639));
#1536 = CARTESIAN_POINT('',(2.99270180181,5.199719285354));
#1537 = CARTESIAN_POINT('',(3.090107599396,5.20128782932));
#1538 = CARTESIAN_POINT('',(3.18778745322,5.20103077335));
#1539 = CARTESIAN_POINT('',(3.284702927097,5.199085525169));
#1540 = CARTESIAN_POINT('',(3.485221458264,5.192141297411));
#1541 = CARTESIAN_POINT('',(3.586889330782,5.186871316336));
#1542 = CARTESIAN_POINT('',(3.685047903438,5.180476231515));
#1543 = CARTESIAN_POINT('',(3.779948008432,5.173492706294));
#1544 = CARTESIAN_POINT('',(3.871737620237,5.166399765695));
#1545 = CARTESIAN_POINT('',(3.960444614476,5.159576911889));
#1546 = CARTESIAN_POINT('',(4.147741206197,5.145812505662));
#1547 = CARTESIAN_POINT('',(4.246083075448,5.139015134274));
#1548 = CARTESIAN_POINT('',(4.341848367017,5.133291183554));
#1549 = CARTESIAN_POINT('',(4.435708799037,5.128872701435));
#1550 = CARTESIAN_POINT('',(4.528321205995,5.125884229972));
#1551 = CARTESIAN_POINT('',(4.620315716363,5.124387805663));
#1552 = CARTESIAN_POINT('',(4.785631116008,5.124387805663));
#1553 = CARTESIAN_POINT('',(4.858849139397,5.125334768574));
#1554 = CARTESIAN_POINT('',(4.932371858939,5.127227396451));
#1555 = CARTESIAN_POINT('',(5.006519731932,5.130040655895));
#1556 = CARTESIAN_POINT('',(5.081609891257,5.133723247501));
#1557 = CARTESIAN_POINT('',(5.157973831708,5.1381884443));
#1558 = CARTESIAN_POINT('',(5.322283849542,5.148950630157));
#1559 = CARTESIAN_POINT('',(5.410954653824,5.155415060548));
#1560 = CARTESIAN_POINT('',(5.50230854708,5.162501838486));
#1561 = CARTESIAN_POINT('',(5.596671583692,5.169922004564));
#1562 = CARTESIAN_POINT('',(5.694450416772,5.177272722694));
#1563 = CARTESIAN_POINT('',(5.79612186303,5.18401759091));
#1564 = CARTESIAN_POINT('',(5.954632758349,5.192285292043));
#1565 = CARTESIAN_POINT('',(6.007939211074,5.194717435291));
#1566 = CARTESIAN_POINT('',(6.062076299767,5.196769577277));
#1567 = CARTESIAN_POINT('',(6.116845290469,5.198367406622));
#1568 = CARTESIAN_POINT('',(6.172067073262,5.199454919532));
#1569 = CARTESIAN_POINT('',(6.227571264186,5.2));
#1570 = CARTESIAN_POINT('',(6.28318530718,5.2));
#1571 = ( GEOMETRIC_REPRESENTATION_CONTEXT(2) 
PARAMETRIC_REPRESENTATION_CONTEXT() REPRESENTATION_CONTEXT('2D SPACE',''
  ) );
#1572 = FACE_BOUND('',#1573,.T.);
#1573 = EDGE_LOOP('',(#1574));
#1574 = ORIENTED_EDGE('',*,*,#1575,.F.);
#1575 = EDGE_CURVE('',#1576,#1576,#1578,.T.);
#1576 = VERTEX_POINT('',#1577);
#1577 = CARTESIAN_POINT('',(-27.45612061603,66.613541721767,115.7));
#1578 = SURFACE_CURVE('',#1579,(#1642,#1708),.PCURVE_S1.);
#1579 = B_SPLINE_CURVE_WITH_KNOTS('',7,(#1580,#1581,#1582,#1583,#1584,
    #1585,#1586,#1587,#1588,#1589,#1590,#1591,#1592,#1593,#1594,#1595,
    #1596,#1597,#1598,#1599,#1600,#1601,#1602,#1603,#1604,#1605,#1606,
    #1607,#1608,#1609,#1610,#1611,#1612,#1613,#1614,#1615,#1616,#1617,
    #1618,#1619,#1620,#1621,#1622,#1623,#1624,#1625,#1626,#1627,#1628,
    #1629,#1630,#1631,#1632,#1633,#1634,#1635,#1636,#1637,#1638,#1639,
    #1640,#1641),.UNSPECIFIED.,.T.,.F.,(1,7,6,6,6,6,6,6,6,6,6,7,1),(
    -5.1294239276E-02,0.,8.234476742088E-02,0.180750272833,
    0.344502070355,0.442272619744,0.531818567135,0.631499924186,
    0.75006366603,0.844378361753,0.948705760724,1.,1.082344767421),
  .UNSPECIFIED.);
#1580 = CARTESIAN_POINT('',(-27.45612061603,66.613541721767,115.7));
#1581 = CARTESIAN_POINT('',(-27.72958324653,66.500828559057,115.7));
#1582 = CARTESIAN_POINT('',(-27.9997588501,66.387938357433,
    115.7309293247));
#1583 = CARTESIAN_POINT('',(-28.26206569171,66.276812945409,
    115.79167001162));
#1584 = CARTESIAN_POINT('',(-28.51222717484,66.169428775637,
    115.87982235215));
#1585 = CARTESIAN_POINT('',(-28.74655454492,66.067641700592,
    115.9917854788));
#1586 = CARTESIAN_POINT('',(-28.96217158694,65.973029286335,
    116.12282209962));
#1587 = CARTESIAN_POINT('',(-29.39022625338,65.783600134254,
    116.43953443795));
#1588 = CARTESIAN_POINT('',(-29.59679862009,65.691034390049,
    116.63307018433));
#1589 = CARTESIAN_POINT('',(-29.77756682169,65.609201748416,
    116.84252738205));
#1590 = CARTESIAN_POINT('',(-29.93357442914,65.538007277042,
    117.06397526656));
#1591 = CARTESIAN_POINT('',(-30.06595477093,65.477220619987,
    117.29440599462));
#1592 = CARTESIAN_POINT('',(-30.17573666506,65.426575798348,
    117.53150337711));
#1593 = CARTESIAN_POINT('',(-30.41018549512,65.318061502058,
    118.17623178668));
#1594 = CARTESIAN_POINT('',(-30.49630866237,65.277734948876,
    118.59250732745));
#1595 = CARTESIAN_POINT('',(-30.52600622588,65.263746817566,
    119.01453299052));
#1596 = CARTESIAN_POINT('',(-30.50067183289,65.275648575611,
    119.43729814503));
#1597 = CARTESIAN_POINT('',(-30.41953277014,65.313709620391,
    119.85566142561));
#1598 = CARTESIAN_POINT('',(-30.27975134792,65.378812013315,
    120.26338603674));
#1599 = CARTESIAN_POINT('',(-29.95555837637,65.527740780315,
    120.88083386051));
#1600 = CARTESIAN_POINT('',(-29.81146102401,65.593619652898,
    121.10483411096));
#1601 = CARTESIAN_POINT('',(-29.64347913973,65.669939338613,
    121.3192510453));
#1602 = CARTESIAN_POINT('',(-29.4506965643,65.756831054134,
    121.52071434822));
#1603 = CARTESIAN_POINT('',(-29.23238293452,65.854257050953,
    121.70513999302));
#1604 = CARTESIAN_POINT('',(-28.9881970545,65.961908356485,
    121.86755507225));
#1605 = CARTESIAN_POINT('',(-28.47164817739,66.186405281973,
    122.12472442952));
#1606 = CARTESIAN_POINT('',(-28.20141105711,66.302572195077,
    122.2250035736));
#1607 = CARTESIAN_POINT('',(-27.9134058285,66.424758733883,
    122.29430012389));
#1608 = CARTESIAN_POINT('',(-27.61473993733,66.549556486857,
    122.3274545938));
#1609 = CARTESIAN_POINT('',(-27.31347021491,66.673452871006,
    122.32251592965));
#1610 = CARTESIAN_POINT('',(-27.01781746325,66.793208138056,
    122.28080237541));
#1611 = CARTESIAN_POINT('',(-26.4206339892,67.031838444637,
    122.12479805846));
#1612 = CARTESIAN_POINT('',(-26.12654408459,67.147353481935,
    122.00395468077));
#1613 = CARTESIAN_POINT('',(-25.85623564515,67.25184958101,
    121.85122691943));
#1614 = CARTESIAN_POINT('',(-25.61174989175,67.345065872799,
    121.67281197274));
#1615 = CARTESIAN_POINT('',(-25.39418458731,67.427068011237,
    121.47451640211));
#1616 = CARTESIAN_POINT('',(-25.20380705702,67.498156286913,
    121.26182866154));
#1617 = CARTESIAN_POINT('',(-24.84531967687,67.631026376647,
    120.77598593839));
#1618 = CARTESIAN_POINT('',(-24.68622372491,67.689248878989,
    120.49625047029));
#1619 = CARTESIAN_POINT('',(-24.56111740779,67.734622887443,
    120.2059897149));
#1620 = CARTESIAN_POINT('',(-24.46845043916,67.768038373786,
    119.90883610387));
#1621 = CARTESIAN_POINT('',(-24.40705050701,67.790113232897,
    119.60742403648));
#1622 = CARTESIAN_POINT('',(-24.37630513776,67.801167009356,
    119.30384176356));
#1623 = CARTESIAN_POINT('',(-24.37630513776,67.801167009356,
    118.75830095244));
#1624 = CARTESIAN_POINT('',(-24.39576090368,67.794172167675,
    118.51668230106));
#1625 = CARTESIAN_POINT('',(-24.43464773609,67.780191260814,
    118.27617229768));
#1626 = CARTESIAN_POINT('',(-24.49320100027,67.759100201782,
    118.03783468482));
#1627 = CARTESIAN_POINT('',(-24.57187706566,67.73065540262,
    117.80290896835));
#1628 = CARTESIAN_POINT('',(-24.67131058537,67.694501473274,
    117.57295473289));
#1629 = CARTESIAN_POINT('',(-24.92606682473,67.601139036988,
    117.1033757895));
#1630 = CARTESIAN_POINT('',(-25.08675388046,67.541900616815,
    116.86429973414));
#1631 = CARTESIAN_POINT('',(-25.27540090028,67.471811069572,
    116.63631546046));
#1632 = CARTESIAN_POINT('',(-25.49283562965,67.390216681265,
    116.42374147118));
#1633 = CARTESIAN_POINT('',(-25.73948781139,67.296504612373,
    116.23177589671));
#1634 = CARTESIAN_POINT('',(-26.01509866784,67.190201344599,
    116.06671755081));
#1635 = CARTESIAN_POINT('',(-26.46722381155,67.012791252124,
    115.87230613538));
#1636 = CARTESIAN_POINT('',(-26.62274969789,66.951318742336,
    115.81668303356));
#1637 = CARTESIAN_POINT('',(-26.78369903011,66.887199835834,
    115.77079618187));
#1638 = CARTESIAN_POINT('',(-26.94885210738,66.820856880952,
    115.73563840862));
#1639 = CARTESIAN_POINT('',(-27.11689085188,66.752772575477,
    115.71190783402));
#1640 = CARTESIAN_POINT('',(-27.28644205372,66.683478178415,115.7));
#1641 = CARTESIAN_POINT('',(-27.45612061603,66.613541721767,115.7));
#1642 = PCURVE('',#49,#1643);
#1643 = DEFINITIONAL_REPRESENTATION('',(#1644),#1707);
#1644 = B_SPLINE_CURVE_WITH_KNOTS('',7,(#1645,#1646,#1647,#1648,#1649,
    #1650,#1651,#1652,#1653,#1654,#1655,#1656,#1657,#1658,#1659,#1660,
    #1661,#1662,#1663,#1664,#1665,#1666,#1667,#1668,#1669,#1670,#1671,
    #1672,#1673,#1674,#1675,#1676,#1677,#1678,#1679,#1680,#1681,#1682,
    #1683,#1684,#1685,#1686,#1687,#1688,#1689,#1690,#1691,#1692,#1693,
    #1694,#1695,#1696,#1697,#1698,#1699,#1700,#1701,#1702,#1703,#1704,
    #1705,#1706),.UNSPECIFIED.,.T.,.F.,(1,7,6,6,6,6,6,6,6,6,6,7,1),(
    -5.1294239276E-02,0.,8.234476742088E-02,0.180750272833,
    0.344502070355,0.442272619744,0.531818567135,0.631499924186,
    0.75006366603,0.844378361753,0.948705760724,1.,1.082344767421),
  .UNSPECIFIED.);
#1645 = CARTESIAN_POINT('',(1.961750079242,24.7));
#1646 = CARTESIAN_POINT('',(1.965855290035,24.7));
#1647 = CARTESIAN_POINT('',(1.969919258121,24.730929324707));
#1648 = CARTESIAN_POINT('',(1.97387303278,24.79167001162));
#1649 = CARTESIAN_POINT('',(1.977651388051,24.879822352159));
#1650 = CARTESIAN_POINT('',(1.98119721525,24.991785478804));
#1651 = CARTESIAN_POINT('',(1.984465231444,25.122822099629));
#1652 = CARTESIAN_POINT('',(1.990962058075,25.439534437951));
#1653 = CARTESIAN_POINT('',(1.994103783752,25.633070184339));
#1654 = CARTESIAN_POINT('',(1.996857791131,25.842527382055));
#1655 = CARTESIAN_POINT('',(1.999237857952,26.063975266568));
#1656 = CARTESIAN_POINT('',(2.001259634659,26.294405994625));
#1657 = CARTESIAN_POINT('',(2.002937643465,26.531503377113));
#1658 = CARTESIAN_POINT('',(2.006523264134,27.176231786682));
#1659 = CARTESIAN_POINT('',(2.007843125921,27.592507327452));
#1660 = CARTESIAN_POINT('',(2.008298746724,28.014532990522));
#1661 = CARTESIAN_POINT('',(2.007910254494,28.437298145035));
#1662 = CARTESIAN_POINT('',(2.006666354299,28.855661425612));
#1663 = CARTESIAN_POINT('',(2.004526224162,29.263386036745));
#1664 = CARTESIAN_POINT('',(1.999574601224,29.880833860518));
#1665 = CARTESIAN_POINT('',(1.997375539611,30.104834110968));
#1666 = CARTESIAN_POINT('',(1.994814741396,30.319251045303));
#1667 = CARTESIAN_POINT('',(1.991879862767,30.52071434822));
#1668 = CARTESIAN_POINT('',(1.988561849533,30.705139993029));
#1669 = CARTESIAN_POINT('',(1.984858050211,30.867555072257));
#1670 = CARTESIAN_POINT('',(1.977040919053,31.124724429526));
#1671 = CARTESIAN_POINT('',(1.972958400848,31.225003573608));
#1672 = CARTESIAN_POINT('',(1.968616331291,31.294300123898));
#1673 = CARTESIAN_POINT('',(1.964123863319,31.327454593801));
#1674 = CARTESIAN_POINT('',(1.959602791408,31.322515929658));
#1675 = CARTESIAN_POINT('',(1.955175556443,31.280802375417));
#1676 = CARTESIAN_POINT('',(1.946249865306,31.12479805846));
#1677 = CARTESIAN_POINT('',(1.941864612037,31.003954680777));
#1678 = CARTESIAN_POINT('',(1.937842441668,30.851226919431));
#1679 = CARTESIAN_POINT('',(1.934210939941,30.672811972745));
#1680 = CARTESIAN_POINT('',(1.930983957521,30.474516402119));
#1681 = CARTESIAN_POINT('',(1.928163466221,30.261828661546));
#1682 = CARTESIAN_POINT('',(1.92285716786,29.775985938399));
#1683 = CARTESIAN_POINT('',(1.920505837082,29.496250470299));
#1684 = CARTESIAN_POINT('',(1.918658787359,29.2059897149));
#1685 = CARTESIAN_POINT('',(1.917291575612,28.908836103877));
#1686 = CARTESIAN_POINT('',(1.916385987531,28.607424036489));
#1687 = CARTESIAN_POINT('',(1.915932523802,28.303841763561));
#1688 = CARTESIAN_POINT('',(1.915932523802,27.758300952444));
#1689 = CARTESIAN_POINT('',(1.916219477011,27.516682301068));
#1690 = CARTESIAN_POINT('',(1.916793019433,27.276172297682));
#1691 = CARTESIAN_POINT('',(1.917656808209,27.037834684821));
#1692 = CARTESIAN_POINT('',(1.918817947303,26.802908968354));
#1693 = CARTESIAN_POINT('',(1.920286399549,26.572954732893));
#1694 = CARTESIAN_POINT('',(1.924052187974,26.103375789503));
#1695 = CARTESIAN_POINT('',(1.926429125171,25.864299734148));
#1696 = CARTESIAN_POINT('',(1.929222263393,25.636315460465));
#1697 = CARTESIAN_POINT('',(1.932445548955,25.423741471189));
#1698 = CARTESIAN_POINT('',(1.936107589087,25.231775896711));
#1699 = CARTESIAN_POINT('',(1.940207463754,25.066717550817));
#1700 = CARTESIAN_POINT('',(1.946948429937,24.872306135384));
#1701 = CARTESIAN_POINT('',(1.949269503918,24.816683033568));
#1702 = CARTESIAN_POINT('',(1.951674083752,24.770796181874));
#1703 = CARTESIAN_POINT('',(1.954144295628,24.735638408625));
#1704 = CARTESIAN_POINT('',(1.956660693108,24.711907834028));
#1705 = CARTESIAN_POINT('',(1.959202871002,24.7));
#1706 = CARTESIAN_POINT('',(1.961750079242,24.7));
#1707 = ( GEOMETRIC_REPRESENTATION_CONTEXT(2) 
PARAMETRIC_REPRESENTATION_CONTEXT() REPRESENTATION_CONTEXT('2D SPACE',''
  ) );
#1708 = PCURVE('',#1709,#1714);
#1709 = CYLINDRICAL_SURFACE('',#1710,3.3);
#1710 = AXIS2_PLACEMENT_3D('',#1711,#1712,#1713);
#1711 = CARTESIAN_POINT('',(-25.47455465901,61.805902346983,119.));
#1712 = DIRECTION('',(-0.38107037635,0.924546033612,2.220446049251E-16)
  );
#1713 = DIRECTION('',(-8.461462116533E-17,2.052904587685E-16,-1.));
#1714 = DEFINITIONAL_REPRESENTATION('',(#1715),#1778);
#1715 = B_SPLINE_CURVE_WITH_KNOTS('',7,(#1716,#1717,#1718,#1719,#1720,
    #1721,#1722,#1723,#1724,#1725,#1726,#1727,#1728,#1729,#1730,#1731,
    #1732,#1733,#1734,#1735,#1736,#1737,#1738,#1739,#1740,#1741,#1742,
    #1743,#1744,#1745,#1746,#1747,#1748,#1749,#1750,#1751,#1752,#1753,
    #1754,#1755,#1756,#1757,#1758,#1759,#1760,#1761,#1762,#1763,#1764,
    #1765,#1766,#1767,#1768,#1769,#1770,#1771,#1772,#1773,#1774,#1775,
    #1776,#1777),.UNSPECIFIED.,.F.,.F.,(8,6,6,6,6,6,6,6,6,6,8),(0.,
    8.234476742088E-02,0.180750272833,0.344502070355,0.442272619744,
    0.531818567135,0.631499924186,0.75006366603,0.844378361753,
    0.948705760724,1.),.UNSPECIFIED.);
#1716 = CARTESIAN_POINT('',(0.,5.2));
#1717 = CARTESIAN_POINT('',(8.963043566609E-02,5.2));
#1718 = CARTESIAN_POINT('',(0.1783602982,5.19858373079));
#1719 = CARTESIAN_POINT('',(0.265858452858,5.195800538721));
#1720 = CARTESIAN_POINT('',(0.351766409558,5.191848061009));
#1721 = CARTESIAN_POINT('',(0.435661102075,5.18703644361));
#1722 = CARTESIAN_POINT('',(0.516992865028,5.181728178627));
#1723 = CARTESIAN_POINT('',(0.688218795722,5.16971116026));
#1724 = CARTESIAN_POINT('',(0.7778726317,5.162848478131));
#1725 = CARTESIAN_POINT('',(0.864536688759,5.156075840508));
#1726 = CARTESIAN_POINT('',(0.948673728888,5.149703152068));
#1727 = CARTESIAN_POINT('',(1.030695537513,5.143949316058));
#1728 = CARTESIAN_POINT('',(1.11100211375,5.138960474801));
#1729 = CARTESIAN_POINT('',(1.321449112592,5.12797551648));
#1730 = CARTESIAN_POINT('',(1.449255861486,5.123510749444));
#1731 = CARTESIAN_POINT('',(1.575383179654,5.121894939829));
#1732 = CARTESIAN_POINT('',(1.701378263289,5.12324447635));
#1733 = CARTESIAN_POINT('',(1.828775149494,5.127513971158));
#1734 = CARTESIAN_POINT('',(1.959115298904,5.134437571143));
#1735 = CARTESIAN_POINT('',(2.175166006337,5.148588734283));
#1736 = CARTESIAN_POINT('',(2.257939985972,5.154585552333));
#1737 = CARTESIAN_POINT('',(2.343008921989,5.161133695188));
#1738 = CARTESIAN_POINT('',(2.430674699602,5.168005357554));
#1739 = CARTESIAN_POINT('',(2.521293980435,5.174887319419));
#1740 = CARTESIAN_POINT('',(2.615277326932,5.181363901762));
#1741 = CARTESIAN_POINT('',(2.802873118669,5.192080168779));
#1742 = CARTESIAN_POINT('',(2.896567780325,5.196502466397));
#1743 = CARTESIAN_POINT('',(2.992701801865,5.199719285352));
#1744 = CARTESIAN_POINT('',(3.090107599338,5.201287829317));
#1745 = CARTESIAN_POINT('',(3.187787453151,5.201030773355));
#1746 = CARTESIAN_POINT('',(3.284702927167,5.199085525167));
#1747 = CARTESIAN_POINT('',(3.485221458264,5.192141297411));
#1748 = CARTESIAN_POINT('',(3.586889330782,5.186871316337));
#1749 = CARTESIAN_POINT('',(3.685047903438,5.180476231515));
#1750 = CARTESIAN_POINT('',(3.779948008432,5.173492706295));
#1751 = CARTESIAN_POINT('',(3.871737620237,5.166399765694));
#1752 = CARTESIAN_POINT('',(3.960444614475,5.159576911889));
#1753 = CARTESIAN_POINT('',(4.147741208821,5.145812505469));
#1754 = CARTESIAN_POINT('',(4.246083069361,5.139015134787));
#1755 = CARTESIAN_POINT('',(4.341848370916,5.133291182984));
#1756 = CARTESIAN_POINT('',(4.435708801969,5.12887270173));
#1757 = CARTESIAN_POINT('',(4.528321200642,5.125884229914));
#1758 = CARTESIAN_POINT('',(4.6203157187,5.124387805663));
#1759 = CARTESIAN_POINT('',(4.785631116008,5.124387805663));
#1760 = CARTESIAN_POINT('',(4.858849139397,5.125334768573));
#1761 = CARTESIAN_POINT('',(4.932371858939,5.127227396451));
#1762 = CARTESIAN_POINT('',(5.006519731932,5.130040655896));
#1763 = CARTESIAN_POINT('',(5.081609891257,5.133723247501));
#1764 = CARTESIAN_POINT('',(5.157973831708,5.1381884443));
#1765 = CARTESIAN_POINT('',(5.32228384951,5.148950630155));
#1766 = CARTESIAN_POINT('',(5.410954653823,5.155415060547));
#1767 = CARTESIAN_POINT('',(5.502308547106,5.162501838489));
#1768 = CARTESIAN_POINT('',(5.596671583714,5.169922004565));
#1769 = CARTESIAN_POINT('',(5.694450416767,5.177272722693));
#1770 = CARTESIAN_POINT('',(5.796121862999,5.184017590908));
#1771 = CARTESIAN_POINT('',(5.95463276243,5.192285292256));
#1772 = CARTESIAN_POINT('',(6.007939206965,5.194717435196));
#1773 = CARTESIAN_POINT('',(6.062076296346,5.196769577112));
#1774 = CARTESIAN_POINT('',(6.116845293578,5.198367406631));
#1775 = CARTESIAN_POINT('',(6.172067077486,5.199454919657));
#1776 = CARTESIAN_POINT('',(6.227571260625,5.2));
#1777 = CARTESIAN_POINT('',(6.28318530718,5.2));
#1778 = ( GEOMETRIC_REPRESENTATION_CONTEXT(2) 
PARAMETRIC_REPRESENTATION_CONTEXT() REPRESENTATION_CONTEXT('2D SPACE',''
  ) );
#1779 = FACE_BOUND('',#1780,.T.);
#1780 = EDGE_LOOP('',(#1781));
#1781 = ORIENTED_EDGE('',*,*,#1782,.F.);
#1782 = EDGE_CURVE('',#1783,#1783,#1785,.T.);
#1783 = VERTEX_POINT('',#1784);
#1784 = CARTESIAN_POINT('',(-71.41707967512,9.529072918026,115.7));
#1785 = SURFACE_CURVE('',#1786,(#1849,#1915),.PCURVE_S1.);
#1786 = B_SPLINE_CURVE_WITH_KNOTS('',7,(#1787,#1788,#1789,#1790,#1791,
    #1792,#1793,#1794,#1795,#1796,#1797,#1798,#1799,#1800,#1801,#1802,
    #1803,#1804,#1805,#1806,#1807,#1808,#1809,#1810,#1811,#1812,#1813,
    #1814,#1815,#1816,#1817,#1818,#1819,#1820,#1821,#1822,#1823,#1824,
    #1825,#1826,#1827,#1828,#1829,#1830,#1831,#1832,#1833,#1834,#1835,
    #1836,#1837,#1838,#1839,#1840,#1841,#1842,#1843,#1844,#1845,#1846,
    #1847,#1848),.UNSPECIFIED.,.T.,.F.,(1,7,6,6,6,6,6,6,6,6,6,7,1),(
    -5.1294240233E-02,0.,8.23447662451E-02,0.180750270305,0.344502065578
    ,0.442272613717,0.531818560104,0.631499917444,0.750063661436,
    0.844378358868,0.948705759767,1.,1.082344766245),.UNSPECIFIED.);
#1787 = CARTESIAN_POINT('',(-71.41707967512,9.529072918026,115.7));
#1788 = CARTESIAN_POINT('',(-71.45619852814,9.235890751541,115.7));
#1789 = CARTESIAN_POINT('',(-71.49352054746,8.94546671467,
    115.73092932473));
#1790 = CARTESIAN_POINT('',(-71.52843653843,8.662739620363,
    115.7916700116));
#1791 = CARTESIAN_POINT('',(-71.56051986101,8.392401336035,
    115.8798223521));
#1792 = CARTESIAN_POINT('',(-71.5895333533,8.1385743431,115.99178547878)
  );
#1793 = CARTESIAN_POINT('',(-71.61540512006,7.904538299999,
    116.1228220997));
#1794 = CARTESIAN_POINT('',(-71.66538199535,7.439117508724,
    116.43953443795));
#1795 = CARTESIAN_POINT('',(-71.6885038927,7.213937719335,
    116.63307018433));
#1796 = CARTESIAN_POINT('',(-71.70801884699,7.016471543729,
    116.84252738205));
#1797 = CARTESIAN_POINT('',(-71.7243664299,6.845767756808,
    117.06397526656));
#1798 = CARTESIAN_POINT('',(-71.73791381157,6.70072968933,
    117.29440599462));
#1799 = CARTESIAN_POINT('',(-71.74894505653,6.580333369319,
    117.53150337711));
#1800 = CARTESIAN_POINT('',(-71.77219333429,6.323037578457,
    118.17623178668));
#1801 = CARTESIAN_POINT('',(-71.78033109842,6.228289451171,
    118.59250732745));
#1802 = CARTESIAN_POINT('',(-71.78306580311,6.195576541081,
    119.01453299052));
#1803 = CARTESIAN_POINT('',(-71.78070583143,6.223467648025,
    119.43729814503));
#1804 = CARTESIAN_POINT('',(-71.77309813173,6.312766659996,
    119.85566142561));
#1805 = CARTESIAN_POINT('',(-71.75958774674,6.466372119075,
    120.26338603674));
#1806 = CARTESIAN_POINT('',(-71.72646735652,6.821595851798,
    120.88083386074));
#1807 = CARTESIAN_POINT('',(-71.71147145758,6.979327255769,
    121.10483411094));
#1808 = CARTESIAN_POINT('',(-71.6935753021,7.162963677607,
    121.31925104512));
#1809 = CARTESIAN_POINT('',(-71.67243444741,7.373364143059,
    121.52071434811));
#1810 = CARTESIAN_POINT('',(-71.64765102073,7.611142291037,
    121.70513999309));
#1811 = CARTESIAN_POINT('',(-71.61878684604,7.876439119361,
    121.86755507236));
#1812 = CARTESIAN_POINT('',(-71.55493244803,8.436032031959,
    122.12472442962));
#1813 = CARTESIAN_POINT('',(-71.52041738576,8.728147699292,
    122.22500357345));
#1814 = CARTESIAN_POINT('',(-71.48223141807,9.038660813137,
    122.29430012394));
#1815 = CARTESIAN_POINT('',(-71.44097649685,9.359711938974,
    122.32745459388));
#1816 = CARTESIAN_POINT('',(-71.39763905173,9.682567364106,
    122.32251592955));
#1817 = CARTESIAN_POINT('',(-71.35352377947,9.998487790815,
    122.28080237547));
#1818 = CARTESIAN_POINT('',(-71.26159194931,10.634979008553,
    122.12479805724));
#1819 = CARTESIAN_POINT('',(-71.21458595629,10.947425838393,
    122.00395468287));
#1820 = CARTESIAN_POINT('',(-71.16992800983,11.23376788592,
    121.85122692138));
#1821 = CARTESIAN_POINT('',(-71.12841281101,11.492106894937,
    121.67281196425));
#1822 = CARTESIAN_POINT('',(-71.09064609505,11.721525039235,
    121.47451641086));
#1823 = CARTESIAN_POINT('',(-71.05702158114,11.921940962613,
    121.26182865816));
#1824 = CARTESIAN_POINT('',(-70.99284676463,12.298835183003,
    120.77598593839));
#1825 = CARTESIAN_POINT('',(-70.96372095475,12.46572757021,
    120.49625047029));
#1826 = CARTESIAN_POINT('',(-70.94046284018,12.596759823236,
    120.2059897149));
#1827 = CARTESIAN_POINT('',(-70.92306801591,12.693719515339,
    119.90883610387));
#1828 = CARTESIAN_POINT('',(-70.91148543862,12.757930845921,
    119.60742403649));
#1829 = CARTESIAN_POINT('',(-70.90568560521,12.790084004973,
    119.30384176356));
#1830 = CARTESIAN_POINT('',(-70.90568560521,12.790084004973,
    118.75830095244));
#1831 = CARTESIAN_POINT('',(-70.90935577758,12.769737396594,
    118.51668230106));
#1832 = CARTESIAN_POINT('',(-70.91669137328,12.729069958421,
    118.27617229768));
#1833 = CARTESIAN_POINT('',(-70.92770261245,12.667815814651,
    118.03783468482));
#1834 = CARTESIAN_POINT('',(-70.94240672647,12.585457943775,
    117.80290896835));
#1835 = CARTESIAN_POINT('',(-70.96081326506,12.481269025049,
    117.57295473289));
#1836 = CARTESIAN_POINT('',(-71.00733714317,12.213962431795,
    117.10337578941));
#1837 = CARTESIAN_POINT('',(-71.03637869427,12.045184149421,
    116.86429973415));
#1838 = CARTESIAN_POINT('',(-71.07000287572,11.846766264357,
    116.63631546053));
#1839 = CARTESIAN_POINT('',(-71.10805742732,11.617665070922,
    116.42374147122));
#1840 = CARTESIAN_POINT('',(-71.15022648591,11.357201981114,
    116.23177589668));
#1841 = CARTESIAN_POINT('',(-71.19597058375,11.065364343889,
    116.06671755077));
#1842 = CARTESIAN_POINT('',(-71.26839150861,10.585107437629,
    115.87230613539));
#1843 = CARTESIAN_POINT('',(-71.29291769668,10.419681814177,
    115.81668303356));
#1844 = CARTESIAN_POINT('',(-71.31786376089,10.248236150508,
    115.77079618186));
#1845 = CARTESIAN_POINT('',(-71.34298561524,10.072037912663,
    115.73563840862));
#1846 = CARTESIAN_POINT('',(-71.36804224934,9.892469938379,
    115.71190783403));
#1847 = CARTESIAN_POINT('',(-71.39280714207,9.710987091772,115.7));
#1848 = CARTESIAN_POINT('',(-71.41707967512,9.529072918026,115.7));
#1849 = PCURVE('',#49,#1850);
#1850 = DEFINITIONAL_REPRESENTATION('',(#1851),#1914);
#1851 = B_SPLINE_CURVE_WITH_KNOTS('',7,(#1852,#1853,#1854,#1855,#1856,
    #1857,#1858,#1859,#1860,#1861,#1862,#1863,#1864,#1865,#1866,#1867,
    #1868,#1869,#1870,#1871,#1872,#1873,#1874,#1875,#1876,#1877,#1878,
    #1879,#1880,#1881,#1882,#1883,#1884,#1885,#1886,#1887,#1888,#1889,
    #1890,#1891,#1892,#1893,#1894,#1895,#1896,#1897,#1898,#1899,#1900,
    #1901,#1902,#1903,#1904,#1905,#1906,#1907,#1908,#1909,#1910,#1911,
    #1912,#1913),.UNSPECIFIED.,.T.,.F.,(1,7,6,6,6,6,6,6,6,6,6,7,1),(
    -5.1294240233E-02,0.,8.23447662451E-02,0.180750270305,0.344502065578
    ,0.442272613717,0.531818560104,0.631499917444,0.750063661436,
    0.844378358868,0.948705759767,1.,1.082344766245),.UNSPECIFIED.);
#1852 = CARTESIAN_POINT('',(3.008947630438,24.7));
#1853 = CARTESIAN_POINT('',(3.013052841234,24.7));
#1854 = CARTESIAN_POINT('',(3.017116809318,24.730929324736));
#1855 = CARTESIAN_POINT('',(3.021070583975,24.791670011609));
#1856 = CARTESIAN_POINT('',(3.024848939247,24.879822352104));
#1857 = CARTESIAN_POINT('',(3.028394766447,24.991785478785));
#1858 = CARTESIAN_POINT('',(3.031662782642,25.122822099707));
#1859 = CARTESIAN_POINT('',(3.038159609272,25.439534437951));
#1860 = CARTESIAN_POINT('',(3.041301334949,25.633070184339));
#1861 = CARTESIAN_POINT('',(3.044055342328,25.842527382055));
#1862 = CARTESIAN_POINT('',(3.046435409148,26.063975266568));
#1863 = CARTESIAN_POINT('',(3.048457185855,26.294405994626));
#1864 = CARTESIAN_POINT('',(3.050135194662,26.531503377112));
#1865 = CARTESIAN_POINT('',(3.053720815331,27.176231786683));
#1866 = CARTESIAN_POINT('',(3.055040677118,27.59250732745));
#1867 = CARTESIAN_POINT('',(3.055496297921,28.014532990525));
#1868 = CARTESIAN_POINT('',(3.055107805691,28.437298145032));
#1869 = CARTESIAN_POINT('',(3.053863905496,28.855661425614));
#1870 = CARTESIAN_POINT('',(3.051723775359,29.263386036744));
#1871 = CARTESIAN_POINT('',(3.046772152419,29.880833860741));
#1872 = CARTESIAN_POINT('',(3.044573090807,30.104834110947));
#1873 = CARTESIAN_POINT('',(3.042012292595,30.319251045127));
#1874 = CARTESIAN_POINT('',(3.039077413966,30.520714348119));
#1875 = CARTESIAN_POINT('',(3.035759400729,30.705139993099));
#1876 = CARTESIAN_POINT('',(3.032055601404,30.867555072361));
#1877 = CARTESIAN_POINT('',(3.024238470247,31.124724429623));
#1878 = CARTESIAN_POINT('',(3.020155952048,31.225003573457));
#1879 = CARTESIAN_POINT('',(3.01581388249,31.294300123943));
#1880 = CARTESIAN_POINT('',(3.011321414513,31.32745459388));
#1881 = CARTESIAN_POINT('',(3.006800342601,31.322515929551));
#1882 = CARTESIAN_POINT('',(3.002373107643,31.280802375472));
#1883 = CARTESIAN_POINT('',(2.993447416433,31.12479805724));
#1884 = CARTESIAN_POINT('',(2.989062163405,31.003954682876));
#1885 = CARTESIAN_POINT('',(2.98503999272,30.851226921382));
#1886 = CARTESIAN_POINT('',(2.981408491135,30.672811964254));
#1887 = CARTESIAN_POINT('',(2.978181508794,30.47451641086));
#1888 = CARTESIAN_POINT('',(2.975361017381,30.261828658169));
#1889 = CARTESIAN_POINT('',(2.970054719057,29.775985938399));
#1890 = CARTESIAN_POINT('',(2.967703388279,29.496250470298));
#1891 = CARTESIAN_POINT('',(2.965856338556,29.205989714901));
#1892 = CARTESIAN_POINT('',(2.964489126809,28.908836103876));
#1893 = CARTESIAN_POINT('',(2.963583538727,28.60742403649));
#1894 = CARTESIAN_POINT('',(2.963130074998,28.30384176356));
#1895 = CARTESIAN_POINT('',(2.963130074998,27.758300952444));
#1896 = CARTESIAN_POINT('',(2.963417028207,27.516682301068));
#1897 = CARTESIAN_POINT('',(2.96399057063,27.276172297682));
#1898 = CARTESIAN_POINT('',(2.964854359406,27.037834684821));
#1899 = CARTESIAN_POINT('',(2.966015498499,26.802908968354));
#1900 = CARTESIAN_POINT('',(2.967483950746,26.572954732893));
#1901 = CARTESIAN_POINT('',(2.971249739171,26.103375789412));
#1902 = CARTESIAN_POINT('',(2.973626676368,25.864299734157));
#1903 = CARTESIAN_POINT('',(2.976419814588,25.636315460538));
#1904 = CARTESIAN_POINT('',(2.979643100151,25.423741471228));
#1905 = CARTESIAN_POINT('',(2.983305140284,25.231775896681));
#1906 = CARTESIAN_POINT('',(2.987405014952,25.066717550779));
#1907 = CARTESIAN_POINT('',(2.994145981133,24.872306135392));
#1908 = CARTESIAN_POINT('',(2.996467055114,24.816683033565));
#1909 = CARTESIAN_POINT('',(2.998871634949,24.770796181868));
#1910 = CARTESIAN_POINT('',(3.001341846824,24.735638408626));
#1911 = CARTESIAN_POINT('',(3.003858244304,24.711907834033));
#1912 = CARTESIAN_POINT('',(3.006400422199,24.7));
#1913 = CARTESIAN_POINT('',(3.008947630438,24.7));
#1914 = ( GEOMETRIC_REPRESENTATION_CONTEXT(2) 
PARAMETRIC_REPRESENTATION_CONTEXT() REPRESENTATION_CONTEXT('2D SPACE',''
  ) );
#1915 = PCURVE('',#1916,#1921);
#1916 = CYLINDRICAL_SURFACE('',#1917,3.3);
#1917 = AXIS2_PLACEMENT_3D('',#1918,#1919,#1920);
#1918 = CARTESIAN_POINT('',(-66.26275886581,8.841339688689,119.));
#1919 = DIRECTION('',(-0.991215540252,0.132256390257,2.220446049249E-16)
  );
#1920 = DIRECTION('',(-2.200940630306E-16,2.936681792343E-17,-1.));
#1921 = DEFINITIONAL_REPRESENTATION('',(#1922),#1985);
#1922 = B_SPLINE_CURVE_WITH_KNOTS('',7,(#1923,#1924,#1925,#1926,#1927,
    #1928,#1929,#1930,#1931,#1932,#1933,#1934,#1935,#1936,#1937,#1938,
    #1939,#1940,#1941,#1942,#1943,#1944,#1945,#1946,#1947,#1948,#1949,
    #1950,#1951,#1952,#1953,#1954,#1955,#1956,#1957,#1958,#1959,#1960,
    #1961,#1962,#1963,#1964,#1965,#1966,#1967,#1968,#1969,#1970,#1971,
    #1972,#1973,#1974,#1975,#1976,#1977,#1978,#1979,#1980,#1981,#1982,
    #1983,#1984),.UNSPECIFIED.,.F.,.F.,(8,6,6,6,6,6,6,6,6,6,8),(0.,
    8.23447662451E-02,0.180750270305,0.344502065578,0.442272613717,
    0.531818560104,0.631499917444,0.750063661436,0.844378358868,
    0.948705759767,1.),.UNSPECIFIED.);
#1923 = CARTESIAN_POINT('',(0.,5.2));
#1924 = CARTESIAN_POINT('',(8.963043570771E-02,5.2));
#1925 = CARTESIAN_POINT('',(0.178360298205,5.198583730788));
#1926 = CARTESIAN_POINT('',(0.265858452827,5.195800538721));
#1927 = CARTESIAN_POINT('',(0.351766409524,5.191848061012));
#1928 = CARTESIAN_POINT('',(0.435661102076,5.18703644361));
#1929 = CARTESIAN_POINT('',(0.51699286507,5.181728178624));
#1930 = CARTESIAN_POINT('',(0.688218795722,5.16971116026));
#1931 = CARTESIAN_POINT('',(0.7778726317,5.162848478131));
#1932 = CARTESIAN_POINT('',(0.864536688759,5.156075840508));
#1933 = CARTESIAN_POINT('',(0.948673728888,5.149703152068));
#1934 = CARTESIAN_POINT('',(1.030695537514,5.143949316058));
#1935 = CARTESIAN_POINT('',(1.11100211375,5.138960474801));
#1936 = CARTESIAN_POINT('',(1.321449112592,5.12797551648));
#1937 = CARTESIAN_POINT('',(1.449255861485,5.123510749444));
#1938 = CARTESIAN_POINT('',(1.575383179654,5.121894939829));
#1939 = CARTESIAN_POINT('',(1.701378263288,5.12324447635));
#1940 = CARTESIAN_POINT('',(1.828775149494,5.127513971158));
#1941 = CARTESIAN_POINT('',(1.959115298903,5.134437571143));
#1942 = CARTESIAN_POINT('',(2.175166006416,5.148588734288));
#1943 = CARTESIAN_POINT('',(2.257939985973,5.154585552334));
#1944 = CARTESIAN_POINT('',(2.343008921925,5.161133695183));
#1945 = CARTESIAN_POINT('',(2.430674699546,5.168005357549));
#1946 = CARTESIAN_POINT('',(2.521293980448,5.174887319422));
#1947 = CARTESIAN_POINT('',(2.615277327008,5.181363901766));
#1948 = CARTESIAN_POINT('',(2.802873118739,5.192080168783));
#1949 = CARTESIAN_POINT('',(2.896567780252,5.19650246639));
#1950 = CARTESIAN_POINT('',(2.99270180181,5.199719285354));
#1951 = CARTESIAN_POINT('',(3.090107599396,5.20128782932));
#1952 = CARTESIAN_POINT('',(3.187787453221,5.20103077335));
#1953 = CARTESIAN_POINT('',(3.284702927096,5.199085525169));
#1954 = CARTESIAN_POINT('',(3.485221459833,5.192141297357));
#1955 = CARTESIAN_POINT('',(3.586889327111,5.186871316452));
#1956 = CARTESIAN_POINT('',(3.68504790591,5.18047623151));
#1957 = CARTESIAN_POINT('',(3.779948009916,5.173492706078));
#1958 = CARTESIAN_POINT('',(3.871737617283,5.166399765942));
#1959 = CARTESIAN_POINT('',(3.960444615778,5.159576911793));
#1960 = CARTESIAN_POINT('',(4.147741208821,5.145812505469));
#1961 = CARTESIAN_POINT('',(4.246083069361,5.139015134787));
#1962 = CARTESIAN_POINT('',(4.341848370915,5.133291182984));
#1963 = CARTESIAN_POINT('',(4.435708801969,5.12887270173));
#1964 = CARTESIAN_POINT('',(4.528321200642,5.125884229914));
#1965 = CARTESIAN_POINT('',(4.6203157187,5.124387805663));
#1966 = CARTESIAN_POINT('',(4.785631116008,5.124387805663));
#1967 = CARTESIAN_POINT('',(4.858849139397,5.125334768574));
#1968 = CARTESIAN_POINT('',(4.932371858939,5.127227396451));
#1969 = CARTESIAN_POINT('',(5.006519731932,5.130040655895));
#1970 = CARTESIAN_POINT('',(5.081609891257,5.133723247501));
#1971 = CARTESIAN_POINT('',(5.157973831708,5.1381884443));
#1972 = CARTESIAN_POINT('',(5.322283849542,5.148950630157));
#1973 = CARTESIAN_POINT('',(5.410954653824,5.155415060548));
#1974 = CARTESIAN_POINT('',(5.50230854708,5.162501838486));
#1975 = CARTESIAN_POINT('',(5.596671583692,5.169922004564));
#1976 = CARTESIAN_POINT('',(5.694450416772,5.177272722694));
#1977 = CARTESIAN_POINT('',(5.79612186303,5.18401759091));
#1978 = CARTESIAN_POINT('',(5.954632762423,5.192285292256));
#1979 = CARTESIAN_POINT('',(6.007939206971,5.194717435196));
#1980 = CARTESIAN_POINT('',(6.062076296351,5.196769577112));
#1981 = CARTESIAN_POINT('',(6.116845293573,5.198367406631));
#1982 = CARTESIAN_POINT('',(6.17206707748,5.199454919657));
#1983 = CARTESIAN_POINT('',(6.22757126063,5.2));
#1984 = CARTESIAN_POINT('',(6.28318530718,5.2));
#1985 = ( GEOMETRIC_REPRESENTATION_CONTEXT(2) 
PARAMETRIC_REPRESENTATION_CONTEXT() REPRESENTATION_CONTEXT('2D SPACE',''
  ) );
#1986 = FACE_BOUND('',#1987,.T.);
#1987 = EDGE_LOOP('',(#1988));
#1988 = ORIENTED_EDGE('',*,*,#1989,.F.);
#1989 = EDGE_CURVE('',#1990,#1990,#1992,.T.);
#1990 = VERTEX_POINT('',#1991);
#1991 = CARTESIAN_POINT('',(-43.96095905908,-57.08446880374,115.7));
#1992 = SURFACE_CURVE('',#1993,(#2056,#2122),.PCURVE_S1.);
#1993 = B_SPLINE_CURVE_WITH_KNOTS('',7,(#1994,#1995,#1996,#1997,#1998,
    #1999,#2000,#2001,#2002,#2003,#2004,#2005,#2006,#2007,#2008,#2009,
    #2010,#2011,#2012,#2013,#2014,#2015,#2016,#2017,#2018,#2019,#2020,
    #2021,#2022,#2023,#2024,#2025,#2026,#2027,#2028,#2029,#2030,#2031,
    #2032,#2033,#2034,#2035,#2036,#2037,#2038,#2039,#2040,#2041,#2042,
    #2043,#2044,#2045,#2046,#2047,#2048,#2049,#2050,#2051,#2052,#2053,
    #2054,#2055),.UNSPECIFIED.,.T.,.F.,(1,7,6,6,6,6,6,6,6,6,6,7,1),(
    -5.1294240094E-02,0.,8.234476551642E-02,0.180750269549,
    0.344502064774,0.442272612792,0.531818560186,0.63149991867,
    0.750063662244,0.844378359344,0.948705759906,1.,1.082344765516),
  .UNSPECIFIED.);
#1994 = CARTESIAN_POINT('',(-43.96095905908,-57.08446880374,115.7));
#1995 = CARTESIAN_POINT('',(-43.72661527935,-57.2649378091,115.7));
#1996 = CARTESIAN_POINT('',(-43.49376170201,-57.4424716392,
    115.73092932375));
#1997 = CARTESIAN_POINT('',(-43.2663708444,-57.61407332688,115.791670013
    ));
#1998 = CARTESIAN_POINT('',(-43.04829268335,-57.77702744185,
    115.87982235259));
#1999 = CARTESIAN_POINT('',(-42.84297881244,-57.92906735445,
    115.9917854767));
#2000 = CARTESIAN_POINT('',(-42.65323353154,-58.06849098736,
    116.12282210094));
#2001 = CARTESIAN_POINT('',(-42.27515574196,-58.34448262553,
    116.43953443795));
#2002 = CARTESIAN_POINT('',(-42.09170527261,-58.47709667071,
    116.63307018433));
#2003 = CARTESIAN_POINT('',(-41.93045202529,-58.59273020468,
    116.84252738205));
#2004 = CARTESIAN_POINT('',(-41.79079200075,-58.69223952023,
    117.06397526656));
#2005 = CARTESIAN_POINT('',(-41.67195904063,-58.77649093065,
    117.29440599462));
#2006 = CARTESIAN_POINT('',(-41.57320839146,-58.84624242902,
    117.53150337711));
#2007 = CARTESIAN_POINT('',(-41.36200783917,-58.9950239236,
    118.17623178668));
#2008 = CARTESIAN_POINT('',(-41.28402243604,-59.0494454977,
    118.59250732745));
#2009 = CARTESIAN_POINT('',(-41.25705957722,-59.06817027648,
    119.01453299052));
#2010 = CARTESIAN_POINT('',(-41.28003399853,-59.05218092758,
    119.43729814503));
#2011 = CARTESIAN_POINT('',(-41.35356536158,-59.00094296039,
    119.85566142561));
#2012 = CARTESIAN_POINT('',(-41.47983639881,-58.91243989423,
    120.26338603674));
#2013 = CARTESIAN_POINT('',(-41.77090898016,-58.70614492864,
    120.88083386051));
#2014 = CARTESIAN_POINT('',(-41.90001043357,-58.61429239717,
    121.10483411096));
#2015 = CARTESIAN_POINT('',(-42.05009616235,-58.50697566087,
    121.3192510453));
#2016 = CARTESIAN_POINT('',(-42.22173788308,-58.3834669109,
    121.52071434821));
#2017 = CARTESIAN_POINT('',(-42.41526808621,-58.24311475993,
    121.70513999303));
#2018 = CARTESIAN_POINT('',(-42.63058979156,-58.08546923735,
    121.86755507225));
#2019 = CARTESIAN_POINT('',(-43.0832842737,-57.75037324797,
    122.12472443125));
#2020 = CARTESIAN_POINT('',(-43.31900632087,-57.57442450143,
    122.2250035715));
#2021 = CARTESIAN_POINT('',(-43.56882559452,-57.3860979167,
    122.2943001234));
#2022 = CARTESIAN_POINT('',(-43.82623656426,-57.1898445445,
    122.32745459535));
#2023 = CARTESIAN_POINT('',(-44.08416882879,-56.99088551336,
    122.32251593004));
#2024 = CARTESIAN_POINT('',(-44.33570631957,-56.79472034435,
    122.28080237437));
#2025 = CARTESIAN_POINT('',(-44.84095796087,-56.39685944102,
    122.12479805844));
#2026 = CARTESIAN_POINT('',(-45.08804186995,-56.19992763131,
    122.00395468075));
#2027 = CARTESIAN_POINT('',(-45.31369236603,-56.01808170547,
    121.85122691944));
#2028 = CARTESIAN_POINT('',(-45.51666291947,-55.85295897805,
    121.67281197278));
#2029 = CARTESIAN_POINT('',(-45.69646150678,-55.70554296662,
    121.47451640212));
#2030 = CARTESIAN_POINT('',(-45.85321452459,-55.57621532689,
    121.26182866149));
#2031 = CARTESIAN_POINT('',(-46.14752708775,-55.33219119364,
    120.7759859384));
#2032 = CARTESIAN_POINT('',(-46.27749722983,-55.22352130877,
    120.49625047029));
#2033 = CARTESIAN_POINT('',(-46.37934543238,-55.1378630642,
    120.2059897149));
#2034 = CARTESIAN_POINT('',(-46.45461757675,-55.07431885844,
    119.90883610387));
#2035 = CARTESIAN_POINT('',(-46.5044349316,-55.03218238697,
    119.60742403649));
#2036 = CARTESIAN_POINT('',(-46.52938046745,-55.01108300438,
    119.30384176356));
#2037 = CARTESIAN_POINT('',(-46.52938046745,-55.01108300438,
    118.75830095244));
#2038 = CARTESIAN_POINT('',(-46.51359487389,-55.02443477108,
    118.51668230106));
#2039 = CARTESIAN_POINT('',(-46.48204363718,-55.05112130239,
    118.27617229768));
#2040 = CARTESIAN_POINT('',(-46.43450161217,-55.09128438713,
    118.03783468482));
#2041 = CARTESIAN_POINT('',(-46.3705296608,-55.14519745884,
    117.80290896835));
#2042 = CARTESIAN_POINT('',(-46.28950267969,-55.21323244822,
    117.57295473289));
#2043 = CARTESIAN_POINT('',(-46.08127031835,-55.3871766052,
    117.10337578934));
#2044 = CARTESIAN_POINT('',(-45.94962481378,-55.49671646739,
    116.86429973416));
#2045 = CARTESIAN_POINT('',(-45.79460197552,-55.6250448052,
    116.63631546059));
#2046 = CARTESIAN_POINT('',(-45.61522179778,-55.77255161033,
    116.42374147125));
#2047 = CARTESIAN_POINT('',(-45.4107386745,-55.93930263126,
    116.23177589665));
#2048 = CARTESIAN_POINT('',(-45.18087191575,-56.12483700072,
    116.06671755075));
#2049 = CARTESIAN_POINT('',(-44.80116769704,-56.42768381453,
    115.87230613537));
#2050 = CARTESIAN_POINT('',(-44.6701679988,-56.53163692811,
    115.81668303357));
#2051 = CARTESIAN_POINT('',(-44.5341647308,-56.63896368529,
    115.77079618188));
#2052 = CARTESIAN_POINT('',(-44.39413350783,-56.74881896831,
    115.73563840862));
#2053 = CARTESIAN_POINT('',(-44.25115139744,-56.86030263713,
    115.71190783402));
#2054 = CARTESIAN_POINT('',(-44.10636508837,-56.9724910866,115.7));
#2055 = CARTESIAN_POINT('',(-43.96095905908,-57.08446880374,115.7));
#2056 = PCURVE('',#49,#2057);
#2057 = DEFINITIONAL_REPRESENTATION('',(#2058),#2121);
#2058 = B_SPLINE_CURVE_WITH_KNOTS('',7,(#2059,#2060,#2061,#2062,#2063,
    #2064,#2065,#2066,#2067,#2068,#2069,#2070,#2071,#2072,#2073,#2074,
    #2075,#2076,#2077,#2078,#2079,#2080,#2081,#2082,#2083,#2084,#2085,
    #2086,#2087,#2088,#2089,#2090,#2091,#2092,#2093,#2094,#2095,#2096,
    #2097,#2098,#2099,#2100,#2101,#2102,#2103,#2104,#2105,#2106,#2107,
    #2108,#2109,#2110,#2111,#2112,#2113,#2114,#2115,#2116,#2117,#2118,
    #2119,#2120),.UNSPECIFIED.,.T.,.F.,(1,7,6,6,6,6,6,6,6,6,6,7,1),(
    -5.1294240094E-02,0.,8.234476551642E-02,0.180750269549,
    0.344502064774,0.442272612792,0.531818560186,0.63149991867,
    0.750063662244,0.844378359344,0.948705759906,1.,1.082344765516),
  .UNSPECIFIED.);
#2059 = CARTESIAN_POINT('',(4.056145181635,24.7));
#2060 = CARTESIAN_POINT('',(4.060250392468,24.7));
#2061 = CARTESIAN_POINT('',(4.064314360433,24.730929323756));
#2062 = CARTESIAN_POINT('',(4.068268135213,24.791670013006));
#2063 = CARTESIAN_POINT('',(4.072046490494,24.879822352592));
#2064 = CARTESIAN_POINT('',(4.075592317573,24.991785476704));
#2065 = CARTESIAN_POINT('',(4.078860333864,25.122822100943));
#2066 = CARTESIAN_POINT('',(4.085357160468,25.439534437951));
#2067 = CARTESIAN_POINT('',(4.088498886146,25.633070184339));
#2068 = CARTESIAN_POINT('',(4.091252893525,25.842527382055));
#2069 = CARTESIAN_POINT('',(4.093632960345,26.063975266568));
#2070 = CARTESIAN_POINT('',(4.095654737052,26.294405994625));
#2071 = CARTESIAN_POINT('',(4.097332745859,26.531503377113));
#2072 = CARTESIAN_POINT('',(4.100918366527,27.176231786683));
#2073 = CARTESIAN_POINT('',(4.102238228314,27.59250732745));
#2074 = CARTESIAN_POINT('',(4.102693849118,28.014532990524));
#2075 = CARTESIAN_POINT('',(4.102305356887,28.437298145033));
#2076 = CARTESIAN_POINT('',(4.101061456692,28.855661425614));
#2077 = CARTESIAN_POINT('',(4.098921326556,29.263386036744));
#2078 = CARTESIAN_POINT('',(4.093969703617,29.880833860518));
#2079 = CARTESIAN_POINT('',(4.091770642004,30.104834110967));
#2080 = CARTESIAN_POINT('',(4.08920984379,30.319251045305));
#2081 = CARTESIAN_POINT('',(4.08627496516,30.520714348219));
#2082 = CARTESIAN_POINT('',(4.082956951926,30.70513999303));
#2083 = CARTESIAN_POINT('',(4.079253152604,30.867555072257));
#2084 = CARTESIAN_POINT('',(4.071436021394,31.124724431255));
#2085 = CARTESIAN_POINT('',(4.067353503376,31.225003571501));
#2086 = CARTESIAN_POINT('',(4.063011433596,31.294300123405));
#2087 = CARTESIAN_POINT('',(4.05851896563,31.327454595359));
#2088 = CARTESIAN_POINT('',(4.053997893943,31.322515930044));
#2089 = CARTESIAN_POINT('',(4.049570658776,31.280802374373));
#2090 = CARTESIAN_POINT('',(4.040644967699,31.124798058445));
#2091 = CARTESIAN_POINT('',(4.03625971443,31.003954680759));
#2092 = CARTESIAN_POINT('',(4.032237544062,30.851226919448));
#2093 = CARTESIAN_POINT('',(4.028606042335,30.672811972784));
#2094 = CARTESIAN_POINT('',(4.025379059914,30.474516402127));
#2095 = CARTESIAN_POINT('',(4.022558568614,30.261828661495));
#2096 = CARTESIAN_POINT('',(4.017252270253,29.7759859384));
#2097 = CARTESIAN_POINT('',(4.014900939475,29.496250470297));
#2098 = CARTESIAN_POINT('',(4.013053889753,29.205989714903));
#2099 = CARTESIAN_POINT('',(4.011686678005,28.908836103874));
#2100 = CARTESIAN_POINT('',(4.010781089924,28.607424036491));
#2101 = CARTESIAN_POINT('',(4.010327626195,28.30384176356));
#2102 = CARTESIAN_POINT('',(4.010327626195,27.758300952444));
#2103 = CARTESIAN_POINT('',(4.010614579404,27.516682301068));
#2104 = CARTESIAN_POINT('',(4.011188121826,27.276172297682));
#2105 = CARTESIAN_POINT('',(4.012051910602,27.037834684821));
#2106 = CARTESIAN_POINT('',(4.013213049696,26.802908968354));
#2107 = CARTESIAN_POINT('',(4.014681501943,26.572954732893));
#2108 = CARTESIAN_POINT('',(4.018447290368,26.103375789343));
#2109 = CARTESIAN_POINT('',(4.020824227565,25.864299734165));
#2110 = CARTESIAN_POINT('',(4.023617365784,25.636315460593));
#2111 = CARTESIAN_POINT('',(4.026840651347,25.423741471257));
#2112 = CARTESIAN_POINT('',(4.03050269148,25.231775896658));
#2113 = CARTESIAN_POINT('',(4.03460256615,25.066717550751));
#2114 = CARTESIAN_POINT('',(4.04134353233,24.872306135372));
#2115 = CARTESIAN_POINT('',(4.04366460631,24.816683033574));
#2116 = CARTESIAN_POINT('',(4.046069186145,24.770796181883));
#2117 = CARTESIAN_POINT('',(4.048539398021,24.735638408625));
#2118 = CARTESIAN_POINT('',(4.051055795502,24.711907834021));
#2119 = CARTESIAN_POINT('',(4.053597973395,24.7));
#2120 = CARTESIAN_POINT('',(4.056145181635,24.7));
#2121 = ( GEOMETRIC_REPRESENTATION_CONTEXT(2) 
PARAMETRIC_REPRESENTATION_CONTEXT() REPRESENTATION_CONTEXT('2D SPACE',''
  ) );
#2122 = PCURVE('',#2123,#2128);
#2123 = CYLINDRICAL_SURFACE('',#2124,3.3);
#2124 = AXIS2_PLACEMENT_3D('',#2125,#2126,#2127);
#2125 = CARTESIAN_POINT('',(-40.7882042068,-52.96456265829,119.));
#2126 = DIRECTION('',(-0.610145163901,-0.792289643355,2.220446049251E-16
    ));
#2127 = DIRECTION('',(-1.354794418654E-16,-1.75923640845E-16,-1.));
#2128 = DEFINITIONAL_REPRESENTATION('',(#2129),#2192);
#2129 = B_SPLINE_CURVE_WITH_KNOTS('',7,(#2130,#2131,#2132,#2133,#2134,
    #2135,#2136,#2137,#2138,#2139,#2140,#2141,#2142,#2143,#2144,#2145,
    #2146,#2147,#2148,#2149,#2150,#2151,#2152,#2153,#2154,#2155,#2156,
    #2157,#2158,#2159,#2160,#2161,#2162,#2163,#2164,#2165,#2166,#2167,
    #2168,#2169,#2170,#2171,#2172,#2173,#2174,#2175,#2176,#2177,#2178,
    #2179,#2180,#2181,#2182,#2183,#2184,#2185,#2186,#2187,#2188,#2189,
    #2190,#2191),.UNSPECIFIED.,.F.,.F.,(8,6,6,6,6,6,6,6,6,6,8),(0.,
    8.234476551642E-02,0.180750269549,0.344502064774,0.442272612792,
    0.531818560186,0.63149991867,0.750063662244,0.844378359344,
    0.948705759906,1.),.UNSPECIFIED.);
#2130 = CARTESIAN_POINT('',(0.,5.2));
#2131 = CARTESIAN_POINT('',(8.963043652045E-02,5.2));
#2132 = CARTESIAN_POINT('',(0.178360296353,5.198583730827));
#2133 = CARTESIAN_POINT('',(0.265858453858,5.195800538667));
#2134 = CARTESIAN_POINT('',(0.351766410664,5.191848060991));
#2135 = CARTESIAN_POINT('',(0.435661100358,5.187036443691));
#2136 = CARTESIAN_POINT('',(0.516992865738,5.181728178577));
#2137 = CARTESIAN_POINT('',(0.688218795722,5.16971116026));
#2138 = CARTESIAN_POINT('',(0.7778726317,5.162848478131));
#2139 = CARTESIAN_POINT('',(0.864536688759,5.156075840508));
#2140 = CARTESIAN_POINT('',(0.948673728888,5.149703152068));
#2141 = CARTESIAN_POINT('',(1.030695537513,5.143949316058));
#2142 = CARTESIAN_POINT('',(1.11100211375,5.138960474801));
#2143 = CARTESIAN_POINT('',(1.321449112592,5.12797551648));
#2144 = CARTESIAN_POINT('',(1.449255861485,5.123510749444));
#2145 = CARTESIAN_POINT('',(1.575383179654,5.121894939829));
#2146 = CARTESIAN_POINT('',(1.701378263289,5.12324447635));
#2147 = CARTESIAN_POINT('',(1.828775149494,5.127513971158));
#2148 = CARTESIAN_POINT('',(1.959115298903,5.134437571143));
#2149 = CARTESIAN_POINT('',(2.175166006338,5.148588734283));
#2150 = CARTESIAN_POINT('',(2.257939985971,5.154585552333));
#2151 = CARTESIAN_POINT('',(2.343008921989,5.161133695188));
#2152 = CARTESIAN_POINT('',(2.430674699602,5.168005357553));
#2153 = CARTESIAN_POINT('',(2.521293980435,5.17488731942));
#2154 = CARTESIAN_POINT('',(2.615277326932,5.181363901762));
#2155 = CARTESIAN_POINT('',(2.80287311993,5.192080168851));
#2156 = CARTESIAN_POINT('',(2.896567777193,5.196502466309));
#2157 = CARTESIAN_POINT('',(2.99270180383,5.199719285329));
#2158 = CARTESIAN_POINT('',(3.090107601242,5.201287829382));
#2159 = CARTESIAN_POINT('',(3.187787449945,5.201030773375));
#2160 = CARTESIAN_POINT('',(3.284702928509,5.19908552512));
#2161 = CARTESIAN_POINT('',(3.485221458283,5.19214129741));
#2162 = CARTESIAN_POINT('',(3.586889330785,5.186871316336));
#2163 = CARTESIAN_POINT('',(3.685047903424,5.180476231516));
#2164 = CARTESIAN_POINT('',(3.779948008416,5.173492706296));
#2165 = CARTESIAN_POINT('',(3.871737620237,5.166399765694));
#2166 = CARTESIAN_POINT('',(3.960444614495,5.159576911887));
#2167 = CARTESIAN_POINT('',(4.147741208821,5.145812505469));
#2168 = CARTESIAN_POINT('',(4.246083069361,5.139015134787));
#2169 = CARTESIAN_POINT('',(4.341848370915,5.133291182984));
#2170 = CARTESIAN_POINT('',(4.43570880197,5.12887270173));
#2171 = CARTESIAN_POINT('',(4.528321200641,5.125884229914));
#2172 = CARTESIAN_POINT('',(4.6203157187,5.124387805663));
#2173 = CARTESIAN_POINT('',(4.785631116008,5.124387805663));
#2174 = CARTESIAN_POINT('',(4.858849139397,5.125334768574));
#2175 = CARTESIAN_POINT('',(4.932371858939,5.127227396451));
#2176 = CARTESIAN_POINT('',(5.006519731932,5.130040655895));
#2177 = CARTESIAN_POINT('',(5.081609891257,5.133723247501));
#2178 = CARTESIAN_POINT('',(5.157973831708,5.1381884443));
#2179 = CARTESIAN_POINT('',(5.322283849566,5.148950630159));
#2180 = CARTESIAN_POINT('',(5.410954653824,5.155415060548));
#2181 = CARTESIAN_POINT('',(5.50230854706,5.162501838484));
#2182 = CARTESIAN_POINT('',(5.596671583674,5.169922004562));
#2183 = CARTESIAN_POINT('',(5.694450416776,5.177272722695));
#2184 = CARTESIAN_POINT('',(5.796121863054,5.184017590911));
#2185 = CARTESIAN_POINT('',(5.954632762439,5.192285292257));
#2186 = CARTESIAN_POINT('',(6.007939206955,5.194717435196));
#2187 = CARTESIAN_POINT('',(6.062076296338,5.196769577111));
#2188 = CARTESIAN_POINT('',(6.116845293585,5.198367406631));
#2189 = CARTESIAN_POINT('',(6.172067077496,5.199454919658));
#2190 = CARTESIAN_POINT('',(6.227571260617,5.2));
#2191 = CARTESIAN_POINT('',(6.28318530718,5.2));
#2192 = ( GEOMETRIC_REPRESENTATION_CONTEXT(2) 
PARAMETRIC_REPRESENTATION_CONTEXT() REPRESENTATION_CONTEXT('2D SPACE',''
  ) );
#2193 = FACE_BOUND('',#2194,.T.);
#2194 = EDGE_LOOP('',(#2195));
#2195 = ORIENTED_EDGE('',*,*,#2196,.F.);
#2196 = EDGE_CURVE('',#2197,#2197,#2199,.T.);
#2197 = VERTEX_POINT('',#2198);
#2198 = CARTESIAN_POINT('',(27.456120616037,-66.61354172176,115.7));
#2199 = SURFACE_CURVE('',#2200,(#2263,#2329),.PCURVE_S1.);
#2200 = B_SPLINE_CURVE_WITH_KNOTS('',7,(#2201,#2202,#2203,#2204,#2205,
    #2206,#2207,#2208,#2209,#2210,#2211,#2212,#2213,#2214,#2215,#2216,
    #2217,#2218,#2219,#2220,#2221,#2222,#2223,#2224,#2225,#2226,#2227,
    #2228,#2229,#2230,#2231,#2232,#2233,#2234,#2235,#2236,#2237,#2238,
    #2239,#2240,#2241,#2242,#2243,#2244,#2245,#2246,#2247,#2248,#2249,
    #2250,#2251,#2252,#2253,#2254,#2255,#2256,#2257,#2258,#2259,#2260,
    #2261,#2262),.UNSPECIFIED.,.T.,.F.,(1,7,6,6,6,6,6,6,6,6,6,7,1),(
    -5.1294239996E-02,0.,8.234476541926E-02,0.180750268493,
    0.344502062123,0.442272609187,0.531818555709,0.631499916164,
    0.750063662606,0.844378359595,0.948705760004,1.,1.082344765419),
  .UNSPECIFIED.);
#2201 = CARTESIAN_POINT('',(27.456120616037,-66.61354172176,115.7));
#2202 = CARTESIAN_POINT('',(27.729583246658,-66.500828559,115.7));
#2203 = CARTESIAN_POINT('',(27.99975885012,-66.38793835742,
    115.73092932473));
#2204 = CARTESIAN_POINT('',(28.262065691614,-66.27681294545,
    115.7916700116));
#2205 = CARTESIAN_POINT('',(28.512227174748,-66.16942877567,
    115.8798223521));
#2206 = CARTESIAN_POINT('',(28.74655454494,-66.06764170058,
    115.99178547878));
#2207 = CARTESIAN_POINT('',(28.962171587046,-65.97302928628,
    116.1228220997));
#2208 = CARTESIAN_POINT('',(29.390226253384,-65.78360013425,
    116.43953443795));
#2209 = CARTESIAN_POINT('',(29.59679862009,-65.69103439004,
    116.63307018433));
#2210 = CARTESIAN_POINT('',(29.777566821698,-65.60920174841,
    116.84252738205));
#2211 = CARTESIAN_POINT('',(29.933574429146,-65.53800727704,
    117.06397526656));
#2212 = CARTESIAN_POINT('',(30.065954770935,-65.47722061998,
    117.29440599462));
#2213 = CARTESIAN_POINT('',(30.175736665064,-65.42657579834,
    117.53150337711));
#2214 = CARTESIAN_POINT('',(30.410185495121,-65.31806150205,
    118.17623178668));
#2215 = CARTESIAN_POINT('',(30.496308662374,-65.27773494887,
    118.59250732745));
#2216 = CARTESIAN_POINT('',(30.526006225888,-65.26374681756,
    119.01453299052));
#2217 = CARTESIAN_POINT('',(30.500671832896,-65.27564857561,
    119.43729814503));
#2218 = CARTESIAN_POINT('',(30.419532770145,-65.31370962039,
    119.85566142561));
#2219 = CARTESIAN_POINT('',(30.279751347929,-65.37881201331,
    120.26338603674));
#2220 = CARTESIAN_POINT('',(29.955558376373,-65.52774078031,
    120.88083386051));
#2221 = CARTESIAN_POINT('',(29.811461024012,-65.59361965289,
    121.10483411096));
#2222 = CARTESIAN_POINT('',(29.643479139739,-65.66993933861,
    121.3192510453));
#2223 = CARTESIAN_POINT('',(29.450696564309,-65.75683105413,
    121.52071434821));
#2224 = CARTESIAN_POINT('',(29.232382934526,-65.85425705095,
    121.70513999303));
#2225 = CARTESIAN_POINT('',(28.988197054502,-65.96190835648,
    121.86755507225));
#2226 = CARTESIAN_POINT('',(28.471648173923,-66.18640528348,
    122.12472443125));
#2227 = CARTESIAN_POINT('',(28.201411066073,-66.30257219129,
    122.2250035715));
#2228 = CARTESIAN_POINT('',(27.913405822669,-66.42475873626,
    122.2943001234));
#2229 = CARTESIAN_POINT('',(27.614739931888,-66.54955648917,
    122.32745459535));
#2230 = CARTESIAN_POINT('',(27.313470224345,-66.67345286714,
    122.32251593004));
#2231 = CARTESIAN_POINT('',(27.017817459258,-66.79320813965,
    122.28080237437));
#2232 = CARTESIAN_POINT('',(26.420633979865,-67.03183844837,
    122.12479805601));
#2233 = CARTESIAN_POINT('',(26.126544107507,-67.14735347274,
    122.00395468497));
#2234 = CARTESIAN_POINT('',(25.856235625834,-67.25184958896,
    121.85122692333));
#2235 = CARTESIAN_POINT('',(25.611749891219,-67.34506587254,
    121.67281195576));
#2236 = CARTESIAN_POINT('',(25.394184597595,-67.42706800753,
    121.4745164196));
#2237 = CARTESIAN_POINT('',(25.203807052038,-67.49815628876,
    121.26182865479));
#2238 = CARTESIAN_POINT('',(24.8453196819,-67.63102637478,120.7759859452
    ));
#2239 = CARTESIAN_POINT('',(24.686223711693,-67.68924888388,
    120.49625045494));
#2240 = CARTESIAN_POINT('',(24.561117422601,-67.73462288195,
    120.20598972238));
#2241 = CARTESIAN_POINT('',(24.468450431225,-67.76803837673,
    119.90883611668));
#2242 = CARTESIAN_POINT('',(24.407050508711,-67.79011323226,
    119.60742401801));
#2243 = CARTESIAN_POINT('',(24.376305137764,-67.80116700935,
    119.30384177127));
#2244 = CARTESIAN_POINT('',(24.376305137764,-67.80116700935,
    118.75830095244));
#2245 = CARTESIAN_POINT('',(24.395760903687,-67.79417216767,
    118.51668230106));
#2246 = CARTESIAN_POINT('',(24.434647736099,-67.78019126081,
    118.27617229768));
#2247 = CARTESIAN_POINT('',(24.493201000278,-67.75910020178,
    118.03783468482));
#2248 = CARTESIAN_POINT('',(24.571877065666,-67.73065540262,
    117.80290896835));
#2249 = CARTESIAN_POINT('',(24.671310585372,-67.69450147327,
    117.57295473289));
#2250 = CARTESIAN_POINT('',(24.926066824783,-67.60113903697,
    117.10337578941));
#2251 = CARTESIAN_POINT('',(25.086753880479,-67.5419006168,
    116.86429973415));
#2252 = CARTESIAN_POINT('',(25.275400900235,-67.47181106959,
    116.63631546053));
#2253 = CARTESIAN_POINT('',(25.492835629586,-67.39021668129,
    116.42374147122));
#2254 = CARTESIAN_POINT('',(25.739487811399,-67.29650461237,
    116.23177589668));
#2255 = CARTESIAN_POINT('',(26.015098667938,-67.19020134456,
    116.06671755077));
#2256 = CARTESIAN_POINT('',(26.467223811547,-67.01279125212,
    115.87230613538));
#2257 = CARTESIAN_POINT('',(26.622749697899,-66.95131874233,
    115.81668303356));
#2258 = CARTESIAN_POINT('',(26.783699030116,-66.88719983583,
    115.77079618187));
#2259 = CARTESIAN_POINT('',(26.948852107384,-66.82085688095,
    115.73563840862));
#2260 = CARTESIAN_POINT('',(27.116890851876,-66.75277257547,
    115.71190783403));
#2261 = CARTESIAN_POINT('',(27.28644205373,-66.68347817841,115.7));
#2262 = CARTESIAN_POINT('',(27.456120616037,-66.61354172176,115.7));
#2263 = PCURVE('',#49,#2264);
#2264 = DEFINITIONAL_REPRESENTATION('',(#2265),#2328);
#2265 = B_SPLINE_CURVE_WITH_KNOTS('',7,(#2266,#2267,#2268,#2269,#2270,
    #2271,#2272,#2273,#2274,#2275,#2276,#2277,#2278,#2279,#2280,#2281,
    #2282,#2283,#2284,#2285,#2286,#2287,#2288,#2289,#2290,#2291,#2292,
    #2293,#2294,#2295,#2296,#2297,#2298,#2299,#2300,#2301,#2302,#2303,
    #2304,#2305,#2306,#2307,#2308,#2309,#2310,#2311,#2312,#2313,#2314,
    #2315,#2316,#2317,#2318,#2319,#2320,#2321,#2322,#2323,#2324,#2325,
    #2326,#2327),.UNSPECIFIED.,.T.,.F.,(1,7,6,6,6,6,6,6,6,6,6,7,1),(
    -5.1294239996E-02,0.,8.234476541926E-02,0.180750268493,
    0.344502062123,0.442272609187,0.531818555709,0.631499916164,
    0.750063662606,0.844378359595,0.948705760004,1.,1.082344765419),
  .UNSPECIFIED.);
#2266 = CARTESIAN_POINT('',(5.103342732831,24.7));
#2267 = CARTESIAN_POINT('',(5.107447943627,24.7));
#2268 = CARTESIAN_POINT('',(5.111511911711,24.730929324736));
#2269 = CARTESIAN_POINT('',(5.115465686368,24.791670011609));
#2270 = CARTESIAN_POINT('',(5.11924404164,24.879822352104));
#2271 = CARTESIAN_POINT('',(5.12278986884,24.991785478785));
#2272 = CARTESIAN_POINT('',(5.126057885035,25.122822099707));
#2273 = CARTESIAN_POINT('',(5.132554711665,25.439534437951));
#2274 = CARTESIAN_POINT('',(5.135696437342,25.633070184339));
#2275 = CARTESIAN_POINT('',(5.138450444721,25.842527382055));
#2276 = CARTESIAN_POINT('',(5.140830511542,26.063975266568));
#2277 = CARTESIAN_POINT('',(5.142852288248,26.294405994625));
#2278 = CARTESIAN_POINT('',(5.144530297055,26.531503377112));
#2279 = CARTESIAN_POINT('',(5.148115917724,27.176231786683));
#2280 = CARTESIAN_POINT('',(5.149435779511,27.592507327451));
#2281 = CARTESIAN_POINT('',(5.149891400314,28.014532990524));
#2282 = CARTESIAN_POINT('',(5.149502908084,28.437298145032));
#2283 = CARTESIAN_POINT('',(5.148259007889,28.855661425614));
#2284 = CARTESIAN_POINT('',(5.146118877752,29.263386036744));
#2285 = CARTESIAN_POINT('',(5.141167254814,29.880833860518));
#2286 = CARTESIAN_POINT('',(5.138968193201,30.104834110966));
#2287 = CARTESIAN_POINT('',(5.136407394986,30.319251045305));
#2288 = CARTESIAN_POINT('',(5.133472516357,30.520714348219));
#2289 = CARTESIAN_POINT('',(5.130154503123,30.70513999303));
#2290 = CARTESIAN_POINT('',(5.1264507038,30.867555072257));
#2291 = CARTESIAN_POINT('',(5.11863357259,31.124724431255));
#2292 = CARTESIAN_POINT('',(5.114551054573,31.225003571501));
#2293 = CARTESIAN_POINT('',(5.110208984793,31.294300123405));
#2294 = CARTESIAN_POINT('',(5.105716516827,31.327454595359));
#2295 = CARTESIAN_POINT('',(5.101195445139,31.322515930044));
#2296 = CARTESIAN_POINT('',(5.096768209973,31.280802374373));
#2297 = CARTESIAN_POINT('',(5.087842518756,31.124798056019));
#2298 = CARTESIAN_POINT('',(5.08345726597,31.003954684976));
#2299 = CARTESIAN_POINT('',(5.079435094968,30.851226923333));
#2300 = CARTESIAN_POINT('',(5.075803593526,30.672811955762));
#2301 = CARTESIAN_POINT('',(5.072576611263,30.474516419603));
#2302 = CARTESIAN_POINT('',(5.069756119737,30.26182865479));
#2303 = CARTESIAN_POINT('',(5.064449821524,29.775985945207));
#2304 = CARTESIAN_POINT('',(5.062098490476,29.496250454949));
#2305 = CARTESIAN_POINT('',(5.060251441168,29.205989722382));
#2306 = CARTESIAN_POINT('',(5.058884229085,28.908836116679));
#2307 = CARTESIAN_POINT('',(5.057978641145,28.607424018019));
#2308 = CARTESIAN_POINT('',(5.057525177391,28.303841771271));
#2309 = CARTESIAN_POINT('',(5.057525177391,27.758300952444));
#2310 = CARTESIAN_POINT('',(5.0578121306,27.516682301068));
#2311 = CARTESIAN_POINT('',(5.058385673023,27.276172297682));
#2312 = CARTESIAN_POINT('',(5.059249461799,27.037834684821));
#2313 = CARTESIAN_POINT('',(5.060410600893,26.802908968354));
#2314 = CARTESIAN_POINT('',(5.061879053139,26.572954732893));
#2315 = CARTESIAN_POINT('',(5.065644841564,26.103375789412));
#2316 = CARTESIAN_POINT('',(5.068021778761,25.864299734158));
#2317 = CARTESIAN_POINT('',(5.070814916982,25.636315460538));
#2318 = CARTESIAN_POINT('',(5.074038202544,25.423741471228));
#2319 = CARTESIAN_POINT('',(5.077700242677,25.231775896681));
#2320 = CARTESIAN_POINT('',(5.081800117346,25.066717550779));
#2321 = CARTESIAN_POINT('',(5.088541083527,24.872306135386));
#2322 = CARTESIAN_POINT('',(5.090862157507,24.816683033568));
#2323 = CARTESIAN_POINT('',(5.093266737342,24.770796181872));
#2324 = CARTESIAN_POINT('',(5.095736949218,24.735638408626));
#2325 = CARTESIAN_POINT('',(5.098253346698,24.71190783403));
#2326 = CARTESIAN_POINT('',(5.100795524592,24.7));
#2327 = CARTESIAN_POINT('',(5.103342732831,24.7));
#2328 = ( GEOMETRIC_REPRESENTATION_CONTEXT(2) 
PARAMETRIC_REPRESENTATION_CONTEXT() REPRESENTATION_CONTEXT('2D SPACE',''
  ) );
#2329 = PCURVE('',#2330,#2335);
#2330 = CYLINDRICAL_SURFACE('',#2331,3.3);
#2331 = AXIS2_PLACEMENT_3D('',#2332,#2333,#2334);
#2332 = CARTESIAN_POINT('',(25.474554659016,-61.80590234698,119.));
#2333 = DIRECTION('',(0.38107037635,-0.924546033612,2.220446049251E-16)
  );
#2334 = DIRECTION('',(8.461462116533E-17,-2.052904587685E-16,-1.));
#2335 = DEFINITIONAL_REPRESENTATION('',(#2336),#2399);
#2336 = B_SPLINE_CURVE_WITH_KNOTS('',7,(#2337,#2338,#2339,#2340,#2341,
    #2342,#2343,#2344,#2345,#2346,#2347,#2348,#2349,#2350,#2351,#2352,
    #2353,#2354,#2355,#2356,#2357,#2358,#2359,#2360,#2361,#2362,#2363,
    #2364,#2365,#2366,#2367,#2368,#2369,#2370,#2371,#2372,#2373,#2374,
    #2375,#2376,#2377,#2378,#2379,#2380,#2381,#2382,#2383,#2384,#2385,
    #2386,#2387,#2388,#2389,#2390,#2391,#2392,#2393,#2394,#2395,#2396,
    #2397,#2398),.UNSPECIFIED.,.F.,.F.,(8,6,6,6,6,6,6,6,6,6,8),(0.,
    8.234476541926E-02,0.180750268493,0.344502062123,0.442272609187,
    0.531818555709,0.631499916164,0.750063662606,0.844378359595,
    0.948705760004,1.),.UNSPECIFIED.);
#2337 = CARTESIAN_POINT('',(0.,5.2));
#2338 = CARTESIAN_POINT('',(8.963043570771E-02,5.2));
#2339 = CARTESIAN_POINT('',(0.178360298205,5.198583730788));
#2340 = CARTESIAN_POINT('',(0.265858452827,5.195800538721));
#2341 = CARTESIAN_POINT('',(0.351766409524,5.191848061011));
#2342 = CARTESIAN_POINT('',(0.435661102076,5.18703644361));
#2343 = CARTESIAN_POINT('',(0.51699286507,5.181728178624));
#2344 = CARTESIAN_POINT('',(0.688218795722,5.16971116026));
#2345 = CARTESIAN_POINT('',(0.7778726317,5.162848478131));
#2346 = CARTESIAN_POINT('',(0.864536688759,5.156075840508));
#2347 = CARTESIAN_POINT('',(0.948673728888,5.149703152068));
#2348 = CARTESIAN_POINT('',(1.030695537513,5.143949316058));
#2349 = CARTESIAN_POINT('',(1.11100211375,5.138960474801));
#2350 = CARTESIAN_POINT('',(1.321449112592,5.12797551648));
#2351 = CARTESIAN_POINT('',(1.449255861485,5.123510749445));
#2352 = CARTESIAN_POINT('',(1.575383179654,5.121894939829));
#2353 = CARTESIAN_POINT('',(1.701378263288,5.12324447635));
#2354 = CARTESIAN_POINT('',(1.828775149494,5.127513971158));
#2355 = CARTESIAN_POINT('',(1.959115298903,5.134437571143));
#2356 = CARTESIAN_POINT('',(2.175166006338,5.148588734283));
#2357 = CARTESIAN_POINT('',(2.257939985971,5.154585552333));
#2358 = CARTESIAN_POINT('',(2.343008921989,5.161133695188));
#2359 = CARTESIAN_POINT('',(2.430674699602,5.168005357554));
#2360 = CARTESIAN_POINT('',(2.521293980435,5.174887319419));
#2361 = CARTESIAN_POINT('',(2.615277326932,5.181363901762));
#2362 = CARTESIAN_POINT('',(2.80287311993,5.192080168851));
#2363 = CARTESIAN_POINT('',(2.896567777193,5.196502466309));
#2364 = CARTESIAN_POINT('',(2.99270180383,5.199719285329));
#2365 = CARTESIAN_POINT('',(3.090107601242,5.201287829382));
#2366 = CARTESIAN_POINT('',(3.187787449945,5.201030773375));
#2367 = CARTESIAN_POINT('',(3.284702928509,5.19908552512));
#2368 = CARTESIAN_POINT('',(3.485221461401,5.192141297302));
#2369 = CARTESIAN_POINT('',(3.586889323441,5.186871316568));
#2370 = CARTESIAN_POINT('',(3.685047908383,5.180476231505));
#2371 = CARTESIAN_POINT('',(3.7799480114,5.173492705861));
#2372 = CARTESIAN_POINT('',(3.871737614329,5.166399766189));
#2373 = CARTESIAN_POINT('',(3.96044461708,5.159576911697));
#2374 = CARTESIAN_POINT('',(4.147741206197,5.145812505662));
#2375 = CARTESIAN_POINT('',(4.246083075448,5.139015134274));
#2376 = CARTESIAN_POINT('',(4.341848367018,5.133291183554));
#2377 = CARTESIAN_POINT('',(4.435708799037,5.128872701435));
#2378 = CARTESIAN_POINT('',(4.528321205995,5.125884229972));
#2379 = CARTESIAN_POINT('',(4.620315716363,5.124387805663));
#2380 = CARTESIAN_POINT('',(4.785631116008,5.124387805663));
#2381 = CARTESIAN_POINT('',(4.858849139397,5.125334768574));
#2382 = CARTESIAN_POINT('',(4.932371858939,5.127227396451));
#2383 = CARTESIAN_POINT('',(5.006519731932,5.130040655895));
#2384 = CARTESIAN_POINT('',(5.081609891257,5.133723247501));
#2385 = CARTESIAN_POINT('',(5.157973831708,5.1381884443));
#2386 = CARTESIAN_POINT('',(5.322283849542,5.148950630157));
#2387 = CARTESIAN_POINT('',(5.410954653823,5.155415060548));
#2388 = CARTESIAN_POINT('',(5.50230854708,5.162501838486));
#2389 = CARTESIAN_POINT('',(5.596671583691,5.169922004564));
#2390 = CARTESIAN_POINT('',(5.694450416772,5.177272722694));
#2391 = CARTESIAN_POINT('',(5.79612186303,5.18401759091));
#2392 = CARTESIAN_POINT('',(5.954632762428,5.192285292256));
#2393 = CARTESIAN_POINT('',(6.007939206967,5.194717435196));
#2394 = CARTESIAN_POINT('',(6.062076296348,5.196769577112));
#2395 = CARTESIAN_POINT('',(6.116845293576,5.198367406631));
#2396 = CARTESIAN_POINT('',(6.172067077484,5.199454919657));
#2397 = CARTESIAN_POINT('',(6.227571260627,5.2));
#2398 = CARTESIAN_POINT('',(6.28318530718,5.2));
#2399 = ( GEOMETRIC_REPRESENTATION_CONTEXT(2) 
PARAMETRIC_REPRESENTATION_CONTEXT() REPRESENTATION_CONTEXT('2D SPACE',''
  ) );
#2400 = FACE_BOUND('',#2401,.T.);
#2401 = EDGE_LOOP('',(#2402));
#2402 = ORIENTED_EDGE('',*,*,#2403,.F.);
#2403 = EDGE_CURVE('',#2404,#2404,#2406,.T.);
#2404 = VERTEX_POINT('',#2405);
#2405 = CARTESIAN_POINT('',(71.417079675124,-9.529072918026,115.7));
#2406 = SURFACE_CURVE('',#2407,(#2470,#2536),.PCURVE_S1.);
#2407 = B_SPLINE_CURVE_WITH_KNOTS('',7,(#2408,#2409,#2410,#2411,#2412,
    #2413,#2414,#2415,#2416,#2417,#2418,#2419,#2420,#2421,#2422,#2423,
    #2424,#2425,#2426,#2427,#2428,#2429,#2430,#2431,#2432,#2433,#2434,
    #2435,#2436,#2437,#2438,#2439,#2440,#2441,#2442,#2443,#2444,#2445,
    #2446,#2447,#2448,#2449,#2450,#2451,#2452,#2453,#2454,#2455,#2456,
    #2457,#2458,#2459,#2460,#2461,#2462,#2463,#2464,#2465,#2466,#2467,
    #2468,#2469),.UNSPECIFIED.,.T.,.F.,(1,7,6,6,6,6,6,6,6,6,6,7,1),(
    -5.1294241944E-02,0.,8.234476002286E-02,0.180750257497,
    0.344502045072,0.442272590098,0.531818538693,0.631499902151,
    0.750063653104,0.844378353679,0.948705758056,1.,1.082344760023),
  .UNSPECIFIED.);
#2408 = CARTESIAN_POINT('',(71.417079675124,-9.529072918026,115.7));
#2409 = CARTESIAN_POINT('',(71.456198528493,-9.2358907489,115.7));
#2410 = CARTESIAN_POINT('',(71.493520546731,-8.94546672047,
    115.73092932375));
#2411 = CARTESIAN_POINT('',(71.528436538783,-8.662739617354,
    115.79167001301));
#2412 = CARTESIAN_POINT('',(71.560519861478,-8.39240133242,
    115.87982235259));
#2413 = CARTESIAN_POINT('',(71.589533352713,-8.138574348161,
    115.99178547669));
#2414 = CARTESIAN_POINT('',(71.61540512026,-7.904538298168,
    116.12282210095));
#2415 = CARTESIAN_POINT('',(71.665381995353,-7.439117508724,
    116.43953443795));
#2416 = CARTESIAN_POINT('',(71.688503892705,-7.213937719335,
    116.63307018433));
#2417 = CARTESIAN_POINT('',(71.708018846996,-7.016471543729,
    116.84252738205));
#2418 = CARTESIAN_POINT('',(71.724366429901,-6.845767756808,
    117.06397526656));
#2419 = CARTESIAN_POINT('',(71.737913811574,-6.70072968933,
    117.29440599462));
#2420 = CARTESIAN_POINT('',(71.74894505653,-6.580333369319,
    117.53150337711));
#2421 = CARTESIAN_POINT('',(71.772193334586,-6.323037575255,
    118.1762317947));
#2422 = CARTESIAN_POINT('',(71.780331097908,-6.228289456948,
    118.5925072943));
#2423 = CARTESIAN_POINT('',(71.783065803037,-6.195576541565,
    119.0145330543));
#2424 = CARTESIAN_POINT('',(71.780705832585,-6.223467635805,
    119.43729807572));
#2425 = CARTESIAN_POINT('',(71.77309813039,-6.312766674372,
    119.85566146641));
#2426 = CARTESIAN_POINT('',(71.759587747318,-6.466372112894,
    120.263386026));
#2427 = CARTESIAN_POINT('',(71.726467355997,-6.821595857503,
    120.88083387065));
#2428 = CARTESIAN_POINT('',(71.711471458533,-6.979327244443,
    121.10483408571));
#2429 = CARTESIAN_POINT('',(71.693575302746,-7.162963675431,
    121.31925106698));
#2430 = CARTESIAN_POINT('',(71.672434444053,-7.373364170846,
    121.52071434883));
#2431 = CARTESIAN_POINT('',(71.647651024324,-7.611142259852,
    121.70513998112));
#2432 = CARTESIAN_POINT('',(71.618786844627,-7.876439131759,
    121.86755507805));
#2433 = CARTESIAN_POINT('',(71.554932447607,-8.436032035717,
    122.12472443135));
#2434 = CARTESIAN_POINT('',(71.520417386968,-8.728147689648,
    122.22500357135));
#2435 = CARTESIAN_POINT('',(71.482231417216,-9.038660819383,
    122.29430012344));
#2436 = CARTESIAN_POINT('',(71.440976496135,-9.359711944842,
    122.32745459543));
#2437 = CARTESIAN_POINT('',(71.397639053106,-9.682567353999,
    122.32251592994));
#2438 = CARTESIAN_POINT('',(71.353523778861,-9.998487795079,
    122.28080237442));
#2439 = CARTESIAN_POINT('',(71.261591948222,-10.63497901611,
    122.12479805538));
#2440 = CARTESIAN_POINT('',(71.21458595895,-10.94742581982,
    122.00395468606));
#2441 = CARTESIAN_POINT('',(71.169928007728,-11.23376790165,
    121.85122692434));
#2442 = CARTESIAN_POINT('',(71.128412810648,-11.49210689519,
    121.67281195135));
#2443 = CARTESIAN_POINT('',(71.090646096527,-11.72152503106,
    121.47451642414));
#2444 = CARTESIAN_POINT('',(71.057021580466,-11.92194096659,
    121.26182865303));
#2445 = CARTESIAN_POINT('',(70.99284676553,-12.29883517772,
    120.7759859452));
#2446 = CARTESIAN_POINT('',(70.963720952378,-12.46572758411,
    120.49625045494));
#2447 = CARTESIAN_POINT('',(70.940462842835,-12.59675980767,
    120.20598972238));
#2448 = CARTESIAN_POINT('',(70.923068014506,-12.69371952368,
    119.90883611667));
#2449 = CARTESIAN_POINT('',(70.911485438918,-12.75793084413,
    119.60742401801));
#2450 = CARTESIAN_POINT('',(70.905685605216,-12.79008400497,
    119.30384177127));
#2451 = CARTESIAN_POINT('',(70.905685605216,-12.79008400497,
    118.75830095244));
#2452 = CARTESIAN_POINT('',(70.909355777586,-12.76973739659,
    118.51668230106));
#2453 = CARTESIAN_POINT('',(70.916691373282,-12.72906995842,
    118.27617229768));
#2454 = CARTESIAN_POINT('',(70.927702612457,-12.66781581465,
    118.03783468482));
#2455 = CARTESIAN_POINT('',(70.942406726472,-12.58545794377,
    117.80290896835));
#2456 = CARTESIAN_POINT('',(70.960813265064,-12.48126902504,
    117.57295473289));
#2457 = CARTESIAN_POINT('',(71.007337143171,-12.21396243179,
    117.10337578941));
#2458 = CARTESIAN_POINT('',(71.036378694279,-12.04518414942,
    116.86429973415));
#2459 = CARTESIAN_POINT('',(71.070002875727,-11.84676626435,
    116.63631546053));
#2460 = CARTESIAN_POINT('',(71.108057427328,-11.61766507092,
    116.42374147122));
#2461 = CARTESIAN_POINT('',(71.15022648591,-11.35720198111,
    116.23177589668));
#2462 = CARTESIAN_POINT('',(71.195970583752,-11.06536434389,
    116.06671755078));
#2463 = CARTESIAN_POINT('',(71.268391508617,-10.58510743762,
    115.87230613539));
#2464 = CARTESIAN_POINT('',(71.292917696681,-10.41968181418,
    115.81668303356));
#2465 = CARTESIAN_POINT('',(71.317863760896,-10.24823615051,
    115.77079618186));
#2466 = CARTESIAN_POINT('',(71.342985615241,-10.07203791266,
    115.73563840862));
#2467 = CARTESIAN_POINT('',(71.368042249346,-9.892469938376,
    115.71190783403));
#2468 = CARTESIAN_POINT('',(71.392807142077,-9.710987091775,115.7));
#2469 = CARTESIAN_POINT('',(71.417079675124,-9.529072918026,115.7));
#2470 = PCURVE('',#49,#2471);
#2471 = DEFINITIONAL_REPRESENTATION('',(#2472),#2535);
#2472 = B_SPLINE_CURVE_WITH_KNOTS('',7,(#2473,#2474,#2475,#2476,#2477,
    #2478,#2479,#2480,#2481,#2482,#2483,#2484,#2485,#2486,#2487,#2488,
    #2489,#2490,#2491,#2492,#2493,#2494,#2495,#2496,#2497,#2498,#2499,
    #2500,#2501,#2502,#2503,#2504,#2505,#2506,#2507,#2508,#2509,#2510,
    #2511,#2512,#2513,#2514,#2515,#2516,#2517,#2518,#2519,#2520,#2521,
    #2522,#2523,#2524,#2525,#2526,#2527,#2528,#2529,#2530,#2531,#2532,
    #2533,#2534),.UNSPECIFIED.,.T.,.F.,(1,7,6,6,6,6,6,6,6,6,6,7,1),(
    -5.1294241944E-02,0.,8.234476002286E-02,0.180750257497,
    0.344502045072,0.442272590098,0.531818538693,0.631499902151,
    0.750063653104,0.844378353679,0.948705758056,1.,1.082344760023),
  .UNSPECIFIED.);
#2473 = CARTESIAN_POINT('',(6.150540284028,24.7));
#2474 = CARTESIAN_POINT('',(6.154645494861,24.7));
#2475 = CARTESIAN_POINT('',(6.158709462826,24.730929323753));
#2476 = CARTESIAN_POINT('',(6.162663237607,24.791670013014));
#2477 = CARTESIAN_POINT('',(6.166441592887,24.879822352593));
#2478 = CARTESIAN_POINT('',(6.169987419966,24.99178547669));
#2479 = CARTESIAN_POINT('',(6.173255436257,25.122822100953));
#2480 = CARTESIAN_POINT('',(6.179752262861,25.439534437951));
#2481 = CARTESIAN_POINT('',(6.182893988539,25.633070184339));
#2482 = CARTESIAN_POINT('',(6.185647995918,25.842527382055));
#2483 = CARTESIAN_POINT('',(6.188028062738,26.063975266568));
#2484 = CARTESIAN_POINT('',(6.190049839445,26.294405994626));
#2485 = CARTESIAN_POINT('',(6.191727848252,26.531503377112));
#2486 = CARTESIAN_POINT('',(6.195313468965,27.176231794706));
#2487 = CARTESIAN_POINT('',(6.196633330627,27.592507294302));
#2488 = CARTESIAN_POINT('',(6.197088951504,28.0145330543));
#2489 = CARTESIAN_POINT('',(6.196700459451,28.43729807572));
#2490 = CARTESIAN_POINT('',(6.195456558885,28.85566146641));
#2491 = CARTESIAN_POINT('',(6.193316429035,29.263386026001));
#2492 = CARTESIAN_POINT('',(6.188364805929,29.880833870657));
#2493 = CARTESIAN_POINT('',(6.186165744554,30.104834085711));
#2494 = CARTESIAN_POINT('',(6.183604946216,30.319251066989));
#2495 = CARTESIAN_POINT('',(6.180670067167,30.52071434883));
#2496 = CARTESIAN_POINT('',(6.177352054755,30.705139981129));
#2497 = CARTESIAN_POINT('',(6.173648254821,30.867555078059));
#2498 = CARTESIAN_POINT('',(6.165831123784,31.12472443135));
#2499 = CARTESIAN_POINT('',(6.161748605773,31.225003571354));
#2500 = CARTESIAN_POINT('',(6.157406535992,31.294300123449));
#2501 = CARTESIAN_POINT('',(6.152914068021,31.327454595436));
#2502 = CARTESIAN_POINT('',(6.148392996333,31.32251592994));
#2503 = CARTESIAN_POINT('',(6.143965761173,31.280802374427));
#2504 = CARTESIAN_POINT('',(6.135040069917,31.124798055385));
#2505 = CARTESIAN_POINT('',(6.130654817255,31.003954686066));
#2506 = CARTESIAN_POINT('',(6.126632646089,30.851226924346));
#2507 = CARTESIAN_POINT('',(6.123001144721,30.672811951352));
#2508 = CARTESIAN_POINT('',(6.119774162499,30.474516424143));
#2509 = CARTESIAN_POINT('',(6.116953670915,30.261828653036));
#2510 = CARTESIAN_POINT('',(6.111647372721,29.775985945207));
#2511 = CARTESIAN_POINT('',(6.109296041673,29.496250454948));
#2512 = CARTESIAN_POINT('',(6.107448992365,29.205989722382));
#2513 = CARTESIAN_POINT('',(6.106081780281,28.90883611668));
#2514 = CARTESIAN_POINT('',(6.105176192342,28.607424018019));
#2515 = CARTESIAN_POINT('',(6.104722728588,28.303841771272));
#2516 = CARTESIAN_POINT('',(6.104722728588,27.758300952444));
#2517 = CARTESIAN_POINT('',(6.105009681797,27.516682301068));
#2518 = CARTESIAN_POINT('',(6.105583224219,27.276172297682));
#2519 = CARTESIAN_POINT('',(6.106447012996,27.037834684821));
#2520 = CARTESIAN_POINT('',(6.107608152089,26.802908968354));
#2521 = CARTESIAN_POINT('',(6.109076604336,26.572954732893));
#2522 = CARTESIAN_POINT('',(6.112842392761,26.103375789412));
#2523 = CARTESIAN_POINT('',(6.115219329958,25.864299734156));
#2524 = CARTESIAN_POINT('',(6.118012468178,25.636315460539));
#2525 = CARTESIAN_POINT('',(6.121235753741,25.423741471227));
#2526 = CARTESIAN_POINT('',(6.124897793874,25.231775896681));
#2527 = CARTESIAN_POINT('',(6.128997668542,25.06671755078));
#2528 = CARTESIAN_POINT('',(6.135738634723,24.872306135391));
#2529 = CARTESIAN_POINT('',(6.138059708704,24.816683033566));
#2530 = CARTESIAN_POINT('',(6.140464288538,24.770796181869));
#2531 = CARTESIAN_POINT('',(6.142934500414,24.735638408626));
#2532 = CARTESIAN_POINT('',(6.145450897894,24.711907834032));
#2533 = CARTESIAN_POINT('',(6.147993075789,24.7));
#2534 = CARTESIAN_POINT('',(6.150540284028,24.7));
#2535 = ( GEOMETRIC_REPRESENTATION_CONTEXT(2) 
PARAMETRIC_REPRESENTATION_CONTEXT() REPRESENTATION_CONTEXT('2D SPACE',''
  ) );
#2536 = PCURVE('',#2537,#2542);
#2537 = CYLINDRICAL_SURFACE('',#2538,3.3);
#2538 = AXIS2_PLACEMENT_3D('',#2539,#2540,#2541);
#2539 = CARTESIAN_POINT('',(66.262758865816,-8.841339688689,119.));
#2540 = DIRECTION('',(0.991215540252,-0.132256390257,2.220446049249E-16)
  );
#2541 = DIRECTION('',(2.200940630306E-16,-2.936681792343E-17,-1.));
#2542 = DEFINITIONAL_REPRESENTATION('',(#2543),#2606);
#2543 = B_SPLINE_CURVE_WITH_KNOTS('',7,(#2544,#2545,#2546,#2547,#2548,
    #2549,#2550,#2551,#2552,#2553,#2554,#2555,#2556,#2557,#2558,#2559,
    #2560,#2561,#2562,#2563,#2564,#2565,#2566,#2567,#2568,#2569,#2570,
    #2571,#2572,#2573,#2574,#2575,#2576,#2577,#2578,#2579,#2580,#2581,
    #2582,#2583,#2584,#2585,#2586,#2587,#2588,#2589,#2590,#2591,#2592,
    #2593,#2594,#2595,#2596,#2597,#2598,#2599,#2600,#2601,#2602,#2603,
    #2604,#2605),.UNSPECIFIED.,.F.,.F.,(8,6,6,6,6,6,6,6,6,6,8),(0.,
    8.234476002286E-02,0.180750257497,0.344502045072,0.442272590098,
    0.531818538693,0.631499902151,0.750063653104,0.844378353679,
    0.948705758056,1.),.UNSPECIFIED.);
#2544 = CARTESIAN_POINT('',(0.,5.2));
#2545 = CARTESIAN_POINT('',(8.963043651515E-02,5.2));
#2546 = CARTESIAN_POINT('',(0.178360296358,5.198583730827));
#2547 = CARTESIAN_POINT('',(0.265858453862,5.195800538666));
#2548 = CARTESIAN_POINT('',(0.35176641066,5.191848060991));
#2549 = CARTESIAN_POINT('',(0.435661100352,5.187036443692));
#2550 = CARTESIAN_POINT('',(0.516992865743,5.181728178577));
#2551 = CARTESIAN_POINT('',(0.688218795722,5.16971116026));
#2552 = CARTESIAN_POINT('',(0.7778726317,5.162848478131));
#2553 = CARTESIAN_POINT('',(0.864536688759,5.156075840508));
#2554 = CARTESIAN_POINT('',(0.948673728888,5.149703152068));
#2555 = CARTESIAN_POINT('',(1.030695537514,5.143949316058));
#2556 = CARTESIAN_POINT('',(1.11100211375,5.138960474801));
#2557 = CARTESIAN_POINT('',(1.321449115211,5.127975516343));
#2558 = CARTESIAN_POINT('',(1.449255850659,5.1235107497));
#2559 = CARTESIAN_POINT('',(1.575383200607,5.121894939819));
#2560 = CARTESIAN_POINT('',(1.701378240256,5.123244475876));
#2561 = CARTESIAN_POINT('',(1.828775163319,5.127513971729));
#2562 = CARTESIAN_POINT('',(1.959115295144,5.134437570897));
#2563 = CARTESIAN_POINT('',(2.175166009885,5.148588734515));
#2564 = CARTESIAN_POINT('',(2.257939977979,5.154585551776));
#2565 = CARTESIAN_POINT('',(2.34300892598,5.161133695531));
#2566 = CARTESIAN_POINT('',(2.430674706261,5.168005357892));
#2567 = CARTESIAN_POINT('',(2.521293970556,5.17488731885));
#2568 = CARTESIAN_POINT('',(2.615277331164,5.181363902004));
#2569 = CARTESIAN_POINT('',(2.802873119999,5.192080168855));
#2570 = CARTESIAN_POINT('',(2.896567777122,5.196502466303));
#2571 = CARTESIAN_POINT('',(2.992701803776,5.199719285331));
#2572 = CARTESIAN_POINT('',(3.090107601299,5.201287829385));
#2573 = CARTESIAN_POINT('',(3.187787450013,5.20103077337));
#2574 = CARTESIAN_POINT('',(3.28470292844,5.199085525122));
#2575 = CARTESIAN_POINT('',(3.485221462216,5.192141297274));
#2576 = CARTESIAN_POINT('',(3.586889321534,5.186871316629));
#2577 = CARTESIAN_POINT('',(3.685047909667,5.180476231503));
#2578 = CARTESIAN_POINT('',(3.779948012171,5.173492705748));
#2579 = CARTESIAN_POINT('',(3.871737612795,5.166399766318));
#2580 = CARTESIAN_POINT('',(3.960444617756,5.159576911648));
#2581 = CARTESIAN_POINT('',(4.147741206197,5.145812505662));
#2582 = CARTESIAN_POINT('',(4.246083075448,5.139015134274));
#2583 = CARTESIAN_POINT('',(4.341848367017,5.133291183554));
#2584 = CARTESIAN_POINT('',(4.435708799038,5.128872701435));
#2585 = CARTESIAN_POINT('',(4.528321205995,5.125884229972));
#2586 = CARTESIAN_POINT('',(4.620315716363,5.124387805663));
#2587 = CARTESIAN_POINT('',(4.785631116008,5.124387805663));
#2588 = CARTESIAN_POINT('',(4.858849139397,5.125334768574));
#2589 = CARTESIAN_POINT('',(4.932371858939,5.127227396451));
#2590 = CARTESIAN_POINT('',(5.006519731932,5.130040655895));
#2591 = CARTESIAN_POINT('',(5.081609891257,5.133723247501));
#2592 = CARTESIAN_POINT('',(5.157973831709,5.1381884443));
#2593 = CARTESIAN_POINT('',(5.322283849541,5.148950630157));
#2594 = CARTESIAN_POINT('',(5.410954653824,5.155415060548));
#2595 = CARTESIAN_POINT('',(5.502308547079,5.162501838486));
#2596 = CARTESIAN_POINT('',(5.596671583691,5.169922004564));
#2597 = CARTESIAN_POINT('',(5.694450416772,5.177272722694));
#2598 = CARTESIAN_POINT('',(5.79612186303,5.18401759091));
#2599 = CARTESIAN_POINT('',(5.954632762424,5.192285292256));
#2600 = CARTESIAN_POINT('',(6.00793920697,5.194717435196));
#2601 = CARTESIAN_POINT('',(6.062076296351,5.196769577112));
#2602 = CARTESIAN_POINT('',(6.116845293574,5.198367406631));
#2603 = CARTESIAN_POINT('',(6.172067077481,5.199454919657));
#2604 = CARTESIAN_POINT('',(6.22757126063,5.2));
#2605 = CARTESIAN_POINT('',(6.28318530718,5.2));
#2606 = ( GEOMETRIC_REPRESENTATION_CONTEXT(2) 
PARAMETRIC_REPRESENTATION_CONTEXT() REPRESENTATION_CONTEXT('2D SPACE',''
  ) );
#2607 = ADVANCED_FACE('',(#2608,#2611),#61,.T.);
#2608 = FACE_BOUND('',#2609,.T.);
#2609 = EDGE_LOOP('',(#2610));
#2610 = ORIENTED_EDGE('',*,*,#39,.T.);
#2611 = FACE_BOUND('',#2612,.T.);
#2612 = EDGE_LOOP('',(#2613));
#2613 = ORIENTED_EDGE('',*,*,#2614,.F.);
#2614 = EDGE_CURVE('',#2615,#2615,#2617,.T.);
#2615 = VERTEX_POINT('',#2616);
#2616 = CARTESIAN_POINT('',(70.85,-1.735324514392E-14,126.));
#2617 = SURFACE_CURVE('',#2618,(#2623,#2630),.PCURVE_S1.);
#2618 = CIRCLE('',#2619,70.85);
#2619 = AXIS2_PLACEMENT_3D('',#2620,#2621,#2622);
#2620 = CARTESIAN_POINT('',(0.,0.,126.));
#2621 = DIRECTION('',(0.,0.,1.));
#2622 = DIRECTION('',(1.,0.,-0.));
#2623 = PCURVE('',#61,#2624);
#2624 = DEFINITIONAL_REPRESENTATION('',(#2625),#2629);
#2625 = CIRCLE('',#2626,70.85);
#2626 = AXIS2_PLACEMENT_2D('',#2627,#2628);
#2627 = CARTESIAN_POINT('',(0.,0.));
#2628 = DIRECTION('',(1.,0.));
#2629 = ( GEOMETRIC_REPRESENTATION_CONTEXT(2) 
PARAMETRIC_REPRESENTATION_CONTEXT() REPRESENTATION_CONTEXT('2D SPACE',''
  ) );
#2630 = PCURVE('',#2631,#2636);
#2631 = CYLINDRICAL_SURFACE('',#2632,70.85);
#2632 = AXIS2_PLACEMENT_3D('',#2633,#2634,#2635);
#2633 = CARTESIAN_POINT('',(0.,0.,91.));
#2634 = DIRECTION('',(0.,0.,1.));
#2635 = DIRECTION('',(1.,0.,-0.));
#2636 = DEFINITIONAL_REPRESENTATION('',(#2637),#2641);
#2637 = LINE('',#2638,#2639);
#2638 = CARTESIAN_POINT('',(0.,35.));
#2639 = VECTOR('',#2640,1.);
#2640 = DIRECTION('',(1.,0.));
#2641 = ( GEOMETRIC_REPRESENTATION_CONTEXT(2) 
PARAMETRIC_REPRESENTATION_CONTEXT() REPRESENTATION_CONTEXT('2D SPACE',''
  ) );
#2642 = ADVANCED_FACE('',(#2643,#2646),#111,.F.);
#2643 = FACE_BOUND('',#2644,.F.);
#2644 = EDGE_LOOP('',(#2645));
#2645 = ORIENTED_EDGE('',*,*,#96,.T.);
#2646 = FACE_BOUND('',#2647,.F.);
#2647 = EDGE_LOOP('',(#2648));
#2648 = ORIENTED_EDGE('',*,*,#2649,.F.);
#2649 = EDGE_CURVE('',#2650,#2650,#2652,.T.);
#2650 = VERTEX_POINT('',#2651);
#2651 = CARTESIAN_POINT('',(70.85,-1.735324514392E-14,91.));
#2652 = SURFACE_CURVE('',#2653,(#2658,#2665),.PCURVE_S1.);
#2653 = CIRCLE('',#2654,70.85);
#2654 = AXIS2_PLACEMENT_3D('',#2655,#2656,#2657);
#2655 = CARTESIAN_POINT('',(0.,0.,91.));
#2656 = DIRECTION('',(0.,0.,1.));
#2657 = DIRECTION('',(1.,0.,-0.));
#2658 = PCURVE('',#111,#2659);
#2659 = DEFINITIONAL_REPRESENTATION('',(#2660),#2664);
#2660 = CIRCLE('',#2661,70.85);
#2661 = AXIS2_PLACEMENT_2D('',#2662,#2663);
#2662 = CARTESIAN_POINT('',(0.,0.));
#2663 = DIRECTION('',(1.,0.));
#2664 = ( GEOMETRIC_REPRESENTATION_CONTEXT(2) 
PARAMETRIC_REPRESENTATION_CONTEXT() REPRESENTATION_CONTEXT('2D SPACE',''
  ) );
#2665 = PCURVE('',#2631,#2666);
#2666 = DEFINITIONAL_REPRESENTATION('',(#2667),#2671);
#2667 = LINE('',#2668,#2669);
#2668 = CARTESIAN_POINT('',(0.,0.));
#2669 = VECTOR('',#2670,1.);
#2670 = DIRECTION('',(1.,0.));
#2671 = ( GEOMETRIC_REPRESENTATION_CONTEXT(2) 
PARAMETRIC_REPRESENTATION_CONTEXT() REPRESENTATION_CONTEXT('2D SPACE',''
  ) );
#2672 = ADVANCED_FACE('',(#2673),#260,.F.);
#2673 = FACE_BOUND('',#2674,.F.);
#2674 = EDGE_LOOP('',(#2675,#2676,#2699,#2897));
#2675 = ORIENTED_EDGE('',*,*,#126,.F.);
#2676 = ORIENTED_EDGE('',*,*,#2677,.F.);
#2677 = EDGE_CURVE('',#2678,#127,#2680,.T.);
#2678 = VERTEX_POINT('',#2679);
#2679 = CARTESIAN_POINT('',(43.228784862405,56.133721231715,95.7));
#2680 = SEAM_CURVE('',#2681,(#2685,#2692),.PCURVE_S1.);
#2681 = LINE('',#2682,#2683);
#2682 = CARTESIAN_POINT('',(40.7882042068,52.964562658294,95.7));
#2683 = VECTOR('',#2684,1.);
#2684 = DIRECTION('',(0.610145163901,0.792289643355,2.220446049251E-16)
  );
#2685 = PCURVE('',#260,#2686);
#2686 = DEFINITIONAL_REPRESENTATION('',(#2687),#2691);
#2687 = LINE('',#2688,#2689);
#2688 = CARTESIAN_POINT('',(0.,-0.));
#2689 = VECTOR('',#2690,1.);
#2690 = DIRECTION('',(0.,1.));
#2691 = ( GEOMETRIC_REPRESENTATION_CONTEXT(2) 
PARAMETRIC_REPRESENTATION_CONTEXT() REPRESENTATION_CONTEXT('2D SPACE',''
  ) );
#2692 = PCURVE('',#260,#2693);
#2693 = DEFINITIONAL_REPRESENTATION('',(#2694),#2698);
#2694 = LINE('',#2695,#2696);
#2695 = CARTESIAN_POINT('',(6.28318530718,-0.));
#2696 = VECTOR('',#2697,1.);
#2697 = DIRECTION('',(0.,1.));
#2698 = ( GEOMETRIC_REPRESENTATION_CONTEXT(2) 
PARAMETRIC_REPRESENTATION_CONTEXT() REPRESENTATION_CONTEXT('2D SPACE',''
  ) );
#2699 = ORIENTED_EDGE('',*,*,#2700,.T.);
#2700 = EDGE_CURVE('',#2678,#2678,#2701,.T.);
#2701 = SURFACE_CURVE('',#2702,(#2765,#2831),.PCURVE_S1.);
#2702 = B_SPLINE_CURVE_WITH_KNOTS('',7,(#2703,#2704,#2705,#2706,#2707,
    #2708,#2709,#2710,#2711,#2712,#2713,#2714,#2715,#2716,#2717,#2718,
    #2719,#2720,#2721,#2722,#2723,#2724,#2725,#2726,#2727,#2728,#2729,
    #2730,#2731,#2732,#2733,#2734,#2735,#2736,#2737,#2738,#2739,#2740,
    #2741,#2742,#2743,#2744,#2745,#2746,#2747,#2748,#2749,#2750,#2751,
    #2752,#2753,#2754,#2755,#2756,#2757,#2758,#2759,#2760,#2761,#2762,
    #2763,#2764),.UNSPECIFIED.,.T.,.F.,(1,7,6,6,6,6,6,6,6,6,6,7,1),(
    -5.1294162681E-02,0.,8.234485369864E-02,0.18075076398,0.344501881556
    ,0.442272981095,0.531818781488,0.631500510229,0.7500637982,
    0.844378003168,0.948705837319,1.,1.082344853699),.UNSPECIFIED.);
#2703 = CARTESIAN_POINT('',(43.228784862405,56.133721231715,95.7));
#2704 = CARTESIAN_POINT('',(42.994439665589,56.314191328377,95.7));
#2705 = CARTESIAN_POINT('',(42.761570662659,56.491706739229,
    95.730929698242));
#2706 = CARTESIAN_POINT('',(42.534150782405,56.663271254678,
    95.79167082418));
#2707 = CARTESIAN_POINT('',(42.316031918027,56.826172196592,
    95.879823477915));
#2708 = CARTESIAN_POINT('',(42.110668780226,56.978147160463,
    95.991786676095));
#2709 = CARTESIAN_POINT('',(41.92086938701,57.117498952057,
    96.12282300492));
#2710 = CARTESIAN_POINT('',(41.542669067812,57.393327953842,
    96.439533884839));
#2711 = CARTESIAN_POINT('',(41.359148074603,57.525849500166,
    96.633068991563));
#2712 = CARTESIAN_POINT('',(41.197824959782,57.641391911493,
    96.842525600656));
#2713 = CARTESIAN_POINT('',(41.058098913328,57.740815653004,
    97.063973124918));
#2714 = CARTESIAN_POINT('',(40.939206081495,57.824989957111,
    97.294403912747));
#2715 = CARTESIAN_POINT('',(40.84040332258,57.89467472158,
    97.531501957946));
#2716 = CARTESIAN_POINT('',(40.629088891232,58.043308637507,
    98.176230819139));
#2717 = CARTESIAN_POINT('',(40.551056848396,58.097670448561,
    98.592506692694));
#2718 = CARTESIAN_POINT('',(40.524076973332,58.116373674633,
    99.014533929315));
#2719 = CARTESIAN_POINT('',(40.547065716879,58.100402244783,
    99.437300537998));
#2720 = CARTESIAN_POINT('',(40.620642050013,58.049221188951,
    99.85566451691));
#2721 = CARTESIAN_POINT('',(40.746985039669,57.960811021638,
    100.26338813681));
#2722 = CARTESIAN_POINT('',(41.038203580344,57.75470662572,
    100.88083486401));
#2723 = CARTESIAN_POINT('',(41.167367356807,57.662934496551,
    101.10483523326));
#2724 = CARTESIAN_POINT('',(41.317520814128,57.555705755745,
    101.31925183184));
#2725 = CARTESIAN_POINT('',(41.489233361182,57.43228949344,
    101.52071468296));
#2726 = CARTESIAN_POINT('',(41.682834386313,57.292030016611,
    101.70514000636));
#2727 = CARTESIAN_POINT('',(41.898222837467,57.134471614962,
    101.86755500252));
#2728 = CARTESIAN_POINT('',(42.351026763022,56.799520474412,
    102.1247235998));
#2729 = CARTESIAN_POINT('',(42.586794115349,56.623631400452,
    102.22500296327));
#2730 = CARTESIAN_POINT('',(42.836646858676,56.435347829394,
    102.29429993208));
#2731 = CARTESIAN_POINT('',(43.094074607601,56.239115080258,
    102.32745468746));
#2732 = CARTESIAN_POINT('',(43.352004866088,56.040152103569,
    102.32251606885));
#2733 = CARTESIAN_POINT('',(43.60352269827,55.843960483658,
    102.28080236689));
#2734 = CARTESIAN_POINT('',(44.108703942475,55.446005300996,
    102.12479762661));
#2735 = CARTESIAN_POINT('',(44.355733635329,55.249002531575,
    102.00395370288));
#2736 = CARTESIAN_POINT('',(44.581317679929,55.06707101352,
    101.85122576615));
#2737 = CARTESIAN_POINT('',(44.784215367608,54.901855037176,
    101.67281108715));
#2738 = CARTESIAN_POINT('',(44.963940037724,54.754344213351,
    101.4745161412));
#2739 = CARTESIAN_POINT('',(45.120622242063,54.624925100109,
    101.26182884831));
#2740 = CARTESIAN_POINT('',(45.414791412464,54.380716811206,
    100.77598771079));
#2741 = CARTESIAN_POINT('',(45.544690937674,54.271955792418,
    100.49625354544));
#2742 = CARTESIAN_POINT('',(45.646480106499,54.186220406947,
    100.20599339552));
#2743 = CARTESIAN_POINT('',(45.721706983365,54.122616375292,
    99.908839551463));
#2744 = CARTESIAN_POINT('',(45.77149379498,54.080439369973,
    99.607426543205));
#2745 = CARTESIAN_POINT('',(45.796424041481,54.059319686922,
    99.303843031787));
#2746 = CARTESIAN_POINT('',(45.796424041481,54.059319686922,
    98.758300276011));
#2747 = CARTESIAN_POINT('',(45.78064816663,54.072684263382,
    98.516680936083));
#2748 = CARTESIAN_POINT('',(45.749116351883,54.099396398525,
    98.276170414048));
#2749 = CARTESIAN_POINT('',(45.701603251763,54.13959749031,
    98.037832612131));
#2750 = CARTESIAN_POINT('',(45.637669308227,54.193560179997,
    97.802907144437));
#2751 = CARTESIAN_POINT('',(45.55668866371,54.261655102303,
    97.572953624942));
#2752 = CARTESIAN_POINT('',(45.348567709713,54.435743904157,
    97.103374703054));
#2753 = CARTESIAN_POINT('',(45.216988872261,54.545370831587,
    96.864298628647));
#2754 = CARTESIAN_POINT('',(45.062039463319,54.673794294249,
    96.636314840586));
#2755 = CARTESIAN_POINT('',(44.882736401635,54.821400467112,
    96.423741388968));
#2756 = CARTESIAN_POINT('',(44.67832971237,54.988249856135,
    96.231776113037));
#2757 = CARTESIAN_POINT('',(44.448532874543,55.173874633472,
    96.066717731563));
#2758 = CARTESIAN_POINT('',(44.068914303063,55.47683228047,
    95.872306409498));
#2759 = CARTESIAN_POINT('',(43.937940047945,55.58081779969,
    95.816683365926));
#2760 = CARTESIAN_POINT('',(43.801958100455,55.68817201501,
    95.770796456109));
#2761 = CARTESIAN_POINT('',(43.661943338788,55.798048785923,
    95.735638578143));
#2762 = CARTESIAN_POINT('',(43.518972277327,55.909547200278,
    95.711907900486));
#2763 = CARTESIAN_POINT('',(43.374191294796,56.02174320415,95.7));
#2764 = CARTESIAN_POINT('',(43.228784862405,56.133721231715,95.7));
#2765 = PCURVE('',#260,#2766);
#2766 = DEFINITIONAL_REPRESENTATION('',(#2767),#2830);
#2767 = B_SPLINE_CURVE_WITH_KNOTS('',7,(#2768,#2769,#2770,#2771,#2772,
    #2773,#2774,#2775,#2776,#2777,#2778,#2779,#2780,#2781,#2782,#2783,
    #2784,#2785,#2786,#2787,#2788,#2789,#2790,#2791,#2792,#2793,#2794,
    #2795,#2796,#2797,#2798,#2799,#2800,#2801,#2802,#2803,#2804,#2805,
    #2806,#2807,#2808,#2809,#2810,#2811,#2812,#2813,#2814,#2815,#2816,
    #2817,#2818,#2819,#2820,#2821,#2822,#2823,#2824,#2825,#2826,#2827,
    #2828,#2829),.UNSPECIFIED.,.F.,.F.,(8,6,6,6,6,6,6,6,6,6,8),(0.,
    8.234485369864E-02,0.18075076398,0.344501881556,0.442272981095,
    0.531818781488,0.631500510229,0.7500637982,0.844378003168,
    0.948705837319,1.),.UNSPECIFIED.);
#2768 = CARTESIAN_POINT('',(0.,4.));
#2769 = CARTESIAN_POINT('',(8.963097851931E-02,4.));
#2770 = CARTESIAN_POINT('',(0.178361136262,3.998559725593));
#2771 = CARTESIAN_POINT('',(0.265859410262,3.995729374239));
#2772 = CARTESIAN_POINT('',(0.351767341845,3.991709933155));
#2773 = CARTESIAN_POINT('',(0.435661880469,3.986816797705));
#2774 = CARTESIAN_POINT('',(0.51699335446,3.981418597086));
#2775 = CARTESIAN_POINT('',(0.68821849669,3.969197962793));
#2776 = CARTESIAN_POINT('',(0.777872082895,3.962218964986));
#2777 = CARTESIAN_POINT('',(0.864535966287,3.955331502515));
#2778 = CARTESIAN_POINT('',(0.948672940314,3.948850731703));
#2779 = CARTESIAN_POINT('',(1.030694823804,3.942999274719));
#2780 = CARTESIAN_POINT('',(1.111001650517,3.937925766375));
#2781 = CARTESIAN_POINT('',(1.321448796774,3.926754400265));
#2782 = CARTESIAN_POINT('',(1.449255693378,3.922213826592));
#2783 = CARTESIAN_POINT('',(1.575383468651,3.920570558613));
#2784 = CARTESIAN_POINT('',(1.701378951778,3.921943030853));
#2785 = CARTESIAN_POINT('',(1.828776096094,3.92628505422));
#2786 = CARTESIAN_POINT('',(1.959116033738,3.933326158422));
#2787 = CARTESIAN_POINT('',(2.17516635747,3.947717364318));
#2788 = CARTESIAN_POINT('',(2.257940416912,3.953815910389));
#2789 = CARTESIAN_POINT('',(2.343009271486,3.960475095405));
#2790 = CARTESIAN_POINT('',(2.430674892254,3.967463249126));
#2791 = CARTESIAN_POINT('',(2.521294015675,3.974461847462));
#2792 = CARTESIAN_POINT('',(2.615277276067,3.981048179443));
#2793 = CARTESIAN_POINT('',(2.80287251342,3.991945985129));
#2794 = CARTESIAN_POINT('',(2.896567056647,3.996443203279));
#2795 = CARTESIAN_POINT('',(2.992701188675,3.999714522944));
#2796 = CARTESIAN_POINT('',(3.090107195557,4.001309644177));
#2797 = CARTESIAN_POINT('',(3.187787283893,4.001048238175));
#2798 = CARTESIAN_POINT('',(3.284702938126,3.999070038548));
#2799 = CARTESIAN_POINT('',(3.485222013332,3.99200816185));
#2800 = CARTESIAN_POINT('',(3.586890025528,3.98664888036));
#2801 = CARTESIAN_POINT('',(3.685048513913,3.980145436672));
#2802 = CARTESIAN_POINT('',(3.779948376173,3.973043572602));
#2803 = CARTESIAN_POINT('',(3.871737710116,3.965830412907));
#2804 = CARTESIAN_POINT('',(3.960444542476,3.95889187908));
#2805 = CARTESIAN_POINT('',(4.147740525547,3.94489407765));
#2806 = CARTESIAN_POINT('',(4.246082011102,3.937981415963));
#2807 = CARTESIAN_POINT('',(4.341847190323,3.932160327082));
#2808 = CARTESIAN_POINT('',(4.435707742365,3.927666826641));
#2809 = CARTESIAN_POINT('',(4.528320440778,3.924627604472));
#2810 = CARTESIAN_POINT('',(4.620315334389,3.923105767657));
#2811 = CARTESIAN_POINT('',(4.785631320987,3.923105767657));
#2812 = CARTESIAN_POINT('',(4.858849553043,3.924068809427));
#2813 = CARTESIAN_POINT('',(4.932372435104,3.925993573176));
#2814 = CARTESIAN_POINT('',(5.006520381826,3.928854593589));
#2815 = CARTESIAN_POINT('',(5.081610488686,3.932599687297));
#2816 = CARTESIAN_POINT('',(5.157974219391,3.937140640384));
#2817 = CARTESIAN_POINT('',(5.322284229668,3.948085401529));
#2818 = CARTESIAN_POINT('',(5.410955084828,3.954659489423));
#2819 = CARTESIAN_POINT('',(5.502308843806,3.961866436338));
#2820 = CARTESIAN_POINT('',(5.596671675802,3.969412382434));
#2821 = CARTESIAN_POINT('',(5.694450331628,3.976887672432));
#2822 = CARTESIAN_POINT('',(5.79612171563,3.983746831787));
#2823 = CARTESIAN_POINT('',(5.954632538934,3.992154602362));
#2824 = CARTESIAN_POINT('',(6.007938868186,3.994627943944));
#2825 = CARTESIAN_POINT('',(6.062075922274,3.996714849273));
#2826 = CARTESIAN_POINT('',(6.116844945602,3.998339747207));
#2827 = CARTESIAN_POINT('',(6.172066805305,3.999445684423));
#2828 = CARTESIAN_POINT('',(6.227571106439,4.));
#2829 = CARTESIAN_POINT('',(6.28318530718,4.));
#2830 = ( GEOMETRIC_REPRESENTATION_CONTEXT(2) 
PARAMETRIC_REPRESENTATION_CONTEXT() REPRESENTATION_CONTEXT('2D SPACE',''
  ) );
#2831 = PCURVE('',#2631,#2832);
#2832 = DEFINITIONAL_REPRESENTATION('',(#2833),#2896);
#2833 = B_SPLINE_CURVE_WITH_KNOTS('',7,(#2834,#2835,#2836,#2837,#2838,
    #2839,#2840,#2841,#2842,#2843,#2844,#2845,#2846,#2847,#2848,#2849,
    #2850,#2851,#2852,#2853,#2854,#2855,#2856,#2857,#2858,#2859,#2860,
    #2861,#2862,#2863,#2864,#2865,#2866,#2867,#2868,#2869,#2870,#2871,
    #2872,#2873,#2874,#2875,#2876,#2877,#2878,#2879,#2880,#2881,#2882,
    #2883,#2884,#2885,#2886,#2887,#2888,#2889,#2890,#2891,#2892,#2893,
    #2894,#2895),.UNSPECIFIED.,.T.,.F.,(1,7,6,6,6,6,6,6,6,6,6,7,1),(
    -5.1294162681E-02,0.,8.234485369864E-02,0.18075076398,0.344501881556
    ,0.442272981095,0.531818781488,0.631500510229,0.7500637982,
    0.844378003168,0.948705837319,1.,1.082344853699),.UNSPECIFIED.);
#2834 = CARTESIAN_POINT('',(0.914552528045,4.7));
#2835 = CARTESIAN_POINT('',(0.918727294864,4.7));
#2836 = CARTESIAN_POINT('',(0.92286010891,4.730929698242));
#2837 = CARTESIAN_POINT('',(0.926880857874,4.79167082418));
#2838 = CARTESIAN_POINT('',(0.930723216598,4.879823477915));
#2839 = CARTESIAN_POINT('',(0.934329112071,4.991786676095));
#2840 = CARTESIAN_POINT('',(0.937652494125,5.12282300492));
#2841 = CARTESIAN_POINT('',(0.944259402753,5.439533884839));
#2842 = CARTESIAN_POINT('',(0.94745438152,5.633068991563));
#2843 = CARTESIAN_POINT('',(0.95025508549,5.842525600656));
#2844 = CARTESIAN_POINT('',(0.952675522019,6.063973124918));
#2845 = CARTESIAN_POINT('',(0.95473160214,6.294403912747));
#2846 = CARTESIAN_POINT('',(0.956438089405,6.531501957946));
#2847 = CARTESIAN_POINT('',(0.960084555786,7.176230819139));
#2848 = CARTESIAN_POINT('',(0.961426829424,7.592506692694));
#2849 = CARTESIAN_POINT('',(0.961890191297,8.014533929315));
#2850 = CARTESIAN_POINT('',(0.961495097475,8.437300537998));
#2851 = CARTESIAN_POINT('',(0.960230066915,8.85566451691));
#2852 = CARTESIAN_POINT('',(0.958053610309,9.263388136817));
#2853 = CARTESIAN_POINT('',(0.953017994189,9.880834864015));
#2854 = CARTESIAN_POINT('',(0.950781627445,10.104835233262));
#2855 = CARTESIAN_POINT('',(0.948177401247,10.319251831849));
#2856 = CARTESIAN_POINT('',(0.945192765509,10.520714682962));
#2857 = CARTESIAN_POINT('',(0.941818514402,10.705140006368));
#2858 = CARTESIAN_POINT('',(0.938051950853,10.867555002528));
#2859 = CARTESIAN_POINT('',(0.93010239377,11.124723599809));
#2860 = CARTESIAN_POINT('',(0.925950721665,11.225002963272));
#2861 = CARTESIAN_POINT('',(0.921535100572,11.294299932081));
#2862 = CARTESIAN_POINT('',(0.916966535085,11.327454687466));
#2863 = CARTESIAN_POINT('',(0.912368881328,11.322516068857));
#2864 = CARTESIAN_POINT('',(0.907866652065,11.28080236689));
#2865 = CARTESIAN_POINT('',(0.898789742081,11.124797626614));
#2866 = CARTESIAN_POINT('',(0.894330191568,11.003953702888));
#2867 = CARTESIAN_POINT('',(0.890239871864,10.851225766157));
#2868 = CARTESIAN_POINT('',(0.886546831368,10.672811087158));
#2869 = CARTESIAN_POINT('',(0.883265151704,10.474516141201));
#2870 = CARTESIAN_POINT('',(0.880396838337,10.261828848312));
#2871 = CARTESIAN_POINT('',(0.87500056417,9.775987710795));
#2872 = CARTESIAN_POINT('',(0.872609348157,9.496253545442));
#2873 = CARTESIAN_POINT('',(0.870730951191,9.205993395529));
#2874 = CARTESIAN_POINT('',(0.869340525865,8.908839551463));
#2875 = CARTESIAN_POINT('',(0.868419559067,8.607426543205));
#2876 = CARTESIAN_POINT('',(0.867958394526,8.303843031787));
#2877 = CARTESIAN_POINT('',(0.867958394526,7.758300276011));
#2878 = CARTESIAN_POINT('',(0.868250220033,7.516680936083));
#2879 = CARTESIAN_POINT('',(0.868833500901,7.276170414047));
#2880 = CARTESIAN_POINT('',(0.869711954411,7.037832612131));
#2881 = CARTESIAN_POINT('',(0.870892801305,6.802907144437));
#2882 = CARTESIAN_POINT('',(0.872386168319,6.572953624942));
#2883 = CARTESIAN_POINT('',(0.876215841527,6.103374703054));
#2884 = CARTESIAN_POINT('',(0.8786331004,5.864298628647));
#2885 = CARTESIAN_POINT('',(0.881473604295,5.636314840586));
#2886 = CARTESIAN_POINT('',(0.884751532648,5.423741388968));
#2887 = CARTESIAN_POINT('',(0.888475637024,5.231776113037));
#2888 = CARTESIAN_POINT('',(0.892644983465,5.066717731563));
#2889 = CARTESIAN_POINT('',(0.899500153329,4.872306409498));
#2890 = CARTESIAN_POINT('',(0.901860542619,4.816683365926));
#2891 = CARTESIAN_POINT('',(0.904305852677,4.770796456109));
#2892 = CARTESIAN_POINT('',(0.906817906774,4.735638578143));
#2893 = CARTESIAN_POINT('',(0.90937692934,4.711907900486));
#2894 = CARTESIAN_POINT('',(0.911962170071,4.7));
#2895 = CARTESIAN_POINT('',(0.914552528045,4.7));
#2896 = ( GEOMETRIC_REPRESENTATION_CONTEXT(2) 
PARAMETRIC_REPRESENTATION_CONTEXT() REPRESENTATION_CONTEXT('2D SPACE',''
  ) );
#2897 = ORIENTED_EDGE('',*,*,#2677,.T.);
#2898 = ADVANCED_FACE('',(#2899),#467,.F.);
#2899 = FACE_BOUND('',#2900,.F.);
#2900 = EDGE_LOOP('',(#2901,#2902,#2925,#3123));
#2901 = ORIENTED_EDGE('',*,*,#333,.F.);
#2902 = ORIENTED_EDGE('',*,*,#2903,.F.);
#2903 = EDGE_CURVE('',#2904,#334,#2906,.T.);
#2904 = VERTEX_POINT('',#2905);
#2905 = CARTESIAN_POINT('',(-26.99883616441,65.504086481432,95.7));
#2906 = SEAM_CURVE('',#2907,(#2911,#2918),.PCURVE_S1.);
#2907 = LINE('',#2908,#2909);
#2908 = CARTESIAN_POINT('',(-25.47455465901,61.805902346983,95.7));
#2909 = VECTOR('',#2910,1.);
#2910 = DIRECTION('',(-0.38107037635,0.924546033612,2.220446049251E-16)
  );
#2911 = PCURVE('',#467,#2912);
#2912 = DEFINITIONAL_REPRESENTATION('',(#2913),#2917);
#2913 = LINE('',#2914,#2915);
#2914 = CARTESIAN_POINT('',(0.,-0.));
#2915 = VECTOR('',#2916,1.);
#2916 = DIRECTION('',(0.,1.));
#2917 = ( GEOMETRIC_REPRESENTATION_CONTEXT(2) 
PARAMETRIC_REPRESENTATION_CONTEXT() REPRESENTATION_CONTEXT('2D SPACE',''
  ) );
#2918 = PCURVE('',#467,#2919);
#2919 = DEFINITIONAL_REPRESENTATION('',(#2920),#2924);
#2920 = LINE('',#2921,#2922);
#2921 = CARTESIAN_POINT('',(6.28318530718,-0.));
#2922 = VECTOR('',#2923,1.);
#2923 = DIRECTION('',(0.,1.));
#2924 = ( GEOMETRIC_REPRESENTATION_CONTEXT(2) 
PARAMETRIC_REPRESENTATION_CONTEXT() REPRESENTATION_CONTEXT('2D SPACE',''
  ) );
#2925 = ORIENTED_EDGE('',*,*,#2926,.T.);
#2926 = EDGE_CURVE('',#2904,#2904,#2927,.T.);
#2927 = SURFACE_CURVE('',#2928,(#2991,#3057),.PCURVE_S1.);
#2928 = B_SPLINE_CURVE_WITH_KNOTS('',7,(#2929,#2930,#2931,#2932,#2933,
    #2934,#2935,#2936,#2937,#2938,#2939,#2940,#2941,#2942,#2943,#2944,
    #2945,#2946,#2947,#2948,#2949,#2950,#2951,#2952,#2953,#2954,#2955,
    #2956,#2957,#2958,#2959,#2960,#2961,#2962,#2963,#2964,#2965,#2966,
    #2967,#2968,#2969,#2970,#2971,#2972,#2973,#2974,#2975,#2976,#2977,
    #2978,#2979,#2980,#2981,#2982,#2983,#2984,#2985,#2986,#2987,#2988,
    #2989,#2990),.UNSPECIFIED.,.T.,.F.,(1,7,6,6,6,6,6,6,6,6,6,7,1),(
    -5.1294160358E-02,0.,8.234485223218E-02,0.180750759905,
    0.344501869879,0.442272969951,0.531818774297,0.631500505059,
    0.750063793966,0.844378002072,0.948705839642,1.,1.082344852232),
  .UNSPECIFIED.);
#2929 = CARTESIAN_POINT('',(-26.99883616441,65.504086481432,95.7));
#2930 = CARTESIAN_POINT('',(-27.27230044876,65.391372637052,95.7));
#2931 = CARTESIAN_POINT('',(-27.54246781332,65.278459866954,
    95.73092969924));
#2932 = CARTESIAN_POINT('',(-27.80475697405,65.167290734526,
    95.791670822752));
#2933 = CARTESIAN_POINT('',(-28.05489275972,65.059844728062,
    95.879823477415));
#2934 = CARTESIAN_POINT('',(-28.28918851613,64.957982512225,
    95.99178667822));
#2935 = CARTESIAN_POINT('',(-28.50477039791,64.863287314659,
    96.122823003665));
#2936 = CARTESIAN_POINT('',(-28.93274548185,64.673670730656,
    96.439533884839));
#2937 = CARTESIAN_POINT('',(-29.13927300412,64.580997661571,
    96.633068991563));
#2938 = CARTESIAN_POINT('',(-29.31999722495,64.499058951582,
    96.842525600656));
#2939 = CARTESIAN_POINT('',(-29.47596373407,64.427764516538,
    97.063973124918));
#2940 = CARTESIAN_POINT('',(-29.60830723569,64.366887455897,
    97.294403912747));
#2941 = CARTESIAN_POINT('',(-29.71805739143,64.316164138947,
    97.531501957946));
#2942 = CARTESIAN_POINT('',(-29.95243535124,64.207477432529,
    98.176230811115));
#2943 = CARTESIAN_POINT('',(-30.03853009021,64.16708060285,
    98.592506725845));
#2944 = CARTESIAN_POINT('',(-30.06821749185,64.153066960961,
    99.014533865536));
#2945 = CARTESIAN_POINT('',(-30.04289144448,64.164990087244,
    99.437300607314));
#2946 = CARTESIAN_POINT('',(-29.96177920764,64.203118521786,
    99.855664476112));
#2947 = CARTESIAN_POINT('',(-29.82204224321,64.268329685392,
    100.26338814756));
#2948 = CARTESIAN_POINT('',(-29.4979413329,64.417480140459,
    100.88083486957));
#2949 = CARTESIAN_POINT('',(-29.35388245821,64.483453183436,
    101.10483521893));
#2950 = CARTESIAN_POINT('',(-29.18594291137,64.559875524017,
    101.31925184431));
#2951 = CARTESIAN_POINT('',(-28.99320500355,64.646874827308,
    101.5207146834));
#2952 = CARTESIAN_POINT('',(-28.77493625197,64.744408481491,
    101.70513999954));
#2953 = CARTESIAN_POINT('',(-28.53079242519,64.852161160947,
    101.86755500573));
#2954 = CARTESIAN_POINT('',(-28.01431426844,65.076825291931,
    102.12472360163));
#2955 = CARTESIAN_POINT('',(-27.74410619878,65.193061265985,
    102.22500296102));
#2956 = CARTESIAN_POINT('',(-27.45612145665,65.315298309568,
    102.29429993163));
#2957 = CARTESIAN_POINT('',(-27.15746503646,65.440120905276,
    102.3274546891));
#2958 = CARTESIAN_POINT('',(-26.85619292981,65.564013567019,
    102.32251606914));
#2959 = CARTESIAN_POINT('',(-26.56052707385,65.683738594536,
    102.2808023659));
#2960 = CARTESIAN_POINT('',(-25.96329716951,65.922260788005,
    102.12479762967));
#2961 = CARTESIAN_POINT('',(-25.66917287968,66.037693409007,
    102.00395369762));
#2962 = CARTESIAN_POINT('',(-25.39882359398,66.142089141784,
    101.85122576126));
#2963 = CARTESIAN_POINT('',(-25.15429349395,66.235195715814,
    101.67281110846));
#2964 = CARTESIAN_POINT('',(-24.93668302455,66.317086438219,
    101.47451611926));
#2965 = CARTESIAN_POINT('',(-24.74626170174,66.388067643928,
    101.26182885678));
#2966 = CARTESIAN_POINT('',(-24.38768652325,66.520721478228,
    100.77598770398));
#2967 = CARTESIAN_POINT('',(-24.22854697369,66.578837250856,
    100.49625356079));
#2968 = CARTESIAN_POINT('',(-24.10340333941,66.624121574522,
    100.20599338804));
#2969 = CARTESIAN_POINT('',(-24.01070721654,66.65746793668,
    99.908839538652));
#2970 = CARTESIAN_POINT('',(-23.94928744303,66.679496081236,
    99.607426561686));
#2971 = CARTESIAN_POINT('',(-23.91853213943,66.690526465868,
    99.303843024071));
#2972 = CARTESIAN_POINT('',(-23.91853213943,66.690526465868,
    98.758300276011));
#2973 = CARTESIAN_POINT('',(-23.93799413958,66.68354644571,
    98.516680936083));
#2974 = CARTESIAN_POINT('',(-23.97689343458,66.669595160683,
    98.276170414047));
#2975 = CARTESIAN_POINT('',(-24.03546515139,66.648548154859,
    98.037832612131));
#2976 = CARTESIAN_POINT('',(-24.11416518328,66.620161080436,
    97.802907144437));
#2977 = CARTESIAN_POINT('',(-24.21362743812,66.584077246222,
    97.572953624942));
#2978 = CARTESIAN_POINT('',(-24.46845323997,66.490883613954,
    97.10337470318));
#2979 = CARTESIAN_POINT('',(-24.62918236284,66.43174646182,
    96.864298628633));
#2980 = CARTESIAN_POINT('',(-24.81787504851,66.36176806867,
    96.636314840486));
#2981 = CARTESIAN_POINT('',(-25.03535727483,66.280290148698,
    96.423741388914));
#2982 = CARTESIAN_POINT('',(-25.28205642886,66.186693457639,
    96.231776113079));
#2983 = CARTESIAN_POINT('',(-25.55771062041,66.080495947086,
    96.066717731616));
#2984 = CARTESIAN_POINT('',(-26.00988891327,65.903215448424,
    95.872306414475));
#2985 = CARTESIAN_POINT('',(-26.16543016584,65.841781166409,
    95.816683363748));
#2986 = CARTESIAN_POINT('',(-26.32639261487,65.777694454147,
    95.770796452253));
#2987 = CARTESIAN_POINT('',(-26.49155605138,65.711376506827,
    95.735638578333));
#2988 = CARTESIAN_POINT('',(-26.65960203845,65.64330914387,
    95.711907903391));
#2989 = CARTESIAN_POINT('',(-26.82915714248,65.574023127521,95.7));
#2990 = CARTESIAN_POINT('',(-26.99883616441,65.504086481432,95.7));
#2991 = PCURVE('',#467,#2992);
#2992 = DEFINITIONAL_REPRESENTATION('',(#2993),#3056);
#2993 = B_SPLINE_CURVE_WITH_KNOTS('',7,(#2994,#2995,#2996,#2997,#2998,
    #2999,#3000,#3001,#3002,#3003,#3004,#3005,#3006,#3007,#3008,#3009,
    #3010,#3011,#3012,#3013,#3014,#3015,#3016,#3017,#3018,#3019,#3020,
    #3021,#3022,#3023,#3024,#3025,#3026,#3027,#3028,#3029,#3030,#3031,
    #3032,#3033,#3034,#3035,#3036,#3037,#3038,#3039,#3040,#3041,#3042,
    #3043,#3044,#3045,#3046,#3047,#3048,#3049,#3050,#3051,#3052,#3053,
    #3054,#3055),.UNSPECIFIED.,.F.,.F.,(8,6,6,6,6,6,6,6,6,6,8),(0.,
    8.234485223218E-02,0.180750759905,0.344501869879,0.442272969951,
    0.531818774297,0.631500505059,0.750063793966,0.844378002072,
    0.948705839642,1.),.UNSPECIFIED.);
#2994 = CARTESIAN_POINT('',(0.,4.));
#2995 = CARTESIAN_POINT('',(8.963097773554E-02,4.));
#2996 = CARTESIAN_POINT('',(0.178361138096,3.998559725553));
#2997 = CARTESIAN_POINT('',(0.265859409209,3.995729374296));
#2998 = CARTESIAN_POINT('',(0.351767340713,3.991709933176));
#2999 = CARTESIAN_POINT('',(0.435661882207,3.986816797621));
#3000 = CARTESIAN_POINT('',(0.516993353782,3.981418597135));
#3001 = CARTESIAN_POINT('',(0.68821849669,3.969197962793));
#3002 = CARTESIAN_POINT('',(0.777872082895,3.962218964986));
#3003 = CARTESIAN_POINT('',(0.864535966287,3.955331502515));
#3004 = CARTESIAN_POINT('',(0.948672940314,3.948850731703));
#3005 = CARTESIAN_POINT('',(1.030694823804,3.942999274719));
#3006 = CARTESIAN_POINT('',(1.111001650517,3.937925766375));
#3007 = CARTESIAN_POINT('',(1.321448794155,3.926754400404));
#3008 = CARTESIAN_POINT('',(1.449255704205,3.922213826332));
#3009 = CARTESIAN_POINT('',(1.575383447697,3.920570558623));
#3010 = CARTESIAN_POINT('',(1.701378974812,3.921943031334));
#3011 = CARTESIAN_POINT('',(1.828776082269,3.926285053639));
#3012 = CARTESIAN_POINT('',(1.959116037498,3.933326158673));
#3013 = CARTESIAN_POINT('',(2.175166359416,3.947717364448));
#3014 = CARTESIAN_POINT('',(2.257940412371,3.953815910066));
#3015 = CARTESIAN_POINT('',(2.343009273809,3.960475095608));
#3016 = CARTESIAN_POINT('',(2.430674896087,3.967463249325));
#3017 = CARTESIAN_POINT('',(2.521294010052,3.974461847131));
#3018 = CARTESIAN_POINT('',(2.615277278404,3.981048179579));
#3019 = CARTESIAN_POINT('',(2.802872514749,3.991945985206));
#3020 = CARTESIAN_POINT('',(2.896567053445,3.996443203184));
#3021 = CARTESIAN_POINT('',(2.992701190585,3.999714522923));
#3022 = CARTESIAN_POINT('',(3.090107197518,4.001309644246));
#3023 = CARTESIAN_POINT('',(3.187787280755,4.001048238191));
#3024 = CARTESIAN_POINT('',(3.284702939399,3.999070038503));
#3025 = CARTESIAN_POINT('',(3.485222009396,3.992008161989));
#3026 = CARTESIAN_POINT('',(3.58689003474,3.986648880064));
#3027 = CARTESIAN_POINT('',(3.685048507707,3.980145436684));
#3028 = CARTESIAN_POINT('',(3.779948372449,3.973043573155));
#3029 = CARTESIAN_POINT('',(3.871737717529,3.965830412276));
#3030 = CARTESIAN_POINT('',(3.960444539208,3.958891879324));
#3031 = CARTESIAN_POINT('',(4.147740528173,3.944894077454));
#3032 = CARTESIAN_POINT('',(4.246082005012,3.937981416485));
#3033 = CARTESIAN_POINT('',(4.341847194223,3.932160326502));
#3034 = CARTESIAN_POINT('',(4.435707745298,3.927666826942));
#3035 = CARTESIAN_POINT('',(4.528320435421,3.924627604413));
#3036 = CARTESIAN_POINT('',(4.620315336727,3.923105767657));
#3037 = CARTESIAN_POINT('',(4.785631320987,3.923105767657));
#3038 = CARTESIAN_POINT('',(4.858849553043,3.924068809427));
#3039 = CARTESIAN_POINT('',(4.932372435104,3.925993573176));
#3040 = CARTESIAN_POINT('',(5.006520381826,3.928854593589));
#3041 = CARTESIAN_POINT('',(5.081610488686,3.932599687297));
#3042 = CARTESIAN_POINT('',(5.157974219391,3.937140640384));
#3043 = CARTESIAN_POINT('',(5.322284229624,3.948085401526));
#3044 = CARTESIAN_POINT('',(5.410955084828,3.954659489422));
#3045 = CARTESIAN_POINT('',(5.502308843842,3.961866436341));
#3046 = CARTESIAN_POINT('',(5.596671675834,3.969412382437));
#3047 = CARTESIAN_POINT('',(5.69445033162,3.976887672431));
#3048 = CARTESIAN_POINT('',(5.796121715587,3.983746831784));
#3049 = CARTESIAN_POINT('',(5.954632534877,3.992154602147));
#3050 = CARTESIAN_POINT('',(6.007938872272,3.994627944039));
#3051 = CARTESIAN_POINT('',(6.062075925675,3.996714849441));
#3052 = CARTESIAN_POINT('',(6.116844942511,3.998339747198));
#3053 = CARTESIAN_POINT('',(6.172066801104,3.999445684296));
#3054 = CARTESIAN_POINT('',(6.22757110998,4.));
#3055 = CARTESIAN_POINT('',(6.28318530718,4.));
#3056 = ( GEOMETRIC_REPRESENTATION_CONTEXT(2) 
PARAMETRIC_REPRESENTATION_CONTEXT() REPRESENTATION_CONTEXT('2D SPACE',''
  ) );
#3057 = PCURVE('',#2631,#3058);
#3058 = DEFINITIONAL_REPRESENTATION('',(#3059),#3122);
#3059 = B_SPLINE_CURVE_WITH_KNOTS('',7,(#3060,#3061,#3062,#3063,#3064,
    #3065,#3066,#3067,#3068,#3069,#3070,#3071,#3072,#3073,#3074,#3075,
    #3076,#3077,#3078,#3079,#3080,#3081,#3082,#3083,#3084,#3085,#3086,
    #3087,#3088,#3089,#3090,#3091,#3092,#3093,#3094,#3095,#3096,#3097,
    #3098,#3099,#3100,#3101,#3102,#3103,#3104,#3105,#3106,#3107,#3108,
    #3109,#3110,#3111,#3112,#3113,#3114,#3115,#3116,#3117,#3118,#3119,
    #3120,#3121),.UNSPECIFIED.,.T.,.F.,(1,7,6,6,6,6,6,6,6,6,6,7,1),(
    -5.1294160358E-02,0.,8.234485223218E-02,0.180750759905,
    0.344501869879,0.442272969951,0.531818774297,0.631500505059,
    0.750063793966,0.844378002072,0.948705839642,1.,1.082344852232),
  .UNSPECIFIED.);
#3060 = CARTESIAN_POINT('',(1.961750079242,4.7));
#3061 = CARTESIAN_POINT('',(1.965924846024,4.7));
#3062 = CARTESIAN_POINT('',(1.970057660189,4.73092969924));
#3063 = CARTESIAN_POINT('',(1.974078409027,4.791670822752));
#3064 = CARTESIAN_POINT('',(1.977920767743,4.879823477415));
#3065 = CARTESIAN_POINT('',(1.981526663341,4.99178667822));
#3066 = CARTESIAN_POINT('',(1.984850045296,5.122823003665));
#3067 = CARTESIAN_POINT('',(1.991456953949,5.43953388484));
#3068 = CARTESIAN_POINT('',(1.994651932716,5.633068991563));
#3069 = CARTESIAN_POINT('',(1.997452636687,5.842525600656));
#3070 = CARTESIAN_POINT('',(1.999873073215,6.063973124918));
#3071 = CARTESIAN_POINT('',(2.001929153337,6.294403912747));
#3072 = CARTESIAN_POINT('',(2.003635640601,6.531501957946));
#3073 = CARTESIAN_POINT('',(2.007282106938,7.176230811115));
#3074 = CARTESIAN_POINT('',(2.008624380702,7.592506725845));
#3075 = CARTESIAN_POINT('',(2.009087742501,8.014533865535));
#3076 = CARTESIAN_POINT('',(2.008692648499,8.437300607314));
#3077 = CARTESIAN_POINT('',(2.007427618315,8.855664476112));
#3078 = CARTESIAN_POINT('',(2.005251161418,9.263388147561));
#3079 = CARTESIAN_POINT('',(2.00021554534,9.880834869576));
#3080 = CARTESIAN_POINT('',(1.997979178733,10.104835218937));
#3081 = CARTESIAN_POINT('',(1.995374952461,10.31925184432));
#3082 = CARTESIAN_POINT('',(1.99239031648,10.520714683399));
#3083 = CARTESIAN_POINT('',(1.989016065851,10.705139999546));
#3084 = CARTESIAN_POINT('',(1.985249501951,10.867555005731));
#3085 = CARTESIAN_POINT('',(1.97729994491,11.124723601632));
#3086 = CARTESIAN_POINT('',(1.973148273001,11.225002961021));
#3087 = CARTESIAN_POINT('',(1.968732651682,11.294299931632));
#3088 = CARTESIAN_POINT('',(1.964164086196,11.327454689101));
#3089 = CARTESIAN_POINT('',(1.959566432665,11.32251606914));
#3090 = CARTESIAN_POINT('',(1.955064203204,11.2808023659));
#3091 = CARTESIAN_POINT('',(1.945987293456,11.124797629677));
#3092 = CARTESIAN_POINT('',(1.941527742327,11.00395369762));
#3093 = CARTESIAN_POINT('',(1.93743742343,10.851225761262));
#3094 = CARTESIAN_POINT('',(1.933744382572,10.672811108467));
#3095 = CARTESIAN_POINT('',(1.930462702707,10.474516119262));
#3096 = CARTESIAN_POINT('',(1.927594389628,10.261828856789));
#3097 = CARTESIAN_POINT('',(1.922198115291,9.775987703985));
#3098 = CARTESIAN_POINT('',(1.919806899553,9.496253560798));
#3099 = CARTESIAN_POINT('',(1.917928502164,9.205993388046));
#3100 = CARTESIAN_POINT('',(1.916538077181,8.908839538652));
#3101 = CARTESIAN_POINT('',(1.915617110239,8.607426561686));
#3102 = CARTESIAN_POINT('',(1.915155945723,8.303843024071));
#3103 = CARTESIAN_POINT('',(1.915155945723,7.758300276011));
#3104 = CARTESIAN_POINT('',(1.915447771229,7.516680936083));
#3105 = CARTESIAN_POINT('',(1.916031052097,7.276170414047));
#3106 = CARTESIAN_POINT('',(1.916909505607,7.037832612131));
#3107 = CARTESIAN_POINT('',(1.918090352501,6.802907144437));
#3108 = CARTESIAN_POINT('',(1.919583719515,6.572953624942));
#3109 = CARTESIAN_POINT('',(1.923413392723,6.10337470318));
#3110 = CARTESIAN_POINT('',(1.925830651596,5.864298628633));
#3111 = CARTESIAN_POINT('',(1.928671155492,5.636314840486));
#3112 = CARTESIAN_POINT('',(1.931949083846,5.423741388914));
#3113 = CARTESIAN_POINT('',(1.935673188221,5.231776113079));
#3114 = CARTESIAN_POINT('',(1.93984253466,5.066717731616));
#3115 = CARTESIAN_POINT('',(1.94669770435,4.872306414475));
#3116 = CARTESIAN_POINT('',(1.949058094001,4.816683363748));
#3117 = CARTESIAN_POINT('',(1.951503404022,4.770796452253));
#3118 = CARTESIAN_POINT('',(1.954015457827,4.735638578333));
#3119 = CARTESIAN_POINT('',(1.956574480348,4.711907903391));
#3120 = CARTESIAN_POINT('',(1.959159721433,4.7));
#3121 = CARTESIAN_POINT('',(1.961750079242,4.7));
#3122 = ( GEOMETRIC_REPRESENTATION_CONTEXT(2) 
PARAMETRIC_REPRESENTATION_CONTEXT() REPRESENTATION_CONTEXT('2D SPACE',''
  ) );
#3123 = ORIENTED_EDGE('',*,*,#2903,.T.);
#3124 = ADVANCED_FACE('',(#3125),#674,.F.);
#3125 = FACE_BOUND('',#3126,.F.);
#3126 = EDGE_LOOP('',(#3127,#3128,#3151,#3349));
#3127 = ORIENTED_EDGE('',*,*,#540,.F.);
#3128 = ORIENTED_EDGE('',*,*,#3129,.F.);
#3129 = EDGE_CURVE('',#3130,#541,#3132,.T.);
#3130 = VERTEX_POINT('',#3131);
#3131 = CARTESIAN_POINT('',(-70.22762102682,9.370365249717,95.7));
#3132 = SEAM_CURVE('',#3133,(#3137,#3144),.PCURVE_S1.);
#3133 = LINE('',#3134,#3135);
#3134 = CARTESIAN_POINT('',(-66.26275886581,8.841339688689,95.7));
#3135 = VECTOR('',#3136,1.);
#3136 = DIRECTION('',(-0.991215540252,0.132256390257,2.220446049249E-16)
  );
#3137 = PCURVE('',#674,#3138);
#3138 = DEFINITIONAL_REPRESENTATION('',(#3139),#3143);
#3139 = LINE('',#3140,#3141);
#3140 = CARTESIAN_POINT('',(0.,-0.));
#3141 = VECTOR('',#3142,1.);
#3142 = DIRECTION('',(0.,1.));
#3143 = ( GEOMETRIC_REPRESENTATION_CONTEXT(2) 
PARAMETRIC_REPRESENTATION_CONTEXT() REPRESENTATION_CONTEXT('2D SPACE',''
  ) );
#3144 = PCURVE('',#674,#3145);
#3145 = DEFINITIONAL_REPRESENTATION('',(#3146),#3150);
#3146 = LINE('',#3147,#3148);
#3147 = CARTESIAN_POINT('',(6.28318530718,-0.));
#3148 = VECTOR('',#3149,1.);
#3149 = DIRECTION('',(0.,1.));
#3150 = ( GEOMETRIC_REPRESENTATION_CONTEXT(2) 
PARAMETRIC_REPRESENTATION_CONTEXT() REPRESENTATION_CONTEXT('2D SPACE',''
  ) );
#3151 = ORIENTED_EDGE('',*,*,#3152,.T.);
#3152 = EDGE_CURVE('',#3130,#3130,#3153,.T.);
#3153 = SURFACE_CURVE('',#3154,(#3217,#3283),.PCURVE_S1.);
#3154 = B_SPLINE_CURVE_WITH_KNOTS('',7,(#3155,#3156,#3157,#3158,#3159,
    #3160,#3161,#3162,#3163,#3164,#3165,#3166,#3167,#3168,#3169,#3170,
    #3171,#3172,#3173,#3174,#3175,#3176,#3177,#3178,#3179,#3180,#3181,
    #3182,#3183,#3184,#3185,#3186,#3187,#3188,#3189,#3190,#3191,#3192,
    #3193,#3194,#3195,#3196,#3197,#3198,#3199,#3200,#3201,#3202,#3203,
    #3204,#3205,#3206,#3207,#3208,#3209,#3210,#3211,#3212,#3213,#3214,
    #3215,#3216),.UNSPECIFIED.,.T.,.F.,(1,7,6,6,6,6,6,6,6,6,6,7,1),(
    -5.1294158203E-02,0.,8.234485444815E-02,0.18075076565,0.344501884757
    ,0.442272985131,0.531818787562,0.631500517669,0.750063804541,
    0.844378008634,0.948705841797,1.,1.082344854448),.UNSPECIFIED.);
#3155 = CARTESIAN_POINT('',(-70.22762102682,9.370365249717,95.7));
#3156 = CARTESIAN_POINT('',(-70.26674011675,9.077181307643,95.7));
#3157 = CARTESIAN_POINT('',(-70.30403847064,8.786753129956,
    95.730929698252));
#3158 = CARTESIAN_POINT('',(-70.33890775927,8.504019478658,
    95.791670824179));
#3159 = CARTESIAN_POINT('',(-70.37092468108,8.233672530115,
    95.879823477893));
#3160 = CARTESIAN_POINT('',(-70.39985729164,7.979835353796,
    95.991786676081));
#3161 = CARTESIAN_POINT('',(-70.42563978662,7.745788361799,
    96.122823004956));
#3162 = CARTESIAN_POINT('',(-70.47541454966,7.280342776814,
    96.439533884839));
#3163 = CARTESIAN_POINT('',(-70.49842107872,7.055148161405,
    96.633068991563));
#3164 = CARTESIAN_POINT('',(-70.51782218473,6.85766704009,
    96.842525600656));
#3165 = CARTESIAN_POINT('',(-70.53406264739,6.686948863534,
    97.063973124918));
#3166 = CARTESIAN_POINT('',(-70.54751331718,6.541897498785,
    97.294403912747));
#3167 = CARTESIAN_POINT('',(-70.55846071401,6.421489417367,
    97.531501957946));
#3168 = CARTESIAN_POINT('',(-70.58152424539,6.16416879367,
    98.176230819139));
#3169 = CARTESIAN_POINT('',(-70.58958693334,6.069410156738,
    98.592506692694));
#3170 = CARTESIAN_POINT('',(-70.59229446472,6.036693286505,
    99.014533929316));
#3171 = CARTESIAN_POINT('',(-70.58995717251,6.064587837343,
    99.437300537998));
#3172 = CARTESIAN_POINT('',(-70.58242124454,6.153897338869,
    99.855664516909));
#3173 = CARTESIAN_POINT('',(-70.56902728852,6.307518661159,
    100.26338813681));
#3174 = CARTESIAN_POINT('',(-70.53614491617,6.662773513289,
    100.88083486383));
#3175 = CARTESIAN_POINT('',(-70.52124980917,6.820518689608,
    101.10483523327));
#3176 = CARTESIAN_POINT('',(-70.50346372427,7.004169768663,
    101.31925183199));
#3177 = CARTESIAN_POINT('',(-70.48243837939,7.214585327747,
    101.52071468304));
#3178 = CARTESIAN_POINT('',(-70.45777062192,7.452378471967,
    101.7051400063));
#3179 = CARTESIAN_POINT('',(-70.42901526911,7.717689542999,
    101.86755500244));
#3180 = CARTESIAN_POINT('',(-70.36534103467,8.277304819897,
    102.12472360163));
#3181 = CARTESIAN_POINT('',(-70.33090030621,8.569429859546,
    102.22500296101));
#3182 = CARTESIAN_POINT('',(-70.29276832017,8.879950483924,
    102.29429993163));
#3183 = CARTESIAN_POINT('',(-70.25153964892,9.201005828679,
    102.3274546891));
#3184 = CARTESIAN_POINT('',(-70.20819778801,9.52386145736,
    102.32251606913));
#3185 = CARTESIAN_POINT('',(-70.16404977533,9.839778113399,
    102.2808023659));
#3186 = CARTESIAN_POINT('',(-70.07200110135,10.476255484171,
    102.12479762845));
#3187 = CARTESIAN_POINT('',(-70.02490654111,10.788690884357,
    102.00395369971));
#3188 = CARTESIAN_POINT('',(-69.98014125176,11.075018122602,
    101.85122576321));
#3189 = CARTESIAN_POINT('',(-69.93850886125,11.333340678066,
    101.67281109998));
#3190 = CARTESIAN_POINT('',(-69.90062307371,11.56274222835,101.474516128
    ));
#3191 = CARTESIAN_POINT('',(-69.86688393822,11.763142542177,
    101.26182885341));
#3192 = CARTESIAN_POINT('',(-69.80247794074,12.140004665162,
    100.77598771079));
#3193 = CARTESIAN_POINT('',(-69.77323789813,12.306881463328,
    100.49625354544));
#3194 = CARTESIAN_POINT('',(-69.74988346072,12.437901162095,
    100.20599339553));
#3195 = CARTESIAN_POINT('',(-69.73241419196,12.534851564337,
    99.908839551462));
#3196 = CARTESIAN_POINT('',(-69.72078123971,12.599056710628,
    99.607426543206));
#3197 = CARTESIAN_POINT('',(-69.71495618091,12.631206778946,
    99.303843031786));
#3198 = CARTESIAN_POINT('',(-69.71495618091,12.631206778946,
    98.758300276011));
#3199 = CARTESIAN_POINT('',(-69.71864230621,12.610862182328,
    98.516680936083));
#3200 = CARTESIAN_POINT('',(-69.72600978646,12.570198762158,
    98.276170414047));
#3201 = CARTESIAN_POINT('',(-69.73706840315,12.508950664549,
    98.037832612131));
#3202 = CARTESIAN_POINT('',(-69.75183449151,12.426600900439,
    97.802907144437));
#3203 = CARTESIAN_POINT('',(-69.77031610183,12.32242214392,
    97.572953624942));
#3204 = CARTESIAN_POINT('',(-69.81702094975,12.0551397098,
    97.103374703105));
#3205 = CARTESIAN_POINT('',(-69.84617123512,11.886375630234,
    96.864298628642));
#3206 = CARTESIAN_POINT('',(-69.87991451176,11.687973774415,
    96.636314840545));
#3207 = CARTESIAN_POINT('',(-69.91809367638,11.458889681583,
    96.423741388947));
#3208 = CARTESIAN_POINT('',(-69.96038614124,11.198443601505,
    96.231776113053));
#3209 = CARTESIAN_POINT('',(-70.00624349506,10.906621313618,
    96.066717731585));
#3210 = CARTESIAN_POINT('',(-70.07880322604,10.426383175709,
    95.872306414475));
#3211 = CARTESIAN_POINT('',(-70.10337020344,10.260963358633,
    95.816683363748));
#3212 = CARTESIAN_POINT('',(-70.1283507071,10.089522432587,
    95.770796452253));
#3213 = CARTESIAN_POINT('',(-70.15349939824,9.913327727135,
    95.735638578333));
#3214 = CARTESIAN_POINT('',(-70.17857432629,9.733761951848,
    95.711907903391));
#3215 = CARTESIAN_POINT('',(-70.20334842802,9.552279916241,95.7));
#3216 = CARTESIAN_POINT('',(-70.22762102682,9.370365249717,95.7));
#3217 = PCURVE('',#674,#3218);
#3218 = DEFINITIONAL_REPRESENTATION('',(#3219),#3282);
#3219 = B_SPLINE_CURVE_WITH_KNOTS('',7,(#3220,#3221,#3222,#3223,#3224,
    #3225,#3226,#3227,#3228,#3229,#3230,#3231,#3232,#3233,#3234,#3235,
    #3236,#3237,#3238,#3239,#3240,#3241,#3242,#3243,#3244,#3245,#3246,
    #3247,#3248,#3249,#3250,#3251,#3252,#3253,#3254,#3255,#3256,#3257,
    #3258,#3259,#3260,#3261,#3262,#3263,#3264,#3265,#3266,#3267,#3268,
    #3269,#3270,#3271,#3272,#3273,#3274,#3275,#3276,#3277,#3278,#3279,
    #3280,#3281),.UNSPECIFIED.,.F.,.F.,(8,6,6,6,6,6,6,6,6,6,8),(0.,
    8.234485444815E-02,0.18075076565,0.344501884757,0.442272985131,
    0.531818787562,0.631500517669,0.750063804541,0.844378008634,
    0.948705841797,1.),.UNSPECIFIED.);
#3220 = CARTESIAN_POINT('',(0.,4.));
#3221 = CARTESIAN_POINT('',(8.96309785336E-02,4.));
#3222 = CARTESIAN_POINT('',(0.178361136267,3.998559725593));
#3223 = CARTESIAN_POINT('',(0.265859410252,3.995729374239));
#3224 = CARTESIAN_POINT('',(0.351767341829,3.991709933156));
#3225 = CARTESIAN_POINT('',(0.435661880467,3.986816797706));
#3226 = CARTESIAN_POINT('',(0.516993354479,3.981418597085));
#3227 = CARTESIAN_POINT('',(0.68821849669,3.969197962793));
#3228 = CARTESIAN_POINT('',(0.777872082895,3.962218964986));
#3229 = CARTESIAN_POINT('',(0.864535966287,3.955331502515));
#3230 = CARTESIAN_POINT('',(0.948672940314,3.948850731703));
#3231 = CARTESIAN_POINT('',(1.030694823804,3.942999274719));
#3232 = CARTESIAN_POINT('',(1.111001650517,3.937925766375));
#3233 = CARTESIAN_POINT('',(1.321448796774,3.926754400265));
#3234 = CARTESIAN_POINT('',(1.449255693378,3.922213826592));
#3235 = CARTESIAN_POINT('',(1.575383468651,3.920570558613));
#3236 = CARTESIAN_POINT('',(1.701378951778,3.921943030853));
#3237 = CARTESIAN_POINT('',(1.828776096094,3.92628505422));
#3238 = CARTESIAN_POINT('',(1.959116033739,3.933326158422));
#3239 = CARTESIAN_POINT('',(2.175166357406,3.947717364314));
#3240 = CARTESIAN_POINT('',(2.25794041691,3.953815910388));
#3241 = CARTESIAN_POINT('',(2.343009271539,3.96047509541));
#3242 = CARTESIAN_POINT('',(2.430674892301,3.96746324913));
#3243 = CARTESIAN_POINT('',(2.521294015664,3.97446184746));
#3244 = CARTESIAN_POINT('',(2.615277276004,3.98104817944));
#3245 = CARTESIAN_POINT('',(2.802872514751,3.991945985206));
#3246 = CARTESIAN_POINT('',(2.896567053444,3.996443203184));
#3247 = CARTESIAN_POINT('',(2.992701190584,3.999714522923));
#3248 = CARTESIAN_POINT('',(3.090107197519,4.001309644246));
#3249 = CARTESIAN_POINT('',(3.187787280757,4.001048238191));
#3250 = CARTESIAN_POINT('',(3.284702939397,3.999070038503));
#3251 = CARTESIAN_POINT('',(3.485222010963,3.992008161933));
#3252 = CARTESIAN_POINT('',(3.586890031073,3.986648880182));
#3253 = CARTESIAN_POINT('',(3.685048510177,3.980145436679));
#3254 = CARTESIAN_POINT('',(3.779948373933,3.973043572935));
#3255 = CARTESIAN_POINT('',(3.871737714576,3.965830412528));
#3256 = CARTESIAN_POINT('',(3.960444540509,3.958891879227));
#3257 = CARTESIAN_POINT('',(4.147740525547,3.94489407765));
#3258 = CARTESIAN_POINT('',(4.246082011103,3.937981415963));
#3259 = CARTESIAN_POINT('',(4.341847190323,3.932160327082));
#3260 = CARTESIAN_POINT('',(4.435707742365,3.927666826641));
#3261 = CARTESIAN_POINT('',(4.528320440777,3.924627604472));
#3262 = CARTESIAN_POINT('',(4.620315334389,3.923105767657));
#3263 = CARTESIAN_POINT('',(4.785631320987,3.923105767657));
#3264 = CARTESIAN_POINT('',(4.858849553043,3.924068809427));
#3265 = CARTESIAN_POINT('',(4.932372435104,3.925993573176));
#3266 = CARTESIAN_POINT('',(5.006520381826,3.928854593589));
#3267 = CARTESIAN_POINT('',(5.081610488686,3.932599687297));
#3268 = CARTESIAN_POINT('',(5.157974219391,3.937140640384));
#3269 = CARTESIAN_POINT('',(5.322284229651,3.948085401528));
#3270 = CARTESIAN_POINT('',(5.410955084828,3.954659489422));
#3271 = CARTESIAN_POINT('',(5.50230884382,3.961866436339));
#3272 = CARTESIAN_POINT('',(5.596671675815,3.969412382435));
#3273 = CARTESIAN_POINT('',(5.694450331625,3.976887672432));
#3274 = CARTESIAN_POINT('',(5.796121715613,3.983746831786));
#3275 = CARTESIAN_POINT('',(5.954632534877,3.992154602147));
#3276 = CARTESIAN_POINT('',(6.007938872272,3.994627944039));
#3277 = CARTESIAN_POINT('',(6.062075925675,3.996714849441));
#3278 = CARTESIAN_POINT('',(6.116844942511,3.998339747198));
#3279 = CARTESIAN_POINT('',(6.172066801104,3.999445684296));
#3280 = CARTESIAN_POINT('',(6.227571109981,4.));
#3281 = CARTESIAN_POINT('',(6.28318530718,4.));
#3282 = ( GEOMETRIC_REPRESENTATION_CONTEXT(2) 
PARAMETRIC_REPRESENTATION_CONTEXT() REPRESENTATION_CONTEXT('2D SPACE',''
  ) );
#3283 = PCURVE('',#2631,#3284);
#3284 = DEFINITIONAL_REPRESENTATION('',(#3285),#3348);
#3285 = B_SPLINE_CURVE_WITH_KNOTS('',7,(#3286,#3287,#3288,#3289,#3290,
    #3291,#3292,#3293,#3294,#3295,#3296,#3297,#3298,#3299,#3300,#3301,
    #3302,#3303,#3304,#3305,#3306,#3307,#3308,#3309,#3310,#3311,#3312,
    #3313,#3314,#3315,#3316,#3317,#3318,#3319,#3320,#3321,#3322,#3323,
    #3324,#3325,#3326,#3327,#3328,#3329,#3330,#3331,#3332,#3333,#3334,
    #3335,#3336,#3337,#3338,#3339,#3340,#3341,#3342,#3343,#3344,#3345,
    #3346,#3347),.UNSPECIFIED.,.T.,.F.,(1,7,6,6,6,6,6,6,6,6,6,7,1),(
    -5.1294158203E-02,0.,8.234485444815E-02,0.18075076565,0.344501884757
    ,0.442272985131,0.531818787562,0.631500517669,0.750063804541,
    0.844378008634,0.948705841797,1.,1.082344854448),.UNSPECIFIED.);
#3286 = CARTESIAN_POINT('',(3.008947630438,4.7));
#3287 = CARTESIAN_POINT('',(3.013122397258,4.7));
#3288 = CARTESIAN_POINT('',(3.017255211304,4.730929698252));
#3289 = CARTESIAN_POINT('',(3.021275960267,4.791670824179));
#3290 = CARTESIAN_POINT('',(3.02511831899,4.879823477893));
#3291 = CARTESIAN_POINT('',(3.028724214465,4.991786676081));
#3292 = CARTESIAN_POINT('',(3.032047596519,5.122823004956));
#3293 = CARTESIAN_POINT('',(3.038654505146,5.439533884839));
#3294 = CARTESIAN_POINT('',(3.041849483913,5.633068991563));
#3295 = CARTESIAN_POINT('',(3.044650187883,5.842525600656));
#3296 = CARTESIAN_POINT('',(3.047070624412,6.063973124918));
#3297 = CARTESIAN_POINT('',(3.049126704533,6.294403912747));
#3298 = CARTESIAN_POINT('',(3.050833191798,6.531501957946));
#3299 = CARTESIAN_POINT('',(3.05447965818,7.176230819139));
#3300 = CARTESIAN_POINT('',(3.055821931817,7.592506692694));
#3301 = CARTESIAN_POINT('',(3.056285293691,8.014533929315));
#3302 = CARTESIAN_POINT('',(3.055890199869,8.437300537998));
#3303 = CARTESIAN_POINT('',(3.054625169308,8.855664516909));
#3304 = CARTESIAN_POINT('',(3.052448712702,9.263388136818));
#3305 = CARTESIAN_POINT('',(3.047413096584,9.88083486383));
#3306 = CARTESIAN_POINT('',(3.045176729839,10.104835233279));
#3307 = CARTESIAN_POINT('',(3.042572503638,10.319251831996));
#3308 = CARTESIAN_POINT('',(3.0395878679,10.520714683046));
#3309 = CARTESIAN_POINT('',(3.036213616796,10.705140006309));
#3310 = CARTESIAN_POINT('',(3.032447053249,10.867555002442));
#3311 = CARTESIAN_POINT('',(3.024497496106,11.124723601633));
#3312 = CARTESIAN_POINT('',(3.020345824198,11.225002961018));
#3313 = CARTESIAN_POINT('',(3.015930202879,11.294299931633));
#3314 = CARTESIAN_POINT('',(3.011361637392,11.327454689102));
#3315 = CARTESIAN_POINT('',(3.006763983861,11.322516069138));
#3316 = CARTESIAN_POINT('',(3.002261754401,11.280802365901));
#3317 = CARTESIAN_POINT('',(2.993184844581,11.124797628458));
#3318 = CARTESIAN_POINT('',(2.988725293698,11.003953699717));
#3319 = CARTESIAN_POINT('',(2.98463497448,10.851225763213));
#3320 = CARTESIAN_POINT('',(2.980941933766,10.67281109998));
#3321 = CARTESIAN_POINT('',(2.97766025398,10.474516127999));
#3322 = CARTESIAN_POINT('',(2.974791940787,10.261828853413));
#3323 = CARTESIAN_POINT('',(2.969395666563,9.775987710796));
#3324 = CARTESIAN_POINT('',(2.967004450551,9.496253545441));
#3325 = CARTESIAN_POINT('',(2.965126053584,9.20599339553));
#3326 = CARTESIAN_POINT('',(2.963735628258,8.908839551462));
#3327 = CARTESIAN_POINT('',(2.962814661461,8.607426543206));
#3328 = CARTESIAN_POINT('',(2.962353496919,8.303843031786));
#3329 = CARTESIAN_POINT('',(2.962353496919,7.758300276011));
#3330 = CARTESIAN_POINT('',(2.962645322426,7.516680936083));
#3331 = CARTESIAN_POINT('',(2.963228603294,7.276170414047));
#3332 = CARTESIAN_POINT('',(2.964107056804,7.037832612131));
#3333 = CARTESIAN_POINT('',(2.965287903698,6.802907144437));
#3334 = CARTESIAN_POINT('',(2.966781270712,6.572953624942));
#3335 = CARTESIAN_POINT('',(2.97061094392,6.103374703105));
#3336 = CARTESIAN_POINT('',(2.973028202793,5.864298628642));
#3337 = CARTESIAN_POINT('',(2.975868706688,5.636314840545));
#3338 = CARTESIAN_POINT('',(2.979146635042,5.423741388947));
#3339 = CARTESIAN_POINT('',(2.982870739418,5.231776113053));
#3340 = CARTESIAN_POINT('',(2.987040085858,5.066717731585));
#3341 = CARTESIAN_POINT('',(2.993895255546,4.872306414475));
#3342 = CARTESIAN_POINT('',(2.996255645198,4.816683363748));
#3343 = CARTESIAN_POINT('',(2.998700955218,4.770796452253));
#3344 = CARTESIAN_POINT('',(3.001213009023,4.735638578333));
#3345 = CARTESIAN_POINT('',(3.003772031544,4.711907903391));
#3346 = CARTESIAN_POINT('',(3.006357272629,4.7));
#3347 = CARTESIAN_POINT('',(3.008947630438,4.7));
#3348 = ( GEOMETRIC_REPRESENTATION_CONTEXT(2) 
PARAMETRIC_REPRESENTATION_CONTEXT() REPRESENTATION_CONTEXT('2D SPACE',''
  ) );
#3349 = ORIENTED_EDGE('',*,*,#3129,.T.);
#3350 = ADVANCED_FACE('',(#3351),#881,.F.);
#3351 = FACE_BOUND('',#3352,.F.);
#3352 = EDGE_LOOP('',(#3353,#3354,#3377,#3575));
#3353 = ORIENTED_EDGE('',*,*,#747,.F.);
#3354 = ORIENTED_EDGE('',*,*,#3355,.F.);
#3355 = EDGE_CURVE('',#3356,#748,#3358,.T.);
#3356 = VERTEX_POINT('',#3357);
#3357 = CARTESIAN_POINT('',(-43.2287848624,-56.13372123171,95.7));
#3358 = SEAM_CURVE('',#3359,(#3363,#3370),.PCURVE_S1.);
#3359 = LINE('',#3360,#3361);
#3360 = CARTESIAN_POINT('',(-40.7882042068,-52.96456265829,95.7));
#3361 = VECTOR('',#3362,1.);
#3362 = DIRECTION('',(-0.610145163901,-0.792289643355,2.220446049251E-16
    ));
#3363 = PCURVE('',#881,#3364);
#3364 = DEFINITIONAL_REPRESENTATION('',(#3365),#3369);
#3365 = LINE('',#3366,#3367);
#3366 = CARTESIAN_POINT('',(0.,-0.));
#3367 = VECTOR('',#3368,1.);
#3368 = DIRECTION('',(0.,1.));
#3369 = ( GEOMETRIC_REPRESENTATION_CONTEXT(2) 
PARAMETRIC_REPRESENTATION_CONTEXT() REPRESENTATION_CONTEXT('2D SPACE',''
  ) );
#3370 = PCURVE('',#881,#3371);
#3371 = DEFINITIONAL_REPRESENTATION('',(#3372),#3376);
#3372 = LINE('',#3373,#3374);
#3373 = CARTESIAN_POINT('',(6.28318530718,-0.));
#3374 = VECTOR('',#3375,1.);
#3375 = DIRECTION('',(0.,1.));
#3376 = ( GEOMETRIC_REPRESENTATION_CONTEXT(2) 
PARAMETRIC_REPRESENTATION_CONTEXT() REPRESENTATION_CONTEXT('2D SPACE',''
  ) );
#3377 = ORIENTED_EDGE('',*,*,#3378,.T.);
#3378 = EDGE_CURVE('',#3356,#3356,#3379,.T.);
#3379 = SURFACE_CURVE('',#3380,(#3443,#3509),.PCURVE_S1.);
#3380 = B_SPLINE_CURVE_WITH_KNOTS('',7,(#3381,#3382,#3383,#3384,#3385,
    #3386,#3387,#3388,#3389,#3390,#3391,#3392,#3393,#3394,#3395,#3396,
    #3397,#3398,#3399,#3400,#3401,#3402,#3403,#3404,#3405,#3406,#3407,
    #3408,#3409,#3410,#3411,#3412,#3413,#3414,#3415,#3416,#3417,#3418,
    #3419,#3420,#3421,#3422,#3423,#3424,#3425,#3426,#3427,#3428,#3429,
    #3430,#3431,#3432,#3433,#3434,#3435,#3436,#3437,#3438,#3439,#3440,
    #3441,#3442),.UNSPECIFIED.,.T.,.F.,(1,7,6,6,6,6,6,6,6,6,6,7,1),(
    -5.1294160853E-02,0.,8.234485274903E-02,0.180750761101,
    0.344501875468,0.442272973011,0.531818772779,0.631500501478,
    0.75006379154,0.844378000565,0.948705839147,1.,1.082344852749),
  .UNSPECIFIED.);
#3381 = CARTESIAN_POINT('',(-43.2287848624,-56.13372123171,95.7));
#3382 = CARTESIAN_POINT('',(-42.99443966755,-56.31419132686,95.7));
#3383 = CARTESIAN_POINT('',(-42.761570658,-56.49170674276,
    95.730929699261));
#3384 = CARTESIAN_POINT('',(-42.53415078494,-56.66327125279,
    95.791670822755));
#3385 = CARTESIAN_POINT('',(-42.316031921,-56.82617219432,
    95.879823477363));
#3386 = CARTESIAN_POINT('',(-42.11066877611,-56.97814716352,
    95.99178667818));
#3387 = CARTESIAN_POINT('',(-41.9208693884,-57.11749895104,
    96.122823003756));
#3388 = CARTESIAN_POINT('',(-41.54266906781,-57.39332795384,
    96.439533884839));
#3389 = CARTESIAN_POINT('',(-41.3591480746,-57.52584950016,
    96.633068991563));
#3390 = CARTESIAN_POINT('',(-41.19782495978,-57.64139191149,
    96.842525600656));
#3391 = CARTESIAN_POINT('',(-41.05809891332,-57.740815653,
    97.063973124918));
#3392 = CARTESIAN_POINT('',(-40.93920608149,-57.82498995711,
    97.294403912747));
#3393 = CARTESIAN_POINT('',(-40.84040332258,-57.89467472158,
    97.531501957947));
#3394 = CARTESIAN_POINT('',(-40.62908889123,-58.0433086375,
    98.176230819139));
#3395 = CARTESIAN_POINT('',(-40.55105684839,-58.09767044856,
    98.592506692695));
#3396 = CARTESIAN_POINT('',(-40.52407697333,-58.11637367463,
    99.014533929315));
#3397 = CARTESIAN_POINT('',(-40.54706571687,-58.10040224478,
    99.437300537998));
#3398 = CARTESIAN_POINT('',(-40.62064205001,-58.04922118895,
    99.85566451691));
#3399 = CARTESIAN_POINT('',(-40.74698503966,-57.96081102163,
    100.26338813681));
#3400 = CARTESIAN_POINT('',(-41.03820358025,-57.75470662578,
    100.88083486383));
#3401 = CARTESIAN_POINT('',(-41.16736735677,-57.66293449657,
    101.10483523327));
#3402 = CARTESIAN_POINT('',(-41.31752081421,-57.55570575568,
    101.31925183199));
#3403 = CARTESIAN_POINT('',(-41.48923336129,-57.43228949335,
    101.52071468304));
#3404 = CARTESIAN_POINT('',(-41.6828343863,-57.29203001661,
    101.70514000631));
#3405 = CARTESIAN_POINT('',(-41.89822283731,-57.13447161507,
    101.86755500244));
#3406 = CARTESIAN_POINT('',(-42.35102676606,-56.79952047216,
    102.12472360153));
#3407 = CARTESIAN_POINT('',(-42.58679410759,-56.62363140631,
    102.22500296116));
#3408 = CARTESIAN_POINT('',(-42.83664686365,-56.43534782553,
    102.29429993158));
#3409 = CARTESIAN_POINT('',(-43.09407461232,-56.2391150767,
    102.32745468902));
#3410 = CARTESIAN_POINT('',(-43.35200485802,-56.0401521098,
    102.32251606924));
#3411 = CARTESIAN_POINT('',(-43.60352270164,-55.84396048099,
    102.28080236584));
#3412 = CARTESIAN_POINT('',(-44.10870394046,-55.44600530258,
    102.12479762723));
#3413 = CARTESIAN_POINT('',(-44.35573364027,-55.24900252769,
    102.00395370181));
#3414 = CARTESIAN_POINT('',(-44.58131767571,-55.06707101676,
    101.85122576516));
#3415 = CARTESIAN_POINT('',(-44.78421536759,-54.90185503732,
    101.67281109148));
#3416 = CARTESIAN_POINT('',(-44.96394003984,-54.75434421155,
    101.47451613674));
#3417 = CARTESIAN_POINT('',(-45.12062224102,-54.62492510097,
    101.26182885003));
#3418 = CARTESIAN_POINT('',(-45.41479141658,-54.38071680778,
    100.77598770398));
#3419 = CARTESIAN_POINT('',(-45.54469092682,-54.27195580143,
    100.49625356079));
#3420 = CARTESIAN_POINT('',(-45.64648011865,-54.18622039685,
    100.20599338804));
#3421 = CARTESIAN_POINT('',(-45.72170697684,-54.12261638069,
    99.908839538651));
#3422 = CARTESIAN_POINT('',(-45.77149379637,-54.08043936882,
    99.607426561687));
#3423 = CARTESIAN_POINT('',(-45.79642404148,-54.05931968692,
    99.303843024071));
#3424 = CARTESIAN_POINT('',(-45.79642404148,-54.05931968692,
    98.758300276011));
#3425 = CARTESIAN_POINT('',(-45.78064816663,-54.07268426338,
    98.516680936083));
#3426 = CARTESIAN_POINT('',(-45.74911635188,-54.09939639852,
    98.276170414048));
#3427 = CARTESIAN_POINT('',(-45.70160325176,-54.13959749031,
    98.037832612131));
#3428 = CARTESIAN_POINT('',(-45.63766930822,-54.19356017999,
    97.802907144436));
#3429 = CARTESIAN_POINT('',(-45.55668866371,-54.2616551023,
    97.572953624942));
#3430 = CARTESIAN_POINT('',(-45.34856770977,-54.4357439041,
    97.103374703193));
#3431 = CARTESIAN_POINT('',(-45.21698887228,-54.54537083157,
    96.864298628631));
#3432 = CARTESIAN_POINT('',(-45.06203946325,-54.6737942943,
    96.636314840477));
#3433 = CARTESIAN_POINT('',(-44.88273640155,-54.82140046718,
    96.423741388909));
#3434 = CARTESIAN_POINT('',(-44.67832971237,-54.98824985612,
    96.231776113082));
#3435 = CARTESIAN_POINT('',(-44.44853287465,-55.17387463338,
    96.066717731621));
#3436 = CARTESIAN_POINT('',(-44.06891431278,-55.47683227271,
    95.872306414475));
#3437 = CARTESIAN_POINT('',(-43.9379400376,-55.58081780777,
    95.816683363748));
#3438 = CARTESIAN_POINT('',(-43.80195809222,-55.68817202156,
    95.770796452253));
#3439 = CARTESIAN_POINT('',(-43.66194334686,-55.79804877969,
    95.735638578333));
#3440 = CARTESIAN_POINT('',(-43.51897228783,-55.90954719202,
    95.711907903391));
#3441 = CARTESIAN_POINT('',(-43.37419128553,-56.02174321128,95.7));
#3442 = CARTESIAN_POINT('',(-43.2287848624,-56.13372123171,95.7));
#3443 = PCURVE('',#881,#3444);
#3444 = DEFINITIONAL_REPRESENTATION('',(#3445),#3508);
#3445 = B_SPLINE_CURVE_WITH_KNOTS('',7,(#3446,#3447,#3448,#3449,#3450,
    #3451,#3452,#3453,#3454,#3455,#3456,#3457,#3458,#3459,#3460,#3461,
    #3462,#3463,#3464,#3465,#3466,#3467,#3468,#3469,#3470,#3471,#3472,
    #3473,#3474,#3475,#3476,#3477,#3478,#3479,#3480,#3481,#3482,#3483,
    #3484,#3485,#3486,#3487,#3488,#3489,#3490,#3491,#3492,#3493,#3494,
    #3495,#3496,#3497,#3498,#3499,#3500,#3501,#3502,#3503,#3504,#3505,
    #3506,#3507),.UNSPECIFIED.,.F.,.F.,(8,6,6,6,6,6,6,6,6,6,8),(0.,
    8.234485274903E-02,0.180750761101,0.344501875468,0.442272973011,
    0.531818772779,0.631500501478,0.75006379154,0.844378000565,
    0.948705839147,1.),.UNSPECIFIED.);
#3446 = CARTESIAN_POINT('',(0.,4.));
#3447 = CARTESIAN_POINT('',(8.963097776653E-02,4.));
#3448 = CARTESIAN_POINT('',(0.178361138109,3.998559725552));
#3449 = CARTESIAN_POINT('',(0.265859409187,3.995729374296));
#3450 = CARTESIAN_POINT('',(0.351767340675,3.991709933178));
#3451 = CARTESIAN_POINT('',(0.435661882199,3.986816797622));
#3452 = CARTESIAN_POINT('',(0.51699335383,3.981418597131));
#3453 = CARTESIAN_POINT('',(0.68821849669,3.969197962793));
#3454 = CARTESIAN_POINT('',(0.777872082895,3.962218964986));
#3455 = CARTESIAN_POINT('',(0.864535966287,3.955331502515));
#3456 = CARTESIAN_POINT('',(0.948672940314,3.948850731703));
#3457 = CARTESIAN_POINT('',(1.030694823804,3.942999274719));
#3458 = CARTESIAN_POINT('',(1.111001650517,3.937925766375));
#3459 = CARTESIAN_POINT('',(1.321448796774,3.926754400265));
#3460 = CARTESIAN_POINT('',(1.449255693379,3.922213826592));
#3461 = CARTESIAN_POINT('',(1.575383468651,3.920570558613));
#3462 = CARTESIAN_POINT('',(1.701378951778,3.921943030853));
#3463 = CARTESIAN_POINT('',(1.828776096094,3.926285054221));
#3464 = CARTESIAN_POINT('',(1.959116033738,3.933326158422));
#3465 = CARTESIAN_POINT('',(2.175166357406,3.947717364314));
#3466 = CARTESIAN_POINT('',(2.25794041691,3.953815910388));
#3467 = CARTESIAN_POINT('',(2.343009271539,3.96047509541));
#3468 = CARTESIAN_POINT('',(2.430674892301,3.96746324913));
#3469 = CARTESIAN_POINT('',(2.521294015664,3.97446184746));
#3470 = CARTESIAN_POINT('',(2.615277276004,3.98104817944));
#3471 = CARTESIAN_POINT('',(2.802872514681,3.991945985202));
#3472 = CARTESIAN_POINT('',(2.896567053516,3.99644320319));
#3473 = CARTESIAN_POINT('',(2.992701190639,3.999714522921));
#3474 = CARTESIAN_POINT('',(3.090107197461,4.001309644243));
#3475 = CARTESIAN_POINT('',(3.187787280688,4.001048238195));
#3476 = CARTESIAN_POINT('',(3.284702939467,3.9990700385));
#3477 = CARTESIAN_POINT('',(3.485222012533,3.992008161878));
#3478 = CARTESIAN_POINT('',(3.586890027398,3.9866488803));
#3479 = CARTESIAN_POINT('',(3.685048512653,3.980145436674));
#3480 = CARTESIAN_POINT('',(3.779948375417,3.973043572714));
#3481 = CARTESIAN_POINT('',(3.87173771162,3.965830412779));
#3482 = CARTESIAN_POINT('',(3.960444541812,3.95889187913));
#3483 = CARTESIAN_POINT('',(4.147740528173,3.944894077454));
#3484 = CARTESIAN_POINT('',(4.246082005013,3.937981416485));
#3485 = CARTESIAN_POINT('',(4.341847194223,3.932160326502));
#3486 = CARTESIAN_POINT('',(4.435707745298,3.927666826942));
#3487 = CARTESIAN_POINT('',(4.528320435421,3.924627604413));
#3488 = CARTESIAN_POINT('',(4.620315336727,3.923105767657));
#3489 = CARTESIAN_POINT('',(4.785631320987,3.923105767657));
#3490 = CARTESIAN_POINT('',(4.858849553043,3.924068809427));
#3491 = CARTESIAN_POINT('',(4.932372435104,3.925993573176));
#3492 = CARTESIAN_POINT('',(5.006520381826,3.928854593589));
#3493 = CARTESIAN_POINT('',(5.081610488686,3.932599687297));
#3494 = CARTESIAN_POINT('',(5.157974219391,3.937140640384));
#3495 = CARTESIAN_POINT('',(5.32228422962,3.948085401526));
#3496 = CARTESIAN_POINT('',(5.410955084828,3.954659489422));
#3497 = CARTESIAN_POINT('',(5.502308843845,3.961866436341));
#3498 = CARTESIAN_POINT('',(5.596671675837,3.969412382437));
#3499 = CARTESIAN_POINT('',(5.69445033162,3.976887672431));
#3500 = CARTESIAN_POINT('',(5.796121715583,3.983746831784));
#3501 = CARTESIAN_POINT('',(5.954632534877,3.992154602147));
#3502 = CARTESIAN_POINT('',(6.007938872272,3.994627944039));
#3503 = CARTESIAN_POINT('',(6.062075925675,3.996714849441));
#3504 = CARTESIAN_POINT('',(6.116844942511,3.998339747198));
#3505 = CARTESIAN_POINT('',(6.172066801104,3.999445684296));
#3506 = CARTESIAN_POINT('',(6.227571109981,4.));
#3507 = CARTESIAN_POINT('',(6.28318530718,4.));
#3508 = ( GEOMETRIC_REPRESENTATION_CONTEXT(2) 
PARAMETRIC_REPRESENTATION_CONTEXT() REPRESENTATION_CONTEXT('2D SPACE',''
  ) );
#3509 = PCURVE('',#2631,#3510);
#3510 = DEFINITIONAL_REPRESENTATION('',(#3511),#3574);
#3511 = B_SPLINE_CURVE_WITH_KNOTS('',7,(#3512,#3513,#3514,#3515,#3516,
    #3517,#3518,#3519,#3520,#3521,#3522,#3523,#3524,#3525,#3526,#3527,
    #3528,#3529,#3530,#3531,#3532,#3533,#3534,#3535,#3536,#3537,#3538,
    #3539,#3540,#3541,#3542,#3543,#3544,#3545,#3546,#3547,#3548,#3549,
    #3550,#3551,#3552,#3553,#3554,#3555,#3556,#3557,#3558,#3559,#3560,
    #3561,#3562,#3563,#3564,#3565,#3566,#3567,#3568,#3569,#3570,#3571,
    #3572,#3573),.UNSPECIFIED.,.T.,.F.,(1,7,6,6,6,6,6,6,6,6,6,7,1),(
    -5.1294160853E-02,0.,8.234485274903E-02,0.180750761101,
    0.344501875468,0.442272973011,0.531818772779,0.631500501478,
    0.75006379154,0.844378000565,0.948705839147,1.,1.082344852749),
  .UNSPECIFIED.);
#3512 = CARTESIAN_POINT('',(4.056145181635,4.7));
#3513 = CARTESIAN_POINT('',(4.060319948419,4.7));
#3514 = CARTESIAN_POINT('',(4.064452762583,4.730929699261));
#3515 = CARTESIAN_POINT('',(4.068473511419,4.791670822755));
#3516 = CARTESIAN_POINT('',(4.072315870135,4.879823477363));
#3517 = CARTESIAN_POINT('',(4.075921765734,4.99178667818));
#3518 = CARTESIAN_POINT('',(4.079245147691,5.122823003756));
#3519 = CARTESIAN_POINT('',(4.085852056343,5.439533884839));
#3520 = CARTESIAN_POINT('',(4.08904703511,5.633068991563));
#3521 = CARTESIAN_POINT('',(4.09184773908,5.842525600656));
#3522 = CARTESIAN_POINT('',(4.094268175609,6.063973124918));
#3523 = CARTESIAN_POINT('',(4.09632425573,6.294403912747));
#3524 = CARTESIAN_POINT('',(4.098030742995,6.531501957947));
#3525 = CARTESIAN_POINT('',(4.101677209376,7.176230819139));
#3526 = CARTESIAN_POINT('',(4.103019483013,7.592506692695));
#3527 = CARTESIAN_POINT('',(4.103482844887,8.014533929315));
#3528 = CARTESIAN_POINT('',(4.103087751065,8.437300537998));
#3529 = CARTESIAN_POINT('',(4.101822720504,8.85566451691));
#3530 = CARTESIAN_POINT('',(4.099646263899,9.263388136817));
#3531 = CARTESIAN_POINT('',(4.09461064778,9.88083486383));
#3532 = CARTESIAN_POINT('',(4.092374281035,10.104835233279));
#3533 = CARTESIAN_POINT('',(4.089770054835,10.319251831996));
#3534 = CARTESIAN_POINT('',(4.086785419096,10.520714683046));
#3535 = CARTESIAN_POINT('',(4.083411167992,10.70514000631));
#3536 = CARTESIAN_POINT('',(4.079644604446,10.867555002441));
#3537 = CARTESIAN_POINT('',(4.071695047306,11.124723601537));
#3538 = CARTESIAN_POINT('',(4.067543375392,11.225002961166));
#3539 = CARTESIAN_POINT('',(4.063127754073,11.294299931588));
#3540 = CARTESIAN_POINT('',(4.058559188592,11.327454689024));
#3541 = CARTESIAN_POINT('',(4.053961535061,11.322516069243));
#3542 = CARTESIAN_POINT('',(4.049459305594,11.280802365847));
#3543 = CARTESIAN_POINT('',(4.040382395707,11.124797627236));
#3544 = CARTESIAN_POINT('',(4.035922845069,11.003953701819));
#3545 = CARTESIAN_POINT('',(4.031832525529,10.851225765164));
#3546 = CARTESIAN_POINT('',(4.028139484959,10.672811091484));
#3547 = CARTESIAN_POINT('',(4.024857805254,10.474516136748));
#3548 = CARTESIAN_POINT('',(4.021989491946,10.261828850032));
#3549 = CARTESIAN_POINT('',(4.016593217684,9.775987703985));
#3550 = CARTESIAN_POINT('',(4.014202001946,9.496253560798));
#3551 = CARTESIAN_POINT('',(4.012323604558,9.205993388047));
#3552 = CARTESIAN_POINT('',(4.010933179574,8.908839538651));
#3553 = CARTESIAN_POINT('',(4.010012212632,8.607426561687));
#3554 = CARTESIAN_POINT('',(4.009551048116,8.303843024071));
#3555 = CARTESIAN_POINT('',(4.009551048116,7.758300276011));
#3556 = CARTESIAN_POINT('',(4.009842873623,7.516680936083));
#3557 = CARTESIAN_POINT('',(4.010426154491,7.276170414048));
#3558 = CARTESIAN_POINT('',(4.011304608,7.037832612131));
#3559 = CARTESIAN_POINT('',(4.012485454895,6.802907144436));
#3560 = CARTESIAN_POINT('',(4.013978821909,6.572953624942));
#3561 = CARTESIAN_POINT('',(4.017808495116,6.103374703193));
#3562 = CARTESIAN_POINT('',(4.020225753989,5.864298628631));
#3563 = CARTESIAN_POINT('',(4.023066257886,5.636314840477));
#3564 = CARTESIAN_POINT('',(4.02634418624,5.423741388909));
#3565 = CARTESIAN_POINT('',(4.030068290614,5.231776113082));
#3566 = CARTESIAN_POINT('',(4.034237637053,5.066717731621));
#3567 = CARTESIAN_POINT('',(4.041092806743,4.872306414475));
#3568 = CARTESIAN_POINT('',(4.043453196395,4.816683363748));
#3569 = CARTESIAN_POINT('',(4.045898506415,4.770796452253));
#3570 = CARTESIAN_POINT('',(4.04841056022,4.735638578333));
#3571 = CARTESIAN_POINT('',(4.050969582741,4.711907903391));
#3572 = CARTESIAN_POINT('',(4.053554823826,4.7));
#3573 = CARTESIAN_POINT('',(4.056145181635,4.7));
#3574 = ( GEOMETRIC_REPRESENTATION_CONTEXT(2) 
PARAMETRIC_REPRESENTATION_CONTEXT() REPRESENTATION_CONTEXT('2D SPACE',''
  ) );
#3575 = ORIENTED_EDGE('',*,*,#3355,.T.);
#3576 = ADVANCED_FACE('',(#3577),#1088,.F.);
#3577 = FACE_BOUND('',#3578,.F.);
#3578 = EDGE_LOOP('',(#3579,#3580,#3603,#3801));
#3579 = ORIENTED_EDGE('',*,*,#954,.F.);
#3580 = ORIENTED_EDGE('',*,*,#3581,.F.);
#3581 = EDGE_CURVE('',#3582,#955,#3584,.T.);
#3582 = VERTEX_POINT('',#3583);
#3583 = CARTESIAN_POINT('',(26.998836164417,-65.50408648143,95.7));
#3584 = SEAM_CURVE('',#3585,(#3589,#3596),.PCURVE_S1.);
#3585 = LINE('',#3586,#3587);
#3586 = CARTESIAN_POINT('',(25.474554659016,-61.80590234698,95.7));
#3587 = VECTOR('',#3588,1.);
#3588 = DIRECTION('',(0.38107037635,-0.924546033612,2.220446049251E-16)
  );
#3589 = PCURVE('',#1088,#3590);
#3590 = DEFINITIONAL_REPRESENTATION('',(#3591),#3595);
#3591 = LINE('',#3592,#3593);
#3592 = CARTESIAN_POINT('',(0.,-0.));
#3593 = VECTOR('',#3594,1.);
#3594 = DIRECTION('',(0.,1.));
#3595 = ( GEOMETRIC_REPRESENTATION_CONTEXT(2) 
PARAMETRIC_REPRESENTATION_CONTEXT() REPRESENTATION_CONTEXT('2D SPACE',''
  ) );
#3596 = PCURVE('',#1088,#3597);
#3597 = DEFINITIONAL_REPRESENTATION('',(#3598),#3602);
#3598 = LINE('',#3599,#3600);
#3599 = CARTESIAN_POINT('',(6.28318530718,-0.));
#3600 = VECTOR('',#3601,1.);
#3601 = DIRECTION('',(0.,1.));
#3602 = ( GEOMETRIC_REPRESENTATION_CONTEXT(2) 
PARAMETRIC_REPRESENTATION_CONTEXT() REPRESENTATION_CONTEXT('2D SPACE',''
  ) );
#3603 = ORIENTED_EDGE('',*,*,#3604,.T.);
#3604 = EDGE_CURVE('',#3582,#3582,#3605,.T.);
#3605 = SURFACE_CURVE('',#3606,(#3669,#3735),.PCURVE_S1.);
#3606 = B_SPLINE_CURVE_WITH_KNOTS('',7,(#3607,#3608,#3609,#3610,#3611,
    #3612,#3613,#3614,#3615,#3616,#3617,#3618,#3619,#3620,#3621,#3622,
    #3623,#3624,#3625,#3626,#3627,#3628,#3629,#3630,#3631,#3632,#3633,
    #3634,#3635,#3636,#3637,#3638,#3639,#3640,#3641,#3642,#3643,#3644,
    #3645,#3646,#3647,#3648,#3649,#3650,#3651,#3652,#3653,#3654,#3655,
    #3656,#3657,#3658,#3659,#3660,#3661,#3662,#3663,#3664,#3665,#3666,
    #3667,#3668),.UNSPECIFIED.,.T.,.F.,(1,7,6,6,6,6,6,6,6,6,6,7,1),(
    -5.1294161645E-02,0.,8.234485386854E-02,0.180750764252,
    0.344501878735,0.442272981454,0.531818786864,0.631500517473,
    0.750063803138,0.844378006271,0.948705838355,1.,1.082344853869),
  .UNSPECIFIED.);
#3607 = CARTESIAN_POINT('',(26.998836164417,-65.50408648143,95.7));
#3608 = CARTESIAN_POINT('',(27.2723004509,-65.39137263617,95.7));
#3609 = CARTESIAN_POINT('',(27.542467807959,-65.27845986921,
    95.730929698184));
#3610 = CARTESIAN_POINT('',(27.804756977077,-65.16729073321,
    95.791670824204));
#3611 = CARTESIAN_POINT('',(28.054892763245,-65.05984472658,
    95.879823478023));
#3612 = CARTESIAN_POINT('',(28.289188511378,-64.95798251427,
    95.991786676126));
#3613 = CARTESIAN_POINT('',(28.504770399407,-64.86328731399,
    96.122823004771));
#3614 = CARTESIAN_POINT('',(28.932745481853,-64.67367073065,
    96.439533884839));
#3615 = CARTESIAN_POINT('',(29.139273004123,-64.58099766157,
    96.633068991563));
#3616 = CARTESIAN_POINT('',(29.319997224957,-64.49905895158,
    96.842525600656));
#3617 = CARTESIAN_POINT('',(29.475963734071,-64.42776451653,
    97.063973124918));
#3618 = CARTESIAN_POINT('',(29.608307235691,-64.36688745589,
    97.294403912747));
#3619 = CARTESIAN_POINT('',(29.718057391435,-64.31616413894,
    97.531501957947));
#3620 = CARTESIAN_POINT('',(29.952435351249,-64.20747743252,
    98.176230811115));
#3621 = CARTESIAN_POINT('',(30.03853009021,-64.16708060285,
    98.592506725845));
#3622 = CARTESIAN_POINT('',(30.068217491852,-64.15306696096,
    99.014533865535));
#3623 = CARTESIAN_POINT('',(30.042891444481,-64.16499008724,
    99.437300607315));
#3624 = CARTESIAN_POINT('',(29.961779207645,-64.20311852178,
    99.855664476111));
#3625 = CARTESIAN_POINT('',(29.822042243213,-64.26832968539,
    100.26338814756));
#3626 = CARTESIAN_POINT('',(29.497941332956,-64.41748014043,
    100.88083486947));
#3627 = CARTESIAN_POINT('',(29.353882458239,-64.48345318342,
    101.10483521894));
#3628 = CARTESIAN_POINT('',(29.185942911313,-64.55987552404,
    101.3192518444));
#3629 = CARTESIAN_POINT('',(28.993205003484,-64.64687482734,
    101.52071468344));
#3630 = CARTESIAN_POINT('',(28.774936251974,-64.74440848148,
    101.70513999951));
#3631 = CARTESIAN_POINT('',(28.530792425292,-64.8521611609,
    101.86755500568));
#3632 = CARTESIAN_POINT('',(28.014314272104,-65.07682529033,
    102.1247235998));
#3633 = CARTESIAN_POINT('',(27.744106189643,-65.19306126985,
    102.22500296327));
#3634 = CARTESIAN_POINT('',(27.456121462329,-65.31529830725,
    102.29429993208));
#3635 = CARTESIAN_POINT('',(27.157465042059,-65.44012090289,
    102.32745468746));
#3636 = CARTESIAN_POINT('',(26.856192920591,-65.5640135708,
    102.32251606885));
#3637 = CARTESIAN_POINT('',(26.560527077647,-65.68373859302,
    102.28080236689));
#3638 = CARTESIAN_POINT('',(25.963297169518,-65.922260788,
    102.12479762967));
#3639 = CARTESIAN_POINT('',(25.669172879682,-66.037693409,
    102.00395369761));
#3640 = CARTESIAN_POINT('',(25.398823593991,-66.14208914178,
    101.85122576126));
#3641 = CARTESIAN_POINT('',(25.154293493948,-66.23519571581,
    101.67281110846));
#3642 = CARTESIAN_POINT('',(24.936683024559,-66.31708643821,
    101.47451611926));
#3643 = CARTESIAN_POINT('',(24.746261701741,-66.38806764392,
    101.26182885678));
#3644 = CARTESIAN_POINT('',(24.38768652828,-66.52072147636,
    100.77598771079));
#3645 = CARTESIAN_POINT('',(24.228546960463,-66.57883725574,
    100.49625354544));
#3646 = CARTESIAN_POINT('',(24.10340335423,-66.62412156904,
    100.20599339553));
#3647 = CARTESIAN_POINT('',(24.0107072086,-66.65746793962,99.90883955146
    ));
#3648 = CARTESIAN_POINT('',(23.94928744473,-66.6794960806,
    99.607426543207));
#3649 = CARTESIAN_POINT('',(23.918532139438,-66.69052646586,
    99.303843031786));
#3650 = CARTESIAN_POINT('',(23.918532139438,-66.69052646586,
    98.758300276011));
#3651 = CARTESIAN_POINT('',(23.937994139589,-66.68354644571,
    98.516680936083));
#3652 = CARTESIAN_POINT('',(23.976893434585,-66.66959516068,
    98.276170414047));
#3653 = CARTESIAN_POINT('',(24.035465151391,-66.64854815485,
    98.037832612131));
#3654 = CARTESIAN_POINT('',(24.114165183284,-66.62016108043,
    97.802907144437));
#3655 = CARTESIAN_POINT('',(24.213627438129,-66.58407724622,
    97.572953624941));
#3656 = CARTESIAN_POINT('',(24.468453239999,-66.49088361394,
    97.103374703144));
#3657 = CARTESIAN_POINT('',(24.629182362849,-66.43174646181,
    96.864298628637));
#3658 = CARTESIAN_POINT('',(24.817875048497,-66.36176806867,
    96.636314840515));
#3659 = CARTESIAN_POINT('',(25.035357274807,-66.2802901487,
    96.42374138893));
#3660 = CARTESIAN_POINT('',(25.282056428868,-66.18669345763,
    96.231776113066));
#3661 = CARTESIAN_POINT('',(25.557710620446,-66.08049594707,
    96.066717731601));
#3662 = CARTESIAN_POINT('',(26.009888924829,-65.90321544389,
    95.872306409505));
#3663 = CARTESIAN_POINT('',(26.165430153688,-65.84178117131,
    95.816683365923));
#3664 = CARTESIAN_POINT('',(26.326392605101,-65.77769445799,
    95.770796456104));
#3665 = CARTESIAN_POINT('',(26.491556060807,-65.71137650295,
    95.735638578143));
#3666 = CARTESIAN_POINT('',(26.659602050846,-65.6433091389,
    95.711907900489));
#3667 = CARTESIAN_POINT('',(26.829157131698,-65.57402313196,95.7));
#3668 = CARTESIAN_POINT('',(26.998836164417,-65.50408648143,95.7));
#3669 = PCURVE('',#1088,#3670);
#3670 = DEFINITIONAL_REPRESENTATION('',(#3671),#3734);
#3671 = B_SPLINE_CURVE_WITH_KNOTS('',7,(#3672,#3673,#3674,#3675,#3676,
    #3677,#3678,#3679,#3680,#3681,#3682,#3683,#3684,#3685,#3686,#3687,
    #3688,#3689,#3690,#3691,#3692,#3693,#3694,#3695,#3696,#3697,#3698,
    #3699,#3700,#3701,#3702,#3703,#3704,#3705,#3706,#3707,#3708,#3709,
    #3710,#3711,#3712,#3713,#3714,#3715,#3716,#3717,#3718,#3719,#3720,
    #3721,#3722,#3723,#3724,#3725,#3726,#3727,#3728,#3729,#3730,#3731,
    #3732,#3733),.UNSPECIFIED.,.F.,.F.,(8,6,6,6,6,6,6,6,6,6,8),(0.,
    8.234485386854E-02,0.180750764252,0.344501878735,0.442272981454,
    0.531818786864,0.631500517473,0.750063803138,0.844378006271,
    0.948705838355,1.),.UNSPECIFIED.);
#3672 = CARTESIAN_POINT('',(0.,4.));
#3673 = CARTESIAN_POINT('',(8.963097843495E-02,4.));
#3674 = CARTESIAN_POINT('',(0.178361136254,3.998559725596));
#3675 = CARTESIAN_POINT('',(0.265859410325,3.995729374238));
#3676 = CARTESIAN_POINT('',(0.35176734191,3.99170993315));
#3677 = CARTESIAN_POINT('',(0.435661880465,3.986816797705));
#3678 = CARTESIAN_POINT('',(0.51699335438,3.981418597092));
#3679 = CARTESIAN_POINT('',(0.68821849669,3.969197962793));
#3680 = CARTESIAN_POINT('',(0.777872082895,3.962218964986));
#3681 = CARTESIAN_POINT('',(0.864535966287,3.955331502515));
#3682 = CARTESIAN_POINT('',(0.948672940314,3.948850731703));
#3683 = CARTESIAN_POINT('',(1.030694823804,3.942999274719));
#3684 = CARTESIAN_POINT('',(1.111001650517,3.937925766375));
#3685 = CARTESIAN_POINT('',(1.321448794155,3.926754400404));
#3686 = CARTESIAN_POINT('',(1.449255704205,3.922213826332));
#3687 = CARTESIAN_POINT('',(1.575383447697,3.920570558623));
#3688 = CARTESIAN_POINT('',(1.701378974813,3.921943031335));
#3689 = CARTESIAN_POINT('',(1.828776082268,3.926285053639));
#3690 = CARTESIAN_POINT('',(1.959116037498,3.933326158673));
#3691 = CARTESIAN_POINT('',(2.175166359379,3.947717364445));
#3692 = CARTESIAN_POINT('',(2.25794041237,3.953815910065));
#3693 = CARTESIAN_POINT('',(2.34300927384,3.960475095611));
#3694 = CARTESIAN_POINT('',(2.430674896113,3.967463249328));
#3695 = CARTESIAN_POINT('',(2.521294010046,3.97446184713));
#3696 = CARTESIAN_POINT('',(2.615277278367,3.981048179577));
#3697 = CARTESIAN_POINT('',(2.80287251342,3.991945985129));
#3698 = CARTESIAN_POINT('',(2.896567056647,3.996443203279));
#3699 = CARTESIAN_POINT('',(2.992701188675,3.999714522944));
#3700 = CARTESIAN_POINT('',(3.090107195557,4.001309644177));
#3701 = CARTESIAN_POINT('',(3.187787283893,4.001048238175));
#3702 = CARTESIAN_POINT('',(3.284702938126,3.999070038548));
#3703 = CARTESIAN_POINT('',(3.485222009396,3.992008161989));
#3704 = CARTESIAN_POINT('',(3.586890034741,3.986648880064));
#3705 = CARTESIAN_POINT('',(3.685048507707,3.980145436684));
#3706 = CARTESIAN_POINT('',(3.77994837245,3.973043573155));
#3707 = CARTESIAN_POINT('',(3.871737717529,3.965830412276));
#3708 = CARTESIAN_POINT('',(3.960444539208,3.958891879324));
#3709 = CARTESIAN_POINT('',(4.147740525547,3.94489407765));
#3710 = CARTESIAN_POINT('',(4.246082011103,3.937981415963));
#3711 = CARTESIAN_POINT('',(4.341847190323,3.932160327082));
#3712 = CARTESIAN_POINT('',(4.435707742365,3.927666826641));
#3713 = CARTESIAN_POINT('',(4.528320440777,3.924627604472));
#3714 = CARTESIAN_POINT('',(4.620315334389,3.923105767657));
#3715 = CARTESIAN_POINT('',(4.785631320987,3.923105767657));
#3716 = CARTESIAN_POINT('',(4.858849553043,3.924068809427));
#3717 = CARTESIAN_POINT('',(4.932372435104,3.925993573176));
#3718 = CARTESIAN_POINT('',(5.006520381826,3.928854593589));
#3719 = CARTESIAN_POINT('',(5.081610488686,3.932599687297));
#3720 = CARTESIAN_POINT('',(5.157974219391,3.937140640384));
#3721 = CARTESIAN_POINT('',(5.322284229637,3.948085401527));
#3722 = CARTESIAN_POINT('',(5.410955084828,3.954659489422));
#3723 = CARTESIAN_POINT('',(5.502308843832,3.96186643634));
#3724 = CARTESIAN_POINT('',(5.596671675824,3.969412382436));
#3725 = CARTESIAN_POINT('',(5.694450331623,3.976887672431));
#3726 = CARTESIAN_POINT('',(5.7961217156,3.983746831785));
#3727 = CARTESIAN_POINT('',(5.954632538929,3.992154602362));
#3728 = CARTESIAN_POINT('',(6.007938868191,3.994627943944));
#3729 = CARTESIAN_POINT('',(6.062075922278,3.996714849273));
#3730 = CARTESIAN_POINT('',(6.116844945598,3.998339747207));
#3731 = CARTESIAN_POINT('',(6.172066805299,3.999445684423));
#3732 = CARTESIAN_POINT('',(6.227571106444,4.));
#3733 = CARTESIAN_POINT('',(6.28318530718,4.));
#3734 = ( GEOMETRIC_REPRESENTATION_CONTEXT(2) 
PARAMETRIC_REPRESENTATION_CONTEXT() REPRESENTATION_CONTEXT('2D SPACE',''
  ) );
#3735 = PCURVE('',#2631,#3736);
#3736 = DEFINITIONAL_REPRESENTATION('',(#3737),#3800);
#3737 = B_SPLINE_CURVE_WITH_KNOTS('',7,(#3738,#3739,#3740,#3741,#3742,
    #3743,#3744,#3745,#3746,#3747,#3748,#3749,#3750,#3751,#3752,#3753,
    #3754,#3755,#3756,#3757,#3758,#3759,#3760,#3761,#3762,#3763,#3764,
    #3765,#3766,#3767,#3768,#3769,#3770,#3771,#3772,#3773,#3774,#3775,
    #3776,#3777,#3778,#3779,#3780,#3781,#3782,#3783,#3784,#3785,#3786,
    #3787,#3788,#3789,#3790,#3791,#3792,#3793,#3794,#3795,#3796,#3797,
    #3798,#3799),.UNSPECIFIED.,.T.,.F.,(1,7,6,6,6,6,6,6,6,6,6,7,1),(
    -5.1294161645E-02,0.,8.234485386854E-02,0.180750764252,
    0.344501878735,0.442272981454,0.531818786864,0.631500517473,
    0.750063803138,0.844378006271,0.948705838355,1.,1.082344853869),
  .UNSPECIFIED.);
#3738 = CARTESIAN_POINT('',(5.103342732831,4.7));
#3739 = CARTESIAN_POINT('',(5.107517499646,4.7));
#3740 = CARTESIAN_POINT('',(5.111650313696,4.730929698184));
#3741 = CARTESIAN_POINT('',(5.115671062663,4.791670824204));
#3742 = CARTESIAN_POINT('',(5.119513421387,4.879823478023));
#3743 = CARTESIAN_POINT('',(5.123119316857,4.991786676126));
#3744 = CARTESIAN_POINT('',(5.126442698909,5.122823004771));
#3745 = CARTESIAN_POINT('',(5.133049607539,5.439533884839));
#3746 = CARTESIAN_POINT('',(5.136244586306,5.633068991563));
#3747 = CARTESIAN_POINT('',(5.139045290277,5.842525600656));
#3748 = CARTESIAN_POINT('',(5.141465726805,6.063973124918));
#3749 = CARTESIAN_POINT('',(5.143521806927,6.294403912747));
#3750 = CARTESIAN_POINT('',(5.145228294191,6.531501957947));
#3751 = CARTESIAN_POINT('',(5.148874760527,7.176230811115));
#3752 = CARTESIAN_POINT('',(5.150217034292,7.592506725845));
#3753 = CARTESIAN_POINT('',(5.150680396091,8.014533865535));
#3754 = CARTESIAN_POINT('',(5.150285302089,8.437300607316));
#3755 = CARTESIAN_POINT('',(5.149020271905,8.855664476111));
#3756 = CARTESIAN_POINT('',(5.146843815008,9.263388147561));
#3757 = CARTESIAN_POINT('',(5.141808198931,9.88083486947));
#3758 = CARTESIAN_POINT('',(5.139571832323,10.104835218945));
#3759 = CARTESIAN_POINT('',(5.136967606049,10.319251844406));
#3760 = CARTESIAN_POINT('',(5.133982970069,10.520714683447));
#3761 = CARTESIAN_POINT('',(5.130608719441,10.705139999513));
#3762 = CARTESIAN_POINT('',(5.126842155542,10.867555005681));
#3763 = CARTESIAN_POINT('',(5.118892598556,11.124723599809));
#3764 = CARTESIAN_POINT('',(5.114740926451,11.225002963272));
#3765 = CARTESIAN_POINT('',(5.110325305358,11.294299932081));
#3766 = CARTESIAN_POINT('',(5.105756739872,11.327454687466));
#3767 = CARTESIAN_POINT('',(5.101159086114,11.322516068857));
#3768 = CARTESIAN_POINT('',(5.096656856852,11.28080236689));
#3769 = CARTESIAN_POINT('',(5.087579947045,11.124797629677));
#3770 = CARTESIAN_POINT('',(5.083120395917,11.003953697619));
#3771 = CARTESIAN_POINT('',(5.07903007702,10.851225761263));
#3772 = CARTESIAN_POINT('',(5.075337036162,10.672811108466));
#3773 = CARTESIAN_POINT('',(5.072055356297,10.474516119263));
#3774 = CARTESIAN_POINT('',(5.069187043217,10.261828856789));
#3775 = CARTESIAN_POINT('',(5.063790768956,9.775987710796));
#3776 = CARTESIAN_POINT('',(5.061399552944,9.496253545441));
#3777 = CARTESIAN_POINT('',(5.059521155977,9.205993395532));
#3778 = CARTESIAN_POINT('',(5.058130730651,8.90883955146));
#3779 = CARTESIAN_POINT('',(5.057209763854,8.607426543207));
#3780 = CARTESIAN_POINT('',(5.056748599313,8.303843031786));
#3781 = CARTESIAN_POINT('',(5.056748599313,7.758300276011));
#3782 = CARTESIAN_POINT('',(5.057040424819,7.516680936083));
#3783 = CARTESIAN_POINT('',(5.057623705687,7.276170414047));
#3784 = CARTESIAN_POINT('',(5.058502159197,7.037832612131));
#3785 = CARTESIAN_POINT('',(5.059683006091,6.802907144437));
#3786 = CARTESIAN_POINT('',(5.061176373105,6.572953624941));
#3787 = CARTESIAN_POINT('',(5.065006046313,6.103374703144));
#3788 = CARTESIAN_POINT('',(5.067423305186,5.864298628637));
#3789 = CARTESIAN_POINT('',(5.070263809082,5.636314840515));
#3790 = CARTESIAN_POINT('',(5.073541737436,5.42374138893));
#3791 = CARTESIAN_POINT('',(5.077265841811,5.231776113066));
#3792 = CARTESIAN_POINT('',(5.08143518825,5.066717731601));
#3793 = CARTESIAN_POINT('',(5.088290358115,4.872306409505));
#3794 = CARTESIAN_POINT('',(5.090650747406,4.816683365923));
#3795 = CARTESIAN_POINT('',(5.093096057463,4.770796456104));
#3796 = CARTESIAN_POINT('',(5.09560811156,4.735638578143));
#3797 = CARTESIAN_POINT('',(5.098167134126,4.711907900489));
#3798 = CARTESIAN_POINT('',(5.100752374858,4.7));
#3799 = CARTESIAN_POINT('',(5.103342732831,4.7));
#3800 = ( GEOMETRIC_REPRESENTATION_CONTEXT(2) 
PARAMETRIC_REPRESENTATION_CONTEXT() REPRESENTATION_CONTEXT('2D SPACE',''
  ) );
#3801 = ORIENTED_EDGE('',*,*,#3581,.T.);
#3802 = ADVANCED_FACE('',(#3803),#1295,.F.);
#3803 = FACE_BOUND('',#3804,.F.);
#3804 = EDGE_LOOP('',(#3805,#3806,#3829,#4027));
#3805 = ORIENTED_EDGE('',*,*,#1161,.F.);
#3806 = ORIENTED_EDGE('',*,*,#3807,.F.);
#3807 = EDGE_CURVE('',#3808,#1162,#3810,.T.);
#3808 = VERTEX_POINT('',#3809);
#3809 = CARTESIAN_POINT('',(70.227621026822,-9.370365249717,95.7));
#3810 = SEAM_CURVE('',#3811,(#3815,#3822),.PCURVE_S1.);
#3811 = LINE('',#3812,#3813);
#3812 = CARTESIAN_POINT('',(66.262758865816,-8.841339688689,95.7));
#3813 = VECTOR('',#3814,1.);
#3814 = DIRECTION('',(0.991215540252,-0.132256390257,2.220446049249E-16)
  );
#3815 = PCURVE('',#1295,#3816);
#3816 = DEFINITIONAL_REPRESENTATION('',(#3817),#3821);
#3817 = LINE('',#3818,#3819);
#3818 = CARTESIAN_POINT('',(0.,-0.));
#3819 = VECTOR('',#3820,1.);
#3820 = DIRECTION('',(0.,1.));
#3821 = ( GEOMETRIC_REPRESENTATION_CONTEXT(2) 
PARAMETRIC_REPRESENTATION_CONTEXT() REPRESENTATION_CONTEXT('2D SPACE',''
  ) );
#3822 = PCURVE('',#1295,#3823);
#3823 = DEFINITIONAL_REPRESENTATION('',(#3824),#3828);
#3824 = LINE('',#3825,#3826);
#3825 = CARTESIAN_POINT('',(6.28318530718,-0.));
#3826 = VECTOR('',#3827,1.);
#3827 = DIRECTION('',(0.,1.));
#3828 = ( GEOMETRIC_REPRESENTATION_CONTEXT(2) 
PARAMETRIC_REPRESENTATION_CONTEXT() REPRESENTATION_CONTEXT('2D SPACE',''
  ) );
#3829 = ORIENTED_EDGE('',*,*,#3830,.T.);
#3830 = EDGE_CURVE('',#3808,#3808,#3831,.T.);
#3831 = SURFACE_CURVE('',#3832,(#3895,#3961),.PCURVE_S1.);
#3832 = B_SPLINE_CURVE_WITH_KNOTS('',7,(#3833,#3834,#3835,#3836,#3837,
    #3838,#3839,#3840,#3841,#3842,#3843,#3844,#3845,#3846,#3847,#3848,
    #3849,#3850,#3851,#3852,#3853,#3854,#3855,#3856,#3857,#3858,#3859,
    #3860,#3861,#3862,#3863,#3864,#3865,#3866,#3867,#3868,#3869,#3870,
    #3871,#3872,#3873,#3874,#3875,#3876,#3877,#3878,#3879,#3880,#3881,
    #3882,#3883,#3884,#3885,#3886,#3887,#3888,#3889,#3890,#3891,#3892,
    #3893,#3894),.UNSPECIFIED.,.T.,.F.,(1,7,6,6,6,6,6,6,6,6,6,7,1),(
    -5.1294163208E-02,0.,8.234485368634E-02,0.180750763962,
    0.344501878266,0.442272978519,0.53181878079,0.631500509313,
    0.750063795557,0.844378001545,0.948705836792,1.,1.082344853686),
  .UNSPECIFIED.);
#3833 = CARTESIAN_POINT('',(70.227621026822,-9.370365249717,95.7));
#3834 = CARTESIAN_POINT('',(70.266740116747,-9.077181307682,95.7));
#3835 = CARTESIAN_POINT('',(70.304038470643,-8.786753129962,
    95.730929698244));
#3836 = CARTESIAN_POINT('',(70.338907759281,-8.504019478628,
    95.791670824182));
#3837 = CARTESIAN_POINT('',(70.370924681089,-8.233672530086,
    95.879823477909));
#3838 = CARTESIAN_POINT('',(70.399857291641,-7.979835353801,
    95.991786676087));
#3839 = CARTESIAN_POINT('',(70.425639786619,-7.745788361832,
    96.122823004933));
#3840 = CARTESIAN_POINT('',(70.475414549665,-7.280342776814,
    96.439533884839));
#3841 = CARTESIAN_POINT('',(70.498421078726,-7.055148161405,
    96.633068991563));
#3842 = CARTESIAN_POINT('',(70.517822184739,-6.85766704009,
    96.842525600656));
#3843 = CARTESIAN_POINT('',(70.534062647399,-6.686948863534,
    97.063973124918));
#3844 = CARTESIAN_POINT('',(70.547513317186,-6.541897498785,
    97.294403912747));
#3845 = CARTESIAN_POINT('',(70.558460714015,-6.421489417367,
    97.531501957947));
#3846 = CARTESIAN_POINT('',(70.58152424511,-6.164168796872,
    98.176230811115));
#3847 = CARTESIAN_POINT('',(70.589586933857,-6.06941015096,
    98.592506725845));
#3848 = CARTESIAN_POINT('',(70.592294464802,-6.036693286022,
    99.014533865534));
#3849 = CARTESIAN_POINT('',(70.589957171371,-6.064587849563,
    99.437300607316));
#3850 = CARTESIAN_POINT('',(70.582421245872,-6.153897324492,
    99.855664476111));
#3851 = CARTESIAN_POINT('',(70.56902728795,-6.30751866734,
    100.26338814756));
#3852 = CARTESIAN_POINT('',(70.536144916169,-6.662773513328,
    100.88083486389));
#3853 = CARTESIAN_POINT('',(70.521249809177,-6.820518689623,
    101.10483523327));
#3854 = CARTESIAN_POINT('',(70.503463724275,-7.004169768621,
    101.31925183194));
#3855 = CARTESIAN_POINT('',(70.482438379403,-7.214585327695,
    101.52071468301));
#3856 = CARTESIAN_POINT('',(70.457770621922,-7.452378471973,
    101.70514000633));
#3857 = CARTESIAN_POINT('',(70.429015269105,-7.717689543069,
    101.86755500247));
#3858 = CARTESIAN_POINT('',(70.365341034698,-8.277304819688,
    102.12472360153));
#3859 = CARTESIAN_POINT('',(70.33090030619,-8.569429859758,
    102.22500296116));
#3860 = CARTESIAN_POINT('',(70.292768320148,-8.879950484099,
    102.29429993158));
#3861 = CARTESIAN_POINT('',(70.251539648944,-9.201005828505,
    102.32745468902));
#3862 = CARTESIAN_POINT('',(70.208197788047,-9.523861457136,
    102.32251606924));
#3863 = CARTESIAN_POINT('',(70.164049775302,-9.839778113621,
    102.28080236584));
#3864 = CARTESIAN_POINT('',(70.072001102074,-10.47625547919,
    102.12479762967));
#3865 = CARTESIAN_POINT('',(70.024906539369,-10.78869089656,
    102.00395369761));
#3866 = CARTESIAN_POINT('',(69.980141253154,-11.07501811225,
    101.85122576126));
#3867 = CARTESIAN_POINT('',(69.938508861503,-11.33334067789,
    101.67281110846));
#3868 = CARTESIAN_POINT('',(69.900623072745,-11.56274223372,
    101.47451611926));
#3869 = CARTESIAN_POINT('',(69.866883938672,-11.76314253955,
    101.26182885678));
#3870 = CARTESIAN_POINT('',(69.802477939842,-12.14000467044,
    100.77598770398));
#3871 = CARTESIAN_POINT('',(69.773237900519,-12.30688144942,
    100.49625356079));
#3872 = CARTESIAN_POINT('',(69.749883458066,-12.43790117766,
    100.20599338804));
#3873 = CARTESIAN_POINT('',(69.732414193383,-12.53485155598,
    99.908839538652));
#3874 = CARTESIAN_POINT('',(69.720781239413,-12.59905671241,
    99.607426561687));
#3875 = CARTESIAN_POINT('',(69.714956180919,-12.63120677894,
    99.303843024071));
#3876 = CARTESIAN_POINT('',(69.714956180919,-12.63120677894,
    98.758300276011));
#3877 = CARTESIAN_POINT('',(69.718642306219,-12.61086218232,
    98.516680936083));
#3878 = CARTESIAN_POINT('',(69.726009786468,-12.57019876215,
    98.276170414048));
#3879 = CARTESIAN_POINT('',(69.737068403154,-12.50895066454,
    98.037832612131));
#3880 = CARTESIAN_POINT('',(69.751834491511,-12.42660090044,
    97.802907144437));
#3881 = CARTESIAN_POINT('',(69.770316101838,-12.32242214392,
    97.572953624942));
#3882 = CARTESIAN_POINT('',(69.817020949752,-12.05513970981,
    97.103374703132));
#3883 = CARTESIAN_POINT('',(69.846171235125,-11.88637563023,
    96.864298628638));
#3884 = CARTESIAN_POINT('',(69.879914511772,-11.6879737744,
    96.636314840525));
#3885 = CARTESIAN_POINT('',(69.918093676387,-11.45888968156,
    96.423741388935));
#3886 = CARTESIAN_POINT('',(69.960386141242,-11.1984436015,
    96.231776113062));
#3887 = CARTESIAN_POINT('',(70.006243495064,-10.90662131364,
    96.066717731596));
#3888 = CARTESIAN_POINT('',(70.078803227907,-10.42638316341,
    95.872306409497));
#3889 = CARTESIAN_POINT('',(70.103370201618,-10.26096337163,
    95.816683365926));
#3890 = CARTESIAN_POINT('',(70.128350705543,-10.08952244299,
    95.77079645611));
#3891 = CARTESIAN_POINT('',(70.153499399607,-9.913327717023,
    95.735638578143));
#3892 = CARTESIAN_POINT('',(70.17857432819,-9.733761938614,
    95.711907900485));
#3893 = CARTESIAN_POINT('',(70.203348426479,-9.552279927827,95.7));
#3894 = CARTESIAN_POINT('',(70.227621026822,-9.370365249717,95.7));
#3895 = PCURVE('',#1295,#3896);
#3896 = DEFINITIONAL_REPRESENTATION('',(#3897),#3960);
#3897 = B_SPLINE_CURVE_WITH_KNOTS('',7,(#3898,#3899,#3900,#3901,#3902,
    #3903,#3904,#3905,#3906,#3907,#3908,#3909,#3910,#3911,#3912,#3913,
    #3914,#3915,#3916,#3917,#3918,#3919,#3920,#3921,#3922,#3923,#3924,
    #3925,#3926,#3927,#3928,#3929,#3930,#3931,#3932,#3933,#3934,#3935,
    #3936,#3937,#3938,#3939,#3940,#3941,#3942,#3943,#3944,#3945,#3946,
    #3947,#3948,#3949,#3950,#3951,#3952,#3953,#3954,#3955,#3956,#3957,
    #3958,#3959),.UNSPECIFIED.,.F.,.F.,(8,6,6,6,6,6,6,6,6,6,8),(0.,
    8.234485368634E-02,0.180750763962,0.344501878266,0.442272978519,
    0.53181878079,0.631500509313,0.750063795557,0.844378001545,
    0.948705836792,1.),.UNSPECIFIED.);
#3898 = CARTESIAN_POINT('',(0.,4.));
#3899 = CARTESIAN_POINT('',(8.963097852155E-02,4.));
#3900 = CARTESIAN_POINT('',(0.178361136265,3.998559725593));
#3901 = CARTESIAN_POINT('',(0.265859410261,3.995729374239));
#3902 = CARTESIAN_POINT('',(0.351767341839,3.991709933155));
#3903 = CARTESIAN_POINT('',(0.435661880467,3.986816797705));
#3904 = CARTESIAN_POINT('',(0.516993354467,3.981418597086));
#3905 = CARTESIAN_POINT('',(0.68821849669,3.969197962793));
#3906 = CARTESIAN_POINT('',(0.777872082895,3.962218964986));
#3907 = CARTESIAN_POINT('',(0.864535966287,3.955331502515));
#3908 = CARTESIAN_POINT('',(0.948672940314,3.948850731703));
#3909 = CARTESIAN_POINT('',(1.030694823804,3.942999274719));
#3910 = CARTESIAN_POINT('',(1.111001650517,3.937925766375));
#3911 = CARTESIAN_POINT('',(1.321448794155,3.926754400404));
#3912 = CARTESIAN_POINT('',(1.449255704205,3.922213826332));
#3913 = CARTESIAN_POINT('',(1.575383447697,3.920570558623));
#3914 = CARTESIAN_POINT('',(1.701378974813,3.921943031334));
#3915 = CARTESIAN_POINT('',(1.828776082269,3.926285053639));
#3916 = CARTESIAN_POINT('',(1.959116037498,3.933326158673));
#3917 = CARTESIAN_POINT('',(2.17516635743,3.947717364316));
#3918 = CARTESIAN_POINT('',(2.257940416911,3.953815910388));
#3919 = CARTESIAN_POINT('',(2.343009271519,3.960475095408));
#3920 = CARTESIAN_POINT('',(2.430674892284,3.967463249128));
#3921 = CARTESIAN_POINT('',(2.521294015668,3.974461847461));
#3922 = CARTESIAN_POINT('',(2.615277276027,3.981048179441));
#3923 = CARTESIAN_POINT('',(2.802872514681,3.991945985202));
#3924 = CARTESIAN_POINT('',(2.896567053516,3.99644320319));
#3925 = CARTESIAN_POINT('',(2.992701190639,3.999714522921));
#3926 = CARTESIAN_POINT('',(3.090107197461,4.001309644243));
#3927 = CARTESIAN_POINT('',(3.187787280688,4.001048238195));
#3928 = CARTESIAN_POINT('',(3.284702939467,3.9990700385));
#3929 = CARTESIAN_POINT('',(3.485222009396,3.992008161989));
#3930 = CARTESIAN_POINT('',(3.586890034741,3.986648880064));
#3931 = CARTESIAN_POINT('',(3.685048507707,3.980145436684));
#3932 = CARTESIAN_POINT('',(3.77994837245,3.973043573155));
#3933 = CARTESIAN_POINT('',(3.871737717529,3.965830412276));
#3934 = CARTESIAN_POINT('',(3.960444539208,3.958891879324));
#3935 = CARTESIAN_POINT('',(4.147740528173,3.944894077454));
#3936 = CARTESIAN_POINT('',(4.246082005013,3.937981416485));
#3937 = CARTESIAN_POINT('',(4.341847194222,3.932160326502));
#3938 = CARTESIAN_POINT('',(4.435707745299,3.927666826942));
#3939 = CARTESIAN_POINT('',(4.528320435421,3.924627604413));
#3940 = CARTESIAN_POINT('',(4.620315336727,3.923105767657));
#3941 = CARTESIAN_POINT('',(4.785631320987,3.923105767657));
#3942 = CARTESIAN_POINT('',(4.858849553043,3.924068809427));
#3943 = CARTESIAN_POINT('',(4.932372435104,3.925993573176));
#3944 = CARTESIAN_POINT('',(5.006520381826,3.928854593589));
#3945 = CARTESIAN_POINT('',(5.081610488686,3.932599687297));
#3946 = CARTESIAN_POINT('',(5.157974219391,3.937140640384));
#3947 = CARTESIAN_POINT('',(5.322284229641,3.948085401528));
#3948 = CARTESIAN_POINT('',(5.410955084828,3.954659489422));
#3949 = CARTESIAN_POINT('',(5.502308843828,3.96186643634));
#3950 = CARTESIAN_POINT('',(5.596671675822,3.969412382436));
#3951 = CARTESIAN_POINT('',(5.694450331623,3.976887672431));
#3952 = CARTESIAN_POINT('',(5.796121715604,3.983746831785));
#3953 = CARTESIAN_POINT('',(5.954632538935,3.992154602362));
#3954 = CARTESIAN_POINT('',(6.007938868185,3.994627943944));
#3955 = CARTESIAN_POINT('',(6.062075922273,3.996714849273));
#3956 = CARTESIAN_POINT('',(6.116844945603,3.998339747207));
#3957 = CARTESIAN_POINT('',(6.172066805306,3.999445684423));
#3958 = CARTESIAN_POINT('',(6.227571106438,4.));
#3959 = CARTESIAN_POINT('',(6.28318530718,4.));
#3960 = ( GEOMETRIC_REPRESENTATION_CONTEXT(2) 
PARAMETRIC_REPRESENTATION_CONTEXT() REPRESENTATION_CONTEXT('2D SPACE',''
  ) );
#3961 = PCURVE('',#2631,#3962);
#3962 = DEFINITIONAL_REPRESENTATION('',(#3963),#4026);
#3963 = B_SPLINE_CURVE_WITH_KNOTS('',7,(#3964,#3965,#3966,#3967,#3968,
    #3969,#3970,#3971,#3972,#3973,#3974,#3975,#3976,#3977,#3978,#3979,
    #3980,#3981,#3982,#3983,#3984,#3985,#3986,#3987,#3988,#3989,#3990,
    #3991,#3992,#3993,#3994,#3995,#3996,#3997,#3998,#3999,#4000,#4001,
    #4002,#4003,#4004,#4005,#4006,#4007,#4008,#4009,#4010,#4011,#4012,
    #4013,#4014,#4015,#4016,#4017,#4018,#4019,#4020,#4021,#4022,#4023,
    #4024,#4025),.UNSPECIFIED.,.T.,.F.,(1,7,6,6,6,6,6,6,6,6,6,7,1),(
    -5.1294163208E-02,0.,8.234485368634E-02,0.180750763962,
    0.344501878266,0.442272978519,0.53181878079,0.631500509313,
    0.750063795557,0.844378001545,0.948705836792,1.,1.082344853686),
  .UNSPECIFIED.);
#3964 = CARTESIAN_POINT('',(6.150540284028,4.7));
#3965 = CARTESIAN_POINT('',(6.154715050847,4.7));
#3966 = CARTESIAN_POINT('',(6.158847864894,4.730929698244));
#3967 = CARTESIAN_POINT('',(6.162868613857,4.791670824182));
#3968 = CARTESIAN_POINT('',(6.166710972581,4.879823477909));
#3969 = CARTESIAN_POINT('',(6.170316868054,4.991786676087));
#3970 = CARTESIAN_POINT('',(6.173640250109,5.122823004933));
#3971 = CARTESIAN_POINT('',(6.180247158736,5.439533884839));
#3972 = CARTESIAN_POINT('',(6.183442137503,5.633068991563));
#3973 = CARTESIAN_POINT('',(6.186242841473,5.842525600656));
#3974 = CARTESIAN_POINT('',(6.188663278002,6.063973124918));
#3975 = CARTESIAN_POINT('',(6.190719358123,6.294403912747));
#3976 = CARTESIAN_POINT('',(6.192425845388,6.531501957947));
#3977 = CARTESIAN_POINT('',(6.196072311724,7.176230811115));
#3978 = CARTESIAN_POINT('',(6.197414585488,7.592506725845));
#3979 = CARTESIAN_POINT('',(6.197877947287,8.014533865534));
#3980 = CARTESIAN_POINT('',(6.197482853285,8.437300607316));
#3981 = CARTESIAN_POINT('',(6.196217823101,8.855664476111));
#3982 = CARTESIAN_POINT('',(6.194041366204,9.263388147561));
#3983 = CARTESIAN_POINT('',(6.189005750173,9.880834863899));
#3984 = CARTESIAN_POINT('',(6.186769383428,10.104835233273));
#3985 = CARTESIAN_POINT('',(6.184165157229,10.31925183194));
#3986 = CARTESIAN_POINT('',(6.18118052149,10.520714683015));
#3987 = CARTESIAN_POINT('',(6.177806270385,10.705140006331));
#3988 = CARTESIAN_POINT('',(6.174039706838,10.867555002473));
#3989 = CARTESIAN_POINT('',(6.166090149699,11.124723601538));
#3990 = CARTESIAN_POINT('',(6.161938477785,11.225002961166));
#3991 = CARTESIAN_POINT('',(6.157522856466,11.294299931588));
#3992 = CARTESIAN_POINT('',(6.152954290985,11.327454689024));
#3993 = CARTESIAN_POINT('',(6.148356637454,11.322516069243));
#3994 = CARTESIAN_POINT('',(6.143854407987,11.280802365847));
#3995 = CARTESIAN_POINT('',(6.134777498242,11.124797629677));
#3996 = CARTESIAN_POINT('',(6.130317947114,11.003953697619));
#3997 = CARTESIAN_POINT('',(6.126227628217,10.851225761263));
#3998 = CARTESIAN_POINT('',(6.122534587358,10.672811108466));
#3999 = CARTESIAN_POINT('',(6.119252907493,10.474516119263));
#4000 = CARTESIAN_POINT('',(6.116384594414,10.261828856789));
#4001 = CARTESIAN_POINT('',(6.110988320077,9.775987703985));
#4002 = CARTESIAN_POINT('',(6.108597104339,9.496253560797));
#4003 = CARTESIAN_POINT('',(6.106718706951,9.205993388047));
#4004 = CARTESIAN_POINT('',(6.105328281967,8.908839538651));
#4005 = CARTESIAN_POINT('',(6.104407315025,8.607426561687));
#4006 = CARTESIAN_POINT('',(6.103946150509,8.303843024071));
#4007 = CARTESIAN_POINT('',(6.103946150509,7.758300276011));
#4008 = CARTESIAN_POINT('',(6.104237976016,7.516680936083));
#4009 = CARTESIAN_POINT('',(6.104821256884,7.276170414048));
#4010 = CARTESIAN_POINT('',(6.105699710394,7.037832612131));
#4011 = CARTESIAN_POINT('',(6.106880557288,6.802907144437));
#4012 = CARTESIAN_POINT('',(6.108373924302,6.572953624942));
#4013 = CARTESIAN_POINT('',(6.112203597509,6.103374703132));
#4014 = CARTESIAN_POINT('',(6.114620856383,5.864298628638));
#4015 = CARTESIAN_POINT('',(6.117461360278,5.636314840525));
#4016 = CARTESIAN_POINT('',(6.120739288632,5.423741388935));
#4017 = CARTESIAN_POINT('',(6.124463393007,5.231776113062));
#4018 = CARTESIAN_POINT('',(6.128632739447,5.066717731596));
#4019 = CARTESIAN_POINT('',(6.135487909312,4.872306409497));
#4020 = CARTESIAN_POINT('',(6.137848298602,4.816683365926));
#4021 = CARTESIAN_POINT('',(6.14029360866,4.77079645611));
#4022 = CARTESIAN_POINT('',(6.142805662757,4.735638578143));
#4023 = CARTESIAN_POINT('',(6.145364685323,4.711907900485));
#4024 = CARTESIAN_POINT('',(6.147949926054,4.7));
#4025 = CARTESIAN_POINT('',(6.150540284028,4.7));
#4026 = ( GEOMETRIC_REPRESENTATION_CONTEXT(2) 
PARAMETRIC_REPRESENTATION_CONTEXT() REPRESENTATION_CONTEXT('2D SPACE',''
  ) );
#4027 = ORIENTED_EDGE('',*,*,#3807,.T.);
#4028 = ADVANCED_FACE('',(#4029),#1502,.F.);
#4029 = FACE_BOUND('',#4030,.F.);
#4030 = EDGE_LOOP('',(#4031,#4032,#4055,#4253));
#4031 = ORIENTED_EDGE('',*,*,#1368,.F.);
#4032 = ORIENTED_EDGE('',*,*,#4033,.F.);
#4033 = EDGE_CURVE('',#4034,#1369,#4036,.T.);
#4034 = VERTEX_POINT('',#4035);
#4035 = CARTESIAN_POINT('',(43.228784862405,56.133721231715,115.7));
#4036 = SEAM_CURVE('',#4037,(#4041,#4048),.PCURVE_S1.);
#4037 = LINE('',#4038,#4039);
#4038 = CARTESIAN_POINT('',(40.7882042068,52.964562658294,115.7));
#4039 = VECTOR('',#4040,1.);
#4040 = DIRECTION('',(0.610145163901,0.792289643355,2.220446049251E-16)
  );
#4041 = PCURVE('',#1502,#4042);
#4042 = DEFINITIONAL_REPRESENTATION('',(#4043),#4047);
#4043 = LINE('',#4044,#4045);
#4044 = CARTESIAN_POINT('',(0.,-0.));
#4045 = VECTOR('',#4046,1.);
#4046 = DIRECTION('',(0.,1.));
#4047 = ( GEOMETRIC_REPRESENTATION_CONTEXT(2) 
PARAMETRIC_REPRESENTATION_CONTEXT() REPRESENTATION_CONTEXT('2D SPACE',''
  ) );
#4048 = PCURVE('',#1502,#4049);
#4049 = DEFINITIONAL_REPRESENTATION('',(#4050),#4054);
#4050 = LINE('',#4051,#4052);
#4051 = CARTESIAN_POINT('',(6.28318530718,-0.));
#4052 = VECTOR('',#4053,1.);
#4053 = DIRECTION('',(0.,1.));
#4054 = ( GEOMETRIC_REPRESENTATION_CONTEXT(2) 
PARAMETRIC_REPRESENTATION_CONTEXT() REPRESENTATION_CONTEXT('2D SPACE',''
  ) );
#4055 = ORIENTED_EDGE('',*,*,#4056,.T.);
#4056 = EDGE_CURVE('',#4034,#4034,#4057,.T.);
#4057 = SURFACE_CURVE('',#4058,(#4121,#4187),.PCURVE_S1.);
#4058 = B_SPLINE_CURVE_WITH_KNOTS('',7,(#4059,#4060,#4061,#4062,#4063,
    #4064,#4065,#4066,#4067,#4068,#4069,#4070,#4071,#4072,#4073,#4074,
    #4075,#4076,#4077,#4078,#4079,#4080,#4081,#4082,#4083,#4084,#4085,
    #4086,#4087,#4088,#4089,#4090,#4091,#4092,#4093,#4094,#4095,#4096,
    #4097,#4098,#4099,#4100,#4101,#4102,#4103,#4104,#4105,#4106,#4107,
    #4108,#4109,#4110,#4111,#4112,#4113,#4114,#4115,#4116,#4117,#4118,
    #4119,#4120),.UNSPECIFIED.,.T.,.F.,(1,7,6,6,6,6,6,6,6,6,6,7,1),(
    -5.1294157855E-02,0.,8.234485473675E-02,0.180750765399,
    0.344501880345,0.442272983387,0.531818789125,0.6315005201,
    0.7500638062,0.844378009679,0.948705842145,1.,1.082344854737),
  .UNSPECIFIED.);
#4059 = CARTESIAN_POINT('',(43.228784862405,56.133721231715,115.7));
#4060 = CARTESIAN_POINT('',(42.994439667659,56.314191326783,115.7));
#4061 = CARTESIAN_POINT('',(42.761570658038,56.491706742737,
    115.73092969923));
#4062 = CARTESIAN_POINT('',(42.534150784865,56.663271252855,
    115.79167082275));
#4063 = CARTESIAN_POINT('',(42.316031920906,56.826172194401,
    115.87982347742));
#4064 = CARTESIAN_POINT('',(42.110668776114,56.978147163523,
    115.99178667821));
#4065 = CARTESIAN_POINT('',(41.920869388516,57.117498950959,
    116.12282300365));
#4066 = CARTESIAN_POINT('',(41.542669067812,57.393327953842,
    116.43953388483));
#4067 = CARTESIAN_POINT('',(41.359148074603,57.525849500166,
    116.63306899156));
#4068 = CARTESIAN_POINT('',(41.197824959782,57.641391911493,
    116.84252560065));
#4069 = CARTESIAN_POINT('',(41.058098913328,57.740815653004,
    117.06397312491));
#4070 = CARTESIAN_POINT('',(40.939206081495,57.824989957111,
    117.29440391274));
#4071 = CARTESIAN_POINT('',(40.84040332258,57.89467472158,
    117.53150195794));
#4072 = CARTESIAN_POINT('',(40.629088893862,58.043308635657,
    118.17623081111));
#4073 = CARTESIAN_POINT('',(40.551056843647,58.09767045189,
    118.59250672584));
#4074 = CARTESIAN_POINT('',(40.524076972951,58.11637367494,
    119.01453386553));
#4075 = CARTESIAN_POINT('',(40.54706572689,58.100402237681,
    119.43730060731));
#4076 = CARTESIAN_POINT('',(40.620642038227,58.049221197294,
    119.85566447611));
#4077 = CARTESIAN_POINT('',(40.746985044736,57.960811018051,
    120.26338814756));
#4078 = CARTESIAN_POINT('',(41.038203582967,57.754706623864,
    120.88083486957));
#4079 = CARTESIAN_POINT('',(41.167367351491,57.662934500238,
    121.10483521893));
#4080 = CARTESIAN_POINT('',(41.317520813274,57.555705756659,
    121.31925184432));
#4081 = CARTESIAN_POINT('',(41.489233373942,57.432289483865,
    121.52071468339));
#4082 = CARTESIAN_POINT('',(41.682834371984,57.292030027229,
    121.70513999954));
#4083 = CARTESIAN_POINT('',(41.898222843107,57.13447161079,
    121.86755500573));
#4084 = CARTESIAN_POINT('',(42.351026763022,56.799520474412,
    122.1247235998));
#4085 = CARTESIAN_POINT('',(42.58679411535,56.623631400452,
    122.22500296327));
#4086 = CARTESIAN_POINT('',(42.836646858676,56.435347829394,
    122.29429993208));
#4087 = CARTESIAN_POINT('',(43.0940746076,56.239115080258,
    122.32745468746));
#4088 = CARTESIAN_POINT('',(43.352004866088,56.040152103569,
    122.32251606885));
#4089 = CARTESIAN_POINT('',(43.60352269827,55.843960483658,
    122.28080236689));
#4090 = CARTESIAN_POINT('',(44.108703932556,55.446005308809,
    122.12479762967));
#4091 = CARTESIAN_POINT('',(44.355733659687,55.249002512443,
    122.00395369761));
#4092 = CARTESIAN_POINT('',(44.581317659164,55.067071029527,
    121.85122576126));
#4093 = CARTESIAN_POINT('',(44.784215367555,54.901855037916,
    121.67281110846));
#4094 = CARTESIAN_POINT('',(44.963940048187,54.754344204497,
    121.47451611926));
#4095 = CARTESIAN_POINT('',(45.120622236931,54.62492510437,
    121.26182885678));
#4096 = CARTESIAN_POINT('',(45.414791412464,54.380716811207,
    120.77598771079));
#4097 = CARTESIAN_POINT('',(45.544690937674,54.271955792418,
    120.49625354544));
#4098 = CARTESIAN_POINT('',(45.646480106499,54.186220406948,
    120.20599339553));
#4099 = CARTESIAN_POINT('',(45.721706983365,54.122616375292,
    119.90883955146));
#4100 = CARTESIAN_POINT('',(45.77149379498,54.080439369973,
    119.6074265432));
#4101 = CARTESIAN_POINT('',(45.796424041481,54.059319686922,
    119.30384303178));
#4102 = CARTESIAN_POINT('',(45.796424041481,54.059319686922,
    118.75830027601));
#4103 = CARTESIAN_POINT('',(45.78064816663,54.072684263382,
    118.51668093608));
#4104 = CARTESIAN_POINT('',(45.749116351883,54.099396398525,
    118.27617041404));
#4105 = CARTESIAN_POINT('',(45.701603251763,54.13959749031,
    118.03783261213));
#4106 = CARTESIAN_POINT('',(45.637669308227,54.193560179997,
    117.80290714443));
#4107 = CARTESIAN_POINT('',(45.55668866371,54.261655102303,
    117.57295362494));
#4108 = CARTESIAN_POINT('',(45.348567709753,54.435743904123,
    117.10337470314));
#4109 = CARTESIAN_POINT('',(45.216988872276,54.545370831576,
    116.86429862863));
#4110 = CARTESIAN_POINT('',(45.062039463278,54.673794294284,
    116.63631484051));
#4111 = CARTESIAN_POINT('',(44.882736401581,54.821400467157,
    116.42374138892));
#4112 = CARTESIAN_POINT('',(44.678329712375,54.98824985613,
    116.23177611306));
#4113 = CARTESIAN_POINT('',(44.448532874616,55.173874633414,
    116.0667177316));
#4114 = CARTESIAN_POINT('',(44.06891431278,55.476832272715,
    115.87230641447));
#4115 = CARTESIAN_POINT('',(43.937940037602,55.580817807776,
    115.81668336374));
#4116 = CARTESIAN_POINT('',(43.801958092224,55.688172021561,
    115.77079645225));
#4117 = CARTESIAN_POINT('',(43.661943346864,55.798048779692,
    115.73563857833));
#4118 = CARTESIAN_POINT('',(43.518972287838,55.909547192023,
    115.71190790339));
#4119 = CARTESIAN_POINT('',(43.374191285537,56.02174321128,115.7));
#4120 = CARTESIAN_POINT('',(43.228784862405,56.133721231715,115.7));
#4121 = PCURVE('',#1502,#4122);
#4122 = DEFINITIONAL_REPRESENTATION('',(#4123),#4186);
#4123 = B_SPLINE_CURVE_WITH_KNOTS('',7,(#4124,#4125,#4126,#4127,#4128,
    #4129,#4130,#4131,#4132,#4133,#4134,#4135,#4136,#4137,#4138,#4139,
    #4140,#4141,#4142,#4143,#4144,#4145,#4146,#4147,#4148,#4149,#4150,
    #4151,#4152,#4153,#4154,#4155,#4156,#4157,#4158,#4159,#4160,#4161,
    #4162,#4163,#4164,#4165,#4166,#4167,#4168,#4169,#4170,#4171,#4172,
    #4173,#4174,#4175,#4176,#4177,#4178,#4179,#4180,#4181,#4182,#4183,
    #4184,#4185),.UNSPECIFIED.,.F.,.F.,(8,6,6,6,6,6,6,6,6,6,8),(0.,
    8.234485473675E-02,0.180750765399,0.344501880345,0.442272983387,
    0.531818789125,0.6315005201,0.7500638062,0.844378009679,
    0.948705842145,1.),.UNSPECIFIED.);
#4124 = CARTESIAN_POINT('',(0.,4.));
#4125 = CARTESIAN_POINT('',(8.963097772774E-02,4.));
#4126 = CARTESIAN_POINT('',(0.178361138097,3.998559725553));
#4127 = CARTESIAN_POINT('',(0.265859409215,3.995729374296));
#4128 = CARTESIAN_POINT('',(0.351767340716,3.991709933175));
#4129 = CARTESIAN_POINT('',(0.435661882204,3.986816797621));
#4130 = CARTESIAN_POINT('',(0.516993353778,3.981418597135));
#4131 = CARTESIAN_POINT('',(0.68821849669,3.969197962793));
#4132 = CARTESIAN_POINT('',(0.777872082895,3.962218964986));
#4133 = CARTESIAN_POINT('',(0.864535966287,3.955331502515));
#4134 = CARTESIAN_POINT('',(0.948672940314,3.948850731703));
#4135 = CARTESIAN_POINT('',(1.030694823804,3.942999274719));
#4136 = CARTESIAN_POINT('',(1.111001650517,3.937925766375));
#4137 = CARTESIAN_POINT('',(1.321448794155,3.926754400404));
#4138 = CARTESIAN_POINT('',(1.449255704205,3.922213826332));
#4139 = CARTESIAN_POINT('',(1.575383447697,3.920570558623));
#4140 = CARTESIAN_POINT('',(1.701378974812,3.921943031334));
#4141 = CARTESIAN_POINT('',(1.828776082269,3.926285053639));
#4142 = CARTESIAN_POINT('',(1.959116037498,3.933326158673));
#4143 = CARTESIAN_POINT('',(2.175166359417,3.947717364448));
#4144 = CARTESIAN_POINT('',(2.257940412371,3.953815910066));
#4145 = CARTESIAN_POINT('',(2.343009273809,3.960475095608));
#4146 = CARTESIAN_POINT('',(2.430674896086,3.967463249325));
#4147 = CARTESIAN_POINT('',(2.521294010052,3.974461847131));
#4148 = CARTESIAN_POINT('',(2.615277278404,3.981048179579));
#4149 = CARTESIAN_POINT('',(2.80287251342,3.991945985129));
#4150 = CARTESIAN_POINT('',(2.896567056647,3.996443203279));
#4151 = CARTESIAN_POINT('',(2.992701188675,3.999714522944));
#4152 = CARTESIAN_POINT('',(3.090107195557,4.001309644177));
#4153 = CARTESIAN_POINT('',(3.187787283893,4.001048238175));
#4154 = CARTESIAN_POINT('',(3.284702938126,3.999070038548));
#4155 = CARTESIAN_POINT('',(3.485222009396,3.992008161989));
#4156 = CARTESIAN_POINT('',(3.58689003474,3.986648880064));
#4157 = CARTESIAN_POINT('',(3.685048507707,3.980145436684));
#4158 = CARTESIAN_POINT('',(3.77994837245,3.973043573155));
#4159 = CARTESIAN_POINT('',(3.871737717529,3.965830412276));
#4160 = CARTESIAN_POINT('',(3.960444539208,3.958891879324));
#4161 = CARTESIAN_POINT('',(4.147740525547,3.94489407765));
#4162 = CARTESIAN_POINT('',(4.246082011103,3.937981415963));
#4163 = CARTESIAN_POINT('',(4.341847190322,3.932160327082));
#4164 = CARTESIAN_POINT('',(4.435707742365,3.927666826641));
#4165 = CARTESIAN_POINT('',(4.528320440777,3.924627604472));
#4166 = CARTESIAN_POINT('',(4.620315334389,3.923105767657));
#4167 = CARTESIAN_POINT('',(4.785631320987,3.923105767657));
#4168 = CARTESIAN_POINT('',(4.858849553043,3.924068809427));
#4169 = CARTESIAN_POINT('',(4.932372435104,3.925993573176));
#4170 = CARTESIAN_POINT('',(5.006520381826,3.928854593589));
#4171 = CARTESIAN_POINT('',(5.081610488686,3.932599687297));
#4172 = CARTESIAN_POINT('',(5.157974219391,3.937140640384));
#4173 = CARTESIAN_POINT('',(5.322284229637,3.948085401527));
#4174 = CARTESIAN_POINT('',(5.410955084828,3.954659489422));
#4175 = CARTESIAN_POINT('',(5.502308843831,3.96186643634));
#4176 = CARTESIAN_POINT('',(5.596671675825,3.969412382436));
#4177 = CARTESIAN_POINT('',(5.694450331622,3.976887672431));
#4178 = CARTESIAN_POINT('',(5.7961217156,3.983746831785));
#4179 = CARTESIAN_POINT('',(5.954632534877,3.992154602147));
#4180 = CARTESIAN_POINT('',(6.007938872272,3.994627944039));
#4181 = CARTESIAN_POINT('',(6.062075925675,3.996714849441));
#4182 = CARTESIAN_POINT('',(6.116844942511,3.998339747198));
#4183 = CARTESIAN_POINT('',(6.172066801104,3.999445684296));
#4184 = CARTESIAN_POINT('',(6.227571109981,4.));
#4185 = CARTESIAN_POINT('',(6.28318530718,4.));
#4186 = ( GEOMETRIC_REPRESENTATION_CONTEXT(2) 
PARAMETRIC_REPRESENTATION_CONTEXT() REPRESENTATION_CONTEXT('2D SPACE',''
  ) );
#4187 = PCURVE('',#2631,#4188);
#4188 = DEFINITIONAL_REPRESENTATION('',(#4189),#4252);
#4189 = B_SPLINE_CURVE_WITH_KNOTS('',7,(#4190,#4191,#4192,#4193,#4194,
    #4195,#4196,#4197,#4198,#4199,#4200,#4201,#4202,#4203,#4204,#4205,
    #4206,#4207,#4208,#4209,#4210,#4211,#4212,#4213,#4214,#4215,#4216,
    #4217,#4218,#4219,#4220,#4221,#4222,#4223,#4224,#4225,#4226,#4227,
    #4228,#4229,#4230,#4231,#4232,#4233,#4234,#4235,#4236,#4237,#4238,
    #4239,#4240,#4241,#4242,#4243,#4244,#4245,#4246,#4247,#4248,#4249,
    #4250,#4251),.UNSPECIFIED.,.T.,.F.,(1,7,6,6,6,6,6,6,6,6,6,7,1),(
    -5.1294157855E-02,0.,8.234485473675E-02,0.180750765399,
    0.344501880345,0.442272983387,0.531818789125,0.6315005201,
    0.7500638062,0.844378009679,0.948705842145,1.,1.082344854737),
  .UNSPECIFIED.);
#4190 = CARTESIAN_POINT('',(0.914552528045,24.7));
#4191 = CARTESIAN_POINT('',(0.918727294827,24.7));
#4192 = CARTESIAN_POINT('',(0.922860108992,24.730929699234));
#4193 = CARTESIAN_POINT('',(0.926880857831,24.791670822757));
#4194 = CARTESIAN_POINT('',(0.930723216547,24.879823477422));
#4195 = CARTESIAN_POINT('',(0.934329112144,24.991786678218));
#4196 = CARTESIAN_POINT('',(0.937652494099,25.122823003659));
#4197 = CARTESIAN_POINT('',(0.944259402753,25.439533884839));
#4198 = CARTESIAN_POINT('',(0.94745438152,25.633068991563));
#4199 = CARTESIAN_POINT('',(0.95025508549,25.842525600656));
#4200 = CARTESIAN_POINT('',(0.952675522019,26.063973124918));
#4201 = CARTESIAN_POINT('',(0.95473160214,26.294403912747));
#4202 = CARTESIAN_POINT('',(0.956438089405,26.531501957946));
#4203 = CARTESIAN_POINT('',(0.960084555741,27.176230811115));
#4204 = CARTESIAN_POINT('',(0.961426829505,27.592506725844));
#4205 = CARTESIAN_POINT('',(0.961890191304,28.014533865536));
#4206 = CARTESIAN_POINT('',(0.961495097302,28.437300607315));
#4207 = CARTESIAN_POINT('',(0.960230067118,28.855664476111));
#4208 = CARTESIAN_POINT('',(0.958053610221,29.263388147561));
#4209 = CARTESIAN_POINT('',(0.953017994144,29.880834869577));
#4210 = CARTESIAN_POINT('',(0.950781627536,30.104835218936));
#4211 = CARTESIAN_POINT('',(0.948177401264,30.31925184432));
#4212 = CARTESIAN_POINT('',(0.945192765284,30.520714683399));
#4213 = CARTESIAN_POINT('',(0.941818514654,30.705139999546));
#4214 = CARTESIAN_POINT('',(0.938051950754,30.867555005731));
#4215 = CARTESIAN_POINT('',(0.93010239377,31.124723599809));
#4216 = CARTESIAN_POINT('',(0.925950721665,31.225002963272));
#4217 = CARTESIAN_POINT('',(0.921535100572,31.294299932081));
#4218 = CARTESIAN_POINT('',(0.916966535085,31.327454687466));
#4219 = CARTESIAN_POINT('',(0.912368881328,31.322516068857));
#4220 = CARTESIAN_POINT('',(0.907866652065,31.28080236689));
#4221 = CARTESIAN_POINT('',(0.898789742259,31.124797629677));
#4222 = CARTESIAN_POINT('',(0.894330191131,31.003953697619));
#4223 = CARTESIAN_POINT('',(0.890239872234,30.851225761263));
#4224 = CARTESIAN_POINT('',(0.886546831375,30.672811108466));
#4225 = CARTESIAN_POINT('',(0.88326515151,30.474516119263));
#4226 = CARTESIAN_POINT('',(0.880396838431,30.261828856789));
#4227 = CARTESIAN_POINT('',(0.87500056417,29.775987710796));
#4228 = CARTESIAN_POINT('',(0.872609348157,29.496253545441));
#4229 = CARTESIAN_POINT('',(0.870730951191,29.205993395531));
#4230 = CARTESIAN_POINT('',(0.869340525865,28.908839551462));
#4231 = CARTESIAN_POINT('',(0.868419559067,28.607426543206));
#4232 = CARTESIAN_POINT('',(0.867958394526,28.303843031787));
#4233 = CARTESIAN_POINT('',(0.867958394526,27.758300276011));
#4234 = CARTESIAN_POINT('',(0.868250220033,27.516680936082));
#4235 = CARTESIAN_POINT('',(0.868833500901,27.276170414048));
#4236 = CARTESIAN_POINT('',(0.869711954411,27.037832612131));
#4237 = CARTESIAN_POINT('',(0.870892801305,26.802907144436));
#4238 = CARTESIAN_POINT('',(0.872386168319,26.572953624942));
#4239 = CARTESIAN_POINT('',(0.876215841526,26.103374703144));
#4240 = CARTESIAN_POINT('',(0.8786331004,25.864298628637));
#4241 = CARTESIAN_POINT('',(0.881473604295,25.636314840515));
#4242 = CARTESIAN_POINT('',(0.884751532649,25.42374138893));
#4243 = CARTESIAN_POINT('',(0.888475637024,25.231776113066));
#4244 = CARTESIAN_POINT('',(0.892644983464,25.066717731601));
#4245 = CARTESIAN_POINT('',(0.899500153153,24.872306414475));
#4246 = CARTESIAN_POINT('',(0.901860542805,24.816683363748));
#4247 = CARTESIAN_POINT('',(0.904305852825,24.770796452253));
#4248 = CARTESIAN_POINT('',(0.90681790663,24.735638578333));
#4249 = CARTESIAN_POINT('',(0.909376929151,24.711907903391));
#4250 = CARTESIAN_POINT('',(0.911962170236,24.7));
#4251 = CARTESIAN_POINT('',(0.914552528045,24.7));
#4252 = ( GEOMETRIC_REPRESENTATION_CONTEXT(2) 
PARAMETRIC_REPRESENTATION_CONTEXT() REPRESENTATION_CONTEXT('2D SPACE',''
  ) );
#4253 = ORIENTED_EDGE('',*,*,#4033,.T.);
#4254 = ADVANCED_FACE('',(#4255),#1709,.F.);
#4255 = FACE_BOUND('',#4256,.F.);
#4256 = EDGE_LOOP('',(#4257,#4258,#4281,#4479));
#4257 = ORIENTED_EDGE('',*,*,#1575,.F.);
#4258 = ORIENTED_EDGE('',*,*,#4259,.F.);
#4259 = EDGE_CURVE('',#4260,#1576,#4262,.T.);
#4260 = VERTEX_POINT('',#4261);
#4261 = CARTESIAN_POINT('',(-26.99883616441,65.504086481432,115.7));
#4262 = SEAM_CURVE('',#4263,(#4267,#4274),.PCURVE_S1.);
#4263 = LINE('',#4264,#4265);
#4264 = CARTESIAN_POINT('',(-25.47455465901,61.805902346983,115.7));
#4265 = VECTOR('',#4266,1.);
#4266 = DIRECTION('',(-0.38107037635,0.924546033612,2.220446049251E-16)
  );
#4267 = PCURVE('',#1709,#4268);
#4268 = DEFINITIONAL_REPRESENTATION('',(#4269),#4273);
#4269 = LINE('',#4270,#4271);
#4270 = CARTESIAN_POINT('',(0.,-0.));
#4271 = VECTOR('',#4272,1.);
#4272 = DIRECTION('',(0.,1.));
#4273 = ( GEOMETRIC_REPRESENTATION_CONTEXT(2) 
PARAMETRIC_REPRESENTATION_CONTEXT() REPRESENTATION_CONTEXT('2D SPACE',''
  ) );
#4274 = PCURVE('',#1709,#4275);
#4275 = DEFINITIONAL_REPRESENTATION('',(#4276),#4280);
#4276 = LINE('',#4277,#4278);
#4277 = CARTESIAN_POINT('',(6.28318530718,-0.));
#4278 = VECTOR('',#4279,1.);
#4279 = DIRECTION('',(0.,1.));
#4280 = ( GEOMETRIC_REPRESENTATION_CONTEXT(2) 
PARAMETRIC_REPRESENTATION_CONTEXT() REPRESENTATION_CONTEXT('2D SPACE',''
  ) );
#4281 = ORIENTED_EDGE('',*,*,#4282,.T.);
#4282 = EDGE_CURVE('',#4260,#4260,#4283,.T.);
#4283 = SURFACE_CURVE('',#4284,(#4347,#4413),.PCURVE_S1.);
#4284 = B_SPLINE_CURVE_WITH_KNOTS('',7,(#4285,#4286,#4287,#4288,#4289,
    #4290,#4291,#4292,#4293,#4294,#4295,#4296,#4297,#4298,#4299,#4300,
    #4301,#4302,#4303,#4304,#4305,#4306,#4307,#4308,#4309,#4310,#4311,
    #4312,#4313,#4314,#4315,#4316,#4317,#4318,#4319,#4320,#4321,#4322,
    #4323,#4324,#4325,#4326,#4327,#4328,#4329,#4330,#4331,#4332,#4333,
    #4334,#4335,#4336,#4337,#4338,#4339,#4340,#4341,#4342,#4343,#4344,
    #4345,#4346),.UNSPECIFIED.,.T.,.F.,(1,7,6,6,6,6,6,6,6,6,6,7,1),(
    -5.1294158643E-02,0.,8.23448544193E-02,0.180750765583,0.344501881366
    ,0.442272982521,0.531818784445,0.631500514061,0.750063802155,
    0.84437800722,0.948705841357,1.,1.082344854419),.UNSPECIFIED.);
#4285 = CARTESIAN_POINT('',(-26.99883616441,65.504086481432,115.7));
#4286 = CARTESIAN_POINT('',(-27.27230045119,65.391372636051,115.7));
#4287 = CARTESIAN_POINT('',(-27.54246780799,65.278459869195,
    115.73092969825));
#4288 = CARTESIAN_POINT('',(-27.80475697684,65.167290733312,
    115.79167082418));
#4289 = CARTESIAN_POINT('',(-28.05489276302,65.059844726677,
    115.87982347789));
#4290 = CARTESIAN_POINT('',(-28.28918851141,64.957982514259,
    115.99178667608));
#4291 = CARTESIAN_POINT('',(-28.50477039965,64.863287313889,
    116.12282300495));
#4292 = CARTESIAN_POINT('',(-28.93274548185,64.673670730656,
    116.43953388483));
#4293 = CARTESIAN_POINT('',(-29.13927300412,64.580997661571,
    116.63306899156));
#4294 = CARTESIAN_POINT('',(-29.31999722495,64.499058951582,
    116.84252560065));
#4295 = CARTESIAN_POINT('',(-29.47596373407,64.427764516538,
    117.06397312491));
#4296 = CARTESIAN_POINT('',(-29.60830723569,64.366887455897,
    117.29440391274));
#4297 = CARTESIAN_POINT('',(-29.71805739143,64.316164138947,
    117.53150195794));
#4298 = CARTESIAN_POINT('',(-29.95243535124,64.207477432529,
    118.17623081111));
#4299 = CARTESIAN_POINT('',(-30.03853009021,64.16708060285,
    118.59250672584));
#4300 = CARTESIAN_POINT('',(-30.06821749185,64.153066960961,
    119.01453386553));
#4301 = CARTESIAN_POINT('',(-30.04289144448,64.164990087245,
    119.43730060731));
#4302 = CARTESIAN_POINT('',(-29.96177920764,64.203118521786,
    119.85566447611));
#4303 = CARTESIAN_POINT('',(-29.82204224321,64.268329685392,
    120.26338814756));
#4304 = CARTESIAN_POINT('',(-29.49794133585,64.417480139099,
    120.88083486394));
#4305 = CARTESIAN_POINT('',(-29.35388245238,64.483453186191,
    121.10483523326));
#4306 = CARTESIAN_POINT('',(-29.18594291011,64.559875524315,
    121.3192518319));
#4307 = CARTESIAN_POINT('',(-28.99320501818,64.646874821066,
    121.52071468299));
#4308 = CARTESIAN_POINT('',(-28.77493623561,64.744408488589,
    121.70514000634));
#4309 = CARTESIAN_POINT('',(-28.53079243168,64.852161158121,
    121.86755500249));
#4310 = CARTESIAN_POINT('',(-28.01431427191,65.076825290422,
    122.1247235999));
#4311 = CARTESIAN_POINT('',(-27.74410618983,65.193061269769,
    122.22500296312));
#4312 = CARTESIAN_POINT('',(-27.45612146249,65.315298307188,
    122.29429993212));
#4313 = CARTESIAN_POINT('',(-27.15746504189,65.440120902962,
    122.32745468754));
#4314 = CARTESIAN_POINT('',(-26.85619292038,65.564013570885,
    122.32251606875));
#4315 = CARTESIAN_POINT('',(-26.56052707785,65.683738592939,
    122.28080236694));
#4316 = CARTESIAN_POINT('',(-25.96329716017,65.922260791738,
    122.12479762723));
#4317 = CARTESIAN_POINT('',(-25.66917290259,66.037693399818,
    122.00395370181));
#4318 = CARTESIAN_POINT('',(-25.39882357466,66.142089149738,
    121.85122576516));
#4319 = CARTESIAN_POINT('',(-25.15429349341,66.235195715555,
    121.67281109148));
#4320 = CARTESIAN_POINT('',(-24.93668303483,66.317086434526,
    121.47451613674));
#4321 = CARTESIAN_POINT('',(-24.74626169675,66.388067645772,
    121.26182885003));
#4322 = CARTESIAN_POINT('',(-24.38768652828,66.520721476369,
    120.77598771079));
#4323 = CARTESIAN_POINT('',(-24.22854696046,66.578837255746,
    120.49625354544));
#4324 = CARTESIAN_POINT('',(-24.10340335423,66.624121569043,
    120.20599339553));
#4325 = CARTESIAN_POINT('',(-24.0107072086,66.657467939629,
    119.90883955146));
#4326 = CARTESIAN_POINT('',(-23.94928744473,66.679496080601,
    119.6074265432));
#4327 = CARTESIAN_POINT('',(-23.91853213943,66.690526465868,
    119.30384303178));
#4328 = CARTESIAN_POINT('',(-23.91853213943,66.690526465868,
    118.75830027601));
#4329 = CARTESIAN_POINT('',(-23.93799413958,66.68354644571,
    118.51668093608));
#4330 = CARTESIAN_POINT('',(-23.97689343458,66.669595160683,
    118.27617041404));
#4331 = CARTESIAN_POINT('',(-24.03546515139,66.648548154859,
    118.03783261213));
#4332 = CARTESIAN_POINT('',(-24.11416518328,66.620161080436,
    117.80290714443));
#4333 = CARTESIAN_POINT('',(-24.21362743812,66.584077246222,
    117.57295362494));
#4334 = CARTESIAN_POINT('',(-24.46845323989,66.490883613986,
    117.10337470334));
#4335 = CARTESIAN_POINT('',(-24.62918236281,66.431746461832,
    116.86429862861));
#4336 = CARTESIAN_POINT('',(-24.8178750486,66.361768068636,
    116.63631484035));
#4337 = CARTESIAN_POINT('',(-25.03535727495,66.280290148653,
    116.42374138884));
#4338 = CARTESIAN_POINT('',(-25.28205642885,66.186693457642,
    116.23177611313));
#4339 = CARTESIAN_POINT('',(-25.55771062025,66.080495947148,
    116.06671773168));
#4340 = CARTESIAN_POINT('',(-26.00988891327,65.903215448424,
    115.87230641447));
#4341 = CARTESIAN_POINT('',(-26.16543016584,65.841781166409,
    115.81668336374));
#4342 = CARTESIAN_POINT('',(-26.32639261487,65.777694454147,
    115.77079645225));
#4343 = CARTESIAN_POINT('',(-26.49155605138,65.711376506827,
    115.73563857833));
#4344 = CARTESIAN_POINT('',(-26.65960203845,65.64330914387,
    115.71190790339));
#4345 = CARTESIAN_POINT('',(-26.82915714248,65.574023127521,115.7));
#4346 = CARTESIAN_POINT('',(-26.99883616441,65.504086481432,115.7));
#4347 = PCURVE('',#1709,#4348);
#4348 = DEFINITIONAL_REPRESENTATION('',(#4349),#4412);
#4349 = B_SPLINE_CURVE_WITH_KNOTS('',7,(#4350,#4351,#4352,#4353,#4354,
    #4355,#4356,#4357,#4358,#4359,#4360,#4361,#4362,#4363,#4364,#4365,
    #4366,#4367,#4368,#4369,#4370,#4371,#4372,#4373,#4374,#4375,#4376,
    #4377,#4378,#4379,#4380,#4381,#4382,#4383,#4384,#4385,#4386,#4387,
    #4388,#4389,#4390,#4391,#4392,#4393,#4394,#4395,#4396,#4397,#4398,
    #4399,#4400,#4401,#4402,#4403,#4404,#4405,#4406,#4407,#4408,#4409,
    #4410,#4411),.UNSPECIFIED.,.F.,.F.,(8,6,6,6,6,6,6,6,6,6,8),(0.,
    8.23448544193E-02,0.180750765583,0.344501881366,0.442272982521,
    0.531818784445,0.631500514061,0.750063802155,0.84437800722,
    0.948705841357,1.),.UNSPECIFIED.);
#4350 = CARTESIAN_POINT('',(0.,4.));
#4351 = CARTESIAN_POINT('',(8.963097853122E-02,4.));
#4352 = CARTESIAN_POINT('',(0.178361136267,3.998559725593));
#4353 = CARTESIAN_POINT('',(0.265859410254,3.995729374239));
#4354 = CARTESIAN_POINT('',(0.351767341831,3.991709933155));
#4355 = CARTESIAN_POINT('',(0.435661880467,3.986816797705));
#4356 = CARTESIAN_POINT('',(0.516993354477,3.981418597085));
#4357 = CARTESIAN_POINT('',(0.68821849669,3.969197962793));
#4358 = CARTESIAN_POINT('',(0.777872082895,3.962218964986));
#4359 = CARTESIAN_POINT('',(0.864535966287,3.955331502515));
#4360 = CARTESIAN_POINT('',(0.948672940314,3.948850731703));
#4361 = CARTESIAN_POINT('',(1.030694823804,3.942999274719));
#4362 = CARTESIAN_POINT('',(1.111001650517,3.937925766375));
#4363 = CARTESIAN_POINT('',(1.321448794155,3.926754400404));
#4364 = CARTESIAN_POINT('',(1.449255704205,3.922213826332));
#4365 = CARTESIAN_POINT('',(1.575383447697,3.920570558623));
#4366 = CARTESIAN_POINT('',(1.701378974812,3.921943031334));
#4367 = CARTESIAN_POINT('',(1.828776082269,3.926285053639));
#4368 = CARTESIAN_POINT('',(1.959116037498,3.933326158673));
#4369 = CARTESIAN_POINT('',(2.175166357447,3.947717364317));
#4370 = CARTESIAN_POINT('',(2.257940416912,3.953815910389));
#4371 = CARTESIAN_POINT('',(2.343009271505,3.960475095407));
#4372 = CARTESIAN_POINT('',(2.430674892272,3.967463249127));
#4373 = CARTESIAN_POINT('',(2.521294015671,3.974461847461));
#4374 = CARTESIAN_POINT('',(2.615277276044,3.981048179442));
#4375 = CARTESIAN_POINT('',(2.80287251349,3.991945985133));
#4376 = CARTESIAN_POINT('',(2.896567056575,3.996443203273));
#4377 = CARTESIAN_POINT('',(2.99270118862,3.999714522946));
#4378 = CARTESIAN_POINT('',(3.090107195615,4.00130964418));
#4379 = CARTESIAN_POINT('',(3.187787283962,4.001048238171));
#4380 = CARTESIAN_POINT('',(3.284702938056,3.99907003855));
#4381 = CARTESIAN_POINT('',(3.485222012533,3.992008161878));
#4382 = CARTESIAN_POINT('',(3.586890027398,3.9866488803));
#4383 = CARTESIAN_POINT('',(3.685048512654,3.980145436674));
#4384 = CARTESIAN_POINT('',(3.779948375416,3.973043572714));
#4385 = CARTESIAN_POINT('',(3.871737711621,3.965830412779));
#4386 = CARTESIAN_POINT('',(3.960444541812,3.95889187913));
#4387 = CARTESIAN_POINT('',(4.147740525547,3.94489407765));
#4388 = CARTESIAN_POINT('',(4.246082011103,3.937981415963));
#4389 = CARTESIAN_POINT('',(4.341847190323,3.932160327082));
#4390 = CARTESIAN_POINT('',(4.435707742365,3.927666826641));
#4391 = CARTESIAN_POINT('',(4.528320440778,3.924627604472));
#4392 = CARTESIAN_POINT('',(4.620315334389,3.923105767657));
#4393 = CARTESIAN_POINT('',(4.785631320987,3.923105767657));
#4394 = CARTESIAN_POINT('',(4.858849553043,3.924068809427));
#4395 = CARTESIAN_POINT('',(4.932372435104,3.925993573176));
#4396 = CARTESIAN_POINT('',(5.006520381826,3.928854593589));
#4397 = CARTESIAN_POINT('',(5.081610488686,3.932599687297));
#4398 = CARTESIAN_POINT('',(5.157974219391,3.937140640384));
#4399 = CARTESIAN_POINT('',(5.322284229567,3.948085401523));
#4400 = CARTESIAN_POINT('',(5.410955084828,3.954659489421));
#4401 = CARTESIAN_POINT('',(5.502308843888,3.961866436345));
#4402 = CARTESIAN_POINT('',(5.596671675875,3.96941238244));
#4403 = CARTESIAN_POINT('',(5.694450331611,3.976887672429));
#4404 = CARTESIAN_POINT('',(5.796121715532,3.983746831781));
#4405 = CARTESIAN_POINT('',(5.954632534877,3.992154602147));
#4406 = CARTESIAN_POINT('',(6.007938872272,3.994627944039));
#4407 = CARTESIAN_POINT('',(6.062075925675,3.996714849441));
#4408 = CARTESIAN_POINT('',(6.116844942511,3.998339747198));
#4409 = CARTESIAN_POINT('',(6.172066801104,3.999445684296));
#4410 = CARTESIAN_POINT('',(6.22757110998,4.));
#4411 = CARTESIAN_POINT('',(6.28318530718,4.));
#4412 = ( GEOMETRIC_REPRESENTATION_CONTEXT(2) 
PARAMETRIC_REPRESENTATION_CONTEXT() REPRESENTATION_CONTEXT('2D SPACE',''
  ) );
#4413 = PCURVE('',#2631,#4414);
#4414 = DEFINITIONAL_REPRESENTATION('',(#4415),#4478);
#4415 = B_SPLINE_CURVE_WITH_KNOTS('',7,(#4416,#4417,#4418,#4419,#4420,
    #4421,#4422,#4423,#4424,#4425,#4426,#4427,#4428,#4429,#4430,#4431,
    #4432,#4433,#4434,#4435,#4436,#4437,#4438,#4439,#4440,#4441,#4442,
    #4443,#4444,#4445,#4446,#4447,#4448,#4449,#4450,#4451,#4452,#4453,
    #4454,#4455,#4456,#4457,#4458,#4459,#4460,#4461,#4462,#4463,#4464,
    #4465,#4466,#4467,#4468,#4469,#4470,#4471,#4472,#4473,#4474,#4475,
    #4476,#4477),.UNSPECIFIED.,.T.,.F.,(1,7,6,6,6,6,6,6,6,6,6,7,1),(
    -5.1294158643E-02,0.,8.23448544193E-02,0.180750765583,0.344501881366
    ,0.442272982521,0.531818784445,0.631500514061,0.750063802155,
    0.84437800722,0.948705841357,1.,1.082344854419),.UNSPECIFIED.);
#4416 = CARTESIAN_POINT('',(1.961750079242,24.7));
#4417 = CARTESIAN_POINT('',(1.965924846061,24.7));
#4418 = CARTESIAN_POINT('',(1.970057660107,24.73092969825));
#4419 = CARTESIAN_POINT('',(1.97407840907,24.79167082418));
#4420 = CARTESIAN_POINT('',(1.977920767794,24.879823477896));
#4421 = CARTESIAN_POINT('',(1.981526663268,24.991786676083));
#4422 = CARTESIAN_POINT('',(1.984850045323,25.122823004951));
#4423 = CARTESIAN_POINT('',(1.991456953949,25.439533884839));
#4424 = CARTESIAN_POINT('',(1.994651932716,25.633068991563));
#4425 = CARTESIAN_POINT('',(1.997452636687,25.842525600656));
#4426 = CARTESIAN_POINT('',(1.999873073215,26.063973124918));
#4427 = CARTESIAN_POINT('',(2.001929153337,26.294403912747));
#4428 = CARTESIAN_POINT('',(2.003635640601,26.531501957947));
#4429 = CARTESIAN_POINT('',(2.007282106938,27.176230811115));
#4430 = CARTESIAN_POINT('',(2.008624380702,27.592506725844));
#4431 = CARTESIAN_POINT('',(2.009087742501,28.014533865535));
#4432 = CARTESIAN_POINT('',(2.008692648499,28.437300607315));
#4433 = CARTESIAN_POINT('',(2.007427618315,28.855664476111));
#4434 = CARTESIAN_POINT('',(2.005251161418,29.263388147561));
#4435 = CARTESIAN_POINT('',(2.000215545386,29.880834863948));
#4436 = CARTESIAN_POINT('',(1.997979178642,30.104835233269));
#4437 = CARTESIAN_POINT('',(1.995374952443,30.319251831901));
#4438 = CARTESIAN_POINT('',(1.992390316705,30.520714682993));
#4439 = CARTESIAN_POINT('',(1.989016065599,30.705140006346));
#4440 = CARTESIAN_POINT('',(1.985249502051,30.867555002497));
#4441 = CARTESIAN_POINT('',(1.977299944963,31.124723599904));
#4442 = CARTESIAN_POINT('',(1.973148272864,31.225002963124));
#4443 = CARTESIAN_POINT('',(1.968732651771,31.294299932125));
#4444 = CARTESIAN_POINT('',(1.964164086279,31.327454687545));
#4445 = CARTESIAN_POINT('',(1.959566432521,31.322516068751));
#4446 = CARTESIAN_POINT('',(1.955064203265,31.280802366945));
#4447 = CARTESIAN_POINT('',(1.945987293314,31.124797627236));
#4448 = CARTESIAN_POINT('',(1.941527742676,31.003953701819));
#4449 = CARTESIAN_POINT('',(1.937437423135,30.851225765162));
#4450 = CARTESIAN_POINT('',(1.933744382566,30.672811091485));
#4451 = CARTESIAN_POINT('',(1.930462702861,30.474516136747));
#4452 = CARTESIAN_POINT('',(1.927594389553,30.261828850033));
#4453 = CARTESIAN_POINT('',(1.922198115367,29.775987710796));
#4454 = CARTESIAN_POINT('',(1.919806899354,29.496253545441));
#4455 = CARTESIAN_POINT('',(1.917928502387,29.205993395531));
#4456 = CARTESIAN_POINT('',(1.916538077061,28.908839551462));
#4457 = CARTESIAN_POINT('',(1.915617110264,28.607426543206));
#4458 = CARTESIAN_POINT('',(1.915155945723,28.303843031787));
#4459 = CARTESIAN_POINT('',(1.915155945723,27.758300276011));
#4460 = CARTESIAN_POINT('',(1.915447771229,27.516680936083));
#4461 = CARTESIAN_POINT('',(1.916031052097,27.276170414048));
#4462 = CARTESIAN_POINT('',(1.916909505607,27.037832612131));
#4463 = CARTESIAN_POINT('',(1.918090352501,26.802907144436));
#4464 = CARTESIAN_POINT('',(1.919583719515,26.572953624942));
#4465 = CARTESIAN_POINT('',(1.923413392721,26.103374703343));
#4466 = CARTESIAN_POINT('',(1.925830651596,25.864298628616));
#4467 = CARTESIAN_POINT('',(1.928671155494,25.636314840357));
#4468 = CARTESIAN_POINT('',(1.931949083848,25.423741388846));
#4469 = CARTESIAN_POINT('',(1.935673188221,25.231776113132));
#4470 = CARTESIAN_POINT('',(1.939842534658,25.066717731684));
#4471 = CARTESIAN_POINT('',(1.94669770435,24.872306414475));
#4472 = CARTESIAN_POINT('',(1.949058094001,24.816683363748));
#4473 = CARTESIAN_POINT('',(1.951503404022,24.770796452253));
#4474 = CARTESIAN_POINT('',(1.954015457827,24.735638578333));
#4475 = CARTESIAN_POINT('',(1.956574480348,24.711907903391));
#4476 = CARTESIAN_POINT('',(1.959159721433,24.7));
#4477 = CARTESIAN_POINT('',(1.961750079242,24.7));
#4478 = ( GEOMETRIC_REPRESENTATION_CONTEXT(2) 
PARAMETRIC_REPRESENTATION_CONTEXT() REPRESENTATION_CONTEXT('2D SPACE',''
  ) );
#4479 = ORIENTED_EDGE('',*,*,#4259,.T.);
#4480 = ADVANCED_FACE('',(#4481),#1916,.F.);
#4481 = FACE_BOUND('',#4482,.F.);
#4482 = EDGE_LOOP('',(#4483,#4484,#4507,#4705));
#4483 = ORIENTED_EDGE('',*,*,#1782,.F.);
#4484 = ORIENTED_EDGE('',*,*,#4485,.F.);
#4485 = EDGE_CURVE('',#4486,#1783,#4488,.T.);
#4486 = VERTEX_POINT('',#4487);
#4487 = CARTESIAN_POINT('',(-70.22762102682,9.370365249717,115.7));
#4488 = SEAM_CURVE('',#4489,(#4493,#4500),.PCURVE_S1.);
#4489 = LINE('',#4490,#4491);
#4490 = CARTESIAN_POINT('',(-66.26275886581,8.841339688689,115.7));
#4491 = VECTOR('',#4492,1.);
#4492 = DIRECTION('',(-0.991215540252,0.132256390257,2.220446049249E-16)
  );
#4493 = PCURVE('',#1916,#4494);
#4494 = DEFINITIONAL_REPRESENTATION('',(#4495),#4499);
#4495 = LINE('',#4496,#4497);
#4496 = CARTESIAN_POINT('',(0.,-0.));
#4497 = VECTOR('',#4498,1.);
#4498 = DIRECTION('',(0.,1.));
#4499 = ( GEOMETRIC_REPRESENTATION_CONTEXT(2) 
PARAMETRIC_REPRESENTATION_CONTEXT() REPRESENTATION_CONTEXT('2D SPACE',''
  ) );
#4500 = PCURVE('',#1916,#4501);
#4501 = DEFINITIONAL_REPRESENTATION('',(#4502),#4506);
#4502 = LINE('',#4503,#4504);
#4503 = CARTESIAN_POINT('',(6.28318530718,-0.));
#4504 = VECTOR('',#4505,1.);
#4505 = DIRECTION('',(0.,1.));
#4506 = ( GEOMETRIC_REPRESENTATION_CONTEXT(2) 
PARAMETRIC_REPRESENTATION_CONTEXT() REPRESENTATION_CONTEXT('2D SPACE',''
  ) );
#4507 = ORIENTED_EDGE('',*,*,#4508,.T.);
#4508 = EDGE_CURVE('',#4486,#4486,#4509,.T.);
#4509 = SURFACE_CURVE('',#4510,(#4573,#4639),.PCURVE_S1.);
#4510 = B_SPLINE_CURVE_WITH_KNOTS('',7,(#4511,#4512,#4513,#4514,#4515,
    #4516,#4517,#4518,#4519,#4520,#4521,#4522,#4523,#4524,#4525,#4526,
    #4527,#4528,#4529,#4530,#4531,#4532,#4533,#4534,#4535,#4536,#4537,
    #4538,#4539,#4540,#4541,#4542,#4543,#4544,#4545,#4546,#4547,#4548,
    #4549,#4550,#4551,#4552,#4553,#4554,#4555,#4556,#4557,#4558,#4559,
    #4560,#4561,#4562,#4563,#4564,#4565,#4566,#4567,#4568,#4569,#4570,
    #4571,#4572),.UNSPECIFIED.,.T.,.F.,(1,7,6,6,6,6,6,6,6,6,6,7,1),(
    -5.1294160273E-02,0.,8.234485110418E-02,0.180750757461,
    0.344501865245,0.442272965512,0.531818770139,0.631500502764,
    0.750063794437,0.844378002349,0.948705839727,1.,1.082344851104),
  .UNSPECIFIED.);
#4511 = CARTESIAN_POINT('',(-70.22762102682,9.370365249717,115.7));
#4512 = CARTESIAN_POINT('',(-70.2667401164,9.077181310228,115.7));
#4513 = CARTESIAN_POINT('',(-70.30403847137,8.786753124184,
    115.73092969924));
#4514 = CARTESIAN_POINT('',(-70.33890775892,8.504019481705,
    115.79167082276));
#4515 = CARTESIAN_POINT('',(-70.37092468062,8.233672533728,
    115.87982347739));
#4516 = CARTESIAN_POINT('',(-70.39985729223,7.979835348715,
    115.99178667819));
#4517 = CARTESIAN_POINT('',(-70.42563978642,7.745788363626,
    116.12282300371));
#4518 = CARTESIAN_POINT('',(-70.47541454966,7.280342776814,
    116.43953388484));
#4519 = CARTESIAN_POINT('',(-70.49842107872,7.055148161405,
    116.63306899156));
#4520 = CARTESIAN_POINT('',(-70.51782218473,6.85766704009,
    116.84252560065));
#4521 = CARTESIAN_POINT('',(-70.53406264739,6.686948863534,
    117.06397312491));
#4522 = CARTESIAN_POINT('',(-70.54751331718,6.541897498785,
    117.29440391274));
#4523 = CARTESIAN_POINT('',(-70.55846071401,6.421489417367,
    117.53150195794));
#4524 = CARTESIAN_POINT('',(-70.58152424511,6.164168796872,
    118.17623081111));
#4525 = CARTESIAN_POINT('',(-70.58958693385,6.06941015096,
    118.59250672584));
#4526 = CARTESIAN_POINT('',(-70.5922944648,6.036693286021,
    119.01453386553));
#4527 = CARTESIAN_POINT('',(-70.58995717137,6.064587849564,
    119.43730060731));
#4528 = CARTESIAN_POINT('',(-70.58242124587,6.153897324492,
    119.85566447611));
#4529 = CARTESIAN_POINT('',(-70.56902728795,6.30751866734,
    120.26338814756));
#4530 = CARTESIAN_POINT('',(-70.53614491567,6.662773518636,
    120.88083487312));
#4531 = CARTESIAN_POINT('',(-70.52124981004,6.820518679143,
    121.1048352099));
#4532 = CARTESIAN_POINT('',(-70.50346372487,7.004169766581,
    121.31925185214));
#4533 = CARTESIAN_POINT('',(-70.48243837629,7.214585353389,
    121.52071468365));
#4534 = CARTESIAN_POINT('',(-70.45777062523,7.452378443101,
    121.70513999526));
#4535 = CARTESIAN_POINT('',(-70.42901526779,7.717689554592,
    121.86755500776));
#4536 = CARTESIAN_POINT('',(-70.3653410351,8.277304816134,122.1247235999
    ));
#4537 = CARTESIAN_POINT('',(-70.33090030501,8.569429869193,
    122.22500296312));
#4538 = CARTESIAN_POINT('',(-70.29276832102,8.879950477685,
    122.29429993212));
#4539 = CARTESIAN_POINT('',(-70.25153964964,9.201005822808,
    122.32745468754));
#4540 = CARTESIAN_POINT('',(-70.20819778664,9.523861467457,
    122.32251606875));
#4541 = CARTESIAN_POINT('',(-70.16404977594,9.839778109143,
    122.28080236694));
#4542 = CARTESIAN_POINT('',(-70.07200110063,10.476255489155,
    122.12479762723));
#4543 = CARTESIAN_POINT('',(-70.02490654286,10.788690872127,
    122.00395370181));
#4544 = CARTESIAN_POINT('',(-69.98014125038,11.075018132968,
    121.85122576516));
#4545 = CARTESIAN_POINT('',(-69.93850886101,11.33334067823,
    121.67281109148));
#4546 = CARTESIAN_POINT('',(-69.90062307468,11.562742222971,
    121.47451613674));
#4547 = CARTESIAN_POINT('',(-69.86688393777,11.763142544799,
    121.26182885003));
#4548 = CARTESIAN_POINT('',(-69.80247794074,12.140004665162,
    120.77598771079));
#4549 = CARTESIAN_POINT('',(-69.77323789813,12.306881463328,
    120.49625354544));
#4550 = CARTESIAN_POINT('',(-69.74988346072,12.437901162095,
    120.20599339553));
#4551 = CARTESIAN_POINT('',(-69.73241419196,12.534851564337,
    119.90883955146));
#4552 = CARTESIAN_POINT('',(-69.72078123971,12.599056710628,
    119.6074265432));
#4553 = CARTESIAN_POINT('',(-69.71495618091,12.631206778946,
    119.30384303178));
#4554 = CARTESIAN_POINT('',(-69.71495618091,12.631206778946,
    118.75830027601));
#4555 = CARTESIAN_POINT('',(-69.71864230621,12.610862182328,
    118.51668093608));
#4556 = CARTESIAN_POINT('',(-69.72600978646,12.570198762158,
    118.27617041404));
#4557 = CARTESIAN_POINT('',(-69.73706840315,12.508950664549,
    118.03783261213));
#4558 = CARTESIAN_POINT('',(-69.75183449151,12.426600900439,
    117.80290714443));
#4559 = CARTESIAN_POINT('',(-69.77031610183,12.32242214392,
    117.57295362494));
#4560 = CARTESIAN_POINT('',(-69.81702094975,12.055139709812,
    117.10337470312));
#4561 = CARTESIAN_POINT('',(-69.84617123512,11.886375630237,
    116.86429862863));
#4562 = CARTESIAN_POINT('',(-69.87991451177,11.687973774404,
    116.63631484053));
#4563 = CARTESIAN_POINT('',(-69.91809367638,11.458889681568,
    116.42374138893));
#4564 = CARTESIAN_POINT('',(-69.96038614124,11.198443601506,
    116.23177611305));
#4565 = CARTESIAN_POINT('',(-70.00624349506,10.906621313639,
    116.06671773159));
#4566 = CARTESIAN_POINT('',(-70.07880322604,10.426383175709,
    115.87230641447));
#4567 = CARTESIAN_POINT('',(-70.10337020344,10.260963358633,
    115.81668336374));
#4568 = CARTESIAN_POINT('',(-70.1283507071,10.089522432587,
    115.77079645225));
#4569 = CARTESIAN_POINT('',(-70.15349939824,9.913327727135,
    115.73563857833));
#4570 = CARTESIAN_POINT('',(-70.17857432629,9.733761951848,
    115.71190790339));
#4571 = CARTESIAN_POINT('',(-70.20334842802,9.552279916241,115.7));
#4572 = CARTESIAN_POINT('',(-70.22762102682,9.370365249717,115.7));
#4573 = PCURVE('',#1916,#4574);
#4574 = DEFINITIONAL_REPRESENTATION('',(#4575),#4638);
#4575 = B_SPLINE_CURVE_WITH_KNOTS('',7,(#4576,#4577,#4578,#4579,#4580,
    #4581,#4582,#4583,#4584,#4585,#4586,#4587,#4588,#4589,#4590,#4591,
    #4592,#4593,#4594,#4595,#4596,#4597,#4598,#4599,#4600,#4601,#4602,
    #4603,#4604,#4605,#4606,#4607,#4608,#4609,#4610,#4611,#4612,#4613,
    #4614,#4615,#4616,#4617,#4618,#4619,#4620,#4621,#4622,#4623,#4624,
    #4625,#4626,#4627,#4628,#4629,#4630,#4631,#4632,#4633,#4634,#4635,
    #4636,#4637),.UNSPECIFIED.,.F.,.F.,(8,6,6,6,6,6,6,6,6,6,8),(0.,
    8.234485110418E-02,0.180750757461,0.344501865245,0.442272965512,
    0.531818770139,0.631500502764,0.750063794437,0.844378002349,
    0.948705839727,1.),.UNSPECIFIED.);
#4576 = CARTESIAN_POINT('',(0.,4.));
#4577 = CARTESIAN_POINT('',(8.963097774333E-02,4.));
#4578 = CARTESIAN_POINT('',(0.178361138106,3.998559725552));
#4579 = CARTESIAN_POINT('',(0.265859409204,3.995729374296));
#4580 = CARTESIAN_POINT('',(0.351767340693,3.991709933177));
#4581 = CARTESIAN_POINT('',(0.435661882198,3.986816797622));
#4582 = CARTESIAN_POINT('',(0.516993353807,3.981418597133));
#4583 = CARTESIAN_POINT('',(0.68821849669,3.969197962793));
#4584 = CARTESIAN_POINT('',(0.777872082895,3.962218964986));
#4585 = CARTESIAN_POINT('',(0.864535966287,3.955331502515));
#4586 = CARTESIAN_POINT('',(0.948672940314,3.948850731703));
#4587 = CARTESIAN_POINT('',(1.030694823804,3.942999274719));
#4588 = CARTESIAN_POINT('',(1.111001650517,3.937925766375));
#4589 = CARTESIAN_POINT('',(1.321448794155,3.926754400404));
#4590 = CARTESIAN_POINT('',(1.449255704205,3.922213826332));
#4591 = CARTESIAN_POINT('',(1.575383447697,3.920570558623));
#4592 = CARTESIAN_POINT('',(1.701378974813,3.921943031334));
#4593 = CARTESIAN_POINT('',(1.828776082268,3.926285053639));
#4594 = CARTESIAN_POINT('',(1.959116037498,3.933326158673));
#4595 = CARTESIAN_POINT('',(2.175166360658,3.947717364531));
#4596 = CARTESIAN_POINT('',(2.25794040951,3.953815909863));
#4597 = CARTESIAN_POINT('',(2.343009275262,3.960475095735));
#4598 = CARTESIAN_POINT('',(2.43067489849,3.96746324945));
#4599 = CARTESIAN_POINT('',(2.521294006512,3.974461846923));
#4600 = CARTESIAN_POINT('',(2.61527727989,3.981048179665));
#4601 = CARTESIAN_POINT('',(2.802872513489,3.991945985133));
#4602 = CARTESIAN_POINT('',(2.896567056576,3.996443203273));
#4603 = CARTESIAN_POINT('',(2.99270118862,3.999714522946));
#4604 = CARTESIAN_POINT('',(3.090107195615,4.00130964418));
#4605 = CARTESIAN_POINT('',(3.187787283961,4.001048238171));
#4606 = CARTESIAN_POINT('',(3.284702938057,3.99907003855));
#4607 = CARTESIAN_POINT('',(3.485222012533,3.992008161878));
#4608 = CARTESIAN_POINT('',(3.586890027398,3.9866488803));
#4609 = CARTESIAN_POINT('',(3.685048512653,3.980145436674));
#4610 = CARTESIAN_POINT('',(3.779948375417,3.973043572714));
#4611 = CARTESIAN_POINT('',(3.87173771162,3.965830412779));
#4612 = CARTESIAN_POINT('',(3.960444541812,3.95889187913));
#4613 = CARTESIAN_POINT('',(4.147740525547,3.94489407765));
#4614 = CARTESIAN_POINT('',(4.246082011102,3.937981415963));
#4615 = CARTESIAN_POINT('',(4.341847190323,3.932160327082));
#4616 = CARTESIAN_POINT('',(4.435707742364,3.927666826641));
#4617 = CARTESIAN_POINT('',(4.528320440778,3.924627604472));
#4618 = CARTESIAN_POINT('',(4.620315334389,3.923105767657));
#4619 = CARTESIAN_POINT('',(4.785631320987,3.923105767657));
#4620 = CARTESIAN_POINT('',(4.858849553043,3.924068809427));
#4621 = CARTESIAN_POINT('',(4.932372435104,3.925993573176));
#4622 = CARTESIAN_POINT('',(5.006520381826,3.928854593589));
#4623 = CARTESIAN_POINT('',(5.081610488686,3.932599687297));
#4624 = CARTESIAN_POINT('',(5.157974219391,3.937140640384));
#4625 = CARTESIAN_POINT('',(5.322284229644,3.948085401528));
#4626 = CARTESIAN_POINT('',(5.410955084829,3.954659489422));
#4627 = CARTESIAN_POINT('',(5.502308843825,3.96186643634));
#4628 = CARTESIAN_POINT('',(5.59667167582,3.969412382436));
#4629 = CARTESIAN_POINT('',(5.694450331624,3.976887672431));
#4630 = CARTESIAN_POINT('',(5.796121715606,3.983746831785));
#4631 = CARTESIAN_POINT('',(5.954632534877,3.992154602147));
#4632 = CARTESIAN_POINT('',(6.007938872272,3.994627944039));
#4633 = CARTESIAN_POINT('',(6.062075925675,3.996714849441));
#4634 = CARTESIAN_POINT('',(6.116844942511,3.998339747198));
#4635 = CARTESIAN_POINT('',(6.172066801104,3.999445684296));
#4636 = CARTESIAN_POINT('',(6.227571109981,4.));
#4637 = CARTESIAN_POINT('',(6.28318530718,4.));
#4638 = ( GEOMETRIC_REPRESENTATION_CONTEXT(2) 
PARAMETRIC_REPRESENTATION_CONTEXT() REPRESENTATION_CONTEXT('2D SPACE',''
  ) );
#4639 = PCURVE('',#2631,#4640);
#4640 = DEFINITIONAL_REPRESENTATION('',(#4641),#4704);
#4641 = B_SPLINE_CURVE_WITH_KNOTS('',7,(#4642,#4643,#4644,#4645,#4646,
    #4647,#4648,#4649,#4650,#4651,#4652,#4653,#4654,#4655,#4656,#4657,
    #4658,#4659,#4660,#4661,#4662,#4663,#4664,#4665,#4666,#4667,#4668,
    #4669,#4670,#4671,#4672,#4673,#4674,#4675,#4676,#4677,#4678,#4679,
    #4680,#4681,#4682,#4683,#4684,#4685,#4686,#4687,#4688,#4689,#4690,
    #4691,#4692,#4693,#4694,#4695,#4696,#4697,#4698,#4699,#4700,#4701,
    #4702,#4703),.UNSPECIFIED.,.T.,.F.,(1,7,6,6,6,6,6,6,6,6,6,7,1),(
    -5.1294160273E-02,0.,8.234485110418E-02,0.180750757461,
    0.344501865245,0.442272965512,0.531818770139,0.631500502764,
    0.750063794437,0.844378002349,0.948705839727,1.,1.082344851104),
  .UNSPECIFIED.);
#4642 = CARTESIAN_POINT('',(3.008947630438,24.7));
#4643 = CARTESIAN_POINT('',(3.013122397221,24.7));
#4644 = CARTESIAN_POINT('',(3.017255211386,24.730929699245));
#4645 = CARTESIAN_POINT('',(3.021275960223,24.791670822761));
#4646 = CARTESIAN_POINT('',(3.025118318939,24.879823477393));
#4647 = CARTESIAN_POINT('',(3.028724214537,24.991786678191));
#4648 = CARTESIAN_POINT('',(3.032047596493,25.122823003712));
#4649 = CARTESIAN_POINT('',(3.038654505146,25.43953388484));
#4650 = CARTESIAN_POINT('',(3.041849483913,25.633068991563));
#4651 = CARTESIAN_POINT('',(3.044650187883,25.842525600656));
#4652 = CARTESIAN_POINT('',(3.047070624412,26.063973124918));
#4653 = CARTESIAN_POINT('',(3.049126704533,26.294403912747));
#4654 = CARTESIAN_POINT('',(3.050833191798,26.531501957946));
#4655 = CARTESIAN_POINT('',(3.054479658134,27.176230811115));
#4656 = CARTESIAN_POINT('',(3.055821931899,27.592506725843));
#4657 = CARTESIAN_POINT('',(3.056285293697,28.014533865536));
#4658 = CARTESIAN_POINT('',(3.055890199695,28.437300607315));
#4659 = CARTESIAN_POINT('',(3.054625169512,28.855664476111));
#4660 = CARTESIAN_POINT('',(3.052448712615,29.263388147561));
#4661 = CARTESIAN_POINT('',(3.047413096508,29.880834873124));
#4662 = CARTESIAN_POINT('',(3.045176729987,30.104835209904));
#4663 = CARTESIAN_POINT('',(3.042572503668,30.319251852147));
#4664 = CARTESIAN_POINT('',(3.039587867535,30.520714683654));
#4665 = CARTESIAN_POINT('',(3.036213617206,30.705139995262));
#4666 = CARTESIAN_POINT('',(3.032447053084,30.867555007769));
#4667 = CARTESIAN_POINT('',(3.02449749616,31.124723599904));
#4668 = CARTESIAN_POINT('',(3.020345824061,31.225002963125));
#4669 = CARTESIAN_POINT('',(3.015930202968,31.294299932125));
#4670 = CARTESIAN_POINT('',(3.011361637476,31.327454687545));
#4671 = CARTESIAN_POINT('',(3.006763983718,31.322516068752));
#4672 = CARTESIAN_POINT('',(3.002261754461,31.280802366944));
#4673 = CARTESIAN_POINT('',(2.99318484451,31.124797627236));
#4674 = CARTESIAN_POINT('',(2.988725293872,31.003953701819));
#4675 = CARTESIAN_POINT('',(2.984634974332,30.851225765164));
#4676 = CARTESIAN_POINT('',(2.980941933763,30.672811091483));
#4677 = CARTESIAN_POINT('',(2.977660254057,30.474516136748));
#4678 = CARTESIAN_POINT('',(2.974791940749,30.261828850032));
#4679 = CARTESIAN_POINT('',(2.969395666563,29.775987710796));
#4680 = CARTESIAN_POINT('',(2.967004450551,29.496253545441));
#4681 = CARTESIAN_POINT('',(2.965126053584,29.20599339553));
#4682 = CARTESIAN_POINT('',(2.963735628258,28.908839551463));
#4683 = CARTESIAN_POINT('',(2.962814661461,28.607426543206));
#4684 = CARTESIAN_POINT('',(2.962353496919,28.303843031787));
#4685 = CARTESIAN_POINT('',(2.962353496919,27.758300276011));
#4686 = CARTESIAN_POINT('',(2.962645322426,27.516680936083));
#4687 = CARTESIAN_POINT('',(2.963228603294,27.276170414048));
#4688 = CARTESIAN_POINT('',(2.964107056804,27.037832612131));
#4689 = CARTESIAN_POINT('',(2.965287903698,26.802907144437));
#4690 = CARTESIAN_POINT('',(2.966781270712,26.572953624942));
#4691 = CARTESIAN_POINT('',(2.97061094392,26.103374703125));
#4692 = CARTESIAN_POINT('',(2.973028202793,25.864298628639));
#4693 = CARTESIAN_POINT('',(2.975868706688,25.63631484053));
#4694 = CARTESIAN_POINT('',(2.979146635042,25.423741388938));
#4695 = CARTESIAN_POINT('',(2.982870739418,25.231776113059));
#4696 = CARTESIAN_POINT('',(2.987040085857,25.066717731593));
#4697 = CARTESIAN_POINT('',(2.993895255546,24.872306414475));
#4698 = CARTESIAN_POINT('',(2.996255645198,24.816683363748));
#4699 = CARTESIAN_POINT('',(2.998700955218,24.770796452253));
#4700 = CARTESIAN_POINT('',(3.001213009023,24.735638578333));
#4701 = CARTESIAN_POINT('',(3.003772031544,24.711907903391));
#4702 = CARTESIAN_POINT('',(3.006357272629,24.7));
#4703 = CARTESIAN_POINT('',(3.008947630438,24.7));
#4704 = ( GEOMETRIC_REPRESENTATION_CONTEXT(2) 
PARAMETRIC_REPRESENTATION_CONTEXT() REPRESENTATION_CONTEXT('2D SPACE',''
  ) );
#4705 = ORIENTED_EDGE('',*,*,#4485,.T.);
#4706 = ADVANCED_FACE('',(#4707),#2123,.F.);
#4707 = FACE_BOUND('',#4708,.F.);
#4708 = EDGE_LOOP('',(#4709,#4710,#4733,#4931));
#4709 = ORIENTED_EDGE('',*,*,#1989,.F.);
#4710 = ORIENTED_EDGE('',*,*,#4711,.F.);
#4711 = EDGE_CURVE('',#4712,#1990,#4714,.T.);
#4712 = VERTEX_POINT('',#4713);
#4713 = CARTESIAN_POINT('',(-43.2287848624,-56.13372123171,115.7));
#4714 = SEAM_CURVE('',#4715,(#4719,#4726),.PCURVE_S1.);
#4715 = LINE('',#4716,#4717);
#4716 = CARTESIAN_POINT('',(-40.7882042068,-52.96456265829,115.7));
#4717 = VECTOR('',#4718,1.);
#4718 = DIRECTION('',(-0.610145163901,-0.792289643355,2.220446049251E-16
    ));
#4719 = PCURVE('',#2123,#4720);
#4720 = DEFINITIONAL_REPRESENTATION('',(#4721),#4725);
#4721 = LINE('',#4722,#4723);
#4722 = CARTESIAN_POINT('',(0.,-0.));
#4723 = VECTOR('',#4724,1.);
#4724 = DIRECTION('',(0.,1.));
#4725 = ( GEOMETRIC_REPRESENTATION_CONTEXT(2) 
PARAMETRIC_REPRESENTATION_CONTEXT() REPRESENTATION_CONTEXT('2D SPACE',''
  ) );
#4726 = PCURVE('',#2123,#4727);
#4727 = DEFINITIONAL_REPRESENTATION('',(#4728),#4732);
#4728 = LINE('',#4729,#4730);
#4729 = CARTESIAN_POINT('',(6.28318530718,-0.));
#4730 = VECTOR('',#4731,1.);
#4731 = DIRECTION('',(0.,1.));
#4732 = ( GEOMETRIC_REPRESENTATION_CONTEXT(2) 
PARAMETRIC_REPRESENTATION_CONTEXT() REPRESENTATION_CONTEXT('2D SPACE',''
  ) );
#4733 = ORIENTED_EDGE('',*,*,#4734,.T.);
#4734 = EDGE_CURVE('',#4712,#4712,#4735,.T.);
#4735 = SURFACE_CURVE('',#4736,(#4799,#4865),.PCURVE_S1.);
#4736 = B_SPLINE_CURVE_WITH_KNOTS('',7,(#4737,#4738,#4739,#4740,#4741,
    #4742,#4743,#4744,#4745,#4746,#4747,#4748,#4749,#4750,#4751,#4752,
    #4753,#4754,#4755,#4756,#4757,#4758,#4759,#4760,#4761,#4762,#4763,
    #4764,#4765,#4766,#4767,#4768,#4769,#4770,#4771,#4772,#4773,#4774,
    #4775,#4776,#4777,#4778,#4779,#4780,#4781,#4782,#4783,#4784,#4785,
    #4786,#4787,#4788,#4789,#4790,#4791,#4792,#4793,#4794,#4795,#4796,
    #4797,#4798),.UNSPECIFIED.,.T.,.F.,(1,7,6,6,6,6,6,6,6,6,6,7,1),(
    -5.1294159111E-02,0.,8.234485459901E-02,0.180750765102,
    0.344501879784,0.442272980233,0.531818781468,0.631500511076,
    0.750063800079,0.844378005867,0.948705840889,1.,1.082344854599),
  .UNSPECIFIED.);
#4737 = CARTESIAN_POINT('',(-43.2287848624,-56.13372123171,115.7));
#4738 = CARTESIAN_POINT('',(-42.99443966768,-56.31419132676,115.7));
#4739 = CARTESIAN_POINT('',(-42.76157065802,-56.49170674275,
    115.73092969922));
#4740 = CARTESIAN_POINT('',(-42.53415078484,-56.66327125286,
    115.79167082276));
#4741 = CARTESIAN_POINT('',(-42.31603192091,-56.82617219439,
    115.87982347742));
#4742 = CARTESIAN_POINT('',(-42.11066877613,-56.97814716351,
    115.9917866782));
#4743 = CARTESIAN_POINT('',(-41.9208693885,-57.11749895096,
    116.12282300366));
#4744 = CARTESIAN_POINT('',(-41.54266906781,-57.39332795384,
    116.43953388483));
#4745 = CARTESIAN_POINT('',(-41.3591480746,-57.52584950016,
    116.63306899156));
#4746 = CARTESIAN_POINT('',(-41.19782495978,-57.64139191149,
    116.84252560065));
#4747 = CARTESIAN_POINT('',(-41.05809891332,-57.740815653,
    117.06397312491));
#4748 = CARTESIAN_POINT('',(-40.93920608149,-57.82498995711,
    117.29440391274));
#4749 = CARTESIAN_POINT('',(-40.84040332258,-57.89467472158,
    117.53150195794));
#4750 = CARTESIAN_POINT('',(-40.62908889386,-58.04330863565,
    118.17623081111));
#4751 = CARTESIAN_POINT('',(-40.55105684364,-58.09767045189,
    118.59250672584));
#4752 = CARTESIAN_POINT('',(-40.52407697295,-58.11637367493,
    119.01453386553));
#4753 = CARTESIAN_POINT('',(-40.54706572688,-58.10040223768,
    119.43730060731));
#4754 = CARTESIAN_POINT('',(-40.62064203822,-58.04922119729,
    119.85566447611));
#4755 = CARTESIAN_POINT('',(-40.74698504473,-57.96081101805,
    120.26338814756));
#4756 = CARTESIAN_POINT('',(-41.03820358025,-57.75470662578,
    120.88083486382));
#4757 = CARTESIAN_POINT('',(-41.16736735677,-57.66293449657,
    121.10483523328));
#4758 = CARTESIAN_POINT('',(-41.31752081421,-57.55570575568,
    121.31925183199));
#4759 = CARTESIAN_POINT('',(-41.48923336129,-57.43228949335,
    121.52071468304));
#4760 = CARTESIAN_POINT('',(-41.6828343863,-57.29203001661,
    121.70514000631));
#4761 = CARTESIAN_POINT('',(-41.89822283731,-57.13447161507,
    121.86755500244));
#4762 = CARTESIAN_POINT('',(-42.35102676318,-56.79952047429,
    122.12472359989));
#4763 = CARTESIAN_POINT('',(-42.58679411518,-56.62363140056,
    122.22500296313));
#4764 = CARTESIAN_POINT('',(-42.83664685854,-56.43534782949,
    122.29429993212));
#4765 = CARTESIAN_POINT('',(-43.09407460773,-56.23911508016,
    122.32745468754));
#4766 = CARTESIAN_POINT('',(-43.35200486625,-56.04015210343,
    122.32251606875));
#4767 = CARTESIAN_POINT('',(-43.6035226981,-55.84396048378,
    122.28080236694));
#4768 = CARTESIAN_POINT('',(-44.10870394247,-55.44600530099,
    122.12479762661));
#4769 = CARTESIAN_POINT('',(-44.35573363532,-55.24900253157,
    122.00395370288));
#4770 = CARTESIAN_POINT('',(-44.58131767993,-55.06707101352,
    121.85122576615));
#4771 = CARTESIAN_POINT('',(-44.7842153676,-54.90185503717,
    121.67281108715));
#4772 = CARTESIAN_POINT('',(-44.96394003772,-54.75434421335,
    121.4745161412));
#4773 = CARTESIAN_POINT('',(-45.12062224206,-54.6249251001,
    121.26182884831));
#4774 = CARTESIAN_POINT('',(-45.41479141246,-54.3807168112,
    120.77598771079));
#4775 = CARTESIAN_POINT('',(-45.54469093767,-54.27195579241,
    120.49625354544));
#4776 = CARTESIAN_POINT('',(-45.64648010649,-54.18622040694,
    120.20599339553));
#4777 = CARTESIAN_POINT('',(-45.72170698336,-54.12261637529,
    119.90883955146));
#4778 = CARTESIAN_POINT('',(-45.77149379498,-54.08043936997,
    119.6074265432));
#4779 = CARTESIAN_POINT('',(-45.79642404148,-54.05931968692,
    119.30384303178));
#4780 = CARTESIAN_POINT('',(-45.79642404148,-54.05931968692,
    118.75830027601));
#4781 = CARTESIAN_POINT('',(-45.78064816663,-54.07268426338,
    118.51668093608));
#4782 = CARTESIAN_POINT('',(-45.74911635188,-54.09939639852,
    118.27617041404));
#4783 = CARTESIAN_POINT('',(-45.70160325176,-54.13959749031,
    118.03783261213));
#4784 = CARTESIAN_POINT('',(-45.63766930822,-54.19356017999,
    117.80290714443));
#4785 = CARTESIAN_POINT('',(-45.55668866371,-54.2616551023,
    117.57295362494));
#4786 = CARTESIAN_POINT('',(-45.34856770975,-54.43574390412,
    117.10337470314));
#4787 = CARTESIAN_POINT('',(-45.21698887227,-54.54537083157,
    116.86429862863));
#4788 = CARTESIAN_POINT('',(-45.06203946327,-54.67379429428,
    116.63631484051));
#4789 = CARTESIAN_POINT('',(-44.88273640158,-54.82140046715,
    116.42374138893));
#4790 = CARTESIAN_POINT('',(-44.67832971237,-54.98824985613,
    116.23177611306));
#4791 = CARTESIAN_POINT('',(-44.44853287461,-55.17387463341,
    116.0667177316));
#4792 = CARTESIAN_POINT('',(-44.06891431278,-55.47683227271,
    115.87230641447));
#4793 = CARTESIAN_POINT('',(-43.9379400376,-55.58081780777,
    115.81668336374));
#4794 = CARTESIAN_POINT('',(-43.80195809222,-55.68817202156,
    115.77079645225));
#4795 = CARTESIAN_POINT('',(-43.66194334686,-55.79804877969,
    115.73563857833));
#4796 = CARTESIAN_POINT('',(-43.51897228783,-55.90954719202,
    115.71190790339));
#4797 = CARTESIAN_POINT('',(-43.37419128553,-56.02174321128,115.7));
#4798 = CARTESIAN_POINT('',(-43.2287848624,-56.13372123171,115.7));
#4799 = PCURVE('',#2123,#4800);
#4800 = DEFINITIONAL_REPRESENTATION('',(#4801),#4864);
#4801 = B_SPLINE_CURVE_WITH_KNOTS('',7,(#4802,#4803,#4804,#4805,#4806,
    #4807,#4808,#4809,#4810,#4811,#4812,#4813,#4814,#4815,#4816,#4817,
    #4818,#4819,#4820,#4821,#4822,#4823,#4824,#4825,#4826,#4827,#4828,
    #4829,#4830,#4831,#4832,#4833,#4834,#4835,#4836,#4837,#4838,#4839,
    #4840,#4841,#4842,#4843,#4844,#4845,#4846,#4847,#4848,#4849,#4850,
    #4851,#4852,#4853,#4854,#4855,#4856,#4857,#4858,#4859,#4860,#4861,
    #4862,#4863),.UNSPECIFIED.,.F.,.F.,(8,6,6,6,6,6,6,6,6,6,8),(0.,
    8.234485459901E-02,0.180750765102,0.344501879784,0.442272980233,
    0.531818781468,0.631500511076,0.750063800079,0.844378005867,
    0.948705840889,1.),.UNSPECIFIED.);
#4802 = CARTESIAN_POINT('',(0.,4.));
#4803 = CARTESIAN_POINT('',(8.963097771931E-02,4.));
#4804 = CARTESIAN_POINT('',(0.178361138103,3.998559725553));
#4805 = CARTESIAN_POINT('',(0.265859409222,3.995729374295));
#4806 = CARTESIAN_POINT('',(0.351767340713,3.991709933175));
#4807 = CARTESIAN_POINT('',(0.435661882197,3.986816797622));
#4808 = CARTESIAN_POINT('',(0.516993353783,3.981418597135));
#4809 = CARTESIAN_POINT('',(0.68821849669,3.969197962793));
#4810 = CARTESIAN_POINT('',(0.777872082895,3.962218964986));
#4811 = CARTESIAN_POINT('',(0.864535966287,3.955331502515));
#4812 = CARTESIAN_POINT('',(0.948672940314,3.948850731703));
#4813 = CARTESIAN_POINT('',(1.030694823804,3.942999274719));
#4814 = CARTESIAN_POINT('',(1.111001650517,3.937925766375));
#4815 = CARTESIAN_POINT('',(1.321448794155,3.926754400404));
#4816 = CARTESIAN_POINT('',(1.449255704206,3.922213826332));
#4817 = CARTESIAN_POINT('',(1.575383447696,3.920570558624));
#4818 = CARTESIAN_POINT('',(1.701378974813,3.921943031334));
#4819 = CARTESIAN_POINT('',(1.828776082269,3.926285053639));
#4820 = CARTESIAN_POINT('',(1.959116037497,3.933326158673));
#4821 = CARTESIAN_POINT('',(2.175166357405,3.947717364314));
#4822 = CARTESIAN_POINT('',(2.257940416911,3.953815910388));
#4823 = CARTESIAN_POINT('',(2.343009271539,3.96047509541));
#4824 = CARTESIAN_POINT('',(2.430674892301,3.96746324913));
#4825 = CARTESIAN_POINT('',(2.521294015664,3.97446184746));
#4826 = CARTESIAN_POINT('',(2.615277276004,3.98104817944));
#4827 = CARTESIAN_POINT('',(2.802872513485,3.991945985133));
#4828 = CARTESIAN_POINT('',(2.89656705658,3.996443203273));
#4829 = CARTESIAN_POINT('',(2.992701188624,3.999714522946));
#4830 = CARTESIAN_POINT('',(3.090107195611,4.00130964418));
#4831 = CARTESIAN_POINT('',(3.187787283957,4.001048238171));
#4832 = CARTESIAN_POINT('',(3.284702938061,3.99907003855));
#4833 = CARTESIAN_POINT('',(3.485222013332,3.99200816185));
#4834 = CARTESIAN_POINT('',(3.586890025528,3.98664888036));
#4835 = CARTESIAN_POINT('',(3.685048513913,3.980145436672));
#4836 = CARTESIAN_POINT('',(3.779948376173,3.973043572602));
#4837 = CARTESIAN_POINT('',(3.871737710116,3.965830412907));
#4838 = CARTESIAN_POINT('',(3.960444542476,3.95889187908));
#4839 = CARTESIAN_POINT('',(4.147740525547,3.94489407765));
#4840 = CARTESIAN_POINT('',(4.246082011103,3.937981415963));
#4841 = CARTESIAN_POINT('',(4.341847190322,3.932160327082));
#4842 = CARTESIAN_POINT('',(4.435707742365,3.927666826641));
#4843 = CARTESIAN_POINT('',(4.528320440777,3.924627604472));
#4844 = CARTESIAN_POINT('',(4.620315334389,3.923105767657));
#4845 = CARTESIAN_POINT('',(4.785631320987,3.923105767657));
#4846 = CARTESIAN_POINT('',(4.858849553043,3.924068809427));
#4847 = CARTESIAN_POINT('',(4.932372435104,3.925993573176));
#4848 = CARTESIAN_POINT('',(5.006520381826,3.928854593589));
#4849 = CARTESIAN_POINT('',(5.081610488686,3.932599687297));
#4850 = CARTESIAN_POINT('',(5.157974219391,3.937140640384));
#4851 = CARTESIAN_POINT('',(5.322284229637,3.948085401527));
#4852 = CARTESIAN_POINT('',(5.410955084828,3.954659489422));
#4853 = CARTESIAN_POINT('',(5.502308843831,3.96186643634));
#4854 = CARTESIAN_POINT('',(5.596671675825,3.969412382436));
#4855 = CARTESIAN_POINT('',(5.694450331622,3.976887672431));
#4856 = CARTESIAN_POINT('',(5.7961217156,3.983746831785));
#4857 = CARTESIAN_POINT('',(5.954632534877,3.992154602147));
#4858 = CARTESIAN_POINT('',(6.007938872272,3.994627944039));
#4859 = CARTESIAN_POINT('',(6.062075925675,3.996714849441));
#4860 = CARTESIAN_POINT('',(6.116844942511,3.998339747198));
#4861 = CARTESIAN_POINT('',(6.172066801104,3.999445684296));
#4862 = CARTESIAN_POINT('',(6.227571109981,4.));
#4863 = CARTESIAN_POINT('',(6.28318530718,4.));
#4864 = ( GEOMETRIC_REPRESENTATION_CONTEXT(2) 
PARAMETRIC_REPRESENTATION_CONTEXT() REPRESENTATION_CONTEXT('2D SPACE',''
  ) );
#4865 = PCURVE('',#2631,#4866);
#4866 = DEFINITIONAL_REPRESENTATION('',(#4867),#4930);
#4867 = B_SPLINE_CURVE_WITH_KNOTS('',7,(#4868,#4869,#4870,#4871,#4872,
    #4873,#4874,#4875,#4876,#4877,#4878,#4879,#4880,#4881,#4882,#4883,
    #4884,#4885,#4886,#4887,#4888,#4889,#4890,#4891,#4892,#4893,#4894,
    #4895,#4896,#4897,#4898,#4899,#4900,#4901,#4902,#4903,#4904,#4905,
    #4906,#4907,#4908,#4909,#4910,#4911,#4912,#4913,#4914,#4915,#4916,
    #4917,#4918,#4919,#4920,#4921,#4922,#4923,#4924,#4925,#4926,#4927,
    #4928,#4929),.UNSPECIFIED.,.T.,.F.,(1,7,6,6,6,6,6,6,6,6,6,7,1),(
    -5.1294159111E-02,0.,8.234485459901E-02,0.180750765102,
    0.344501879784,0.442272980233,0.531818781468,0.631500511076,
    0.750063800079,0.844378005867,0.948705840889,1.,1.082344854599),
  .UNSPECIFIED.);
#4868 = CARTESIAN_POINT('',(4.056145181635,24.7));
#4869 = CARTESIAN_POINT('',(4.060319948416,24.7));
#4870 = CARTESIAN_POINT('',(4.064452762582,24.730929699229));
#4871 = CARTESIAN_POINT('',(4.068473511421,24.791670822768));
#4872 = CARTESIAN_POINT('',(4.072315870136,24.879823477425));
#4873 = CARTESIAN_POINT('',(4.075921765733,24.991786678202));
#4874 = CARTESIAN_POINT('',(4.079245147689,25.122823003667));
#4875 = CARTESIAN_POINT('',(4.085852056343,25.439533884839));
#4876 = CARTESIAN_POINT('',(4.08904703511,25.633068991563));
#4877 = CARTESIAN_POINT('',(4.09184773908,25.842525600656));
#4878 = CARTESIAN_POINT('',(4.094268175609,26.063973124918));
#4879 = CARTESIAN_POINT('',(4.09632425573,26.294403912747));
#4880 = CARTESIAN_POINT('',(4.098030742995,26.531501957947));
#4881 = CARTESIAN_POINT('',(4.101677209331,27.176230811114));
#4882 = CARTESIAN_POINT('',(4.103019483095,27.592506725847));
#4883 = CARTESIAN_POINT('',(4.103482844894,28.014533865533));
#4884 = CARTESIAN_POINT('',(4.103087750892,28.437300607315));
#4885 = CARTESIAN_POINT('',(4.101822720708,28.855664476112));
#4886 = CARTESIAN_POINT('',(4.099646263811,29.26338814756));
#4887 = CARTESIAN_POINT('',(4.09461064778,29.880834863829));
#4888 = CARTESIAN_POINT('',(4.092374281035,30.10483523328));
#4889 = CARTESIAN_POINT('',(4.089770054835,30.319251831994));
#4890 = CARTESIAN_POINT('',(4.086785419096,30.520714683046));
#4891 = CARTESIAN_POINT('',(4.083411167992,30.70514000631));
#4892 = CARTESIAN_POINT('',(4.079644604446,30.867555002441));
#4893 = CARTESIAN_POINT('',(4.071695047357,31.124723599898));
#4894 = CARTESIAN_POINT('',(4.067543375257,31.225002963134));
#4895 = CARTESIAN_POINT('',(4.063127754164,31.294299932122));
#4896 = CARTESIAN_POINT('',(4.058559188673,31.32745468754));
#4897 = CARTESIAN_POINT('',(4.053961534914,31.322516068759));
#4898 = CARTESIAN_POINT('',(4.049459305658,31.280802366941));
#4899 = CARTESIAN_POINT('',(4.040382395671,31.124797626614));
#4900 = CARTESIAN_POINT('',(4.035922845158,31.003953702888));
#4901 = CARTESIAN_POINT('',(4.031832525454,30.851225766157));
#4902 = CARTESIAN_POINT('',(4.028139484958,30.672811087159));
#4903 = CARTESIAN_POINT('',(4.024857805293,30.4745161412));
#4904 = CARTESIAN_POINT('',(4.021989491927,30.261828848312));
#4905 = CARTESIAN_POINT('',(4.01659321776,29.775987710796));
#4906 = CARTESIAN_POINT('',(4.014202001747,29.496253545441));
#4907 = CARTESIAN_POINT('',(4.012323604781,29.205993395531));
#4908 = CARTESIAN_POINT('',(4.010933179454,28.908839551462));
#4909 = CARTESIAN_POINT('',(4.010012212657,28.607426543206));
#4910 = CARTESIAN_POINT('',(4.009551048116,28.303843031786));
#4911 = CARTESIAN_POINT('',(4.009551048116,27.758300276011));
#4912 = CARTESIAN_POINT('',(4.009842873623,27.516680936083));
#4913 = CARTESIAN_POINT('',(4.010426154491,27.276170414047));
#4914 = CARTESIAN_POINT('',(4.011304608,27.037832612131));
#4915 = CARTESIAN_POINT('',(4.012485454895,26.802907144437));
#4916 = CARTESIAN_POINT('',(4.013978821909,26.572953624941));
#4917 = CARTESIAN_POINT('',(4.017808495116,26.103374703144));
#4918 = CARTESIAN_POINT('',(4.02022575399,25.864298628637));
#4919 = CARTESIAN_POINT('',(4.023066257885,25.636314840515));
#4920 = CARTESIAN_POINT('',(4.026344186239,25.42374138893));
#4921 = CARTESIAN_POINT('',(4.030068290614,25.231776113066));
#4922 = CARTESIAN_POINT('',(4.034237637054,25.066717731601));
#4923 = CARTESIAN_POINT('',(4.041092806743,24.872306414475));
#4924 = CARTESIAN_POINT('',(4.043453196395,24.816683363748));
#4925 = CARTESIAN_POINT('',(4.045898506415,24.770796452253));
#4926 = CARTESIAN_POINT('',(4.04841056022,24.735638578333));
#4927 = CARTESIAN_POINT('',(4.050969582741,24.711907903391));
#4928 = CARTESIAN_POINT('',(4.053554823826,24.7));
#4929 = CARTESIAN_POINT('',(4.056145181635,24.7));
#4930 = ( GEOMETRIC_REPRESENTATION_CONTEXT(2) 
PARAMETRIC_REPRESENTATION_CONTEXT() REPRESENTATION_CONTEXT('2D SPACE',''
  ) );
#4931 = ORIENTED_EDGE('',*,*,#4711,.T.);
#4932 = ADVANCED_FACE('',(#4933),#2330,.F.);
#4933 = FACE_BOUND('',#4934,.F.);
#4934 = EDGE_LOOP('',(#4935,#4936,#4959,#5157));
#4935 = ORIENTED_EDGE('',*,*,#2196,.F.);
#4936 = ORIENTED_EDGE('',*,*,#4937,.F.);
#4937 = EDGE_CURVE('',#4938,#2197,#4940,.T.);
#4938 = VERTEX_POINT('',#4939);
#4939 = CARTESIAN_POINT('',(26.998836164417,-65.50408648143,115.7));
#4940 = SEAM_CURVE('',#4941,(#4945,#4952),.PCURVE_S1.);
#4941 = LINE('',#4942,#4943);
#4942 = CARTESIAN_POINT('',(25.474554659016,-61.80590234698,115.7));
#4943 = VECTOR('',#4944,1.);
#4944 = DIRECTION('',(0.38107037635,-0.924546033612,2.220446049251E-16)
  );
#4945 = PCURVE('',#2330,#4946);
#4946 = DEFINITIONAL_REPRESENTATION('',(#4947),#4951);
#4947 = LINE('',#4948,#4949);
#4948 = CARTESIAN_POINT('',(0.,-0.));
#4949 = VECTOR('',#4950,1.);
#4950 = DIRECTION('',(0.,1.));
#4951 = ( GEOMETRIC_REPRESENTATION_CONTEXT(2) 
PARAMETRIC_REPRESENTATION_CONTEXT() REPRESENTATION_CONTEXT('2D SPACE',''
  ) );
#4952 = PCURVE('',#2330,#4953);
#4953 = DEFINITIONAL_REPRESENTATION('',(#4954),#4958);
#4954 = LINE('',#4955,#4956);
#4955 = CARTESIAN_POINT('',(6.28318530718,-0.));
#4956 = VECTOR('',#4957,1.);
#4957 = DIRECTION('',(0.,1.));
#4958 = ( GEOMETRIC_REPRESENTATION_CONTEXT(2) 
PARAMETRIC_REPRESENTATION_CONTEXT() REPRESENTATION_CONTEXT('2D SPACE',''
  ) );
#4959 = ORIENTED_EDGE('',*,*,#4960,.T.);
#4960 = EDGE_CURVE('',#4938,#4938,#4961,.T.);
#4961 = SURFACE_CURVE('',#4962,(#5025,#5091),.PCURVE_S1.);
#4962 = B_SPLINE_CURVE_WITH_KNOTS('',7,(#4963,#4964,#4965,#4966,#4967,
    #4968,#4969,#4970,#4971,#4972,#4973,#4974,#4975,#4976,#4977,#4978,
    #4979,#4980,#4981,#4982,#4983,#4984,#4985,#4986,#4987,#4988,#4989,
    #4990,#4991,#4992,#4993,#4994,#4995,#4996,#4997,#4998,#4999,#5000,
    #5001,#5002,#5003,#5004,#5005,#5006,#5007,#5008,#5009,#5010,#5011,
    #5012,#5013,#5014,#5015,#5016,#5017,#5018,#5019,#5020,#5021,#5022,
    #5023,#5024),.UNSPECIFIED.,.T.,.F.,(1,7,6,6,6,6,6,6,6,6,6,7,1),(
    -5.1294162517E-02,0.,8.234485477982E-02,0.180750766445,0.34450188306
    ,0.442272984722,0.531818787115,0.631500514293,0.750063798935,
    0.844378003649,0.948705837483,1.,1.08234485478),.UNSPECIFIED.);
#4963 = CARTESIAN_POINT('',(26.998836164417,-65.50408648143,115.7));
#4964 = CARTESIAN_POINT('',(27.272300451361,-65.39137263598,115.7));
#4965 = CARTESIAN_POINT('',(27.542467808017,-65.27845986918,
    115.73092969828));
#4966 = CARTESIAN_POINT('',(27.804756976718,-65.16729073336,
    115.79167082416));
#4967 = CARTESIAN_POINT('',(28.054892762902,-65.05984472673,
    115.87982347782));
#4968 = CARTESIAN_POINT('',(28.289188511437,-64.95798251425,
    115.99178667605));
#4969 = CARTESIAN_POINT('',(28.504770399788,-64.86328731382,
    116.12282300505));
#4970 = CARTESIAN_POINT('',(28.932745481853,-64.67367073065,
    116.43953388483));
#4971 = CARTESIAN_POINT('',(29.139273004123,-64.58099766157,
    116.63306899156));
#4972 = CARTESIAN_POINT('',(29.319997224957,-64.49905895158,
    116.84252560065));
#4973 = CARTESIAN_POINT('',(29.475963734072,-64.42776451653,
    117.06397312491));
#4974 = CARTESIAN_POINT('',(29.608307235691,-64.36688745589,
    117.29440391274));
#4975 = CARTESIAN_POINT('',(29.718057391435,-64.31616413894,
    117.53150195794));
#4976 = CARTESIAN_POINT('',(29.952435351249,-64.20747743252,
    118.17623081111));
#4977 = CARTESIAN_POINT('',(30.03853009021,-64.16708060285,
    118.59250672584));
#4978 = CARTESIAN_POINT('',(30.068217491852,-64.15306696096,
    119.01453386553));
#4979 = CARTESIAN_POINT('',(30.042891444481,-64.16499008724,
    119.43730060731));
#4980 = CARTESIAN_POINT('',(29.961779207645,-64.20311852178,
    119.85566447611));
#4981 = CARTESIAN_POINT('',(29.822042243213,-64.26832968539,
    120.26338814756));
#4982 = CARTESIAN_POINT('',(29.497941335845,-64.4174801391,
    120.88083486396));
#4983 = CARTESIAN_POINT('',(29.353882452376,-64.48345318619,
    121.10483523326));
#4984 = CARTESIAN_POINT('',(29.18594291013,-64.55987552431,
    121.31925183188));
#4985 = CARTESIAN_POINT('',(28.993205018193,-64.64687482106,
    121.52071468298));
#4986 = CARTESIAN_POINT('',(28.774936235613,-64.74440848859,
    121.70514000635));
#4987 = CARTESIAN_POINT('',(28.530792431669,-64.85216115812,
    121.8675550025));
#4988 = CARTESIAN_POINT('',(28.014314271909,-65.07682529042,
    122.1247235999));
#4989 = CARTESIAN_POINT('',(27.744106189841,-65.19306126976,
    122.22500296312));
#4990 = CARTESIAN_POINT('',(27.456121462494,-65.31529830718,
    122.29429993212));
#4991 = CARTESIAN_POINT('',(27.157465041897,-65.44012090296,
    122.32745468754));
#4992 = CARTESIAN_POINT('',(26.856192920377,-65.56401357088,
    122.32251606875));
#4993 = CARTESIAN_POINT('',(26.560527077858,-65.68373859293,
    122.28080236694));
#4994 = CARTESIAN_POINT('',(25.963297169518,-65.922260788,
    122.12479762967));
#4995 = CARTESIAN_POINT('',(25.669172879682,-66.037693409,
    122.00395369761));
#4996 = CARTESIAN_POINT('',(25.39882359399,-66.14208914178,
    121.85122576126));
#4997 = CARTESIAN_POINT('',(25.154293493949,-66.23519571581,
    121.67281110846));
#4998 = CARTESIAN_POINT('',(24.936683024559,-66.31708643821,
    121.47451611926));
#4999 = CARTESIAN_POINT('',(24.746261701741,-66.38806764392,
    121.26182885678));
#5000 = CARTESIAN_POINT('',(24.387686523253,-66.52072147822,
    120.77598770398));
#5001 = CARTESIAN_POINT('',(24.228546973697,-66.57883725085,
    120.49625356079));
#5002 = CARTESIAN_POINT('',(24.103403339415,-66.62412157452,
    120.20599338804));
#5003 = CARTESIAN_POINT('',(24.010707216542,-66.65746793668,
    119.90883953865));
#5004 = CARTESIAN_POINT('',(23.949287443036,-66.67949608123,
    119.60742656168));
#5005 = CARTESIAN_POINT('',(23.918532139438,-66.69052646586,
    119.30384302407));
#5006 = CARTESIAN_POINT('',(23.918532139438,-66.69052646586,
    118.75830027601));
#5007 = CARTESIAN_POINT('',(23.937994139589,-66.68354644571,
    118.51668093608));
#5008 = CARTESIAN_POINT('',(23.976893434585,-66.66959516068,
    118.27617041404));
#5009 = CARTESIAN_POINT('',(24.035465151391,-66.64854815485,
    118.03783261213));
#5010 = CARTESIAN_POINT('',(24.114165183284,-66.62016108043,
    117.80290714443));
#5011 = CARTESIAN_POINT('',(24.213627438129,-66.58407724622,
    117.57295362494));
#5012 = CARTESIAN_POINT('',(24.468453239998,-66.49088361394,
    117.10337470314));
#5013 = CARTESIAN_POINT('',(24.629182362849,-66.43174646181,
    116.86429862863));
#5014 = CARTESIAN_POINT('',(24.817875048497,-66.36176806867,
    116.63631484051));
#5015 = CARTESIAN_POINT('',(25.035357274805,-66.2802901487,
    116.42374138893));
#5016 = CARTESIAN_POINT('',(25.282056428869,-66.18669345763,
    116.23177611306));
#5017 = CARTESIAN_POINT('',(25.557710620446,-66.08049594707,
    116.0667177316));
#5018 = CARTESIAN_POINT('',(26.009888924866,-65.90321544387,
    115.87230640948));
#5019 = CARTESIAN_POINT('',(26.16543015365,-65.84178117133,
    115.81668336593));
#5020 = CARTESIAN_POINT('',(26.32639260507,-65.777694458,115.77079645611
    ));
#5021 = CARTESIAN_POINT('',(26.491556060837,-65.71137650294,
    115.73563857814));
#5022 = CARTESIAN_POINT('',(26.659602050886,-65.64330913888,
    115.71190790048));
#5023 = CARTESIAN_POINT('',(26.829157131663,-65.57402313198,115.7));
#5024 = CARTESIAN_POINT('',(26.998836164417,-65.50408648143,115.7));
#5025 = PCURVE('',#2330,#5026);
#5026 = DEFINITIONAL_REPRESENTATION('',(#5027),#5090);
#5027 = B_SPLINE_CURVE_WITH_KNOTS('',7,(#5028,#5029,#5030,#5031,#5032,
    #5033,#5034,#5035,#5036,#5037,#5038,#5039,#5040,#5041,#5042,#5043,
    #5044,#5045,#5046,#5047,#5048,#5049,#5050,#5051,#5052,#5053,#5054,
    #5055,#5056,#5057,#5058,#5059,#5060,#5061,#5062,#5063,#5064,#5065,
    #5066,#5067,#5068,#5069,#5070,#5071,#5072,#5073,#5074,#5075,#5076,
    #5077,#5078,#5079,#5080,#5081,#5082,#5083,#5084,#5085,#5086,#5087,
    #5088,#5089),.UNSPECIFIED.,.F.,.F.,(8,6,6,6,6,6,6,6,6,6,8),(0.,
    8.234485477982E-02,0.180750766445,0.34450188306,0.442272984722,
    0.531818787115,0.631500514293,0.750063798935,0.844378003649,
    0.948705837483,1.),.UNSPECIFIED.);
#5028 = CARTESIAN_POINT('',(0.,4.));
#5029 = CARTESIAN_POINT('',(8.963097858619E-02,4.));
#5030 = CARTESIAN_POINT('',(0.178361136274,3.998559725591));
#5031 = CARTESIAN_POINT('',(0.265859410213,3.99572937424));
#5032 = CARTESIAN_POINT('',(0.351767341787,3.991709933159));
#5033 = CARTESIAN_POINT('',(0.435661880468,3.986816797706));
#5034 = CARTESIAN_POINT('',(0.516993354532,3.981418597081));
#5035 = CARTESIAN_POINT('',(0.68821849669,3.969197962793));
#5036 = CARTESIAN_POINT('',(0.777872082895,3.962218964986));
#5037 = CARTESIAN_POINT('',(0.864535966287,3.955331502515));
#5038 = CARTESIAN_POINT('',(0.948672940314,3.948850731703));
#5039 = CARTESIAN_POINT('',(1.030694823804,3.942999274719));
#5040 = CARTESIAN_POINT('',(1.111001650517,3.937925766375));
#5041 = CARTESIAN_POINT('',(1.321448794155,3.926754400404));
#5042 = CARTESIAN_POINT('',(1.449255704205,3.922213826332));
#5043 = CARTESIAN_POINT('',(1.575383447697,3.920570558623));
#5044 = CARTESIAN_POINT('',(1.701378974813,3.921943031335));
#5045 = CARTESIAN_POINT('',(1.828776082268,3.926285053639));
#5046 = CARTESIAN_POINT('',(1.959116037498,3.933326158673));
#5047 = CARTESIAN_POINT('',(2.175166357453,3.947717364317));
#5048 = CARTESIAN_POINT('',(2.257940416912,3.953815910389));
#5049 = CARTESIAN_POINT('',(2.343009271499,3.960475095407));
#5050 = CARTESIAN_POINT('',(2.430674892268,3.967463249127));
#5051 = CARTESIAN_POINT('',(2.521294015672,3.974461847462));
#5052 = CARTESIAN_POINT('',(2.615277276051,3.981048179442));
#5053 = CARTESIAN_POINT('',(2.802872513491,3.991945985133));
#5054 = CARTESIAN_POINT('',(2.896567056574,3.996443203273));
#5055 = CARTESIAN_POINT('',(2.992701188619,3.999714522946));
#5056 = CARTESIAN_POINT('',(3.090107195616,4.00130964418));
#5057 = CARTESIAN_POINT('',(3.187787283963,4.001048238171));
#5058 = CARTESIAN_POINT('',(3.284702938055,3.99907003855));
#5059 = CARTESIAN_POINT('',(3.485222009396,3.992008161989));
#5060 = CARTESIAN_POINT('',(3.58689003474,3.986648880064));
#5061 = CARTESIAN_POINT('',(3.685048507707,3.980145436684));
#5062 = CARTESIAN_POINT('',(3.779948372449,3.973043573155));
#5063 = CARTESIAN_POINT('',(3.871737717529,3.965830412276));
#5064 = CARTESIAN_POINT('',(3.960444539208,3.958891879324));
#5065 = CARTESIAN_POINT('',(4.147740528173,3.944894077454));
#5066 = CARTESIAN_POINT('',(4.246082005012,3.937981416485));
#5067 = CARTESIAN_POINT('',(4.341847194222,3.932160326502));
#5068 = CARTESIAN_POINT('',(4.435707745299,3.927666826942));
#5069 = CARTESIAN_POINT('',(4.528320435421,3.924627604413));
#5070 = CARTESIAN_POINT('',(4.620315336727,3.923105767657));
#5071 = CARTESIAN_POINT('',(4.785631320987,3.923105767657));
#5072 = CARTESIAN_POINT('',(4.858849553043,3.924068809427));
#5073 = CARTESIAN_POINT('',(4.932372435104,3.925993573176));
#5074 = CARTESIAN_POINT('',(5.006520381826,3.928854593589));
#5075 = CARTESIAN_POINT('',(5.081610488686,3.932599687297));
#5076 = CARTESIAN_POINT('',(5.157974219391,3.937140640384));
#5077 = CARTESIAN_POINT('',(5.322284229637,3.948085401527));
#5078 = CARTESIAN_POINT('',(5.410955084828,3.954659489422));
#5079 = CARTESIAN_POINT('',(5.502308843831,3.96186643634));
#5080 = CARTESIAN_POINT('',(5.596671675824,3.969412382436));
#5081 = CARTESIAN_POINT('',(5.694450331623,3.976887672431));
#5082 = CARTESIAN_POINT('',(5.796121715599,3.983746831785));
#5083 = CARTESIAN_POINT('',(5.954632538942,3.992154602363));
#5084 = CARTESIAN_POINT('',(6.007938868178,3.994627943943));
#5085 = CARTESIAN_POINT('',(6.062075922267,3.996714849273));
#5086 = CARTESIAN_POINT('',(6.116844945608,3.998339747207));
#5087 = CARTESIAN_POINT('',(6.172066805313,3.999445684423));
#5088 = CARTESIAN_POINT('',(6.227571106433,4.));
#5089 = CARTESIAN_POINT('',(6.28318530718,4.));
#5090 = ( GEOMETRIC_REPRESENTATION_CONTEXT(2) 
PARAMETRIC_REPRESENTATION_CONTEXT() REPRESENTATION_CONTEXT('2D SPACE',''
  ) );
#5091 = PCURVE('',#2631,#5092);
#5092 = DEFINITIONAL_REPRESENTATION('',(#5093),#5156);
#5093 = B_SPLINE_CURVE_WITH_KNOTS('',7,(#5094,#5095,#5096,#5097,#5098,
    #5099,#5100,#5101,#5102,#5103,#5104,#5105,#5106,#5107,#5108,#5109,
    #5110,#5111,#5112,#5113,#5114,#5115,#5116,#5117,#5118,#5119,#5120,
    #5121,#5122,#5123,#5124,#5125,#5126,#5127,#5128,#5129,#5130,#5131,
    #5132,#5133,#5134,#5135,#5136,#5137,#5138,#5139,#5140,#5141,#5142,
    #5143,#5144,#5145,#5146,#5147,#5148,#5149,#5150,#5151,#5152,#5153,
    #5154,#5155),.UNSPECIFIED.,.T.,.F.,(1,7,6,6,6,6,6,6,6,6,6,7,1),(
    -5.1294162517E-02,0.,8.234485477982E-02,0.180750766445,0.34450188306
    ,0.442272984722,0.531818787115,0.631500514293,0.750063798935,
    0.844378003649,0.948705837483,1.,1.08234485478),.UNSPECIFIED.);
#5094 = CARTESIAN_POINT('',(5.103342732831,24.7));
#5095 = CARTESIAN_POINT('',(5.107517499653,24.7));
#5096 = CARTESIAN_POINT('',(5.111650313697,24.730929698288));
#5097 = CARTESIAN_POINT('',(5.115671062658,24.791670824166));
#5098 = CARTESIAN_POINT('',(5.119513421382,24.879823477824));
#5099 = CARTESIAN_POINT('',(5.123119316858,24.991786676058));
#5100 = CARTESIAN_POINT('',(5.126442698915,25.122823005054));
#5101 = CARTESIAN_POINT('',(5.133049607539,25.439533884839));
#5102 = CARTESIAN_POINT('',(5.136244586306,25.633068991563));
#5103 = CARTESIAN_POINT('',(5.139045290277,25.842525600656));
#5104 = CARTESIAN_POINT('',(5.141465726805,26.063973124918));
#5105 = CARTESIAN_POINT('',(5.143521806927,26.294403912747));
#5106 = CARTESIAN_POINT('',(5.145228294191,26.531501957947));
#5107 = CARTESIAN_POINT('',(5.148874760527,27.176230811115));
#5108 = CARTESIAN_POINT('',(5.150217034292,27.592506725844));
#5109 = CARTESIAN_POINT('',(5.150680396091,28.014533865535));
#5110 = CARTESIAN_POINT('',(5.150285302089,28.437300607316));
#5111 = CARTESIAN_POINT('',(5.149020271905,28.85566447611));
#5112 = CARTESIAN_POINT('',(5.146843815008,29.263388147561));
#5113 = CARTESIAN_POINT('',(5.141808198976,29.880834863966));
#5114 = CARTESIAN_POINT('',(5.139571832232,30.104835233268));
#5115 = CARTESIAN_POINT('',(5.136967606033,30.319251831885));
#5116 = CARTESIAN_POINT('',(5.133982970295,30.520714682986));
#5117 = CARTESIAN_POINT('',(5.130608719189,30.705140006351));
#5118 = CARTESIAN_POINT('',(5.12684215564,30.867555002505));
#5119 = CARTESIAN_POINT('',(5.118892598553,31.124723599906));
#5120 = CARTESIAN_POINT('',(5.114740926454,31.225002963122));
#5121 = CARTESIAN_POINT('',(5.110325305361,31.294299932126));
#5122 = CARTESIAN_POINT('',(5.105756739869,31.327454687546));
#5123 = CARTESIAN_POINT('',(5.101159086111,31.32251606875));
#5124 = CARTESIAN_POINT('',(5.096656856855,31.280802366945));
#5125 = CARTESIAN_POINT('',(5.087579947045,31.124797629677));
#5126 = CARTESIAN_POINT('',(5.083120395917,31.003953697619));
#5127 = CARTESIAN_POINT('',(5.07903007702,30.851225761263));
#5128 = CARTESIAN_POINT('',(5.075337036162,30.672811108466));
#5129 = CARTESIAN_POINT('',(5.072055356296,30.474516119263));
#5130 = CARTESIAN_POINT('',(5.069187043217,30.261828856789));
#5131 = CARTESIAN_POINT('',(5.063790768881,29.775987703985));
#5132 = CARTESIAN_POINT('',(5.061399553143,29.496253560799));
#5133 = CARTESIAN_POINT('',(5.059521155754,29.205993388046));
#5134 = CARTESIAN_POINT('',(5.058130730771,28.908839538652));
#5135 = CARTESIAN_POINT('',(5.057209763828,28.607426561687));
#5136 = CARTESIAN_POINT('',(5.056748599313,28.303843024071));
#5137 = CARTESIAN_POINT('',(5.056748599313,27.758300276011));
#5138 = CARTESIAN_POINT('',(5.057040424819,27.516680936083));
#5139 = CARTESIAN_POINT('',(5.057623705687,27.276170414047));
#5140 = CARTESIAN_POINT('',(5.058502159197,27.037832612131));
#5141 = CARTESIAN_POINT('',(5.059683006091,26.802907144437));
#5142 = CARTESIAN_POINT('',(5.061176373105,26.572953624941));
#5143 = CARTESIAN_POINT('',(5.065006046313,26.103374703144));
#5144 = CARTESIAN_POINT('',(5.067423305186,25.864298628637));
#5145 = CARTESIAN_POINT('',(5.070263809082,25.636314840515));
#5146 = CARTESIAN_POINT('',(5.073541737436,25.42374138893));
#5147 = CARTESIAN_POINT('',(5.077265841811,25.231776113066));
#5148 = CARTESIAN_POINT('',(5.08143518825,25.066717731601));
#5149 = CARTESIAN_POINT('',(5.088290358115,24.872306409489));
#5150 = CARTESIAN_POINT('',(5.090650747405,24.81668336593));
#5151 = CARTESIAN_POINT('',(5.093096057463,24.770796456116));
#5152 = CARTESIAN_POINT('',(5.095608111561,24.735638578143));
#5153 = CARTESIAN_POINT('',(5.098167134127,24.71190790048));
#5154 = CARTESIAN_POINT('',(5.100752374857,24.7));
#5155 = CARTESIAN_POINT('',(5.103342732831,24.7));
#5156 = ( GEOMETRIC_REPRESENTATION_CONTEXT(2) 
PARAMETRIC_REPRESENTATION_CONTEXT() REPRESENTATION_CONTEXT('2D SPACE',''
  ) );
#5157 = ORIENTED_EDGE('',*,*,#4937,.T.);
#5158 = ADVANCED_FACE('',(#5159),#2537,.F.);
#5159 = FACE_BOUND('',#5160,.F.);
#5160 = EDGE_LOOP('',(#5161,#5162,#5185,#5383));
#5161 = ORIENTED_EDGE('',*,*,#2403,.F.);
#5162 = ORIENTED_EDGE('',*,*,#5163,.F.);
#5163 = EDGE_CURVE('',#5164,#2404,#5166,.T.);
#5164 = VERTEX_POINT('',#5165);
#5165 = CARTESIAN_POINT('',(70.227621026822,-9.370365249717,115.7));
#5166 = SEAM_CURVE('',#5167,(#5171,#5178),.PCURVE_S1.);
#5167 = LINE('',#5168,#5169);
#5168 = CARTESIAN_POINT('',(66.262758865816,-8.841339688689,115.7));
#5169 = VECTOR('',#5170,1.);
#5170 = DIRECTION('',(0.991215540252,-0.132256390257,2.220446049249E-16)
  );
#5171 = PCURVE('',#2537,#5172);
#5172 = DEFINITIONAL_REPRESENTATION('',(#5173),#5177);
#5173 = LINE('',#5174,#5175);
#5174 = CARTESIAN_POINT('',(0.,-0.));
#5175 = VECTOR('',#5176,1.);
#5176 = DIRECTION('',(0.,1.));
#5177 = ( GEOMETRIC_REPRESENTATION_CONTEXT(2) 
PARAMETRIC_REPRESENTATION_CONTEXT() REPRESENTATION_CONTEXT('2D SPACE',''
  ) );
#5178 = PCURVE('',#2537,#5179);
#5179 = DEFINITIONAL_REPRESENTATION('',(#5180),#5184);
#5180 = LINE('',#5181,#5182);
#5181 = CARTESIAN_POINT('',(6.28318530718,-0.));
#5182 = VECTOR('',#5183,1.);
#5183 = DIRECTION('',(0.,1.));
#5184 = ( GEOMETRIC_REPRESENTATION_CONTEXT(2) 
PARAMETRIC_REPRESENTATION_CONTEXT() REPRESENTATION_CONTEXT('2D SPACE',''
  ) );
#5185 = ORIENTED_EDGE('',*,*,#5186,.T.);
#5186 = EDGE_CURVE('',#5164,#5164,#5187,.T.);
#5187 = SURFACE_CURVE('',#5188,(#5251,#5317),.PCURVE_S1.);
#5188 = B_SPLINE_CURVE_WITH_KNOTS('',7,(#5189,#5190,#5191,#5192,#5193,
    #5194,#5195,#5196,#5197,#5198,#5199,#5200,#5201,#5202,#5203,#5204,
    #5205,#5206,#5207,#5208,#5209,#5210,#5211,#5212,#5213,#5214,#5215,
    #5216,#5217,#5218,#5219,#5220,#5221,#5222,#5223,#5224,#5225,#5226,
    #5227,#5228,#5229,#5230,#5231,#5232,#5233,#5234,#5235,#5236,#5237,
    #5238,#5239,#5240,#5241,#5242,#5243,#5244,#5245,#5246,#5247,#5248,
    #5249,#5250),.UNSPECIFIED.,.T.,.F.,(1,7,6,6,6,6,6,6,6,6,6,7,1),(
    -5.1294166171E-02,0.,8.234484865415E-02,0.180750752957,
    0.344501860586,0.442272956655,0.531818757421,0.631500487922,
    0.750063781062,0.844377992537,0.948705833829,1.,1.082344848654),
  .UNSPECIFIED.);
#5189 = CARTESIAN_POINT('',(70.227621026822,-9.370365249717,115.7));
#5190 = CARTESIAN_POINT('',(70.266740116762,-9.077181307576,115.7));
#5191 = CARTESIAN_POINT('',(70.304038470644,-8.786753129948,
    115.73092969826));
#5192 = CARTESIAN_POINT('',(70.338907759271,-8.50401947871,
    115.79167082417));
#5193 = CARTESIAN_POINT('',(70.370924681081,-8.233672530166,
    115.87982347786));
#5194 = CARTESIAN_POINT('',(70.399857291643,-7.979835353788,
    115.99178667607));
#5195 = CARTESIAN_POINT('',(70.425639786629,-7.745788361743,
    116.12282300499));
#5196 = CARTESIAN_POINT('',(70.475414549665,-7.280342776814,
    116.43953388483));
#5197 = CARTESIAN_POINT('',(70.498421078726,-7.055148161405,
    116.63306899156));
#5198 = CARTESIAN_POINT('',(70.517822184739,-6.85766704009,
    116.84252560065));
#5199 = CARTESIAN_POINT('',(70.534062647399,-6.686948863534,
    117.06397312491));
#5200 = CARTESIAN_POINT('',(70.547513317186,-6.541897498785,
    117.29440391274));
#5201 = CARTESIAN_POINT('',(70.558460714015,-6.421489417367,
    117.53150195794));
#5202 = CARTESIAN_POINT('',(70.581524245397,-6.16416879367,
    118.17623081913));
#5203 = CARTESIAN_POINT('',(70.589586933349,-6.069410156738,
    118.59250669269));
#5204 = CARTESIAN_POINT('',(70.592294464727,-6.036693286505,
    119.01453392931));
#5205 = CARTESIAN_POINT('',(70.589957172516,-6.064587837343,
    119.43730053799));
#5206 = CARTESIAN_POINT('',(70.58242124454,-6.15389733887,
    119.85566451691));
#5207 = CARTESIAN_POINT('',(70.569027288522,-6.307518661159,
    120.26338813681));
#5208 = CARTESIAN_POINT('',(70.536144915853,-6.662773516751,
    120.88083486984));
#5209 = CARTESIAN_POINT('',(70.521249809704,-6.820518683252,
    121.10483521891));
#5210 = CARTESIAN_POINT('',(70.50346372466,-7.0041697672,121.3192518441)
  );
#5211 = CARTESIAN_POINT('',(70.482438377522,-7.214585343236,
    121.52071468327));
#5212 = CARTESIAN_POINT('',(70.457770623953,-7.452378454281,
    121.70513999963));
#5213 = CARTESIAN_POINT('',(70.429015268267,-7.717689550432,
    121.86755500585));
#5214 = CARTESIAN_POINT('',(70.365341034675,-8.277304819895,
    122.12472360163));
#5215 = CARTESIAN_POINT('',(70.330900306211,-8.569429859548,
    122.22500296101));
#5216 = CARTESIAN_POINT('',(70.292768320173,-8.879950483926,
    122.29429993163));
#5217 = CARTESIAN_POINT('',(70.251539648924,-9.201005828677,
    122.3274546891));
#5218 = CARTESIAN_POINT('',(70.208197788012,-9.523861457358,
    122.32251606913));
#5219 = CARTESIAN_POINT('',(70.164049775333,-9.839778113401,
    122.2808023659));
#5220 = CARTESIAN_POINT('',(70.072001100262,-10.47625549172,
    122.1247976266));
#5221 = CARTESIAN_POINT('',(70.024906543758,-10.7886908659,
    122.00395370287));
#5222 = CARTESIAN_POINT('',(69.980141249679,-11.07501813821,
    121.85122576616));
#5223 = CARTESIAN_POINT('',(69.938508860893,-11.33334067829,
    121.67281108718));
#5224 = CARTESIAN_POINT('',(69.900623075181,-11.56274222024,
    121.4745161412));
#5225 = CARTESIAN_POINT('',(69.866883937544,-11.76314254615,
    121.26182884828));
#5226 = CARTESIAN_POINT('',(69.802477939842,-12.14000467044,
    120.77598770398));
#5227 = CARTESIAN_POINT('',(69.773237900519,-12.30688144942,
    120.49625356079));
#5228 = CARTESIAN_POINT('',(69.749883458066,-12.43790117766,
    120.20599338804));
#5229 = CARTESIAN_POINT('',(69.732414193383,-12.53485155598,
    119.90883953865));
#5230 = CARTESIAN_POINT('',(69.720781239413,-12.59905671241,
    119.60742656168));
#5231 = CARTESIAN_POINT('',(69.714956180919,-12.63120677894,
    119.30384302407));
#5232 = CARTESIAN_POINT('',(69.714956180919,-12.63120677894,
    118.75830027601));
#5233 = CARTESIAN_POINT('',(69.718642306219,-12.61086218232,
    118.51668093608));
#5234 = CARTESIAN_POINT('',(69.726009786468,-12.57019876215,
    118.27617041404));
#5235 = CARTESIAN_POINT('',(69.737068403154,-12.50895066454,
    118.03783261213));
#5236 = CARTESIAN_POINT('',(69.751834491511,-12.42660090044,
    117.80290714443));
#5237 = CARTESIAN_POINT('',(69.770316101838,-12.32242214392,
    117.57295362494));
#5238 = CARTESIAN_POINT('',(69.817020949747,-12.05513970984,
    117.10337470318));
#5239 = CARTESIAN_POINT('',(69.846171235124,-11.88637563025,
    116.86429862863));
#5240 = CARTESIAN_POINT('',(69.879914511778,-11.68797377436,
    116.63631484048));
#5241 = CARTESIAN_POINT('',(69.918093676394,-11.45888968151,
    116.42374138891));
#5242 = CARTESIAN_POINT('',(69.960386141241,-11.19844360151,
    116.23177611308));
#5243 = CARTESIAN_POINT('',(70.006243495055,-10.9066213137,
    116.06671773162));
#5244 = CARTESIAN_POINT('',(70.078803227907,-10.42638316341,
    115.87230640949));
#5245 = CARTESIAN_POINT('',(70.103370201617,-10.26096337163,
    115.81668336592));
#5246 = CARTESIAN_POINT('',(70.128350705543,-10.08952244299,
    115.77079645611));
#5247 = CARTESIAN_POINT('',(70.153499399607,-9.913327717021,
    115.73563857814));
#5248 = CARTESIAN_POINT('',(70.17857432819,-9.733761938612,
    115.71190790048));
#5249 = CARTESIAN_POINT('',(70.203348426479,-9.552279927829,115.7));
#5250 = CARTESIAN_POINT('',(70.227621026822,-9.370365249717,115.7));
#5251 = PCURVE('',#2537,#5252);
#5252 = DEFINITIONAL_REPRESENTATION('',(#5253),#5316);
#5253 = B_SPLINE_CURVE_WITH_KNOTS('',7,(#5254,#5255,#5256,#5257,#5258,
    #5259,#5260,#5261,#5262,#5263,#5264,#5265,#5266,#5267,#5268,#5269,
    #5270,#5271,#5272,#5273,#5274,#5275,#5276,#5277,#5278,#5279,#5280,
    #5281,#5282,#5283,#5284,#5285,#5286,#5287,#5288,#5289,#5290,#5291,
    #5292,#5293,#5294,#5295,#5296,#5297,#5298,#5299,#5300,#5301,#5302,
    #5303,#5304,#5305,#5306,#5307,#5308,#5309,#5310,#5311,#5312,#5313,
    #5314,#5315),.UNSPECIFIED.,.F.,.F.,(8,6,6,6,6,6,6,6,6,6,8),(0.,
    8.234484865415E-02,0.180750752957,0.344501860586,0.442272956655,
    0.531818757421,0.631500487922,0.750063781062,0.844377992537,
    0.948705833829,1.),.UNSPECIFIED.);
#5254 = CARTESIAN_POINT('',(0.,4.));
#5255 = CARTESIAN_POINT('',(8.963097855397E-02,4.));
#5256 = CARTESIAN_POINT('',(0.17836113627,3.998559725592));
#5257 = CARTESIAN_POINT('',(0.265859410237,3.99572937424));
#5258 = CARTESIAN_POINT('',(0.351767341813,3.991709933157));
#5259 = CARTESIAN_POINT('',(0.435661880467,3.986816797706));
#5260 = CARTESIAN_POINT('',(0.5169933545,3.981418597083));
#5261 = CARTESIAN_POINT('',(0.68821849669,3.969197962793));
#5262 = CARTESIAN_POINT('',(0.777872082895,3.962218964986));
#5263 = CARTESIAN_POINT('',(0.864535966287,3.955331502515));
#5264 = CARTESIAN_POINT('',(0.948672940314,3.948850731703));
#5265 = CARTESIAN_POINT('',(1.030694823804,3.942999274719));
#5266 = CARTESIAN_POINT('',(1.111001650517,3.937925766375));
#5267 = CARTESIAN_POINT('',(1.321448796774,3.926754400265));
#5268 = CARTESIAN_POINT('',(1.449255693378,3.922213826592));
#5269 = CARTESIAN_POINT('',(1.575383468651,3.920570558613));
#5270 = CARTESIAN_POINT('',(1.701378951778,3.921943030853));
#5271 = CARTESIAN_POINT('',(1.828776096094,3.92628505422));
#5272 = CARTESIAN_POINT('',(1.959116033738,3.933326158422));
#5273 = CARTESIAN_POINT('',(2.175166359511,3.947717364454));
#5274 = CARTESIAN_POINT('',(2.257940412373,3.953815910068));
#5275 = CARTESIAN_POINT('',(2.343009273731,3.960475095602));
#5276 = CARTESIAN_POINT('',(2.430674896018,3.96746324932));
#5277 = CARTESIAN_POINT('',(2.521294010068,3.974461847134));
#5278 = CARTESIAN_POINT('',(2.615277278496,3.981048179584));
#5279 = CARTESIAN_POINT('',(2.80287251475,3.991945985206));
#5280 = CARTESIAN_POINT('',(2.896567053445,3.996443203184));
#5281 = CARTESIAN_POINT('',(2.992701190585,3.999714522923));
#5282 = CARTESIAN_POINT('',(3.090107197518,4.001309644246));
#5283 = CARTESIAN_POINT('',(3.187787280756,4.001048238191));
#5284 = CARTESIAN_POINT('',(3.284702939398,3.999070038503));
#5285 = CARTESIAN_POINT('',(3.485222013343,3.99200816185));
#5286 = CARTESIAN_POINT('',(3.586890025531,3.98664888036));
#5287 = CARTESIAN_POINT('',(3.685048513904,3.980145436672));
#5288 = CARTESIAN_POINT('',(3.779948376164,3.973043572603));
#5289 = CARTESIAN_POINT('',(3.871737710116,3.965830412907));
#5290 = CARTESIAN_POINT('',(3.960444542487,3.958891879079));
#5291 = CARTESIAN_POINT('',(4.147740528173,3.944894077454));
#5292 = CARTESIAN_POINT('',(4.246082005013,3.937981416485));
#5293 = CARTESIAN_POINT('',(4.341847194222,3.932160326502));
#5294 = CARTESIAN_POINT('',(4.435707745298,3.927666826942));
#5295 = CARTESIAN_POINT('',(4.528320435421,3.924627604413));
#5296 = CARTESIAN_POINT('',(4.620315336727,3.923105767657));
#5297 = CARTESIAN_POINT('',(4.785631320987,3.923105767657));
#5298 = CARTESIAN_POINT('',(4.858849553043,3.924068809427));
#5299 = CARTESIAN_POINT('',(4.932372435104,3.925993573176));
#5300 = CARTESIAN_POINT('',(5.006520381826,3.928854593589));
#5301 = CARTESIAN_POINT('',(5.081610488686,3.932599687297));
#5302 = CARTESIAN_POINT('',(5.157974219391,3.937140640384));
#5303 = CARTESIAN_POINT('',(5.322284229621,3.948085401526));
#5304 = CARTESIAN_POINT('',(5.410955084829,3.954659489422));
#5305 = CARTESIAN_POINT('',(5.502308843843,3.961866436341));
#5306 = CARTESIAN_POINT('',(5.596671675836,3.969412382437));
#5307 = CARTESIAN_POINT('',(5.69445033162,3.976887672431));
#5308 = CARTESIAN_POINT('',(5.796121715584,3.983746831784));
#5309 = CARTESIAN_POINT('',(5.954632538936,3.992154602362));
#5310 = CARTESIAN_POINT('',(6.007938868184,3.994627943944));
#5311 = CARTESIAN_POINT('',(6.062075922272,3.996714849273));
#5312 = CARTESIAN_POINT('',(6.116844945603,3.998339747207));
#5313 = CARTESIAN_POINT('',(6.172066805306,3.999445684423));
#5314 = CARTESIAN_POINT('',(6.227571106438,4.));
#5315 = CARTESIAN_POINT('',(6.28318530718,4.));
#5316 = ( GEOMETRIC_REPRESENTATION_CONTEXT(2) 
PARAMETRIC_REPRESENTATION_CONTEXT() REPRESENTATION_CONTEXT('2D SPACE',''
  ) );
#5317 = PCURVE('',#2631,#5318);
#5318 = DEFINITIONAL_REPRESENTATION('',(#5319),#5382);
#5319 = B_SPLINE_CURVE_WITH_KNOTS('',7,(#5320,#5321,#5322,#5323,#5324,
    #5325,#5326,#5327,#5328,#5329,#5330,#5331,#5332,#5333,#5334,#5335,
    #5336,#5337,#5338,#5339,#5340,#5341,#5342,#5343,#5344,#5345,#5346,
    #5347,#5348,#5349,#5350,#5351,#5352,#5353,#5354,#5355,#5356,#5357,
    #5358,#5359,#5360,#5361,#5362,#5363,#5364,#5365,#5366,#5367,#5368,
    #5369,#5370,#5371,#5372,#5373,#5374,#5375,#5376,#5377,#5378,#5379,
    #5380,#5381),.UNSPECIFIED.,.T.,.F.,(1,7,6,6,6,6,6,6,6,6,6,7,1),(
    -5.1294166171E-02,0.,8.234484865415E-02,0.180750752957,
    0.344501860586,0.442272956655,0.531818757421,0.631500487922,
    0.750063781062,0.844377992537,0.948705833829,1.,1.082344848654),
  .UNSPECIFIED.);
#5320 = CARTESIAN_POINT('',(6.150540284028,24.7));
#5321 = CARTESIAN_POINT('',(6.154715050848,24.7));
#5322 = CARTESIAN_POINT('',(6.158847864894,24.730929698266));
#5323 = CARTESIAN_POINT('',(6.162868613856,24.791670824174));
#5324 = CARTESIAN_POINT('',(6.166710972579,24.879823477866));
#5325 = CARTESIAN_POINT('',(6.170316868055,24.991786676072));
#5326 = CARTESIAN_POINT('',(6.17364025011,25.122823004994));
#5327 = CARTESIAN_POINT('',(6.180247158736,25.439533884839));
#5328 = CARTESIAN_POINT('',(6.183442137503,25.633068991563));
#5329 = CARTESIAN_POINT('',(6.186242841473,25.842525600656));
#5330 = CARTESIAN_POINT('',(6.188663278002,26.063973124918));
#5331 = CARTESIAN_POINT('',(6.190719358123,26.294403912747));
#5332 = CARTESIAN_POINT('',(6.192425845388,26.531501957946));
#5333 = CARTESIAN_POINT('',(6.196072311769,27.176230819139));
#5334 = CARTESIAN_POINT('',(6.197414585407,27.592506692693));
#5335 = CARTESIAN_POINT('',(6.19787794728,28.014533929317));
#5336 = CARTESIAN_POINT('',(6.197482853458,28.437300537997));
#5337 = CARTESIAN_POINT('',(6.196217822898,28.85566451691));
#5338 = CARTESIAN_POINT('',(6.194041366292,29.263388136818));
#5339 = CARTESIAN_POINT('',(6.189005750124,29.880834869847));
#5340 = CARTESIAN_POINT('',(6.186769383519,30.104835218912));
#5341 = CARTESIAN_POINT('',(6.184165157249,30.319251844105));
#5342 = CARTESIAN_POINT('',(6.181180521269,30.520714683276));
#5343 = CARTESIAN_POINT('',(6.177806270637,30.705139999631));
#5344 = CARTESIAN_POINT('',(6.174039706733,30.867555005857));
#5345 = CARTESIAN_POINT('',(6.166090149696,31.124723601632));
#5346 = CARTESIAN_POINT('',(6.161938477788,31.225002961019));
#5347 = CARTESIAN_POINT('',(6.157522856468,31.294299931632));
#5348 = CARTESIAN_POINT('',(6.152954290982,31.327454689102));
#5349 = CARTESIAN_POINT('',(6.148356637451,31.322516069139));
#5350 = CARTESIAN_POINT('',(6.143854407991,31.280802365901));
#5351 = CARTESIAN_POINT('',(6.134777498063,31.124797626606));
#5352 = CARTESIAN_POINT('',(6.130317947551,31.003953702878));
#5353 = CARTESIAN_POINT('',(6.126227627847,30.851225766168));
#5354 = CARTESIAN_POINT('',(6.122534587351,30.672811087181));
#5355 = CARTESIAN_POINT('',(6.119252907686,30.474516141205));
#5356 = CARTESIAN_POINT('',(6.116384594319,30.261828848283));
#5357 = CARTESIAN_POINT('',(6.110988320077,29.775987703985));
#5358 = CARTESIAN_POINT('',(6.108597104339,29.496253560797));
#5359 = CARTESIAN_POINT('',(6.106718706951,29.205993388047));
#5360 = CARTESIAN_POINT('',(6.105328281967,28.908839538651));
#5361 = CARTESIAN_POINT('',(6.104407315025,28.607426561687));
#5362 = CARTESIAN_POINT('',(6.103946150509,28.303843024071));
#5363 = CARTESIAN_POINT('',(6.103946150509,27.758300276011));
#5364 = CARTESIAN_POINT('',(6.104237976016,27.516680936083));
#5365 = CARTESIAN_POINT('',(6.104821256884,27.276170414047));
#5366 = CARTESIAN_POINT('',(6.105699710394,27.037832612131));
#5367 = CARTESIAN_POINT('',(6.106880557288,26.802907144437));
#5368 = CARTESIAN_POINT('',(6.108373924302,26.572953624942));
#5369 = CARTESIAN_POINT('',(6.112203597509,26.103374703189));
#5370 = CARTESIAN_POINT('',(6.114620856383,25.864298628631));
#5371 = CARTESIAN_POINT('',(6.117461360279,25.636314840481));
#5372 = CARTESIAN_POINT('',(6.120739288633,25.423741388911));
#5373 = CARTESIAN_POINT('',(6.124463393007,25.23177611308));
#5374 = CARTESIAN_POINT('',(6.128632739446,25.06671773162));
#5375 = CARTESIAN_POINT('',(6.135487909312,24.872306409496));
#5376 = CARTESIAN_POINT('',(6.137848298602,24.816683365927));
#5377 = CARTESIAN_POINT('',(6.14029360866,24.77079645611));
#5378 = CARTESIAN_POINT('',(6.142805662757,24.735638578143));
#5379 = CARTESIAN_POINT('',(6.145364685323,24.711907900484));
#5380 = CARTESIAN_POINT('',(6.147949926054,24.7));
#5381 = CARTESIAN_POINT('',(6.150540284028,24.7));
#5382 = ( GEOMETRIC_REPRESENTATION_CONTEXT(2) 
PARAMETRIC_REPRESENTATION_CONTEXT() REPRESENTATION_CONTEXT('2D SPACE',''
  ) );
#5383 = ORIENTED_EDGE('',*,*,#5163,.T.);
#5384 = ADVANCED_FACE('',(#5385,#5411,#5414,#5417,#5420,#5423,#5426,
    #5429,#5432,#5435,#5438,#5441,#5444),#2631,.F.);
#5385 = FACE_BOUND('',#5386,.F.);
#5386 = EDGE_LOOP('',(#5387,#5388,#5409,#5410));
#5387 = ORIENTED_EDGE('',*,*,#2614,.F.);
#5388 = ORIENTED_EDGE('',*,*,#5389,.F.);
#5389 = EDGE_CURVE('',#2650,#2615,#5390,.T.);
#5390 = SEAM_CURVE('',#5391,(#5395,#5402),.PCURVE_S1.);
#5391 = LINE('',#5392,#5393);
#5392 = CARTESIAN_POINT('',(70.85,-1.735324514392E-14,91.));
#5393 = VECTOR('',#5394,1.);
#5394 = DIRECTION('',(0.,0.,1.));
#5395 = PCURVE('',#2631,#5396);
#5396 = DEFINITIONAL_REPRESENTATION('',(#5397),#5401);
#5397 = LINE('',#5398,#5399);
#5398 = CARTESIAN_POINT('',(0.,-0.));
#5399 = VECTOR('',#5400,1.);
#5400 = DIRECTION('',(0.,1.));
#5401 = ( GEOMETRIC_REPRESENTATION_CONTEXT(2) 
PARAMETRIC_REPRESENTATION_CONTEXT() REPRESENTATION_CONTEXT('2D SPACE',''
  ) );
#5402 = PCURVE('',#2631,#5403);
#5403 = DEFINITIONAL_REPRESENTATION('',(#5404),#5408);
#5404 = LINE('',#5405,#5406);
#5405 = CARTESIAN_POINT('',(6.28318530718,-0.));
#5406 = VECTOR('',#5407,1.);
#5407 = DIRECTION('',(0.,1.));
#5408 = ( GEOMETRIC_REPRESENTATION_CONTEXT(2) 
PARAMETRIC_REPRESENTATION_CONTEXT() REPRESENTATION_CONTEXT('2D SPACE',''
  ) );
#5409 = ORIENTED_EDGE('',*,*,#2649,.T.);
#5410 = ORIENTED_EDGE('',*,*,#5389,.T.);
#5411 = FACE_BOUND('',#5412,.F.);
#5412 = EDGE_LOOP('',(#5413));
#5413 = ORIENTED_EDGE('',*,*,#2700,.F.);
#5414 = FACE_BOUND('',#5415,.F.);
#5415 = EDGE_LOOP('',(#5416));
#5416 = ORIENTED_EDGE('',*,*,#2926,.F.);
#5417 = FACE_BOUND('',#5418,.F.);
#5418 = EDGE_LOOP('',(#5419));
#5419 = ORIENTED_EDGE('',*,*,#3152,.F.);
#5420 = FACE_BOUND('',#5421,.F.);
#5421 = EDGE_LOOP('',(#5422));
#5422 = ORIENTED_EDGE('',*,*,#3378,.F.);
#5423 = FACE_BOUND('',#5424,.F.);
#5424 = EDGE_LOOP('',(#5425));
#5425 = ORIENTED_EDGE('',*,*,#3604,.F.);
#5426 = FACE_BOUND('',#5427,.F.);
#5427 = EDGE_LOOP('',(#5428));
#5428 = ORIENTED_EDGE('',*,*,#3830,.F.);
#5429 = FACE_BOUND('',#5430,.F.);
#5430 = EDGE_LOOP('',(#5431));
#5431 = ORIENTED_EDGE('',*,*,#4056,.F.);
#5432 = FACE_BOUND('',#5433,.F.);
#5433 = EDGE_LOOP('',(#5434));
#5434 = ORIENTED_EDGE('',*,*,#4282,.F.);
#5435 = FACE_BOUND('',#5436,.F.);
#5436 = EDGE_LOOP('',(#5437));
#5437 = ORIENTED_EDGE('',*,*,#4508,.F.);
#5438 = FACE_BOUND('',#5439,.F.);
#5439 = EDGE_LOOP('',(#5440));
#5440 = ORIENTED_EDGE('',*,*,#4734,.F.);
#5441 = FACE_BOUND('',#5442,.F.);
#5442 = EDGE_LOOP('',(#5443));
#5443 = ORIENTED_EDGE('',*,*,#4960,.F.);
#5444 = FACE_BOUND('',#5445,.F.);
#5445 = EDGE_LOOP('',(#5446));
#5446 = ORIENTED_EDGE('',*,*,#5186,.F.);
#5447 = ( GEOMETRIC_REPRESENTATION_CONTEXT(3) 
GLOBAL_UNCERTAINTY_ASSIGNED_CONTEXT((#5451)) 
GLOBAL_UNIT_ASSIGNED_CONTEXT((#5448,#5449,#5450)) REPRESENTATION_CONTEXT
('Context #1','3D Context with UNIT and UNCERTAINTY') );
#5448 = ( LENGTH_UNIT() NAMED_UNIT(*) SI_UNIT(.MILLI.,.METRE.) );
#5449 = ( NAMED_UNIT(*) PLANE_ANGLE_UNIT() SI_UNIT($,.RADIAN.) );
#5450 = ( NAMED_UNIT(*) SI_UNIT($,.STERADIAN.) SOLID_ANGLE_UNIT() );
#5451 = UNCERTAINTY_MEASURE_WITH_UNIT(LENGTH_MEASURE(2.E-07),#5448,
  'distance_accuracy_value','confusion accuracy');
#5452 = CONTEXT_DEPENDENT_SHAPE_REPRESENTATION(#5453,#5455);
#5453 = ( REPRESENTATION_RELATIONSHIP('','',#32,#10) 
REPRESENTATION_RELATIONSHIP_WITH_TRANSFORMATION(#5454) 
SHAPE_REPRESENTATION_RELATIONSHIP() );
#5454 = ITEM_DEFINED_TRANSFORMATION('','',#11,#15);
#5455 = PRODUCT_DEFINITION_SHAPE('Placement','Placement of an item',
  #5456);
#5456 = NEXT_ASSEMBLY_USAGE_OCCURRENCE('1','=>[0:1:1:2]','',#5,#27,$);
#5457 = PRODUCT_RELATED_PRODUCT_CATEGORY('part',$,(#29));
ENDSEC;
END-ISO-10303-21;
