  0
SECTION
  2
HEADER
  9
$ACADVER
  1
AC1024
  9
$ACADMAINTVER
 70
6
  9
$DWGCODEPAGE
  3
ANSI_1252
  9
$LASTSAVEDBY
  1
ezdxf
  9
$INSBASE
 10
0.0
 20
0.0
 30
0.0
  9
$EXTMIN
 10
1e+20
 20
1e+20
 30
1e+20
  9
$EXTMAX
 10
-1e+20
 20
-1e+20
 30
-1e+20
  9
$LIMMIN
 10
0.0
 20
0.0
  9
$LIMMAX
 10
420.0
 20
297.0
  9
$ORTHOMODE
 70
0
  9
$REGENMODE
 70
1
  9
$FILLMODE
 70
1
  9
$QTEXTMODE
 70
0
  9
$MIRRTEXT
 70
1
  9
$LTSCALE
 40
1.0
  9
$ATTMODE
 70
1
  9
$TEXTSIZE
 40
2.5
  9
$TRACEWID
 40
1.0
  9
$TEXTSTYLE
  7
Standard
  9
$CLAYER
  8
0
  9
$CELTYPE
  6
ByLayer
  9
$CECOLOR
 62
256
  9
$CELTSCALE
 40
1.0
  9
$DISPSILH
 70
0
  9
$DIMSCALE
 40
1.0
  9
$DIMASZ
 40
2.5
  9
$DIMEXO
 40
0.625
  9
$DIMDLI
 40
3.75
  9
$DIMRND
 40
0.0
  9
$DIMDLE
 40
0.0
  9
$DIMEXE
 40
1.25
  9
$DIMTP
 40
0.0
  9
$DIMTM
 40
0.0
  9
$DIMTXT
 40
2.5
  9
$DIMCEN
 40
2.5
  9
$DIMTSZ
 40
0.0
  9
$DIMTOL
 70
0
  9
$DIMLIM
 70
0
  9
$DIMTIH
 70
0
  9
$DIMTOH
 70
0
  9
$DIMSE1
 70
0
  9
$DIMSE2
 70
0
  9
$DIMTAD
 70
1
  9
$DIMZIN
 70
8
  9
$DIMBLK
  1

  9
$DIMASO
 70
1
  9
$DIMSHO
 70
1
  9
$DIMPOST
  1

  9
$DIMAPOST
  1

  9
$DIMALT
 70
0
  9
$DIMALTD
 70
3
  9
$DIMALTF
 40
0.03937007874
  9
$DIMLFAC
 40
1.0
  9
$DIMTOFL
 70
1
  9
$DIMTVP
 40
0.0
  9
$DIMTIX
 70
0
  9
$DIMSOXD
 70
0
  9
$DIMSAH
 70
0
  9
$DIMBLK1
  1

  9
$DIMBLK2
  1

  9
$DIMSTYLE
  2
ISO-25
  9
$DIMCLRD
 70
0
  9
$DIMCLRE
 70
0
  9
$DIMCLRT
 70
0
  9
$DIMTFAC
 40
1.0
  9
$DIMGAP
 40
0.625
  9
$DIMJUST
 70
0
  9
$DIMSD1
 70
0
  9
$DIMSD2
 70
0
  9
$DIMTOLJ
 70
0
  9
$DIMTZIN
 70
8
  9
$DIMALTZ
 70
0
  9
$DIMALTTZ
 70
0
  9
$DIMUPT
 70
0
  9
$DIMDEC
 70
2
  9
$DIMTDEC
 70
2
  9
$DIMALTU
 70
2
  9
$DIMALTTD
 70
3
  9
$DIMTXSTY
  7
Standard
  9
$DIMAUNIT
 70
0
  9
$DIMADEC
 70
0
  9
$DIMALTRND
 40
0.0
  9
$DIMAZIN
 70
0
  9
$DIMDSEP
 70
44
  9
$DIMATFIT
 70
3
  9
$DIMFRAC
 70
0
  9
$DIMLDRBLK
  1

  9
$DIMLUNIT
 70
2
  9
$DIMLWD
 70
-2
  9
$DIMLWE
 70
-2
  9
$DIMTMOVE
 70
0
  9
$DIMFXL
 40
1.0
  9
$DIMFXLON
 70
0
  9
$DIMJOGANG
 40
0.785398163397
  9
$DIMTFILL
 70
0
  9
$DIMTFILLCLR
 70
0
  9
$DIMARCSYM
 70
0
  9
$DIMLTYPE
  6

  9
$DIMLTEX1
  6

  9
$DIMLTEX2
  6

  9
$DIMTXTDIRECTION
 70
0
  9
$LUNITS
 70
2
  9
$LUPREC
 70
4
  9
$SKETCHINC
 40
1.0
  9
$FILLETRAD
 40
10.0
  9
$AUNITS
 70
0
  9
$AUPREC
 70
2
  9
$MENU
  1
.
  9
$ELEVATION
 40
0.0
  9
$PELEVATION
 40
0.0
  9
$THICKNESS
 40
0.0
  9
$LIMCHECK
 70
0
  9
$CHAMFERA
 40
0.0
  9
$CHAMFERB
 40
0.0
  9
$CHAMFERC
 40
0.0
  9
$CHAMFERD
 40
0.0
  9
$SKPOLY
 70
0
  9
$TDCREATE
 40
2461097.785289352
  9
$TDUCREATE
 40
2458532.153996898
  9
$TDUPDATE
 40
2461097.785289352
  9
$TDUUPDATE
 40
2458532.1544311
  9
$TDINDWG
 40
0.0
  9
$TDUSRTIMER
 40
0.0
  9
$USRTIMER
 70
1
  9
$ANGBASE
 50
0.0
  9
$ANGDIR
 70
0
  9
$PDMODE
 70
0
  9
$PDSIZE
 40
0.0
  9
$PLINEWID
 40
0.0
  9
$SPLFRAME
 70
0
  9
$SPLINETYPE
 70
6
  9
$SPLINESEGS
 70
8
  9
$HANDSEED
  5
5D2
  9
$SURFTAB1
 70
6
  9
$SURFTAB2
 70
6
  9
$SURFTYPE
 70
6
  9
$SURFU
 70
6
  9
$SURFV
 70
6
  9
$UCSBASE
  2

  9
$UCSNAME
  2

  9
$UCSORG
 10
0.0
 20
0.0
 30
0.0
  9
$UCSXDIR
 10
1.0
 20
0.0
 30
0.0
  9
$UCSYDIR
 10
0.0
 20
1.0
 30
0.0
  9
$UCSORTHOREF
  2

  9
$UCSORTHOVIEW
 70
0
  9
$UCSORGTOP
 10
0.0
 20
0.0
 30
0.0
  9
$UCSORGBOTTOM
 10
0.0
 20
0.0
 30
0.0
  9
$UCSORGLEFT
 10
0.0
 20
0.0
 30
0.0
  9
$UCSORGRIGHT
 10
0.0
 20
0.0
 30
0.0
  9
$UCSORGFRONT
 10
0.0
 20
0.0
 30
0.0
  9
$UCSORGBACK
 10
0.0
 20
0.0
 30
0.0
  9
$PUCSBASE
  2

  9
$PUCSNAME
  2

  9
$PUCSORG
 10
0.0
 20
0.0
 30
0.0
  9
$PUCSXDIR
 10
1.0
 20
0.0
 30
0.0
  9
$PUCSYDIR
 10
0.0
 20
1.0
 30
0.0
  9
$PUCSORTHOREF
  2

  9
$PUCSORTHOVIEW
 70
0
  9
$PUCSORGTOP
 10
0.0
 20
0.0
 30
0.0
  9
$PUCSORGBOTTOM
 10
0.0
 20
0.0
 30
0.0
  9
$PUCSORGLEFT
 10
0.0
 20
0.0
 30
0.0
  9
$PUCSORGRIGHT
 10
0.0
 20
0.0
 30
0.0
  9
$PUCSORGFRONT
 10
0.0
 20
0.0
 30
0.0
  9
$PUCSORGBACK
 10
0.0
 20
0.0
 30
0.0
  9
$USERI1
 70
0
  9
$USERI2
 70
0
  9
$USERI3
 70
0
  9
$USERI4
 70
0
  9
$USERI5
 70
0
  9
$USERR1
 40
0.0
  9
$USERR2
 40
0.0
  9
$USERR3
 40
0.0
  9
$USERR4
 40
0.0
  9
$USERR5
 40
0.0
  9
$WORLDVIEW
 70
1
  9
$SHADEDGE
 70
3
  9
$SHADEDIF
 70
70
  9
$TILEMODE
 70
1
  9
$MAXACTVP
 70
64
  9
$PINSBASE
 10
0.0
 20
0.0
 30
0.0
  9
$PLIMCHECK
 70
0
  9
$PEXTMIN
 10
1e+20
 20
1e+20
 30
1e+20
  9
$PEXTMAX
 10
-1e+20
 20
-1e+20
 30
-1e+20
  9
$PLIMMIN
 10
0.0
 20
0.0
  9
$PLIMMAX
 10
420.0
 20
297.0
  9
$UNITMODE
 70
0
  9
$VISRETAIN
 70
1
  9
$PLINEGEN
 70
0
  9
$PSLTSCALE
 70
1
  9
$TREEDEPTH
 70
3020
  9
$CMLSTYLE
  2
Standard
  9
$CMLJUST
 70
0
  9
$CMLSCALE
 40
20.0
  9
$PROXYGRAPHICS
 70
1
  9
$MEASUREMENT
 70
1
  9
$CELWEIGHT
370
-1
  9
$ENDCAPS
280
0
  9
$JOINSTYLE
280
0
  9
$LWDISPLAY
290
0
  9
$INSUNITS
 70
6
  9
$HYPERLINKBASE
  1

  9
$STYLESHEET
  1

  9
$XEDIT
290
1
  9
$CEPSNTYPE
380
0
  9
$PSTYLEMODE
290
1
  9
$FINGERPRINTGUID
  2
{3F051711-7D70-451A-A8EE-B47990F9130C}
  9
$VERSIONGUID
  2
{B3359078-5D99-4A5B-B598-D18F7C4A55A5}
  9
$EXTNAMES
290
1
  9
$PSVPSCALE
 40
0.0
  9
$OLESTARTUP
290
0
  9
$SORTENTS
280
127
  9
$INDEXCTL
280
0
  9
$HIDETEXT
280
1
  9
$XCLIPFRAME
280
1
  9
$HALOGAP
280
0
  9
$OBSCOLOR
 70
257
  9
$OBSLTYPE
280
0
  9
$INTERSECTIONDISPLAY
280
0
  9
$INTERSECTIONCOLOR
 70
257
  9
$DIMASSOC
280
2
  9
$PROJECTNAME
  1

  9
$CAMERADISPLAY
290
0
  9
$LENSLENGTH
 40
50.0
  9
$CAMERAHEIGHT
 40
0.0
  9
$STEPSPERSEC
 40
24.0
  9
$STEPSIZE
 40
100.0
  9
$3DDWFPREC
 40
2.0
  9
$PSOLWIDTH
 40
0.005
  9
$PSOLHEIGHT
 40
0.08
  9
$LOFTANG1
 40
1.570796326795
  9
$LOFTANG2
 40
1.570796326795
  9
$LOFTMAG1
 40
0.0
  9
$LOFTMAG2
 40
0.0
  9
$LOFTPARAM
 70
7
  9
$LOFTNORMALS
280
1
  9
$LATITUDE
 40
37.795
  9
$LONGITUDE
 40
-122.394
  9
$NORTHDIRECTION
 40
0.0
  9
$TIMEZONE
 70
-8000
  9
$LIGHTGLYPHDISPLAY
280
1
  9
$TILEMODELIGHTSYNCH
280
1
  9
$CMATERIAL
347
20
  9
$SOLIDHIST
280
0
  9
$SHOWHIST
280
1
  9
$DWFFRAME
280
2
  9
$DGNFRAME
280
2
  9
$REALWORLDSCALE
290
1
  9
$INTERFERECOLOR
 62
256
  9
$CSHADOW
280
0
  9
$SHADOWPLANELOCATION
 40
0.0
  0
ENDSEC
  0
SECTION
  2
CLASSES
  0
CLASS
  1
ACDBDICTIONARYWDFLT
  2
AcDbDictionaryWithDefault
  3
ObjectDBX Classes
 90
0
 91
0
280
0
281
0
  0
CLASS
  1
SUN
  2
AcDbSun
  3
SCENEOE
 90
1153
 91
0
280
0
281
0
  0
CLASS
  1
VISUALSTYLE
  2
AcDbVisualStyle
  3
ObjectDBX Classes
 90
4095
 91
0
280
0
281
0
  0
CLASS
  1
MATERIAL
  2
AcDbMaterial
  3
ObjectDBX Classes
 90
1153
 91
0
280
0
281
0
  0
CLASS
  1
SCALE
  2
AcDbScale
  3
ObjectDBX Classes
 90
1153
 91
0
280
0
281
0
  0
CLASS
  1
TABLESTYLE
  2
AcDbTableStyle
  3
ObjectDBX Classes
 90
4095
 91
0
280
0
281
0
  0
CLASS
  1
MLEADERSTYLE
  2
AcDbMLeaderStyle
  3
ACDB_MLEADERSTYLE_CLASS
 90
4095
 91
0
280
0
281
0
  0
CLASS
  1
DICTIONARYVAR
  2
AcDbDictionaryVar
  3
ObjectDBX Classes
 90
0
 91
0
280
0
281
0
  0
CLASS
  1
CELLSTYLEMAP
  2
AcDbCellStyleMap
  3
ObjectDBX Classes
 90
1152
 91
0
280
0
281
0
  0
CLASS
  1
MENTALRAYRENDERSETTINGS
  2
AcDbMentalRayRenderSettings
  3
SCENEOE
 90
1024
 91
0
280
0
281
0
  0
CLASS
  1
ACDBDETAILVIEWSTYLE
  2
AcDbDetailViewStyle
  3
ObjectDBX Classes
 90
1025
 91
0
280
0
281
0
  0
CLASS
  1
ACDBSECTIONVIEWSTYLE
  2
AcDbSectionViewStyle
  3
ObjectDBX Classes
 90
1025
 91
0
280
0
281
0
  0
CLASS
  1
RASTERVARIABLES
  2
AcDbRasterVariables
  3
ISM
 90
0
 91
0
280
0
281
0
  0
CLASS
  1
LAYOUT
  2
AcDbLayout
  3
ObjectDBX Classes
 90
0
 91
0
280
0
281
0
  0
CLASS
  1
ACDBPLACEHOLDER
  2
AcDbPlaceHolder
  3
ObjectDBX Classes
 90
0
 91
0
280
0
281
0
  0
ENDSEC
  0
SECTION
  2
TABLES
  0
TABLE
  2
VPORT
  5
8
330
0
100
AcDbSymbolTable
 70
1
  0
VPORT
  5
23
330
8
100
AcDbSymbolTableRecord
100
AcDbViewportTableRecord
  2
*Active
 70
0
 10
0.0
 20
0.0
 11
1.0
 21
1.0
 12
0.0
 22
0.0
 13
0.0
 23
0.0
 14
0.5
 24
0.5
 15
0.5
 25
0.5
 16
0.0
 26
0.0
 36
1.0
 17
0.0
 27
0.0
 37
0.0
 40
1000.0
 41
1.34
 42
50.0
 43
0.0
 44
0.0
 50
0.0
 51
0.0
 71
0
 72
1000
 73
1
 74
3
 75
0
 76
0
 77
0
 78
0
281
0
 65
0
146
0.0
  0
ENDTAB
  0
TABLE
  2
LTYPE
  5
2
330
0
100
AcDbSymbolTable
 70
4
  0
LTYPE
  5
24
330
2
100
AcDbSymbolTableRecord
100
AcDbLinetypeTableRecord
  2
ByBlock
 70
0
  3

 72
65
 73
0
 40
0.0
  0
LTYPE
  5
25
330
2
100
AcDbSymbolTableRecord
100
AcDbLinetypeTableRecord
  2
ByLayer
 70
0
  3

 72
65
 73
0
 40
0.0
  0
LTYPE
  5
26
330
2
100
AcDbSymbolTableRecord
100
AcDbLinetypeTableRecord
  2
Continuous
 70
0
  3

 72
65
 73
0
 40
0.0
  0
LTYPE
  5
2F
330
2
100
AcDbSymbolTableRecord
100
AcDbLinetypeTableRecord
  2
DASHED
 70
0
  3

 72
65
 73
2
 40
0.5
 49
0.25
 74
0
 49
-0.25
 74
0
  0
ENDTAB
  0
TABLE
  2
LAYER
  5
1
330
0
100
AcDbSymbolTable
 70
7
  0
LAYER
  5
27
330
1
100
AcDbSymbolTableRecord
100
AcDbLayerTableRecord
  2
0
 70
0
 62
7
  6
Continuous
370
-3
390
13
347
21
  0
LAYER
  5
28
330
1
100
AcDbSymbolTableRecord
100
AcDbLayerTableRecord
  2
Defpoints
 70
0
 62
7
  6
Continuous
290
0
370
-3
390
13
347
21
  0
LAYER
  5
30
330
1
100
AcDbSymbolTableRecord
100
AcDbLayerTableRecord
  2
CUT
 70
0
 62
1
  6
Continuous
370
-3
390
13
347
21
  0
LAYER
  5
31
330
1
100
AcDbSymbolTableRecord
100
AcDbLayerTableRecord
  2
HOLE
 70
0
 62
3
  6
Continuous
370
-3
390
13
347
21
  0
LAYER
  5
32
330
1
100
AcDbSymbolTableRecord
100
AcDbLayerTableRecord
  2
BEND
 70
0
 62
2
  6
DASHED
370
-3
390
13
347
21
  0
LAYER
  5
33
330
1
100
AcDbSymbolTableRecord
100
AcDbLayerTableRecord
  2
LABEL
 70
0
 62
4
  6
Continuous
370
-3
390
13
347
21
  0
LAYER
  5
34
330
1
100
AcDbSymbolTableRecord
100
AcDbLayerTableRecord
  2
CENTERLINE
 70
0
 62
6
  6
Continuous
370
-3
390
13
347
21
  0
ENDTAB
  0
TABLE
  2
STYLE
  5
5
330
0
100
AcDbSymbolTable
 70
1
  0
STYLE
  5
29
330
5
100
AcDbSymbolTableRecord
100
AcDbTextStyleTableRecord
  2
Standard
 70
0
 40
0.0
 41
1.0
 50
0.0
 71
0
 42
2.5
  3
txt
  4

  0
ENDTAB
  0
TABLE
  2
VIEW
  5
7
330
0
100
AcDbSymbolTable
 70
0
  0
ENDTAB
  0
TABLE
  2
UCS
  5
6
330
0
100
AcDbSymbolTable
 70
0
  0
ENDTAB
  0
TABLE
  2
APPID
  5
3
330
0
100
AcDbSymbolTable
 70
3
  0
APPID
  5
2A
330
3
100
AcDbSymbolTableRecord
100
AcDbRegAppTableRecord
  2
ACAD
 70
0
  0
APPID
  5
5CF
330
3
100
AcDbSymbolTableRecord
100
AcDbRegAppTableRecord
  2
HATCHBACKGROUNDCOLOR
 70
0
  0
APPID
  5
5D0
330
3
100
AcDbSymbolTableRecord
100
AcDbRegAppTableRecord
  2
EZDXF
 70
0
  0
ENDTAB
  0
TABLE
  2
DIMSTYLE
  5
4
330
0
100
AcDbSymbolTable
 70
1
100
AcDbDimStyleTable
  0
DIMSTYLE
105
2B
330
4
100
AcDbSymbolTableRecord
100
AcDbDimStyleTableRecord
  2
Standard
 70
0
 40
1.0
 41
2.5
 42
0.625
 43
3.75
 44
1.25
 45
0.0
 46
0.0
 47
0.0
 48
0.0
 49
2.5
140
2.5
141
2.5
142
0.0
143
0.03937007874
144
1.0
145
0.0
146
1.0
147
0.625
148
0.0
 69
0
 70
0
 71
0
 72
0
 73
0
 74
0
 75
0
 76
0
 77
1
 78
8
 79
3
170
0
171
3
172
1
173
0
174
0
175
0
176
0
177
0
178
0
179
2
271
2
272
2
273
2
274
3
275
0
276
0
277
2
278
44
279
0
280
0
281
0
282
0
283
0
284
8
285
0
286
0
288
0
289
3
290
0
371
-2
372
-2
  0
ENDTAB
  0
TABLE
  2
BLOCK_RECORD
  5
9
330
0
100
AcDbSymbolTable
 70
2
  0
BLOCK_RECORD
  5
17
330
9
100
AcDbSymbolTableRecord
100
AcDbBlockTableRecord
  2
*Model_Space
340
1A
 70
0
280
1
281
0
  0
BLOCK_RECORD
  5
1B
330
9
100
AcDbSymbolTableRecord
100
AcDbBlockTableRecord
  2
*Paper_Space
340
1E
 70
0
280
1
281
0
  0
ENDTAB
  0
ENDSEC
  0
SECTION
  2
BLOCKS
  0
BLOCK
  5
18
330
17
100
AcDbEntity
  8
0
100
AcDbBlockBegin
  2
*Model_Space
 70
0
 10
0.0
 20
0.0
 30
0.0
  3
*Model_Space
  1

  0
ENDBLK
  5
19
330
17
100
AcDbEntity
  8
0
100
AcDbBlockEnd
  0
BLOCK
  5
1C
330
1B
100
AcDbEntity
  8
0
100
AcDbBlockBegin
  2
*Paper_Space
 70
0
 10
0.0
 20
0.0
 30
0.0
  3
*Paper_Space
  1

  0
ENDBLK
  5
1D
330
1B
100
AcDbEntity
  8
0
100
AcDbBlockEnd
  0
ENDSEC
  0
SECTION
  2
ENTITIES
  0
LWPOLYLINE
  5
35
330
17
100
AcDbEntity
  8
CUT
100
AcDbPolyline
 90
723
 70
1
 10
0.0
 20
122.7
 10
0.6741334235828098
 20
122.7
 10
1.3482668471656196
 20
122.7
 10
2.022400270748429
 20
122.7
 10
2.6965336943312392
 20
122.7
 10
3.370667117914049
 20
122.7
 10
4.044800541496858
 20
102.08185511460557
 10
4.7189339650796684
 20
101.07555144734444
 10
5.3930673886624785
 20
100.41455667422926
 10
6.0672008122452885
 20
99.94424705502121
 10
6.741334235828098
 20
99.60872709594352
 10
7.415467659410908
 20
99.38115949879986
 10
8.089601082993717
 20
99.2473591622762
 10
8.763734506576526
 20
99.20015178211932
 10
9.437867930159337
 20
99.23718426376804
 10
10.112001353742146
 20
99.36029505239065
 10
10.786134777324957
 20
99.57600246489397
 10
11.460268200907766
 20
99.89744967568625
 10
12.134401624490577
 20
100.34942883206645
 10
12.808535048073386
 20
100.98261477250429
 10
13.482668471656195
 20
101.93009053870736
 10
14.156801895239006
 20
122.7
 10
14.830935318821815
 20
122.7
 10
15.505068742404625
 20
122.7
 10
16.179202165987434
 20
122.7
 10
16.853335589570246
 20
122.7
 10
17.527469013153052
 20
122.7
 10
18.201602436735865
 20
122.7
 10
18.875735860318674
 20
122.7
 10
19.549869283901486
 20
122.7
 10
20.224002707484292
 20
122.7
 10
20.8981361310671
 20
122.7
 10
21.572269554649914
 20
122.7
 10
22.24640297823272
 20
122.7
 10
22.920536401815532
 20
122.7
 10
23.59466982539834
 20
122.7
 10
24.268803248981154
 20
122.7
 10
24.94293667256396
 20
122.7
 10
25.617070096146772
 20
122.7
 10
26.29120351972958
 20
122.7
 10
26.96533694331239
 20
122.7
 10
27.6394703668952
 20
122.7
 10
28.313603790478012
 20
122.7
 10
28.98773721406082
 20
122.7
 10
29.66187063764363
 20
122.7
 10
30.33600406122644
 20
122.7
 10
31.01013748480925
 20
122.7
 10
31.68427090839206
 20
122.7
 10
32.35840433197487
 20
122.7
 10
33.03253775555768
 20
122.7
 10
33.70667117914049
 20
122.7
 10
34.380804602723295
 20
122.7
 10
35.054938026306104
 20
122.7
 10
35.72907144988892
 20
122.7
 10
36.40320487347173
 20
122.7
 10
37.07733829705454
 20
122.7
 10
37.75147172063735
 20
122.7
 10
38.42560514422016
 20
122.7
 10
39.09973856780297
 20
122.7
 10
39.773871991385775
 20
122.7
 10
40.448005414968584
 20
122.7
 10
41.1221388385514
 20
122.7
 10
41.7962722621342
 20
122.7
 10
42.47040568571701
 20
122.7
 10
43.14453910929983
 20
122.7
 10
43.81867253288264
 20
122.7
 10
44.49280595646544
 20
122.7
 10
45.166939380048255
 20
122.7
 10
45.841072803631064
 20
122.7
 10
46.51520622721388
 20
122.7
 10
47.18933965079668
 20
122.7
 10
47.86347307437949
 20
122.7
 10
48.53760649796231
 20
122.7
 10
49.21173992154512
 20
122.7
 10
49.88587334512792
 20
122.7
 10
50.560006768710736
 20
122.7
 10
51.234140192293545
 20
122.7
 10
51.90827361587635
 20
122.7
 10
52.58240703945916
 20
122.7
 10
53.25654046304197
 20
122.7
 10
53.93067388662478
 20
122.7
 10
54.60480731020759
 20
122.7
 10
55.2789407337904
 20
122.7
 10
55.953074157373216
 20
122.7
 10
56.627207580956025
 20
122.7
 10
57.30134100453883
 20
122.7
 10
57.97547442812164
 20
122.7
 10
58.64960785170445
 20
122.7
 10
59.32374127528726
 20
122.7
 10
59.99787469887007
 20
122.7
 10
60.67200812245288
 20
122.7
 10
61.34614154603569
 20
122.7
 10
62.0202749696185
 20
122.7
 10
62.694408393201314
 20
122.7
 10
63.36854181678412
 20
122.7
 10
64.04267524036693
 20
122.7
 10
64.71680866394973
 20
122.7
 10
65.39094208753255
 20
122.7
 10
66.06507551111535
 20
122.7
 10
66.73920893469817
 20
122.7
 10
67.41334235828099
 20
122.7
 10
68.08747578186379
 20
122.7
 10
68.76160920544659
 20
122.7
 10
69.4357426290294
 20
122.7
 10
70.10987605261221
 20
122.7
 10
70.78400947619502
 20
122.7
 10
71.45814289977784
 20
122.7
 10
72.13227632336064
 20
122.7
 10
72.80640974694346
 20
122.7
 10
73.48054317052626
 20
122.7
 10
74.15467659410908
 20
122.7
 10
74.8288100176919
 20
122.7
 10
75.5029434412747
 20
122.7
 10
76.1770768648575
 20
122.7
 10
76.85121028844031
 20
122.7
 10
77.52534371202312
 20
122.7
 10
78.19947713560595
 20
122.7
 10
78.87361055918875
 20
122.7
 10
79.54774398277155
 20
122.7
 10
80.22187740635437
 20
122.7
 10
80.89601082993717
 20
122.7
 10
81.57014425351998
 20
122.7
 10
82.2442776771028
 20
122.7
 10
82.9184111006856
 20
122.7
 10
83.5925445242684
 20
122.7
 10
84.26667794785122
 20
122.7
 10
84.94081137143402
 20
122.7
 10
85.61494479501685
 20
122.7
 10
86.28907821859966
 20
122.7
 10
86.96321164218246
 20
122.7
 10
87.63734506576527
 20
122.7
 10
88.31147848934808
 20
122.7
 10
88.98561191293088
 20
122.7
 10
89.65974533651371
 20
122.7
 10
90.33387876009651
 20
122.7
 10
91.00801218367931
 20
122.7
 10
91.68214560726213
 20
122.7
 10
92.35627903084493
 20
122.7
 10
93.03041245442776
 20
122.7
 10
93.70454587801056
 20
122.7
 10
94.37867930159337
 20
122.7
 10
95.05281272517618
 20
122.7
 10
95.72694614875898
 20
122.7
 10
96.40107957234179
 20
122.7
 10
97.07521299592462
 20
122.7
 10
97.74934641950742
 20
122.7
 10
98.42347984309023
 20
122.7
 10
99.09761326667304
 20
102.32575296373133
 10
99.77174669025584
 20
101.21820148597153
 10
100.44588011383865
 20
100.51353905593538
 10
101.12001353742147
 20
100.01535966985996
 10
101.79414696100427
 20
99.65881518662115
 10
102.46828038458709
 20
99.41373392890242
 10
103.14241380816989
 20
99.26428819480738
 10
103.8165472317527
 20
99.2023009919748
 10
104.49068065533552
 20
99.22465888234727
 10
105.16481407891833
 20
99.33246722750846
 10
105.83894750250114
 20
99.53134159308593
 10
106.51308092608394
 20
99.8330349432796
 10
107.18721434966675
 20
100.2596970144467
 10
107.86134777324956
 20
100.85555722660861
 10
108.53548119683238
 20
101.72961297673965
 10
109.20961462041518
 20
103.44995038815563
 10
109.883748043998
 20
122.7
 10
110.5578814675808
 20
122.7
 10
111.23201489116362
 20
122.7
 10
111.90614831474643
 20
122.7
 10
112.58028173832923
 20
122.7
 10
113.25441516191205
 20
122.7
 10
113.92854858549485
 20
122.7
 10
114.60268200907765
 20
122.7
 10
115.27681543266047
 20
122.7
 10
115.95094885624329
 20
122.7
 10
116.62508227982609
 20
122.7
 10
117.2992157034089
 20
122.7
 10
117.9733491269917
 20
122.7
 10
118.64748255057452
 20
122.7
 10
119.32161597415733
 20
122.7
 10
119.99574939774014
 20
122.7
 10
120.66988282132296
 20
122.7
 10
121.34401624490576
 20
122.7
 10
122.01814966848856
 20
122.7
 10
122.69228309207138
 20
122.7
 10
123.36641651565418
 20
122.7
 10
124.040549939237
 20
122.7
 10
124.7146833628198
 20
122.7
 10
125.38881678640263
 20
122.7
 10
126.06295020998544
 20
122.7
 10
126.73708363356825
 20
122.7
 10
127.41121705715105
 20
122.7
 10
128.08535048073387
 20
122.7
 10
128.75948390431668
 20
122.7
 10
129.43361732789947
 20
122.7
 10
130.10775075148229
 20
122.7
 10
130.7818841750651
 20
122.7
 10
131.4560175986479
 20
122.7
 10
132.1301510222307
 20
122.7
 10
132.80428444581355
 20
122.7
 10
133.47841786939634
 20
122.7
 10
134.15255129297915
 20
122.7
 10
134.82668471656197
 20
122.7
 10
135.50081814014476
 20
122.7
 10
136.17495156372757
 20
122.7
 10
136.8490849873104
 20
122.7
 10
137.52321841089318
 20
122.7
 10
138.197351834476
 20
122.7
 10
138.8714852580588
 20
122.7
 10
139.5456186816416
 20
122.7
 10
140.21975210522442
 20
122.7
 10
140.89388552880726
 20
122.7
 10
141.56801895239005
 20
122.7
 10
142.24215237597286
 20
122.7
 10
142.91628579955568
 20
122.7
 10
143.5904192231385
 20
122.7
 10
144.26455264672128
 20
122.7
 10
144.9386860703041
 20
122.7
 10
145.61281949388692
 20
122.7
 10
146.2869529174697
 20
122.7
 10
146.96108634105252
 20
122.7
 10
147.63521976463534
 20
122.7
 10
148.30935318821815
 20
122.7
 10
148.98348661180097
 20
122.7
 10
149.6576200353838
 20
122.7
 10
150.33175345896657
 20
122.7
 10
151.0058868825494
 20
122.7
 10
151.6800203061322
 20
122.7
 10
152.354153729715
 20
122.7
 10
153.0282871532978
 20
122.7
 10
153.70242057688063
 20
122.7
 10
154.37655400046344
 20
122.7
 10
155.05068742404623
 20
122.7
 10
155.72482084762908
 20
122.7
 10
156.3989542712119
 20
122.7
 10
157.07308769479468
 20
122.7
 10
157.7472211183775
 20
122.7
 10
158.4213545419603
 20
122.7
 10
159.0954879655431
 20
122.7
 10
159.76962138912592
 20
122.7
 10
160.44375481270873
 20
122.7
 10
161.11788823629152
 20
122.7
 10
161.79202165987434
 20
122.7
 10
162.46615508345715
 20
122.7
 10
163.14028850703997
 20
122.7
 10
163.81442193062279
 20
122.7
 10
164.4885553542056
 20
122.7
 10
165.1626887777884
 20
122.7
 10
165.8368222013712
 20
122.7
 10
166.51095562495402
 20
122.7
 10
167.1850890485368
 20
122.7
 10
167.85922247211963
 20
122.7
 10
168.53335589570244
 20
122.7
 10
169.20748931928526
 20
122.7
 10
169.88162274286805
 20
122.7
 10
170.55575616645086
 20
122.7
 10
171.2298895900337
 20
122.7
 10
171.9040230136165
 20
122.7
 10
172.5781564371993
 20
122.7
 10
173.25228986078213
 20
122.7
 10
173.92642328436492
 20
122.7
 10
174.60055670794773
 20
122.7
 10
175.27469013153055
 20
122.7
 10
175.94882355511334
 20
122.7
 10
176.62295697869615
 20
122.7
 10
177.29709040227897
 20
122.7
 10
177.97122382586176
 20
122.7
 10
178.6453572494446
 20
122.7
 10
179.31949067302742
 20
122.7
 10
179.9936240966102
 20
122.7
 10
180.66775752019302
 20
122.7
 10
181.34189094377584
 20
122.7
 10
182.01602436735863
 20
122.7
 10
182.69015779094144
 20
122.7
 10
183.36429121452426
 20
122.7
 10
184.03842463810707
 20
122.7
 10
184.71255806168986
 20
122.7
 10
185.38669148527268
 20
122.7
 10
186.06082490885552
 20
122.7
 10
186.7349583324383
 20
122.7
 10
187.40909175602113
 20
122.7
 10
188.08322517960394
 20
122.7
 10
188.75735860318673
 20
122.7
 10
189.43149202676955
 20
122.7
 10
190.10562545035236
 20
122.7
 10
190.77975887393515
 20
122.7
 10
191.45389229751797
 20
122.7
 10
192.12802572110078
 20
122.7
 10
192.80215914468357
 20
122.7
 10
193.47629256826642
 20
122.7
 10
194.15042599184923
 20
102.60878814295563
 10
194.82455941543202
 20
101.37177638976921
 10
195.49869283901484
 20
100.61855548763488
 10
196.17282626259765
 20
100.09069036741225
 10
196.84695968618047
 20
99.71224727756915
 10
197.52109310976326
 20
99.4491872450852
 10
198.19522653334607
 20
99.2838541904796
 10
198.8693599569289
 20
99.20699477347002
 10
199.54349338051168
 20
99.2147108914306
 10
200.2176268040945
 20
99.30738322836719
 10
200.8917602276773
 20
99.4897712316727
 10
201.56589365126013
 20
99.77235758387909
 10
202.24002707484294
 20
100.17496611981446
 10
202.91416049842576
 20
100.73643059239981
 10
203.58829392200855
 20
101.54752040867075
 10
204.26242734559136
 20
102.97443747140603
 10
204.93656076917418
 20
122.7
 10
205.61069419275697
 20
122.7
 10
206.28482761633978
 20
122.7
 10
206.9589610399226
 20
122.7
 10
207.6330944635054
 20
122.7
 10
208.3072278870882
 20
122.7
 10
208.98136131067105
 20
122.7
 10
209.65549473425384
 20
122.7
 10
210.32962815783665
 20
122.7
 10
211.00376158141947
 20
122.7
 10
211.67789500500228
 20
122.7
 10
212.35202842858507
 20
122.7
 10
213.0261618521679
 20
122.7
 10
213.7002952757507
 20
122.7
 10
214.3744286993335
 20
122.7
 10
215.0485621229163
 20
122.7
 10
215.72269554649912
 20
122.7
 10
216.39682897008194
 20
122.7
 10
217.07096239366476
 20
122.7
 10
217.74509581724757
 20
122.7
 10
218.41922924083036
 20
122.7
 10
219.09336266441318
 20
122.7
 10
219.767496087996
 20
122.7
 10
220.44162951157878
 20
122.7
 10
221.1157629351616
 20
122.7
 10
221.78989635874441
 20
122.7
 10
222.46402978232723
 20
122.7
 10
223.13816320591002
 20
122.7
 10
223.81229662949286
 20
122.7
 10
224.48643005307568
 20
122.7
 10
225.16056347665847
 20
122.7
 10
225.83469690024128
 20
122.7
 10
226.5088303238241
 20
122.7
 10
227.1829637474069
 20
122.7
 10
227.8570971709897
 20
122.7
 10
228.53123059457252
 20
122.7
 10
229.2053640181553
 20
122.7
 10
229.87949744173812
 20
122.7
 10
230.55363086532094
 20
122.7
 10
231.22776428890373
 20
122.7
 10
231.90189771248657
 20
122.7
 10
232.5760311360694
 20
122.7
 10
233.25016455965218
 20
122.7
 10
233.924297983235
 20
122.7
 10
234.5984314068178
 20
122.7
 10
235.2725648304006
 20
122.7
 10
235.9466982539834
 20
122.7
 10
236.62083167756623
 20
122.7
 10
237.29496510114905
 20
122.7
 10
237.96909852473183
 20
122.7
 10
238.64323194831465
 20
122.7
 10
239.3173653718975
 20
122.7
 10
239.99149879548028
 20
122.7
 10
240.6656322190631
 20
122.7
 10
241.33976564264592
 20
122.7
 10
242.0138990662287
 20
122.7
 10
242.68803248981152
 20
122.7
 10
243.36216591339434
 20
122.7
 10
244.03629933697712
 20
122.7
 10
244.71043276055994
 20
122.7
 10
245.38456618414276
 20
122.7
 10
246.05869960772554
 20
122.7
 10
246.73283303130836
 20
122.7
 10
247.40696645489118
 20
122.7
 10
248.081099878474
 20
122.7
 10
248.75523330205678
 20
122.7
 10
249.4293667256396
 20
122.7
 10
250.1035001492224
 20
122.7
 10
250.77763357280526
 20
122.7
 10
251.45176699638807
 20
122.7
 10
252.1259004199709
 20
122.7
 10
252.80003384355368
 20
122.7
 10
253.4741672671365
 20
122.7
 10
254.1483006907193
 20
122.7
 10
254.8224341143021
 20
122.7
 10
255.4965675378849
 20
122.7
 10
256.17070096146773
 20
122.7
 10
256.84483438505055
 20
122.7
 10
257.51896780863336
 20
122.7
 10
258.1931012322161
 20
122.7
 10
258.86723465579894
 20
122.7
 10
259.54136807938175
 20
122.7
 10
260.21550150296457
 20
122.7
 10
260.8896349265474
 20
122.7
 10
261.5637683501302
 20
122.7
 10
262.23790177371296
 20
122.7
 10
262.9120351972958
 20
122.7
 10
263.5861686208786
 20
122.7
 10
264.2603020444614
 20
122.7
 10
264.9344354680442
 20
122.7
 10
265.6085688916271
 20
122.7
 10
266.28270231520986
 20
122.7
 10
266.9568357387927
 20
122.7
 10
267.6309691623755
 20
122.7
 10
268.3051025859583
 20
122.7
 10
268.9792360095411
 20
122.7
 10
269.65336943312394
 20
122.7
 10
270.3275028567067
 20
122.7
 10
271.0016362802895
 20
122.7
 10
271.67576970387233
 20
122.7
 10
272.34990312745515
 20
122.7
 10
273.02403655103797
 20
122.7
 10
273.6981699746208
 20
122.7
 10
274.3723033982036
 20
122.7
 10
275.04643682178636
 20
122.7
 10
275.7205702453692
 20
122.7
 10
276.394703668952
 20
122.7
 10
277.0688370925348
 20
122.7
 10
277.7429705161176
 20
122.7
 10
278.41710393970044
 20
122.7
 10
279.0912373632832
 20
122.7
 10
279.765370786866
 20
122.7
 10
280.43950421044883
 20
122.7
 10
281.1136376340317
 20
122.7
 10
281.7877710576145
 20
122.7
 10
282.46190448119734
 20
122.7
 10
283.1360379047801
 20
122.7
 10
283.8101713283629
 20
122.7
 10
284.48430475194573
 20
122.7
 10
285.15843817552854
 20
122.7
 10
285.83257159911136
 20
122.7
 10
286.5067050226942
 20
122.7
 10
287.180838446277
 20
122.7
 10
287.85497186985975
 20
122.7
 10
288.52910529344257
 20
122.7
 10
289.2032387170254
 20
102.9529972970986
 10
289.8773721406082
 20
101.53800413591699
 10
290.551505564191
 20
100.73011697803975
 10
291.22563898777383
 20
100.17046188866267
 10
291.8997724113566
 20
99.76913788278289
 10
292.5739058349394
 20
99.48758115037668
 10
293.2480392585222
 20
99.30608724000061
 10
293.92217268210504
 20
99.21423997011311
 10
294.59630610568786
 20
99.20732561917805
 10
295.2704395292707
 20
99.28500307833765
 10
295.9445729528535
 20
99.45121427715439
 10
296.6187063764363
 20
99.71527390763121
 10
297.2928398000191
 20
100.09494424820078
 10
297.96697322360194
 20
100.6244938900205
 10
298.64110664718476
 20
101.38053907690775
 10
299.3152400707676
 20
102.62577669021057
 10
299.9893734943504
 20
122.7
 10
300.66350691793315
 20
122.7
 10
301.33764034151596
 20
122.7
 10
302.0117737650988
 20
122.7
 10
302.6859071886816
 20
122.7
 10
303.3600406122644
 20
122.7
 10
304.03417403584723
 20
122.7
 10
304.70830745943
 20
122.7
 10
305.3824408830128
 20
122.7
 10
306.0565743065956
 20
122.7
 10
306.73070773017844
 20
122.7
 10
307.40484115376125
 20
122.7
 10
308.07897457734407
 20
122.7
 10
308.7531080009269
 20
122.7
 10
309.42724142450965
 20
122.7
 10
310.10137484809246
 20
122.7
 10
310.7755082716753
 20
122.7
 10
311.44964169525815
 20
122.7
 10
312.12377511884097
 20
122.7
 10
312.7979085424238
 20
122.7
 10
313.47204196600654
 20
122.7
 10
314.14617538958936
 20
122.7
 10
314.8203088131722
 20
122.7
 10
315.494442236755
 20
122.7
 10
316.1685756603378
 20
122.7
 10
316.8427090839206
 20
122.7
 10
317.5168425075034
 20
122.7
 10
318.1909759310862
 20
122.7
 10
318.865109354669
 20
122.7
 10
319.53924277825183
 20
122.7
 10
320.21337620183465
 20
122.7
 10
320.88750962541747
 20
122.7
 10
321.5616430490002
 20
122.7
 10
322.23577647258304
 20
122.7
 10
322.90990989616586
 20
122.7
 10
323.5840433197487
 20
122.7
 10
324.2581767433315
 20
122.7
 10
324.9323101669143
 20
122.7
 10
325.6064435904971
 20
122.7
 10
326.28057701407994
 20
122.7
 10
326.95471043766275
 20
122.7
 10
327.62884386124557
 20
122.7
 10
328.3029772848284
 20
122.7
 10
328.9771107084112
 20
122.7
 10
329.651244131994
 20
122.7
 10
330.3253775555768
 20
122.7
 10
330.9995109791596
 20
122.7
 10
331.6736444027424
 20
122.7
 10
332.3477778263252
 20
122.7
 10
333.02191124990804
 20
122.7
 10
333.69604467349086
 20
122.7
 10
334.3701780970736
 20
122.7
 10
335.04431152065644
 20
122.7
 10
335.71844494423925
 20
122.7
 10
336.39257836782207
 20
122.7
 10
337.0667117914049
 20
122.7
 10
337.7408452149877
 20
122.7
 10
338.4149786385705
 20
122.7
 10
339.0891120621533
 20
122.7
 10
339.7632454857361
 20
122.7
 10
340.4373789093189
 20
122.7
 10
341.1115123329017
 20
122.7
 10
341.7856457564846
 20
122.7
 10
342.4597791800674
 20
122.7
 10
343.1339126036502
 20
122.7
 10
343.808046027233
 20
122.7
 10
344.4821794508158
 20
122.7
 10
345.1563128743986
 20
122.7
 10
345.83044629798144
 20
122.7
 10
346.50457972156426
 20
122.7
 10
347.178713145147
 20
122.7
 10
347.85284656872983
 20
122.7
 10
348.52697999231265
 20
122.7
 10
349.20111341589546
 20
122.7
 10
349.8752468394783
 20
122.7
 10
350.5493802630611
 20
122.7
 10
351.2235136866439
 20
122.7
 10
351.89764711022667
 20
122.7
 10
352.5717805338095
 20
122.7
 10
353.2459139573923
 20
122.7
 10
353.9200473809751
 20
122.7
 10
354.59418080455794
 20
122.7
 10
355.26831422814075
 20
122.7
 10
355.9424476517235
 20
122.7
 10
356.6165810753064
 20
122.7
 10
357.2907144988892
 20
122.7
 10
357.964847922472
 20
122.7
 10
358.63898134605483
 20
122.7
 10
359.31311476963765
 20
122.7
 10
359.9872481932204
 20
122.7
 10
360.6613816168032
 20
122.7
 10
361.33551504038604
 20
122.7
 10
362.00964846396886
 20
122.7
 10
362.6837818875517
 20
122.7
 10
363.3579153111345
 20
122.7
 10
364.03204873471725
 20
122.7
 10
364.70618215830007
 20
122.7
 10
365.3803155818829
 20
122.7
 10
366.0544490054657
 20
122.7
 10
366.7285824290485
 20
122.7
 10
367.40271585263133
 20
122.7
 10
368.07684927621415
 20
122.7
 10
368.7509826997969
 20
122.7
 10
369.4251161233797
 20
122.7
 10
370.09924954696254
 20
122.7
 10
370.77338297054536
 20
122.7
 10
371.4475163941282
 20
122.7
 10
372.12164981771105
 20
122.7
 10
372.7957832412938
 20
122.7
 10
373.4699166648766
 20
122.7
 10
374.14405008845944
 20
122.7
 10
374.81818351204225
 20
122.7
 10
375.49231693562507
 20
122.7
 10
376.1664503592079
 20
122.7
 10
376.84058378279065
 20
122.7
 10
377.51471720637346
 20
122.7
 10
378.1888506299563
 20
122.7
 10
378.8629840535391
 20
122.7
 10
379.5371174771219
 20
122.7
 10
380.2112509007047
 20
122.7
 10
380.88538432428754
 20
122.7
 10
381.5595177478703
 20
122.7
 10
382.2336511714531
 20
122.7
 10
382.90778459503593
 20
122.7
 10
383.58191801861875
 20
122.7
 10
384.25605144220157
 20
122.7
 10
384.9301848657844
 20
122.7
 10
385.60431828936714
 20
122.7
 10
386.27845171294996
 20
122.7
 10
386.95258513653283
 20
122.7
 10
387.62671856011565
 20
122.7
 10
388.30085198369846
 20
122.7
 10
388.9749854072813
 20
122.7
 10
389.64911883086404
 20
122.7
 10
390.32325225444686
 20
122.7
 10
390.9973856780297
 20
122.7
 10
391.6715191016125
 20
122.7
 10
392.3456525251953
 20
122.7
 10
393.0197859487781
 20
122.7
 10
393.69391937236094
 20
122.7
 10
394.3680527959437
 20
122.7
 10
395.0421862195265
 20
122.7
 10
395.71631964310933
 20
122.7
 10
396.39045306669215
 20
122.7
 10
397.06458649027496
 20
122.7
 10
397.7387199138578
 20
122.7
 10
398.41285333744054
 20
122.7
 10
399.08698676102335
 20
122.7
 10
399.76112018460617
 20
122.7
 10
400.435253608189
 20
122.7
 10
401.1093870317718
 20
122.7
 10
401.7835204553546
 20
122.7
 10
402.45765387893744
 20
122.7
 10
403.13178730252025
 20
122.7
 10
403.80592072610307
 20
122.7
 10
404.4800541496859
 20
122.7
 10
405.1541875732687
 20
122.7
 10
405.8283209968515
 20
122.7
 10
406.50245442043433
 20
122.7
 10
407.1765878440171
 20
122.7
 10
407.8507212675999
 20
122.7
 10
408.5248546911827
 20
122.7
 10
409.19898811476554
 20
122.7
 10
409.87312153834836
 20
122.7
 10
410.5472549619312
 20
122.7
 10
411.22138838551393
 20
122.7
 10
411.89552180909675
 20
122.7
 10
412.56965523267957
 20
122.7
 10
413.2437886562624
 20
122.7
 10
413.9179220798452
 20
122.7
 10
414.592055503428
 20
122.7
 10
415.2661889270108
 20
122.7
 10
415.9403223505936
 20
122.7
 10
416.6144557741764
 20
122.7
 10
417.2885891977593
 20
122.7
 10
417.9627226213421
 20
122.7
 10
418.6368560449249
 20
122.7
 10
419.31098946850767
 20
122.7
 10
419.9851228920905
 20
122.7
 10
420.6592563156733
 20
122.7
 10
421.3333897392561
 20
122.7
 10
422.00752316283894
 20
122.7
 10
422.68165658642175
 20
122.7
 10
423.35579001000457
 20
122.7
 10
424.0299234335873
 20
122.7
 10
424.70405685717014
 20
122.7
 10
425.37819028075296
 20
122.7
 10
426.0523237043358
 20
122.7
 10
426.7264571279186
 20
122.7
 10
427.4005905515014
 20
122.7
 10
428.07472397508417
 20
122.7
 10
428.748857398667
 20
122.7
 10
429.4229908222498
 20
122.7
 10
430.0971242458326
 20
122.7
 10
430.77125766941543
 20
122.7
 10
431.44539109299825
 20
122.7
 10
432.11952451658107
 20
122.7
 10
432.7936579401639
 20
122.7
 10
433.4677913637467
 20
122.7
 10
434.1419247873295
 20
122.7
 10
434.81605821091233
 20
122.7
 10
435.49019163449515
 20
122.7
 10
436.16432505807796
 20
122.7
 10
436.8384584816607
 20
122.7
 10
437.51259190524354
 20
122.7
 10
438.18672532882636
 20
122.7
 10
438.8608587524092
 20
122.7
 10
439.534992175992
 20
122.7
 10
440.2091255995748
 20
122.7
 10
440.88325902315756
 20
122.7
 10
441.5573924467404
 20
122.7
 10
442.2315258703232
 20
122.7
 10
442.905659293906
 20
122.7
 10
443.57979271748883
 20
122.7
 10
444.25392614107164
 20
122.7
 10
444.92805956465446
 20
122.7
 10
445.6021929882372
 20
122.7
 10
446.27632641182004
 20
122.7
 10
446.95045983540285
 20
122.7
 10
447.6245932589857
 20
122.7
 10
448.29872668256854
 20
122.7
 10
448.97286010615136
 20
122.7
 10
449.6469935297341
 20
122.7
 10
450.32112695331693
 20
122.7
 10
450.99526037689975
 20
122.7
 10
451.66939380048257
 20
122.7
 10
452.3435272240654
 20
122.7
 10
453.0176606476482
 20
122.7
 10
453.69179407123096
 20
122.7
 10
454.3659274948138
 20
122.7
 10
455.0400609183966
 20
122.7
 10
455.7141943419794
 20
122.7
 10
456.3883277655622
 20
122.7
 10
457.06246118914504
 20
122.7
 10
457.73659461272786
 20
122.7
 10
458.4107280363106
 20
122.7
 10
459.08486145989343
 20
122.7
 10
459.75899488347625
 20
122.7
 10
460.43312830705906
 20
122.7
 10
461.1072617306419
 20
122.7
 10
461.7813951542247
 20
122.7
 10
462.45552857780746
 20
122.7
 10
463.12966200139033
 20
122.7
 10
463.80379542497315
 20
122.7
 10
464.47792884855596
 20
122.7
 10
465.1520622721388
 20
122.7
 10
465.8261956957216
 20
122.7
 10
466.50032911930435
 20
122.7
 10
467.17446254288717
 20
122.7
 10
467.84859596647
 20
122.7
 10
468.5227293900528
 20
122.7
 10
469.1968628136356
 20
122.7
 10
469.87099623721843
 20
122.7
 10
470.5451296608012
 20
122.7
 10
471.219263084384
 20
122.7
 10
471.8933965079668
 20
122.7
 10
472.56752993154964
 20
122.7
 10
473.24166335513246
 20
122.7
 10
473.9157967787153
 20
122.7
 10
474.5899302022981
 20
122.7
 10
475.26406362588085
 20
122.7
 10
475.93819704946367
 20
122.7
 10
476.6123304730465
 20
122.7
 10
477.2864638966293
 20
122.7
 10
477.9605973202122
 20
122.7
 10
478.634730743795
 20
122.7
 10
479.30886416737775
 20
122.7
 10
479.98299759096057
 20
122.7
 10
480.6571310145434
 20
122.7
 10
481.3312644381262
 20
122.7
 10
482.005397861709
 20
122.7
 10
482.67953128529183
 20
122.7
 10
483.3536647088746
 20
122.7
 10
484.0277981324574
 20
122.7
 10
484.7019315560402
 20
122.7
 10
485.37606497962304
 20
122.7
 10
485.37606497962304
 20
0.0
 10
0.0
 20
0.0
  0
CIRCLE
  5
36
330
17
100
AcDbEntity
  8
HOLE
100
AcDbCircle
 10
6.0672008122452885
 20
5.0
 30
0.0
 40
2.0
  0
CIRCLE
  5
37
330
17
100
AcDbEntity
  8
HOLE
100
AcDbCircle
 10
12.134401624490577
 20
5.0
 30
0.0
 40
2.0
  0
CIRCLE
  5
38
330
17
100
AcDbEntity
  8
HOLE
100
AcDbCircle
 10
18.201602436735865
 20
5.0
 30
0.0
 40
2.0
  0
CIRCLE
  5
39
330
17
100
AcDbEntity
  8
HOLE
100
AcDbCircle
 10
24.268803248981154
 20
5.0
 30
0.0
 40
2.0
  0
CIRCLE
  5
3A
330
17
100
AcDbEntity
  8
HOLE
100
AcDbCircle
 10
30.33600406122644
 20
5.0
 30
0.0
 40
2.0
  0
CIRCLE
  5
3B
330
17
100
AcDbEntity
  8
HOLE
100
AcDbCircle
 10
36.40320487347173
 20
5.0
 30
0.0
 40
2.0
  0
CIRCLE
  5
3C
330
17
100
AcDbEntity
  8
HOLE
100
AcDbCircle
 10
42.47040568571701
 20
5.0
 30
0.0
 40
2.0
  0
CIRCLE
  5
3D
330
17
100
AcDbEntity
  8
HOLE
100
AcDbCircle
 10
48.53760649796231
 20
5.0
 30
0.0
 40
2.0
  0
CIRCLE
  5
3E
330
17
100
AcDbEntity
  8
HOLE
100
AcDbCircle
 10
54.60480731020759
 20
5.0
 30
0.0
 40
2.0
  0
CIRCLE
  5
3F
330
17
100
AcDbEntity
  8
HOLE
100
AcDbCircle
 10
60.67200812245288
 20
5.0
 30
0.0
 40
2.0
  0
CIRCLE
  5
40
330
17
100
AcDbEntity
  8
HOLE
100
AcDbCircle
 10
66.73920893469817
 20
5.0
 30
0.0
 40
2.0
  0
CIRCLE
  5
41
330
17
100
AcDbEntity
  8
HOLE
100
AcDbCircle
 10
72.80640974694346
 20
5.0
 30
0.0
 40
2.0
  0
CIRCLE
  5
42
330
17
100
AcDbEntity
  8
HOLE
100
AcDbCircle
 10
78.87361055918875
 20
5.0
 30
0.0
 40
2.0
  0
CIRCLE
  5
43
330
17
100
AcDbEntity
  8
HOLE
100
AcDbCircle
 10
84.94081137143402
 20
5.0
 30
0.0
 40
2.0
  0
CIRCLE
  5
44
330
17
100
AcDbEntity
  8
HOLE
100
AcDbCircle
 10
91.00801218367931
 20
5.0
 30
0.0
 40
2.0
  0
CIRCLE
  5
45
330
17
100
AcDbEntity
  8
HOLE
100
AcDbCircle
 10
97.07521299592462
 20
5.0
 30
0.0
 40
2.0
  0
CIRCLE
  5
46
330
17
100
AcDbEntity
  8
HOLE
100
AcDbCircle
 10
103.14241380816989
 20
5.0
 30
0.0
 40
2.0
  0
CIRCLE
  5
47
330
17
100
AcDbEntity
  8
HOLE
100
AcDbCircle
 10
109.20961462041518
 20
5.0
 30
0.0
 40
2.0
  0
CIRCLE
  5
48
330
17
100
AcDbEntity
  8
HOLE
100
AcDbCircle
 10
115.27681543266047
 20
5.0
 30
0.0
 40
2.0
  0
CIRCLE
  5
49
330
17
100
AcDbEntity
  8
HOLE
100
AcDbCircle
 10
121.34401624490576
 20
5.0
 30
0.0
 40
2.0
  0
CIRCLE
  5
4A
330
17
100
AcDbEntity
  8
HOLE
100
AcDbCircle
 10
127.41121705715105
 20
5.0
 30
0.0
 40
2.0
  0
CIRCLE
  5
4B
330
17
100
AcDbEntity
  8
HOLE
100
AcDbCircle
 10
133.47841786939634
 20
5.0
 30
0.0
 40
2.0
  0
CIRCLE
  5
4C
330
17
100
AcDbEntity
  8
HOLE
100
AcDbCircle
 10
139.5456186816416
 20
5.0
 30
0.0
 40
2.0
  0
CIRCLE
  5
4D
330
17
100
AcDbEntity
  8
HOLE
100
AcDbCircle
 10
145.61281949388692
 20
5.0
 30
0.0
 40
2.0
  0
CIRCLE
  5
4E
330
17
100
AcDbEntity
  8
HOLE
100
AcDbCircle
 10
151.6800203061322
 20
5.0
 30
0.0
 40
2.0
  0
CIRCLE
  5
4F
330
17
100
AcDbEntity
  8
HOLE
100
AcDbCircle
 10
157.7472211183775
 20
5.0
 30
0.0
 40
2.0
  0
CIRCLE
  5
50
330
17
100
AcDbEntity
  8
HOLE
100
AcDbCircle
 10
163.81442193062279
 20
5.0
 30
0.0
 40
2.0
  0
CIRCLE
  5
51
330
17
100
AcDbEntity
  8
HOLE
100
AcDbCircle
 10
169.88162274286805
 20
5.0
 30
0.0
 40
2.0
  0
CIRCLE
  5
52
330
17
100
AcDbEntity
  8
HOLE
100
AcDbCircle
 10
175.94882355511334
 20
5.0
 30
0.0
 40
2.0
  0
CIRCLE
  5
53
330
17
100
AcDbEntity
  8
HOLE
100
AcDbCircle
 10
182.01602436735863
 20
5.0
 30
0.0
 40
2.0
  0
CIRCLE
  5
54
330
17
100
AcDbEntity
  8
HOLE
100
AcDbCircle
 10
188.08322517960394
 20
5.0
 30
0.0
 40
2.0
  0
CIRCLE
  5
55
330
17
100
AcDbEntity
  8
HOLE
100
AcDbCircle
 10
194.15042599184923
 20
5.0
 30
0.0
 40
2.0
  0
CIRCLE
  5
56
330
17
100
AcDbEntity
  8
HOLE
100
AcDbCircle
 10
200.2176268040945
 20
5.0
 30
0.0
 40
2.0
  0
CIRCLE
  5
57
330
17
100
AcDbEntity
  8
HOLE
100
AcDbCircle
 10
206.28482761633978
 20
5.0
 30
0.0
 40
2.0
  0
CIRCLE
  5
58
330
17
100
AcDbEntity
  8
HOLE
100
AcDbCircle
 10
212.35202842858507
 20
5.0
 30
0.0
 40
2.0
  0
CIRCLE
  5
59
330
17
100
AcDbEntity
  8
HOLE
100
AcDbCircle
 10
218.41922924083036
 20
5.0
 30
0.0
 40
2.0
  0
CIRCLE
  5
5A
330
17
100
AcDbEntity
  8
HOLE
100
AcDbCircle
 10
224.48643005307568
 20
5.0
 30
0.0
 40
2.0
  0
CIRCLE
  5
5B
330
17
100
AcDbEntity
  8
HOLE
100
AcDbCircle
 10
230.55363086532094
 20
5.0
 30
0.0
 40
2.0
  0
CIRCLE
  5
5C
330
17
100
AcDbEntity
  8
HOLE
100
AcDbCircle
 10
236.62083167756623
 20
5.0
 30
0.0
 40
2.0
  0
CIRCLE
  5
5D
330
17
100
AcDbEntity
  8
HOLE
100
AcDbCircle
 10
242.68803248981152
 20
5.0
 30
0.0
 40
2.0
  0
CIRCLE
  5
5E
330
17
100
AcDbEntity
  8
HOLE
100
AcDbCircle
 10
248.75523330205678
 20
5.0
 30
0.0
 40
2.0
  0
CIRCLE
  5
5F
330
17
100
AcDbEntity
  8
HOLE
100
AcDbCircle
 10
254.8224341143021
 20
5.0
 30
0.0
 40
2.0
  0
CIRCLE
  5
60
330
17
100
AcDbEntity
  8
HOLE
100
AcDbCircle
 10
260.8896349265474
 20
5.0
 30
0.0
 40
2.0
  0
CIRCLE
  5
61
330
17
100
AcDbEntity
  8
HOLE
100
AcDbCircle
 10
266.9568357387927
 20
5.0
 30
0.0
 40
2.0
  0
CIRCLE
  5
62
330
17
100
AcDbEntity
  8
HOLE
100
AcDbCircle
 10
273.02403655103797
 20
5.0
 30
0.0
 40
2.0
  0
CIRCLE
  5
63
330
17
100
AcDbEntity
  8
HOLE
100
AcDbCircle
 10
279.0912373632832
 20
5.0
 30
0.0
 40
2.0
  0
CIRCLE
  5
64
330
17
100
AcDbEntity
  8
HOLE
100
AcDbCircle
 10
285.15843817552854
 20
5.0
 30
0.0
 40
2.0
  0
CIRCLE
  5
65
330
17
100
AcDbEntity
  8
HOLE
100
AcDbCircle
 10
291.22563898777383
 20
5.0
 30
0.0
 40
2.0
  0
CIRCLE
  5
66
330
17
100
AcDbEntity
  8
HOLE
100
AcDbCircle
 10
297.2928398000191
 20
5.0
 30
0.0
 40
2.0
  0
CIRCLE
  5
67
330
17
100
AcDbEntity
  8
HOLE
100
AcDbCircle
 10
303.3600406122644
 20
5.0
 30
0.0
 40
2.0
  0
CIRCLE
  5
68
330
17
100
AcDbEntity
  8
HOLE
100
AcDbCircle
 10
309.42724142450965
 20
5.0
 30
0.0
 40
2.0
  0
CIRCLE
  5
69
330
17
100
AcDbEntity
  8
HOLE
100
AcDbCircle
 10
315.494442236755
 20
5.0
 30
0.0
 40
2.0
  0
CIRCLE
  5
6A
330
17
100
AcDbEntity
  8
HOLE
100
AcDbCircle
 10
321.5616430490002
 20
5.0
 30
0.0
 40
2.0
  0
CIRCLE
  5
6B
330
17
100
AcDbEntity
  8
HOLE
100
AcDbCircle
 10
327.62884386124557
 20
5.0
 30
0.0
 40
2.0
  0
CIRCLE
  5
6C
330
17
100
AcDbEntity
  8
HOLE
100
AcDbCircle
 10
333.69604467349086
 20
5.0
 30
0.0
 40
2.0
  0
CIRCLE
  5
6D
330
17
100
AcDbEntity
  8
HOLE
100
AcDbCircle
 10
339.7632454857361
 20
5.0
 30
0.0
 40
2.0
  0
CIRCLE
  5
6E
330
17
100
AcDbEntity
  8
HOLE
100
AcDbCircle
 10
345.83044629798144
 20
5.0
 30
0.0
 40
2.0
  0
CIRCLE
  5
6F
330
17
100
AcDbEntity
  8
HOLE
100
AcDbCircle
 10
351.89764711022667
 20
5.0
 30
0.0
 40
2.0
  0
CIRCLE
  5
70
330
17
100
AcDbEntity
  8
HOLE
100
AcDbCircle
 10
357.964847922472
 20
5.0
 30
0.0
 40
2.0
  0
CIRCLE
  5
71
330
17
100
AcDbEntity
  8
HOLE
100
AcDbCircle
 10
364.03204873471725
 20
5.0
 30
0.0
 40
2.0
  0
CIRCLE
  5
72
330
17
100
AcDbEntity
  8
HOLE
100
AcDbCircle
 10
370.09924954696254
 20
5.0
 30
0.0
 40
2.0
  0
CIRCLE
  5
73
330
17
100
AcDbEntity
  8
HOLE
100
AcDbCircle
 10
376.1664503592079
 20
5.0
 30
0.0
 40
2.0
  0
CIRCLE
  5
74
330
17
100
AcDbEntity
  8
HOLE
100
AcDbCircle
 10
382.2336511714531
 20
5.0
 30
0.0
 40
2.0
  0
CIRCLE
  5
75
330
17
100
AcDbEntity
  8
HOLE
100
AcDbCircle
 10
388.30085198369846
 20
5.0
 30
0.0
 40
2.0
  0
CIRCLE
  5
76
330
17
100
AcDbEntity
  8
HOLE
100
AcDbCircle
 10
394.3680527959437
 20
5.0
 30
0.0
 40
2.0
  0
CIRCLE
  5
77
330
17
100
AcDbEntity
  8
HOLE
100
AcDbCircle
 10
400.435253608189
 20
5.0
 30
0.0
 40
2.0
  0
CIRCLE
  5
78
330
17
100
AcDbEntity
  8
HOLE
100
AcDbCircle
 10
406.50245442043433
 20
5.0
 30
0.0
 40
2.0
  0
CIRCLE
  5
79
330
17
100
AcDbEntity
  8
HOLE
100
AcDbCircle
 10
412.56965523267957
 20
5.0
 30
0.0
 40
2.0
  0
CIRCLE
  5
7A
330
17
100
AcDbEntity
  8
HOLE
100
AcDbCircle
 10
418.6368560449249
 20
5.0
 30
0.0
 40
2.0
  0
CIRCLE
  5
7B
330
17
100
AcDbEntity
  8
HOLE
100
AcDbCircle
 10
424.70405685717014
 20
5.0
 30
0.0
 40
2.0
  0
CIRCLE
  5
7C
330
17
100
AcDbEntity
  8
HOLE
100
AcDbCircle
 10
430.77125766941543
 20
5.0
 30
0.0
 40
2.0
  0
CIRCLE
  5
7D
330
17
100
AcDbEntity
  8
HOLE
100
AcDbCircle
 10
436.8384584816607
 20
5.0
 30
0.0
 40
2.0
  0
CIRCLE
  5
7E
330
17
100
AcDbEntity
  8
HOLE
100
AcDbCircle
 10
442.905659293906
 20
5.0
 30
0.0
 40
2.0
  0
CIRCLE
  5
7F
330
17
100
AcDbEntity
  8
HOLE
100
AcDbCircle
 10
448.97286010615136
 20
5.0
 30
0.0
 40
2.0
  0
CIRCLE
  5
80
330
17
100
AcDbEntity
  8
HOLE
100
AcDbCircle
 10
455.0400609183966
 20
5.0
 30
0.0
 40
2.0
  0
CIRCLE
  5
81
330
17
100
AcDbEntity
  8
HOLE
100
AcDbCircle
 10
461.1072617306419
 20
5.0
 30
0.0
 40
2.0
  0
CIRCLE
  5
82
330
17
100
AcDbEntity
  8
HOLE
100
AcDbCircle
 10
467.17446254288717
 20
5.0
 30
0.0
 40
2.0
  0
CIRCLE
  5
83
330
17
100
AcDbEntity
  8
HOLE
100
AcDbCircle
 10
473.24166335513246
 20
5.0
 30
0.0
 40
2.0
  0
CIRCLE
  5
84
330
17
100
AcDbEntity
  8
HOLE
100
AcDbCircle
 10
479.30886416737775
 20
5.0
 30
0.0
 40
2.0
  0
CIRCLE
  5
85
330
17
100
AcDbEntity
  8
HOLE
100
AcDbCircle
 10
3.0234833659491196
 20
11.0
 30
0.0
 40
2.0
  0
CIRCLE
  5
86
330
17
100
AcDbEntity
  8
HOLE
100
AcDbCircle
 10
9.090684178194408
 20
11.0
 30
0.0
 40
2.0
  0
CIRCLE
  5
87
330
17
100
AcDbEntity
  8
HOLE
100
AcDbCircle
 10
15.157884990439698
 20
11.0
 30
0.0
 40
2.0
  0
CIRCLE
  5
88
330
17
100
AcDbEntity
  8
HOLE
100
AcDbCircle
 10
21.225085802684983
 20
11.0
 30
0.0
 40
2.0
  0
CIRCLE
  5
89
330
17
100
AcDbEntity
  8
HOLE
100
AcDbCircle
 10
27.292286614930273
 20
11.0
 30
0.0
 40
2.0
  0
CIRCLE
  5
8A
330
17
100
AcDbEntity
  8
HOLE
100
AcDbCircle
 10
33.35948742717556
 20
11.0
 30
0.0
 40
2.0
  0
CIRCLE
  5
8B
330
17
100
AcDbEntity
  8
HOLE
100
AcDbCircle
 10
39.42668823942085
 20
11.0
 30
0.0
 40
2.0
  0
CIRCLE
  5
8C
330
17
100
AcDbEntity
  8
HOLE
100
AcDbCircle
 10
45.49388905166613
 20
11.0
 30
0.0
 40
2.0
  0
CIRCLE
  5
8D
330
17
100
AcDbEntity
  8
HOLE
100
AcDbCircle
 10
51.56108986391143
 20
11.0
 30
0.0
 40
2.0
  0
CIRCLE
  5
8E
330
17
100
AcDbEntity
  8
HOLE
100
AcDbCircle
 10
57.62829067615671
 20
11.0
 30
0.0
 40
2.0
  0
CIRCLE
  5
8F
330
17
100
AcDbEntity
  8
HOLE
100
AcDbCircle
 10
63.695491488402
 20
11.0
 30
0.0
 40
2.0
  0
CIRCLE
  5
90
330
17
100
AcDbEntity
  8
HOLE
100
AcDbCircle
 10
69.76269230064729
 20
11.0
 30
0.0
 40
2.0
  0
CIRCLE
  5
91
330
17
100
AcDbEntity
  8
HOLE
100
AcDbCircle
 10
75.82989311289258
 20
11.0
 30
0.0
 40
2.0
  0
CIRCLE
  5
92
330
17
100
AcDbEntity
  8
HOLE
100
AcDbCircle
 10
81.89709392513787
 20
11.0
 30
0.0
 40
2.0
  0
CIRCLE
  5
93
330
17
100
AcDbEntity
  8
HOLE
100
AcDbCircle
 10
87.96429473738314
 20
11.0
 30
0.0
 40
2.0
  0
CIRCLE
  5
94
330
17
100
AcDbEntity
  8
HOLE
100
AcDbCircle
 10
94.03149554962843
 20
11.0
 30
0.0
 40
2.0
  0
CIRCLE
  5
95
330
17
100
AcDbEntity
  8
HOLE
100
AcDbCircle
 10
100.09869636187373
 20
11.0
 30
0.0
 40
2.0
  0
CIRCLE
  5
96
330
17
100
AcDbEntity
  8
HOLE
100
AcDbCircle
 10
106.16589717411901
 20
11.0
 30
0.0
 40
2.0
  0
CIRCLE
  5
97
330
17
100
AcDbEntity
  8
HOLE
100
AcDbCircle
 10
112.2330979863643
 20
11.0
 30
0.0
 40
2.0
  0
CIRCLE
  5
98
330
17
100
AcDbEntity
  8
HOLE
100
AcDbCircle
 10
118.30029879860959
 20
11.0
 30
0.0
 40
2.0
  0
CIRCLE
  5
99
330
17
100
AcDbEntity
  8
HOLE
100
AcDbCircle
 10
124.36749961085488
 20
11.0
 30
0.0
 40
2.0
  0
CIRCLE
  5
9A
330
17
100
AcDbEntity
  8
HOLE
100
AcDbCircle
 10
130.43470042310017
 20
11.0
 30
0.0
 40
2.0
  0
CIRCLE
  5
9B
330
17
100
AcDbEntity
  8
HOLE
100
AcDbCircle
 10
136.50190123534546
 20
11.0
 30
0.0
 40
2.0
  0
CIRCLE
  5
9C
330
17
100
AcDbEntity
  8
HOLE
100
AcDbCircle
 10
142.56910204759072
 20
11.0
 30
0.0
 40
2.0
  0
CIRCLE
  5
9D
330
17
100
AcDbEntity
  8
HOLE
100
AcDbCircle
 10
148.63630285983604
 20
11.0
 30
0.0
 40
2.0
  0
CIRCLE
  5
9E
330
17
100
AcDbEntity
  8
HOLE
100
AcDbCircle
 10
154.70350367208133
 20
11.0
 30
0.0
 40
2.0
  0
CIRCLE
  5
9F
330
17
100
AcDbEntity
  8
HOLE
100
AcDbCircle
 10
160.77070448432661
 20
11.0
 30
0.0
 40
2.0
  0
CIRCLE
  5
A0
330
17
100
AcDbEntity
  8
HOLE
100
AcDbCircle
 10
166.8379052965719
 20
11.0
 30
0.0
 40
2.0
  0
CIRCLE
  5
A1
330
17
100
AcDbEntity
  8
HOLE
100
AcDbCircle
 10
172.90510610881717
 20
11.0
 30
0.0
 40
2.0
  0
CIRCLE
  5
A2
330
17
100
AcDbEntity
  8
HOLE
100
AcDbCircle
 10
178.97230692106245
 20
11.0
 30
0.0
 40
2.0
  0
CIRCLE
  5
A3
330
17
100
AcDbEntity
  8
HOLE
100
AcDbCircle
 10
185.03950773330774
 20
11.0
 30
0.0
 40
2.0
  0
CIRCLE
  5
A4
330
17
100
AcDbEntity
  8
HOLE
100
AcDbCircle
 10
191.10670854555306
 20
11.0
 30
0.0
 40
2.0
  0
CIRCLE
  5
A5
330
17
100
AcDbEntity
  8
HOLE
100
AcDbCircle
 10
197.17390935779835
 20
11.0
 30
0.0
 40
2.0
  0
CIRCLE
  5
A6
330
17
100
AcDbEntity
  8
HOLE
100
AcDbCircle
 10
203.2411101700436
 20
11.0
 30
0.0
 40
2.0
  0
CIRCLE
  5
A7
330
17
100
AcDbEntity
  8
HOLE
100
AcDbCircle
 10
209.3083109822889
 20
11.0
 30
0.0
 40
2.0
  0
CIRCLE
  5
A8
330
17
100
AcDbEntity
  8
HOLE
100
AcDbCircle
 10
215.3755117945342
 20
11.0
 30
0.0
 40
2.0
  0
CIRCLE
  5
A9
330
17
100
AcDbEntity
  8
HOLE
100
AcDbCircle
 10
221.44271260677948
 20
11.0
 30
0.0
 40
2.0
  0
CIRCLE
  5
AA
330
17
100
AcDbEntity
  8
HOLE
100
AcDbCircle
 10
227.5099134190248
 20
11.0
 30
0.0
 40
2.0
  0
CIRCLE
  5
AB
330
17
100
AcDbEntity
  8
HOLE
100
AcDbCircle
 10
233.57711423127006
 20
11.0
 30
0.0
 40
2.0
  0
CIRCLE
  5
AC
330
17
100
AcDbEntity
  8
HOLE
100
AcDbCircle
 10
239.64431504351535
 20
11.0
 30
0.0
 40
2.0
  0
CIRCLE
  5
AD
330
17
100
AcDbEntity
  8
HOLE
100
AcDbCircle
 10
245.71151585576064
 20
11.0
 30
0.0
 40
2.0
  0
CIRCLE
  5
AE
330
17
100
AcDbEntity
  8
HOLE
100
AcDbCircle
 10
251.7787166680059
 20
11.0
 30
0.0
 40
2.0
  0
CIRCLE
  5
AF
330
17
100
AcDbEntity
  8
HOLE
100
AcDbCircle
 10
257.8459174802512
 20
11.0
 30
0.0
 40
2.0
  0
CIRCLE
  5
B0
330
17
100
AcDbEntity
  8
HOLE
100
AcDbCircle
 10
263.9131182924965
 20
11.0
 30
0.0
 40
2.0
  0
CIRCLE
  5
B1
330
17
100
AcDbEntity
  8
HOLE
100
AcDbCircle
 10
269.9803191047418
 20
11.0
 30
0.0
 40
2.0
  0
CIRCLE
  5
B2
330
17
100
AcDbEntity
  8
HOLE
100
AcDbCircle
 10
276.0475199169871
 20
11.0
 30
0.0
 40
2.0
  0
CIRCLE
  5
B3
330
17
100
AcDbEntity
  8
HOLE
100
AcDbCircle
 10
282.1147207292323
 20
11.0
 30
0.0
 40
2.0
  0
CIRCLE
  5
B4
330
17
100
AcDbEntity
  8
HOLE
100
AcDbCircle
 10
288.18192154147766
 20
11.0
 30
0.0
 40
2.0
  0
CIRCLE
  5
B5
330
17
100
AcDbEntity
  8
HOLE
100
AcDbCircle
 10
294.24912235372295
 20
11.0
 30
0.0
 40
2.0
  0
CIRCLE
  5
B6
330
17
100
AcDbEntity
  8
HOLE
100
AcDbCircle
 10
300.31632316596824
 20
11.0
 30
0.0
 40
2.0
  0
CIRCLE
  5
B7
330
17
100
AcDbEntity
  8
HOLE
100
AcDbCircle
 10
306.38352397821353
 20
11.0
 30
0.0
 40
2.0
  0
CIRCLE
  5
B8
330
17
100
AcDbEntity
  8
HOLE
100
AcDbCircle
 10
312.45072479045876
 20
11.0
 30
0.0
 40
2.0
  0
CIRCLE
  5
B9
330
17
100
AcDbEntity
  8
HOLE
100
AcDbCircle
 10
318.5179256027041
 20
11.0
 30
0.0
 40
2.0
  0
CIRCLE
  5
BA
330
17
100
AcDbEntity
  8
HOLE
100
AcDbCircle
 10
324.58512641494934
 20
11.0
 30
0.0
 40
2.0
  0
CIRCLE
  5
BB
330
17
100
AcDbEntity
  8
HOLE
100
AcDbCircle
 10
330.6523272271947
 20
11.0
 30
0.0
 40
2.0
  0
CIRCLE
  5
BC
330
17
100
AcDbEntity
  8
HOLE
100
AcDbCircle
 10
336.71952803944
 20
11.0
 30
0.0
 40
2.0
  0
CIRCLE
  5
BD
330
17
100
AcDbEntity
  8
HOLE
100
AcDbCircle
 10
342.7867288516852
 20
11.0
 30
0.0
 40
2.0
  0
CIRCLE
  5
BE
330
17
100
AcDbEntity
  8
HOLE
100
AcDbCircle
 10
348.85392966393056
 20
11.0
 30
0.0
 40
2.0
  0
CIRCLE
  5
BF
330
17
100
AcDbEntity
  8
HOLE
100
AcDbCircle
 10
354.9211304761758
 20
11.0
 30
0.0
 40
2.0
  0
CIRCLE
  5
C0
330
17
100
AcDbEntity
  8
HOLE
100
AcDbCircle
 10
360.98833128842114
 20
11.0
 30
0.0
 40
2.0
  0
CIRCLE
  5
C1
330
17
100
AcDbEntity
  8
HOLE
100
AcDbCircle
 10
367.05553210066637
 20
11.0
 30
0.0
 40
2.0
  0
CIRCLE
  5
C2
330
17
100
AcDbEntity
  8
HOLE
100
AcDbCircle
 10
373.12273291291166
 20
11.0
 30
0.0
 40
2.0
  0
CIRCLE
  5
C3
330
17
100
AcDbEntity
  8
HOLE
100
AcDbCircle
 10
379.189933725157
 20
11.0
 30
0.0
 40
2.0
  0
CIRCLE
  5
C4
330
17
100
AcDbEntity
  8
HOLE
100
AcDbCircle
 10
385.25713453740224
 20
11.0
 30
0.0
 40
2.0
  0
CIRCLE
  5
C5
330
17
100
AcDbEntity
  8
HOLE
100
AcDbCircle
 10
391.3243353496476
 20
11.0
 30
0.0
 40
2.0
  0
CIRCLE
  5
C6
330
17
100
AcDbEntity
  8
HOLE
100
AcDbCircle
 10
397.3915361618928
 20
11.0
 30
0.0
 40
2.0
  0
CIRCLE
  5
C7
330
17
100
AcDbEntity
  8
HOLE
100
AcDbCircle
 10
403.4587369741381
 20
11.0
 30
0.0
 40
2.0
  0
CIRCLE
  5
C8
330
17
100
AcDbEntity
  8
HOLE
100
AcDbCircle
 10
409.52593778638345
 20
11.0
 30
0.0
 40
2.0
  0
CIRCLE
  5
C9
330
17
100
AcDbEntity
  8
HOLE
100
AcDbCircle
 10
415.5931385986287
 20
11.0
 30
0.0
 40
2.0
  0
CIRCLE
  5
CA
330
17
100
AcDbEntity
  8
HOLE
100
AcDbCircle
 10
421.66033941087403
 20
11.0
 30
0.0
 40
2.0
  0
CIRCLE
  5
CB
330
17
100
AcDbEntity
  8
HOLE
100
AcDbCircle
 10
427.72754022311926
 20
11.0
 30
0.0
 40
2.0
  0
CIRCLE
  5
CC
330
17
100
AcDbEntity
  8
HOLE
100
AcDbCircle
 10
433.79474103536455
 20
11.0
 30
0.0
 40
2.0
  0
CIRCLE
  5
CD
330
17
100
AcDbEntity
  8
HOLE
100
AcDbCircle
 10
439.86194184760984
 20
11.0
 30
0.0
 40
2.0
  0
CIRCLE
  5
CE
330
17
100
AcDbEntity
  8
HOLE
100
AcDbCircle
 10
445.92914265985513
 20
11.0
 30
0.0
 40
2.0
  0
CIRCLE
  5
CF
330
17
100
AcDbEntity
  8
HOLE
100
AcDbCircle
 10
451.9963434721005
 20
11.0
 30
0.0
 40
2.0
  0
CIRCLE
  5
D0
330
17
100
AcDbEntity
  8
HOLE
100
AcDbCircle
 10
458.0635442843457
 20
11.0
 30
0.0
 40
2.0
  0
CIRCLE
  5
D1
330
17
100
AcDbEntity
  8
HOLE
100
AcDbCircle
 10
464.130745096591
 20
11.0
 30
0.0
 40
2.0
  0
CIRCLE
  5
D2
330
17
100
AcDbEntity
  8
HOLE
100
AcDbCircle
 10
470.1979459088363
 20
11.0
 30
0.0
 40
2.0
  0
CIRCLE
  5
D3
330
17
100
AcDbEntity
  8
HOLE
100
AcDbCircle
 10
476.2651467210816
 20
11.0
 30
0.0
 40
2.0
  0
CIRCLE
  5
D4
330
17
100
AcDbEntity
  8
HOLE
100
AcDbCircle
 10
482.33234753332687
 20
11.0
 30
0.0
 40
2.0
  0
CIRCLE
  5
D5
330
17
100
AcDbEntity
  8
HOLE
100
AcDbCircle
 10
6.0672008122452885
 20
17.0
 30
0.0
 40
2.0
  0
CIRCLE
  5
D6
330
17
100
AcDbEntity
  8
HOLE
100
AcDbCircle
 10
12.134401624490577
 20
17.0
 30
0.0
 40
2.0
  0
CIRCLE
  5
D7
330
17
100
AcDbEntity
  8
HOLE
100
AcDbCircle
 10
18.201602436735865
 20
17.0
 30
0.0
 40
2.0
  0
CIRCLE
  5
D8
330
17
100
AcDbEntity
  8
HOLE
100
AcDbCircle
 10
24.268803248981154
 20
17.0
 30
0.0
 40
2.0
  0
CIRCLE
  5
D9
330
17
100
AcDbEntity
  8
HOLE
100
AcDbCircle
 10
30.33600406122644
 20
17.0
 30
0.0
 40
2.0
  0
CIRCLE
  5
DA
330
17
100
AcDbEntity
  8
HOLE
100
AcDbCircle
 10
36.40320487347173
 20
17.0
 30
0.0
 40
2.0
  0
CIRCLE
  5
DB
330
17
100
AcDbEntity
  8
HOLE
100
AcDbCircle
 10
42.47040568571701
 20
17.0
 30
0.0
 40
2.0
  0
CIRCLE
  5
DC
330
17
100
AcDbEntity
  8
HOLE
100
AcDbCircle
 10
48.53760649796231
 20
17.0
 30
0.0
 40
2.0
  0
CIRCLE
  5
DD
330
17
100
AcDbEntity
  8
HOLE
100
AcDbCircle
 10
54.60480731020759
 20
17.0
 30
0.0
 40
2.0
  0
CIRCLE
  5
DE
330
17
100
AcDbEntity
  8
HOLE
100
AcDbCircle
 10
60.67200812245288
 20
17.0
 30
0.0
 40
2.0
  0
CIRCLE
  5
DF
330
17
100
AcDbEntity
  8
HOLE
100
AcDbCircle
 10
66.73920893469817
 20
17.0
 30
0.0
 40
2.0
  0
CIRCLE
  5
E0
330
17
100
AcDbEntity
  8
HOLE
100
AcDbCircle
 10
72.80640974694346
 20
17.0
 30
0.0
 40
2.0
  0
CIRCLE
  5
E1
330
17
100
AcDbEntity
  8
HOLE
100
AcDbCircle
 10
78.87361055918875
 20
17.0
 30
0.0
 40
2.0
  0
CIRCLE
  5
E2
330
17
100
AcDbEntity
  8
HOLE
100
AcDbCircle
 10
84.94081137143402
 20
17.0
 30
0.0
 40
2.0
  0
CIRCLE
  5
E3
330
17
100
AcDbEntity
  8
HOLE
100
AcDbCircle
 10
91.00801218367931
 20
17.0
 30
0.0
 40
2.0
  0
CIRCLE
  5
E4
330
17
100
AcDbEntity
  8
HOLE
100
AcDbCircle
 10
97.07521299592462
 20
17.0
 30
0.0
 40
2.0
  0
CIRCLE
  5
E5
330
17
100
AcDbEntity
  8
HOLE
100
AcDbCircle
 10
103.14241380816989
 20
17.0
 30
0.0
 40
2.0
  0
CIRCLE
  5
E6
330
17
100
AcDbEntity
  8
HOLE
100
AcDbCircle
 10
109.20961462041518
 20
17.0
 30
0.0
 40
2.0
  0
CIRCLE
  5
E7
330
17
100
AcDbEntity
  8
HOLE
100
AcDbCircle
 10
115.27681543266047
 20
17.0
 30
0.0
 40
2.0
  0
CIRCLE
  5
E8
330
17
100
AcDbEntity
  8
HOLE
100
AcDbCircle
 10
121.34401624490576
 20
17.0
 30
0.0
 40
2.0
  0
CIRCLE
  5
E9
330
17
100
AcDbEntity
  8
HOLE
100
AcDbCircle
 10
127.41121705715105
 20
17.0
 30
0.0
 40
2.0
  0
CIRCLE
  5
EA
330
17
100
AcDbEntity
  8
HOLE
100
AcDbCircle
 10
133.47841786939634
 20
17.0
 30
0.0
 40
2.0
  0
CIRCLE
  5
EB
330
17
100
AcDbEntity
  8
HOLE
100
AcDbCircle
 10
139.5456186816416
 20
17.0
 30
0.0
 40
2.0
  0
CIRCLE
  5
EC
330
17
100
AcDbEntity
  8
HOLE
100
AcDbCircle
 10
145.61281949388692
 20
17.0
 30
0.0
 40
2.0
  0
CIRCLE
  5
ED
330
17
100
AcDbEntity
  8
HOLE
100
AcDbCircle
 10
151.6800203061322
 20
17.0
 30
0.0
 40
2.0
  0
CIRCLE
  5
EE
330
17
100
AcDbEntity
  8
HOLE
100
AcDbCircle
 10
157.7472211183775
 20
17.0
 30
0.0
 40
2.0
  0
CIRCLE
  5
EF
330
17
100
AcDbEntity
  8
HOLE
100
AcDbCircle
 10
163.81442193062279
 20
17.0
 30
0.0
 40
2.0
  0
CIRCLE
  5
F0
330
17
100
AcDbEntity
  8
HOLE
100
AcDbCircle
 10
169.88162274286805
 20
17.0
 30
0.0
 40
2.0
  0
CIRCLE
  5
F1
330
17
100
AcDbEntity
  8
HOLE
100
AcDbCircle
 10
175.94882355511334
 20
17.0
 30
0.0
 40
2.0
  0
CIRCLE
  5
F2
330
17
100
AcDbEntity
  8
HOLE
100
AcDbCircle
 10
182.01602436735863
 20
17.0
 30
0.0
 40
2.0
  0
CIRCLE
  5
F3
330
17
100
AcDbEntity
  8
HOLE
100
AcDbCircle
 10
188.08322517960394
 20
17.0
 30
0.0
 40
2.0
  0
CIRCLE
  5
F4
330
17
100
AcDbEntity
  8
HOLE
100
AcDbCircle
 10
194.15042599184923
 20
17.0
 30
0.0
 40
2.0
  0
CIRCLE
  5
F5
330
17
100
AcDbEntity
  8
HOLE
100
AcDbCircle
 10
200.2176268040945
 20
17.0
 30
0.0
 40
2.0
  0
CIRCLE
  5
F6
330
17
100
AcDbEntity
  8
HOLE
100
AcDbCircle
 10
206.28482761633978
 20
17.0
 30
0.0
 40
2.0
  0
CIRCLE
  5
F7
330
17
100
AcDbEntity
  8
HOLE
100
AcDbCircle
 10
212.35202842858507
 20
17.0
 30
0.0
 40
2.0
  0
CIRCLE
  5
F8
330
17
100
AcDbEntity
  8
HOLE
100
AcDbCircle
 10
218.41922924083036
 20
17.0
 30
0.0
 40
2.0
  0
CIRCLE
  5
F9
330
17
100
AcDbEntity
  8
HOLE
100
AcDbCircle
 10
224.48643005307568
 20
17.0
 30
0.0
 40
2.0
  0
CIRCLE
  5
FA
330
17
100
AcDbEntity
  8
HOLE
100
AcDbCircle
 10
230.55363086532094
 20
17.0
 30
0.0
 40
2.0
  0
CIRCLE
  5
FB
330
17
100
AcDbEntity
  8
HOLE
100
AcDbCircle
 10
236.62083167756623
 20
17.0
 30
0.0
 40
2.0
  0
CIRCLE
  5
FC
330
17
100
AcDbEntity
  8
HOLE
100
AcDbCircle
 10
242.68803248981152
 20
17.0
 30
0.0
 40
2.0
  0
CIRCLE
  5
FD
330
17
100
AcDbEntity
  8
HOLE
100
AcDbCircle
 10
248.75523330205678
 20
17.0
 30
0.0
 40
2.0
  0
CIRCLE
  5
FE
330
17
100
AcDbEntity
  8
HOLE
100
AcDbCircle
 10
254.8224341143021
 20
17.0
 30
0.0
 40
2.0
  0
CIRCLE
  5
FF
330
17
100
AcDbEntity
  8
HOLE
100
AcDbCircle
 10
260.8896349265474
 20
17.0
 30
0.0
 40
2.0
  0
CIRCLE
  5
100
330
17
100
AcDbEntity
  8
HOLE
100
AcDbCircle
 10
266.9568357387927
 20
17.0
 30
0.0
 40
2.0
  0
CIRCLE
  5
101
330
17
100
AcDbEntity
  8
HOLE
100
AcDbCircle
 10
273.02403655103797
 20
17.0
 30
0.0
 40
2.0
  0
CIRCLE
  5
102
330
17
100
AcDbEntity
  8
HOLE
100
AcDbCircle
 10
279.0912373632832
 20
17.0
 30
0.0
 40
2.0
  0
CIRCLE
  5
103
330
17
100
AcDbEntity
  8
HOLE
100
AcDbCircle
 10
285.15843817552854
 20
17.0
 30
0.0
 40
2.0
  0
CIRCLE
  5
104
330
17
100
AcDbEntity
  8
HOLE
100
AcDbCircle
 10
291.22563898777383
 20
17.0
 30
0.0
 40
2.0
  0
CIRCLE
  5
105
330
17
100
AcDbEntity
  8
HOLE
100
AcDbCircle
 10
297.2928398000191
 20
17.0
 30
0.0
 40
2.0
  0
CIRCLE
  5
106
330
17
100
AcDbEntity
  8
HOLE
100
AcDbCircle
 10
303.3600406122644
 20
17.0
 30
0.0
 40
2.0
  0
CIRCLE
  5
107
330
17
100
AcDbEntity
  8
HOLE
100
AcDbCircle
 10
309.42724142450965
 20
17.0
 30
0.0
 40
2.0
  0
CIRCLE
  5
108
330
17
100
AcDbEntity
  8
HOLE
100
AcDbCircle
 10
315.494442236755
 20
17.0
 30
0.0
 40
2.0
  0
CIRCLE
  5
109
330
17
100
AcDbEntity
  8
HOLE
100
AcDbCircle
 10
321.5616430490002
 20
17.0
 30
0.0
 40
2.0
  0
CIRCLE
  5
10A
330
17
100
AcDbEntity
  8
HOLE
100
AcDbCircle
 10
327.62884386124557
 20
17.0
 30
0.0
 40
2.0
  0
CIRCLE
  5
10B
330
17
100
AcDbEntity
  8
HOLE
100
AcDbCircle
 10
333.69604467349086
 20
17.0
 30
0.0
 40
2.0
  0
CIRCLE
  5
10C
330
17
100
AcDbEntity
  8
HOLE
100
AcDbCircle
 10
339.7632454857361
 20
17.0
 30
0.0
 40
2.0
  0
CIRCLE
  5
10D
330
17
100
AcDbEntity
  8
HOLE
100
AcDbCircle
 10
345.83044629798144
 20
17.0
 30
0.0
 40
2.0
  0
CIRCLE
  5
10E
330
17
100
AcDbEntity
  8
HOLE
100
AcDbCircle
 10
351.89764711022667
 20
17.0
 30
0.0
 40
2.0
  0
CIRCLE
  5
10F
330
17
100
AcDbEntity
  8
HOLE
100
AcDbCircle
 10
357.964847922472
 20
17.0
 30
0.0
 40
2.0
  0
CIRCLE
  5
110
330
17
100
AcDbEntity
  8
HOLE
100
AcDbCircle
 10
364.03204873471725
 20
17.0
 30
0.0
 40
2.0
  0
CIRCLE
  5
111
330
17
100
AcDbEntity
  8
HOLE
100
AcDbCircle
 10
370.09924954696254
 20
17.0
 30
0.0
 40
2.0
  0
CIRCLE
  5
112
330
17
100
AcDbEntity
  8
HOLE
100
AcDbCircle
 10
376.1664503592079
 20
17.0
 30
0.0
 40
2.0
  0
CIRCLE
  5
113
330
17
100
AcDbEntity
  8
HOLE
100
AcDbCircle
 10
382.2336511714531
 20
17.0
 30
0.0
 40
2.0
  0
CIRCLE
  5
114
330
17
100
AcDbEntity
  8
HOLE
100
AcDbCircle
 10
388.30085198369846
 20
17.0
 30
0.0
 40
2.0
  0
CIRCLE
  5
115
330
17
100
AcDbEntity
  8
HOLE
100
AcDbCircle
 10
394.3680527959437
 20
17.0
 30
0.0
 40
2.0
  0
CIRCLE
  5
116
330
17
100
AcDbEntity
  8
HOLE
100
AcDbCircle
 10
400.435253608189
 20
17.0
 30
0.0
 40
2.0
  0
CIRCLE
  5
117
330
17
100
AcDbEntity
  8
HOLE
100
AcDbCircle
 10
406.50245442043433
 20
17.0
 30
0.0
 40
2.0
  0
CIRCLE
  5
118
330
17
100
AcDbEntity
  8
HOLE
100
AcDbCircle
 10
412.56965523267957
 20
17.0
 30
0.0
 40
2.0
  0
CIRCLE
  5
119
330
17
100
AcDbEntity
  8
HOLE
100
AcDbCircle
 10
418.6368560449249
 20
17.0
 30
0.0
 40
2.0
  0
CIRCLE
  5
11A
330
17
100
AcDbEntity
  8
HOLE
100
AcDbCircle
 10
424.70405685717014
 20
17.0
 30
0.0
 40
2.0
  0
CIRCLE
  5
11B
330
17
100
AcDbEntity
  8
HOLE
100
AcDbCircle
 10
430.77125766941543
 20
17.0
 30
0.0
 40
2.0
  0
CIRCLE
  5
11C
330
17
100
AcDbEntity
  8
HOLE
100
AcDbCircle
 10
436.8384584816607
 20
17.0
 30
0.0
 40
2.0
  0
CIRCLE
  5
11D
330
17
100
AcDbEntity
  8
HOLE
100
AcDbCircle
 10
442.905659293906
 20
17.0
 30
0.0
 40
2.0
  0
CIRCLE
  5
11E
330
17
100
AcDbEntity
  8
HOLE
100
AcDbCircle
 10
448.97286010615136
 20
17.0
 30
0.0
 40
2.0
  0
CIRCLE
  5
11F
330
17
100
AcDbEntity
  8
HOLE
100
AcDbCircle
 10
455.0400609183966
 20
17.0
 30
0.0
 40
2.0
  0
CIRCLE
  5
120
330
17
100
AcDbEntity
  8
HOLE
100
AcDbCircle
 10
461.1072617306419
 20
17.0
 30
0.0
 40
2.0
  0
CIRCLE
  5
121
330
17
100
AcDbEntity
  8
HOLE
100
AcDbCircle
 10
467.17446254288717
 20
17.0
 30
0.0
 40
2.0
  0
CIRCLE
  5
122
330
17
100
AcDbEntity
  8
HOLE
100
AcDbCircle
 10
473.24166335513246
 20
17.0
 30
0.0
 40
2.0
  0
CIRCLE
  5
123
330
17
100
AcDbEntity
  8
HOLE
100
AcDbCircle
 10
479.30886416737775
 20
17.0
 30
0.0
 40
2.0
  0
CIRCLE
  5
124
330
17
100
AcDbEntity
  8
HOLE
100
AcDbCircle
 10
3.0234833659491196
 20
23.0
 30
0.0
 40
2.0
  0
CIRCLE
  5
125
330
17
100
AcDbEntity
  8
HOLE
100
AcDbCircle
 10
9.090684178194408
 20
23.0
 30
0.0
 40
2.0
  0
CIRCLE
  5
126
330
17
100
AcDbEntity
  8
HOLE
100
AcDbCircle
 10
15.157884990439698
 20
23.0
 30
0.0
 40
2.0
  0
CIRCLE
  5
127
330
17
100
AcDbEntity
  8
HOLE
100
AcDbCircle
 10
21.225085802684983
 20
23.0
 30
0.0
 40
2.0
  0
CIRCLE
  5
128
330
17
100
AcDbEntity
  8
HOLE
100
AcDbCircle
 10
27.292286614930273
 20
23.0
 30
0.0
 40
2.0
  0
CIRCLE
  5
129
330
17
100
AcDbEntity
  8
HOLE
100
AcDbCircle
 10
33.35948742717556
 20
23.0
 30
0.0
 40
2.0
  0
CIRCLE
  5
12A
330
17
100
AcDbEntity
  8
HOLE
100
AcDbCircle
 10
39.42668823942085
 20
23.0
 30
0.0
 40
2.0
  0
CIRCLE
  5
12B
330
17
100
AcDbEntity
  8
HOLE
100
AcDbCircle
 10
45.49388905166613
 20
23.0
 30
0.0
 40
2.0
  0
CIRCLE
  5
12C
330
17
100
AcDbEntity
  8
HOLE
100
AcDbCircle
 10
51.56108986391143
 20
23.0
 30
0.0
 40
2.0
  0
CIRCLE
  5
12D
330
17
100
AcDbEntity
  8
HOLE
100
AcDbCircle
 10
57.62829067615671
 20
23.0
 30
0.0
 40
2.0
  0
CIRCLE
  5
12E
330
17
100
AcDbEntity
  8
HOLE
100
AcDbCircle
 10
63.695491488402
 20
23.0
 30
0.0
 40
2.0
  0
CIRCLE
  5
12F
330
17
100
AcDbEntity
  8
HOLE
100
AcDbCircle
 10
69.76269230064729
 20
23.0
 30
0.0
 40
2.0
  0
CIRCLE
  5
130
330
17
100
AcDbEntity
  8
HOLE
100
AcDbCircle
 10
75.82989311289258
 20
23.0
 30
0.0
 40
2.0
  0
CIRCLE
  5
131
330
17
100
AcDbEntity
  8
HOLE
100
AcDbCircle
 10
81.89709392513787
 20
23.0
 30
0.0
 40
2.0
  0
CIRCLE
  5
132
330
17
100
AcDbEntity
  8
HOLE
100
AcDbCircle
 10
87.96429473738314
 20
23.0
 30
0.0
 40
2.0
  0
CIRCLE
  5
133
330
17
100
AcDbEntity
  8
HOLE
100
AcDbCircle
 10
94.03149554962843
 20
23.0
 30
0.0
 40
2.0
  0
CIRCLE
  5
134
330
17
100
AcDbEntity
  8
HOLE
100
AcDbCircle
 10
100.09869636187373
 20
23.0
 30
0.0
 40
2.0
  0
CIRCLE
  5
135
330
17
100
AcDbEntity
  8
HOLE
100
AcDbCircle
 10
106.16589717411901
 20
23.0
 30
0.0
 40
2.0
  0
CIRCLE
  5
136
330
17
100
AcDbEntity
  8
HOLE
100
AcDbCircle
 10
112.2330979863643
 20
23.0
 30
0.0
 40
2.0
  0
CIRCLE
  5
137
330
17
100
AcDbEntity
  8
HOLE
100
AcDbCircle
 10
118.30029879860959
 20
23.0
 30
0.0
 40
2.0
  0
CIRCLE
  5
138
330
17
100
AcDbEntity
  8
HOLE
100
AcDbCircle
 10
124.36749961085488
 20
23.0
 30
0.0
 40
2.0
  0
CIRCLE
  5
139
330
17
100
AcDbEntity
  8
HOLE
100
AcDbCircle
 10
130.43470042310017
 20
23.0
 30
0.0
 40
2.0
  0
CIRCLE
  5
13A
330
17
100
AcDbEntity
  8
HOLE
100
AcDbCircle
 10
136.50190123534546
 20
23.0
 30
0.0
 40
2.0
  0
CIRCLE
  5
13B
330
17
100
AcDbEntity
  8
HOLE
100
AcDbCircle
 10
142.56910204759072
 20
23.0
 30
0.0
 40
2.0
  0
CIRCLE
  5
13C
330
17
100
AcDbEntity
  8
HOLE
100
AcDbCircle
 10
148.63630285983604
 20
23.0
 30
0.0
 40
2.0
  0
CIRCLE
  5
13D
330
17
100
AcDbEntity
  8
HOLE
100
AcDbCircle
 10
154.70350367208133
 20
23.0
 30
0.0
 40
2.0
  0
CIRCLE
  5
13E
330
17
100
AcDbEntity
  8
HOLE
100
AcDbCircle
 10
160.77070448432661
 20
23.0
 30
0.0
 40
2.0
  0
CIRCLE
  5
13F
330
17
100
AcDbEntity
  8
HOLE
100
AcDbCircle
 10
166.8379052965719
 20
23.0
 30
0.0
 40
2.0
  0
CIRCLE
  5
140
330
17
100
AcDbEntity
  8
HOLE
100
AcDbCircle
 10
172.90510610881717
 20
23.0
 30
0.0
 40
2.0
  0
CIRCLE
  5
141
330
17
100
AcDbEntity
  8
HOLE
100
AcDbCircle
 10
178.97230692106245
 20
23.0
 30
0.0
 40
2.0
  0
CIRCLE
  5
142
330
17
100
AcDbEntity
  8
HOLE
100
AcDbCircle
 10
185.03950773330774
 20
23.0
 30
0.0
 40
2.0
  0
CIRCLE
  5
143
330
17
100
AcDbEntity
  8
HOLE
100
AcDbCircle
 10
191.10670854555306
 20
23.0
 30
0.0
 40
2.0
  0
CIRCLE
  5
144
330
17
100
AcDbEntity
  8
HOLE
100
AcDbCircle
 10
197.17390935779835
 20
23.0
 30
0.0
 40
2.0
  0
CIRCLE
  5
145
330
17
100
AcDbEntity
  8
HOLE
100
AcDbCircle
 10
203.2411101700436
 20
23.0
 30
0.0
 40
2.0
  0
CIRCLE
  5
146
330
17
100
AcDbEntity
  8
HOLE
100
AcDbCircle
 10
209.3083109822889
 20
23.0
 30
0.0
 40
2.0
  0
CIRCLE
  5
147
330
17
100
AcDbEntity
  8
HOLE
100
AcDbCircle
 10
215.3755117945342
 20
23.0
 30
0.0
 40
2.0
  0
CIRCLE
  5
148
330
17
100
AcDbEntity
  8
HOLE
100
AcDbCircle
 10
221.44271260677948
 20
23.0
 30
0.0
 40
2.0
  0
CIRCLE
  5
149
330
17
100
AcDbEntity
  8
HOLE
100
AcDbCircle
 10
227.5099134190248
 20
23.0
 30
0.0
 40
2.0
  0
CIRCLE
  5
14A
330
17
100
AcDbEntity
  8
HOLE
100
AcDbCircle
 10
233.57711423127006
 20
23.0
 30
0.0
 40
2.0
  0
CIRCLE
  5
14B
330
17
100
AcDbEntity
  8
HOLE
100
AcDbCircle
 10
239.64431504351535
 20
23.0
 30
0.0
 40
2.0
  0
CIRCLE
  5
14C
330
17
100
AcDbEntity
  8
HOLE
100
AcDbCircle
 10
245.71151585576064
 20
23.0
 30
0.0
 40
2.0
  0
CIRCLE
  5
14D
330
17
100
AcDbEntity
  8
HOLE
100
AcDbCircle
 10
251.7787166680059
 20
23.0
 30
0.0
 40
2.0
  0
CIRCLE
  5
14E
330
17
100
AcDbEntity
  8
HOLE
100
AcDbCircle
 10
257.8459174802512
 20
23.0
 30
0.0
 40
2.0
  0
CIRCLE
  5
14F
330
17
100
AcDbEntity
  8
HOLE
100
AcDbCircle
 10
263.9131182924965
 20
23.0
 30
0.0
 40
2.0
  0
CIRCLE
  5
150
330
17
100
AcDbEntity
  8
HOLE
100
AcDbCircle
 10
269.9803191047418
 20
23.0
 30
0.0
 40
2.0
  0
CIRCLE
  5
151
330
17
100
AcDbEntity
  8
HOLE
100
AcDbCircle
 10
276.0475199169871
 20
23.0
 30
0.0
 40
2.0
  0
CIRCLE
  5
152
330
17
100
AcDbEntity
  8
HOLE
100
AcDbCircle
 10
282.1147207292323
 20
23.0
 30
0.0
 40
2.0
  0
CIRCLE
  5
153
330
17
100
AcDbEntity
  8
HOLE
100
AcDbCircle
 10
288.18192154147766
 20
23.0
 30
0.0
 40
2.0
  0
CIRCLE
  5
154
330
17
100
AcDbEntity
  8
HOLE
100
AcDbCircle
 10
294.24912235372295
 20
23.0
 30
0.0
 40
2.0
  0
CIRCLE
  5
155
330
17
100
AcDbEntity
  8
HOLE
100
AcDbCircle
 10
300.31632316596824
 20
23.0
 30
0.0
 40
2.0
  0
CIRCLE
  5
156
330
17
100
AcDbEntity
  8
HOLE
100
AcDbCircle
 10
306.38352397821353
 20
23.0
 30
0.0
 40
2.0
  0
CIRCLE
  5
157
330
17
100
AcDbEntity
  8
HOLE
100
AcDbCircle
 10
312.45072479045876
 20
23.0
 30
0.0
 40
2.0
  0
CIRCLE
  5
158
330
17
100
AcDbEntity
  8
HOLE
100
AcDbCircle
 10
318.5179256027041
 20
23.0
 30
0.0
 40
2.0
  0
CIRCLE
  5
159
330
17
100
AcDbEntity
  8
HOLE
100
AcDbCircle
 10
324.58512641494934
 20
23.0
 30
0.0
 40
2.0
  0
CIRCLE
  5
15A
330
17
100
AcDbEntity
  8
HOLE
100
AcDbCircle
 10
330.6523272271947
 20
23.0
 30
0.0
 40
2.0
  0
CIRCLE
  5
15B
330
17
100
AcDbEntity
  8
HOLE
100
AcDbCircle
 10
336.71952803944
 20
23.0
 30
0.0
 40
2.0
  0
CIRCLE
  5
15C
330
17
100
AcDbEntity
  8
HOLE
100
AcDbCircle
 10
342.7867288516852
 20
23.0
 30
0.0
 40
2.0
  0
CIRCLE
  5
15D
330
17
100
AcDbEntity
  8
HOLE
100
AcDbCircle
 10
348.85392966393056
 20
23.0
 30
0.0
 40
2.0
  0
CIRCLE
  5
15E
330
17
100
AcDbEntity
  8
HOLE
100
AcDbCircle
 10
354.9211304761758
 20
23.0
 30
0.0
 40
2.0
  0
CIRCLE
  5
15F
330
17
100
AcDbEntity
  8
HOLE
100
AcDbCircle
 10
360.98833128842114
 20
23.0
 30
0.0
 40
2.0
  0
CIRCLE
  5
160
330
17
100
AcDbEntity
  8
HOLE
100
AcDbCircle
 10
367.05553210066637
 20
23.0
 30
0.0
 40
2.0
  0
CIRCLE
  5
161
330
17
100
AcDbEntity
  8
HOLE
100
AcDbCircle
 10
373.12273291291166
 20
23.0
 30
0.0
 40
2.0
  0
CIRCLE
  5
162
330
17
100
AcDbEntity
  8
HOLE
100
AcDbCircle
 10
379.189933725157
 20
23.0
 30
0.0
 40
2.0
  0
CIRCLE
  5
163
330
17
100
AcDbEntity
  8
HOLE
100
AcDbCircle
 10
385.25713453740224
 20
23.0
 30
0.0
 40
2.0
  0
CIRCLE
  5
164
330
17
100
AcDbEntity
  8
HOLE
100
AcDbCircle
 10
391.3243353496476
 20
23.0
 30
0.0
 40
2.0
  0
CIRCLE
  5
165
330
17
100
AcDbEntity
  8
HOLE
100
AcDbCircle
 10
397.3915361618928
 20
23.0
 30
0.0
 40
2.0
  0
CIRCLE
  5
166
330
17
100
AcDbEntity
  8
HOLE
100
AcDbCircle
 10
403.4587369741381
 20
23.0
 30
0.0
 40
2.0
  0
CIRCLE
  5
167
330
17
100
AcDbEntity
  8
HOLE
100
AcDbCircle
 10
409.52593778638345
 20
23.0
 30
0.0
 40
2.0
  0
CIRCLE
  5
168
330
17
100
AcDbEntity
  8
HOLE
100
AcDbCircle
 10
415.5931385986287
 20
23.0
 30
0.0
 40
2.0
  0
CIRCLE
  5
169
330
17
100
AcDbEntity
  8
HOLE
100
AcDbCircle
 10
421.66033941087403
 20
23.0
 30
0.0
 40
2.0
  0
CIRCLE
  5
16A
330
17
100
AcDbEntity
  8
HOLE
100
AcDbCircle
 10
427.72754022311926
 20
23.0
 30
0.0
 40
2.0
  0
CIRCLE
  5
16B
330
17
100
AcDbEntity
  8
HOLE
100
AcDbCircle
 10
433.79474103536455
 20
23.0
 30
0.0
 40
2.0
  0
CIRCLE
  5
16C
330
17
100
AcDbEntity
  8
HOLE
100
AcDbCircle
 10
439.86194184760984
 20
23.0
 30
0.0
 40
2.0
  0
CIRCLE
  5
16D
330
17
100
AcDbEntity
  8
HOLE
100
AcDbCircle
 10
445.92914265985513
 20
23.0
 30
0.0
 40
2.0
  0
CIRCLE
  5
16E
330
17
100
AcDbEntity
  8
HOLE
100
AcDbCircle
 10
451.9963434721005
 20
23.0
 30
0.0
 40
2.0
  0
CIRCLE
  5
16F
330
17
100
AcDbEntity
  8
HOLE
100
AcDbCircle
 10
458.0635442843457
 20
23.0
 30
0.0
 40
2.0
  0
CIRCLE
  5
170
330
17
100
AcDbEntity
  8
HOLE
100
AcDbCircle
 10
464.130745096591
 20
23.0
 30
0.0
 40
2.0
  0
CIRCLE
  5
171
330
17
100
AcDbEntity
  8
HOLE
100
AcDbCircle
 10
470.1979459088363
 20
23.0
 30
0.0
 40
2.0
  0
CIRCLE
  5
172
330
17
100
AcDbEntity
  8
HOLE
100
AcDbCircle
 10
476.2651467210816
 20
23.0
 30
0.0
 40
2.0
  0
CIRCLE
  5
173
330
17
100
AcDbEntity
  8
HOLE
100
AcDbCircle
 10
482.33234753332687
 20
23.0
 30
0.0
 40
2.0
  0
CIRCLE
  5
174
330
17
100
AcDbEntity
  8
HOLE
100
AcDbCircle
 10
6.0672008122452885
 20
29.0
 30
0.0
 40
2.0
  0
CIRCLE
  5
175
330
17
100
AcDbEntity
  8
HOLE
100
AcDbCircle
 10
12.134401624490577
 20
29.0
 30
0.0
 40
2.0
  0
CIRCLE
  5
176
330
17
100
AcDbEntity
  8
HOLE
100
AcDbCircle
 10
18.201602436735865
 20
29.0
 30
0.0
 40
2.0
  0
CIRCLE
  5
177
330
17
100
AcDbEntity
  8
HOLE
100
AcDbCircle
 10
24.268803248981154
 20
29.0
 30
0.0
 40
2.0
  0
CIRCLE
  5
178
330
17
100
AcDbEntity
  8
HOLE
100
AcDbCircle
 10
30.33600406122644
 20
29.0
 30
0.0
 40
2.0
  0
CIRCLE
  5
179
330
17
100
AcDbEntity
  8
HOLE
100
AcDbCircle
 10
36.40320487347173
 20
29.0
 30
0.0
 40
2.0
  0
CIRCLE
  5
17A
330
17
100
AcDbEntity
  8
HOLE
100
AcDbCircle
 10
42.47040568571701
 20
29.0
 30
0.0
 40
2.0
  0
CIRCLE
  5
17B
330
17
100
AcDbEntity
  8
HOLE
100
AcDbCircle
 10
48.53760649796231
 20
29.0
 30
0.0
 40
2.0
  0
CIRCLE
  5
17C
330
17
100
AcDbEntity
  8
HOLE
100
AcDbCircle
 10
54.60480731020759
 20
29.0
 30
0.0
 40
2.0
  0
CIRCLE
  5
17D
330
17
100
AcDbEntity
  8
HOLE
100
AcDbCircle
 10
60.67200812245288
 20
29.0
 30
0.0
 40
2.0
  0
CIRCLE
  5
17E
330
17
100
AcDbEntity
  8
HOLE
100
AcDbCircle
 10
66.73920893469817
 20
29.0
 30
0.0
 40
2.0
  0
CIRCLE
  5
17F
330
17
100
AcDbEntity
  8
HOLE
100
AcDbCircle
 10
72.80640974694346
 20
29.0
 30
0.0
 40
2.0
  0
CIRCLE
  5
180
330
17
100
AcDbEntity
  8
HOLE
100
AcDbCircle
 10
78.87361055918875
 20
29.0
 30
0.0
 40
2.0
  0
CIRCLE
  5
181
330
17
100
AcDbEntity
  8
HOLE
100
AcDbCircle
 10
84.94081137143402
 20
29.0
 30
0.0
 40
2.0
  0
CIRCLE
  5
182
330
17
100
AcDbEntity
  8
HOLE
100
AcDbCircle
 10
91.00801218367931
 20
29.0
 30
0.0
 40
2.0
  0
CIRCLE
  5
183
330
17
100
AcDbEntity
  8
HOLE
100
AcDbCircle
 10
97.07521299592462
 20
29.0
 30
0.0
 40
2.0
  0
CIRCLE
  5
184
330
17
100
AcDbEntity
  8
HOLE
100
AcDbCircle
 10
103.14241380816989
 20
29.0
 30
0.0
 40
2.0
  0
CIRCLE
  5
185
330
17
100
AcDbEntity
  8
HOLE
100
AcDbCircle
 10
109.20961462041518
 20
29.0
 30
0.0
 40
2.0
  0
CIRCLE
  5
186
330
17
100
AcDbEntity
  8
HOLE
100
AcDbCircle
 10
115.27681543266047
 20
29.0
 30
0.0
 40
2.0
  0
CIRCLE
  5
187
330
17
100
AcDbEntity
  8
HOLE
100
AcDbCircle
 10
121.34401624490576
 20
29.0
 30
0.0
 40
2.0
  0
CIRCLE
  5
188
330
17
100
AcDbEntity
  8
HOLE
100
AcDbCircle
 10
127.41121705715105
 20
29.0
 30
0.0
 40
2.0
  0
CIRCLE
  5
189
330
17
100
AcDbEntity
  8
HOLE
100
AcDbCircle
 10
133.47841786939634
 20
29.0
 30
0.0
 40
2.0
  0
CIRCLE
  5
18A
330
17
100
AcDbEntity
  8
HOLE
100
AcDbCircle
 10
139.5456186816416
 20
29.0
 30
0.0
 40
2.0
  0
CIRCLE
  5
18B
330
17
100
AcDbEntity
  8
HOLE
100
AcDbCircle
 10
145.61281949388692
 20
29.0
 30
0.0
 40
2.0
  0
CIRCLE
  5
18C
330
17
100
AcDbEntity
  8
HOLE
100
AcDbCircle
 10
151.6800203061322
 20
29.0
 30
0.0
 40
2.0
  0
CIRCLE
  5
18D
330
17
100
AcDbEntity
  8
HOLE
100
AcDbCircle
 10
157.7472211183775
 20
29.0
 30
0.0
 40
2.0
  0
CIRCLE
  5
18E
330
17
100
AcDbEntity
  8
HOLE
100
AcDbCircle
 10
163.81442193062279
 20
29.0
 30
0.0
 40
2.0
  0
CIRCLE
  5
18F
330
17
100
AcDbEntity
  8
HOLE
100
AcDbCircle
 10
169.88162274286805
 20
29.0
 30
0.0
 40
2.0
  0
CIRCLE
  5
190
330
17
100
AcDbEntity
  8
HOLE
100
AcDbCircle
 10
175.94882355511334
 20
29.0
 30
0.0
 40
2.0
  0
CIRCLE
  5
191
330
17
100
AcDbEntity
  8
HOLE
100
AcDbCircle
 10
182.01602436735863
 20
29.0
 30
0.0
 40
2.0
  0
CIRCLE
  5
192
330
17
100
AcDbEntity
  8
HOLE
100
AcDbCircle
 10
188.08322517960394
 20
29.0
 30
0.0
 40
2.0
  0
CIRCLE
  5
193
330
17
100
AcDbEntity
  8
HOLE
100
AcDbCircle
 10
194.15042599184923
 20
29.0
 30
0.0
 40
2.0
  0
CIRCLE
  5
194
330
17
100
AcDbEntity
  8
HOLE
100
AcDbCircle
 10
200.2176268040945
 20
29.0
 30
0.0
 40
2.0
  0
CIRCLE
  5
195
330
17
100
AcDbEntity
  8
HOLE
100
AcDbCircle
 10
206.28482761633978
 20
29.0
 30
0.0
 40
2.0
  0
CIRCLE
  5
196
330
17
100
AcDbEntity
  8
HOLE
100
AcDbCircle
 10
212.35202842858507
 20
29.0
 30
0.0
 40
2.0
  0
CIRCLE
  5
197
330
17
100
AcDbEntity
  8
HOLE
100
AcDbCircle
 10
218.41922924083036
 20
29.0
 30
0.0
 40
2.0
  0
CIRCLE
  5
198
330
17
100
AcDbEntity
  8
HOLE
100
AcDbCircle
 10
224.48643005307568
 20
29.0
 30
0.0
 40
2.0
  0
CIRCLE
  5
199
330
17
100
AcDbEntity
  8
HOLE
100
AcDbCircle
 10
230.55363086532094
 20
29.0
 30
0.0
 40
2.0
  0
CIRCLE
  5
19A
330
17
100
AcDbEntity
  8
HOLE
100
AcDbCircle
 10
236.62083167756623
 20
29.0
 30
0.0
 40
2.0
  0
CIRCLE
  5
19B
330
17
100
AcDbEntity
  8
HOLE
100
AcDbCircle
 10
242.68803248981152
 20
29.0
 30
0.0
 40
2.0
  0
CIRCLE
  5
19C
330
17
100
AcDbEntity
  8
HOLE
100
AcDbCircle
 10
248.75523330205678
 20
29.0
 30
0.0
 40
2.0
  0
CIRCLE
  5
19D
330
17
100
AcDbEntity
  8
HOLE
100
AcDbCircle
 10
254.8224341143021
 20
29.0
 30
0.0
 40
2.0
  0
CIRCLE
  5
19E
330
17
100
AcDbEntity
  8
HOLE
100
AcDbCircle
 10
260.8896349265474
 20
29.0
 30
0.0
 40
2.0
  0
CIRCLE
  5
19F
330
17
100
AcDbEntity
  8
HOLE
100
AcDbCircle
 10
266.9568357387927
 20
29.0
 30
0.0
 40
2.0
  0
CIRCLE
  5
1A0
330
17
100
AcDbEntity
  8
HOLE
100
AcDbCircle
 10
273.02403655103797
 20
29.0
 30
0.0
 40
2.0
  0
CIRCLE
  5
1A1
330
17
100
AcDbEntity
  8
HOLE
100
AcDbCircle
 10
279.0912373632832
 20
29.0
 30
0.0
 40
2.0
  0
CIRCLE
  5
1A2
330
17
100
AcDbEntity
  8
HOLE
100
AcDbCircle
 10
285.15843817552854
 20
29.0
 30
0.0
 40
2.0
  0
CIRCLE
  5
1A3
330
17
100
AcDbEntity
  8
HOLE
100
AcDbCircle
 10
291.22563898777383
 20
29.0
 30
0.0
 40
2.0
  0
CIRCLE
  5
1A4
330
17
100
AcDbEntity
  8
HOLE
100
AcDbCircle
 10
297.2928398000191
 20
29.0
 30
0.0
 40
2.0
  0
CIRCLE
  5
1A5
330
17
100
AcDbEntity
  8
HOLE
100
AcDbCircle
 10
303.3600406122644
 20
29.0
 30
0.0
 40
2.0
  0
CIRCLE
  5
1A6
330
17
100
AcDbEntity
  8
HOLE
100
AcDbCircle
 10
309.42724142450965
 20
29.0
 30
0.0
 40
2.0
  0
CIRCLE
  5
1A7
330
17
100
AcDbEntity
  8
HOLE
100
AcDbCircle
 10
315.494442236755
 20
29.0
 30
0.0
 40
2.0
  0
CIRCLE
  5
1A8
330
17
100
AcDbEntity
  8
HOLE
100
AcDbCircle
 10
321.5616430490002
 20
29.0
 30
0.0
 40
2.0
  0
CIRCLE
  5
1A9
330
17
100
AcDbEntity
  8
HOLE
100
AcDbCircle
 10
327.62884386124557
 20
29.0
 30
0.0
 40
2.0
  0
CIRCLE
  5
1AA
330
17
100
AcDbEntity
  8
HOLE
100
AcDbCircle
 10
333.69604467349086
 20
29.0
 30
0.0
 40
2.0
  0
CIRCLE
  5
1AB
330
17
100
AcDbEntity
  8
HOLE
100
AcDbCircle
 10
339.7632454857361
 20
29.0
 30
0.0
 40
2.0
  0
CIRCLE
  5
1AC
330
17
100
AcDbEntity
  8
HOLE
100
AcDbCircle
 10
345.83044629798144
 20
29.0
 30
0.0
 40
2.0
  0
CIRCLE
  5
1AD
330
17
100
AcDbEntity
  8
HOLE
100
AcDbCircle
 10
351.89764711022667
 20
29.0
 30
0.0
 40
2.0
  0
CIRCLE
  5
1AE
330
17
100
AcDbEntity
  8
HOLE
100
AcDbCircle
 10
357.964847922472
 20
29.0
 30
0.0
 40
2.0
  0
CIRCLE
  5
1AF
330
17
100
AcDbEntity
  8
HOLE
100
AcDbCircle
 10
364.03204873471725
 20
29.0
 30
0.0
 40
2.0
  0
CIRCLE
  5
1B0
330
17
100
AcDbEntity
  8
HOLE
100
AcDbCircle
 10
370.09924954696254
 20
29.0
 30
0.0
 40
2.0
  0
CIRCLE
  5
1B1
330
17
100
AcDbEntity
  8
HOLE
100
AcDbCircle
 10
376.1664503592079
 20
29.0
 30
0.0
 40
2.0
  0
CIRCLE
  5
1B2
330
17
100
AcDbEntity
  8
HOLE
100
AcDbCircle
 10
382.2336511714531
 20
29.0
 30
0.0
 40
2.0
  0
CIRCLE
  5
1B3
330
17
100
AcDbEntity
  8
HOLE
100
AcDbCircle
 10
388.30085198369846
 20
29.0
 30
0.0
 40
2.0
  0
CIRCLE
  5
1B4
330
17
100
AcDbEntity
  8
HOLE
100
AcDbCircle
 10
394.3680527959437
 20
29.0
 30
0.0
 40
2.0
  0
CIRCLE
  5
1B5
330
17
100
AcDbEntity
  8
HOLE
100
AcDbCircle
 10
400.435253608189
 20
29.0
 30
0.0
 40
2.0
  0
CIRCLE
  5
1B6
330
17
100
AcDbEntity
  8
HOLE
100
AcDbCircle
 10
406.50245442043433
 20
29.0
 30
0.0
 40
2.0
  0
CIRCLE
  5
1B7
330
17
100
AcDbEntity
  8
HOLE
100
AcDbCircle
 10
412.56965523267957
 20
29.0
 30
0.0
 40
2.0
  0
CIRCLE
  5
1B8
330
17
100
AcDbEntity
  8
HOLE
100
AcDbCircle
 10
418.6368560449249
 20
29.0
 30
0.0
 40
2.0
  0
CIRCLE
  5
1B9
330
17
100
AcDbEntity
  8
HOLE
100
AcDbCircle
 10
424.70405685717014
 20
29.0
 30
0.0
 40
2.0
  0
CIRCLE
  5
1BA
330
17
100
AcDbEntity
  8
HOLE
100
AcDbCircle
 10
430.77125766941543
 20
29.0
 30
0.0
 40
2.0
  0
CIRCLE
  5
1BB
330
17
100
AcDbEntity
  8
HOLE
100
AcDbCircle
 10
436.8384584816607
 20
29.0
 30
0.0
 40
2.0
  0
CIRCLE
  5
1BC
330
17
100
AcDbEntity
  8
HOLE
100
AcDbCircle
 10
442.905659293906
 20
29.0
 30
0.0
 40
2.0
  0
CIRCLE
  5
1BD
330
17
100
AcDbEntity
  8
HOLE
100
AcDbCircle
 10
448.97286010615136
 20
29.0
 30
0.0
 40
2.0
  0
CIRCLE
  5
1BE
330
17
100
AcDbEntity
  8
HOLE
100
AcDbCircle
 10
455.0400609183966
 20
29.0
 30
0.0
 40
2.0
  0
CIRCLE
  5
1BF
330
17
100
AcDbEntity
  8
HOLE
100
AcDbCircle
 10
461.1072617306419
 20
29.0
 30
0.0
 40
2.0
  0
CIRCLE
  5
1C0
330
17
100
AcDbEntity
  8
HOLE
100
AcDbCircle
 10
467.17446254288717
 20
29.0
 30
0.0
 40
2.0
  0
CIRCLE
  5
1C1
330
17
100
AcDbEntity
  8
HOLE
100
AcDbCircle
 10
473.24166335513246
 20
29.0
 30
0.0
 40
2.0
  0
CIRCLE
  5
1C2
330
17
100
AcDbEntity
  8
HOLE
100
AcDbCircle
 10
479.30886416737775
 20
29.0
 30
0.0
 40
2.0
  0
CIRCLE
  5
1C3
330
17
100
AcDbEntity
  8
HOLE
100
AcDbCircle
 10
3.0234833659491196
 20
35.0
 30
0.0
 40
2.0
  0
CIRCLE
  5
1C4
330
17
100
AcDbEntity
  8
HOLE
100
AcDbCircle
 10
9.090684178194408
 20
35.0
 30
0.0
 40
2.0
  0
CIRCLE
  5
1C5
330
17
100
AcDbEntity
  8
HOLE
100
AcDbCircle
 10
15.157884990439698
 20
35.0
 30
0.0
 40
2.0
  0
CIRCLE
  5
1C6
330
17
100
AcDbEntity
  8
HOLE
100
AcDbCircle
 10
21.225085802684983
 20
35.0
 30
0.0
 40
2.0
  0
CIRCLE
  5
1C7
330
17
100
AcDbEntity
  8
HOLE
100
AcDbCircle
 10
27.292286614930273
 20
35.0
 30
0.0
 40
2.0
  0
CIRCLE
  5
1C8
330
17
100
AcDbEntity
  8
HOLE
100
AcDbCircle
 10
33.35948742717556
 20
35.0
 30
0.0
 40
2.0
  0
CIRCLE
  5
1C9
330
17
100
AcDbEntity
  8
HOLE
100
AcDbCircle
 10
39.42668823942085
 20
35.0
 30
0.0
 40
2.0
  0
CIRCLE
  5
1CA
330
17
100
AcDbEntity
  8
HOLE
100
AcDbCircle
 10
45.49388905166613
 20
35.0
 30
0.0
 40
2.0
  0
CIRCLE
  5
1CB
330
17
100
AcDbEntity
  8
HOLE
100
AcDbCircle
 10
51.56108986391143
 20
35.0
 30
0.0
 40
2.0
  0
CIRCLE
  5
1CC
330
17
100
AcDbEntity
  8
HOLE
100
AcDbCircle
 10
57.62829067615671
 20
35.0
 30
0.0
 40
2.0
  0
CIRCLE
  5
1CD
330
17
100
AcDbEntity
  8
HOLE
100
AcDbCircle
 10
63.695491488402
 20
35.0
 30
0.0
 40
2.0
  0
CIRCLE
  5
1CE
330
17
100
AcDbEntity
  8
HOLE
100
AcDbCircle
 10
69.76269230064729
 20
35.0
 30
0.0
 40
2.0
  0
CIRCLE
  5
1CF
330
17
100
AcDbEntity
  8
HOLE
100
AcDbCircle
 10
75.82989311289258
 20
35.0
 30
0.0
 40
2.0
  0
CIRCLE
  5
1D0
330
17
100
AcDbEntity
  8
HOLE
100
AcDbCircle
 10
81.89709392513787
 20
35.0
 30
0.0
 40
2.0
  0
CIRCLE
  5
1D1
330
17
100
AcDbEntity
  8
HOLE
100
AcDbCircle
 10
87.96429473738314
 20
35.0
 30
0.0
 40
2.0
  0
CIRCLE
  5
1D2
330
17
100
AcDbEntity
  8
HOLE
100
AcDbCircle
 10
94.03149554962843
 20
35.0
 30
0.0
 40
2.0
  0
CIRCLE
  5
1D3
330
17
100
AcDbEntity
  8
HOLE
100
AcDbCircle
 10
100.09869636187373
 20
35.0
 30
0.0
 40
2.0
  0
CIRCLE
  5
1D4
330
17
100
AcDbEntity
  8
HOLE
100
AcDbCircle
 10
106.16589717411901
 20
35.0
 30
0.0
 40
2.0
  0
CIRCLE
  5
1D5
330
17
100
AcDbEntity
  8
HOLE
100
AcDbCircle
 10
112.2330979863643
 20
35.0
 30
0.0
 40
2.0
  0
CIRCLE
  5
1D6
330
17
100
AcDbEntity
  8
HOLE
100
AcDbCircle
 10
118.30029879860959
 20
35.0
 30
0.0
 40
2.0
  0
CIRCLE
  5
1D7
330
17
100
AcDbEntity
  8
HOLE
100
AcDbCircle
 10
124.36749961085488
 20
35.0
 30
0.0
 40
2.0
  0
CIRCLE
  5
1D8
330
17
100
AcDbEntity
  8
HOLE
100
AcDbCircle
 10
130.43470042310017
 20
35.0
 30
0.0
 40
2.0
  0
CIRCLE
  5
1D9
330
17
100
AcDbEntity
  8
HOLE
100
AcDbCircle
 10
136.50190123534546
 20
35.0
 30
0.0
 40
2.0
  0
CIRCLE
  5
1DA
330
17
100
AcDbEntity
  8
HOLE
100
AcDbCircle
 10
142.56910204759072
 20
35.0
 30
0.0
 40
2.0
  0
CIRCLE
  5
1DB
330
17
100
AcDbEntity
  8
HOLE
100
AcDbCircle
 10
148.63630285983604
 20
35.0
 30
0.0
 40
2.0
  0
CIRCLE
  5
1DC
330
17
100
AcDbEntity
  8
HOLE
100
AcDbCircle
 10
154.70350367208133
 20
35.0
 30
0.0
 40
2.0
  0
CIRCLE
  5
1DD
330
17
100
AcDbEntity
  8
HOLE
100
AcDbCircle
 10
160.77070448432661
 20
35.0
 30
0.0
 40
2.0
  0
CIRCLE
  5
1DE
330
17
100
AcDbEntity
  8
HOLE
100
AcDbCircle
 10
166.8379052965719
 20
35.0
 30
0.0
 40
2.0
  0
CIRCLE
  5
1DF
330
17
100
AcDbEntity
  8
HOLE
100
AcDbCircle
 10
172.90510610881717
 20
35.0
 30
0.0
 40
2.0
  0
CIRCLE
  5
1E0
330
17
100
AcDbEntity
  8
HOLE
100
AcDbCircle
 10
178.97230692106245
 20
35.0
 30
0.0
 40
2.0
  0
CIRCLE
  5
1E1
330
17
100
AcDbEntity
  8
HOLE
100
AcDbCircle
 10
185.03950773330774
 20
35.0
 30
0.0
 40
2.0
  0
CIRCLE
  5
1E2
330
17
100
AcDbEntity
  8
HOLE
100
AcDbCircle
 10
191.10670854555306
 20
35.0
 30
0.0
 40
2.0
  0
CIRCLE
  5
1E3
330
17
100
AcDbEntity
  8
HOLE
100
AcDbCircle
 10
197.17390935779835
 20
35.0
 30
0.0
 40
2.0
  0
CIRCLE
  5
1E4
330
17
100
AcDbEntity
  8
HOLE
100
AcDbCircle
 10
203.2411101700436
 20
35.0
 30
0.0
 40
2.0
  0
CIRCLE
  5
1E5
330
17
100
AcDbEntity
  8
HOLE
100
AcDbCircle
 10
209.3083109822889
 20
35.0
 30
0.0
 40
2.0
  0
CIRCLE
  5
1E6
330
17
100
AcDbEntity
  8
HOLE
100
AcDbCircle
 10
215.3755117945342
 20
35.0
 30
0.0
 40
2.0
  0
CIRCLE
  5
1E7
330
17
100
AcDbEntity
  8
HOLE
100
AcDbCircle
 10
221.44271260677948
 20
35.0
 30
0.0
 40
2.0
  0
CIRCLE
  5
1E8
330
17
100
AcDbEntity
  8
HOLE
100
AcDbCircle
 10
227.5099134190248
 20
35.0
 30
0.0
 40
2.0
  0
CIRCLE
  5
1E9
330
17
100
AcDbEntity
  8
HOLE
100
AcDbCircle
 10
233.57711423127006
 20
35.0
 30
0.0
 40
2.0
  0
CIRCLE
  5
1EA
330
17
100
AcDbEntity
  8
HOLE
100
AcDbCircle
 10
239.64431504351535
 20
35.0
 30
0.0
 40
2.0
  0
CIRCLE
  5
1EB
330
17
100
AcDbEntity
  8
HOLE
100
AcDbCircle
 10
245.71151585576064
 20
35.0
 30
0.0
 40
2.0
  0
CIRCLE
  5
1EC
330
17
100
AcDbEntity
  8
HOLE
100
AcDbCircle
 10
251.7787166680059
 20
35.0
 30
0.0
 40
2.0
  0
CIRCLE
  5
1ED
330
17
100
AcDbEntity
  8
HOLE
100
AcDbCircle
 10
257.8459174802512
 20
35.0
 30
0.0
 40
2.0
  0
CIRCLE
  5
1EE
330
17
100
AcDbEntity
  8
HOLE
100
AcDbCircle
 10
263.9131182924965
 20
35.0
 30
0.0
 40
2.0
  0
CIRCLE
  5
1EF
330
17
100
AcDbEntity
  8
HOLE
100
AcDbCircle
 10
269.9803191047418
 20
35.0
 30
0.0
 40
2.0
  0
CIRCLE
  5
1F0
330
17
100
AcDbEntity
  8
HOLE
100
AcDbCircle
 10
276.0475199169871
 20
35.0
 30
0.0
 40
2.0
  0
CIRCLE
  5
1F1
330
17
100
AcDbEntity
  8
HOLE
100
AcDbCircle
 10
282.1147207292323
 20
35.0
 30
0.0
 40
2.0
  0
CIRCLE
  5
1F2
330
17
100
AcDbEntity
  8
HOLE
100
AcDbCircle
 10
288.18192154147766
 20
35.0
 30
0.0
 40
2.0
  0
CIRCLE
  5
1F3
330
17
100
AcDbEntity
  8
HOLE
100
AcDbCircle
 10
294.24912235372295
 20
35.0
 30
0.0
 40
2.0
  0
CIRCLE
  5
1F4
330
17
100
AcDbEntity
  8
HOLE
100
AcDbCircle
 10
300.31632316596824
 20
35.0
 30
0.0
 40
2.0
  0
CIRCLE
  5
1F5
330
17
100
AcDbEntity
  8
HOLE
100
AcDbCircle
 10
306.38352397821353
 20
35.0
 30
0.0
 40
2.0
  0
CIRCLE
  5
1F6
330
17
100
AcDbEntity
  8
HOLE
100
AcDbCircle
 10
312.45072479045876
 20
35.0
 30
0.0
 40
2.0
  0
CIRCLE
  5
1F7
330
17
100
AcDbEntity
  8
HOLE
100
AcDbCircle
 10
318.5179256027041
 20
35.0
 30
0.0
 40
2.0
  0
CIRCLE
  5
1F8
330
17
100
AcDbEntity
  8
HOLE
100
AcDbCircle
 10
324.58512641494934
 20
35.0
 30
0.0
 40
2.0
  0
CIRCLE
  5
1F9
330
17
100
AcDbEntity
  8
HOLE
100
AcDbCircle
 10
330.6523272271947
 20
35.0
 30
0.0
 40
2.0
  0
CIRCLE
  5
1FA
330
17
100
AcDbEntity
  8
HOLE
100
AcDbCircle
 10
336.71952803944
 20
35.0
 30
0.0
 40
2.0
  0
CIRCLE
  5
1FB
330
17
100
AcDbEntity
  8
HOLE
100
AcDbCircle
 10
342.7867288516852
 20
35.0
 30
0.0
 40
2.0
  0
CIRCLE
  5
1FC
330
17
100
AcDbEntity
  8
HOLE
100
AcDbCircle
 10
348.85392966393056
 20
35.0
 30
0.0
 40
2.0
  0
CIRCLE
  5
1FD
330
17
100
AcDbEntity
  8
HOLE
100
AcDbCircle
 10
354.9211304761758
 20
35.0
 30
0.0
 40
2.0
  0
CIRCLE
  5
1FE
330
17
100
AcDbEntity
  8
HOLE
100
AcDbCircle
 10
360.98833128842114
 20
35.0
 30
0.0
 40
2.0
  0
CIRCLE
  5
1FF
330
17
100
AcDbEntity
  8
HOLE
100
AcDbCircle
 10
367.05553210066637
 20
35.0
 30
0.0
 40
2.0
  0
CIRCLE
  5
200
330
17
100
AcDbEntity
  8
HOLE
100
AcDbCircle
 10
373.12273291291166
 20
35.0
 30
0.0
 40
2.0
  0
CIRCLE
  5
201
330
17
100
AcDbEntity
  8
HOLE
100
AcDbCircle
 10
379.189933725157
 20
35.0
 30
0.0
 40
2.0
  0
CIRCLE
  5
202
330
17
100
AcDbEntity
  8
HOLE
100
AcDbCircle
 10
385.25713453740224
 20
35.0
 30
0.0
 40
2.0
  0
CIRCLE
  5
203
330
17
100
AcDbEntity
  8
HOLE
100
AcDbCircle
 10
391.3243353496476
 20
35.0
 30
0.0
 40
2.0
  0
CIRCLE
  5
204
330
17
100
AcDbEntity
  8
HOLE
100
AcDbCircle
 10
397.3915361618928
 20
35.0
 30
0.0
 40
2.0
  0
CIRCLE
  5
205
330
17
100
AcDbEntity
  8
HOLE
100
AcDbCircle
 10
403.4587369741381
 20
35.0
 30
0.0
 40
2.0
  0
CIRCLE
  5
206
330
17
100
AcDbEntity
  8
HOLE
100
AcDbCircle
 10
409.52593778638345
 20
35.0
 30
0.0
 40
2.0
  0
CIRCLE
  5
207
330
17
100
AcDbEntity
  8
HOLE
100
AcDbCircle
 10
415.5931385986287
 20
35.0
 30
0.0
 40
2.0
  0
CIRCLE
  5
208
330
17
100
AcDbEntity
  8
HOLE
100
AcDbCircle
 10
421.66033941087403
 20
35.0
 30
0.0
 40
2.0
  0
CIRCLE
  5
209
330
17
100
AcDbEntity
  8
HOLE
100
AcDbCircle
 10
427.72754022311926
 20
35.0
 30
0.0
 40
2.0
  0
CIRCLE
  5
20A
330
17
100
AcDbEntity
  8
HOLE
100
AcDbCircle
 10
433.79474103536455
 20
35.0
 30
0.0
 40
2.0
  0
CIRCLE
  5
20B
330
17
100
AcDbEntity
  8
HOLE
100
AcDbCircle
 10
439.86194184760984
 20
35.0
 30
0.0
 40
2.0
  0
CIRCLE
  5
20C
330
17
100
AcDbEntity
  8
HOLE
100
AcDbCircle
 10
445.92914265985513
 20
35.0
 30
0.0
 40
2.0
  0
CIRCLE
  5
20D
330
17
100
AcDbEntity
  8
HOLE
100
AcDbCircle
 10
451.9963434721005
 20
35.0
 30
0.0
 40
2.0
  0
CIRCLE
  5
20E
330
17
100
AcDbEntity
  8
HOLE
100
AcDbCircle
 10
458.0635442843457
 20
35.0
 30
0.0
 40
2.0
  0
CIRCLE
  5
20F
330
17
100
AcDbEntity
  8
HOLE
100
AcDbCircle
 10
464.130745096591
 20
35.0
 30
0.0
 40
2.0
  0
CIRCLE
  5
210
330
17
100
AcDbEntity
  8
HOLE
100
AcDbCircle
 10
470.1979459088363
 20
35.0
 30
0.0
 40
2.0
  0
CIRCLE
  5
211
330
17
100
AcDbEntity
  8
HOLE
100
AcDbCircle
 10
476.2651467210816
 20
35.0
 30
0.0
 40
2.0
  0
CIRCLE
  5
212
330
17
100
AcDbEntity
  8
HOLE
100
AcDbCircle
 10
482.33234753332687
 20
35.0
 30
0.0
 40
2.0
  0
CIRCLE
  5
213
330
17
100
AcDbEntity
  8
HOLE
100
AcDbCircle
 10
6.0672008122452885
 20
41.0
 30
0.0
 40
2.0
  0
CIRCLE
  5
214
330
17
100
AcDbEntity
  8
HOLE
100
AcDbCircle
 10
12.134401624490577
 20
41.0
 30
0.0
 40
2.0
  0
CIRCLE
  5
215
330
17
100
AcDbEntity
  8
HOLE
100
AcDbCircle
 10
18.201602436735865
 20
41.0
 30
0.0
 40
2.0
  0
CIRCLE
  5
216
330
17
100
AcDbEntity
  8
HOLE
100
AcDbCircle
 10
24.268803248981154
 20
41.0
 30
0.0
 40
2.0
  0
CIRCLE
  5
217
330
17
100
AcDbEntity
  8
HOLE
100
AcDbCircle
 10
30.33600406122644
 20
41.0
 30
0.0
 40
2.0
  0
CIRCLE
  5
218
330
17
100
AcDbEntity
  8
HOLE
100
AcDbCircle
 10
36.40320487347173
 20
41.0
 30
0.0
 40
2.0
  0
CIRCLE
  5
219
330
17
100
AcDbEntity
  8
HOLE
100
AcDbCircle
 10
42.47040568571701
 20
41.0
 30
0.0
 40
2.0
  0
CIRCLE
  5
21A
330
17
100
AcDbEntity
  8
HOLE
100
AcDbCircle
 10
48.53760649796231
 20
41.0
 30
0.0
 40
2.0
  0
CIRCLE
  5
21B
330
17
100
AcDbEntity
  8
HOLE
100
AcDbCircle
 10
54.60480731020759
 20
41.0
 30
0.0
 40
2.0
  0
CIRCLE
  5
21C
330
17
100
AcDbEntity
  8
HOLE
100
AcDbCircle
 10
60.67200812245288
 20
41.0
 30
0.0
 40
2.0
  0
CIRCLE
  5
21D
330
17
100
AcDbEntity
  8
HOLE
100
AcDbCircle
 10
66.73920893469817
 20
41.0
 30
0.0
 40
2.0
  0
CIRCLE
  5
21E
330
17
100
AcDbEntity
  8
HOLE
100
AcDbCircle
 10
72.80640974694346
 20
41.0
 30
0.0
 40
2.0
  0
CIRCLE
  5
21F
330
17
100
AcDbEntity
  8
HOLE
100
AcDbCircle
 10
78.87361055918875
 20
41.0
 30
0.0
 40
2.0
  0
CIRCLE
  5
220
330
17
100
AcDbEntity
  8
HOLE
100
AcDbCircle
 10
84.94081137143402
 20
41.0
 30
0.0
 40
2.0
  0
CIRCLE
  5
221
330
17
100
AcDbEntity
  8
HOLE
100
AcDbCircle
 10
91.00801218367931
 20
41.0
 30
0.0
 40
2.0
  0
CIRCLE
  5
222
330
17
100
AcDbEntity
  8
HOLE
100
AcDbCircle
 10
97.07521299592462
 20
41.0
 30
0.0
 40
2.0
  0
CIRCLE
  5
223
330
17
100
AcDbEntity
  8
HOLE
100
AcDbCircle
 10
103.14241380816989
 20
41.0
 30
0.0
 40
2.0
  0
CIRCLE
  5
224
330
17
100
AcDbEntity
  8
HOLE
100
AcDbCircle
 10
109.20961462041518
 20
41.0
 30
0.0
 40
2.0
  0
CIRCLE
  5
225
330
17
100
AcDbEntity
  8
HOLE
100
AcDbCircle
 10
115.27681543266047
 20
41.0
 30
0.0
 40
2.0
  0
CIRCLE
  5
226
330
17
100
AcDbEntity
  8
HOLE
100
AcDbCircle
 10
121.34401624490576
 20
41.0
 30
0.0
 40
2.0
  0
CIRCLE
  5
227
330
17
100
AcDbEntity
  8
HOLE
100
AcDbCircle
 10
127.41121705715105
 20
41.0
 30
0.0
 40
2.0
  0
CIRCLE
  5
228
330
17
100
AcDbEntity
  8
HOLE
100
AcDbCircle
 10
133.47841786939634
 20
41.0
 30
0.0
 40
2.0
  0
CIRCLE
  5
229
330
17
100
AcDbEntity
  8
HOLE
100
AcDbCircle
 10
139.5456186816416
 20
41.0
 30
0.0
 40
2.0
  0
CIRCLE
  5
22A
330
17
100
AcDbEntity
  8
HOLE
100
AcDbCircle
 10
145.61281949388692
 20
41.0
 30
0.0
 40
2.0
  0
CIRCLE
  5
22B
330
17
100
AcDbEntity
  8
HOLE
100
AcDbCircle
 10
151.6800203061322
 20
41.0
 30
0.0
 40
2.0
  0
CIRCLE
  5
22C
330
17
100
AcDbEntity
  8
HOLE
100
AcDbCircle
 10
157.7472211183775
 20
41.0
 30
0.0
 40
2.0
  0
CIRCLE
  5
22D
330
17
100
AcDbEntity
  8
HOLE
100
AcDbCircle
 10
163.81442193062279
 20
41.0
 30
0.0
 40
2.0
  0
CIRCLE
  5
22E
330
17
100
AcDbEntity
  8
HOLE
100
AcDbCircle
 10
169.88162274286805
 20
41.0
 30
0.0
 40
2.0
  0
CIRCLE
  5
22F
330
17
100
AcDbEntity
  8
HOLE
100
AcDbCircle
 10
175.94882355511334
 20
41.0
 30
0.0
 40
2.0
  0
CIRCLE
  5
230
330
17
100
AcDbEntity
  8
HOLE
100
AcDbCircle
 10
182.01602436735863
 20
41.0
 30
0.0
 40
2.0
  0
CIRCLE
  5
231
330
17
100
AcDbEntity
  8
HOLE
100
AcDbCircle
 10
188.08322517960394
 20
41.0
 30
0.0
 40
2.0
  0
CIRCLE
  5
232
330
17
100
AcDbEntity
  8
HOLE
100
AcDbCircle
 10
194.15042599184923
 20
41.0
 30
0.0
 40
2.0
  0
CIRCLE
  5
233
330
17
100
AcDbEntity
  8
HOLE
100
AcDbCircle
 10
200.2176268040945
 20
41.0
 30
0.0
 40
2.0
  0
CIRCLE
  5
234
330
17
100
AcDbEntity
  8
HOLE
100
AcDbCircle
 10
206.28482761633978
 20
41.0
 30
0.0
 40
2.0
  0
CIRCLE
  5
235
330
17
100
AcDbEntity
  8
HOLE
100
AcDbCircle
 10
212.35202842858507
 20
41.0
 30
0.0
 40
2.0
  0
CIRCLE
  5
236
330
17
100
AcDbEntity
  8
HOLE
100
AcDbCircle
 10
218.41922924083036
 20
41.0
 30
0.0
 40
2.0
  0
CIRCLE
  5
237
330
17
100
AcDbEntity
  8
HOLE
100
AcDbCircle
 10
224.48643005307568
 20
41.0
 30
0.0
 40
2.0
  0
CIRCLE
  5
238
330
17
100
AcDbEntity
  8
HOLE
100
AcDbCircle
 10
230.55363086532094
 20
41.0
 30
0.0
 40
2.0
  0
CIRCLE
  5
239
330
17
100
AcDbEntity
  8
HOLE
100
AcDbCircle
 10
236.62083167756623
 20
41.0
 30
0.0
 40
2.0
  0
CIRCLE
  5
23A
330
17
100
AcDbEntity
  8
HOLE
100
AcDbCircle
 10
242.68803248981152
 20
41.0
 30
0.0
 40
2.0
  0
CIRCLE
  5
23B
330
17
100
AcDbEntity
  8
HOLE
100
AcDbCircle
 10
248.75523330205678
 20
41.0
 30
0.0
 40
2.0
  0
CIRCLE
  5
23C
330
17
100
AcDbEntity
  8
HOLE
100
AcDbCircle
 10
254.8224341143021
 20
41.0
 30
0.0
 40
2.0
  0
CIRCLE
  5
23D
330
17
100
AcDbEntity
  8
HOLE
100
AcDbCircle
 10
260.8896349265474
 20
41.0
 30
0.0
 40
2.0
  0
CIRCLE
  5
23E
330
17
100
AcDbEntity
  8
HOLE
100
AcDbCircle
 10
266.9568357387927
 20
41.0
 30
0.0
 40
2.0
  0
CIRCLE
  5
23F
330
17
100
AcDbEntity
  8
HOLE
100
AcDbCircle
 10
273.02403655103797
 20
41.0
 30
0.0
 40
2.0
  0
CIRCLE
  5
240
330
17
100
AcDbEntity
  8
HOLE
100
AcDbCircle
 10
279.0912373632832
 20
41.0
 30
0.0
 40
2.0
  0
CIRCLE
  5
241
330
17
100
AcDbEntity
  8
HOLE
100
AcDbCircle
 10
285.15843817552854
 20
41.0
 30
0.0
 40
2.0
  0
CIRCLE
  5
242
330
17
100
AcDbEntity
  8
HOLE
100
AcDbCircle
 10
291.22563898777383
 20
41.0
 30
0.0
 40
2.0
  0
CIRCLE
  5
243
330
17
100
AcDbEntity
  8
HOLE
100
AcDbCircle
 10
297.2928398000191
 20
41.0
 30
0.0
 40
2.0
  0
CIRCLE
  5
244
330
17
100
AcDbEntity
  8
HOLE
100
AcDbCircle
 10
303.3600406122644
 20
41.0
 30
0.0
 40
2.0
  0
CIRCLE
  5
245
330
17
100
AcDbEntity
  8
HOLE
100
AcDbCircle
 10
309.42724142450965
 20
41.0
 30
0.0
 40
2.0
  0
CIRCLE
  5
246
330
17
100
AcDbEntity
  8
HOLE
100
AcDbCircle
 10
315.494442236755
 20
41.0
 30
0.0
 40
2.0
  0
CIRCLE
  5
247
330
17
100
AcDbEntity
  8
HOLE
100
AcDbCircle
 10
321.5616430490002
 20
41.0
 30
0.0
 40
2.0
  0
CIRCLE
  5
248
330
17
100
AcDbEntity
  8
HOLE
100
AcDbCircle
 10
327.62884386124557
 20
41.0
 30
0.0
 40
2.0
  0
CIRCLE
  5
249
330
17
100
AcDbEntity
  8
HOLE
100
AcDbCircle
 10
333.69604467349086
 20
41.0
 30
0.0
 40
2.0
  0
CIRCLE
  5
24A
330
17
100
AcDbEntity
  8
HOLE
100
AcDbCircle
 10
339.7632454857361
 20
41.0
 30
0.0
 40
2.0
  0
CIRCLE
  5
24B
330
17
100
AcDbEntity
  8
HOLE
100
AcDbCircle
 10
345.83044629798144
 20
41.0
 30
0.0
 40
2.0
  0
CIRCLE
  5
24C
330
17
100
AcDbEntity
  8
HOLE
100
AcDbCircle
 10
351.89764711022667
 20
41.0
 30
0.0
 40
2.0
  0
CIRCLE
  5
24D
330
17
100
AcDbEntity
  8
HOLE
100
AcDbCircle
 10
357.964847922472
 20
41.0
 30
0.0
 40
2.0
  0
CIRCLE
  5
24E
330
17
100
AcDbEntity
  8
HOLE
100
AcDbCircle
 10
364.03204873471725
 20
41.0
 30
0.0
 40
2.0
  0
CIRCLE
  5
24F
330
17
100
AcDbEntity
  8
HOLE
100
AcDbCircle
 10
370.09924954696254
 20
41.0
 30
0.0
 40
2.0
  0
CIRCLE
  5
250
330
17
100
AcDbEntity
  8
HOLE
100
AcDbCircle
 10
376.1664503592079
 20
41.0
 30
0.0
 40
2.0
  0
CIRCLE
  5
251
330
17
100
AcDbEntity
  8
HOLE
100
AcDbCircle
 10
382.2336511714531
 20
41.0
 30
0.0
 40
2.0
  0
CIRCLE
  5
252
330
17
100
AcDbEntity
  8
HOLE
100
AcDbCircle
 10
388.30085198369846
 20
41.0
 30
0.0
 40
2.0
  0
CIRCLE
  5
253
330
17
100
AcDbEntity
  8
HOLE
100
AcDbCircle
 10
394.3680527959437
 20
41.0
 30
0.0
 40
2.0
  0
CIRCLE
  5
254
330
17
100
AcDbEntity
  8
HOLE
100
AcDbCircle
 10
400.435253608189
 20
41.0
 30
0.0
 40
2.0
  0
CIRCLE
  5
255
330
17
100
AcDbEntity
  8
HOLE
100
AcDbCircle
 10
406.50245442043433
 20
41.0
 30
0.0
 40
2.0
  0
CIRCLE
  5
256
330
17
100
AcDbEntity
  8
HOLE
100
AcDbCircle
 10
412.56965523267957
 20
41.0
 30
0.0
 40
2.0
  0
CIRCLE
  5
257
330
17
100
AcDbEntity
  8
HOLE
100
AcDbCircle
 10
418.6368560449249
 20
41.0
 30
0.0
 40
2.0
  0
CIRCLE
  5
258
330
17
100
AcDbEntity
  8
HOLE
100
AcDbCircle
 10
424.70405685717014
 20
41.0
 30
0.0
 40
2.0
  0
CIRCLE
  5
259
330
17
100
AcDbEntity
  8
HOLE
100
AcDbCircle
 10
430.77125766941543
 20
41.0
 30
0.0
 40
2.0
  0
CIRCLE
  5
25A
330
17
100
AcDbEntity
  8
HOLE
100
AcDbCircle
 10
436.8384584816607
 20
41.0
 30
0.0
 40
2.0
  0
CIRCLE
  5
25B
330
17
100
AcDbEntity
  8
HOLE
100
AcDbCircle
 10
442.905659293906
 20
41.0
 30
0.0
 40
2.0
  0
CIRCLE
  5
25C
330
17
100
AcDbEntity
  8
HOLE
100
AcDbCircle
 10
448.97286010615136
 20
41.0
 30
0.0
 40
2.0
  0
CIRCLE
  5
25D
330
17
100
AcDbEntity
  8
HOLE
100
AcDbCircle
 10
455.0400609183966
 20
41.0
 30
0.0
 40
2.0
  0
CIRCLE
  5
25E
330
17
100
AcDbEntity
  8
HOLE
100
AcDbCircle
 10
461.1072617306419
 20
41.0
 30
0.0
 40
2.0
  0
CIRCLE
  5
25F
330
17
100
AcDbEntity
  8
HOLE
100
AcDbCircle
 10
467.17446254288717
 20
41.0
 30
0.0
 40
2.0
  0
CIRCLE
  5
260
330
17
100
AcDbEntity
  8
HOLE
100
AcDbCircle
 10
473.24166335513246
 20
41.0
 30
0.0
 40
2.0
  0
CIRCLE
  5
261
330
17
100
AcDbEntity
  8
HOLE
100
AcDbCircle
 10
479.30886416737775
 20
41.0
 30
0.0
 40
2.0
  0
CIRCLE
  5
262
330
17
100
AcDbEntity
  8
HOLE
100
AcDbCircle
 10
3.0234833659491196
 20
47.0
 30
0.0
 40
2.0
  0
CIRCLE
  5
263
330
17
100
AcDbEntity
  8
HOLE
100
AcDbCircle
 10
9.090684178194408
 20
47.0
 30
0.0
 40
2.0
  0
CIRCLE
  5
264
330
17
100
AcDbEntity
  8
HOLE
100
AcDbCircle
 10
15.157884990439698
 20
47.0
 30
0.0
 40
2.0
  0
CIRCLE
  5
265
330
17
100
AcDbEntity
  8
HOLE
100
AcDbCircle
 10
21.225085802684983
 20
47.0
 30
0.0
 40
2.0
  0
CIRCLE
  5
266
330
17
100
AcDbEntity
  8
HOLE
100
AcDbCircle
 10
27.292286614930273
 20
47.0
 30
0.0
 40
2.0
  0
CIRCLE
  5
267
330
17
100
AcDbEntity
  8
HOLE
100
AcDbCircle
 10
33.35948742717556
 20
47.0
 30
0.0
 40
2.0
  0
CIRCLE
  5
268
330
17
100
AcDbEntity
  8
HOLE
100
AcDbCircle
 10
39.42668823942085
 20
47.0
 30
0.0
 40
2.0
  0
CIRCLE
  5
269
330
17
100
AcDbEntity
  8
HOLE
100
AcDbCircle
 10
45.49388905166613
 20
47.0
 30
0.0
 40
2.0
  0
CIRCLE
  5
26A
330
17
100
AcDbEntity
  8
HOLE
100
AcDbCircle
 10
51.56108986391143
 20
47.0
 30
0.0
 40
2.0
  0
CIRCLE
  5
26B
330
17
100
AcDbEntity
  8
HOLE
100
AcDbCircle
 10
57.62829067615671
 20
47.0
 30
0.0
 40
2.0
  0
CIRCLE
  5
26C
330
17
100
AcDbEntity
  8
HOLE
100
AcDbCircle
 10
63.695491488402
 20
47.0
 30
0.0
 40
2.0
  0
CIRCLE
  5
26D
330
17
100
AcDbEntity
  8
HOLE
100
AcDbCircle
 10
69.76269230064729
 20
47.0
 30
0.0
 40
2.0
  0
CIRCLE
  5
26E
330
17
100
AcDbEntity
  8
HOLE
100
AcDbCircle
 10
75.82989311289258
 20
47.0
 30
0.0
 40
2.0
  0
CIRCLE
  5
26F
330
17
100
AcDbEntity
  8
HOLE
100
AcDbCircle
 10
81.89709392513787
 20
47.0
 30
0.0
 40
2.0
  0
CIRCLE
  5
270
330
17
100
AcDbEntity
  8
HOLE
100
AcDbCircle
 10
87.96429473738314
 20
47.0
 30
0.0
 40
2.0
  0
CIRCLE
  5
271
330
17
100
AcDbEntity
  8
HOLE
100
AcDbCircle
 10
94.03149554962843
 20
47.0
 30
0.0
 40
2.0
  0
CIRCLE
  5
272
330
17
100
AcDbEntity
  8
HOLE
100
AcDbCircle
 10
100.09869636187373
 20
47.0
 30
0.0
 40
2.0
  0
CIRCLE
  5
273
330
17
100
AcDbEntity
  8
HOLE
100
AcDbCircle
 10
106.16589717411901
 20
47.0
 30
0.0
 40
2.0
  0
CIRCLE
  5
274
330
17
100
AcDbEntity
  8
HOLE
100
AcDbCircle
 10
112.2330979863643
 20
47.0
 30
0.0
 40
2.0
  0
CIRCLE
  5
275
330
17
100
AcDbEntity
  8
HOLE
100
AcDbCircle
 10
118.30029879860959
 20
47.0
 30
0.0
 40
2.0
  0
CIRCLE
  5
276
330
17
100
AcDbEntity
  8
HOLE
100
AcDbCircle
 10
124.36749961085488
 20
47.0
 30
0.0
 40
2.0
  0
CIRCLE
  5
277
330
17
100
AcDbEntity
  8
HOLE
100
AcDbCircle
 10
130.43470042310017
 20
47.0
 30
0.0
 40
2.0
  0
CIRCLE
  5
278
330
17
100
AcDbEntity
  8
HOLE
100
AcDbCircle
 10
136.50190123534546
 20
47.0
 30
0.0
 40
2.0
  0
CIRCLE
  5
279
330
17
100
AcDbEntity
  8
HOLE
100
AcDbCircle
 10
142.56910204759072
 20
47.0
 30
0.0
 40
2.0
  0
CIRCLE
  5
27A
330
17
100
AcDbEntity
  8
HOLE
100
AcDbCircle
 10
148.63630285983604
 20
47.0
 30
0.0
 40
2.0
  0
CIRCLE
  5
27B
330
17
100
AcDbEntity
  8
HOLE
100
AcDbCircle
 10
154.70350367208133
 20
47.0
 30
0.0
 40
2.0
  0
CIRCLE
  5
27C
330
17
100
AcDbEntity
  8
HOLE
100
AcDbCircle
 10
160.77070448432661
 20
47.0
 30
0.0
 40
2.0
  0
CIRCLE
  5
27D
330
17
100
AcDbEntity
  8
HOLE
100
AcDbCircle
 10
166.8379052965719
 20
47.0
 30
0.0
 40
2.0
  0
CIRCLE
  5
27E
330
17
100
AcDbEntity
  8
HOLE
100
AcDbCircle
 10
172.90510610881717
 20
47.0
 30
0.0
 40
2.0
  0
CIRCLE
  5
27F
330
17
100
AcDbEntity
  8
HOLE
100
AcDbCircle
 10
178.97230692106245
 20
47.0
 30
0.0
 40
2.0
  0
CIRCLE
  5
280
330
17
100
AcDbEntity
  8
HOLE
100
AcDbCircle
 10
185.03950773330774
 20
47.0
 30
0.0
 40
2.0
  0
CIRCLE
  5
281
330
17
100
AcDbEntity
  8
HOLE
100
AcDbCircle
 10
191.10670854555306
 20
47.0
 30
0.0
 40
2.0
  0
CIRCLE
  5
282
330
17
100
AcDbEntity
  8
HOLE
100
AcDbCircle
 10
197.17390935779835
 20
47.0
 30
0.0
 40
2.0
  0
CIRCLE
  5
283
330
17
100
AcDbEntity
  8
HOLE
100
AcDbCircle
 10
203.2411101700436
 20
47.0
 30
0.0
 40
2.0
  0
CIRCLE
  5
284
330
17
100
AcDbEntity
  8
HOLE
100
AcDbCircle
 10
209.3083109822889
 20
47.0
 30
0.0
 40
2.0
  0
CIRCLE
  5
285
330
17
100
AcDbEntity
  8
HOLE
100
AcDbCircle
 10
215.3755117945342
 20
47.0
 30
0.0
 40
2.0
  0
CIRCLE
  5
286
330
17
100
AcDbEntity
  8
HOLE
100
AcDbCircle
 10
221.44271260677948
 20
47.0
 30
0.0
 40
2.0
  0
CIRCLE
  5
287
330
17
100
AcDbEntity
  8
HOLE
100
AcDbCircle
 10
227.5099134190248
 20
47.0
 30
0.0
 40
2.0
  0
CIRCLE
  5
288
330
17
100
AcDbEntity
  8
HOLE
100
AcDbCircle
 10
233.57711423127006
 20
47.0
 30
0.0
 40
2.0
  0
CIRCLE
  5
289
330
17
100
AcDbEntity
  8
HOLE
100
AcDbCircle
 10
239.64431504351535
 20
47.0
 30
0.0
 40
2.0
  0
CIRCLE
  5
28A
330
17
100
AcDbEntity
  8
HOLE
100
AcDbCircle
 10
245.71151585576064
 20
47.0
 30
0.0
 40
2.0
  0
CIRCLE
  5
28B
330
17
100
AcDbEntity
  8
HOLE
100
AcDbCircle
 10
251.7787166680059
 20
47.0
 30
0.0
 40
2.0
  0
CIRCLE
  5
28C
330
17
100
AcDbEntity
  8
HOLE
100
AcDbCircle
 10
257.8459174802512
 20
47.0
 30
0.0
 40
2.0
  0
CIRCLE
  5
28D
330
17
100
AcDbEntity
  8
HOLE
100
AcDbCircle
 10
263.9131182924965
 20
47.0
 30
0.0
 40
2.0
  0
CIRCLE
  5
28E
330
17
100
AcDbEntity
  8
HOLE
100
AcDbCircle
 10
269.9803191047418
 20
47.0
 30
0.0
 40
2.0
  0
CIRCLE
  5
28F
330
17
100
AcDbEntity
  8
HOLE
100
AcDbCircle
 10
276.0475199169871
 20
47.0
 30
0.0
 40
2.0
  0
CIRCLE
  5
290
330
17
100
AcDbEntity
  8
HOLE
100
AcDbCircle
 10
282.1147207292323
 20
47.0
 30
0.0
 40
2.0
  0
CIRCLE
  5
291
330
17
100
AcDbEntity
  8
HOLE
100
AcDbCircle
 10
288.18192154147766
 20
47.0
 30
0.0
 40
2.0
  0
CIRCLE
  5
292
330
17
100
AcDbEntity
  8
HOLE
100
AcDbCircle
 10
294.24912235372295
 20
47.0
 30
0.0
 40
2.0
  0
CIRCLE
  5
293
330
17
100
AcDbEntity
  8
HOLE
100
AcDbCircle
 10
300.31632316596824
 20
47.0
 30
0.0
 40
2.0
  0
CIRCLE
  5
294
330
17
100
AcDbEntity
  8
HOLE
100
AcDbCircle
 10
306.38352397821353
 20
47.0
 30
0.0
 40
2.0
  0
CIRCLE
  5
295
330
17
100
AcDbEntity
  8
HOLE
100
AcDbCircle
 10
312.45072479045876
 20
47.0
 30
0.0
 40
2.0
  0
CIRCLE
  5
296
330
17
100
AcDbEntity
  8
HOLE
100
AcDbCircle
 10
318.5179256027041
 20
47.0
 30
0.0
 40
2.0
  0
CIRCLE
  5
297
330
17
100
AcDbEntity
  8
HOLE
100
AcDbCircle
 10
324.58512641494934
 20
47.0
 30
0.0
 40
2.0
  0
CIRCLE
  5
298
330
17
100
AcDbEntity
  8
HOLE
100
AcDbCircle
 10
330.6523272271947
 20
47.0
 30
0.0
 40
2.0
  0
CIRCLE
  5
299
330
17
100
AcDbEntity
  8
HOLE
100
AcDbCircle
 10
336.71952803944
 20
47.0
 30
0.0
 40
2.0
  0
CIRCLE
  5
29A
330
17
100
AcDbEntity
  8
HOLE
100
AcDbCircle
 10
342.7867288516852
 20
47.0
 30
0.0
 40
2.0
  0
CIRCLE
  5
29B
330
17
100
AcDbEntity
  8
HOLE
100
AcDbCircle
 10
348.85392966393056
 20
47.0
 30
0.0
 40
2.0
  0
CIRCLE
  5
29C
330
17
100
AcDbEntity
  8
HOLE
100
AcDbCircle
 10
354.9211304761758
 20
47.0
 30
0.0
 40
2.0
  0
CIRCLE
  5
29D
330
17
100
AcDbEntity
  8
HOLE
100
AcDbCircle
 10
360.98833128842114
 20
47.0
 30
0.0
 40
2.0
  0
CIRCLE
  5
29E
330
17
100
AcDbEntity
  8
HOLE
100
AcDbCircle
 10
367.05553210066637
 20
47.0
 30
0.0
 40
2.0
  0
CIRCLE
  5
29F
330
17
100
AcDbEntity
  8
HOLE
100
AcDbCircle
 10
373.12273291291166
 20
47.0
 30
0.0
 40
2.0
  0
CIRCLE
  5
2A0
330
17
100
AcDbEntity
  8
HOLE
100
AcDbCircle
 10
379.189933725157
 20
47.0
 30
0.0
 40
2.0
  0
CIRCLE
  5
2A1
330
17
100
AcDbEntity
  8
HOLE
100
AcDbCircle
 10
385.25713453740224
 20
47.0
 30
0.0
 40
2.0
  0
CIRCLE
  5
2A2
330
17
100
AcDbEntity
  8
HOLE
100
AcDbCircle
 10
391.3243353496476
 20
47.0
 30
0.0
 40
2.0
  0
CIRCLE
  5
2A3
330
17
100
AcDbEntity
  8
HOLE
100
AcDbCircle
 10
397.3915361618928
 20
47.0
 30
0.0
 40
2.0
  0
CIRCLE
  5
2A4
330
17
100
AcDbEntity
  8
HOLE
100
AcDbCircle
 10
403.4587369741381
 20
47.0
 30
0.0
 40
2.0
  0
CIRCLE
  5
2A5
330
17
100
AcDbEntity
  8
HOLE
100
AcDbCircle
 10
409.52593778638345
 20
47.0
 30
0.0
 40
2.0
  0
CIRCLE
  5
2A6
330
17
100
AcDbEntity
  8
HOLE
100
AcDbCircle
 10
415.5931385986287
 20
47.0
 30
0.0
 40
2.0
  0
CIRCLE
  5
2A7
330
17
100
AcDbEntity
  8
HOLE
100
AcDbCircle
 10
421.66033941087403
 20
47.0
 30
0.0
 40
2.0
  0
CIRCLE
  5
2A8
330
17
100
AcDbEntity
  8
HOLE
100
AcDbCircle
 10
427.72754022311926
 20
47.0
 30
0.0
 40
2.0
  0
CIRCLE
  5
2A9
330
17
100
AcDbEntity
  8
HOLE
100
AcDbCircle
 10
433.79474103536455
 20
47.0
 30
0.0
 40
2.0
  0
CIRCLE
  5
2AA
330
17
100
AcDbEntity
  8
HOLE
100
AcDbCircle
 10
439.86194184760984
 20
47.0
 30
0.0
 40
2.0
  0
CIRCLE
  5
2AB
330
17
100
AcDbEntity
  8
HOLE
100
AcDbCircle
 10
445.92914265985513
 20
47.0
 30
0.0
 40
2.0
  0
CIRCLE
  5
2AC
330
17
100
AcDbEntity
  8
HOLE
100
AcDbCircle
 10
451.9963434721005
 20
47.0
 30
0.0
 40
2.0
  0
CIRCLE
  5
2AD
330
17
100
AcDbEntity
  8
HOLE
100
AcDbCircle
 10
458.0635442843457
 20
47.0
 30
0.0
 40
2.0
  0
CIRCLE
  5
2AE
330
17
100
AcDbEntity
  8
HOLE
100
AcDbCircle
 10
464.130745096591
 20
47.0
 30
0.0
 40
2.0
  0
CIRCLE
  5
2AF
330
17
100
AcDbEntity
  8
HOLE
100
AcDbCircle
 10
470.1979459088363
 20
47.0
 30
0.0
 40
2.0
  0
CIRCLE
  5
2B0
330
17
100
AcDbEntity
  8
HOLE
100
AcDbCircle
 10
476.2651467210816
 20
47.0
 30
0.0
 40
2.0
  0
CIRCLE
  5
2B1
330
17
100
AcDbEntity
  8
HOLE
100
AcDbCircle
 10
482.33234753332687
 20
47.0
 30
0.0
 40
2.0
  0
CIRCLE
  5
2B2
330
17
100
AcDbEntity
  8
HOLE
100
AcDbCircle
 10
6.0672008122452885
 20
53.0
 30
0.0
 40
2.0
  0
CIRCLE
  5
2B3
330
17
100
AcDbEntity
  8
HOLE
100
AcDbCircle
 10
12.134401624490577
 20
53.0
 30
0.0
 40
2.0
  0
CIRCLE
  5
2B4
330
17
100
AcDbEntity
  8
HOLE
100
AcDbCircle
 10
18.201602436735865
 20
53.0
 30
0.0
 40
2.0
  0
CIRCLE
  5
2B5
330
17
100
AcDbEntity
  8
HOLE
100
AcDbCircle
 10
24.268803248981154
 20
53.0
 30
0.0
 40
2.0
  0
CIRCLE
  5
2B6
330
17
100
AcDbEntity
  8
HOLE
100
AcDbCircle
 10
30.33600406122644
 20
53.0
 30
0.0
 40
2.0
  0
CIRCLE
  5
2B7
330
17
100
AcDbEntity
  8
HOLE
100
AcDbCircle
 10
36.40320487347173
 20
53.0
 30
0.0
 40
2.0
  0
CIRCLE
  5
2B8
330
17
100
AcDbEntity
  8
HOLE
100
AcDbCircle
 10
42.47040568571701
 20
53.0
 30
0.0
 40
2.0
  0
CIRCLE
  5
2B9
330
17
100
AcDbEntity
  8
HOLE
100
AcDbCircle
 10
48.53760649796231
 20
53.0
 30
0.0
 40
2.0
  0
CIRCLE
  5
2BA
330
17
100
AcDbEntity
  8
HOLE
100
AcDbCircle
 10
54.60480731020759
 20
53.0
 30
0.0
 40
2.0
  0
CIRCLE
  5
2BB
330
17
100
AcDbEntity
  8
HOLE
100
AcDbCircle
 10
60.67200812245288
 20
53.0
 30
0.0
 40
2.0
  0
CIRCLE
  5
2BC
330
17
100
AcDbEntity
  8
HOLE
100
AcDbCircle
 10
66.73920893469817
 20
53.0
 30
0.0
 40
2.0
  0
CIRCLE
  5
2BD
330
17
100
AcDbEntity
  8
HOLE
100
AcDbCircle
 10
72.80640974694346
 20
53.0
 30
0.0
 40
2.0
  0
CIRCLE
  5
2BE
330
17
100
AcDbEntity
  8
HOLE
100
AcDbCircle
 10
78.87361055918875
 20
53.0
 30
0.0
 40
2.0
  0
CIRCLE
  5
2BF
330
17
100
AcDbEntity
  8
HOLE
100
AcDbCircle
 10
84.94081137143402
 20
53.0
 30
0.0
 40
2.0
  0
CIRCLE
  5
2C0
330
17
100
AcDbEntity
  8
HOLE
100
AcDbCircle
 10
91.00801218367931
 20
53.0
 30
0.0
 40
2.0
  0
CIRCLE
  5
2C1
330
17
100
AcDbEntity
  8
HOLE
100
AcDbCircle
 10
97.07521299592462
 20
53.0
 30
0.0
 40
2.0
  0
CIRCLE
  5
2C2
330
17
100
AcDbEntity
  8
HOLE
100
AcDbCircle
 10
103.14241380816989
 20
53.0
 30
0.0
 40
2.0
  0
CIRCLE
  5
2C3
330
17
100
AcDbEntity
  8
HOLE
100
AcDbCircle
 10
109.20961462041518
 20
53.0
 30
0.0
 40
2.0
  0
CIRCLE
  5
2C4
330
17
100
AcDbEntity
  8
HOLE
100
AcDbCircle
 10
115.27681543266047
 20
53.0
 30
0.0
 40
2.0
  0
CIRCLE
  5
2C5
330
17
100
AcDbEntity
  8
HOLE
100
AcDbCircle
 10
121.34401624490576
 20
53.0
 30
0.0
 40
2.0
  0
CIRCLE
  5
2C6
330
17
100
AcDbEntity
  8
HOLE
100
AcDbCircle
 10
127.41121705715105
 20
53.0
 30
0.0
 40
2.0
  0
CIRCLE
  5
2C7
330
17
100
AcDbEntity
  8
HOLE
100
AcDbCircle
 10
133.47841786939634
 20
53.0
 30
0.0
 40
2.0
  0
CIRCLE
  5
2C8
330
17
100
AcDbEntity
  8
HOLE
100
AcDbCircle
 10
139.5456186816416
 20
53.0
 30
0.0
 40
2.0
  0
CIRCLE
  5
2C9
330
17
100
AcDbEntity
  8
HOLE
100
AcDbCircle
 10
145.61281949388692
 20
53.0
 30
0.0
 40
2.0
  0
CIRCLE
  5
2CA
330
17
100
AcDbEntity
  8
HOLE
100
AcDbCircle
 10
151.6800203061322
 20
53.0
 30
0.0
 40
2.0
  0
CIRCLE
  5
2CB
330
17
100
AcDbEntity
  8
HOLE
100
AcDbCircle
 10
157.7472211183775
 20
53.0
 30
0.0
 40
2.0
  0
CIRCLE
  5
2CC
330
17
100
AcDbEntity
  8
HOLE
100
AcDbCircle
 10
163.81442193062279
 20
53.0
 30
0.0
 40
2.0
  0
CIRCLE
  5
2CD
330
17
100
AcDbEntity
  8
HOLE
100
AcDbCircle
 10
169.88162274286805
 20
53.0
 30
0.0
 40
2.0
  0
CIRCLE
  5
2CE
330
17
100
AcDbEntity
  8
HOLE
100
AcDbCircle
 10
175.94882355511334
 20
53.0
 30
0.0
 40
2.0
  0
CIRCLE
  5
2CF
330
17
100
AcDbEntity
  8
HOLE
100
AcDbCircle
 10
182.01602436735863
 20
53.0
 30
0.0
 40
2.0
  0
CIRCLE
  5
2D0
330
17
100
AcDbEntity
  8
HOLE
100
AcDbCircle
 10
188.08322517960394
 20
53.0
 30
0.0
 40
2.0
  0
CIRCLE
  5
2D1
330
17
100
AcDbEntity
  8
HOLE
100
AcDbCircle
 10
194.15042599184923
 20
53.0
 30
0.0
 40
2.0
  0
CIRCLE
  5
2D2
330
17
100
AcDbEntity
  8
HOLE
100
AcDbCircle
 10
200.2176268040945
 20
53.0
 30
0.0
 40
2.0
  0
CIRCLE
  5
2D3
330
17
100
AcDbEntity
  8
HOLE
100
AcDbCircle
 10
206.28482761633978
 20
53.0
 30
0.0
 40
2.0
  0
CIRCLE
  5
2D4
330
17
100
AcDbEntity
  8
HOLE
100
AcDbCircle
 10
212.35202842858507
 20
53.0
 30
0.0
 40
2.0
  0
CIRCLE
  5
2D5
330
17
100
AcDbEntity
  8
HOLE
100
AcDbCircle
 10
218.41922924083036
 20
53.0
 30
0.0
 40
2.0
  0
CIRCLE
  5
2D6
330
17
100
AcDbEntity
  8
HOLE
100
AcDbCircle
 10
224.48643005307568
 20
53.0
 30
0.0
 40
2.0
  0
CIRCLE
  5
2D7
330
17
100
AcDbEntity
  8
HOLE
100
AcDbCircle
 10
230.55363086532094
 20
53.0
 30
0.0
 40
2.0
  0
CIRCLE
  5
2D8
330
17
100
AcDbEntity
  8
HOLE
100
AcDbCircle
 10
236.62083167756623
 20
53.0
 30
0.0
 40
2.0
  0
CIRCLE
  5
2D9
330
17
100
AcDbEntity
  8
HOLE
100
AcDbCircle
 10
242.68803248981152
 20
53.0
 30
0.0
 40
2.0
  0
CIRCLE
  5
2DA
330
17
100
AcDbEntity
  8
HOLE
100
AcDbCircle
 10
248.75523330205678
 20
53.0
 30
0.0
 40
2.0
  0
CIRCLE
  5
2DB
330
17
100
AcDbEntity
  8
HOLE
100
AcDbCircle
 10
254.8224341143021
 20
53.0
 30
0.0
 40
2.0
  0
CIRCLE
  5
2DC
330
17
100
AcDbEntity
  8
HOLE
100
AcDbCircle
 10
260.8896349265474
 20
53.0
 30
0.0
 40
2.0
  0
CIRCLE
  5
2DD
330
17
100
AcDbEntity
  8
HOLE
100
AcDbCircle
 10
266.9568357387927
 20
53.0
 30
0.0
 40
2.0
  0
CIRCLE
  5
2DE
330
17
100
AcDbEntity
  8
HOLE
100
AcDbCircle
 10
273.02403655103797
 20
53.0
 30
0.0
 40
2.0
  0
CIRCLE
  5
2DF
330
17
100
AcDbEntity
  8
HOLE
100
AcDbCircle
 10
279.0912373632832
 20
53.0
 30
0.0
 40
2.0
  0
CIRCLE
  5
2E0
330
17
100
AcDbEntity
  8
HOLE
100
AcDbCircle
 10
285.15843817552854
 20
53.0
 30
0.0
 40
2.0
  0
CIRCLE
  5
2E1
330
17
100
AcDbEntity
  8
HOLE
100
AcDbCircle
 10
291.22563898777383
 20
53.0
 30
0.0
 40
2.0
  0
CIRCLE
  5
2E2
330
17
100
AcDbEntity
  8
HOLE
100
AcDbCircle
 10
297.2928398000191
 20
53.0
 30
0.0
 40
2.0
  0
CIRCLE
  5
2E3
330
17
100
AcDbEntity
  8
HOLE
100
AcDbCircle
 10
303.3600406122644
 20
53.0
 30
0.0
 40
2.0
  0
CIRCLE
  5
2E4
330
17
100
AcDbEntity
  8
HOLE
100
AcDbCircle
 10
309.42724142450965
 20
53.0
 30
0.0
 40
2.0
  0
CIRCLE
  5
2E5
330
17
100
AcDbEntity
  8
HOLE
100
AcDbCircle
 10
315.494442236755
 20
53.0
 30
0.0
 40
2.0
  0
CIRCLE
  5
2E6
330
17
100
AcDbEntity
  8
HOLE
100
AcDbCircle
 10
321.5616430490002
 20
53.0
 30
0.0
 40
2.0
  0
CIRCLE
  5
2E7
330
17
100
AcDbEntity
  8
HOLE
100
AcDbCircle
 10
327.62884386124557
 20
53.0
 30
0.0
 40
2.0
  0
CIRCLE
  5
2E8
330
17
100
AcDbEntity
  8
HOLE
100
AcDbCircle
 10
333.69604467349086
 20
53.0
 30
0.0
 40
2.0
  0
CIRCLE
  5
2E9
330
17
100
AcDbEntity
  8
HOLE
100
AcDbCircle
 10
339.7632454857361
 20
53.0
 30
0.0
 40
2.0
  0
CIRCLE
  5
2EA
330
17
100
AcDbEntity
  8
HOLE
100
AcDbCircle
 10
345.83044629798144
 20
53.0
 30
0.0
 40
2.0
  0
CIRCLE
  5
2EB
330
17
100
AcDbEntity
  8
HOLE
100
AcDbCircle
 10
351.89764711022667
 20
53.0
 30
0.0
 40
2.0
  0
CIRCLE
  5
2EC
330
17
100
AcDbEntity
  8
HOLE
100
AcDbCircle
 10
357.964847922472
 20
53.0
 30
0.0
 40
2.0
  0
CIRCLE
  5
2ED
330
17
100
AcDbEntity
  8
HOLE
100
AcDbCircle
 10
364.03204873471725
 20
53.0
 30
0.0
 40
2.0
  0
CIRCLE
  5
2EE
330
17
100
AcDbEntity
  8
HOLE
100
AcDbCircle
 10
370.09924954696254
 20
53.0
 30
0.0
 40
2.0
  0
CIRCLE
  5
2EF
330
17
100
AcDbEntity
  8
HOLE
100
AcDbCircle
 10
376.1664503592079
 20
53.0
 30
0.0
 40
2.0
  0
CIRCLE
  5
2F0
330
17
100
AcDbEntity
  8
HOLE
100
AcDbCircle
 10
382.2336511714531
 20
53.0
 30
0.0
 40
2.0
  0
CIRCLE
  5
2F1
330
17
100
AcDbEntity
  8
HOLE
100
AcDbCircle
 10
388.30085198369846
 20
53.0
 30
0.0
 40
2.0
  0
CIRCLE
  5
2F2
330
17
100
AcDbEntity
  8
HOLE
100
AcDbCircle
 10
394.3680527959437
 20
53.0
 30
0.0
 40
2.0
  0
CIRCLE
  5
2F3
330
17
100
AcDbEntity
  8
HOLE
100
AcDbCircle
 10
400.435253608189
 20
53.0
 30
0.0
 40
2.0
  0
CIRCLE
  5
2F4
330
17
100
AcDbEntity
  8
HOLE
100
AcDbCircle
 10
406.50245442043433
 20
53.0
 30
0.0
 40
2.0
  0
CIRCLE
  5
2F5
330
17
100
AcDbEntity
  8
HOLE
100
AcDbCircle
 10
412.56965523267957
 20
53.0
 30
0.0
 40
2.0
  0
CIRCLE
  5
2F6
330
17
100
AcDbEntity
  8
HOLE
100
AcDbCircle
 10
418.6368560449249
 20
53.0
 30
0.0
 40
2.0
  0
CIRCLE
  5
2F7
330
17
100
AcDbEntity
  8
HOLE
100
AcDbCircle
 10
424.70405685717014
 20
53.0
 30
0.0
 40
2.0
  0
CIRCLE
  5
2F8
330
17
100
AcDbEntity
  8
HOLE
100
AcDbCircle
 10
430.77125766941543
 20
53.0
 30
0.0
 40
2.0
  0
CIRCLE
  5
2F9
330
17
100
AcDbEntity
  8
HOLE
100
AcDbCircle
 10
436.8384584816607
 20
53.0
 30
0.0
 40
2.0
  0
CIRCLE
  5
2FA
330
17
100
AcDbEntity
  8
HOLE
100
AcDbCircle
 10
442.905659293906
 20
53.0
 30
0.0
 40
2.0
  0
CIRCLE
  5
2FB
330
17
100
AcDbEntity
  8
HOLE
100
AcDbCircle
 10
448.97286010615136
 20
53.0
 30
0.0
 40
2.0
  0
CIRCLE
  5
2FC
330
17
100
AcDbEntity
  8
HOLE
100
AcDbCircle
 10
455.0400609183966
 20
53.0
 30
0.0
 40
2.0
  0
CIRCLE
  5
2FD
330
17
100
AcDbEntity
  8
HOLE
100
AcDbCircle
 10
461.1072617306419
 20
53.0
 30
0.0
 40
2.0
  0
CIRCLE
  5
2FE
330
17
100
AcDbEntity
  8
HOLE
100
AcDbCircle
 10
467.17446254288717
 20
53.0
 30
0.0
 40
2.0
  0
CIRCLE
  5
2FF
330
17
100
AcDbEntity
  8
HOLE
100
AcDbCircle
 10
473.24166335513246
 20
53.0
 30
0.0
 40
2.0
  0
CIRCLE
  5
300
330
17
100
AcDbEntity
  8
HOLE
100
AcDbCircle
 10
479.30886416737775
 20
53.0
 30
0.0
 40
2.0
  0
CIRCLE
  5
301
330
17
100
AcDbEntity
  8
HOLE
100
AcDbCircle
 10
3.0234833659491196
 20
59.0
 30
0.0
 40
2.0
  0
CIRCLE
  5
302
330
17
100
AcDbEntity
  8
HOLE
100
AcDbCircle
 10
9.090684178194408
 20
59.0
 30
0.0
 40
2.0
  0
CIRCLE
  5
303
330
17
100
AcDbEntity
  8
HOLE
100
AcDbCircle
 10
15.157884990439698
 20
59.0
 30
0.0
 40
2.0
  0
CIRCLE
  5
304
330
17
100
AcDbEntity
  8
HOLE
100
AcDbCircle
 10
21.225085802684983
 20
59.0
 30
0.0
 40
2.0
  0
CIRCLE
  5
305
330
17
100
AcDbEntity
  8
HOLE
100
AcDbCircle
 10
27.292286614930273
 20
59.0
 30
0.0
 40
2.0
  0
CIRCLE
  5
306
330
17
100
AcDbEntity
  8
HOLE
100
AcDbCircle
 10
33.35948742717556
 20
59.0
 30
0.0
 40
2.0
  0
CIRCLE
  5
307
330
17
100
AcDbEntity
  8
HOLE
100
AcDbCircle
 10
39.42668823942085
 20
59.0
 30
0.0
 40
2.0
  0
CIRCLE
  5
308
330
17
100
AcDbEntity
  8
HOLE
100
AcDbCircle
 10
45.49388905166613
 20
59.0
 30
0.0
 40
2.0
  0
CIRCLE
  5
309
330
17
100
AcDbEntity
  8
HOLE
100
AcDbCircle
 10
51.56108986391143
 20
59.0
 30
0.0
 40
2.0
  0
CIRCLE
  5
30A
330
17
100
AcDbEntity
  8
HOLE
100
AcDbCircle
 10
57.62829067615671
 20
59.0
 30
0.0
 40
2.0
  0
CIRCLE
  5
30B
330
17
100
AcDbEntity
  8
HOLE
100
AcDbCircle
 10
63.695491488402
 20
59.0
 30
0.0
 40
2.0
  0
CIRCLE
  5
30C
330
17
100
AcDbEntity
  8
HOLE
100
AcDbCircle
 10
69.76269230064729
 20
59.0
 30
0.0
 40
2.0
  0
CIRCLE
  5
30D
330
17
100
AcDbEntity
  8
HOLE
100
AcDbCircle
 10
75.82989311289258
 20
59.0
 30
0.0
 40
2.0
  0
CIRCLE
  5
30E
330
17
100
AcDbEntity
  8
HOLE
100
AcDbCircle
 10
81.89709392513787
 20
59.0
 30
0.0
 40
2.0
  0
CIRCLE
  5
30F
330
17
100
AcDbEntity
  8
HOLE
100
AcDbCircle
 10
87.96429473738314
 20
59.0
 30
0.0
 40
2.0
  0
CIRCLE
  5
310
330
17
100
AcDbEntity
  8
HOLE
100
AcDbCircle
 10
94.03149554962843
 20
59.0
 30
0.0
 40
2.0
  0
CIRCLE
  5
311
330
17
100
AcDbEntity
  8
HOLE
100
AcDbCircle
 10
100.09869636187373
 20
59.0
 30
0.0
 40
2.0
  0
CIRCLE
  5
312
330
17
100
AcDbEntity
  8
HOLE
100
AcDbCircle
 10
106.16589717411901
 20
59.0
 30
0.0
 40
2.0
  0
CIRCLE
  5
313
330
17
100
AcDbEntity
  8
HOLE
100
AcDbCircle
 10
112.2330979863643
 20
59.0
 30
0.0
 40
2.0
  0
CIRCLE
  5
314
330
17
100
AcDbEntity
  8
HOLE
100
AcDbCircle
 10
118.30029879860959
 20
59.0
 30
0.0
 40
2.0
  0
CIRCLE
  5
315
330
17
100
AcDbEntity
  8
HOLE
100
AcDbCircle
 10
124.36749961085488
 20
59.0
 30
0.0
 40
2.0
  0
CIRCLE
  5
316
330
17
100
AcDbEntity
  8
HOLE
100
AcDbCircle
 10
130.43470042310017
 20
59.0
 30
0.0
 40
2.0
  0
CIRCLE
  5
317
330
17
100
AcDbEntity
  8
HOLE
100
AcDbCircle
 10
136.50190123534546
 20
59.0
 30
0.0
 40
2.0
  0
CIRCLE
  5
318
330
17
100
AcDbEntity
  8
HOLE
100
AcDbCircle
 10
142.56910204759072
 20
59.0
 30
0.0
 40
2.0
  0
CIRCLE
  5
319
330
17
100
AcDbEntity
  8
HOLE
100
AcDbCircle
 10
148.63630285983604
 20
59.0
 30
0.0
 40
2.0
  0
CIRCLE
  5
31A
330
17
100
AcDbEntity
  8
HOLE
100
AcDbCircle
 10
154.70350367208133
 20
59.0
 30
0.0
 40
2.0
  0
CIRCLE
  5
31B
330
17
100
AcDbEntity
  8
HOLE
100
AcDbCircle
 10
160.77070448432661
 20
59.0
 30
0.0
 40
2.0
  0
CIRCLE
  5
31C
330
17
100
AcDbEntity
  8
HOLE
100
AcDbCircle
 10
166.8379052965719
 20
59.0
 30
0.0
 40
2.0
  0
CIRCLE
  5
31D
330
17
100
AcDbEntity
  8
HOLE
100
AcDbCircle
 10
172.90510610881717
 20
59.0
 30
0.0
 40
2.0
  0
CIRCLE
  5
31E
330
17
100
AcDbEntity
  8
HOLE
100
AcDbCircle
 10
178.97230692106245
 20
59.0
 30
0.0
 40
2.0
  0
CIRCLE
  5
31F
330
17
100
AcDbEntity
  8
HOLE
100
AcDbCircle
 10
185.03950773330774
 20
59.0
 30
0.0
 40
2.0
  0
CIRCLE
  5
320
330
17
100
AcDbEntity
  8
HOLE
100
AcDbCircle
 10
191.10670854555306
 20
59.0
 30
0.0
 40
2.0
  0
CIRCLE
  5
321
330
17
100
AcDbEntity
  8
HOLE
100
AcDbCircle
 10
197.17390935779835
 20
59.0
 30
0.0
 40
2.0
  0
CIRCLE
  5
322
330
17
100
AcDbEntity
  8
HOLE
100
AcDbCircle
 10
203.2411101700436
 20
59.0
 30
0.0
 40
2.0
  0
CIRCLE
  5
323
330
17
100
AcDbEntity
  8
HOLE
100
AcDbCircle
 10
209.3083109822889
 20
59.0
 30
0.0
 40
2.0
  0
CIRCLE
  5
324
330
17
100
AcDbEntity
  8
HOLE
100
AcDbCircle
 10
215.3755117945342
 20
59.0
 30
0.0
 40
2.0
  0
CIRCLE
  5
325
330
17
100
AcDbEntity
  8
HOLE
100
AcDbCircle
 10
221.44271260677948
 20
59.0
 30
0.0
 40
2.0
  0
CIRCLE
  5
326
330
17
100
AcDbEntity
  8
HOLE
100
AcDbCircle
 10
227.5099134190248
 20
59.0
 30
0.0
 40
2.0
  0
CIRCLE
  5
327
330
17
100
AcDbEntity
  8
HOLE
100
AcDbCircle
 10
233.57711423127006
 20
59.0
 30
0.0
 40
2.0
  0
CIRCLE
  5
328
330
17
100
AcDbEntity
  8
HOLE
100
AcDbCircle
 10
239.64431504351535
 20
59.0
 30
0.0
 40
2.0
  0
CIRCLE
  5
329
330
17
100
AcDbEntity
  8
HOLE
100
AcDbCircle
 10
245.71151585576064
 20
59.0
 30
0.0
 40
2.0
  0
CIRCLE
  5
32A
330
17
100
AcDbEntity
  8
HOLE
100
AcDbCircle
 10
251.7787166680059
 20
59.0
 30
0.0
 40
2.0
  0
CIRCLE
  5
32B
330
17
100
AcDbEntity
  8
HOLE
100
AcDbCircle
 10
257.8459174802512
 20
59.0
 30
0.0
 40
2.0
  0
CIRCLE
  5
32C
330
17
100
AcDbEntity
  8
HOLE
100
AcDbCircle
 10
263.9131182924965
 20
59.0
 30
0.0
 40
2.0
  0
CIRCLE
  5
32D
330
17
100
AcDbEntity
  8
HOLE
100
AcDbCircle
 10
269.9803191047418
 20
59.0
 30
0.0
 40
2.0
  0
CIRCLE
  5
32E
330
17
100
AcDbEntity
  8
HOLE
100
AcDbCircle
 10
276.0475199169871
 20
59.0
 30
0.0
 40
2.0
  0
CIRCLE
  5
32F
330
17
100
AcDbEntity
  8
HOLE
100
AcDbCircle
 10
282.1147207292323
 20
59.0
 30
0.0
 40
2.0
  0
CIRCLE
  5
330
330
17
100
AcDbEntity
  8
HOLE
100
AcDbCircle
 10
288.18192154147766
 20
59.0
 30
0.0
 40
2.0
  0
CIRCLE
  5
331
330
17
100
AcDbEntity
  8
HOLE
100
AcDbCircle
 10
294.24912235372295
 20
59.0
 30
0.0
 40
2.0
  0
CIRCLE
  5
332
330
17
100
AcDbEntity
  8
HOLE
100
AcDbCircle
 10
300.31632316596824
 20
59.0
 30
0.0
 40
2.0
  0
CIRCLE
  5
333
330
17
100
AcDbEntity
  8
HOLE
100
AcDbCircle
 10
306.38352397821353
 20
59.0
 30
0.0
 40
2.0
  0
CIRCLE
  5
334
330
17
100
AcDbEntity
  8
HOLE
100
AcDbCircle
 10
312.45072479045876
 20
59.0
 30
0.0
 40
2.0
  0
CIRCLE
  5
335
330
17
100
AcDbEntity
  8
HOLE
100
AcDbCircle
 10
318.5179256027041
 20
59.0
 30
0.0
 40
2.0
  0
CIRCLE
  5
336
330
17
100
AcDbEntity
  8
HOLE
100
AcDbCircle
 10
324.58512641494934
 20
59.0
 30
0.0
 40
2.0
  0
CIRCLE
  5
337
330
17
100
AcDbEntity
  8
HOLE
100
AcDbCircle
 10
330.6523272271947
 20
59.0
 30
0.0
 40
2.0
  0
CIRCLE
  5
338
330
17
100
AcDbEntity
  8
HOLE
100
AcDbCircle
 10
336.71952803944
 20
59.0
 30
0.0
 40
2.0
  0
CIRCLE
  5
339
330
17
100
AcDbEntity
  8
HOLE
100
AcDbCircle
 10
342.7867288516852
 20
59.0
 30
0.0
 40
2.0
  0
CIRCLE
  5
33A
330
17
100
AcDbEntity
  8
HOLE
100
AcDbCircle
 10
348.85392966393056
 20
59.0
 30
0.0
 40
2.0
  0
CIRCLE
  5
33B
330
17
100
AcDbEntity
  8
HOLE
100
AcDbCircle
 10
354.9211304761758
 20
59.0
 30
0.0
 40
2.0
  0
CIRCLE
  5
33C
330
17
100
AcDbEntity
  8
HOLE
100
AcDbCircle
 10
360.98833128842114
 20
59.0
 30
0.0
 40
2.0
  0
CIRCLE
  5
33D
330
17
100
AcDbEntity
  8
HOLE
100
AcDbCircle
 10
367.05553210066637
 20
59.0
 30
0.0
 40
2.0
  0
CIRCLE
  5
33E
330
17
100
AcDbEntity
  8
HOLE
100
AcDbCircle
 10
373.12273291291166
 20
59.0
 30
0.0
 40
2.0
  0
CIRCLE
  5
33F
330
17
100
AcDbEntity
  8
HOLE
100
AcDbCircle
 10
379.189933725157
 20
59.0
 30
0.0
 40
2.0
  0
CIRCLE
  5
340
330
17
100
AcDbEntity
  8
HOLE
100
AcDbCircle
 10
385.25713453740224
 20
59.0
 30
0.0
 40
2.0
  0
CIRCLE
  5
341
330
17
100
AcDbEntity
  8
HOLE
100
AcDbCircle
 10
391.3243353496476
 20
59.0
 30
0.0
 40
2.0
  0
CIRCLE
  5
342
330
17
100
AcDbEntity
  8
HOLE
100
AcDbCircle
 10
397.3915361618928
 20
59.0
 30
0.0
 40
2.0
  0
CIRCLE
  5
343
330
17
100
AcDbEntity
  8
HOLE
100
AcDbCircle
 10
403.4587369741381
 20
59.0
 30
0.0
 40
2.0
  0
CIRCLE
  5
344
330
17
100
AcDbEntity
  8
HOLE
100
AcDbCircle
 10
409.52593778638345
 20
59.0
 30
0.0
 40
2.0
  0
CIRCLE
  5
345
330
17
100
AcDbEntity
  8
HOLE
100
AcDbCircle
 10
415.5931385986287
 20
59.0
 30
0.0
 40
2.0
  0
CIRCLE
  5
346
330
17
100
AcDbEntity
  8
HOLE
100
AcDbCircle
 10
421.66033941087403
 20
59.0
 30
0.0
 40
2.0
  0
CIRCLE
  5
347
330
17
100
AcDbEntity
  8
HOLE
100
AcDbCircle
 10
427.72754022311926
 20
59.0
 30
0.0
 40
2.0
  0
CIRCLE
  5
348
330
17
100
AcDbEntity
  8
HOLE
100
AcDbCircle
 10
433.79474103536455
 20
59.0
 30
0.0
 40
2.0
  0
CIRCLE
  5
349
330
17
100
AcDbEntity
  8
HOLE
100
AcDbCircle
 10
439.86194184760984
 20
59.0
 30
0.0
 40
2.0
  0
CIRCLE
  5
34A
330
17
100
AcDbEntity
  8
HOLE
100
AcDbCircle
 10
445.92914265985513
 20
59.0
 30
0.0
 40
2.0
  0
CIRCLE
  5
34B
330
17
100
AcDbEntity
  8
HOLE
100
AcDbCircle
 10
451.9963434721005
 20
59.0
 30
0.0
 40
2.0
  0
CIRCLE
  5
34C
330
17
100
AcDbEntity
  8
HOLE
100
AcDbCircle
 10
458.0635442843457
 20
59.0
 30
0.0
 40
2.0
  0
CIRCLE
  5
34D
330
17
100
AcDbEntity
  8
HOLE
100
AcDbCircle
 10
464.130745096591
 20
59.0
 30
0.0
 40
2.0
  0
CIRCLE
  5
34E
330
17
100
AcDbEntity
  8
HOLE
100
AcDbCircle
 10
470.1979459088363
 20
59.0
 30
0.0
 40
2.0
  0
CIRCLE
  5
34F
330
17
100
AcDbEntity
  8
HOLE
100
AcDbCircle
 10
476.2651467210816
 20
59.0
 30
0.0
 40
2.0
  0
CIRCLE
  5
350
330
17
100
AcDbEntity
  8
HOLE
100
AcDbCircle
 10
482.33234753332687
 20
59.0
 30
0.0
 40
2.0
  0
CIRCLE
  5
351
330
17
100
AcDbEntity
  8
HOLE
100
AcDbCircle
 10
6.0672008122452885
 20
65.0
 30
0.0
 40
2.0
  0
CIRCLE
  5
352
330
17
100
AcDbEntity
  8
HOLE
100
AcDbCircle
 10
12.134401624490577
 20
65.0
 30
0.0
 40
2.0
  0
CIRCLE
  5
353
330
17
100
AcDbEntity
  8
HOLE
100
AcDbCircle
 10
18.201602436735865
 20
65.0
 30
0.0
 40
2.0
  0
CIRCLE
  5
354
330
17
100
AcDbEntity
  8
HOLE
100
AcDbCircle
 10
24.268803248981154
 20
65.0
 30
0.0
 40
2.0
  0
CIRCLE
  5
355
330
17
100
AcDbEntity
  8
HOLE
100
AcDbCircle
 10
30.33600406122644
 20
65.0
 30
0.0
 40
2.0
  0
CIRCLE
  5
356
330
17
100
AcDbEntity
  8
HOLE
100
AcDbCircle
 10
36.40320487347173
 20
65.0
 30
0.0
 40
2.0
  0
CIRCLE
  5
357
330
17
100
AcDbEntity
  8
HOLE
100
AcDbCircle
 10
42.47040568571701
 20
65.0
 30
0.0
 40
2.0
  0
CIRCLE
  5
358
330
17
100
AcDbEntity
  8
HOLE
100
AcDbCircle
 10
48.53760649796231
 20
65.0
 30
0.0
 40
2.0
  0
CIRCLE
  5
359
330
17
100
AcDbEntity
  8
HOLE
100
AcDbCircle
 10
54.60480731020759
 20
65.0
 30
0.0
 40
2.0
  0
CIRCLE
  5
35A
330
17
100
AcDbEntity
  8
HOLE
100
AcDbCircle
 10
60.67200812245288
 20
65.0
 30
0.0
 40
2.0
  0
CIRCLE
  5
35B
330
17
100
AcDbEntity
  8
HOLE
100
AcDbCircle
 10
66.73920893469817
 20
65.0
 30
0.0
 40
2.0
  0
CIRCLE
  5
35C
330
17
100
AcDbEntity
  8
HOLE
100
AcDbCircle
 10
72.80640974694346
 20
65.0
 30
0.0
 40
2.0
  0
CIRCLE
  5
35D
330
17
100
AcDbEntity
  8
HOLE
100
AcDbCircle
 10
78.87361055918875
 20
65.0
 30
0.0
 40
2.0
  0
CIRCLE
  5
35E
330
17
100
AcDbEntity
  8
HOLE
100
AcDbCircle
 10
84.94081137143402
 20
65.0
 30
0.0
 40
2.0
  0
CIRCLE
  5
35F
330
17
100
AcDbEntity
  8
HOLE
100
AcDbCircle
 10
91.00801218367931
 20
65.0
 30
0.0
 40
2.0
  0
CIRCLE
  5
360
330
17
100
AcDbEntity
  8
HOLE
100
AcDbCircle
 10
97.07521299592462
 20
65.0
 30
0.0
 40
2.0
  0
CIRCLE
  5
361
330
17
100
AcDbEntity
  8
HOLE
100
AcDbCircle
 10
103.14241380816989
 20
65.0
 30
0.0
 40
2.0
  0
CIRCLE
  5
362
330
17
100
AcDbEntity
  8
HOLE
100
AcDbCircle
 10
109.20961462041518
 20
65.0
 30
0.0
 40
2.0
  0
CIRCLE
  5
363
330
17
100
AcDbEntity
  8
HOLE
100
AcDbCircle
 10
115.27681543266047
 20
65.0
 30
0.0
 40
2.0
  0
CIRCLE
  5
364
330
17
100
AcDbEntity
  8
HOLE
100
AcDbCircle
 10
121.34401624490576
 20
65.0
 30
0.0
 40
2.0
  0
CIRCLE
  5
365
330
17
100
AcDbEntity
  8
HOLE
100
AcDbCircle
 10
127.41121705715105
 20
65.0
 30
0.0
 40
2.0
  0
CIRCLE
  5
366
330
17
100
AcDbEntity
  8
HOLE
100
AcDbCircle
 10
133.47841786939634
 20
65.0
 30
0.0
 40
2.0
  0
CIRCLE
  5
367
330
17
100
AcDbEntity
  8
HOLE
100
AcDbCircle
 10
139.5456186816416
 20
65.0
 30
0.0
 40
2.0
  0
CIRCLE
  5
368
330
17
100
AcDbEntity
  8
HOLE
100
AcDbCircle
 10
145.61281949388692
 20
65.0
 30
0.0
 40
2.0
  0
CIRCLE
  5
369
330
17
100
AcDbEntity
  8
HOLE
100
AcDbCircle
 10
151.6800203061322
 20
65.0
 30
0.0
 40
2.0
  0
CIRCLE
  5
36A
330
17
100
AcDbEntity
  8
HOLE
100
AcDbCircle
 10
157.7472211183775
 20
65.0
 30
0.0
 40
2.0
  0
CIRCLE
  5
36B
330
17
100
AcDbEntity
  8
HOLE
100
AcDbCircle
 10
163.81442193062279
 20
65.0
 30
0.0
 40
2.0
  0
CIRCLE
  5
36C
330
17
100
AcDbEntity
  8
HOLE
100
AcDbCircle
 10
169.88162274286805
 20
65.0
 30
0.0
 40
2.0
  0
CIRCLE
  5
36D
330
17
100
AcDbEntity
  8
HOLE
100
AcDbCircle
 10
175.94882355511334
 20
65.0
 30
0.0
 40
2.0
  0
CIRCLE
  5
36E
330
17
100
AcDbEntity
  8
HOLE
100
AcDbCircle
 10
182.01602436735863
 20
65.0
 30
0.0
 40
2.0
  0
CIRCLE
  5
36F
330
17
100
AcDbEntity
  8
HOLE
100
AcDbCircle
 10
188.08322517960394
 20
65.0
 30
0.0
 40
2.0
  0
CIRCLE
  5
370
330
17
100
AcDbEntity
  8
HOLE
100
AcDbCircle
 10
194.15042599184923
 20
65.0
 30
0.0
 40
2.0
  0
CIRCLE
  5
371
330
17
100
AcDbEntity
  8
HOLE
100
AcDbCircle
 10
200.2176268040945
 20
65.0
 30
0.0
 40
2.0
  0
CIRCLE
  5
372
330
17
100
AcDbEntity
  8
HOLE
100
AcDbCircle
 10
206.28482761633978
 20
65.0
 30
0.0
 40
2.0
  0
CIRCLE
  5
373
330
17
100
AcDbEntity
  8
HOLE
100
AcDbCircle
 10
212.35202842858507
 20
65.0
 30
0.0
 40
2.0
  0
CIRCLE
  5
374
330
17
100
AcDbEntity
  8
HOLE
100
AcDbCircle
 10
218.41922924083036
 20
65.0
 30
0.0
 40
2.0
  0
CIRCLE
  5
375
330
17
100
AcDbEntity
  8
HOLE
100
AcDbCircle
 10
224.48643005307568
 20
65.0
 30
0.0
 40
2.0
  0
CIRCLE
  5
376
330
17
100
AcDbEntity
  8
HOLE
100
AcDbCircle
 10
230.55363086532094
 20
65.0
 30
0.0
 40
2.0
  0
CIRCLE
  5
377
330
17
100
AcDbEntity
  8
HOLE
100
AcDbCircle
 10
236.62083167756623
 20
65.0
 30
0.0
 40
2.0
  0
CIRCLE
  5
378
330
17
100
AcDbEntity
  8
HOLE
100
AcDbCircle
 10
242.68803248981152
 20
65.0
 30
0.0
 40
2.0
  0
CIRCLE
  5
379
330
17
100
AcDbEntity
  8
HOLE
100
AcDbCircle
 10
248.75523330205678
 20
65.0
 30
0.0
 40
2.0
  0
CIRCLE
  5
37A
330
17
100
AcDbEntity
  8
HOLE
100
AcDbCircle
 10
254.8224341143021
 20
65.0
 30
0.0
 40
2.0
  0
CIRCLE
  5
37B
330
17
100
AcDbEntity
  8
HOLE
100
AcDbCircle
 10
260.8896349265474
 20
65.0
 30
0.0
 40
2.0
  0
CIRCLE
  5
37C
330
17
100
AcDbEntity
  8
HOLE
100
AcDbCircle
 10
266.9568357387927
 20
65.0
 30
0.0
 40
2.0
  0
CIRCLE
  5
37D
330
17
100
AcDbEntity
  8
HOLE
100
AcDbCircle
 10
273.02403655103797
 20
65.0
 30
0.0
 40
2.0
  0
CIRCLE
  5
37E
330
17
100
AcDbEntity
  8
HOLE
100
AcDbCircle
 10
279.0912373632832
 20
65.0
 30
0.0
 40
2.0
  0
CIRCLE
  5
37F
330
17
100
AcDbEntity
  8
HOLE
100
AcDbCircle
 10
285.15843817552854
 20
65.0
 30
0.0
 40
2.0
  0
CIRCLE
  5
380
330
17
100
AcDbEntity
  8
HOLE
100
AcDbCircle
 10
291.22563898777383
 20
65.0
 30
0.0
 40
2.0
  0
CIRCLE
  5
381
330
17
100
AcDbEntity
  8
HOLE
100
AcDbCircle
 10
297.2928398000191
 20
65.0
 30
0.0
 40
2.0
  0
CIRCLE
  5
382
330
17
100
AcDbEntity
  8
HOLE
100
AcDbCircle
 10
303.3600406122644
 20
65.0
 30
0.0
 40
2.0
  0
CIRCLE
  5
383
330
17
100
AcDbEntity
  8
HOLE
100
AcDbCircle
 10
309.42724142450965
 20
65.0
 30
0.0
 40
2.0
  0
CIRCLE
  5
384
330
17
100
AcDbEntity
  8
HOLE
100
AcDbCircle
 10
315.494442236755
 20
65.0
 30
0.0
 40
2.0
  0
CIRCLE
  5
385
330
17
100
AcDbEntity
  8
HOLE
100
AcDbCircle
 10
321.5616430490002
 20
65.0
 30
0.0
 40
2.0
  0
CIRCLE
  5
386
330
17
100
AcDbEntity
  8
HOLE
100
AcDbCircle
 10
327.62884386124557
 20
65.0
 30
0.0
 40
2.0
  0
CIRCLE
  5
387
330
17
100
AcDbEntity
  8
HOLE
100
AcDbCircle
 10
333.69604467349086
 20
65.0
 30
0.0
 40
2.0
  0
CIRCLE
  5
388
330
17
100
AcDbEntity
  8
HOLE
100
AcDbCircle
 10
339.7632454857361
 20
65.0
 30
0.0
 40
2.0
  0
CIRCLE
  5
389
330
17
100
AcDbEntity
  8
HOLE
100
AcDbCircle
 10
345.83044629798144
 20
65.0
 30
0.0
 40
2.0
  0
CIRCLE
  5
38A
330
17
100
AcDbEntity
  8
HOLE
100
AcDbCircle
 10
351.89764711022667
 20
65.0
 30
0.0
 40
2.0
  0
CIRCLE
  5
38B
330
17
100
AcDbEntity
  8
HOLE
100
AcDbCircle
 10
357.964847922472
 20
65.0
 30
0.0
 40
2.0
  0
CIRCLE
  5
38C
330
17
100
AcDbEntity
  8
HOLE
100
AcDbCircle
 10
364.03204873471725
 20
65.0
 30
0.0
 40
2.0
  0
CIRCLE
  5
38D
330
17
100
AcDbEntity
  8
HOLE
100
AcDbCircle
 10
370.09924954696254
 20
65.0
 30
0.0
 40
2.0
  0
CIRCLE
  5
38E
330
17
100
AcDbEntity
  8
HOLE
100
AcDbCircle
 10
376.1664503592079
 20
65.0
 30
0.0
 40
2.0
  0
CIRCLE
  5
38F
330
17
100
AcDbEntity
  8
HOLE
100
AcDbCircle
 10
382.2336511714531
 20
65.0
 30
0.0
 40
2.0
  0
CIRCLE
  5
390
330
17
100
AcDbEntity
  8
HOLE
100
AcDbCircle
 10
388.30085198369846
 20
65.0
 30
0.0
 40
2.0
  0
CIRCLE
  5
391
330
17
100
AcDbEntity
  8
HOLE
100
AcDbCircle
 10
394.3680527959437
 20
65.0
 30
0.0
 40
2.0
  0
CIRCLE
  5
392
330
17
100
AcDbEntity
  8
HOLE
100
AcDbCircle
 10
400.435253608189
 20
65.0
 30
0.0
 40
2.0
  0
CIRCLE
  5
393
330
17
100
AcDbEntity
  8
HOLE
100
AcDbCircle
 10
406.50245442043433
 20
65.0
 30
0.0
 40
2.0
  0
CIRCLE
  5
394
330
17
100
AcDbEntity
  8
HOLE
100
AcDbCircle
 10
412.56965523267957
 20
65.0
 30
0.0
 40
2.0
  0
CIRCLE
  5
395
330
17
100
AcDbEntity
  8
HOLE
100
AcDbCircle
 10
418.6368560449249
 20
65.0
 30
0.0
 40
2.0
  0
CIRCLE
  5
396
330
17
100
AcDbEntity
  8
HOLE
100
AcDbCircle
 10
424.70405685717014
 20
65.0
 30
0.0
 40
2.0
  0
CIRCLE
  5
397
330
17
100
AcDbEntity
  8
HOLE
100
AcDbCircle
 10
430.77125766941543
 20
65.0
 30
0.0
 40
2.0
  0
CIRCLE
  5
398
330
17
100
AcDbEntity
  8
HOLE
100
AcDbCircle
 10
436.8384584816607
 20
65.0
 30
0.0
 40
2.0
  0
CIRCLE
  5
399
330
17
100
AcDbEntity
  8
HOLE
100
AcDbCircle
 10
442.905659293906
 20
65.0
 30
0.0
 40
2.0
  0
CIRCLE
  5
39A
330
17
100
AcDbEntity
  8
HOLE
100
AcDbCircle
 10
448.97286010615136
 20
65.0
 30
0.0
 40
2.0
  0
CIRCLE
  5
39B
330
17
100
AcDbEntity
  8
HOLE
100
AcDbCircle
 10
455.0400609183966
 20
65.0
 30
0.0
 40
2.0
  0
CIRCLE
  5
39C
330
17
100
AcDbEntity
  8
HOLE
100
AcDbCircle
 10
461.1072617306419
 20
65.0
 30
0.0
 40
2.0
  0
CIRCLE
  5
39D
330
17
100
AcDbEntity
  8
HOLE
100
AcDbCircle
 10
467.17446254288717
 20
65.0
 30
0.0
 40
2.0
  0
CIRCLE
  5
39E
330
17
100
AcDbEntity
  8
HOLE
100
AcDbCircle
 10
473.24166335513246
 20
65.0
 30
0.0
 40
2.0
  0
CIRCLE
  5
39F
330
17
100
AcDbEntity
  8
HOLE
100
AcDbCircle
 10
479.30886416737775
 20
65.0
 30
0.0
 40
2.0
  0
CIRCLE
  5
3A0
330
17
100
AcDbEntity
  8
HOLE
100
AcDbCircle
 10
3.0234833659491196
 20
71.0
 30
0.0
 40
2.0
  0
CIRCLE
  5
3A1
330
17
100
AcDbEntity
  8
HOLE
100
AcDbCircle
 10
9.090684178194408
 20
71.0
 30
0.0
 40
2.0
  0
CIRCLE
  5
3A2
330
17
100
AcDbEntity
  8
HOLE
100
AcDbCircle
 10
15.157884990439698
 20
71.0
 30
0.0
 40
2.0
  0
CIRCLE
  5
3A3
330
17
100
AcDbEntity
  8
HOLE
100
AcDbCircle
 10
21.225085802684983
 20
71.0
 30
0.0
 40
2.0
  0
CIRCLE
  5
3A4
330
17
100
AcDbEntity
  8
HOLE
100
AcDbCircle
 10
27.292286614930273
 20
71.0
 30
0.0
 40
2.0
  0
CIRCLE
  5
3A5
330
17
100
AcDbEntity
  8
HOLE
100
AcDbCircle
 10
33.35948742717556
 20
71.0
 30
0.0
 40
2.0
  0
CIRCLE
  5
3A6
330
17
100
AcDbEntity
  8
HOLE
100
AcDbCircle
 10
39.42668823942085
 20
71.0
 30
0.0
 40
2.0
  0
CIRCLE
  5
3A7
330
17
100
AcDbEntity
  8
HOLE
100
AcDbCircle
 10
45.49388905166613
 20
71.0
 30
0.0
 40
2.0
  0
CIRCLE
  5
3A8
330
17
100
AcDbEntity
  8
HOLE
100
AcDbCircle
 10
51.56108986391143
 20
71.0
 30
0.0
 40
2.0
  0
CIRCLE
  5
3A9
330
17
100
AcDbEntity
  8
HOLE
100
AcDbCircle
 10
57.62829067615671
 20
71.0
 30
0.0
 40
2.0
  0
CIRCLE
  5
3AA
330
17
100
AcDbEntity
  8
HOLE
100
AcDbCircle
 10
63.695491488402
 20
71.0
 30
0.0
 40
2.0
  0
CIRCLE
  5
3AB
330
17
100
AcDbEntity
  8
HOLE
100
AcDbCircle
 10
69.76269230064729
 20
71.0
 30
0.0
 40
2.0
  0
CIRCLE
  5
3AC
330
17
100
AcDbEntity
  8
HOLE
100
AcDbCircle
 10
75.82989311289258
 20
71.0
 30
0.0
 40
2.0
  0
CIRCLE
  5
3AD
330
17
100
AcDbEntity
  8
HOLE
100
AcDbCircle
 10
81.89709392513787
 20
71.0
 30
0.0
 40
2.0
  0
CIRCLE
  5
3AE
330
17
100
AcDbEntity
  8
HOLE
100
AcDbCircle
 10
87.96429473738314
 20
71.0
 30
0.0
 40
2.0
  0
CIRCLE
  5
3AF
330
17
100
AcDbEntity
  8
HOLE
100
AcDbCircle
 10
94.03149554962843
 20
71.0
 30
0.0
 40
2.0
  0
CIRCLE
  5
3B0
330
17
100
AcDbEntity
  8
HOLE
100
AcDbCircle
 10
100.09869636187373
 20
71.0
 30
0.0
 40
2.0
  0
CIRCLE
  5
3B1
330
17
100
AcDbEntity
  8
HOLE
100
AcDbCircle
 10
106.16589717411901
 20
71.0
 30
0.0
 40
2.0
  0
CIRCLE
  5
3B2
330
17
100
AcDbEntity
  8
HOLE
100
AcDbCircle
 10
112.2330979863643
 20
71.0
 30
0.0
 40
2.0
  0
CIRCLE
  5
3B3
330
17
100
AcDbEntity
  8
HOLE
100
AcDbCircle
 10
118.30029879860959
 20
71.0
 30
0.0
 40
2.0
  0
CIRCLE
  5
3B4
330
17
100
AcDbEntity
  8
HOLE
100
AcDbCircle
 10
124.36749961085488
 20
71.0
 30
0.0
 40
2.0
  0
CIRCLE
  5
3B5
330
17
100
AcDbEntity
  8
HOLE
100
AcDbCircle
 10
130.43470042310017
 20
71.0
 30
0.0
 40
2.0
  0
CIRCLE
  5
3B6
330
17
100
AcDbEntity
  8
HOLE
100
AcDbCircle
 10
136.50190123534546
 20
71.0
 30
0.0
 40
2.0
  0
CIRCLE
  5
3B7
330
17
100
AcDbEntity
  8
HOLE
100
AcDbCircle
 10
142.56910204759072
 20
71.0
 30
0.0
 40
2.0
  0
CIRCLE
  5
3B8
330
17
100
AcDbEntity
  8
HOLE
100
AcDbCircle
 10
148.63630285983604
 20
71.0
 30
0.0
 40
2.0
  0
CIRCLE
  5
3B9
330
17
100
AcDbEntity
  8
HOLE
100
AcDbCircle
 10
154.70350367208133
 20
71.0
 30
0.0
 40
2.0
  0
CIRCLE
  5
3BA
330
17
100
AcDbEntity
  8
HOLE
100
AcDbCircle
 10
160.77070448432661
 20
71.0
 30
0.0
 40
2.0
  0
CIRCLE
  5
3BB
330
17
100
AcDbEntity
  8
HOLE
100
AcDbCircle
 10
166.8379052965719
 20
71.0
 30
0.0
 40
2.0
  0
CIRCLE
  5
3BC
330
17
100
AcDbEntity
  8
HOLE
100
AcDbCircle
 10
172.90510610881717
 20
71.0
 30
0.0
 40
2.0
  0
CIRCLE
  5
3BD
330
17
100
AcDbEntity
  8
HOLE
100
AcDbCircle
 10
178.97230692106245
 20
71.0
 30
0.0
 40
2.0
  0
CIRCLE
  5
3BE
330
17
100
AcDbEntity
  8
HOLE
100
AcDbCircle
 10
185.03950773330774
 20
71.0
 30
0.0
 40
2.0
  0
CIRCLE
  5
3BF
330
17
100
AcDbEntity
  8
HOLE
100
AcDbCircle
 10
191.10670854555306
 20
71.0
 30
0.0
 40
2.0
  0
CIRCLE
  5
3C0
330
17
100
AcDbEntity
  8
HOLE
100
AcDbCircle
 10
197.17390935779835
 20
71.0
 30
0.0
 40
2.0
  0
CIRCLE
  5
3C1
330
17
100
AcDbEntity
  8
HOLE
100
AcDbCircle
 10
203.2411101700436
 20
71.0
 30
0.0
 40
2.0
  0
CIRCLE
  5
3C2
330
17
100
AcDbEntity
  8
HOLE
100
AcDbCircle
 10
209.3083109822889
 20
71.0
 30
0.0
 40
2.0
  0
CIRCLE
  5
3C3
330
17
100
AcDbEntity
  8
HOLE
100
AcDbCircle
 10
215.3755117945342
 20
71.0
 30
0.0
 40
2.0
  0
CIRCLE
  5
3C4
330
17
100
AcDbEntity
  8
HOLE
100
AcDbCircle
 10
221.44271260677948
 20
71.0
 30
0.0
 40
2.0
  0
CIRCLE
  5
3C5
330
17
100
AcDbEntity
  8
HOLE
100
AcDbCircle
 10
227.5099134190248
 20
71.0
 30
0.0
 40
2.0
  0
CIRCLE
  5
3C6
330
17
100
AcDbEntity
  8
HOLE
100
AcDbCircle
 10
233.57711423127006
 20
71.0
 30
0.0
 40
2.0
  0
CIRCLE
  5
3C7
330
17
100
AcDbEntity
  8
HOLE
100
AcDbCircle
 10
239.64431504351535
 20
71.0
 30
0.0
 40
2.0
  0
CIRCLE
  5
3C8
330
17
100
AcDbEntity
  8
HOLE
100
AcDbCircle
 10
245.71151585576064
 20
71.0
 30
0.0
 40
2.0
  0
CIRCLE
  5
3C9
330
17
100
AcDbEntity
  8
HOLE
100
AcDbCircle
 10
251.7787166680059
 20
71.0
 30
0.0
 40
2.0
  0
CIRCLE
  5
3CA
330
17
100
AcDbEntity
  8
HOLE
100
AcDbCircle
 10
257.8459174802512
 20
71.0
 30
0.0
 40
2.0
  0
CIRCLE
  5
3CB
330
17
100
AcDbEntity
  8
HOLE
100
AcDbCircle
 10
263.9131182924965
 20
71.0
 30
0.0
 40
2.0
  0
CIRCLE
  5
3CC
330
17
100
AcDbEntity
  8
HOLE
100
AcDbCircle
 10
269.9803191047418
 20
71.0
 30
0.0
 40
2.0
  0
CIRCLE
  5
3CD
330
17
100
AcDbEntity
  8
HOLE
100
AcDbCircle
 10
276.0475199169871
 20
71.0
 30
0.0
 40
2.0
  0
CIRCLE
  5
3CE
330
17
100
AcDbEntity
  8
HOLE
100
AcDbCircle
 10
282.1147207292323
 20
71.0
 30
0.0
 40
2.0
  0
CIRCLE
  5
3CF
330
17
100
AcDbEntity
  8
HOLE
100
AcDbCircle
 10
288.18192154147766
 20
71.0
 30
0.0
 40
2.0
  0
CIRCLE
  5
3D0
330
17
100
AcDbEntity
  8
HOLE
100
AcDbCircle
 10
294.24912235372295
 20
71.0
 30
0.0
 40
2.0
  0
CIRCLE
  5
3D1
330
17
100
AcDbEntity
  8
HOLE
100
AcDbCircle
 10
300.31632316596824
 20
71.0
 30
0.0
 40
2.0
  0
CIRCLE
  5
3D2
330
17
100
AcDbEntity
  8
HOLE
100
AcDbCircle
 10
306.38352397821353
 20
71.0
 30
0.0
 40
2.0
  0
CIRCLE
  5
3D3
330
17
100
AcDbEntity
  8
HOLE
100
AcDbCircle
 10
312.45072479045876
 20
71.0
 30
0.0
 40
2.0
  0
CIRCLE
  5
3D4
330
17
100
AcDbEntity
  8
HOLE
100
AcDbCircle
 10
318.5179256027041
 20
71.0
 30
0.0
 40
2.0
  0
CIRCLE
  5
3D5
330
17
100
AcDbEntity
  8
HOLE
100
AcDbCircle
 10
324.58512641494934
 20
71.0
 30
0.0
 40
2.0
  0
CIRCLE
  5
3D6
330
17
100
AcDbEntity
  8
HOLE
100
AcDbCircle
 10
330.6523272271947
 20
71.0
 30
0.0
 40
2.0
  0
CIRCLE
  5
3D7
330
17
100
AcDbEntity
  8
HOLE
100
AcDbCircle
 10
336.71952803944
 20
71.0
 30
0.0
 40
2.0
  0
CIRCLE
  5
3D8
330
17
100
AcDbEntity
  8
HOLE
100
AcDbCircle
 10
342.7867288516852
 20
71.0
 30
0.0
 40
2.0
  0
CIRCLE
  5
3D9
330
17
100
AcDbEntity
  8
HOLE
100
AcDbCircle
 10
348.85392966393056
 20
71.0
 30
0.0
 40
2.0
  0
CIRCLE
  5
3DA
330
17
100
AcDbEntity
  8
HOLE
100
AcDbCircle
 10
354.9211304761758
 20
71.0
 30
0.0
 40
2.0
  0
CIRCLE
  5
3DB
330
17
100
AcDbEntity
  8
HOLE
100
AcDbCircle
 10
360.98833128842114
 20
71.0
 30
0.0
 40
2.0
  0
CIRCLE
  5
3DC
330
17
100
AcDbEntity
  8
HOLE
100
AcDbCircle
 10
367.05553210066637
 20
71.0
 30
0.0
 40
2.0
  0
CIRCLE
  5
3DD
330
17
100
AcDbEntity
  8
HOLE
100
AcDbCircle
 10
373.12273291291166
 20
71.0
 30
0.0
 40
2.0
  0
CIRCLE
  5
3DE
330
17
100
AcDbEntity
  8
HOLE
100
AcDbCircle
 10
379.189933725157
 20
71.0
 30
0.0
 40
2.0
  0
CIRCLE
  5
3DF
330
17
100
AcDbEntity
  8
HOLE
100
AcDbCircle
 10
385.25713453740224
 20
71.0
 30
0.0
 40
2.0
  0
CIRCLE
  5
3E0
330
17
100
AcDbEntity
  8
HOLE
100
AcDbCircle
 10
391.3243353496476
 20
71.0
 30
0.0
 40
2.0
  0
CIRCLE
  5
3E1
330
17
100
AcDbEntity
  8
HOLE
100
AcDbCircle
 10
397.3915361618928
 20
71.0
 30
0.0
 40
2.0
  0
CIRCLE
  5
3E2
330
17
100
AcDbEntity
  8
HOLE
100
AcDbCircle
 10
403.4587369741381
 20
71.0
 30
0.0
 40
2.0
  0
CIRCLE
  5
3E3
330
17
100
AcDbEntity
  8
HOLE
100
AcDbCircle
 10
409.52593778638345
 20
71.0
 30
0.0
 40
2.0
  0
CIRCLE
  5
3E4
330
17
100
AcDbEntity
  8
HOLE
100
AcDbCircle
 10
415.5931385986287
 20
71.0
 30
0.0
 40
2.0
  0
CIRCLE
  5
3E5
330
17
100
AcDbEntity
  8
HOLE
100
AcDbCircle
 10
421.66033941087403
 20
71.0
 30
0.0
 40
2.0
  0
CIRCLE
  5
3E6
330
17
100
AcDbEntity
  8
HOLE
100
AcDbCircle
 10
427.72754022311926
 20
71.0
 30
0.0
 40
2.0
  0
CIRCLE
  5
3E7
330
17
100
AcDbEntity
  8
HOLE
100
AcDbCircle
 10
433.79474103536455
 20
71.0
 30
0.0
 40
2.0
  0
CIRCLE
  5
3E8
330
17
100
AcDbEntity
  8
HOLE
100
AcDbCircle
 10
439.86194184760984
 20
71.0
 30
0.0
 40
2.0
  0
CIRCLE
  5
3E9
330
17
100
AcDbEntity
  8
HOLE
100
AcDbCircle
 10
445.92914265985513
 20
71.0
 30
0.0
 40
2.0
  0
CIRCLE
  5
3EA
330
17
100
AcDbEntity
  8
HOLE
100
AcDbCircle
 10
451.9963434721005
 20
71.0
 30
0.0
 40
2.0
  0
CIRCLE
  5
3EB
330
17
100
AcDbEntity
  8
HOLE
100
AcDbCircle
 10
458.0635442843457
 20
71.0
 30
0.0
 40
2.0
  0
CIRCLE
  5
3EC
330
17
100
AcDbEntity
  8
HOLE
100
AcDbCircle
 10
464.130745096591
 20
71.0
 30
0.0
 40
2.0
  0
CIRCLE
  5
3ED
330
17
100
AcDbEntity
  8
HOLE
100
AcDbCircle
 10
470.1979459088363
 20
71.0
 30
0.0
 40
2.0
  0
CIRCLE
  5
3EE
330
17
100
AcDbEntity
  8
HOLE
100
AcDbCircle
 10
476.2651467210816
 20
71.0
 30
0.0
 40
2.0
  0
CIRCLE
  5
3EF
330
17
100
AcDbEntity
  8
HOLE
100
AcDbCircle
 10
482.33234753332687
 20
71.0
 30
0.0
 40
2.0
  0
CIRCLE
  5
3F0
330
17
100
AcDbEntity
  8
HOLE
100
AcDbCircle
 10
6.0672008122452885
 20
77.0
 30
0.0
 40
2.0
  0
CIRCLE
  5
3F1
330
17
100
AcDbEntity
  8
HOLE
100
AcDbCircle
 10
12.134401624490577
 20
77.0
 30
0.0
 40
2.0
  0
CIRCLE
  5
3F2
330
17
100
AcDbEntity
  8
HOLE
100
AcDbCircle
 10
18.201602436735865
 20
77.0
 30
0.0
 40
2.0
  0
CIRCLE
  5
3F3
330
17
100
AcDbEntity
  8
HOLE
100
AcDbCircle
 10
24.268803248981154
 20
77.0
 30
0.0
 40
2.0
  0
CIRCLE
  5
3F4
330
17
100
AcDbEntity
  8
HOLE
100
AcDbCircle
 10
30.33600406122644
 20
77.0
 30
0.0
 40
2.0
  0
CIRCLE
  5
3F5
330
17
100
AcDbEntity
  8
HOLE
100
AcDbCircle
 10
36.40320487347173
 20
77.0
 30
0.0
 40
2.0
  0
CIRCLE
  5
3F6
330
17
100
AcDbEntity
  8
HOLE
100
AcDbCircle
 10
42.47040568571701
 20
77.0
 30
0.0
 40
2.0
  0
CIRCLE
  5
3F7
330
17
100
AcDbEntity
  8
HOLE
100
AcDbCircle
 10
48.53760649796231
 20
77.0
 30
0.0
 40
2.0
  0
CIRCLE
  5
3F8
330
17
100
AcDbEntity
  8
HOLE
100
AcDbCircle
 10
54.60480731020759
 20
77.0
 30
0.0
 40
2.0
  0
CIRCLE
  5
3F9
330
17
100
AcDbEntity
  8
HOLE
100
AcDbCircle
 10
60.67200812245288
 20
77.0
 30
0.0
 40
2.0
  0
CIRCLE
  5
3FA
330
17
100
AcDbEntity
  8
HOLE
100
AcDbCircle
 10
66.73920893469817
 20
77.0
 30
0.0
 40
2.0
  0
CIRCLE
  5
3FB
330
17
100
AcDbEntity
  8
HOLE
100
AcDbCircle
 10
72.80640974694346
 20
77.0
 30
0.0
 40
2.0
  0
CIRCLE
  5
3FC
330
17
100
AcDbEntity
  8
HOLE
100
AcDbCircle
 10
78.87361055918875
 20
77.0
 30
0.0
 40
2.0
  0
CIRCLE
  5
3FD
330
17
100
AcDbEntity
  8
HOLE
100
AcDbCircle
 10
84.94081137143402
 20
77.0
 30
0.0
 40
2.0
  0
CIRCLE
  5
3FE
330
17
100
AcDbEntity
  8
HOLE
100
AcDbCircle
 10
91.00801218367931
 20
77.0
 30
0.0
 40
2.0
  0
CIRCLE
  5
3FF
330
17
100
AcDbEntity
  8
HOLE
100
AcDbCircle
 10
97.07521299592462
 20
77.0
 30
0.0
 40
2.0
  0
CIRCLE
  5
400
330
17
100
AcDbEntity
  8
HOLE
100
AcDbCircle
 10
103.14241380816989
 20
77.0
 30
0.0
 40
2.0
  0
CIRCLE
  5
401
330
17
100
AcDbEntity
  8
HOLE
100
AcDbCircle
 10
109.20961462041518
 20
77.0
 30
0.0
 40
2.0
  0
CIRCLE
  5
402
330
17
100
AcDbEntity
  8
HOLE
100
AcDbCircle
 10
115.27681543266047
 20
77.0
 30
0.0
 40
2.0
  0
CIRCLE
  5
403
330
17
100
AcDbEntity
  8
HOLE
100
AcDbCircle
 10
121.34401624490576
 20
77.0
 30
0.0
 40
2.0
  0
CIRCLE
  5
404
330
17
100
AcDbEntity
  8
HOLE
100
AcDbCircle
 10
127.41121705715105
 20
77.0
 30
0.0
 40
2.0
  0
CIRCLE
  5
405
330
17
100
AcDbEntity
  8
HOLE
100
AcDbCircle
 10
133.47841786939634
 20
77.0
 30
0.0
 40
2.0
  0
CIRCLE
  5
406
330
17
100
AcDbEntity
  8
HOLE
100
AcDbCircle
 10
139.5456186816416
 20
77.0
 30
0.0
 40
2.0
  0
CIRCLE
  5
407
330
17
100
AcDbEntity
  8
HOLE
100
AcDbCircle
 10
145.61281949388692
 20
77.0
 30
0.0
 40
2.0
  0
CIRCLE
  5
408
330
17
100
AcDbEntity
  8
HOLE
100
AcDbCircle
 10
151.6800203061322
 20
77.0
 30
0.0
 40
2.0
  0
CIRCLE
  5
409
330
17
100
AcDbEntity
  8
HOLE
100
AcDbCircle
 10
157.7472211183775
 20
77.0
 30
0.0
 40
2.0
  0
CIRCLE
  5
40A
330
17
100
AcDbEntity
  8
HOLE
100
AcDbCircle
 10
163.81442193062279
 20
77.0
 30
0.0
 40
2.0
  0
CIRCLE
  5
40B
330
17
100
AcDbEntity
  8
HOLE
100
AcDbCircle
 10
169.88162274286805
 20
77.0
 30
0.0
 40
2.0
  0
CIRCLE
  5
40C
330
17
100
AcDbEntity
  8
HOLE
100
AcDbCircle
 10
175.94882355511334
 20
77.0
 30
0.0
 40
2.0
  0
CIRCLE
  5
40D
330
17
100
AcDbEntity
  8
HOLE
100
AcDbCircle
 10
182.01602436735863
 20
77.0
 30
0.0
 40
2.0
  0
CIRCLE
  5
40E
330
17
100
AcDbEntity
  8
HOLE
100
AcDbCircle
 10
188.08322517960394
 20
77.0
 30
0.0
 40
2.0
  0
CIRCLE
  5
40F
330
17
100
AcDbEntity
  8
HOLE
100
AcDbCircle
 10
194.15042599184923
 20
77.0
 30
0.0
 40
2.0
  0
CIRCLE
  5
410
330
17
100
AcDbEntity
  8
HOLE
100
AcDbCircle
 10
200.2176268040945
 20
77.0
 30
0.0
 40
2.0
  0
CIRCLE
  5
411
330
17
100
AcDbEntity
  8
HOLE
100
AcDbCircle
 10
206.28482761633978
 20
77.0
 30
0.0
 40
2.0
  0
CIRCLE
  5
412
330
17
100
AcDbEntity
  8
HOLE
100
AcDbCircle
 10
212.35202842858507
 20
77.0
 30
0.0
 40
2.0
  0
CIRCLE
  5
413
330
17
100
AcDbEntity
  8
HOLE
100
AcDbCircle
 10
218.41922924083036
 20
77.0
 30
0.0
 40
2.0
  0
CIRCLE
  5
414
330
17
100
AcDbEntity
  8
HOLE
100
AcDbCircle
 10
224.48643005307568
 20
77.0
 30
0.0
 40
2.0
  0
CIRCLE
  5
415
330
17
100
AcDbEntity
  8
HOLE
100
AcDbCircle
 10
230.55363086532094
 20
77.0
 30
0.0
 40
2.0
  0
CIRCLE
  5
416
330
17
100
AcDbEntity
  8
HOLE
100
AcDbCircle
 10
236.62083167756623
 20
77.0
 30
0.0
 40
2.0
  0
CIRCLE
  5
417
330
17
100
AcDbEntity
  8
HOLE
100
AcDbCircle
 10
242.68803248981152
 20
77.0
 30
0.0
 40
2.0
  0
CIRCLE
  5
418
330
17
100
AcDbEntity
  8
HOLE
100
AcDbCircle
 10
248.75523330205678
 20
77.0
 30
0.0
 40
2.0
  0
CIRCLE
  5
419
330
17
100
AcDbEntity
  8
HOLE
100
AcDbCircle
 10
254.8224341143021
 20
77.0
 30
0.0
 40
2.0
  0
CIRCLE
  5
41A
330
17
100
AcDbEntity
  8
HOLE
100
AcDbCircle
 10
260.8896349265474
 20
77.0
 30
0.0
 40
2.0
  0
CIRCLE
  5
41B
330
17
100
AcDbEntity
  8
HOLE
100
AcDbCircle
 10
266.9568357387927
 20
77.0
 30
0.0
 40
2.0
  0
CIRCLE
  5
41C
330
17
100
AcDbEntity
  8
HOLE
100
AcDbCircle
 10
273.02403655103797
 20
77.0
 30
0.0
 40
2.0
  0
CIRCLE
  5
41D
330
17
100
AcDbEntity
  8
HOLE
100
AcDbCircle
 10
279.0912373632832
 20
77.0
 30
0.0
 40
2.0
  0
CIRCLE
  5
41E
330
17
100
AcDbEntity
  8
HOLE
100
AcDbCircle
 10
285.15843817552854
 20
77.0
 30
0.0
 40
2.0
  0
CIRCLE
  5
41F
330
17
100
AcDbEntity
  8
HOLE
100
AcDbCircle
 10
291.22563898777383
 20
77.0
 30
0.0
 40
2.0
  0
CIRCLE
  5
420
330
17
100
AcDbEntity
  8
HOLE
100
AcDbCircle
 10
297.2928398000191
 20
77.0
 30
0.0
 40
2.0
  0
CIRCLE
  5
421
330
17
100
AcDbEntity
  8
HOLE
100
AcDbCircle
 10
303.3600406122644
 20
77.0
 30
0.0
 40
2.0
  0
CIRCLE
  5
422
330
17
100
AcDbEntity
  8
HOLE
100
AcDbCircle
 10
309.42724142450965
 20
77.0
 30
0.0
 40
2.0
  0
CIRCLE
  5
423
330
17
100
AcDbEntity
  8
HOLE
100
AcDbCircle
 10
315.494442236755
 20
77.0
 30
0.0
 40
2.0
  0
CIRCLE
  5
424
330
17
100
AcDbEntity
  8
HOLE
100
AcDbCircle
 10
321.5616430490002
 20
77.0
 30
0.0
 40
2.0
  0
CIRCLE
  5
425
330
17
100
AcDbEntity
  8
HOLE
100
AcDbCircle
 10
327.62884386124557
 20
77.0
 30
0.0
 40
2.0
  0
CIRCLE
  5
426
330
17
100
AcDbEntity
  8
HOLE
100
AcDbCircle
 10
333.69604467349086
 20
77.0
 30
0.0
 40
2.0
  0
CIRCLE
  5
427
330
17
100
AcDbEntity
  8
HOLE
100
AcDbCircle
 10
339.7632454857361
 20
77.0
 30
0.0
 40
2.0
  0
CIRCLE
  5
428
330
17
100
AcDbEntity
  8
HOLE
100
AcDbCircle
 10
345.83044629798144
 20
77.0
 30
0.0
 40
2.0
  0
CIRCLE
  5
429
330
17
100
AcDbEntity
  8
HOLE
100
AcDbCircle
 10
351.89764711022667
 20
77.0
 30
0.0
 40
2.0
  0
CIRCLE
  5
42A
330
17
100
AcDbEntity
  8
HOLE
100
AcDbCircle
 10
357.964847922472
 20
77.0
 30
0.0
 40
2.0
  0
CIRCLE
  5
42B
330
17
100
AcDbEntity
  8
HOLE
100
AcDbCircle
 10
364.03204873471725
 20
77.0
 30
0.0
 40
2.0
  0
CIRCLE
  5
42C
330
17
100
AcDbEntity
  8
HOLE
100
AcDbCircle
 10
370.09924954696254
 20
77.0
 30
0.0
 40
2.0
  0
CIRCLE
  5
42D
330
17
100
AcDbEntity
  8
HOLE
100
AcDbCircle
 10
376.1664503592079
 20
77.0
 30
0.0
 40
2.0
  0
CIRCLE
  5
42E
330
17
100
AcDbEntity
  8
HOLE
100
AcDbCircle
 10
382.2336511714531
 20
77.0
 30
0.0
 40
2.0
  0
CIRCLE
  5
42F
330
17
100
AcDbEntity
  8
HOLE
100
AcDbCircle
 10
388.30085198369846
 20
77.0
 30
0.0
 40
2.0
  0
CIRCLE
  5
430
330
17
100
AcDbEntity
  8
HOLE
100
AcDbCircle
 10
394.3680527959437
 20
77.0
 30
0.0
 40
2.0
  0
CIRCLE
  5
431
330
17
100
AcDbEntity
  8
HOLE
100
AcDbCircle
 10
400.435253608189
 20
77.0
 30
0.0
 40
2.0
  0
CIRCLE
  5
432
330
17
100
AcDbEntity
  8
HOLE
100
AcDbCircle
 10
406.50245442043433
 20
77.0
 30
0.0
 40
2.0
  0
CIRCLE
  5
433
330
17
100
AcDbEntity
  8
HOLE
100
AcDbCircle
 10
412.56965523267957
 20
77.0
 30
0.0
 40
2.0
  0
CIRCLE
  5
434
330
17
100
AcDbEntity
  8
HOLE
100
AcDbCircle
 10
418.6368560449249
 20
77.0
 30
0.0
 40
2.0
  0
CIRCLE
  5
435
330
17
100
AcDbEntity
  8
HOLE
100
AcDbCircle
 10
424.70405685717014
 20
77.0
 30
0.0
 40
2.0
  0
CIRCLE
  5
436
330
17
100
AcDbEntity
  8
HOLE
100
AcDbCircle
 10
430.77125766941543
 20
77.0
 30
0.0
 40
2.0
  0
CIRCLE
  5
437
330
17
100
AcDbEntity
  8
HOLE
100
AcDbCircle
 10
436.8384584816607
 20
77.0
 30
0.0
 40
2.0
  0
CIRCLE
  5
438
330
17
100
AcDbEntity
  8
HOLE
100
AcDbCircle
 10
442.905659293906
 20
77.0
 30
0.0
 40
2.0
  0
CIRCLE
  5
439
330
17
100
AcDbEntity
  8
HOLE
100
AcDbCircle
 10
448.97286010615136
 20
77.0
 30
0.0
 40
2.0
  0
CIRCLE
  5
43A
330
17
100
AcDbEntity
  8
HOLE
100
AcDbCircle
 10
455.0400609183966
 20
77.0
 30
0.0
 40
2.0
  0
CIRCLE
  5
43B
330
17
100
AcDbEntity
  8
HOLE
100
AcDbCircle
 10
461.1072617306419
 20
77.0
 30
0.0
 40
2.0
  0
CIRCLE
  5
43C
330
17
100
AcDbEntity
  8
HOLE
100
AcDbCircle
 10
467.17446254288717
 20
77.0
 30
0.0
 40
2.0
  0
CIRCLE
  5
43D
330
17
100
AcDbEntity
  8
HOLE
100
AcDbCircle
 10
473.24166335513246
 20
77.0
 30
0.0
 40
2.0
  0
CIRCLE
  5
43E
330
17
100
AcDbEntity
  8
HOLE
100
AcDbCircle
 10
479.30886416737775
 20
77.0
 30
0.0
 40
2.0
  0
CIRCLE
  5
43F
330
17
100
AcDbEntity
  8
HOLE
100
AcDbCircle
 10
3.0234833659491196
 20
83.0
 30
0.0
 40
2.0
  0
CIRCLE
  5
440
330
17
100
AcDbEntity
  8
HOLE
100
AcDbCircle
 10
9.090684178194408
 20
83.0
 30
0.0
 40
2.0
  0
CIRCLE
  5
441
330
17
100
AcDbEntity
  8
HOLE
100
AcDbCircle
 10
15.157884990439698
 20
83.0
 30
0.0
 40
2.0
  0
CIRCLE
  5
442
330
17
100
AcDbEntity
  8
HOLE
100
AcDbCircle
 10
21.225085802684983
 20
83.0
 30
0.0
 40
2.0
  0
CIRCLE
  5
443
330
17
100
AcDbEntity
  8
HOLE
100
AcDbCircle
 10
27.292286614930273
 20
83.0
 30
0.0
 40
2.0
  0
CIRCLE
  5
444
330
17
100
AcDbEntity
  8
HOLE
100
AcDbCircle
 10
33.35948742717556
 20
83.0
 30
0.0
 40
2.0
  0
CIRCLE
  5
445
330
17
100
AcDbEntity
  8
HOLE
100
AcDbCircle
 10
39.42668823942085
 20
83.0
 30
0.0
 40
2.0
  0
CIRCLE
  5
446
330
17
100
AcDbEntity
  8
HOLE
100
AcDbCircle
 10
45.49388905166613
 20
83.0
 30
0.0
 40
2.0
  0
CIRCLE
  5
447
330
17
100
AcDbEntity
  8
HOLE
100
AcDbCircle
 10
51.56108986391143
 20
83.0
 30
0.0
 40
2.0
  0
CIRCLE
  5
448
330
17
100
AcDbEntity
  8
HOLE
100
AcDbCircle
 10
57.62829067615671
 20
83.0
 30
0.0
 40
2.0
  0
CIRCLE
  5
449
330
17
100
AcDbEntity
  8
HOLE
100
AcDbCircle
 10
63.695491488402
 20
83.0
 30
0.0
 40
2.0
  0
CIRCLE
  5
44A
330
17
100
AcDbEntity
  8
HOLE
100
AcDbCircle
 10
69.76269230064729
 20
83.0
 30
0.0
 40
2.0
  0
CIRCLE
  5
44B
330
17
100
AcDbEntity
  8
HOLE
100
AcDbCircle
 10
75.82989311289258
 20
83.0
 30
0.0
 40
2.0
  0
CIRCLE
  5
44C
330
17
100
AcDbEntity
  8
HOLE
100
AcDbCircle
 10
81.89709392513787
 20
83.0
 30
0.0
 40
2.0
  0
CIRCLE
  5
44D
330
17
100
AcDbEntity
  8
HOLE
100
AcDbCircle
 10
87.96429473738314
 20
83.0
 30
0.0
 40
2.0
  0
CIRCLE
  5
44E
330
17
100
AcDbEntity
  8
HOLE
100
AcDbCircle
 10
94.03149554962843
 20
83.0
 30
0.0
 40
2.0
  0
CIRCLE
  5
44F
330
17
100
AcDbEntity
  8
HOLE
100
AcDbCircle
 10
100.09869636187373
 20
83.0
 30
0.0
 40
2.0
  0
CIRCLE
  5
450
330
17
100
AcDbEntity
  8
HOLE
100
AcDbCircle
 10
106.16589717411901
 20
83.0
 30
0.0
 40
2.0
  0
CIRCLE
  5
451
330
17
100
AcDbEntity
  8
HOLE
100
AcDbCircle
 10
112.2330979863643
 20
83.0
 30
0.0
 40
2.0
  0
CIRCLE
  5
452
330
17
100
AcDbEntity
  8
HOLE
100
AcDbCircle
 10
118.30029879860959
 20
83.0
 30
0.0
 40
2.0
  0
CIRCLE
  5
453
330
17
100
AcDbEntity
  8
HOLE
100
AcDbCircle
 10
124.36749961085488
 20
83.0
 30
0.0
 40
2.0
  0
CIRCLE
  5
454
330
17
100
AcDbEntity
  8
HOLE
100
AcDbCircle
 10
130.43470042310017
 20
83.0
 30
0.0
 40
2.0
  0
CIRCLE
  5
455
330
17
100
AcDbEntity
  8
HOLE
100
AcDbCircle
 10
136.50190123534546
 20
83.0
 30
0.0
 40
2.0
  0
CIRCLE
  5
456
330
17
100
AcDbEntity
  8
HOLE
100
AcDbCircle
 10
142.56910204759072
 20
83.0
 30
0.0
 40
2.0
  0
CIRCLE
  5
457
330
17
100
AcDbEntity
  8
HOLE
100
AcDbCircle
 10
148.63630285983604
 20
83.0
 30
0.0
 40
2.0
  0
CIRCLE
  5
458
330
17
100
AcDbEntity
  8
HOLE
100
AcDbCircle
 10
154.70350367208133
 20
83.0
 30
0.0
 40
2.0
  0
CIRCLE
  5
459
330
17
100
AcDbEntity
  8
HOLE
100
AcDbCircle
 10
160.77070448432661
 20
83.0
 30
0.0
 40
2.0
  0
CIRCLE
  5
45A
330
17
100
AcDbEntity
  8
HOLE
100
AcDbCircle
 10
166.8379052965719
 20
83.0
 30
0.0
 40
2.0
  0
CIRCLE
  5
45B
330
17
100
AcDbEntity
  8
HOLE
100
AcDbCircle
 10
172.90510610881717
 20
83.0
 30
0.0
 40
2.0
  0
CIRCLE
  5
45C
330
17
100
AcDbEntity
  8
HOLE
100
AcDbCircle
 10
178.97230692106245
 20
83.0
 30
0.0
 40
2.0
  0
CIRCLE
  5
45D
330
17
100
AcDbEntity
  8
HOLE
100
AcDbCircle
 10
185.03950773330774
 20
83.0
 30
0.0
 40
2.0
  0
CIRCLE
  5
45E
330
17
100
AcDbEntity
  8
HOLE
100
AcDbCircle
 10
191.10670854555306
 20
83.0
 30
0.0
 40
2.0
  0
CIRCLE
  5
45F
330
17
100
AcDbEntity
  8
HOLE
100
AcDbCircle
 10
197.17390935779835
 20
83.0
 30
0.0
 40
2.0
  0
CIRCLE
  5
460
330
17
100
AcDbEntity
  8
HOLE
100
AcDbCircle
 10
203.2411101700436
 20
83.0
 30
0.0
 40
2.0
  0
CIRCLE
  5
461
330
17
100
AcDbEntity
  8
HOLE
100
AcDbCircle
 10
209.3083109822889
 20
83.0
 30
0.0
 40
2.0
  0
CIRCLE
  5
462
330
17
100
AcDbEntity
  8
HOLE
100
AcDbCircle
 10
215.3755117945342
 20
83.0
 30
0.0
 40
2.0
  0
CIRCLE
  5
463
330
17
100
AcDbEntity
  8
HOLE
100
AcDbCircle
 10
221.44271260677948
 20
83.0
 30
0.0
 40
2.0
  0
CIRCLE
  5
464
330
17
100
AcDbEntity
  8
HOLE
100
AcDbCircle
 10
227.5099134190248
 20
83.0
 30
0.0
 40
2.0
  0
CIRCLE
  5
465
330
17
100
AcDbEntity
  8
HOLE
100
AcDbCircle
 10
233.57711423127006
 20
83.0
 30
0.0
 40
2.0
  0
CIRCLE
  5
466
330
17
100
AcDbEntity
  8
HOLE
100
AcDbCircle
 10
239.64431504351535
 20
83.0
 30
0.0
 40
2.0
  0
CIRCLE
  5
467
330
17
100
AcDbEntity
  8
HOLE
100
AcDbCircle
 10
245.71151585576064
 20
83.0
 30
0.0
 40
2.0
  0
CIRCLE
  5
468
330
17
100
AcDbEntity
  8
HOLE
100
AcDbCircle
 10
251.7787166680059
 20
83.0
 30
0.0
 40
2.0
  0
CIRCLE
  5
469
330
17
100
AcDbEntity
  8
HOLE
100
AcDbCircle
 10
257.8459174802512
 20
83.0
 30
0.0
 40
2.0
  0
CIRCLE
  5
46A
330
17
100
AcDbEntity
  8
HOLE
100
AcDbCircle
 10
263.9131182924965
 20
83.0
 30
0.0
 40
2.0
  0
CIRCLE
  5
46B
330
17
100
AcDbEntity
  8
HOLE
100
AcDbCircle
 10
269.9803191047418
 20
83.0
 30
0.0
 40
2.0
  0
CIRCLE
  5
46C
330
17
100
AcDbEntity
  8
HOLE
100
AcDbCircle
 10
276.0475199169871
 20
83.0
 30
0.0
 40
2.0
  0
CIRCLE
  5
46D
330
17
100
AcDbEntity
  8
HOLE
100
AcDbCircle
 10
282.1147207292323
 20
83.0
 30
0.0
 40
2.0
  0
CIRCLE
  5
46E
330
17
100
AcDbEntity
  8
HOLE
100
AcDbCircle
 10
288.18192154147766
 20
83.0
 30
0.0
 40
2.0
  0
CIRCLE
  5
46F
330
17
100
AcDbEntity
  8
HOLE
100
AcDbCircle
 10
294.24912235372295
 20
83.0
 30
0.0
 40
2.0
  0
CIRCLE
  5
470
330
17
100
AcDbEntity
  8
HOLE
100
AcDbCircle
 10
300.31632316596824
 20
83.0
 30
0.0
 40
2.0
  0
CIRCLE
  5
471
330
17
100
AcDbEntity
  8
HOLE
100
AcDbCircle
 10
306.38352397821353
 20
83.0
 30
0.0
 40
2.0
  0
CIRCLE
  5
472
330
17
100
AcDbEntity
  8
HOLE
100
AcDbCircle
 10
312.45072479045876
 20
83.0
 30
0.0
 40
2.0
  0
CIRCLE
  5
473
330
17
100
AcDbEntity
  8
HOLE
100
AcDbCircle
 10
318.5179256027041
 20
83.0
 30
0.0
 40
2.0
  0
CIRCLE
  5
474
330
17
100
AcDbEntity
  8
HOLE
100
AcDbCircle
 10
324.58512641494934
 20
83.0
 30
0.0
 40
2.0
  0
CIRCLE
  5
475
330
17
100
AcDbEntity
  8
HOLE
100
AcDbCircle
 10
330.6523272271947
 20
83.0
 30
0.0
 40
2.0
  0
CIRCLE
  5
476
330
17
100
AcDbEntity
  8
HOLE
100
AcDbCircle
 10
336.71952803944
 20
83.0
 30
0.0
 40
2.0
  0
CIRCLE
  5
477
330
17
100
AcDbEntity
  8
HOLE
100
AcDbCircle
 10
342.7867288516852
 20
83.0
 30
0.0
 40
2.0
  0
CIRCLE
  5
478
330
17
100
AcDbEntity
  8
HOLE
100
AcDbCircle
 10
348.85392966393056
 20
83.0
 30
0.0
 40
2.0
  0
CIRCLE
  5
479
330
17
100
AcDbEntity
  8
HOLE
100
AcDbCircle
 10
354.9211304761758
 20
83.0
 30
0.0
 40
2.0
  0
CIRCLE
  5
47A
330
17
100
AcDbEntity
  8
HOLE
100
AcDbCircle
 10
360.98833128842114
 20
83.0
 30
0.0
 40
2.0
  0
CIRCLE
  5
47B
330
17
100
AcDbEntity
  8
HOLE
100
AcDbCircle
 10
367.05553210066637
 20
83.0
 30
0.0
 40
2.0
  0
CIRCLE
  5
47C
330
17
100
AcDbEntity
  8
HOLE
100
AcDbCircle
 10
373.12273291291166
 20
83.0
 30
0.0
 40
2.0
  0
CIRCLE
  5
47D
330
17
100
AcDbEntity
  8
HOLE
100
AcDbCircle
 10
379.189933725157
 20
83.0
 30
0.0
 40
2.0
  0
CIRCLE
  5
47E
330
17
100
AcDbEntity
  8
HOLE
100
AcDbCircle
 10
385.25713453740224
 20
83.0
 30
0.0
 40
2.0
  0
CIRCLE
  5
47F
330
17
100
AcDbEntity
  8
HOLE
100
AcDbCircle
 10
391.3243353496476
 20
83.0
 30
0.0
 40
2.0
  0
CIRCLE
  5
480
330
17
100
AcDbEntity
  8
HOLE
100
AcDbCircle
 10
397.3915361618928
 20
83.0
 30
0.0
 40
2.0
  0
CIRCLE
  5
481
330
17
100
AcDbEntity
  8
HOLE
100
AcDbCircle
 10
403.4587369741381
 20
83.0
 30
0.0
 40
2.0
  0
CIRCLE
  5
482
330
17
100
AcDbEntity
  8
HOLE
100
AcDbCircle
 10
409.52593778638345
 20
83.0
 30
0.0
 40
2.0
  0
CIRCLE
  5
483
330
17
100
AcDbEntity
  8
HOLE
100
AcDbCircle
 10
415.5931385986287
 20
83.0
 30
0.0
 40
2.0
  0
CIRCLE
  5
484
330
17
100
AcDbEntity
  8
HOLE
100
AcDbCircle
 10
421.66033941087403
 20
83.0
 30
0.0
 40
2.0
  0
CIRCLE
  5
485
330
17
100
AcDbEntity
  8
HOLE
100
AcDbCircle
 10
427.72754022311926
 20
83.0
 30
0.0
 40
2.0
  0
CIRCLE
  5
486
330
17
100
AcDbEntity
  8
HOLE
100
AcDbCircle
 10
433.79474103536455
 20
83.0
 30
0.0
 40
2.0
  0
CIRCLE
  5
487
330
17
100
AcDbEntity
  8
HOLE
100
AcDbCircle
 10
439.86194184760984
 20
83.0
 30
0.0
 40
2.0
  0
CIRCLE
  5
488
330
17
100
AcDbEntity
  8
HOLE
100
AcDbCircle
 10
445.92914265985513
 20
83.0
 30
0.0
 40
2.0
  0
CIRCLE
  5
489
330
17
100
AcDbEntity
  8
HOLE
100
AcDbCircle
 10
451.9963434721005
 20
83.0
 30
0.0
 40
2.0
  0
CIRCLE
  5
48A
330
17
100
AcDbEntity
  8
HOLE
100
AcDbCircle
 10
458.0635442843457
 20
83.0
 30
0.0
 40
2.0
  0
CIRCLE
  5
48B
330
17
100
AcDbEntity
  8
HOLE
100
AcDbCircle
 10
464.130745096591
 20
83.0
 30
0.0
 40
2.0
  0
CIRCLE
  5
48C
330
17
100
AcDbEntity
  8
HOLE
100
AcDbCircle
 10
470.1979459088363
 20
83.0
 30
0.0
 40
2.0
  0
CIRCLE
  5
48D
330
17
100
AcDbEntity
  8
HOLE
100
AcDbCircle
 10
476.2651467210816
 20
83.0
 30
0.0
 40
2.0
  0
CIRCLE
  5
48E
330
17
100
AcDbEntity
  8
HOLE
100
AcDbCircle
 10
482.33234753332687
 20
83.0
 30
0.0
 40
2.0
  0
CIRCLE
  5
48F
330
17
100
AcDbEntity
  8
HOLE
100
AcDbCircle
 10
6.0672008122452885
 20
89.0
 30
0.0
 40
2.0
  0
CIRCLE
  5
490
330
17
100
AcDbEntity
  8
HOLE
100
AcDbCircle
 10
12.134401624490577
 20
89.0
 30
0.0
 40
2.0
  0
CIRCLE
  5
491
330
17
100
AcDbEntity
  8
HOLE
100
AcDbCircle
 10
18.201602436735865
 20
89.0
 30
0.0
 40
2.0
  0
CIRCLE
  5
492
330
17
100
AcDbEntity
  8
HOLE
100
AcDbCircle
 10
24.268803248981154
 20
89.0
 30
0.0
 40
2.0
  0
CIRCLE
  5
493
330
17
100
AcDbEntity
  8
HOLE
100
AcDbCircle
 10
30.33600406122644
 20
89.0
 30
0.0
 40
2.0
  0
CIRCLE
  5
494
330
17
100
AcDbEntity
  8
HOLE
100
AcDbCircle
 10
36.40320487347173
 20
89.0
 30
0.0
 40
2.0
  0
CIRCLE
  5
495
330
17
100
AcDbEntity
  8
HOLE
100
AcDbCircle
 10
42.47040568571701
 20
89.0
 30
0.0
 40
2.0
  0
CIRCLE
  5
496
330
17
100
AcDbEntity
  8
HOLE
100
AcDbCircle
 10
48.53760649796231
 20
89.0
 30
0.0
 40
2.0
  0
CIRCLE
  5
497
330
17
100
AcDbEntity
  8
HOLE
100
AcDbCircle
 10
54.60480731020759
 20
89.0
 30
0.0
 40
2.0
  0
CIRCLE
  5
498
330
17
100
AcDbEntity
  8
HOLE
100
AcDbCircle
 10
60.67200812245288
 20
89.0
 30
0.0
 40
2.0
  0
CIRCLE
  5
499
330
17
100
AcDbEntity
  8
HOLE
100
AcDbCircle
 10
66.73920893469817
 20
89.0
 30
0.0
 40
2.0
  0
CIRCLE
  5
49A
330
17
100
AcDbEntity
  8
HOLE
100
AcDbCircle
 10
72.80640974694346
 20
89.0
 30
0.0
 40
2.0
  0
CIRCLE
  5
49B
330
17
100
AcDbEntity
  8
HOLE
100
AcDbCircle
 10
78.87361055918875
 20
89.0
 30
0.0
 40
2.0
  0
CIRCLE
  5
49C
330
17
100
AcDbEntity
  8
HOLE
100
AcDbCircle
 10
84.94081137143402
 20
89.0
 30
0.0
 40
2.0
  0
CIRCLE
  5
49D
330
17
100
AcDbEntity
  8
HOLE
100
AcDbCircle
 10
91.00801218367931
 20
89.0
 30
0.0
 40
2.0
  0
CIRCLE
  5
49E
330
17
100
AcDbEntity
  8
HOLE
100
AcDbCircle
 10
97.07521299592462
 20
89.0
 30
0.0
 40
2.0
  0
CIRCLE
  5
49F
330
17
100
AcDbEntity
  8
HOLE
100
AcDbCircle
 10
103.14241380816989
 20
89.0
 30
0.0
 40
2.0
  0
CIRCLE
  5
4A0
330
17
100
AcDbEntity
  8
HOLE
100
AcDbCircle
 10
109.20961462041518
 20
89.0
 30
0.0
 40
2.0
  0
CIRCLE
  5
4A1
330
17
100
AcDbEntity
  8
HOLE
100
AcDbCircle
 10
115.27681543266047
 20
89.0
 30
0.0
 40
2.0
  0
CIRCLE
  5
4A2
330
17
100
AcDbEntity
  8
HOLE
100
AcDbCircle
 10
121.34401624490576
 20
89.0
 30
0.0
 40
2.0
  0
CIRCLE
  5
4A3
330
17
100
AcDbEntity
  8
HOLE
100
AcDbCircle
 10
127.41121705715105
 20
89.0
 30
0.0
 40
2.0
  0
CIRCLE
  5
4A4
330
17
100
AcDbEntity
  8
HOLE
100
AcDbCircle
 10
133.47841786939634
 20
89.0
 30
0.0
 40
2.0
  0
CIRCLE
  5
4A5
330
17
100
AcDbEntity
  8
HOLE
100
AcDbCircle
 10
139.5456186816416
 20
89.0
 30
0.0
 40
2.0
  0
CIRCLE
  5
4A6
330
17
100
AcDbEntity
  8
HOLE
100
AcDbCircle
 10
145.61281949388692
 20
89.0
 30
0.0
 40
2.0
  0
CIRCLE
  5
4A7
330
17
100
AcDbEntity
  8
HOLE
100
AcDbCircle
 10
151.6800203061322
 20
89.0
 30
0.0
 40
2.0
  0
CIRCLE
  5
4A8
330
17
100
AcDbEntity
  8
HOLE
100
AcDbCircle
 10
157.7472211183775
 20
89.0
 30
0.0
 40
2.0
  0
CIRCLE
  5
4A9
330
17
100
AcDbEntity
  8
HOLE
100
AcDbCircle
 10
163.81442193062279
 20
89.0
 30
0.0
 40
2.0
  0
CIRCLE
  5
4AA
330
17
100
AcDbEntity
  8
HOLE
100
AcDbCircle
 10
169.88162274286805
 20
89.0
 30
0.0
 40
2.0
  0
CIRCLE
  5
4AB
330
17
100
AcDbEntity
  8
HOLE
100
AcDbCircle
 10
175.94882355511334
 20
89.0
 30
0.0
 40
2.0
  0
CIRCLE
  5
4AC
330
17
100
AcDbEntity
  8
HOLE
100
AcDbCircle
 10
182.01602436735863
 20
89.0
 30
0.0
 40
2.0
  0
CIRCLE
  5
4AD
330
17
100
AcDbEntity
  8
HOLE
100
AcDbCircle
 10
188.08322517960394
 20
89.0
 30
0.0
 40
2.0
  0
CIRCLE
  5
4AE
330
17
100
AcDbEntity
  8
HOLE
100
AcDbCircle
 10
194.15042599184923
 20
89.0
 30
0.0
 40
2.0
  0
CIRCLE
  5
4AF
330
17
100
AcDbEntity
  8
HOLE
100
AcDbCircle
 10
200.2176268040945
 20
89.0
 30
0.0
 40
2.0
  0
CIRCLE
  5
4B0
330
17
100
AcDbEntity
  8
HOLE
100
AcDbCircle
 10
206.28482761633978
 20
89.0
 30
0.0
 40
2.0
  0
CIRCLE
  5
4B1
330
17
100
AcDbEntity
  8
HOLE
100
AcDbCircle
 10
212.35202842858507
 20
89.0
 30
0.0
 40
2.0
  0
CIRCLE
  5
4B2
330
17
100
AcDbEntity
  8
HOLE
100
AcDbCircle
 10
218.41922924083036
 20
89.0
 30
0.0
 40
2.0
  0
CIRCLE
  5
4B3
330
17
100
AcDbEntity
  8
HOLE
100
AcDbCircle
 10
224.48643005307568
 20
89.0
 30
0.0
 40
2.0
  0
CIRCLE
  5
4B4
330
17
100
AcDbEntity
  8
HOLE
100
AcDbCircle
 10
230.55363086532094
 20
89.0
 30
0.0
 40
2.0
  0
CIRCLE
  5
4B5
330
17
100
AcDbEntity
  8
HOLE
100
AcDbCircle
 10
236.62083167756623
 20
89.0
 30
0.0
 40
2.0
  0
CIRCLE
  5
4B6
330
17
100
AcDbEntity
  8
HOLE
100
AcDbCircle
 10
242.68803248981152
 20
89.0
 30
0.0
 40
2.0
  0
CIRCLE
  5
4B7
330
17
100
AcDbEntity
  8
HOLE
100
AcDbCircle
 10
248.75523330205678
 20
89.0
 30
0.0
 40
2.0
  0
CIRCLE
  5
4B8
330
17
100
AcDbEntity
  8
HOLE
100
AcDbCircle
 10
254.8224341143021
 20
89.0
 30
0.0
 40
2.0
  0
CIRCLE
  5
4B9
330
17
100
AcDbEntity
  8
HOLE
100
AcDbCircle
 10
260.8896349265474
 20
89.0
 30
0.0
 40
2.0
  0
CIRCLE
  5
4BA
330
17
100
AcDbEntity
  8
HOLE
100
AcDbCircle
 10
266.9568357387927
 20
89.0
 30
0.0
 40
2.0
  0
CIRCLE
  5
4BB
330
17
100
AcDbEntity
  8
HOLE
100
AcDbCircle
 10
273.02403655103797
 20
89.0
 30
0.0
 40
2.0
  0
CIRCLE
  5
4BC
330
17
100
AcDbEntity
  8
HOLE
100
AcDbCircle
 10
279.0912373632832
 20
89.0
 30
0.0
 40
2.0
  0
CIRCLE
  5
4BD
330
17
100
AcDbEntity
  8
HOLE
100
AcDbCircle
 10
285.15843817552854
 20
89.0
 30
0.0
 40
2.0
  0
CIRCLE
  5
4BE
330
17
100
AcDbEntity
  8
HOLE
100
AcDbCircle
 10
291.22563898777383
 20
89.0
 30
0.0
 40
2.0
  0
CIRCLE
  5
4BF
330
17
100
AcDbEntity
  8
HOLE
100
AcDbCircle
 10
297.2928398000191
 20
89.0
 30
0.0
 40
2.0
  0
CIRCLE
  5
4C0
330
17
100
AcDbEntity
  8
HOLE
100
AcDbCircle
 10
303.3600406122644
 20
89.0
 30
0.0
 40
2.0
  0
CIRCLE
  5
4C1
330
17
100
AcDbEntity
  8
HOLE
100
AcDbCircle
 10
309.42724142450965
 20
89.0
 30
0.0
 40
2.0
  0
CIRCLE
  5
4C2
330
17
100
AcDbEntity
  8
HOLE
100
AcDbCircle
 10
315.494442236755
 20
89.0
 30
0.0
 40
2.0
  0
CIRCLE
  5
4C3
330
17
100
AcDbEntity
  8
HOLE
100
AcDbCircle
 10
321.5616430490002
 20
89.0
 30
0.0
 40
2.0
  0
CIRCLE
  5
4C4
330
17
100
AcDbEntity
  8
HOLE
100
AcDbCircle
 10
327.62884386124557
 20
89.0
 30
0.0
 40
2.0
  0
CIRCLE
  5
4C5
330
17
100
AcDbEntity
  8
HOLE
100
AcDbCircle
 10
333.69604467349086
 20
89.0
 30
0.0
 40
2.0
  0
CIRCLE
  5
4C6
330
17
100
AcDbEntity
  8
HOLE
100
AcDbCircle
 10
339.7632454857361
 20
89.0
 30
0.0
 40
2.0
  0
CIRCLE
  5
4C7
330
17
100
AcDbEntity
  8
HOLE
100
AcDbCircle
 10
345.83044629798144
 20
89.0
 30
0.0
 40
2.0
  0
CIRCLE
  5
4C8
330
17
100
AcDbEntity
  8
HOLE
100
AcDbCircle
 10
351.89764711022667
 20
89.0
 30
0.0
 40
2.0
  0
CIRCLE
  5
4C9
330
17
100
AcDbEntity
  8
HOLE
100
AcDbCircle
 10
357.964847922472
 20
89.0
 30
0.0
 40
2.0
  0
CIRCLE
  5
4CA
330
17
100
AcDbEntity
  8
HOLE
100
AcDbCircle
 10
364.03204873471725
 20
89.0
 30
0.0
 40
2.0
  0
CIRCLE
  5
4CB
330
17
100
AcDbEntity
  8
HOLE
100
AcDbCircle
 10
370.09924954696254
 20
89.0
 30
0.0
 40
2.0
  0
CIRCLE
  5
4CC
330
17
100
AcDbEntity
  8
HOLE
100
AcDbCircle
 10
376.1664503592079
 20
89.0
 30
0.0
 40
2.0
  0
CIRCLE
  5
4CD
330
17
100
AcDbEntity
  8
HOLE
100
AcDbCircle
 10
382.2336511714531
 20
89.0
 30
0.0
 40
2.0
  0
CIRCLE
  5
4CE
330
17
100
AcDbEntity
  8
HOLE
100
AcDbCircle
 10
388.30085198369846
 20
89.0
 30
0.0
 40
2.0
  0
CIRCLE
  5
4CF
330
17
100
AcDbEntity
  8
HOLE
100
AcDbCircle
 10
394.3680527959437
 20
89.0
 30
0.0
 40
2.0
  0
CIRCLE
  5
4D0
330
17
100
AcDbEntity
  8
HOLE
100
AcDbCircle
 10
400.435253608189
 20
89.0
 30
0.0
 40
2.0
  0
CIRCLE
  5
4D1
330
17
100
AcDbEntity
  8
HOLE
100
AcDbCircle
 10
406.50245442043433
 20
89.0
 30
0.0
 40
2.0
  0
CIRCLE
  5
4D2
330
17
100
AcDbEntity
  8
HOLE
100
AcDbCircle
 10
412.56965523267957
 20
89.0
 30
0.0
 40
2.0
  0
CIRCLE
  5
4D3
330
17
100
AcDbEntity
  8
HOLE
100
AcDbCircle
 10
418.6368560449249
 20
89.0
 30
0.0
 40
2.0
  0
CIRCLE
  5
4D4
330
17
100
AcDbEntity
  8
HOLE
100
AcDbCircle
 10
424.70405685717014
 20
89.0
 30
0.0
 40
2.0
  0
CIRCLE
  5
4D5
330
17
100
AcDbEntity
  8
HOLE
100
AcDbCircle
 10
430.77125766941543
 20
89.0
 30
0.0
 40
2.0
  0
CIRCLE
  5
4D6
330
17
100
AcDbEntity
  8
HOLE
100
AcDbCircle
 10
436.8384584816607
 20
89.0
 30
0.0
 40
2.0
  0
CIRCLE
  5
4D7
330
17
100
AcDbEntity
  8
HOLE
100
AcDbCircle
 10
442.905659293906
 20
89.0
 30
0.0
 40
2.0
  0
CIRCLE
  5
4D8
330
17
100
AcDbEntity
  8
HOLE
100
AcDbCircle
 10
448.97286010615136
 20
89.0
 30
0.0
 40
2.0
  0
CIRCLE
  5
4D9
330
17
100
AcDbEntity
  8
HOLE
100
AcDbCircle
 10
455.0400609183966
 20
89.0
 30
0.0
 40
2.0
  0
CIRCLE
  5
4DA
330
17
100
AcDbEntity
  8
HOLE
100
AcDbCircle
 10
461.1072617306419
 20
89.0
 30
0.0
 40
2.0
  0
CIRCLE
  5
4DB
330
17
100
AcDbEntity
  8
HOLE
100
AcDbCircle
 10
467.17446254288717
 20
89.0
 30
0.0
 40
2.0
  0
CIRCLE
  5
4DC
330
17
100
AcDbEntity
  8
HOLE
100
AcDbCircle
 10
473.24166335513246
 20
89.0
 30
0.0
 40
2.0
  0
CIRCLE
  5
4DD
330
17
100
AcDbEntity
  8
HOLE
100
AcDbCircle
 10
479.30886416737775
 20
89.0
 30
0.0
 40
2.0
  0
CIRCLE
  5
4DE
330
17
100
AcDbEntity
  8
HOLE
100
AcDbCircle
 10
3.0234833659491196
 20
95.0
 30
0.0
 40
2.0
  0
CIRCLE
  5
4DF
330
17
100
AcDbEntity
  8
HOLE
100
AcDbCircle
 10
9.090684178194408
 20
95.0
 30
0.0
 40
2.0
  0
CIRCLE
  5
4E0
330
17
100
AcDbEntity
  8
HOLE
100
AcDbCircle
 10
15.157884990439698
 20
95.0
 30
0.0
 40
2.0
  0
CIRCLE
  5
4E1
330
17
100
AcDbEntity
  8
HOLE
100
AcDbCircle
 10
21.225085802684983
 20
95.0
 30
0.0
 40
2.0
  0
CIRCLE
  5
4E2
330
17
100
AcDbEntity
  8
HOLE
100
AcDbCircle
 10
27.292286614930273
 20
95.0
 30
0.0
 40
2.0
  0
CIRCLE
  5
4E3
330
17
100
AcDbEntity
  8
HOLE
100
AcDbCircle
 10
33.35948742717556
 20
95.0
 30
0.0
 40
2.0
  0
CIRCLE
  5
4E4
330
17
100
AcDbEntity
  8
HOLE
100
AcDbCircle
 10
39.42668823942085
 20
95.0
 30
0.0
 40
2.0
  0
CIRCLE
  5
4E5
330
17
100
AcDbEntity
  8
HOLE
100
AcDbCircle
 10
45.49388905166613
 20
95.0
 30
0.0
 40
2.0
  0
CIRCLE
  5
4E6
330
17
100
AcDbEntity
  8
HOLE
100
AcDbCircle
 10
51.56108986391143
 20
95.0
 30
0.0
 40
2.0
  0
CIRCLE
  5
4E7
330
17
100
AcDbEntity
  8
HOLE
100
AcDbCircle
 10
57.62829067615671
 20
95.0
 30
0.0
 40
2.0
  0
CIRCLE
  5
4E8
330
17
100
AcDbEntity
  8
HOLE
100
AcDbCircle
 10
63.695491488402
 20
95.0
 30
0.0
 40
2.0
  0
CIRCLE
  5
4E9
330
17
100
AcDbEntity
  8
HOLE
100
AcDbCircle
 10
69.76269230064729
 20
95.0
 30
0.0
 40
2.0
  0
CIRCLE
  5
4EA
330
17
100
AcDbEntity
  8
HOLE
100
AcDbCircle
 10
75.82989311289258
 20
95.0
 30
0.0
 40
2.0
  0
CIRCLE
  5
4EB
330
17
100
AcDbEntity
  8
HOLE
100
AcDbCircle
 10
81.89709392513787
 20
95.0
 30
0.0
 40
2.0
  0
CIRCLE
  5
4EC
330
17
100
AcDbEntity
  8
HOLE
100
AcDbCircle
 10
87.96429473738314
 20
95.0
 30
0.0
 40
2.0
  0
CIRCLE
  5
4ED
330
17
100
AcDbEntity
  8
HOLE
100
AcDbCircle
 10
94.03149554962843
 20
95.0
 30
0.0
 40
2.0
  0
CIRCLE
  5
4EE
330
17
100
AcDbEntity
  8
HOLE
100
AcDbCircle
 10
100.09869636187373
 20
95.0
 30
0.0
 40
2.0
  0
CIRCLE
  5
4EF
330
17
100
AcDbEntity
  8
HOLE
100
AcDbCircle
 10
106.16589717411901
 20
95.0
 30
0.0
 40
2.0
  0
CIRCLE
  5
4F0
330
17
100
AcDbEntity
  8
HOLE
100
AcDbCircle
 10
112.2330979863643
 20
95.0
 30
0.0
 40
2.0
  0
CIRCLE
  5
4F1
330
17
100
AcDbEntity
  8
HOLE
100
AcDbCircle
 10
118.30029879860959
 20
95.0
 30
0.0
 40
2.0
  0
CIRCLE
  5
4F2
330
17
100
AcDbEntity
  8
HOLE
100
AcDbCircle
 10
124.36749961085488
 20
95.0
 30
0.0
 40
2.0
  0
CIRCLE
  5
4F3
330
17
100
AcDbEntity
  8
HOLE
100
AcDbCircle
 10
130.43470042310017
 20
95.0
 30
0.0
 40
2.0
  0
CIRCLE
  5
4F4
330
17
100
AcDbEntity
  8
HOLE
100
AcDbCircle
 10
136.50190123534546
 20
95.0
 30
0.0
 40
2.0
  0
CIRCLE
  5
4F5
330
17
100
AcDbEntity
  8
HOLE
100
AcDbCircle
 10
142.56910204759072
 20
95.0
 30
0.0
 40
2.0
  0
CIRCLE
  5
4F6
330
17
100
AcDbEntity
  8
HOLE
100
AcDbCircle
 10
148.63630285983604
 20
95.0
 30
0.0
 40
2.0
  0
CIRCLE
  5
4F7
330
17
100
AcDbEntity
  8
HOLE
100
AcDbCircle
 10
154.70350367208133
 20
95.0
 30
0.0
 40
2.0
  0
CIRCLE
  5
4F8
330
17
100
AcDbEntity
  8
HOLE
100
AcDbCircle
 10
160.77070448432661
 20
95.0
 30
0.0
 40
2.0
  0
CIRCLE
  5
4F9
330
17
100
AcDbEntity
  8
HOLE
100
AcDbCircle
 10
166.8379052965719
 20
95.0
 30
0.0
 40
2.0
  0
CIRCLE
  5
4FA
330
17
100
AcDbEntity
  8
HOLE
100
AcDbCircle
 10
172.90510610881717
 20
95.0
 30
0.0
 40
2.0
  0
CIRCLE
  5
4FB
330
17
100
AcDbEntity
  8
HOLE
100
AcDbCircle
 10
178.97230692106245
 20
95.0
 30
0.0
 40
2.0
  0
CIRCLE
  5
4FC
330
17
100
AcDbEntity
  8
HOLE
100
AcDbCircle
 10
185.03950773330774
 20
95.0
 30
0.0
 40
2.0
  0
CIRCLE
  5
4FD
330
17
100
AcDbEntity
  8
HOLE
100
AcDbCircle
 10
191.10670854555306
 20
95.0
 30
0.0
 40
2.0
  0
CIRCLE
  5
4FE
330
17
100
AcDbEntity
  8
HOLE
100
AcDbCircle
 10
197.17390935779835
 20
95.0
 30
0.0
 40
2.0
  0
CIRCLE
  5
4FF
330
17
100
AcDbEntity
  8
HOLE
100
AcDbCircle
 10
203.2411101700436
 20
95.0
 30
0.0
 40
2.0
  0
CIRCLE
  5
500
330
17
100
AcDbEntity
  8
HOLE
100
AcDbCircle
 10
209.3083109822889
 20
95.0
 30
0.0
 40
2.0
  0
CIRCLE
  5
501
330
17
100
AcDbEntity
  8
HOLE
100
AcDbCircle
 10
215.3755117945342
 20
95.0
 30
0.0
 40
2.0
  0
CIRCLE
  5
502
330
17
100
AcDbEntity
  8
HOLE
100
AcDbCircle
 10
221.44271260677948
 20
95.0
 30
0.0
 40
2.0
  0
CIRCLE
  5
503
330
17
100
AcDbEntity
  8
HOLE
100
AcDbCircle
 10
227.5099134190248
 20
95.0
 30
0.0
 40
2.0
  0
CIRCLE
  5
504
330
17
100
AcDbEntity
  8
HOLE
100
AcDbCircle
 10
233.57711423127006
 20
95.0
 30
0.0
 40
2.0
  0
CIRCLE
  5
505
330
17
100
AcDbEntity
  8
HOLE
100
AcDbCircle
 10
239.64431504351535
 20
95.0
 30
0.0
 40
2.0
  0
CIRCLE
  5
506
330
17
100
AcDbEntity
  8
HOLE
100
AcDbCircle
 10
245.71151585576064
 20
95.0
 30
0.0
 40
2.0
  0
CIRCLE
  5
507
330
17
100
AcDbEntity
  8
HOLE
100
AcDbCircle
 10
251.7787166680059
 20
95.0
 30
0.0
 40
2.0
  0
CIRCLE
  5
508
330
17
100
AcDbEntity
  8
HOLE
100
AcDbCircle
 10
257.8459174802512
 20
95.0
 30
0.0
 40
2.0
  0
CIRCLE
  5
509
330
17
100
AcDbEntity
  8
HOLE
100
AcDbCircle
 10
263.9131182924965
 20
95.0
 30
0.0
 40
2.0
  0
CIRCLE
  5
50A
330
17
100
AcDbEntity
  8
HOLE
100
AcDbCircle
 10
269.9803191047418
 20
95.0
 30
0.0
 40
2.0
  0
CIRCLE
  5
50B
330
17
100
AcDbEntity
  8
HOLE
100
AcDbCircle
 10
276.0475199169871
 20
95.0
 30
0.0
 40
2.0
  0
CIRCLE
  5
50C
330
17
100
AcDbEntity
  8
HOLE
100
AcDbCircle
 10
282.1147207292323
 20
95.0
 30
0.0
 40
2.0
  0
CIRCLE
  5
50D
330
17
100
AcDbEntity
  8
HOLE
100
AcDbCircle
 10
288.18192154147766
 20
95.0
 30
0.0
 40
2.0
  0
CIRCLE
  5
50E
330
17
100
AcDbEntity
  8
HOLE
100
AcDbCircle
 10
294.24912235372295
 20
95.0
 30
0.0
 40
2.0
  0
CIRCLE
  5
50F
330
17
100
AcDbEntity
  8
HOLE
100
AcDbCircle
 10
300.31632316596824
 20
95.0
 30
0.0
 40
2.0
  0
CIRCLE
  5
510
330
17
100
AcDbEntity
  8
HOLE
100
AcDbCircle
 10
306.38352397821353
 20
95.0
 30
0.0
 40
2.0
  0
CIRCLE
  5
511
330
17
100
AcDbEntity
  8
HOLE
100
AcDbCircle
 10
312.45072479045876
 20
95.0
 30
0.0
 40
2.0
  0
CIRCLE
  5
512
330
17
100
AcDbEntity
  8
HOLE
100
AcDbCircle
 10
318.5179256027041
 20
95.0
 30
0.0
 40
2.0
  0
CIRCLE
  5
513
330
17
100
AcDbEntity
  8
HOLE
100
AcDbCircle
 10
324.58512641494934
 20
95.0
 30
0.0
 40
2.0
  0
CIRCLE
  5
514
330
17
100
AcDbEntity
  8
HOLE
100
AcDbCircle
 10
330.6523272271947
 20
95.0
 30
0.0
 40
2.0
  0
CIRCLE
  5
515
330
17
100
AcDbEntity
  8
HOLE
100
AcDbCircle
 10
336.71952803944
 20
95.0
 30
0.0
 40
2.0
  0
CIRCLE
  5
516
330
17
100
AcDbEntity
  8
HOLE
100
AcDbCircle
 10
342.7867288516852
 20
95.0
 30
0.0
 40
2.0
  0
CIRCLE
  5
517
330
17
100
AcDbEntity
  8
HOLE
100
AcDbCircle
 10
348.85392966393056
 20
95.0
 30
0.0
 40
2.0
  0
CIRCLE
  5
518
330
17
100
AcDbEntity
  8
HOLE
100
AcDbCircle
 10
354.9211304761758
 20
95.0
 30
0.0
 40
2.0
  0
CIRCLE
  5
519
330
17
100
AcDbEntity
  8
HOLE
100
AcDbCircle
 10
360.98833128842114
 20
95.0
 30
0.0
 40
2.0
  0
CIRCLE
  5
51A
330
17
100
AcDbEntity
  8
HOLE
100
AcDbCircle
 10
367.05553210066637
 20
95.0
 30
0.0
 40
2.0
  0
CIRCLE
  5
51B
330
17
100
AcDbEntity
  8
HOLE
100
AcDbCircle
 10
373.12273291291166
 20
95.0
 30
0.0
 40
2.0
  0
CIRCLE
  5
51C
330
17
100
AcDbEntity
  8
HOLE
100
AcDbCircle
 10
379.189933725157
 20
95.0
 30
0.0
 40
2.0
  0
CIRCLE
  5
51D
330
17
100
AcDbEntity
  8
HOLE
100
AcDbCircle
 10
385.25713453740224
 20
95.0
 30
0.0
 40
2.0
  0
CIRCLE
  5
51E
330
17
100
AcDbEntity
  8
HOLE
100
AcDbCircle
 10
391.3243353496476
 20
95.0
 30
0.0
 40
2.0
  0
CIRCLE
  5
51F
330
17
100
AcDbEntity
  8
HOLE
100
AcDbCircle
 10
397.3915361618928
 20
95.0
 30
0.0
 40
2.0
  0
CIRCLE
  5
520
330
17
100
AcDbEntity
  8
HOLE
100
AcDbCircle
 10
403.4587369741381
 20
95.0
 30
0.0
 40
2.0
  0
CIRCLE
  5
521
330
17
100
AcDbEntity
  8
HOLE
100
AcDbCircle
 10
409.52593778638345
 20
95.0
 30
0.0
 40
2.0
  0
CIRCLE
  5
522
330
17
100
AcDbEntity
  8
HOLE
100
AcDbCircle
 10
415.5931385986287
 20
95.0
 30
0.0
 40
2.0
  0
CIRCLE
  5
523
330
17
100
AcDbEntity
  8
HOLE
100
AcDbCircle
 10
421.66033941087403
 20
95.0
 30
0.0
 40
2.0
  0
CIRCLE
  5
524
330
17
100
AcDbEntity
  8
HOLE
100
AcDbCircle
 10
427.72754022311926
 20
95.0
 30
0.0
 40
2.0
  0
CIRCLE
  5
525
330
17
100
AcDbEntity
  8
HOLE
100
AcDbCircle
 10
433.79474103536455
 20
95.0
 30
0.0
 40
2.0
  0
CIRCLE
  5
526
330
17
100
AcDbEntity
  8
HOLE
100
AcDbCircle
 10
439.86194184760984
 20
95.0
 30
0.0
 40
2.0
  0
CIRCLE
  5
527
330
17
100
AcDbEntity
  8
HOLE
100
AcDbCircle
 10
445.92914265985513
 20
95.0
 30
0.0
 40
2.0
  0
CIRCLE
  5
528
330
17
100
AcDbEntity
  8
HOLE
100
AcDbCircle
 10
451.9963434721005
 20
95.0
 30
0.0
 40
2.0
  0
CIRCLE
  5
529
330
17
100
AcDbEntity
  8
HOLE
100
AcDbCircle
 10
458.0635442843457
 20
95.0
 30
0.0
 40
2.0
  0
CIRCLE
  5
52A
330
17
100
AcDbEntity
  8
HOLE
100
AcDbCircle
 10
464.130745096591
 20
95.0
 30
0.0
 40
2.0
  0
CIRCLE
  5
52B
330
17
100
AcDbEntity
  8
HOLE
100
AcDbCircle
 10
470.1979459088363
 20
95.0
 30
0.0
 40
2.0
  0
CIRCLE
  5
52C
330
17
100
AcDbEntity
  8
HOLE
100
AcDbCircle
 10
476.2651467210816
 20
95.0
 30
0.0
 40
2.0
  0
CIRCLE
  5
52D
330
17
100
AcDbEntity
  8
HOLE
100
AcDbCircle
 10
482.33234753332687
 20
95.0
 30
0.0
 40
2.0
  0
CIRCLE
  5
52E
330
17
100
AcDbEntity
  8
HOLE
100
AcDbCircle
 10
18.201602436735865
 20
101.0
 30
0.0
 40
2.0
  0
CIRCLE
  5
52F
330
17
100
AcDbEntity
  8
HOLE
100
AcDbCircle
 10
24.268803248981154
 20
101.0
 30
0.0
 40
2.0
  0
CIRCLE
  5
530
330
17
100
AcDbEntity
  8
HOLE
100
AcDbCircle
 10
30.33600406122644
 20
101.0
 30
0.0
 40
2.0
  0
CIRCLE
  5
531
330
17
100
AcDbEntity
  8
HOLE
100
AcDbCircle
 10
36.40320487347173
 20
101.0
 30
0.0
 40
2.0
  0
CIRCLE
  5
532
330
17
100
AcDbEntity
  8
HOLE
100
AcDbCircle
 10
42.47040568571701
 20
101.0
 30
0.0
 40
2.0
  0
CIRCLE
  5
533
330
17
100
AcDbEntity
  8
HOLE
100
AcDbCircle
 10
48.53760649796231
 20
101.0
 30
0.0
 40
2.0
  0
CIRCLE
  5
534
330
17
100
AcDbEntity
  8
HOLE
100
AcDbCircle
 10
54.60480731020759
 20
101.0
 30
0.0
 40
2.0
  0
CIRCLE
  5
535
330
17
100
AcDbEntity
  8
HOLE
100
AcDbCircle
 10
60.67200812245288
 20
101.0
 30
0.0
 40
2.0
  0
CIRCLE
  5
536
330
17
100
AcDbEntity
  8
HOLE
100
AcDbCircle
 10
66.73920893469817
 20
101.0
 30
0.0
 40
2.0
  0
CIRCLE
  5
537
330
17
100
AcDbEntity
  8
HOLE
100
AcDbCircle
 10
72.80640974694346
 20
101.0
 30
0.0
 40
2.0
  0
CIRCLE
  5
538
330
17
100
AcDbEntity
  8
HOLE
100
AcDbCircle
 10
78.87361055918875
 20
101.0
 30
0.0
 40
2.0
  0
CIRCLE
  5
539
330
17
100
AcDbEntity
  8
HOLE
100
AcDbCircle
 10
84.94081137143402
 20
101.0
 30
0.0
 40
2.0
  0
CIRCLE
  5
53A
330
17
100
AcDbEntity
  8
HOLE
100
AcDbCircle
 10
91.00801218367931
 20
101.0
 30
0.0
 40
2.0
  0
CIRCLE
  5
53B
330
17
100
AcDbEntity
  8
HOLE
100
AcDbCircle
 10
97.07521299592462
 20
101.0
 30
0.0
 40
2.0
  0
CIRCLE
  5
53C
330
17
100
AcDbEntity
  8
HOLE
100
AcDbCircle
 10
115.27681543266047
 20
101.0
 30
0.0
 40
2.0
  0
CIRCLE
  5
53D
330
17
100
AcDbEntity
  8
HOLE
100
AcDbCircle
 10
121.34401624490576
 20
101.0
 30
0.0
 40
2.0
  0
CIRCLE
  5
53E
330
17
100
AcDbEntity
  8
HOLE
100
AcDbCircle
 10
127.41121705715105
 20
101.0
 30
0.0
 40
2.0
  0
CIRCLE
  5
53F
330
17
100
AcDbEntity
  8
HOLE
100
AcDbCircle
 10
133.47841786939634
 20
101.0
 30
0.0
 40
2.0
  0
CIRCLE
  5
540
330
17
100
AcDbEntity
  8
HOLE
100
AcDbCircle
 10
139.5456186816416
 20
101.0
 30
0.0
 40
2.0
  0
CIRCLE
  5
541
330
17
100
AcDbEntity
  8
HOLE
100
AcDbCircle
 10
145.61281949388692
 20
101.0
 30
0.0
 40
2.0
  0
CIRCLE
  5
542
330
17
100
AcDbEntity
  8
HOLE
100
AcDbCircle
 10
151.6800203061322
 20
101.0
 30
0.0
 40
2.0
  0
CIRCLE
  5
543
330
17
100
AcDbEntity
  8
HOLE
100
AcDbCircle
 10
157.7472211183775
 20
101.0
 30
0.0
 40
2.0
  0
CIRCLE
  5
544
330
17
100
AcDbEntity
  8
HOLE
100
AcDbCircle
 10
163.81442193062279
 20
101.0
 30
0.0
 40
2.0
  0
CIRCLE
  5
545
330
17
100
AcDbEntity
  8
HOLE
100
AcDbCircle
 10
169.88162274286805
 20
101.0
 30
0.0
 40
2.0
  0
CIRCLE
  5
546
330
17
100
AcDbEntity
  8
HOLE
100
AcDbCircle
 10
175.94882355511334
 20
101.0
 30
0.0
 40
2.0
  0
CIRCLE
  5
547
330
17
100
AcDbEntity
  8
HOLE
100
AcDbCircle
 10
182.01602436735863
 20
101.0
 30
0.0
 40
2.0
  0
CIRCLE
  5
548
330
17
100
AcDbEntity
  8
HOLE
100
AcDbCircle
 10
188.08322517960394
 20
101.0
 30
0.0
 40
2.0
  0
CIRCLE
  5
549
330
17
100
AcDbEntity
  8
HOLE
100
AcDbCircle
 10
206.28482761633978
 20
101.0
 30
0.0
 40
2.0
  0
CIRCLE
  5
54A
330
17
100
AcDbEntity
  8
HOLE
100
AcDbCircle
 10
212.35202842858507
 20
101.0
 30
0.0
 40
2.0
  0
CIRCLE
  5
54B
330
17
100
AcDbEntity
  8
HOLE
100
AcDbCircle
 10
218.41922924083036
 20
101.0
 30
0.0
 40
2.0
  0
CIRCLE
  5
54C
330
17
100
AcDbEntity
  8
HOLE
100
AcDbCircle
 10
224.48643005307568
 20
101.0
 30
0.0
 40
2.0
  0
CIRCLE
  5
54D
330
17
100
AcDbEntity
  8
HOLE
100
AcDbCircle
 10
230.55363086532094
 20
101.0
 30
0.0
 40
2.0
  0
CIRCLE
  5
54E
330
17
100
AcDbEntity
  8
HOLE
100
AcDbCircle
 10
236.62083167756623
 20
101.0
 30
0.0
 40
2.0
  0
CIRCLE
  5
54F
330
17
100
AcDbEntity
  8
HOLE
100
AcDbCircle
 10
242.68803248981152
 20
101.0
 30
0.0
 40
2.0
  0
CIRCLE
  5
550
330
17
100
AcDbEntity
  8
HOLE
100
AcDbCircle
 10
248.75523330205678
 20
101.0
 30
0.0
 40
2.0
  0
CIRCLE
  5
551
330
17
100
AcDbEntity
  8
HOLE
100
AcDbCircle
 10
254.8224341143021
 20
101.0
 30
0.0
 40
2.0
  0
CIRCLE
  5
552
330
17
100
AcDbEntity
  8
HOLE
100
AcDbCircle
 10
260.8896349265474
 20
101.0
 30
0.0
 40
2.0
  0
CIRCLE
  5
553
330
17
100
AcDbEntity
  8
HOLE
100
AcDbCircle
 10
266.9568357387927
 20
101.0
 30
0.0
 40
2.0
  0
CIRCLE
  5
554
330
17
100
AcDbEntity
  8
HOLE
100
AcDbCircle
 10
273.02403655103797
 20
101.0
 30
0.0
 40
2.0
  0
CIRCLE
  5
555
330
17
100
AcDbEntity
  8
HOLE
100
AcDbCircle
 10
279.0912373632832
 20
101.0
 30
0.0
 40
2.0
  0
CIRCLE
  5
556
330
17
100
AcDbEntity
  8
HOLE
100
AcDbCircle
 10
285.15843817552854
 20
101.0
 30
0.0
 40
2.0
  0
CIRCLE
  5
557
330
17
100
AcDbEntity
  8
HOLE
100
AcDbCircle
 10
303.3600406122644
 20
101.0
 30
0.0
 40
2.0
  0
CIRCLE
  5
558
330
17
100
AcDbEntity
  8
HOLE
100
AcDbCircle
 10
309.42724142450965
 20
101.0
 30
0.0
 40
2.0
  0
CIRCLE
  5
559
330
17
100
AcDbEntity
  8
HOLE
100
AcDbCircle
 10
315.494442236755
 20
101.0
 30
0.0
 40
2.0
  0
CIRCLE
  5
55A
330
17
100
AcDbEntity
  8
HOLE
100
AcDbCircle
 10
321.5616430490002
 20
101.0
 30
0.0
 40
2.0
  0
CIRCLE
  5
55B
330
17
100
AcDbEntity
  8
HOLE
100
AcDbCircle
 10
327.62884386124557
 20
101.0
 30
0.0
 40
2.0
  0
CIRCLE
  5
55C
330
17
100
AcDbEntity
  8
HOLE
100
AcDbCircle
 10
333.69604467349086
 20
101.0
 30
0.0
 40
2.0
  0
CIRCLE
  5
55D
330
17
100
AcDbEntity
  8
HOLE
100
AcDbCircle
 10
339.7632454857361
 20
101.0
 30
0.0
 40
2.0
  0
CIRCLE
  5
55E
330
17
100
AcDbEntity
  8
HOLE
100
AcDbCircle
 10
345.83044629798144
 20
101.0
 30
0.0
 40
2.0
  0
CIRCLE
  5
55F
330
17
100
AcDbEntity
  8
HOLE
100
AcDbCircle
 10
351.89764711022667
 20
101.0
 30
0.0
 40
2.0
  0
CIRCLE
  5
560
330
17
100
AcDbEntity
  8
HOLE
100
AcDbCircle
 10
357.964847922472
 20
101.0
 30
0.0
 40
2.0
  0
CIRCLE
  5
561
330
17
100
AcDbEntity
  8
HOLE
100
AcDbCircle
 10
364.03204873471725
 20
101.0
 30
0.0
 40
2.0
  0
CIRCLE
  5
562
330
17
100
AcDbEntity
  8
HOLE
100
AcDbCircle
 10
370.09924954696254
 20
101.0
 30
0.0
 40
2.0
  0
CIRCLE
  5
563
330
17
100
AcDbEntity
  8
HOLE
100
AcDbCircle
 10
376.1664503592079
 20
101.0
 30
0.0
 40
2.0
  0
CIRCLE
  5
564
330
17
100
AcDbEntity
  8
HOLE
100
AcDbCircle
 10
382.2336511714531
 20
101.0
 30
0.0
 40
2.0
  0
CIRCLE
  5
565
330
17
100
AcDbEntity
  8
HOLE
100
AcDbCircle
 10
388.30085198369846
 20
101.0
 30
0.0
 40
2.0
  0
CIRCLE
  5
566
330
17
100
AcDbEntity
  8
HOLE
100
AcDbCircle
 10
394.3680527959437
 20
101.0
 30
0.0
 40
2.0
  0
CIRCLE
  5
567
330
17
100
AcDbEntity
  8
HOLE
100
AcDbCircle
 10
400.435253608189
 20
101.0
 30
0.0
 40
2.0
  0
CIRCLE
  5
568
330
17
100
AcDbEntity
  8
HOLE
100
AcDbCircle
 10
406.50245442043433
 20
101.0
 30
0.0
 40
2.0
  0
CIRCLE
  5
569
330
17
100
AcDbEntity
  8
HOLE
100
AcDbCircle
 10
412.56965523267957
 20
101.0
 30
0.0
 40
2.0
  0
CIRCLE
  5
56A
330
17
100
AcDbEntity
  8
HOLE
100
AcDbCircle
 10
418.6368560449249
 20
101.0
 30
0.0
 40
2.0
  0
CIRCLE
  5
56B
330
17
100
AcDbEntity
  8
HOLE
100
AcDbCircle
 10
424.70405685717014
 20
101.0
 30
0.0
 40
2.0
  0
CIRCLE
  5
56C
330
17
100
AcDbEntity
  8
HOLE
100
AcDbCircle
 10
430.77125766941543
 20
101.0
 30
0.0
 40
2.0
  0
CIRCLE
  5
56D
330
17
100
AcDbEntity
  8
HOLE
100
AcDbCircle
 10
436.8384584816607
 20
101.0
 30
0.0
 40
2.0
  0
CIRCLE
  5
56E
330
17
100
AcDbEntity
  8
HOLE
100
AcDbCircle
 10
442.905659293906
 20
101.0
 30
0.0
 40
2.0
  0
CIRCLE
  5
56F
330
17
100
AcDbEntity
  8
HOLE
100
AcDbCircle
 10
448.97286010615136
 20
101.0
 30
0.0
 40
2.0
  0
CIRCLE
  5
570
330
17
100
AcDbEntity
  8
HOLE
100
AcDbCircle
 10
455.0400609183966
 20
101.0
 30
0.0
 40
2.0
  0
CIRCLE
  5
571
330
17
100
AcDbEntity
  8
HOLE
100
AcDbCircle
 10
461.1072617306419
 20
101.0
 30
0.0
 40
2.0
  0
CIRCLE
  5
572
330
17
100
AcDbEntity
  8
HOLE
100
AcDbCircle
 10
467.17446254288717
 20
101.0
 30
0.0
 40
2.0
  0
CIRCLE
  5
573
330
17
100
AcDbEntity
  8
HOLE
100
AcDbCircle
 10
473.24166335513246
 20
101.0
 30
0.0
 40
2.0
  0
CIRCLE
  5
574
330
17
100
AcDbEntity
  8
HOLE
100
AcDbCircle
 10
479.30886416737775
 20
101.0
 30
0.0
 40
2.0
  0
CIRCLE
  5
575
330
17
100
AcDbEntity
  8
HOLE
100
AcDbCircle
 10
3.0234833659491196
 20
107.0
 30
0.0
 40
2.0
  0
CIRCLE
  5
576
330
17
100
AcDbEntity
  8
HOLE
100
AcDbCircle
 10
15.157884990439698
 20
107.0
 30
0.0
 40
2.0
  0
CIRCLE
  5
577
330
17
100
AcDbEntity
  8
HOLE
100
AcDbCircle
 10
21.225085802684983
 20
107.0
 30
0.0
 40
2.0
  0
CIRCLE
  5
578
330
17
100
AcDbEntity
  8
HOLE
100
AcDbCircle
 10
27.292286614930273
 20
107.0
 30
0.0
 40
2.0
  0
CIRCLE
  5
579
330
17
100
AcDbEntity
  8
HOLE
100
AcDbCircle
 10
33.35948742717556
 20
107.0
 30
0.0
 40
2.0
  0
CIRCLE
  5
57A
330
17
100
AcDbEntity
  8
HOLE
100
AcDbCircle
 10
39.42668823942085
 20
107.0
 30
0.0
 40
2.0
  0
CIRCLE
  5
57B
330
17
100
AcDbEntity
  8
HOLE
100
AcDbCircle
 10
45.49388905166613
 20
107.0
 30
0.0
 40
2.0
  0
CIRCLE
  5
57C
330
17
100
AcDbEntity
  8
HOLE
100
AcDbCircle
 10
51.56108986391143
 20
107.0
 30
0.0
 40
2.0
  0
CIRCLE
  5
57D
330
17
100
AcDbEntity
  8
HOLE
100
AcDbCircle
 10
57.62829067615671
 20
107.0
 30
0.0
 40
2.0
  0
CIRCLE
  5
57E
330
17
100
AcDbEntity
  8
HOLE
100
AcDbCircle
 10
63.695491488402
 20
107.0
 30
0.0
 40
2.0
  0
CIRCLE
  5
57F
330
17
100
AcDbEntity
  8
HOLE
100
AcDbCircle
 10
69.76269230064729
 20
107.0
 30
0.0
 40
2.0
  0
CIRCLE
  5
580
330
17
100
AcDbEntity
  8
HOLE
100
AcDbCircle
 10
75.82989311289258
 20
107.0
 30
0.0
 40
2.0
  0
CIRCLE
  5
581
330
17
100
AcDbEntity
  8
HOLE
100
AcDbCircle
 10
81.89709392513787
 20
107.0
 30
0.0
 40
2.0
  0
CIRCLE
  5
582
330
17
100
AcDbEntity
  8
HOLE
100
AcDbCircle
 10
87.96429473738314
 20
107.0
 30
0.0
 40
2.0
  0
CIRCLE
  5
583
330
17
100
AcDbEntity
  8
HOLE
100
AcDbCircle
 10
94.03149554962843
 20
107.0
 30
0.0
 40
2.0
  0
CIRCLE
  5
584
330
17
100
AcDbEntity
  8
HOLE
100
AcDbCircle
 10
112.2330979863643
 20
107.0
 30
0.0
 40
2.0
  0
CIRCLE
  5
585
330
17
100
AcDbEntity
  8
HOLE
100
AcDbCircle
 10
118.30029879860959
 20
107.0
 30
0.0
 40
2.0
  0
CIRCLE
  5
586
330
17
100
AcDbEntity
  8
HOLE
100
AcDbCircle
 10
124.36749961085488
 20
107.0
 30
0.0
 40
2.0
  0
CIRCLE
  5
587
330
17
100
AcDbEntity
  8
HOLE
100
AcDbCircle
 10
130.43470042310017
 20
107.0
 30
0.0
 40
2.0
  0
CIRCLE
  5
588
330
17
100
AcDbEntity
  8
HOLE
100
AcDbCircle
 10
136.50190123534546
 20
107.0
 30
0.0
 40
2.0
  0
CIRCLE
  5
589
330
17
100
AcDbEntity
  8
HOLE
100
AcDbCircle
 10
142.56910204759072
 20
107.0
 30
0.0
 40
2.0
  0
CIRCLE
  5
58A
330
17
100
AcDbEntity
  8
HOLE
100
AcDbCircle
 10
148.63630285983604
 20
107.0
 30
0.0
 40
2.0
  0
CIRCLE
  5
58B
330
17
100
AcDbEntity
  8
HOLE
100
AcDbCircle
 10
154.70350367208133
 20
107.0
 30
0.0
 40
2.0
  0
CIRCLE
  5
58C
330
17
100
AcDbEntity
  8
HOLE
100
AcDbCircle
 10
160.77070448432661
 20
107.0
 30
0.0
 40
2.0
  0
CIRCLE
  5
58D
330
17
100
AcDbEntity
  8
HOLE
100
AcDbCircle
 10
166.8379052965719
 20
107.0
 30
0.0
 40
2.0
  0
CIRCLE
  5
58E
330
17
100
AcDbEntity
  8
HOLE
100
AcDbCircle
 10
172.90510610881717
 20
107.0
 30
0.0
 40
2.0
  0
CIRCLE
  5
58F
330
17
100
AcDbEntity
  8
HOLE
100
AcDbCircle
 10
178.97230692106245
 20
107.0
 30
0.0
 40
2.0
  0
CIRCLE
  5
590
330
17
100
AcDbEntity
  8
HOLE
100
AcDbCircle
 10
185.03950773330774
 20
107.0
 30
0.0
 40
2.0
  0
CIRCLE
  5
591
330
17
100
AcDbEntity
  8
HOLE
100
AcDbCircle
 10
191.10670854555306
 20
107.0
 30
0.0
 40
2.0
  0
CIRCLE
  5
592
330
17
100
AcDbEntity
  8
HOLE
100
AcDbCircle
 10
209.3083109822889
 20
107.0
 30
0.0
 40
2.0
  0
CIRCLE
  5
593
330
17
100
AcDbEntity
  8
HOLE
100
AcDbCircle
 10
215.3755117945342
 20
107.0
 30
0.0
 40
2.0
  0
CIRCLE
  5
594
330
17
100
AcDbEntity
  8
HOLE
100
AcDbCircle
 10
221.44271260677948
 20
107.0
 30
0.0
 40
2.0
  0
CIRCLE
  5
595
330
17
100
AcDbEntity
  8
HOLE
100
AcDbCircle
 10
227.5099134190248
 20
107.0
 30
0.0
 40
2.0
  0
CIRCLE
  5
596
330
17
100
AcDbEntity
  8
HOLE
100
AcDbCircle
 10
233.57711423127006
 20
107.0
 30
0.0
 40
2.0
  0
CIRCLE
  5
597
330
17
100
AcDbEntity
  8
HOLE
100
AcDbCircle
 10
239.64431504351535
 20
107.0
 30
0.0
 40
2.0
  0
CIRCLE
  5
598
330
17
100
AcDbEntity
  8
HOLE
100
AcDbCircle
 10
245.71151585576064
 20
107.0
 30
0.0
 40
2.0
  0
CIRCLE
  5
599
330
17
100
AcDbEntity
  8
HOLE
100
AcDbCircle
 10
251.7787166680059
 20
107.0
 30
0.0
 40
2.0
  0
CIRCLE
  5
59A
330
17
100
AcDbEntity
  8
HOLE
100
AcDbCircle
 10
257.8459174802512
 20
107.0
 30
0.0
 40
2.0
  0
CIRCLE
  5
59B
330
17
100
AcDbEntity
  8
HOLE
100
AcDbCircle
 10
263.9131182924965
 20
107.0
 30
0.0
 40
2.0
  0
CIRCLE
  5
59C
330
17
100
AcDbEntity
  8
HOLE
100
AcDbCircle
 10
269.9803191047418
 20
107.0
 30
0.0
 40
2.0
  0
CIRCLE
  5
59D
330
17
100
AcDbEntity
  8
HOLE
100
AcDbCircle
 10
276.0475199169871
 20
107.0
 30
0.0
 40
2.0
  0
CIRCLE
  5
59E
330
17
100
AcDbEntity
  8
HOLE
100
AcDbCircle
 10
282.1147207292323
 20
107.0
 30
0.0
 40
2.0
  0
CIRCLE
  5
59F
330
17
100
AcDbEntity
  8
HOLE
100
AcDbCircle
 10
288.18192154147766
 20
107.0
 30
0.0
 40
2.0
  0
CIRCLE
  5
5A0
330
17
100
AcDbEntity
  8
HOLE
100
AcDbCircle
 10
300.31632316596824
 20
107.0
 30
0.0
 40
2.0
  0
CIRCLE
  5
5A1
330
17
100
AcDbEntity
  8
HOLE
100
AcDbCircle
 10
306.38352397821353
 20
107.0
 30
0.0
 40
2.0
  0
CIRCLE
  5
5A2
330
17
100
AcDbEntity
  8
HOLE
100
AcDbCircle
 10
312.45072479045876
 20
107.0
 30
0.0
 40
2.0
  0
CIRCLE
  5
5A3
330
17
100
AcDbEntity
  8
HOLE
100
AcDbCircle
 10
318.5179256027041
 20
107.0
 30
0.0
 40
2.0
  0
CIRCLE
  5
5A4
330
17
100
AcDbEntity
  8
HOLE
100
AcDbCircle
 10
324.58512641494934
 20
107.0
 30
0.0
 40
2.0
  0
CIRCLE
  5
5A5
330
17
100
AcDbEntity
  8
HOLE
100
AcDbCircle
 10
330.6523272271947
 20
107.0
 30
0.0
 40
2.0
  0
CIRCLE
  5
5A6
330
17
100
AcDbEntity
  8
HOLE
100
AcDbCircle
 10
336.71952803944
 20
107.0
 30
0.0
 40
2.0
  0
CIRCLE
  5
5A7
330
17
100
AcDbEntity
  8
HOLE
100
AcDbCircle
 10
342.7867288516852
 20
107.0
 30
0.0
 40
2.0
  0
CIRCLE
  5
5A8
330
17
100
AcDbEntity
  8
HOLE
100
AcDbCircle
 10
348.85392966393056
 20
107.0
 30
0.0
 40
2.0
  0
CIRCLE
  5
5A9
330
17
100
AcDbEntity
  8
HOLE
100
AcDbCircle
 10
354.9211304761758
 20
107.0
 30
0.0
 40
2.0
  0
CIRCLE
  5
5AA
330
17
100
AcDbEntity
  8
HOLE
100
AcDbCircle
 10
360.98833128842114
 20
107.0
 30
0.0
 40
2.0
  0
CIRCLE
  5
5AB
330
17
100
AcDbEntity
  8
HOLE
100
AcDbCircle
 10
367.05553210066637
 20
107.0
 30
0.0
 40
2.0
  0
CIRCLE
  5
5AC
330
17
100
AcDbEntity
  8
HOLE
100
AcDbCircle
 10
373.12273291291166
 20
107.0
 30
0.0
 40
2.0
  0
CIRCLE
  5
5AD
330
17
100
AcDbEntity
  8
HOLE
100
AcDbCircle
 10
379.189933725157
 20
107.0
 30
0.0
 40
2.0
  0
CIRCLE
  5
5AE
330
17
100
AcDbEntity
  8
HOLE
100
AcDbCircle
 10
385.25713453740224
 20
107.0
 30
0.0
 40
2.0
  0
CIRCLE
  5
5AF
330
17
100
AcDbEntity
  8
HOLE
100
AcDbCircle
 10
391.3243353496476
 20
107.0
 30
0.0
 40
2.0
  0
CIRCLE
  5
5B0
330
17
100
AcDbEntity
  8
HOLE
100
AcDbCircle
 10
397.3915361618928
 20
107.0
 30
0.0
 40
2.0
  0
CIRCLE
  5
5B1
330
17
100
AcDbEntity
  8
HOLE
100
AcDbCircle
 10
403.4587369741381
 20
107.0
 30
0.0
 40
2.0
  0
CIRCLE
  5
5B2
330
17
100
AcDbEntity
  8
HOLE
100
AcDbCircle
 10
409.52593778638345
 20
107.0
 30
0.0
 40
2.0
  0
CIRCLE
  5
5B3
330
17
100
AcDbEntity
  8
HOLE
100
AcDbCircle
 10
415.5931385986287
 20
107.0
 30
0.0
 40
2.0
  0
CIRCLE
  5
5B4
330
17
100
AcDbEntity
  8
HOLE
100
AcDbCircle
 10
421.66033941087403
 20
107.0
 30
0.0
 40
2.0
  0
CIRCLE
  5
5B5
330
17
100
AcDbEntity
  8
HOLE
100
AcDbCircle
 10
427.72754022311926
 20
107.0
 30
0.0
 40
2.0
  0
CIRCLE
  5
5B6
330
17
100
AcDbEntity
  8
HOLE
100
AcDbCircle
 10
433.79474103536455
 20
107.0
 30
0.0
 40
2.0
  0
CIRCLE
  5
5B7
330
17
100
AcDbEntity
  8
HOLE
100
AcDbCircle
 10
439.86194184760984
 20
107.0
 30
0.0
 40
2.0
  0
CIRCLE
  5
5B8
330
17
100
AcDbEntity
  8
HOLE
100
AcDbCircle
 10
445.92914265985513
 20
107.0
 30
0.0
 40
2.0
  0
CIRCLE
  5
5B9
330
17
100
AcDbEntity
  8
HOLE
100
AcDbCircle
 10
451.9963434721005
 20
107.0
 30
0.0
 40
2.0
  0
CIRCLE
  5
5BA
330
17
100
AcDbEntity
  8
HOLE
100
AcDbCircle
 10
458.0635442843457
 20
107.0
 30
0.0
 40
2.0
  0
CIRCLE
  5
5BB
330
17
100
AcDbEntity
  8
HOLE
100
AcDbCircle
 10
464.130745096591
 20
107.0
 30
0.0
 40
2.0
  0
CIRCLE
  5
5BC
330
17
100
AcDbEntity
  8
HOLE
100
AcDbCircle
 10
470.1979459088363
 20
107.0
 30
0.0
 40
2.0
  0
CIRCLE
  5
5BD
330
17
100
AcDbEntity
  8
HOLE
100
AcDbCircle
 10
476.2651467210816
 20
107.0
 30
0.0
 40
2.0
  0
CIRCLE
  5
5BE
330
17
100
AcDbEntity
  8
HOLE
100
AcDbCircle
 10
482.33234753332687
 20
107.0
 30
0.0
 40
2.0
  0
TEXT
  5
5BF
330
17
100
AcDbEntity
  8
LABEL
100
AcDbText
 10
5.0
 20
-10.0
 30
0.0
 40
5.0
  1
01B OUTER PERFORATED MESH
100
AcDbText
  0
TEXT
  5
5C0
330
17
100
AcDbEntity
  8
LABEL
100
AcDbText
 10
5.0
 20
-18.0
 30
0.0
 40
3.0
  1
Material: 304 Stainless Steel, 1.2mm
100
AcDbText
  0
TEXT
  5
5C1
330
17
100
AcDbEntity
  8
LABEL
100
AcDbText
 10
5.0
 20
-24.0
 30
0.0
 40
3.0
  1
Inside Bend Radius: 1.2mm (1×T)
100
AcDbText
  0
TEXT
  5
5C2
330
17
100
AcDbEntity
  8
LABEL
100
AcDbText
 10
5.0
 20
-30.0
 30
0.0
 40
3.0
  1
K-Factor: 0.44
100
AcDbText
  0
TEXT
  5
5C3
330
17
100
AcDbEntity
  8
LABEL
100
AcDbText
 10
5.0
 20
-36.0
 30
0.0
 40
3.0
  1
Flat: 485.4 x 122.7 mm
100
AcDbText
  0
TEXT
  5
5C4
330
17
100
AcDbEntity
  8
LABEL
100
AcDbText
 10
5.0
 20
-42.0
 30
0.0
 40
3.0
  1
Rolls into cylinder, R=76.05mm inner
100
AcDbText
  0
TEXT
  5
5C5
330
17
100
AcDbEntity
  8
LABEL
100
AcDbText
 10
5.0
 20
-55.0
 30
0.0
 40
3.0
  1
NOTES:
100
AcDbText
  0
TEXT
  5
5C6
330
17
100
AcDbEntity
  8
LABEL
100
AcDbText
 10
5.0
 20
-60.0
 30
0.0
 40
2.5
  1
1. All dimensions in mm
100
AcDbText
  0
TEXT
  5
5C7
330
17
100
AcDbEntity
  8
LABEL
100
AcDbText
 10
5.0
 20
-65.0
 30
0.0
 40
2.5
  1
2. Deburr all edges and holes
100
AcDbText
  0
TEXT
  5
5C8
330
17
100
AcDbEntity
  8
LABEL
100
AcDbText
 10
5.0
 20
-70.0
 30
0.0
 40
2.5
  1
3. Bend radii per callout (R1.2 unless noted)
100
AcDbText
  0
TEXT
  5
5C9
330
17
100
AcDbEntity
  8
LABEL
100
AcDbText
 10
5.0
 20
-75.0
 30
0.0
 40
2.5
  1
4. Grain direction parallel to longest dimension
100
AcDbText
  0
TEXT
  5
5CA
330
17
100
AcDbEntity
  8
LABEL
100
AcDbText
 10
5.0
 20
-80.0
 30
0.0
 40
2.5
  1
5. All holes ±0.1mm
100
AcDbText
  0
LINE
  5
5CB
330
17
100
AcDbEntity
  8
LABEL
100
AcDbLine
 10
242.68803248981152
 20
-10.0
 30
0.0
 11
282.6880324898115
 21
-10.0
 31
0.0
  0
LINE
  5
5CC
330
17
100
AcDbEntity
  8
LABEL
100
AcDbLine
 10
282.6880324898115
 20
-10.0
 30
0.0
 11
278.6880324898115
 21
-8.0
 31
0.0
  0
LINE
  5
5CD
330
17
100
AcDbEntity
  8
LABEL
100
AcDbLine
 10
282.6880324898115
 20
-10.0
 30
0.0
 11
278.6880324898115
 21
-12.0
 31
0.0
  0
TEXT
  5
5CE
330
17
100
AcDbEntity
  8
LABEL
100
AcDbText
 10
257.6880324898115
 20
-7.0
 30
0.0
 40
2.5
  1
GRAIN
100
AcDbText
  0
ENDSEC
  0
SECTION
  2
OBJECTS
  0
DICTIONARY
  5
A
330
0
100
AcDbDictionary
281
1
  3
ACAD_COLOR
350
B
  3
ACAD_GROUP
350
C
  3
ACAD_LAYOUT
350
D
  3
ACAD_MATERIAL
350
E
  3
ACAD_MLEADERSTYLE
350
F
  3
ACAD_MLINESTYLE
350
10
  3
ACAD_PLOTSETTINGS
350
11
  3
ACAD_PLOTSTYLENAME
350
12
  3
ACAD_SCALELIST
350
14
  3
ACAD_TABLESTYLE
350
15
  3
ACAD_VISUALSTYLE
350
16
  3
EZDXF_META
350
2D
  0
DICTIONARY
  5
B
330
A
100
AcDbDictionary
281
1
  0
DICTIONARY
  5
C
330
A
100
AcDbDictionary
281
1
  0
DICTIONARY
  5
D
330
A
100
AcDbDictionary
281
1
  3
Model
350
1A
  3
Layout1
350
1E
  0
DICTIONARY
  5
E
330
A
100
AcDbDictionary
281
1
  3
ByBlock
350
1F
  3
ByLayer
350
20
  3
Global
350
21
  0
DICTIONARY
  5
F
330
A
100
AcDbDictionary
281
1
  3
Standard
350
2C
  0
DICTIONARY
  5
10
330
A
100
AcDbDictionary
281
1
  3
Standard
350
22
  0
DICTIONARY
  5
11
330
A
100
AcDbDictionary
281
1
  0
ACDBDICTIONARYWDFLT
  5
12
330
A
100
AcDbDictionary
281
1
  3
Normal
350
13
100
AcDbDictionaryWithDefault
340
13
  0
ACDBPLACEHOLDER
  5
13
330
12
  0
DICTIONARY
  5
14
330
A
100
AcDbDictionary
281
1
  0
DICTIONARY
  5
15
330
A
100
AcDbDictionary
281
1
  0
DICTIONARY
  5
16
330
A
100
AcDbDictionary
281
1
  0
LAYOUT
  5
1A
330
D
100
AcDbPlotSettings
  1

  4
A3
  6

 40
7.5
 41
20.0
 42
7.5
 43
20.0
 44
420.0
 45
297.0
 46
0.0
 47
0.0
 48
0.0
 49
0.0
140
0.0
141
0.0
142
1.0
143
1.0
 70
1024
 72
1
 73
0
 74
5
  7

 75
16
 76
0
 77
2
 78
300
147
1.0
148
0.0
149
0.0
100
AcDbLayout
  1
Model
 70
1
 71
0
 10
0.0
 20
0.0
 11
420.0
 21
297.0
 12
0.0
 22
0.0
 32
0.0
 14
1e+20
 24
1e+20
 34
1e+20
 15
-1e+20
 25
-1e+20
 35
-1e+20
146
0.0
 13
0.0
 23
0.0
 33
0.0
 16
1.0
 26
0.0
 36
0.0
 17
0.0
 27
1.0
 37
0.0
 76
1
330
17
  0
LAYOUT
  5
1E
330
D
100
AcDbPlotSettings
  1

  4
A3
  6

 40
7.5
 41
20.0
 42
7.5
 43
20.0
 44
420.0
 45
297.0
 46
0.0
 47
0.0
 48
0.0
 49
0.0
140
0.0
141
0.0
142
1.0
143
1.0
 70
0
 72
1
 73
0
 74
5
  7

 75
16
 76
0
 77
2
 78
300
147
1.0
148
0.0
149
0.0
100
AcDbLayout
  1
Layout1
 70
1
 71
1
 10
0.0
 20
0.0
 11
420.0
 21
297.0
 12
0.0
 22
0.0
 32
0.0
 14
1e+20
 24
1e+20
 34
1e+20
 15
-1e+20
 25
-1e+20
 35
-1e+20
146
0.0
 13
0.0
 23
0.0
 33
0.0
 16
1.0
 26
0.0
 36
0.0
 17
0.0
 27
1.0
 37
0.0
 76
1
330
1B
  0
MATERIAL
  5
1F
102
{ACAD_REACTORS
330
E
102
}
330
E
100
AcDbMaterial
  1
ByBlock
  2

 70
0
 40
1.0
 71
1
 41
1.0
 91
-1023410177
 42
1.0
 72
1
  3

 73
1
 74
1
 75
1
 44
0.5
 73
0
 45
1.0
 46
1.0
 77
1
  4

 78
1
 79
1
170
1
 48
1.0
171
1
  6

172
1
173
1
174
1
140
1.0
141
1.0
175
1
  7

176
1
177
1
178
1
143
1.0
179
1
  8

270
1
271
1
272
1
145
1.0
146
1.0
273
1
  9

274
1
275
1
276
1
 42
1.0
 72
1
  3

 73
1
 74
1
 75
1
 94
63
  0
MATERIAL
  5
20
102
{ACAD_REACTORS
330
E
102
}
330
E
100
AcDbMaterial
  1
ByLayer
  2

 70
0
 40
1.0
 71
1
 41
1.0
 91
-1023410177
 42
1.0
 72
1
  3

 73
1
 74
1
 75
1
 44
0.5
 73
0
 45
1.0
 46
1.0
 77
1
  4

 78
1
 79
1
170
1
 48
1.0
171
1
  6

172
1
173
1
174
1
140
1.0
141
1.0
175
1
  7

176
1
177
1
178
1
143
1.0
179
1
  8

270
1
271
1
272
1
145
1.0
146
1.0
273
1
  9

274
1
275
1
276
1
 42
1.0
 72
1
  3

 73
1
 74
1
 75
1
 94
63
  0
MATERIAL
  5
21
102
{ACAD_REACTORS
330
E
102
}
330
E
100
AcDbMaterial
  1
Global
  2

 70
0
 40
1.0
 71
1
 41
1.0
 91
-1023410177
 42
1.0
 72
1
  3

 73
1
 74
1
 75
1
 44
0.5
 73
0
 45
1.0
 46
1.0
 77
1
  4

 78
1
 79
1
170
1
 48
1.0
171
1
  6

172
1
173
1
174
1
140
1.0
141
1.0
175
1
  7

176
1
177
1
178
1
143
1.0
179
1
  8

270
1
271
1
272
1
145
1.0
146
1.0
273
1
  9

274
1
275
1
276
1
 42
1.0
 72
1
  3

 73
1
 74
1
 75
1
 94
63
  0
MLINESTYLE
  5
22
102
{ACAD_REACTORS
330
10
102
}
330
10
100
AcDbMlineStyle
  2
Standard
 70
0
  3

 62
256
 51
90.0
 52
90.0
 71
2
 49
0.5
 62
256
  6
BYLAYER
 49
-0.5
 62
256
  6
BYLAYER
  0
MLEADERSTYLE
  5
2C
102
{ACAD_REACTORS
330
F
102
}
330
F
100
AcDbMLeaderStyle
179
2
170
2
171
1
172
0
 90
2
 40
0.0
 41
0.0
173
1
 91
-1056964608
 92
-2
290
1
 42
2.0
291
1
 43
8.0
  3
Standard
 44
4.0
300

342
29
174
1
175
1
176
0
178
1
 93
-1056964608
 45
4.0
292
0
297
0
 46
4.0
 94
-1056964608
 47
1.0
 49
1.0
140
1.0
294
1
141
0.0
177
0
142
1.0
295
0
296
0
143
3.75
271
0
272
9
273
9
  0
DICTIONARY
  5
2D
330
A
100
AcDbDictionary
280
1
281
1
  3
CREATED_BY_EZDXF
350
2E
  3
WRITTEN_BY_EZDXF
350
5D1
  0
DICTIONARYVAR
  5
2E
330
2D
100
DictionaryVariables
280
0
  1
1.4.3 @ 2026-02-26T02:50:49.875177+00:00
  0
DICTIONARYVAR
  5
5D1
330
2D
100
DictionaryVariables
280
0
  1
1.4.3 @ 2026-02-26T02:50:49.887500+00:00
  0
ENDSEC
  0
EOF
