ISO-10303-21;
HEADER;
FILE_DESCRIPTION(('Open CASCADE Model'),'2;1');
FILE_NAME('Open CASCADE Shape Model','2026-06-17T02:41:50',('Author'),(
    'Open CASCADE'),'Open CASCADE STEP processor 7.8','build123d',
  'Unknown');
FILE_SCHEMA(('AUTOMOTIVE_DESIGN { 1 0 10303 214 1 1 1 1 }'));
ENDSEC;
DATA;
#1 = APPLICATION_PROTOCOL_DEFINITION('international standard',
  'automotive_design',2000,#2);
#2 = APPLICATION_CONTEXT(
  'core data for automotive mechanical design processes');
#3 = SHAPE_DEFINITION_REPRESENTATION(#4,#10);
#4 = PRODUCT_DEFINITION_SHAPE('','',#5);
#5 = PRODUCT_DEFINITION('design','',#6,#9);
#6 = PRODUCT_DEFINITION_FORMATION('','',#7);
#7 = PRODUCT('COMPOUND','COMPOUND','',(#8));
#8 = PRODUCT_CONTEXT('',#2,'mechanical');
#9 = PRODUCT_DEFINITION_CONTEXT('part definition',#2,'design');
#10 = SHAPE_REPRESENTATION('',(#11,#15,#1109),#4821);
#11 = AXIS2_PLACEMENT_3D('',#12,#13,#14);
#12 = CARTESIAN_POINT('',(0.,0.,0.));
#13 = DIRECTION('',(0.,0.,1.));
#14 = DIRECTION('',(1.,0.,-0.));
#15 = MANIFOLD_SOLID_BREP('',#16);
#16 = CLOSED_SHELL('',(#17,#139,#267,#317,#408,#541,#751,#779,#786,#831,
    #879,#904,#977,#1022,#1070,#1095,#1102));
#17 = ADVANCED_FACE('',(#18),#32,.T.);
#18 = FACE_BOUND('',#19,.T.);
#19 = EDGE_LOOP('',(#20,#55,#84,#112));
#20 = ORIENTED_EDGE('',*,*,#21,.T.);
#21 = EDGE_CURVE('',#22,#24,#26,.T.);
#22 = VERTEX_POINT('',#23);
#23 = CARTESIAN_POINT('',(-4.451148357354,-40.50616963254,89.8));
#24 = VERTEX_POINT('',#25);
#25 = CARTESIAN_POINT('',(-42.91996376704,-56.37019789069,89.8));
#26 = SURFACE_CURVE('',#27,(#31,#43),.PCURVE_S1.);
#27 = LINE('',#28,#29);
#28 = CARTESIAN_POINT('',(-4.451148357354,-40.50616963254,89.8));
#29 = VECTOR('',#30,1.);
#30 = DIRECTION('',(-0.924475516938,-0.381241417716,0.));
#31 = PCURVE('',#32,#37);
#32 = PLANE('',#33);
#33 = AXIS2_PLACEMENT_3D('',#34,#35,#36);
#34 = CARTESIAN_POINT('',(0.,0.,89.8));
#35 = DIRECTION('',(0.,0.,1.));
#36 = DIRECTION('',(1.,0.,0.));
#37 = DEFINITIONAL_REPRESENTATION('',(#38),#42);
#38 = LINE('',#39,#40);
#39 = CARTESIAN_POINT('',(-4.451148357354,-40.50616963254));
#40 = VECTOR('',#41,1.);
#41 = DIRECTION('',(-0.924475516938,-0.381241417716));
#42 = ( GEOMETRIC_REPRESENTATION_CONTEXT(2) 
PARAMETRIC_REPRESENTATION_CONTEXT() REPRESENTATION_CONTEXT('2D SPACE',''
  ) );
#43 = PCURVE('',#44,#49);
#44 = PLANE('',#45);
#45 = AXIS2_PLACEMENT_3D('',#46,#47,#48);
#46 = CARTESIAN_POINT('',(-82.35189311912,-72.63140153973,85.8));
#47 = DIRECTION('',(0.381241417716,-0.924475516938,0.));
#48 = DIRECTION('',(0.,0.,1.));
#49 = DEFINITIONAL_REPRESENTATION('',(#50),#54);
#50 = LINE('',#51,#52);
#51 = CARTESIAN_POINT('',(4.,-84.26480024024));
#52 = VECTOR('',#53,1.);
#53 = DIRECTION('',(0.,1.));
#54 = ( GEOMETRIC_REPRESENTATION_CONTEXT(2) 
PARAMETRIC_REPRESENTATION_CONTEXT() REPRESENTATION_CONTEXT('2D SPACE',''
  ) );
#55 = ORIENTED_EDGE('',*,*,#56,.T.);
#56 = EDGE_CURVE('',#24,#57,#59,.T.);
#57 = VERTEX_POINT('',#58);
#58 = CARTESIAN_POINT('',(70.17872513377,-9.729801570367,89.8));
#59 = SURFACE_CURVE('',#60,(#65,#72),.PCURVE_S1.);
#60 = CIRCLE('',#61,70.85);
#61 = AXIS2_PLACEMENT_3D('',#62,#63,#64);
#62 = CARTESIAN_POINT('',(0.,0.,89.8));
#63 = DIRECTION('',(0.,0.,1.));
#64 = DIRECTION('',(-0.605786362273,-0.795627352021,0.));
#65 = PCURVE('',#32,#66);
#66 = DEFINITIONAL_REPRESENTATION('',(#67),#71);
#67 = CIRCLE('',#68,70.85);
#68 = AXIS2_PLACEMENT_2D('',#69,#70);
#69 = CARTESIAN_POINT('',(0.,0.));
#70 = DIRECTION('',(-0.605786362273,-0.795627352021));
#71 = ( GEOMETRIC_REPRESENTATION_CONTEXT(2) 
PARAMETRIC_REPRESENTATION_CONTEXT() REPRESENTATION_CONTEXT('2D SPACE',''
  ) );
#72 = PCURVE('',#73,#78);
#73 = CYLINDRICAL_SURFACE('',#74,70.85);
#74 = AXIS2_PLACEMENT_3D('',#75,#76,#77);
#75 = CARTESIAN_POINT('',(0.,0.,87.8));
#76 = DIRECTION('',(0.,0.,1.));
#77 = DIRECTION('',(1.,0.,0.));
#78 = DEFINITIONAL_REPRESENTATION('',(#79),#83);
#79 = LINE('',#80,#81);
#80 = CARTESIAN_POINT('',(4.061635129401,2.));
#81 = VECTOR('',#82,1.);
#82 = DIRECTION('',(1.,0.));
#83 = ( GEOMETRIC_REPRESENTATION_CONTEXT(2) 
PARAMETRIC_REPRESENTATION_CONTEXT() REPRESENTATION_CONTEXT('2D SPACE',''
  ) );
#84 = ORIENTED_EDGE('',*,*,#85,.T.);
#85 = EDGE_CURVE('',#57,#86,#88,.T.);
#86 = VERTEX_POINT('',#87);
#87 = CARTESIAN_POINT('',(31.70990972408,-25.5938298285,89.8));
#88 = SURFACE_CURVE('',#89,(#93,#100),.PCURVE_S1.);
#89 = LINE('',#90,#91);
#90 = CARTESIAN_POINT('',(70.17872513377,-9.729801570367,89.8));
#91 = VECTOR('',#92,1.);
#92 = DIRECTION('',(-0.924475516938,-0.381241417716,0.));
#93 = PCURVE('',#32,#94);
#94 = DEFINITIONAL_REPRESENTATION('',(#95),#99);
#95 = LINE('',#96,#97);
#96 = CARTESIAN_POINT('',(70.17872513377,-9.729801570367));
#97 = VECTOR('',#98,1.);
#98 = DIRECTION('',(-0.924475516938,-0.381241417716));
#99 = ( GEOMETRIC_REPRESENTATION_CONTEXT(2) 
PARAMETRIC_REPRESENTATION_CONTEXT() REPRESENTATION_CONTEXT('2D SPACE',''
  ) );
#100 = PCURVE('',#101,#106);
#101 = PLANE('',#102);
#102 = AXIS2_PLACEMENT_3D('',#103,#104,#105);
#103 = CARTESIAN_POINT('',(-82.35189311912,-72.63140153973,85.8));
#104 = DIRECTION('',(0.381241417716,-0.924475516938,0.));
#105 = DIRECTION('',(0.,0.,1.));
#106 = DEFINITIONAL_REPRESENTATION('',(#107),#111);
#107 = LINE('',#108,#109);
#108 = CARTESIAN_POINT('',(4.,-164.9915173071));
#109 = VECTOR('',#110,1.);
#110 = DIRECTION('',(0.,1.));
#111 = ( GEOMETRIC_REPRESENTATION_CONTEXT(2) 
PARAMETRIC_REPRESENTATION_CONTEXT() REPRESENTATION_CONTEXT('2D SPACE',''
  ) );
#112 = ORIENTED_EDGE('',*,*,#113,.F.);
#113 = EDGE_CURVE('',#22,#86,#114,.T.);
#114 = SURFACE_CURVE('',#115,(#120,#127),.PCURVE_S1.);
#115 = CIRCLE('',#116,40.75);
#116 = AXIS2_PLACEMENT_3D('',#117,#118,#119);
#117 = CARTESIAN_POINT('',(0.,0.,89.8));
#118 = DIRECTION('',(0.,0.,1.));
#119 = DIRECTION('',(1.,0.,-0.));
#120 = PCURVE('',#32,#121);
#121 = DEFINITIONAL_REPRESENTATION('',(#122),#126);
#122 = CIRCLE('',#123,40.75);
#123 = AXIS2_PLACEMENT_2D('',#124,#125);
#124 = CARTESIAN_POINT('',(0.,0.));
#125 = DIRECTION('',(1.,0.));
#126 = ( GEOMETRIC_REPRESENTATION_CONTEXT(2) 
PARAMETRIC_REPRESENTATION_CONTEXT() REPRESENTATION_CONTEXT('2D SPACE',''
  ) );
#127 = PCURVE('',#128,#133);
#128 = CYLINDRICAL_SURFACE('',#129,40.75);
#129 = AXIS2_PLACEMENT_3D('',#130,#131,#132);
#130 = CARTESIAN_POINT('',(0.,0.,85.8));
#131 = DIRECTION('',(0.,0.,1.));
#132 = DIRECTION('',(1.,0.,0.));
#133 = DEFINITIONAL_REPRESENTATION('',(#134),#138);
#134 = LINE('',#135,#136);
#135 = CARTESIAN_POINT('',(0.,4.));
#136 = VECTOR('',#137,1.);
#137 = DIRECTION('',(1.,0.));
#138 = ( GEOMETRIC_REPRESENTATION_CONTEXT(2) 
PARAMETRIC_REPRESENTATION_CONTEXT() REPRESENTATION_CONTEXT('2D SPACE',''
  ) );
#139 = ADVANCED_FACE('',(#140),#44,.F.);
#140 = FACE_BOUND('',#141,.F.);
#141 = EDGE_LOOP('',(#142,#143,#165,#192,#219,#246));
#142 = ORIENTED_EDGE('',*,*,#21,.T.);
#143 = ORIENTED_EDGE('',*,*,#144,.F.);
#144 = EDGE_CURVE('',#145,#24,#147,.T.);
#145 = VERTEX_POINT('',#146);
#146 = CARTESIAN_POINT('',(-42.91996376704,-56.37019789069,87.8));
#147 = SURFACE_CURVE('',#148,(#152,#159),.PCURVE_S1.);
#148 = LINE('',#149,#150);
#149 = CARTESIAN_POINT('',(-42.91996376704,-56.37019789069,87.8));
#150 = VECTOR('',#151,1.);
#151 = DIRECTION('',(0.,0.,1.));
#152 = PCURVE('',#44,#153);
#153 = DEFINITIONAL_REPRESENTATION('',(#154),#158);
#154 = LINE('',#155,#156);
#155 = CARTESIAN_POINT('',(2.,-42.65329760455));
#156 = VECTOR('',#157,1.);
#157 = DIRECTION('',(1.,0.));
#158 = ( GEOMETRIC_REPRESENTATION_CONTEXT(2) 
PARAMETRIC_REPRESENTATION_CONTEXT() REPRESENTATION_CONTEXT('2D SPACE',''
  ) );
#159 = PCURVE('',#73,#160);
#160 = DEFINITIONAL_REPRESENTATION('',(#161),#164);
#161 = B_SPLINE_CURVE_WITH_KNOTS('',1,(#162,#163),.UNSPECIFIED.,.F.,.F.,
  (2,2),(-6.000000070117E-07,2.0000006),.PIECEWISE_BEZIER_KNOTS.);
#162 = CARTESIAN_POINT('',(4.061635129401,-6.000000070117E-07));
#163 = CARTESIAN_POINT('',(4.061635129401,2.0000006));
#164 = ( GEOMETRIC_REPRESENTATION_CONTEXT(2) 
PARAMETRIC_REPRESENTATION_CONTEXT() REPRESENTATION_CONTEXT('2D SPACE',''
  ) );
#165 = ORIENTED_EDGE('',*,*,#166,.T.);
#166 = EDGE_CURVE('',#145,#167,#169,.T.);
#167 = VERTEX_POINT('',#168);
#168 = CARTESIAN_POINT('',(-6.661540703998,-41.41770606213,87.8));
#169 = SURFACE_CURVE('',#170,(#174,#181),.PCURVE_S1.);
#170 = LINE('',#171,#172);
#171 = CARTESIAN_POINT('',(-53.95099205107,-60.91924736233,87.8));
#172 = VECTOR('',#173,1.);
#173 = DIRECTION('',(0.924475516938,0.381241417716,-0.));
#174 = PCURVE('',#44,#175);
#175 = DEFINITIONAL_REPRESENTATION('',(#176),#180);
#176 = LINE('',#177,#178);
#177 = CARTESIAN_POINT('',(2.,-30.72109595948));
#178 = VECTOR('',#179,1.);
#179 = DIRECTION('',(0.,-1.));
#180 = ( GEOMETRIC_REPRESENTATION_CONTEXT(2) 
PARAMETRIC_REPRESENTATION_CONTEXT() REPRESENTATION_CONTEXT('2D SPACE',''
  ) );
#181 = PCURVE('',#182,#187);
#182 = PLANE('',#183);
#183 = AXIS2_PLACEMENT_3D('',#184,#185,#186);
#184 = CARTESIAN_POINT('',(0.,0.,87.8));
#185 = DIRECTION('',(0.,0.,1.));
#186 = DIRECTION('',(1.,0.,0.));
#187 = DEFINITIONAL_REPRESENTATION('',(#188),#191);
#188 = B_SPLINE_CURVE_WITH_KNOTS('',1,(#189,#190),.UNSPECIFIED.,.F.,.F.,
  (2,2),(-18.27956245385,134.99653561886),.PIECEWISE_BEZIER_KNOTS.);
#189 = CARTESIAN_POINT('',(-70.85,-67.88817366747));
#190 = CARTESIAN_POINT('',(70.85,-9.452976736188));
#191 = ( GEOMETRIC_REPRESENTATION_CONTEXT(2) 
PARAMETRIC_REPRESENTATION_CONTEXT() REPRESENTATION_CONTEXT('2D SPACE',''
  ) );
#192 = ORIENTED_EDGE('',*,*,#193,.F.);
#193 = EDGE_CURVE('',#194,#167,#196,.T.);
#194 = VERTEX_POINT('',#195);
#195 = CARTESIAN_POINT('',(-6.661540703998,-41.41770606213,86.8));
#196 = SURFACE_CURVE('',#197,(#201,#208),.PCURVE_S1.);
#197 = LINE('',#198,#199);
#198 = CARTESIAN_POINT('',(-6.661540703998,-41.41770606213,86.8));
#199 = VECTOR('',#200,1.);
#200 = DIRECTION('',(0.,0.,1.));
#201 = PCURVE('',#44,#202);
#202 = DEFINITIONAL_REPRESENTATION('',(#203),#207);
#203 = LINE('',#204,#205);
#204 = CARTESIAN_POINT('',(1.,-81.87383119223));
#205 = VECTOR('',#206,1.);
#206 = DIRECTION('',(1.,0.));
#207 = ( GEOMETRIC_REPRESENTATION_CONTEXT(2) 
PARAMETRIC_REPRESENTATION_CONTEXT() REPRESENTATION_CONTEXT('2D SPACE',''
  ) );
#208 = PCURVE('',#209,#214);
#209 = CYLINDRICAL_SURFACE('',#210,41.95);
#210 = AXIS2_PLACEMENT_3D('',#211,#212,#213);
#211 = CARTESIAN_POINT('',(0.,0.,86.8));
#212 = DIRECTION('',(0.,0.,1.));
#213 = DIRECTION('',(1.,0.,0.));
#214 = DEFINITIONAL_REPRESENTATION('',(#215),#218);
#215 = B_SPLINE_CURVE_WITH_KNOTS('',1,(#216,#217),.UNSPECIFIED.,.F.,.F.,
  (2,2),(-6.000000070117E-07,3.0000006),.PIECEWISE_BEZIER_KNOTS.);
#216 = CARTESIAN_POINT('',(4.552916749649,-6.000000070117E-07));
#217 = CARTESIAN_POINT('',(4.552916749649,3.0000006));
#218 = ( GEOMETRIC_REPRESENTATION_CONTEXT(2) 
PARAMETRIC_REPRESENTATION_CONTEXT() REPRESENTATION_CONTEXT('2D SPACE',''
  ) );
#219 = ORIENTED_EDGE('',*,*,#220,.T.);
#220 = EDGE_CURVE('',#194,#221,#223,.T.);
#221 = VERTEX_POINT('',#222);
#222 = CARTESIAN_POINT('',(-4.451148357354,-40.50616963254,86.8));
#223 = SURFACE_CURVE('',#224,(#228,#235),.PCURVE_S1.);
#224 = LINE('',#225,#226);
#225 = CARTESIAN_POINT('',(-34.36125621787,-52.84070063513,86.8));
#226 = VECTOR('',#227,1.);
#227 = DIRECTION('',(0.924475516938,0.381241417716,-0.));
#228 = PCURVE('',#44,#229);
#229 = DEFINITIONAL_REPRESENTATION('',(#230),#234);
#230 = LINE('',#231,#232);
#231 = CARTESIAN_POINT('',(1.,-51.91120372792));
#232 = VECTOR('',#233,1.);
#233 = DIRECTION('',(0.,-1.));
#234 = ( GEOMETRIC_REPRESENTATION_CONTEXT(2) 
PARAMETRIC_REPRESENTATION_CONTEXT() REPRESENTATION_CONTEXT('2D SPACE',''
  ) );
#235 = PCURVE('',#236,#241);
#236 = PLANE('',#237);
#237 = AXIS2_PLACEMENT_3D('',#238,#239,#240);
#238 = CARTESIAN_POINT('',(0.,0.,86.8));
#239 = DIRECTION('',(0.,0.,1.));
#240 = DIRECTION('',(1.,0.,0.));
#241 = DEFINITIONAL_REPRESENTATION('',(#242),#245);
#242 = B_SPLINE_CURVE_WITH_KNOTS('',1,(#243,#244),.UNSPECIFIED.,.F.,.F.,
  (2,2),(28.566415213656,82.54545936559),.PIECEWISE_BEZIER_KNOTS.);
#243 = CARTESIAN_POINT('',(-7.952304746172,-41.95));
#244 = CARTESIAN_POINT('',(41.95,-21.37095268053));
#245 = ( GEOMETRIC_REPRESENTATION_CONTEXT(2) 
PARAMETRIC_REPRESENTATION_CONTEXT() REPRESENTATION_CONTEXT('2D SPACE',''
  ) );
#246 = ORIENTED_EDGE('',*,*,#247,.F.);
#247 = EDGE_CURVE('',#22,#221,#248,.T.);
#248 = SURFACE_CURVE('',#249,(#253,#260),.PCURVE_S1.);
#249 = LINE('',#250,#251);
#250 = CARTESIAN_POINT('',(-4.451148357354,-40.50616963254,89.8));
#251 = VECTOR('',#252,1.);
#252 = DIRECTION('',(0.,0.,-1.));
#253 = PCURVE('',#44,#254);
#254 = DEFINITIONAL_REPRESENTATION('',(#255),#259);
#255 = LINE('',#256,#257);
#256 = CARTESIAN_POINT('',(4.,-84.26480024024));
#257 = VECTOR('',#258,1.);
#258 = DIRECTION('',(-1.,-0.));
#259 = ( GEOMETRIC_REPRESENTATION_CONTEXT(2) 
PARAMETRIC_REPRESENTATION_CONTEXT() REPRESENTATION_CONTEXT('2D SPACE',''
  ) );
#260 = PCURVE('',#128,#261);
#261 = DEFINITIONAL_REPRESENTATION('',(#262),#266);
#262 = LINE('',#263,#264);
#263 = CARTESIAN_POINT('',(4.602939960118,4.));
#264 = VECTOR('',#265,1.);
#265 = DIRECTION('',(-0.,-1.));
#266 = ( GEOMETRIC_REPRESENTATION_CONTEXT(2) 
PARAMETRIC_REPRESENTATION_CONTEXT() REPRESENTATION_CONTEXT('2D SPACE',''
  ) );
#267 = ADVANCED_FACE('',(#268),#128,.F.);
#268 = FACE_BOUND('',#269,.F.);
#269 = EDGE_LOOP('',(#270,#271,#272,#296));
#270 = ORIENTED_EDGE('',*,*,#113,.F.);
#271 = ORIENTED_EDGE('',*,*,#247,.T.);
#272 = ORIENTED_EDGE('',*,*,#273,.T.);
#273 = EDGE_CURVE('',#221,#274,#276,.T.);
#274 = VERTEX_POINT('',#275);
#275 = CARTESIAN_POINT('',(31.70990972408,-25.5938298285,86.8));
#276 = SURFACE_CURVE('',#277,(#282,#289),.PCURVE_S1.);
#277 = CIRCLE('',#278,40.75);
#278 = AXIS2_PLACEMENT_3D('',#279,#280,#281);
#279 = CARTESIAN_POINT('',(0.,0.,86.8));
#280 = DIRECTION('',(0.,0.,1.));
#281 = DIRECTION('',(1.,0.,-0.));
#282 = PCURVE('',#128,#283);
#283 = DEFINITIONAL_REPRESENTATION('',(#284),#288);
#284 = LINE('',#285,#286);
#285 = CARTESIAN_POINT('',(0.,1.));
#286 = VECTOR('',#287,1.);
#287 = DIRECTION('',(1.,0.));
#288 = ( GEOMETRIC_REPRESENTATION_CONTEXT(2) 
PARAMETRIC_REPRESENTATION_CONTEXT() REPRESENTATION_CONTEXT('2D SPACE',''
  ) );
#289 = PCURVE('',#236,#290);
#290 = DEFINITIONAL_REPRESENTATION('',(#291),#295);
#291 = CIRCLE('',#292,40.75);
#292 = AXIS2_PLACEMENT_2D('',#293,#294);
#293 = CARTESIAN_POINT('',(0.,0.));
#294 = DIRECTION('',(1.,0.));
#295 = ( GEOMETRIC_REPRESENTATION_CONTEXT(2) 
PARAMETRIC_REPRESENTATION_CONTEXT() REPRESENTATION_CONTEXT('2D SPACE',''
  ) );
#296 = ORIENTED_EDGE('',*,*,#297,.F.);
#297 = EDGE_CURVE('',#86,#274,#298,.T.);
#298 = SURFACE_CURVE('',#299,(#303,#310),.PCURVE_S1.);
#299 = LINE('',#300,#301);
#300 = CARTESIAN_POINT('',(31.70990972408,-25.5938298285,89.8));
#301 = VECTOR('',#302,1.);
#302 = DIRECTION('',(1.184237892934E-15,0.,-1.));
#303 = PCURVE('',#128,#304);
#304 = DEFINITIONAL_REPRESENTATION('',(#305),#309);
#305 = LINE('',#306,#307);
#306 = CARTESIAN_POINT('',(5.604115520412,4.));
#307 = VECTOR('',#308,1.);
#308 = DIRECTION('',(-0.,-1.));
#309 = ( GEOMETRIC_REPRESENTATION_CONTEXT(2) 
PARAMETRIC_REPRESENTATION_CONTEXT() REPRESENTATION_CONTEXT('2D SPACE',''
  ) );
#310 = PCURVE('',#101,#311);
#311 = DEFINITIONAL_REPRESENTATION('',(#312),#316);
#312 = LINE('',#313,#314);
#313 = CARTESIAN_POINT('',(4.,-123.3800146714));
#314 = VECTOR('',#315,1.);
#315 = DIRECTION('',(-1.,-1.094798938247E-15));
#316 = ( GEOMETRIC_REPRESENTATION_CONTEXT(2) 
PARAMETRIC_REPRESENTATION_CONTEXT() REPRESENTATION_CONTEXT('2D SPACE',''
  ) );
#317 = ADVANCED_FACE('',(#318),#101,.F.);
#318 = FACE_BOUND('',#319,.F.);
#319 = EDGE_LOOP('',(#320,#321,#343,#365,#387,#407));
#320 = ORIENTED_EDGE('',*,*,#297,.T.);
#321 = ORIENTED_EDGE('',*,*,#322,.T.);
#322 = EDGE_CURVE('',#274,#323,#325,.T.);
#323 = VERTEX_POINT('',#324);
#324 = CARTESIAN_POINT('',(33.920302070725,-24.68229339892,86.8));
#325 = SURFACE_CURVE('',#326,(#330,#337),.PCURVE_S1.);
#326 = LINE('',#327,#328);
#327 = CARTESIAN_POINT('',(-34.36125621787,-52.84070063513,86.8));
#328 = VECTOR('',#329,1.);
#329 = DIRECTION('',(0.924475516938,0.381241417716,-0.));
#330 = PCURVE('',#101,#331);
#331 = DEFINITIONAL_REPRESENTATION('',(#332),#336);
#332 = LINE('',#333,#334);
#333 = CARTESIAN_POINT('',(1.,-51.91120372792));
#334 = VECTOR('',#335,1.);
#335 = DIRECTION('',(0.,-1.));
#336 = ( GEOMETRIC_REPRESENTATION_CONTEXT(2) 
PARAMETRIC_REPRESENTATION_CONTEXT() REPRESENTATION_CONTEXT('2D SPACE',''
  ) );
#337 = PCURVE('',#236,#338);
#338 = DEFINITIONAL_REPRESENTATION('',(#339),#342);
#339 = B_SPLINE_CURVE_WITH_KNOTS('',1,(#340,#341),.UNSPECIFIED.,.F.,.F.,
  (2,2),(28.566415213656,82.54545936559),.PIECEWISE_BEZIER_KNOTS.);
#340 = CARTESIAN_POINT('',(-7.952304746172,-41.95));
#341 = CARTESIAN_POINT('',(41.95,-21.37095268053));
#342 = ( GEOMETRIC_REPRESENTATION_CONTEXT(2) 
PARAMETRIC_REPRESENTATION_CONTEXT() REPRESENTATION_CONTEXT('2D SPACE',''
  ) );
#343 = ORIENTED_EDGE('',*,*,#344,.T.);
#344 = EDGE_CURVE('',#323,#345,#347,.T.);
#345 = VERTEX_POINT('',#346);
#346 = CARTESIAN_POINT('',(33.920302070725,-24.68229339892,87.8));
#347 = SURFACE_CURVE('',#348,(#352,#359),.PCURVE_S1.);
#348 = LINE('',#349,#350);
#349 = CARTESIAN_POINT('',(33.920302070725,-24.68229339892,86.8));
#350 = VECTOR('',#351,1.);
#351 = DIRECTION('',(0.,0.,1.));
#352 = PCURVE('',#101,#353);
#353 = DEFINITIONAL_REPRESENTATION('',(#354),#358);
#354 = LINE('',#355,#356);
#355 = CARTESIAN_POINT('',(1.,-125.7709837194));
#356 = VECTOR('',#357,1.);
#357 = DIRECTION('',(1.,0.));
#358 = ( GEOMETRIC_REPRESENTATION_CONTEXT(2) 
PARAMETRIC_REPRESENTATION_CONTEXT() REPRESENTATION_CONTEXT('2D SPACE',''
  ) );
#359 = PCURVE('',#209,#360);
#360 = DEFINITIONAL_REPRESENTATION('',(#361),#364);
#361 = B_SPLINE_CURVE_WITH_KNOTS('',1,(#362,#363),.UNSPECIFIED.,.F.,.F.,
  (2,2),(-6.000000070117E-07,3.0000006),.PIECEWISE_BEZIER_KNOTS.);
#362 = CARTESIAN_POINT('',(5.654138730881,-6.000000070117E-07));
#363 = CARTESIAN_POINT('',(5.654138730881,3.0000006));
#364 = ( GEOMETRIC_REPRESENTATION_CONTEXT(2) 
PARAMETRIC_REPRESENTATION_CONTEXT() REPRESENTATION_CONTEXT('2D SPACE',''
  ) );
#365 = ORIENTED_EDGE('',*,*,#366,.T.);
#366 = EDGE_CURVE('',#345,#367,#369,.T.);
#367 = VERTEX_POINT('',#368);
#368 = CARTESIAN_POINT('',(70.17872513377,-9.729801570367,87.8));
#369 = SURFACE_CURVE('',#370,(#374,#381),.PCURVE_S1.);
#370 = LINE('',#371,#372);
#371 = CARTESIAN_POINT('',(-53.95099205107,-60.91924736233,87.8));
#372 = VECTOR('',#373,1.);
#373 = DIRECTION('',(0.924475516938,0.381241417716,-0.));
#374 = PCURVE('',#101,#375);
#375 = DEFINITIONAL_REPRESENTATION('',(#376),#380);
#376 = LINE('',#377,#378);
#377 = CARTESIAN_POINT('',(2.,-30.72109595948));
#378 = VECTOR('',#379,1.);
#379 = DIRECTION('',(0.,-1.));
#380 = ( GEOMETRIC_REPRESENTATION_CONTEXT(2) 
PARAMETRIC_REPRESENTATION_CONTEXT() REPRESENTATION_CONTEXT('2D SPACE',''
  ) );
#381 = PCURVE('',#182,#382);
#382 = DEFINITIONAL_REPRESENTATION('',(#383),#386);
#383 = B_SPLINE_CURVE_WITH_KNOTS('',1,(#384,#385),.UNSPECIFIED.,.F.,.F.,
  (2,2),(-18.27956245385,134.99653561886),.PIECEWISE_BEZIER_KNOTS.);
#384 = CARTESIAN_POINT('',(-70.85,-67.88817366747));
#385 = CARTESIAN_POINT('',(70.85,-9.452976736188));
#386 = ( GEOMETRIC_REPRESENTATION_CONTEXT(2) 
PARAMETRIC_REPRESENTATION_CONTEXT() REPRESENTATION_CONTEXT('2D SPACE',''
  ) );
#387 = ORIENTED_EDGE('',*,*,#388,.T.);
#388 = EDGE_CURVE('',#367,#57,#389,.T.);
#389 = SURFACE_CURVE('',#390,(#394,#401),.PCURVE_S1.);
#390 = LINE('',#391,#392);
#391 = CARTESIAN_POINT('',(70.17872513377,-9.729801570367,87.8));
#392 = VECTOR('',#393,1.);
#393 = DIRECTION('',(0.,0.,1.));
#394 = PCURVE('',#101,#395);
#395 = DEFINITIONAL_REPRESENTATION('',(#396),#400);
#396 = LINE('',#397,#398);
#397 = CARTESIAN_POINT('',(2.,-164.9915173071));
#398 = VECTOR('',#399,1.);
#399 = DIRECTION('',(1.,0.));
#400 = ( GEOMETRIC_REPRESENTATION_CONTEXT(2) 
PARAMETRIC_REPRESENTATION_CONTEXT() REPRESENTATION_CONTEXT('2D SPACE',''
  ) );
#401 = PCURVE('',#73,#402);
#402 = DEFINITIONAL_REPRESENTATION('',(#403),#406);
#403 = B_SPLINE_CURVE_WITH_KNOTS('',1,(#404,#405),.UNSPECIFIED.,.F.,.F.,
  (2,2),(-6.000000070117E-07,2.0000006),.PIECEWISE_BEZIER_KNOTS.);
#404 = CARTESIAN_POINT('',(6.145420351129,-6.000000070117E-07));
#405 = CARTESIAN_POINT('',(6.145420351129,2.0000006));
#406 = ( GEOMETRIC_REPRESENTATION_CONTEXT(2) 
PARAMETRIC_REPRESENTATION_CONTEXT() REPRESENTATION_CONTEXT('2D SPACE',''
  ) );
#407 = ORIENTED_EDGE('',*,*,#85,.T.);
#408 = ADVANCED_FACE('',(#409),#73,.T.);
#409 = FACE_BOUND('',#410,.T.);
#410 = EDGE_LOOP('',(#411,#412,#413,#437,#463,#492,#518,#540));
#411 = ORIENTED_EDGE('',*,*,#56,.F.);
#412 = ORIENTED_EDGE('',*,*,#144,.F.);
#413 = ORIENTED_EDGE('',*,*,#414,.T.);
#414 = EDGE_CURVE('',#145,#415,#417,.T.);
#415 = VERTEX_POINT('',#416);
#416 = CARTESIAN_POINT('',(-2.148183186103,-70.81742588515,87.8));
#417 = SURFACE_CURVE('',#418,(#423,#430),.PCURVE_S1.);
#418 = CIRCLE('',#419,70.85);
#419 = AXIS2_PLACEMENT_3D('',#420,#421,#422);
#420 = CARTESIAN_POINT('',(0.,0.,87.8));
#421 = DIRECTION('',(0.,0.,1.));
#422 = DIRECTION('',(1.,0.,0.));
#423 = PCURVE('',#73,#424);
#424 = DEFINITIONAL_REPRESENTATION('',(#425),#429);
#425 = LINE('',#426,#427);
#426 = CARTESIAN_POINT('',(0.,0.));
#427 = VECTOR('',#428,1.);
#428 = DIRECTION('',(1.,0.));
#429 = ( GEOMETRIC_REPRESENTATION_CONTEXT(2) 
PARAMETRIC_REPRESENTATION_CONTEXT() REPRESENTATION_CONTEXT('2D SPACE',''
  ) );
#430 = PCURVE('',#182,#431);
#431 = DEFINITIONAL_REPRESENTATION('',(#432),#436);
#432 = CIRCLE('',#433,70.85);
#433 = AXIS2_PLACEMENT_2D('',#434,#435);
#434 = CARTESIAN_POINT('',(0.,0.));
#435 = DIRECTION('',(1.,0.));
#436 = ( GEOMETRIC_REPRESENTATION_CONTEXT(2) 
PARAMETRIC_REPRESENTATION_CONTEXT() REPRESENTATION_CONTEXT('2D SPACE',''
  ) );
#437 = ORIENTED_EDGE('',*,*,#438,.F.);
#438 = EDGE_CURVE('',#439,#415,#441,.T.);
#439 = VERTEX_POINT('',#440);
#440 = CARTESIAN_POINT('',(-2.148183186104,-70.81742588515,83.8));
#441 = SURFACE_CURVE('',#442,(#446,#452),.PCURVE_S1.);
#442 = LINE('',#443,#444);
#443 = CARTESIAN_POINT('',(-2.148183186104,-70.81742588515,83.8));
#444 = VECTOR('',#445,1.);
#445 = DIRECTION('',(0.,0.,1.));
#446 = PCURVE('',#73,#447);
#447 = DEFINITIONAL_REPRESENTATION('',(#448),#451);
#448 = B_SPLINE_CURVE_WITH_KNOTS('',1,(#449,#450),.UNSPECIFIED.,.F.,.F.,
  (2,2),(-6.000000070117E-07,6.0000006),.PIECEWISE_BEZIER_KNOTS.);
#449 = CARTESIAN_POINT('',(4.682064174963,-4.0000006));
#450 = CARTESIAN_POINT('',(4.682064174963,2.0000006));
#451 = ( GEOMETRIC_REPRESENTATION_CONTEXT(2) 
PARAMETRIC_REPRESENTATION_CONTEXT() REPRESENTATION_CONTEXT('2D SPACE',''
  ) );
#452 = PCURVE('',#453,#458);
#453 = PLANE('',#454);
#454 = AXIS2_PLACEMENT_3D('',#455,#456,#457);
#455 = CARTESIAN_POINT('',(-137.4569914246,-126.6169802673,82.8));
#456 = DIRECTION('',(0.381241417716,-0.924475516938,0.));
#457 = DIRECTION('',(0.,0.,1.));
#458 = DEFINITIONAL_REPRESENTATION('',(#459),#462);
#459 = B_SPLINE_CURVE_WITH_KNOTS('',1,(#460,#461),.UNSPECIFIED.,.F.,.F.,
  (2,2),(-6.000000070117E-07,6.0000006),.PIECEWISE_BEZIER_KNOTS.);
#460 = CARTESIAN_POINT('',(0.9999994,-146.3627816631));
#461 = CARTESIAN_POINT('',(7.0000006,-146.3627816631));
#462 = ( GEOMETRIC_REPRESENTATION_CONTEXT(2) 
PARAMETRIC_REPRESENTATION_CONTEXT() REPRESENTATION_CONTEXT('2D SPACE',''
  ) );
#463 = ORIENTED_EDGE('',*,*,#464,.T.);
#464 = EDGE_CURVE('',#439,#465,#467,.T.);
#465 = VERTEX_POINT('',#466);
#466 = CARTESIAN_POINT('',(51.442698496842,-48.71725845491,83.8));
#467 = SURFACE_CURVE('',#468,(#473,#480),.PCURVE_S1.);
#468 = CIRCLE('',#469,70.85);
#469 = AXIS2_PLACEMENT_3D('',#470,#471,#472);
#470 = CARTESIAN_POINT('',(0.,0.,83.8));
#471 = DIRECTION('',(0.,0.,1.));
#472 = DIRECTION('',(1.,0.,0.));
#473 = PCURVE('',#73,#474);
#474 = DEFINITIONAL_REPRESENTATION('',(#475),#479);
#475 = LINE('',#476,#477);
#476 = CARTESIAN_POINT('',(0.,-4.));
#477 = VECTOR('',#478,1.);
#478 = DIRECTION('',(1.,0.));
#479 = ( GEOMETRIC_REPRESENTATION_CONTEXT(2) 
PARAMETRIC_REPRESENTATION_CONTEXT() REPRESENTATION_CONTEXT('2D SPACE',''
  ) );
#480 = PCURVE('',#481,#486);
#481 = PLANE('',#482);
#482 = AXIS2_PLACEMENT_3D('',#483,#484,#485);
#483 = CARTESIAN_POINT('',(0.,0.,83.8));
#484 = DIRECTION('',(0.,0.,1.));
#485 = DIRECTION('',(1.,0.,0.));
#486 = DEFINITIONAL_REPRESENTATION('',(#487),#491);
#487 = CIRCLE('',#488,70.85);
#488 = AXIS2_PLACEMENT_2D('',#489,#490);
#489 = CARTESIAN_POINT('',(0.,0.));
#490 = DIRECTION('',(1.,0.));
#491 = ( GEOMETRIC_REPRESENTATION_CONTEXT(2) 
PARAMETRIC_REPRESENTATION_CONTEXT() REPRESENTATION_CONTEXT('2D SPACE',''
  ) );
#492 = ORIENTED_EDGE('',*,*,#493,.T.);
#493 = EDGE_CURVE('',#465,#494,#496,.T.);
#494 = VERTEX_POINT('',#495);
#495 = CARTESIAN_POINT('',(51.442698496841,-48.71725845491,87.8));
#496 = SURFACE_CURVE('',#497,(#501,#507),.PCURVE_S1.);
#497 = LINE('',#498,#499);
#498 = CARTESIAN_POINT('',(51.442698496842,-48.71725845491,83.8));
#499 = VECTOR('',#500,1.);
#500 = DIRECTION('',(0.,0.,1.));
#501 = PCURVE('',#73,#502);
#502 = DEFINITIONAL_REPRESENTATION('',(#503),#506);
#503 = B_SPLINE_CURVE_WITH_KNOTS('',1,(#504,#505),.UNSPECIFIED.,.F.,.F.,
  (2,2),(-6.000000070117E-07,6.0000006),.PIECEWISE_BEZIER_KNOTS.);
#504 = CARTESIAN_POINT('',(5.524991305566,-4.0000006));
#505 = CARTESIAN_POINT('',(5.524991305566,2.0000006));
#506 = ( GEOMETRIC_REPRESENTATION_CONTEXT(2) 
PARAMETRIC_REPRESENTATION_CONTEXT() REPRESENTATION_CONTEXT('2D SPACE',''
  ) );
#507 = PCURVE('',#508,#513);
#508 = PLANE('',#509);
#509 = AXIS2_PLACEMENT_3D('',#510,#511,#512);
#510 = CARTESIAN_POINT('',(-137.4569914246,-126.6169802673,82.8));
#511 = DIRECTION('',(0.381241417716,-0.924475516938,0.));
#512 = DIRECTION('',(0.,0.,1.));
#513 = DEFINITIONAL_REPRESENTATION('',(#514),#517);
#514 = B_SPLINE_CURVE_WITH_KNOTS('',1,(#515,#516),.UNSPECIFIED.,.F.,.F.,
  (2,2),(-6.000000070117E-07,6.0000006),.PIECEWISE_BEZIER_KNOTS.);
#515 = CARTESIAN_POINT('',(0.9999994,-204.331738873));
#516 = CARTESIAN_POINT('',(7.0000006,-204.331738873));
#517 = ( GEOMETRIC_REPRESENTATION_CONTEXT(2) 
PARAMETRIC_REPRESENTATION_CONTEXT() REPRESENTATION_CONTEXT('2D SPACE',''
  ) );
#518 = ORIENTED_EDGE('',*,*,#519,.T.);
#519 = EDGE_CURVE('',#494,#367,#520,.T.);
#520 = SURFACE_CURVE('',#521,(#526,#533),.PCURVE_S1.);
#521 = CIRCLE('',#522,70.85);
#522 = AXIS2_PLACEMENT_3D('',#523,#524,#525);
#523 = CARTESIAN_POINT('',(0.,0.,87.8));
#524 = DIRECTION('',(0.,0.,1.));
#525 = DIRECTION('',(1.,0.,0.));
#526 = PCURVE('',#73,#527);
#527 = DEFINITIONAL_REPRESENTATION('',(#528),#532);
#528 = LINE('',#529,#530);
#529 = CARTESIAN_POINT('',(0.,0.));
#530 = VECTOR('',#531,1.);
#531 = DIRECTION('',(1.,0.));
#532 = ( GEOMETRIC_REPRESENTATION_CONTEXT(2) 
PARAMETRIC_REPRESENTATION_CONTEXT() REPRESENTATION_CONTEXT('2D SPACE',''
  ) );
#533 = PCURVE('',#182,#534);
#534 = DEFINITIONAL_REPRESENTATION('',(#535),#539);
#535 = CIRCLE('',#536,70.85);
#536 = AXIS2_PLACEMENT_2D('',#537,#538);
#537 = CARTESIAN_POINT('',(0.,0.));
#538 = DIRECTION('',(1.,0.));
#539 = ( GEOMETRIC_REPRESENTATION_CONTEXT(2) 
PARAMETRIC_REPRESENTATION_CONTEXT() REPRESENTATION_CONTEXT('2D SPACE',''
  ) );
#540 = ORIENTED_EDGE('',*,*,#388,.T.);
#541 = ADVANCED_FACE('',(#542,#639),#182,.F.);
#542 = FACE_BOUND('',#543,.F.);
#543 = EDGE_LOOP('',(#544,#545,#546,#567,#596,#615,#616,#617));
#544 = ORIENTED_EDGE('',*,*,#166,.F.);
#545 = ORIENTED_EDGE('',*,*,#414,.T.);
#546 = ORIENTED_EDGE('',*,*,#547,.F.);
#547 = EDGE_CURVE('',#548,#415,#550,.T.);
#548 = VERTEX_POINT('',#549);
#549 = CARTESIAN_POINT('',(0.691030489517,-69.64657189598,87.8));
#550 = SURFACE_CURVE('',#551,(#555,#561),.PCURVE_S1.);
#551 = LINE('',#552,#553);
#552 = CARTESIAN_POINT('',(-56.40486688463,-93.19216121868,87.8));
#553 = VECTOR('',#554,1.);
#554 = DIRECTION('',(-0.924475516938,-0.381241417716,0.));
#555 = PCURVE('',#182,#556);
#556 = DEFINITIONAL_REPRESENTATION('',(#557),#560);
#557 = B_SPLINE_CURVE_WITH_KNOTS('',1,(#558,#559),.UNSPECIFIED.,.F.,.F.,
  (2,2),(-61.76031309435,-58.68915152911),.PIECEWISE_BEZIER_KNOTS.);
#558 = CARTESIAN_POINT('',(0.691030489517,-69.64657189598));
#559 = CARTESIAN_POINT('',(-2.148183186104,-70.81742588515));
#560 = ( GEOMETRIC_REPRESENTATION_CONTEXT(2) 
PARAMETRIC_REPRESENTATION_CONTEXT() REPRESENTATION_CONTEXT('2D SPACE',''
  ) );
#561 = PCURVE('',#453,#562);
#562 = DEFINITIONAL_REPRESENTATION('',(#563),#566);
#563 = B_SPLINE_CURVE_WITH_KNOTS('',1,(#564,#565),.UNSPECIFIED.,.F.,.F.,
  (2,2),(-61.76031309435,-58.68915152911),.PIECEWISE_BEZIER_KNOTS.);
#564 = CARTESIAN_POINT('',(5.,-149.4339432284));
#565 = CARTESIAN_POINT('',(5.,-146.3627816631));
#566 = ( GEOMETRIC_REPRESENTATION_CONTEXT(2) 
PARAMETRIC_REPRESENTATION_CONTEXT() REPRESENTATION_CONTEXT('2D SPACE',''
  ) );
#567 = ORIENTED_EDGE('',*,*,#568,.T.);
#568 = EDGE_CURVE('',#548,#569,#571,.T.);
#569 = VERTEX_POINT('',#570);
#570 = CARTESIAN_POINT('',(48.60348482122,-49.88811244408,87.8));
#571 = SURFACE_CURVE('',#572,(#577,#584),.PCURVE_S1.);
#572 = CIRCLE('',#573,69.65);
#573 = AXIS2_PLACEMENT_3D('',#574,#575,#576);
#574 = CARTESIAN_POINT('',(0.,0.,87.8));
#575 = DIRECTION('',(0.,0.,1.));
#576 = DIRECTION('',(1.,0.,-0.));
#577 = PCURVE('',#182,#578);
#578 = DEFINITIONAL_REPRESENTATION('',(#579),#583);
#579 = CIRCLE('',#580,69.65);
#580 = AXIS2_PLACEMENT_2D('',#581,#582);
#581 = CARTESIAN_POINT('',(0.,0.));
#582 = DIRECTION('',(1.,0.));
#583 = ( GEOMETRIC_REPRESENTATION_CONTEXT(2) 
PARAMETRIC_REPRESENTATION_CONTEXT() REPRESENTATION_CONTEXT('2D SPACE',''
  ) );
#584 = PCURVE('',#585,#590);
#585 = CYLINDRICAL_SURFACE('',#586,69.65);
#586 = AXIS2_PLACEMENT_3D('',#587,#588,#589);
#587 = CARTESIAN_POINT('',(0.,0.,82.8));
#588 = DIRECTION('',(0.,0.,1.));
#589 = DIRECTION('',(1.,0.,0.));
#590 = DEFINITIONAL_REPRESENTATION('',(#591),#595);
#591 = LINE('',#592,#593);
#592 = CARTESIAN_POINT('',(0.,5.));
#593 = VECTOR('',#594,1.);
#594 = DIRECTION('',(1.,0.));
#595 = ( GEOMETRIC_REPRESENTATION_CONTEXT(2) 
PARAMETRIC_REPRESENTATION_CONTEXT() REPRESENTATION_CONTEXT('2D SPACE',''
  ) );
#596 = ORIENTED_EDGE('',*,*,#597,.F.);
#597 = EDGE_CURVE('',#494,#569,#598,.T.);
#598 = SURFACE_CURVE('',#599,(#603,#609),.PCURVE_S1.);
#599 = LINE('',#600,#601);
#600 = CARTESIAN_POINT('',(-56.40486688463,-93.19216121868,87.8));
#601 = VECTOR('',#602,1.);
#602 = DIRECTION('',(-0.924475516938,-0.381241417716,0.));
#603 = PCURVE('',#182,#604);
#604 = DEFINITIONAL_REPRESENTATION('',(#605),#608);
#605 = B_SPLINE_CURVE_WITH_KNOTS('',1,(#606,#607),.UNSPECIFIED.,.F.,.F.,
  (2,2),(-116.6581087389,-113.5869471737),.PIECEWISE_BEZIER_KNOTS.);
#606 = CARTESIAN_POINT('',(51.442698496842,-48.71725845491));
#607 = CARTESIAN_POINT('',(48.60348482122,-49.88811244408));
#608 = ( GEOMETRIC_REPRESENTATION_CONTEXT(2) 
PARAMETRIC_REPRESENTATION_CONTEXT() REPRESENTATION_CONTEXT('2D SPACE',''
  ) );
#609 = PCURVE('',#508,#610);
#610 = DEFINITIONAL_REPRESENTATION('',(#611),#614);
#611 = B_SPLINE_CURVE_WITH_KNOTS('',1,(#612,#613),.UNSPECIFIED.,.F.,.F.,
  (2,2),(-116.6581087389,-113.5869471737),.PIECEWISE_BEZIER_KNOTS.);
#612 = CARTESIAN_POINT('',(5.,-204.331738873));
#613 = CARTESIAN_POINT('',(5.,-201.2605773078));
#614 = ( GEOMETRIC_REPRESENTATION_CONTEXT(2) 
PARAMETRIC_REPRESENTATION_CONTEXT() REPRESENTATION_CONTEXT('2D SPACE',''
  ) );
#615 = ORIENTED_EDGE('',*,*,#519,.T.);
#616 = ORIENTED_EDGE('',*,*,#366,.F.);
#617 = ORIENTED_EDGE('',*,*,#618,.F.);
#618 = EDGE_CURVE('',#167,#345,#619,.T.);
#619 = SURFACE_CURVE('',#620,(#625,#632),.PCURVE_S1.);
#620 = CIRCLE('',#621,41.95);
#621 = AXIS2_PLACEMENT_3D('',#622,#623,#624);
#622 = CARTESIAN_POINT('',(0.,0.,87.8));
#623 = DIRECTION('',(0.,0.,1.));
#624 = DIRECTION('',(1.,0.,-0.));
#625 = PCURVE('',#182,#626);
#626 = DEFINITIONAL_REPRESENTATION('',(#627),#631);
#627 = CIRCLE('',#628,41.95);
#628 = AXIS2_PLACEMENT_2D('',#629,#630);
#629 = CARTESIAN_POINT('',(0.,0.));
#630 = DIRECTION('',(1.,0.));
#631 = ( GEOMETRIC_REPRESENTATION_CONTEXT(2) 
PARAMETRIC_REPRESENTATION_CONTEXT() REPRESENTATION_CONTEXT('2D SPACE',''
  ) );
#632 = PCURVE('',#209,#633);
#633 = DEFINITIONAL_REPRESENTATION('',(#634),#638);
#634 = LINE('',#635,#636);
#635 = CARTESIAN_POINT('',(0.,1.));
#636 = VECTOR('',#637,1.);
#637 = DIRECTION('',(1.,0.));
#638 = ( GEOMETRIC_REPRESENTATION_CONTEXT(2) 
PARAMETRIC_REPRESENTATION_CONTEXT() REPRESENTATION_CONTEXT('2D SPACE',''
  ) );
#639 = FACE_BOUND('',#640,.F.);
#640 = EDGE_LOOP('',(#641,#672,#698,#727));
#641 = ORIENTED_EDGE('',*,*,#642,.F.);
#642 = EDGE_CURVE('',#643,#645,#647,.T.);
#643 = VERTEX_POINT('',#644);
#644 = CARTESIAN_POINT('',(-5.953481564969,-47.07503114449,87.8));
#645 = VERTEX_POINT('',#646);
#646 = CARTESIAN_POINT('',(37.405898526576,-29.19419900287,87.8));
#647 = SURFACE_CURVE('',#648,(#653,#660),.PCURVE_S1.);
#648 = CIRCLE('',#649,47.45);
#649 = AXIS2_PLACEMENT_3D('',#650,#651,#652);
#650 = CARTESIAN_POINT('',(0.,0.,87.8));
#651 = DIRECTION('',(0.,0.,1.));
#652 = DIRECTION('',(1.,0.,-0.));
#653 = PCURVE('',#182,#654);
#654 = DEFINITIONAL_REPRESENTATION('',(#655),#659);
#655 = CIRCLE('',#656,47.45);
#656 = AXIS2_PLACEMENT_2D('',#657,#658);
#657 = CARTESIAN_POINT('',(0.,0.));
#658 = DIRECTION('',(1.,0.));
#659 = ( GEOMETRIC_REPRESENTATION_CONTEXT(2) 
PARAMETRIC_REPRESENTATION_CONTEXT() REPRESENTATION_CONTEXT('2D SPACE',''
  ) );
#660 = PCURVE('',#661,#666);
#661 = CYLINDRICAL_SURFACE('',#662,47.45);
#662 = AXIS2_PLACEMENT_3D('',#663,#664,#665);
#663 = CARTESIAN_POINT('',(0.,0.,79.8));
#664 = DIRECTION('',(0.,0.,1.));
#665 = DIRECTION('',(1.,0.,0.));
#666 = DEFINITIONAL_REPRESENTATION('',(#667),#671);
#667 = LINE('',#668,#669);
#668 = CARTESIAN_POINT('',(0.,8.));
#669 = VECTOR('',#670,1.);
#670 = DIRECTION('',(1.,0.));
#671 = ( GEOMETRIC_REPRESENTATION_CONTEXT(2) 
PARAMETRIC_REPRESENTATION_CONTEXT() REPRESENTATION_CONTEXT('2D SPACE',''
  ) );
#672 = ORIENTED_EDGE('',*,*,#673,.F.);
#673 = EDGE_CURVE('',#674,#643,#676,.T.);
#674 = VERTEX_POINT('',#675);
#675 = CARTESIAN_POINT('',(-3.61058428248,-46.10885144025,87.8));
#676 = SURFACE_CURVE('',#677,(#681,#687),.PCURVE_S1.);
#677 = LINE('',#678,#679);
#678 = CARTESIAN_POINT('',(-38.55640703681,-60.5200443448,87.8));
#679 = VECTOR('',#680,1.);
#680 = DIRECTION('',(-0.924475516938,-0.381241417716,0.));
#681 = PCURVE('',#182,#682);
#682 = DEFINITIONAL_REPRESENTATION('',(#683),#686);
#683 = B_SPLINE_CURVE_WITH_KNOTS('',1,(#684,#685),.UNSPECIFIED.,.F.,.F.,
  (2,2),(-37.80070116954,-35.26640227296),.PIECEWISE_BEZIER_KNOTS.);
#684 = CARTESIAN_POINT('',(-3.61058428248,-46.10885144025));
#685 = CARTESIAN_POINT('',(-5.953481564969,-47.07503114449));
#686 = ( GEOMETRIC_REPRESENTATION_CONTEXT(2) 
PARAMETRIC_REPRESENTATION_CONTEXT() REPRESENTATION_CONTEXT('2D SPACE',''
  ) );
#687 = PCURVE('',#688,#693);
#688 = PLANE('',#689);
#689 = AXIS2_PLACEMENT_3D('',#690,#691,#692);
#690 = CARTESIAN_POINT('',(-92.83902255442,-82.90547361592,78.8));
#691 = DIRECTION('',(0.381241417716,-0.924475516938,0.));
#692 = DIRECTION('',(0.,0.,1.));
#693 = DEFINITIONAL_REPRESENTATION('',(#694),#697);
#694 = B_SPLINE_CURVE_WITH_KNOTS('',1,(#695,#696),.UNSPECIFIED.,.F.,.F.,
  (2,2),(-37.80070116954,-35.26640227296),.PIECEWISE_BEZIER_KNOTS.);
#695 = CARTESIAN_POINT('',(9.,-96.51790300244));
#696 = CARTESIAN_POINT('',(9.,-93.98360410586));
#697 = ( GEOMETRIC_REPRESENTATION_CONTEXT(2) 
PARAMETRIC_REPRESENTATION_CONTEXT() REPRESENTATION_CONTEXT('2D SPACE',''
  ) );
#698 = ORIENTED_EDGE('',*,*,#699,.T.);
#699 = EDGE_CURVE('',#674,#700,#702,.T.);
#700 = VERTEX_POINT('',#701);
#701 = CARTESIAN_POINT('',(35.063001244087,-30.16037870712,87.8));
#702 = SURFACE_CURVE('',#703,(#708,#715),.PCURVE_S1.);
#703 = CIRCLE('',#704,46.25);
#704 = AXIS2_PLACEMENT_3D('',#705,#706,#707);
#705 = CARTESIAN_POINT('',(0.,0.,87.8));
#706 = DIRECTION('',(0.,0.,1.));
#707 = DIRECTION('',(1.,0.,-0.));
#708 = PCURVE('',#182,#709);
#709 = DEFINITIONAL_REPRESENTATION('',(#710),#714);
#710 = CIRCLE('',#711,46.25);
#711 = AXIS2_PLACEMENT_2D('',#712,#713);
#712 = CARTESIAN_POINT('',(0.,0.));
#713 = DIRECTION('',(1.,0.));
#714 = ( GEOMETRIC_REPRESENTATION_CONTEXT(2) 
PARAMETRIC_REPRESENTATION_CONTEXT() REPRESENTATION_CONTEXT('2D SPACE',''
  ) );
#715 = PCURVE('',#716,#721);
#716 = CYLINDRICAL_SURFACE('',#717,46.25);
#717 = AXIS2_PLACEMENT_3D('',#718,#719,#720);
#718 = CARTESIAN_POINT('',(0.,0.,78.8));
#719 = DIRECTION('',(0.,0.,1.));
#720 = DIRECTION('',(1.,0.,0.));
#721 = DEFINITIONAL_REPRESENTATION('',(#722),#726);
#722 = LINE('',#723,#724);
#723 = CARTESIAN_POINT('',(0.,9.));
#724 = VECTOR('',#725,1.);
#725 = DIRECTION('',(1.,0.));
#726 = ( GEOMETRIC_REPRESENTATION_CONTEXT(2) 
PARAMETRIC_REPRESENTATION_CONTEXT() REPRESENTATION_CONTEXT('2D SPACE',''
  ) );
#727 = ORIENTED_EDGE('',*,*,#728,.F.);
#728 = EDGE_CURVE('',#645,#700,#729,.T.);
#729 = SURFACE_CURVE('',#730,(#734,#740),.PCURVE_S1.);
#730 = LINE('',#731,#732);
#731 = CARTESIAN_POINT('',(-38.55640703681,-60.5200443448,87.8));
#732 = VECTOR('',#733,1.);
#733 = DIRECTION('',(-0.924475516938,-0.381241417716,0.));
#734 = PCURVE('',#182,#735);
#735 = DEFINITIONAL_REPRESENTATION('',(#736),#739);
#736 = B_SPLINE_CURVE_WITH_KNOTS('',1,(#737,#738),.UNSPECIFIED.,.F.,.F.,
  (2,2),(-82.16800139282,-79.63370249625),.PIECEWISE_BEZIER_KNOTS.);
#737 = CARTESIAN_POINT('',(37.405898526576,-29.19419900287));
#738 = CARTESIAN_POINT('',(35.063001244087,-30.16037870712));
#739 = ( GEOMETRIC_REPRESENTATION_CONTEXT(2) 
PARAMETRIC_REPRESENTATION_CONTEXT() REPRESENTATION_CONTEXT('2D SPACE',''
  ) );
#740 = PCURVE('',#741,#746);
#741 = PLANE('',#742);
#742 = AXIS2_PLACEMENT_3D('',#743,#744,#745);
#743 = CARTESIAN_POINT('',(-92.83902255442,-82.90547361592,78.8));
#744 = DIRECTION('',(0.381241417716,-0.924475516938,0.));
#745 = DIRECTION('',(0.,0.,1.));
#746 = DEFINITIONAL_REPRESENTATION('',(#747),#750);
#747 = B_SPLINE_CURVE_WITH_KNOTS('',1,(#748,#749),.UNSPECIFIED.,.F.,.F.,
  (2,2),(-82.16800139282,-79.63370249625),.PIECEWISE_BEZIER_KNOTS.);
#748 = CARTESIAN_POINT('',(9.,-140.8852032257));
#749 = CARTESIAN_POINT('',(9.,-138.3509043291));
#750 = ( GEOMETRIC_REPRESENTATION_CONTEXT(2) 
PARAMETRIC_REPRESENTATION_CONTEXT() REPRESENTATION_CONTEXT('2D SPACE',''
  ) );
#751 = ADVANCED_FACE('',(#752),#209,.T.);
#752 = FACE_BOUND('',#753,.T.);
#753 = EDGE_LOOP('',(#754,#755,#756,#778));
#754 = ORIENTED_EDGE('',*,*,#618,.F.);
#755 = ORIENTED_EDGE('',*,*,#193,.F.);
#756 = ORIENTED_EDGE('',*,*,#757,.T.);
#757 = EDGE_CURVE('',#194,#323,#758,.T.);
#758 = SURFACE_CURVE('',#759,(#764,#771),.PCURVE_S1.);
#759 = CIRCLE('',#760,41.95);
#760 = AXIS2_PLACEMENT_3D('',#761,#762,#763);
#761 = CARTESIAN_POINT('',(0.,0.,86.8));
#762 = DIRECTION('',(0.,0.,1.));
#763 = DIRECTION('',(1.,0.,0.));
#764 = PCURVE('',#209,#765);
#765 = DEFINITIONAL_REPRESENTATION('',(#766),#770);
#766 = LINE('',#767,#768);
#767 = CARTESIAN_POINT('',(0.,0.));
#768 = VECTOR('',#769,1.);
#769 = DIRECTION('',(1.,0.));
#770 = ( GEOMETRIC_REPRESENTATION_CONTEXT(2) 
PARAMETRIC_REPRESENTATION_CONTEXT() REPRESENTATION_CONTEXT('2D SPACE',''
  ) );
#771 = PCURVE('',#236,#772);
#772 = DEFINITIONAL_REPRESENTATION('',(#773),#777);
#773 = CIRCLE('',#774,41.95);
#774 = AXIS2_PLACEMENT_2D('',#775,#776);
#775 = CARTESIAN_POINT('',(0.,0.));
#776 = DIRECTION('',(1.,0.));
#777 = ( GEOMETRIC_REPRESENTATION_CONTEXT(2) 
PARAMETRIC_REPRESENTATION_CONTEXT() REPRESENTATION_CONTEXT('2D SPACE',''
  ) );
#778 = ORIENTED_EDGE('',*,*,#344,.T.);
#779 = ADVANCED_FACE('',(#780),#236,.F.);
#780 = FACE_BOUND('',#781,.F.);
#781 = EDGE_LOOP('',(#782,#783,#784,#785));
#782 = ORIENTED_EDGE('',*,*,#220,.F.);
#783 = ORIENTED_EDGE('',*,*,#757,.T.);
#784 = ORIENTED_EDGE('',*,*,#322,.F.);
#785 = ORIENTED_EDGE('',*,*,#273,.F.);
#786 = ADVANCED_FACE('',(#787),#508,.F.);
#787 = FACE_BOUND('',#788,.F.);
#788 = EDGE_LOOP('',(#789,#810,#829,#830));
#789 = ORIENTED_EDGE('',*,*,#790,.F.);
#790 = EDGE_CURVE('',#791,#569,#793,.T.);
#791 = VERTEX_POINT('',#792);
#792 = CARTESIAN_POINT('',(48.60348482122,-49.88811244408,83.8));
#793 = SURFACE_CURVE('',#794,(#798,#804),.PCURVE_S1.);
#794 = LINE('',#795,#796);
#795 = CARTESIAN_POINT('',(48.60348482122,-49.88811244408,82.8));
#796 = VECTOR('',#797,1.);
#797 = DIRECTION('',(0.,0.,1.));
#798 = PCURVE('',#508,#799);
#799 = DEFINITIONAL_REPRESENTATION('',(#800),#803);
#800 = B_SPLINE_CURVE_WITH_KNOTS('',1,(#801,#802),.UNSPECIFIED.,.F.,.F.,
  (2,2),(0.9999994,7.0000006),.PIECEWISE_BEZIER_KNOTS.);
#801 = CARTESIAN_POINT('',(0.9999994,-201.2605773078));
#802 = CARTESIAN_POINT('',(7.0000006,-201.2605773078));
#803 = ( GEOMETRIC_REPRESENTATION_CONTEXT(2) 
PARAMETRIC_REPRESENTATION_CONTEXT() REPRESENTATION_CONTEXT('2D SPACE',''
  ) );
#804 = PCURVE('',#585,#805);
#805 = DEFINITIONAL_REPRESENTATION('',(#806),#809);
#806 = B_SPLINE_CURVE_WITH_KNOTS('',1,(#807,#808),.UNSPECIFIED.,.F.,.F.,
  (2,2),(0.9999994,7.0000006),.PIECEWISE_BEZIER_KNOTS.);
#807 = CARTESIAN_POINT('',(5.484744865873,0.9999994));
#808 = CARTESIAN_POINT('',(5.484744865873,7.0000006));
#809 = ( GEOMETRIC_REPRESENTATION_CONTEXT(2) 
PARAMETRIC_REPRESENTATION_CONTEXT() REPRESENTATION_CONTEXT('2D SPACE',''
  ) );
#810 = ORIENTED_EDGE('',*,*,#811,.T.);
#811 = EDGE_CURVE('',#791,#465,#812,.T.);
#812 = SURFACE_CURVE('',#813,(#817,#823),.PCURVE_S1.);
#813 = LINE('',#814,#815);
#814 = CARTESIAN_POINT('',(-56.40486688463,-93.19216121868,83.8));
#815 = VECTOR('',#816,1.);
#816 = DIRECTION('',(0.924475516938,0.381241417716,-0.));
#817 = PCURVE('',#508,#818);
#818 = DEFINITIONAL_REPRESENTATION('',(#819),#822);
#819 = B_SPLINE_CURVE_WITH_KNOTS('',1,(#820,#821),.UNSPECIFIED.,.F.,.F.,
  (2,2),(58.603709304493,137.6508783122),.PIECEWISE_BEZIER_KNOTS.);
#820 = CARTESIAN_POINT('',(1.,-146.2773394385));
#821 = CARTESIAN_POINT('',(1.,-225.3245084462));
#822 = ( GEOMETRIC_REPRESENTATION_CONTEXT(2) 
PARAMETRIC_REPRESENTATION_CONTEXT() REPRESENTATION_CONTEXT('2D SPACE',''
  ) );
#823 = PCURVE('',#481,#824);
#824 = DEFINITIONAL_REPRESENTATION('',(#825),#828);
#825 = B_SPLINE_CURVE_WITH_KNOTS('',1,(#826,#827),.UNSPECIFIED.,.F.,.F.,
  (2,2),(58.603709304493,137.6508783122),.PIECEWISE_BEZIER_KNOTS.);
#826 = CARTESIAN_POINT('',(-2.227172430882,-70.85));
#827 = CARTESIAN_POINT('',(70.85,-40.71394522102));
#828 = ( GEOMETRIC_REPRESENTATION_CONTEXT(2) 
PARAMETRIC_REPRESENTATION_CONTEXT() REPRESENTATION_CONTEXT('2D SPACE',''
  ) );
#829 = ORIENTED_EDGE('',*,*,#493,.T.);
#830 = ORIENTED_EDGE('',*,*,#597,.T.);
#831 = ADVANCED_FACE('',(#832),#585,.F.);
#832 = FACE_BOUND('',#833,.F.);
#833 = EDGE_LOOP('',(#834,#835,#856,#878));
#834 = ORIENTED_EDGE('',*,*,#568,.F.);
#835 = ORIENTED_EDGE('',*,*,#836,.F.);
#836 = EDGE_CURVE('',#837,#548,#839,.T.);
#837 = VERTEX_POINT('',#838);
#838 = CARTESIAN_POINT('',(0.691030489517,-69.64657189598,83.8));
#839 = SURFACE_CURVE('',#840,(#844,#850),.PCURVE_S1.);
#840 = LINE('',#841,#842);
#841 = CARTESIAN_POINT('',(0.691030489517,-69.64657189598,82.8));
#842 = VECTOR('',#843,1.);
#843 = DIRECTION('',(0.,0.,1.));
#844 = PCURVE('',#585,#845);
#845 = DEFINITIONAL_REPRESENTATION('',(#846),#849);
#846 = B_SPLINE_CURVE_WITH_KNOTS('',1,(#847,#848),.UNSPECIFIED.,.F.,.F.,
  (2,2),(0.9999994,7.0000006),.PIECEWISE_BEZIER_KNOTS.);
#847 = CARTESIAN_POINT('',(4.722310614656,0.9999994));
#848 = CARTESIAN_POINT('',(4.722310614656,7.0000006));
#849 = ( GEOMETRIC_REPRESENTATION_CONTEXT(2) 
PARAMETRIC_REPRESENTATION_CONTEXT() REPRESENTATION_CONTEXT('2D SPACE',''
  ) );
#850 = PCURVE('',#453,#851);
#851 = DEFINITIONAL_REPRESENTATION('',(#852),#855);
#852 = B_SPLINE_CURVE_WITH_KNOTS('',1,(#853,#854),.UNSPECIFIED.,.F.,.F.,
  (2,2),(0.9999994,7.0000006),.PIECEWISE_BEZIER_KNOTS.);
#853 = CARTESIAN_POINT('',(0.9999994,-149.4339432284));
#854 = CARTESIAN_POINT('',(7.0000006,-149.4339432284));
#855 = ( GEOMETRIC_REPRESENTATION_CONTEXT(2) 
PARAMETRIC_REPRESENTATION_CONTEXT() REPRESENTATION_CONTEXT('2D SPACE',''
  ) );
#856 = ORIENTED_EDGE('',*,*,#857,.T.);
#857 = EDGE_CURVE('',#837,#791,#858,.T.);
#858 = SURFACE_CURVE('',#859,(#864,#871),.PCURVE_S1.);
#859 = CIRCLE('',#860,69.65);
#860 = AXIS2_PLACEMENT_3D('',#861,#862,#863);
#861 = CARTESIAN_POINT('',(0.,0.,83.8));
#862 = DIRECTION('',(0.,0.,1.));
#863 = DIRECTION('',(1.,0.,-0.));
#864 = PCURVE('',#585,#865);
#865 = DEFINITIONAL_REPRESENTATION('',(#866),#870);
#866 = LINE('',#867,#868);
#867 = CARTESIAN_POINT('',(0.,1.));
#868 = VECTOR('',#869,1.);
#869 = DIRECTION('',(1.,0.));
#870 = ( GEOMETRIC_REPRESENTATION_CONTEXT(2) 
PARAMETRIC_REPRESENTATION_CONTEXT() REPRESENTATION_CONTEXT('2D SPACE',''
  ) );
#871 = PCURVE('',#481,#872);
#872 = DEFINITIONAL_REPRESENTATION('',(#873),#877);
#873 = CIRCLE('',#874,69.65);
#874 = AXIS2_PLACEMENT_2D('',#875,#876);
#875 = CARTESIAN_POINT('',(0.,0.));
#876 = DIRECTION('',(1.,0.));
#877 = ( GEOMETRIC_REPRESENTATION_CONTEXT(2) 
PARAMETRIC_REPRESENTATION_CONTEXT() REPRESENTATION_CONTEXT('2D SPACE',''
  ) );
#878 = ORIENTED_EDGE('',*,*,#790,.T.);
#879 = ADVANCED_FACE('',(#880),#453,.F.);
#880 = FACE_BOUND('',#881,.F.);
#881 = EDGE_LOOP('',(#882,#883,#902,#903));
#882 = ORIENTED_EDGE('',*,*,#438,.F.);
#883 = ORIENTED_EDGE('',*,*,#884,.T.);
#884 = EDGE_CURVE('',#439,#837,#885,.T.);
#885 = SURFACE_CURVE('',#886,(#890,#896),.PCURVE_S1.);
#886 = LINE('',#887,#888);
#887 = CARTESIAN_POINT('',(-56.40486688463,-93.19216121868,83.8));
#888 = VECTOR('',#889,1.);
#889 = DIRECTION('',(0.924475516938,0.381241417716,-0.));
#890 = PCURVE('',#453,#891);
#891 = DEFINITIONAL_REPRESENTATION('',(#892),#895);
#892 = B_SPLINE_CURVE_WITH_KNOTS('',1,(#893,#894),.UNSPECIFIED.,.F.,.F.,
  (2,2),(58.603709304493,137.6508783122),.PIECEWISE_BEZIER_KNOTS.);
#893 = CARTESIAN_POINT('',(1.,-146.2773394385));
#894 = CARTESIAN_POINT('',(1.,-225.3245084462));
#895 = ( GEOMETRIC_REPRESENTATION_CONTEXT(2) 
PARAMETRIC_REPRESENTATION_CONTEXT() REPRESENTATION_CONTEXT('2D SPACE',''
  ) );
#896 = PCURVE('',#481,#897);
#897 = DEFINITIONAL_REPRESENTATION('',(#898),#901);
#898 = B_SPLINE_CURVE_WITH_KNOTS('',1,(#899,#900),.UNSPECIFIED.,.F.,.F.,
  (2,2),(58.603709304493,137.6508783122),.PIECEWISE_BEZIER_KNOTS.);
#899 = CARTESIAN_POINT('',(-2.227172430882,-70.85));
#900 = CARTESIAN_POINT('',(70.85,-40.71394522102));
#901 = ( GEOMETRIC_REPRESENTATION_CONTEXT(2) 
PARAMETRIC_REPRESENTATION_CONTEXT() REPRESENTATION_CONTEXT('2D SPACE',''
  ) );
#902 = ORIENTED_EDGE('',*,*,#836,.T.);
#903 = ORIENTED_EDGE('',*,*,#547,.T.);
#904 = ADVANCED_FACE('',(#905),#661,.T.);
#905 = FACE_BOUND('',#906,.T.);
#906 = EDGE_LOOP('',(#907,#908,#929,#958));
#907 = ORIENTED_EDGE('',*,*,#642,.F.);
#908 = ORIENTED_EDGE('',*,*,#909,.F.);
#909 = EDGE_CURVE('',#910,#643,#912,.T.);
#910 = VERTEX_POINT('',#911);
#911 = CARTESIAN_POINT('',(-5.953481564969,-47.07503114449,79.8));
#912 = SURFACE_CURVE('',#913,(#917,#923),.PCURVE_S1.);
#913 = LINE('',#914,#915);
#914 = CARTESIAN_POINT('',(-5.953481564969,-47.07503114449,79.8));
#915 = VECTOR('',#916,1.);
#916 = DIRECTION('',(0.,0.,1.));
#917 = PCURVE('',#661,#918);
#918 = DEFINITIONAL_REPRESENTATION('',(#919),#922);
#919 = B_SPLINE_CURVE_WITH_KNOTS('',1,(#920,#921),.UNSPECIFIED.,.F.,.F.,
  (2,2),(-6.000000070117E-07,10.0000006),.PIECEWISE_BEZIER_KNOTS.);
#920 = CARTESIAN_POINT('',(4.586588905197,-6.000000070117E-07));
#921 = CARTESIAN_POINT('',(4.586588905197,10.0000006));
#922 = ( GEOMETRIC_REPRESENTATION_CONTEXT(2) 
PARAMETRIC_REPRESENTATION_CONTEXT() REPRESENTATION_CONTEXT('2D SPACE',''
  ) );
#923 = PCURVE('',#688,#924);
#924 = DEFINITIONAL_REPRESENTATION('',(#925),#928);
#925 = B_SPLINE_CURVE_WITH_KNOTS('',1,(#926,#927),.UNSPECIFIED.,.F.,.F.,
  (2,2),(-6.000000070117E-07,10.0000006),.PIECEWISE_BEZIER_KNOTS.);
#926 = CARTESIAN_POINT('',(0.9999994,-93.98360410586));
#927 = CARTESIAN_POINT('',(11.0000006,-93.98360410586));
#928 = ( GEOMETRIC_REPRESENTATION_CONTEXT(2) 
PARAMETRIC_REPRESENTATION_CONTEXT() REPRESENTATION_CONTEXT('2D SPACE',''
  ) );
#929 = ORIENTED_EDGE('',*,*,#930,.T.);
#930 = EDGE_CURVE('',#910,#931,#933,.T.);
#931 = VERTEX_POINT('',#932);
#932 = CARTESIAN_POINT('',(37.405898526576,-29.19419900287,79.8));
#933 = SURFACE_CURVE('',#934,(#939,#946),.PCURVE_S1.);
#934 = CIRCLE('',#935,47.45);
#935 = AXIS2_PLACEMENT_3D('',#936,#937,#938);
#936 = CARTESIAN_POINT('',(0.,0.,79.8));
#937 = DIRECTION('',(0.,0.,1.));
#938 = DIRECTION('',(1.,0.,0.));
#939 = PCURVE('',#661,#940);
#940 = DEFINITIONAL_REPRESENTATION('',(#941),#945);
#941 = LINE('',#942,#943);
#942 = CARTESIAN_POINT('',(0.,0.));
#943 = VECTOR('',#944,1.);
#944 = DIRECTION('',(1.,0.));
#945 = ( GEOMETRIC_REPRESENTATION_CONTEXT(2) 
PARAMETRIC_REPRESENTATION_CONTEXT() REPRESENTATION_CONTEXT('2D SPACE',''
  ) );
#946 = PCURVE('',#947,#952);
#947 = PLANE('',#948);
#948 = AXIS2_PLACEMENT_3D('',#949,#950,#951);
#949 = CARTESIAN_POINT('',(0.,0.,79.8));
#950 = DIRECTION('',(0.,0.,1.));
#951 = DIRECTION('',(1.,0.,0.));
#952 = DEFINITIONAL_REPRESENTATION('',(#953),#957);
#953 = CIRCLE('',#954,47.45);
#954 = AXIS2_PLACEMENT_2D('',#955,#956);
#955 = CARTESIAN_POINT('',(0.,0.));
#956 = DIRECTION('',(1.,0.));
#957 = ( GEOMETRIC_REPRESENTATION_CONTEXT(2) 
PARAMETRIC_REPRESENTATION_CONTEXT() REPRESENTATION_CONTEXT('2D SPACE',''
  ) );
#958 = ORIENTED_EDGE('',*,*,#959,.T.);
#959 = EDGE_CURVE('',#931,#645,#960,.T.);
#960 = SURFACE_CURVE('',#961,(#965,#971),.PCURVE_S1.);
#961 = LINE('',#962,#963);
#962 = CARTESIAN_POINT('',(37.405898526576,-29.19419900287,79.8));
#963 = VECTOR('',#964,1.);
#964 = DIRECTION('',(0.,0.,1.));
#965 = PCURVE('',#661,#966);
#966 = DEFINITIONAL_REPRESENTATION('',(#967),#970);
#967 = B_SPLINE_CURVE_WITH_KNOTS('',1,(#968,#969),.UNSPECIFIED.,.F.,.F.,
  (2,2),(-6.000000070117E-07,10.0000006),.PIECEWISE_BEZIER_KNOTS.);
#968 = CARTESIAN_POINT('',(5.620466575333,-6.000000070117E-07));
#969 = CARTESIAN_POINT('',(5.620466575333,10.0000006));
#970 = ( GEOMETRIC_REPRESENTATION_CONTEXT(2) 
PARAMETRIC_REPRESENTATION_CONTEXT() REPRESENTATION_CONTEXT('2D SPACE',''
  ) );
#971 = PCURVE('',#741,#972);
#972 = DEFINITIONAL_REPRESENTATION('',(#973),#976);
#973 = B_SPLINE_CURVE_WITH_KNOTS('',1,(#974,#975),.UNSPECIFIED.,.F.,.F.,
  (2,2),(-6.000000070117E-07,10.0000006),.PIECEWISE_BEZIER_KNOTS.);
#974 = CARTESIAN_POINT('',(0.9999994,-140.8852032257));
#975 = CARTESIAN_POINT('',(11.0000006,-140.8852032257));
#976 = ( GEOMETRIC_REPRESENTATION_CONTEXT(2) 
PARAMETRIC_REPRESENTATION_CONTEXT() REPRESENTATION_CONTEXT('2D SPACE',''
  ) );
#977 = ADVANCED_FACE('',(#978),#741,.F.);
#978 = FACE_BOUND('',#979,.F.);
#979 = EDGE_LOOP('',(#980,#1001,#1020,#1021));
#980 = ORIENTED_EDGE('',*,*,#981,.F.);
#981 = EDGE_CURVE('',#982,#700,#984,.T.);
#982 = VERTEX_POINT('',#983);
#983 = CARTESIAN_POINT('',(35.063001244087,-30.16037870712,79.8));
#984 = SURFACE_CURVE('',#985,(#989,#995),.PCURVE_S1.);
#985 = LINE('',#986,#987);
#986 = CARTESIAN_POINT('',(35.063001244087,-30.16037870712,78.8));
#987 = VECTOR('',#988,1.);
#988 = DIRECTION('',(0.,0.,1.));
#989 = PCURVE('',#741,#990);
#990 = DEFINITIONAL_REPRESENTATION('',(#991),#994);
#991 = B_SPLINE_CURVE_WITH_KNOTS('',1,(#992,#993),.UNSPECIFIED.,.F.,.F.,
  (2,2),(0.9999994,11.0000006),.PIECEWISE_BEZIER_KNOTS.);
#992 = CARTESIAN_POINT('',(0.9999994,-138.3509043291));
#993 = CARTESIAN_POINT('',(11.0000006,-138.3509043291));
#994 = ( GEOMETRIC_REPRESENTATION_CONTEXT(2) 
PARAMETRIC_REPRESENTATION_CONTEXT() REPRESENTATION_CONTEXT('2D SPACE',''
  ) );
#995 = PCURVE('',#716,#996);
#996 = DEFINITIONAL_REPRESENTATION('',(#997),#1000);
#997 = B_SPLINE_CURVE_WITH_KNOTS('',1,(#998,#999),.UNSPECIFIED.,.F.,.F.,
  (2,2),(0.9999994,11.0000006),.PIECEWISE_BEZIER_KNOTS.);
#998 = CARTESIAN_POINT('',(5.572812700627,0.9999994));
#999 = CARTESIAN_POINT('',(5.572812700627,11.0000006));
#1000 = ( GEOMETRIC_REPRESENTATION_CONTEXT(2) 
PARAMETRIC_REPRESENTATION_CONTEXT() REPRESENTATION_CONTEXT('2D SPACE',''
  ) );
#1001 = ORIENTED_EDGE('',*,*,#1002,.T.);
#1002 = EDGE_CURVE('',#982,#931,#1003,.T.);
#1003 = SURFACE_CURVE('',#1004,(#1008,#1014),.PCURVE_S1.);
#1004 = LINE('',#1005,#1006);
#1005 = CARTESIAN_POINT('',(-38.55640703681,-60.5200443448,79.8));
#1006 = VECTOR('',#1007,1.);
#1007 = DIRECTION('',(0.924475516938,0.381241417716,-0.));
#1008 = PCURVE('',#741,#1009);
#1009 = DEFINITIONAL_REPRESENTATION('',(#1010),#1013);
#1010 = B_SPLINE_CURVE_WITH_KNOTS('',1,(#1011,#1012),.UNSPECIFIED.,.F.,
  .F.,(2,2),(34.282855265545,93.032649822559),.PIECEWISE_BEZIER_KNOTS.);
#1011 = CARTESIAN_POINT('',(1.,-93.00005709844));
#1012 = CARTESIAN_POINT('',(1.,-151.7498516554));
#1013 = ( GEOMETRIC_REPRESENTATION_CONTEXT(2) 
PARAMETRIC_REPRESENTATION_CONTEXT() REPRESENTATION_CONTEXT('2D SPACE',''
  ) );
#1014 = PCURVE('',#947,#1015);
#1015 = DEFINITIONAL_REPRESENTATION('',(#1016),#1019);
#1016 = B_SPLINE_CURVE_WITH_KNOTS('',1,(#1017,#1018),.UNSPECIFIED.,.F.,
  .F.,(2,2),(34.282855265545,93.032649822559),.PIECEWISE_BEZIER_KNOTS.);
#1017 = CARTESIAN_POINT('',(-6.862746693089,-47.45));
#1018 = CARTESIAN_POINT('',(47.45,-25.05214503253));
#1019 = ( GEOMETRIC_REPRESENTATION_CONTEXT(2) 
PARAMETRIC_REPRESENTATION_CONTEXT() REPRESENTATION_CONTEXT('2D SPACE',''
  ) );
#1020 = ORIENTED_EDGE('',*,*,#959,.T.);
#1021 = ORIENTED_EDGE('',*,*,#728,.T.);
#1022 = ADVANCED_FACE('',(#1023),#716,.F.);
#1023 = FACE_BOUND('',#1024,.F.);
#1024 = EDGE_LOOP('',(#1025,#1026,#1047,#1069));
#1025 = ORIENTED_EDGE('',*,*,#699,.F.);
#1026 = ORIENTED_EDGE('',*,*,#1027,.F.);
#1027 = EDGE_CURVE('',#1028,#674,#1030,.T.);
#1028 = VERTEX_POINT('',#1029);
#1029 = CARTESIAN_POINT('',(-3.61058428248,-46.10885144025,79.8));
#1030 = SURFACE_CURVE('',#1031,(#1035,#1041),.PCURVE_S1.);
#1031 = LINE('',#1032,#1033);
#1032 = CARTESIAN_POINT('',(-3.61058428248,-46.10885144025,78.8));
#1033 = VECTOR('',#1034,1.);
#1034 = DIRECTION('',(0.,0.,1.));
#1035 = PCURVE('',#716,#1036);
#1036 = DEFINITIONAL_REPRESENTATION('',(#1037),#1040);
#1037 = B_SPLINE_CURVE_WITH_KNOTS('',1,(#1038,#1039),.UNSPECIFIED.,.F.,
  .F.,(2,2),(0.9999994,11.0000006),.PIECEWISE_BEZIER_KNOTS.);
#1038 = CARTESIAN_POINT('',(4.634242779903,0.9999994));
#1039 = CARTESIAN_POINT('',(4.634242779903,11.0000006));
#1040 = ( GEOMETRIC_REPRESENTATION_CONTEXT(2) 
PARAMETRIC_REPRESENTATION_CONTEXT() REPRESENTATION_CONTEXT('2D SPACE',''
  ) );
#1041 = PCURVE('',#688,#1042);
#1042 = DEFINITIONAL_REPRESENTATION('',(#1043),#1046);
#1043 = B_SPLINE_CURVE_WITH_KNOTS('',1,(#1044,#1045),.UNSPECIFIED.,.F.,
  .F.,(2,2),(0.9999994,11.0000006),.PIECEWISE_BEZIER_KNOTS.);
#1044 = CARTESIAN_POINT('',(0.9999994,-96.51790300244));
#1045 = CARTESIAN_POINT('',(11.0000006,-96.51790300244));
#1046 = ( GEOMETRIC_REPRESENTATION_CONTEXT(2) 
PARAMETRIC_REPRESENTATION_CONTEXT() REPRESENTATION_CONTEXT('2D SPACE',''
  ) );
#1047 = ORIENTED_EDGE('',*,*,#1048,.T.);
#1048 = EDGE_CURVE('',#1028,#982,#1049,.T.);
#1049 = SURFACE_CURVE('',#1050,(#1055,#1062),.PCURVE_S1.);
#1050 = CIRCLE('',#1051,46.25);
#1051 = AXIS2_PLACEMENT_3D('',#1052,#1053,#1054);
#1052 = CARTESIAN_POINT('',(0.,0.,79.8));
#1053 = DIRECTION('',(0.,0.,1.));
#1054 = DIRECTION('',(1.,0.,-0.));
#1055 = PCURVE('',#716,#1056);
#1056 = DEFINITIONAL_REPRESENTATION('',(#1057),#1061);
#1057 = LINE('',#1058,#1059);
#1058 = CARTESIAN_POINT('',(0.,1.));
#1059 = VECTOR('',#1060,1.);
#1060 = DIRECTION('',(1.,0.));
#1061 = ( GEOMETRIC_REPRESENTATION_CONTEXT(2) 
PARAMETRIC_REPRESENTATION_CONTEXT() REPRESENTATION_CONTEXT('2D SPACE',''
  ) );
#1062 = PCURVE('',#947,#1063);
#1063 = DEFINITIONAL_REPRESENTATION('',(#1064),#1068);
#1064 = CIRCLE('',#1065,46.25);
#1065 = AXIS2_PLACEMENT_2D('',#1066,#1067);
#1066 = CARTESIAN_POINT('',(0.,0.));
#1067 = DIRECTION('',(1.,0.));
#1068 = ( GEOMETRIC_REPRESENTATION_CONTEXT(2) 
PARAMETRIC_REPRESENTATION_CONTEXT() REPRESENTATION_CONTEXT('2D SPACE',''
  ) );
#1069 = ORIENTED_EDGE('',*,*,#981,.T.);
#1070 = ADVANCED_FACE('',(#1071),#688,.F.);
#1071 = FACE_BOUND('',#1072,.F.);
#1072 = EDGE_LOOP('',(#1073,#1074,#1093,#1094));
#1073 = ORIENTED_EDGE('',*,*,#909,.F.);
#1074 = ORIENTED_EDGE('',*,*,#1075,.T.);
#1075 = EDGE_CURVE('',#910,#1028,#1076,.T.);
#1076 = SURFACE_CURVE('',#1077,(#1081,#1087),.PCURVE_S1.);
#1077 = LINE('',#1078,#1079);
#1078 = CARTESIAN_POINT('',(-38.55640703681,-60.5200443448,79.8));
#1079 = VECTOR('',#1080,1.);
#1080 = DIRECTION('',(0.924475516938,0.381241417716,-0.));
#1081 = PCURVE('',#688,#1082);
#1082 = DEFINITIONAL_REPRESENTATION('',(#1083),#1086);
#1083 = B_SPLINE_CURVE_WITH_KNOTS('',1,(#1084,#1085),.UNSPECIFIED.,.F.,
  .F.,(2,2),(34.282855265545,93.032649822559),.PIECEWISE_BEZIER_KNOTS.);
#1084 = CARTESIAN_POINT('',(1.,-93.00005709844));
#1085 = CARTESIAN_POINT('',(1.,-151.7498516554));
#1086 = ( GEOMETRIC_REPRESENTATION_CONTEXT(2) 
PARAMETRIC_REPRESENTATION_CONTEXT() REPRESENTATION_CONTEXT('2D SPACE',''
  ) );
#1087 = PCURVE('',#947,#1088);
#1088 = DEFINITIONAL_REPRESENTATION('',(#1089),#1092);
#1089 = B_SPLINE_CURVE_WITH_KNOTS('',1,(#1090,#1091),.UNSPECIFIED.,.F.,
  .F.,(2,2),(34.282855265545,93.032649822559),.PIECEWISE_BEZIER_KNOTS.);
#1090 = CARTESIAN_POINT('',(-6.862746693089,-47.45));
#1091 = CARTESIAN_POINT('',(47.45,-25.05214503253));
#1092 = ( GEOMETRIC_REPRESENTATION_CONTEXT(2) 
PARAMETRIC_REPRESENTATION_CONTEXT() REPRESENTATION_CONTEXT('2D SPACE',''
  ) );
#1093 = ORIENTED_EDGE('',*,*,#1027,.T.);
#1094 = ORIENTED_EDGE('',*,*,#673,.T.);
#1095 = ADVANCED_FACE('',(#1096),#481,.F.);
#1096 = FACE_BOUND('',#1097,.F.);
#1097 = EDGE_LOOP('',(#1098,#1099,#1100,#1101));
#1098 = ORIENTED_EDGE('',*,*,#884,.F.);
#1099 = ORIENTED_EDGE('',*,*,#464,.T.);
#1100 = ORIENTED_EDGE('',*,*,#811,.F.);
#1101 = ORIENTED_EDGE('',*,*,#857,.F.);
#1102 = ADVANCED_FACE('',(#1103),#947,.F.);
#1103 = FACE_BOUND('',#1104,.F.);
#1104 = EDGE_LOOP('',(#1105,#1106,#1107,#1108));
#1105 = ORIENTED_EDGE('',*,*,#1075,.F.);
#1106 = ORIENTED_EDGE('',*,*,#930,.T.);
#1107 = ORIENTED_EDGE('',*,*,#1002,.F.);
#1108 = ORIENTED_EDGE('',*,*,#1048,.F.);
#1109 = MANIFOLD_SOLID_BREP('',#1110);
#1110 = CLOSED_SHELL('',(#1111,#1623,#1700,#1802,#1905,#1955,#2047,#2113
    ,#2266,#2312,#2358,#2511,#2559,#2630,#2658,#3453,#3460,#3488,#3495,
    #3571,#3596,#3641,#3689,#3714,#3759,#3807,#3832,#3902,#3950,#3995,
    #4023,#4030,#4037,#4107,#4155,#4203,#4228,#4319,#4344,#4421,#4491,
    #4539,#4546,#4553,#4581,#4626,#4654,#4682,#4727,#4775,#4800,#4807,
    #4814));
#1111 = ADVANCED_FACE('',(#1112),#1127,.T.);
#1112 = FACE_BOUND('',#1113,.T.);
#1113 = EDGE_LOOP('',(#1114,#1150,#1178,#1205,#1234,#1261,#1288,#1317,
    #1344,#1371,#1400,#1427,#1455,#1484,#1512,#1540,#1569,#1597));
#1114 = ORIENTED_EDGE('',*,*,#1115,.F.);
#1115 = EDGE_CURVE('',#1116,#1118,#1120,.T.);
#1116 = VERTEX_POINT('',#1117);
#1117 = CARTESIAN_POINT('',(39.68273684957,9.265144150405,89.8));
#1118 = VERTEX_POINT('',#1119);
#1119 = CARTESIAN_POINT('',(13.599175844593,38.413863595684,89.8));
#1120 = SURFACE_CURVE('',#1121,(#1126,#1138),.PCURVE_S1.);
#1121 = CIRCLE('',#1122,40.75);
#1122 = AXIS2_PLACEMENT_3D('',#1123,#1124,#1125);
#1123 = CARTESIAN_POINT('',(0.,0.,89.8));
#1124 = DIRECTION('',(0.,0.,1.));
#1125 = DIRECTION('',(1.,0.,-0.));
#1126 = PCURVE('',#1127,#1132);
#1127 = PLANE('',#1128);
#1128 = AXIS2_PLACEMENT_3D('',#1129,#1130,#1131);
#1129 = CARTESIAN_POINT('',(0.,0.,89.8));
#1130 = DIRECTION('',(0.,0.,1.));
#1131 = DIRECTION('',(1.,0.,0.));
#1132 = DEFINITIONAL_REPRESENTATION('',(#1133),#1137);
#1133 = CIRCLE('',#1134,40.75);
#1134 = AXIS2_PLACEMENT_2D('',#1135,#1136);
#1135 = CARTESIAN_POINT('',(0.,0.));
#1136 = DIRECTION('',(1.,0.));
#1137 = ( GEOMETRIC_REPRESENTATION_CONTEXT(2) 
PARAMETRIC_REPRESENTATION_CONTEXT() REPRESENTATION_CONTEXT('2D SPACE',''
  ) );
#1138 = PCURVE('',#1139,#1144);
#1139 = CYLINDRICAL_SURFACE('',#1140,40.75);
#1140 = AXIS2_PLACEMENT_3D('',#1141,#1142,#1143);
#1141 = CARTESIAN_POINT('',(0.,0.,85.8));
#1142 = DIRECTION('',(0.,0.,1.));
#1143 = DIRECTION('',(1.,0.,0.));
#1144 = DEFINITIONAL_REPRESENTATION('',(#1145),#1149);
#1145 = LINE('',#1146,#1147);
#1146 = CARTESIAN_POINT('',(0.,4.));
#1147 = VECTOR('',#1148,1.);
#1148 = DIRECTION('',(1.,0.));
#1149 = ( GEOMETRIC_REPRESENTATION_CONTEXT(2) 
PARAMETRIC_REPRESENTATION_CONTEXT() REPRESENTATION_CONTEXT('2D SPACE',''
  ) );
#1150 = ORIENTED_EDGE('',*,*,#1151,.T.);
#1151 = EDGE_CURVE('',#1116,#1152,#1154,.T.);
#1152 = VERTEX_POINT('',#1153);
#1153 = CARTESIAN_POINT('',(50.797167822207,-3.155377347926,89.8));
#1154 = SURFACE_CURVE('',#1155,(#1159,#1166),.PCURVE_S1.);
#1155 = LINE('',#1156,#1157);
#1156 = CARTESIAN_POINT('',(39.68273684957,9.265144150405,89.8));
#1157 = VECTOR('',#1158,1.);
#1158 = DIRECTION('',(0.666839269176,-0.745201576142,0.));
#1159 = PCURVE('',#1127,#1160);
#1160 = DEFINITIONAL_REPRESENTATION('',(#1161),#1165);
#1161 = LINE('',#1162,#1163);
#1162 = CARTESIAN_POINT('',(39.68273684957,9.265144150405));
#1163 = VECTOR('',#1164,1.);
#1164 = DIRECTION('',(0.666839269176,-0.745201576142));
#1165 = ( GEOMETRIC_REPRESENTATION_CONTEXT(2) 
PARAMETRIC_REPRESENTATION_CONTEXT() REPRESENTATION_CONTEXT('2D SPACE',''
  ) );
#1166 = PCURVE('',#1167,#1172);
#1167 = PLANE('',#1168);
#1168 = AXIS2_PLACEMENT_3D('',#1169,#1170,#1171);
#1169 = CARTESIAN_POINT('',(43.395195482459,5.11642323298,85.8));
#1170 = DIRECTION('',(0.745201576142,0.666839269176,0.));
#1171 = DIRECTION('',(0.,0.,1.));
#1172 = DEFINITIONAL_REPRESENTATION('',(#1173),#1177);
#1173 = LINE('',#1174,#1175);
#1174 = CARTESIAN_POINT('',(4.,-5.567246568241));
#1175 = VECTOR('',#1176,1.);
#1176 = DIRECTION('',(0.,1.));
#1177 = ( GEOMETRIC_REPRESENTATION_CONTEXT(2) 
PARAMETRIC_REPRESENTATION_CONTEXT() REPRESENTATION_CONTEXT('2D SPACE',''
  ) );
#1178 = ORIENTED_EDGE('',*,*,#1179,.F.);
#1179 = EDGE_CURVE('',#1180,#1152,#1182,.T.);
#1180 = VERTEX_POINT('',#1181);
#1181 = CARTESIAN_POINT('',(69.530827046782,13.60832797189,89.8));
#1182 = SURFACE_CURVE('',#1183,(#1187,#1194),.PCURVE_S1.);
#1183 = LINE('',#1184,#1185);
#1184 = CARTESIAN_POINT('',(37.476689648667,-15.07512928444,89.8));
#1185 = VECTOR('',#1186,1.);
#1186 = DIRECTION('',(-0.745201576142,-0.666839269176,0.));
#1187 = PCURVE('',#1127,#1188);
#1188 = DEFINITIONAL_REPRESENTATION('',(#1189),#1193);
#1189 = LINE('',#1190,#1191);
#1190 = CARTESIAN_POINT('',(37.476689648667,-15.07512928444));
#1191 = VECTOR('',#1192,1.);
#1192 = DIRECTION('',(-0.745201576142,-0.666839269176));
#1193 = ( GEOMETRIC_REPRESENTATION_CONTEXT(2) 
PARAMETRIC_REPRESENTATION_CONTEXT() REPRESENTATION_CONTEXT('2D SPACE',''
  ) );
#1194 = PCURVE('',#1195,#1200);
#1195 = PLANE('',#1196);
#1196 = AXIS2_PLACEMENT_3D('',#1197,#1198,#1199);
#1197 = CARTESIAN_POINT('',(50.797167822207,-3.155377347926,86.8));
#1198 = DIRECTION('',(-0.666839269176,0.745201576142,0.));
#1199 = DIRECTION('',(0.,0.,1.));
#1200 = DEFINITIONAL_REPRESENTATION('',(#1201),#1204);
#1201 = B_SPLINE_CURVE_WITH_KNOTS('',1,(#1202,#1203),.UNSPECIFIED.,.F.,
  .F.,(2,2),(-44.78427236306,-17.875),.PIECEWISE_BEZIER_KNOTS.);
#1202 = CARTESIAN_POINT('',(3.,26.909272363063));
#1203 = CARTESIAN_POINT('',(3.,0.));
#1204 = ( GEOMETRIC_REPRESENTATION_CONTEXT(2) 
PARAMETRIC_REPRESENTATION_CONTEXT() REPRESENTATION_CONTEXT('2D SPACE',''
  ) );
#1205 = ORIENTED_EDGE('',*,*,#1206,.T.);
#1206 = EDGE_CURVE('',#1180,#1207,#1209,.T.);
#1207 = VERTEX_POINT('',#1208);
#1208 = CARTESIAN_POINT('',(21.21840409653,67.59809041383,89.8));
#1209 = SURFACE_CURVE('',#1210,(#1215,#1222),.PCURVE_S1.);
#1210 = CIRCLE('',#1211,70.85);
#1211 = AXIS2_PLACEMENT_3D('',#1212,#1213,#1214);
#1212 = CARTESIAN_POINT('',(0.,0.,89.8));
#1213 = DIRECTION('',(0.,0.,1.));
#1214 = DIRECTION('',(0.981380762834,0.192072377867,-0.));
#1215 = PCURVE('',#1127,#1216);
#1216 = DEFINITIONAL_REPRESENTATION('',(#1217),#1221);
#1217 = CIRCLE('',#1218,70.85);
#1218 = AXIS2_PLACEMENT_2D('',#1219,#1220);
#1219 = CARTESIAN_POINT('',(0.,0.));
#1220 = DIRECTION('',(0.981380762834,0.192072377867));
#1221 = ( GEOMETRIC_REPRESENTATION_CONTEXT(2) 
PARAMETRIC_REPRESENTATION_CONTEXT() REPRESENTATION_CONTEXT('2D SPACE',''
  ) );
#1222 = PCURVE('',#1223,#1228);
#1223 = CYLINDRICAL_SURFACE('',#1224,70.85);
#1224 = AXIS2_PLACEMENT_3D('',#1225,#1226,#1227);
#1225 = CARTESIAN_POINT('',(0.,0.,87.8));
#1226 = DIRECTION('',(0.,0.,1.));
#1227 = DIRECTION('',(1.,0.,0.));
#1228 = DEFINITIONAL_REPRESENTATION('',(#1229),#1233);
#1229 = LINE('',#1230,#1231);
#1230 = CARTESIAN_POINT('',(0.19327340794,2.));
#1231 = VECTOR('',#1232,1.);
#1232 = DIRECTION('',(1.,0.));
#1233 = ( GEOMETRIC_REPRESENTATION_CONTEXT(2) 
PARAMETRIC_REPRESENTATION_CONTEXT() REPRESENTATION_CONTEXT('2D SPACE',''
  ) );
#1234 = ORIENTED_EDGE('',*,*,#1235,.T.);
#1235 = EDGE_CURVE('',#1207,#1236,#1238,.T.);
#1236 = VERTEX_POINT('',#1237);
#1237 = CARTESIAN_POINT('',(13.979188070634,61.120120320011,89.8));
#1238 = SURFACE_CURVE('',#1239,(#1243,#1250),.PCURVE_S1.);
#1239 = LINE('',#1240,#1241);
#1240 = CARTESIAN_POINT('',(-10.83573330158,38.914633157493,89.8));
#1241 = VECTOR('',#1242,1.);
#1242 = DIRECTION('',(-0.745201576142,-0.666839269176,0.));
#1243 = PCURVE('',#1127,#1244);
#1244 = DEFINITIONAL_REPRESENTATION('',(#1245),#1249);
#1245 = LINE('',#1246,#1247);
#1246 = CARTESIAN_POINT('',(-10.83573330158,38.914633157493));
#1247 = VECTOR('',#1248,1.);
#1248 = DIRECTION('',(-0.745201576142,-0.666839269176));
#1249 = ( GEOMETRIC_REPRESENTATION_CONTEXT(2) 
PARAMETRIC_REPRESENTATION_CONTEXT() REPRESENTATION_CONTEXT('2D SPACE',''
  ) );
#1250 = PCURVE('',#1251,#1256);
#1251 = PLANE('',#1252);
#1252 = AXIS2_PLACEMENT_3D('',#1253,#1254,#1255);
#1253 = CARTESIAN_POINT('',(2.484744871955,50.834385094015,86.8));
#1254 = DIRECTION('',(-0.666839269176,0.745201576142,0.));
#1255 = DIRECTION('',(0.,0.,1.));
#1256 = DEFINITIONAL_REPRESENTATION('',(#1257),#1260);
#1257 = B_SPLINE_CURVE_WITH_KNOTS('',1,(#1258,#1259),.UNSPECIFIED.,.F.,
  .F.,(2,2),(-47.8906511939,-17.875),.PIECEWISE_BEZIER_KNOTS.);
#1258 = CARTESIAN_POINT('',(3.,30.015651193901));
#1259 = CARTESIAN_POINT('',(3.,0.));
#1260 = ( GEOMETRIC_REPRESENTATION_CONTEXT(2) 
PARAMETRIC_REPRESENTATION_CONTEXT() REPRESENTATION_CONTEXT('2D SPACE',''
  ) );
#1261 = ORIENTED_EDGE('',*,*,#1262,.F.);
#1262 = EDGE_CURVE('',#1263,#1236,#1265,.T.);
#1263 = VERTEX_POINT('',#1264);
#1264 = CARTESIAN_POINT('',(10.275641179126,70.100882293719,89.8));
#1265 = SURFACE_CURVE('',#1266,(#1270,#1277),.PCURVE_S1.);
#1266 = LINE('',#1267,#1268);
#1267 = CARTESIAN_POINT('',(26.67437834847,30.335446752735,89.8));
#1268 = VECTOR('',#1269,1.);
#1269 = DIRECTION('',(0.381241417716,-0.924475516938,0.));
#1270 = PCURVE('',#1127,#1271);
#1271 = DEFINITIONAL_REPRESENTATION('',(#1272),#1276);
#1272 = LINE('',#1273,#1274);
#1273 = CARTESIAN_POINT('',(26.67437834847,30.335446752735));
#1274 = VECTOR('',#1275,1.);
#1275 = DIRECTION('',(0.381241417716,-0.924475516938));
#1276 = ( GEOMETRIC_REPRESENTATION_CONTEXT(2) 
PARAMETRIC_REPRESENTATION_CONTEXT() REPRESENTATION_CONTEXT('2D SPACE',''
  ) );
#1277 = PCURVE('',#1278,#1283);
#1278 = PLANE('',#1279);
#1279 = AXIS2_PLACEMENT_3D('',#1280,#1281,#1282);
#1280 = CARTESIAN_POINT('',(19.859688006788,46.860446617999,86.8));
#1281 = DIRECTION('',(-0.924475516938,-0.381241417716,0.));
#1282 = DIRECTION('',(0.,0.,1.));
#1283 = DEFINITIONAL_REPRESENTATION('',(#1284),#1287);
#1284 = B_SPLINE_CURVE_WITH_KNOTS('',1,(#1285,#1286),.UNSPECIFIED.,.F.,
  .F.,(2,2),(-43.82436582145,-17.875),.PIECEWISE_BEZIER_KNOTS.);
#1285 = CARTESIAN_POINT('',(3.,25.949365821456));
#1286 = CARTESIAN_POINT('',(3.,0.));
#1287 = ( GEOMETRIC_REPRESENTATION_CONTEXT(2) 
PARAMETRIC_REPRESENTATION_CONTEXT() REPRESENTATION_CONTEXT('2D SPACE',''
  ) );
#1288 = ORIENTED_EDGE('',*,*,#1289,.T.);
#1289 = EDGE_CURVE('',#1263,#1290,#1292,.T.);
#1290 = VERTEX_POINT('',#1291);
#1291 = CARTESIAN_POINT('',(-56.70249620117,42.479988518779,89.8));
#1292 = SURFACE_CURVE('',#1293,(#1298,#1305),.PCURVE_S1.);
#1293 = CIRCLE('',#1294,70.85);
#1294 = AXIS2_PLACEMENT_3D('',#1295,#1296,#1297);
#1295 = CARTESIAN_POINT('',(0.,0.,89.8));
#1296 = DIRECTION('',(0.,0.,1.));
#1297 = DIRECTION('',(0.145033749882,0.989426708451,-0.));
#1298 = PCURVE('',#1127,#1299);
#1299 = DEFINITIONAL_REPRESENTATION('',(#1300),#1304);
#1300 = CIRCLE('',#1301,70.85);
#1301 = AXIS2_PLACEMENT_2D('',#1302,#1303);
#1302 = CARTESIAN_POINT('',(0.,0.));
#1303 = DIRECTION('',(0.145033749882,0.989426708451));
#1304 = ( GEOMETRIC_REPRESENTATION_CONTEXT(2) 
PARAMETRIC_REPRESENTATION_CONTEXT() REPRESENTATION_CONTEXT('2D SPACE',''
  ) );
#1305 = PCURVE('',#1306,#1311);
#1306 = CYLINDRICAL_SURFACE('',#1307,70.85);
#1307 = AXIS2_PLACEMENT_3D('',#1308,#1309,#1310);
#1308 = CARTESIAN_POINT('',(0.,0.,87.8));
#1309 = DIRECTION('',(0.,0.,1.));
#1310 = DIRECTION('',(1.,0.,0.));
#1311 = DEFINITIONAL_REPRESENTATION('',(#1312),#1316);
#1312 = LINE('',#1313,#1314);
#1313 = CARTESIAN_POINT('',(1.425249243833,2.));
#1314 = VECTOR('',#1315,1.);
#1315 = DIRECTION('',(1.,0.));
#1316 = ( GEOMETRIC_REPRESENTATION_CONTEXT(2) 
PARAMETRIC_REPRESENTATION_CONTEXT() REPRESENTATION_CONTEXT('2D SPACE',''
  ) );
#1317 = ORIENTED_EDGE('',*,*,#1318,.T.);
#1318 = EDGE_CURVE('',#1290,#1319,#1321,.T.);
#1319 = VERTEX_POINT('',#1320);
#1320 = CARTESIAN_POINT('',(-52.99894930966,33.499226545071,89.8));
#1321 = SURFACE_CURVE('',#1322,(#1326,#1333),.PCURVE_S1.);
#1322 = LINE('',#1323,#1324);
#1323 = CARTESIAN_POINT('',(-40.30375903183,2.714552977794,89.8));
#1324 = VECTOR('',#1325,1.);
#1325 = DIRECTION('',(0.381241417716,-0.924475516938,0.));
#1326 = PCURVE('',#1127,#1327);
#1327 = DEFINITIONAL_REPRESENTATION('',(#1328),#1332);
#1328 = LINE('',#1329,#1330);
#1329 = CARTESIAN_POINT('',(-40.30375903183,2.714552977794));
#1330 = VECTOR('',#1331,1.);
#1331 = DIRECTION('',(0.381241417716,-0.924475516938));
#1332 = ( GEOMETRIC_REPRESENTATION_CONTEXT(2) 
PARAMETRIC_REPRESENTATION_CONTEXT() REPRESENTATION_CONTEXT('2D SPACE',''
  ) );
#1333 = PCURVE('',#1334,#1339);
#1334 = PLANE('',#1335);
#1335 = AXIS2_PLACEMENT_3D('',#1336,#1337,#1338);
#1336 = CARTESIAN_POINT('',(-47.11844937351,19.239552843059,86.8));
#1337 = DIRECTION('',(-0.924475516938,-0.381241417716,0.));
#1338 = DIRECTION('',(0.,0.,1.));
#1339 = DEFINITIONAL_REPRESENTATION('',(#1340),#1343);
#1340 = B_SPLINE_CURVE_WITH_KNOTS('',1,(#1341,#1342),.UNSPECIFIED.,.F.,
  .F.,(2,2),(-57.975,-17.875),.PIECEWISE_BEZIER_KNOTS.);
#1341 = CARTESIAN_POINT('',(3.,40.1));
#1342 = CARTESIAN_POINT('',(3.,0.));
#1343 = ( GEOMETRIC_REPRESENTATION_CONTEXT(2) 
PARAMETRIC_REPRESENTATION_CONTEXT() REPRESENTATION_CONTEXT('2D SPACE',''
  ) );
#1344 = ORIENTED_EDGE('',*,*,#1345,.F.);
#1345 = EDGE_CURVE('',#1346,#1319,#1348,.T.);
#1346 = VERTEX_POINT('',#1347);
#1347 = CARTESIAN_POINT('',(-62.70009718886,32.991215687006,89.8));
#1348 = SURFACE_CURVE('',#1349,(#1353,#1360),.PCURVE_S1.);
#1349 = LINE('',#1350,#1351);
#1350 = CARTESIAN_POINT('',(-19.74490343212,35.240609790716,89.8));
#1351 = VECTOR('',#1352,1.);
#1352 = DIRECTION('',(0.998631711515,5.229440463894E-02,-0.));
#1353 = PCURVE('',#1127,#1354);
#1354 = DEFINITIONAL_REPRESENTATION('',(#1355),#1359);
#1355 = LINE('',#1356,#1357);
#1356 = CARTESIAN_POINT('',(-19.74490343212,35.240609790716));
#1357 = VECTOR('',#1358,1.);
#1358 = DIRECTION('',(0.998631711515,5.229440463894E-02));
#1359 = ( GEOMETRIC_REPRESENTATION_CONTEXT(2) 
PARAMETRIC_REPRESENTATION_CONTEXT() REPRESENTATION_CONTEXT('2D SPACE',''
  ) );
#1360 = PCURVE('',#1361,#1366);
#1361 = PLANE('',#1362);
#1362 = AXIS2_PLACEMENT_3D('',#1363,#1364,#1365);
#1363 = CARTESIAN_POINT('',(-37.59544527545,34.305847307795,86.8));
#1364 = DIRECTION('',(5.229440463894E-02,-0.998631711515,0.));
#1365 = DIRECTION('',(0.,0.,1.));
#1366 = DEFINITIONAL_REPRESENTATION('',(#1367),#1370);
#1367 = B_SPLINE_CURVE_WITH_KNOTS('',1,(#1368,#1369),.UNSPECIFIED.,.F.,
  .F.,(2,2),(-51.17511889377,-17.875),.PIECEWISE_BEZIER_KNOTS.);
#1368 = CARTESIAN_POINT('',(3.,33.300118893777));
#1369 = CARTESIAN_POINT('',(3.,0.));
#1370 = ( GEOMETRIC_REPRESENTATION_CONTEXT(2) 
PARAMETRIC_REPRESENTATION_CONTEXT() REPRESENTATION_CONTEXT('2D SPACE',''
  ) );
#1371 = ORIENTED_EDGE('',*,*,#1372,.T.);
#1372 = EDGE_CURVE('',#1346,#1373,#1375,.T.);
#1373 = VERTEX_POINT('',#1374);
#1374 = CARTESIAN_POINT('',(-58.91137401128,-39.35952886026,89.8));
#1375 = SURFACE_CURVE('',#1376,(#1381,#1388),.PCURVE_S1.);
#1376 = CIRCLE('',#1377,70.85);
#1377 = AXIS2_PLACEMENT_3D('',#1378,#1379,#1380);
#1378 = CARTESIAN_POINT('',(0.,0.,89.8));
#1379 = DIRECTION('',(0.,0.,1.));
#1380 = DIRECTION('',(-0.884969614522,0.465648774693,0.));
#1381 = PCURVE('',#1127,#1382);
#1382 = DEFINITIONAL_REPRESENTATION('',(#1383),#1387);
#1383 = CIRCLE('',#1384,70.85);
#1384 = AXIS2_PLACEMENT_2D('',#1385,#1386);
#1385 = CARTESIAN_POINT('',(0.,0.));
#1386 = DIRECTION('',(-0.884969614522,0.465648774693));
#1387 = ( GEOMETRIC_REPRESENTATION_CONTEXT(2) 
PARAMETRIC_REPRESENTATION_CONTEXT() REPRESENTATION_CONTEXT('2D SPACE',''
  ) );
#1388 = PCURVE('',#1389,#1394);
#1389 = CYLINDRICAL_SURFACE('',#1390,70.85);
#1390 = AXIS2_PLACEMENT_3D('',#1391,#1392,#1393);
#1391 = CARTESIAN_POINT('',(0.,0.,87.8));
#1392 = DIRECTION('',(0.,0.,1.));
#1393 = DIRECTION('',(1.,0.,0.));
#1394 = DEFINITIONAL_REPRESENTATION('',(#1395),#1399);
#1395 = LINE('',#1396,#1397);
#1396 = CARTESIAN_POINT('',(2.657225079726,2.));
#1397 = VECTOR('',#1398,1.);
#1398 = DIRECTION('',(1.,0.));
#1399 = ( GEOMETRIC_REPRESENTATION_CONTEXT(2) 
PARAMETRIC_REPRESENTATION_CONTEXT() REPRESENTATION_CONTEXT('2D SPACE',''
  ) );
#1400 = ORIENTED_EDGE('',*,*,#1401,.T.);
#1401 = EDGE_CURVE('',#1373,#1402,#1404,.T.);
#1402 = VERTEX_POINT('',#1403);
#1403 = CARTESIAN_POINT('',(-33.80672209787,-38.04489723947,89.8));
#1404 = SURFACE_CURVE('',#1405,(#1409,#1416),.PCURVE_S1.);
#1405 = LINE('',#1406,#1407);
#1406 = CARTESIAN_POINT('',(-15.95618025454,-37.11013475655,89.8));
#1407 = VECTOR('',#1408,1.);
#1408 = DIRECTION('',(0.998631711515,5.229440463894E-02,-0.));
#1409 = PCURVE('',#1127,#1410);
#1410 = DEFINITIONAL_REPRESENTATION('',(#1411),#1415);
#1411 = LINE('',#1412,#1413);
#1412 = CARTESIAN_POINT('',(-15.95618025454,-37.11013475655));
#1413 = VECTOR('',#1414,1.);
#1414 = DIRECTION('',(0.998631711515,5.229440463894E-02));
#1415 = ( GEOMETRIC_REPRESENTATION_CONTEXT(2) 
PARAMETRIC_REPRESENTATION_CONTEXT() REPRESENTATION_CONTEXT('2D SPACE',''
  ) );
#1416 = PCURVE('',#1417,#1422);
#1417 = PLANE('',#1418);
#1418 = AXIS2_PLACEMENT_3D('',#1419,#1420,#1421);
#1419 = CARTESIAN_POINT('',(-33.80672209787,-38.04489723947,86.8));
#1420 = DIRECTION('',(5.229440463894E-02,-0.998631711515,0.));
#1421 = DIRECTION('',(0.,0.,1.));
#1422 = DEFINITIONAL_REPRESENTATION('',(#1423),#1426);
#1423 = B_SPLINE_CURVE_WITH_KNOTS('',1,(#1424,#1425),.UNSPECIFIED.,.F.,
  .F.,(2,2),(-54.96903324067,-17.875),.PIECEWISE_BEZIER_KNOTS.);
#1424 = CARTESIAN_POINT('',(3.,37.094033240671));
#1425 = CARTESIAN_POINT('',(3.,0.));
#1426 = ( GEOMETRIC_REPRESENTATION_CONTEXT(2) 
PARAMETRIC_REPRESENTATION_CONTEXT() REPRESENTATION_CONTEXT('2D SPACE',''
  ) );
#1427 = ORIENTED_EDGE('',*,*,#1428,.T.);
#1428 = EDGE_CURVE('',#1402,#1429,#1431,.T.);
#1429 = VERTEX_POINT('',#1430);
#1430 = CARTESIAN_POINT('',(-34.67833026116,-21.4003717327,89.8));
#1431 = SURFACE_CURVE('',#1432,(#1436,#1443),.PCURVE_S1.);
#1432 = LINE('',#1433,#1434);
#1433 = CARTESIAN_POINT('',(-33.80672209787,-38.04489723947,89.8));
#1434 = VECTOR('',#1435,1.);
#1435 = DIRECTION('',(-5.229440463894E-02,0.998631711515,0.));
#1436 = PCURVE('',#1127,#1437);
#1437 = DEFINITIONAL_REPRESENTATION('',(#1438),#1442);
#1438 = LINE('',#1439,#1440);
#1439 = CARTESIAN_POINT('',(-33.80672209787,-38.04489723947));
#1440 = VECTOR('',#1441,1.);
#1441 = DIRECTION('',(-5.229440463894E-02,0.998631711515));
#1442 = ( GEOMETRIC_REPRESENTATION_CONTEXT(2) 
PARAMETRIC_REPRESENTATION_CONTEXT() REPRESENTATION_CONTEXT('2D SPACE',''
  ) );
#1443 = PCURVE('',#1444,#1449);
#1444 = PLANE('',#1445);
#1445 = AXIS2_PLACEMENT_3D('',#1446,#1447,#1448);
#1446 = CARTESIAN_POINT('',(-37.59544527545,34.305847307795,86.8));
#1447 = DIRECTION('',(-0.998631711515,-5.229440463894E-02,0.));
#1448 = DIRECTION('',(0.,0.,1.));
#1449 = DEFINITIONAL_REPRESENTATION('',(#1450),#1454);
#1450 = LINE('',#1451,#1452);
#1451 = CARTESIAN_POINT('',(3.,-72.44987687954));
#1452 = VECTOR('',#1453,1.);
#1453 = DIRECTION('',(0.,1.));
#1454 = ( GEOMETRIC_REPRESENTATION_CONTEXT(2) 
PARAMETRIC_REPRESENTATION_CONTEXT() REPRESENTATION_CONTEXT('2D SPACE',''
  ) );
#1455 = ORIENTED_EDGE('',*,*,#1456,.F.);
#1456 = EDGE_CURVE('',#1457,#1429,#1459,.T.);
#1457 = VERTEX_POINT('',#1458);
#1458 = CARTESIAN_POINT('',(-36.72383711216,17.661321801019,89.8));
#1459 = SURFACE_CURVE('',#1460,(#1465,#1472),.PCURVE_S1.);
#1460 = CIRCLE('',#1461,40.75);
#1461 = AXIS2_PLACEMENT_3D('',#1462,#1463,#1464);
#1462 = CARTESIAN_POINT('',(0.,0.,89.8));
#1463 = DIRECTION('',(0.,0.,1.));
#1464 = DIRECTION('',(1.,0.,-0.));
#1465 = PCURVE('',#1127,#1466);
#1466 = DEFINITIONAL_REPRESENTATION('',(#1467),#1471);
#1467 = CIRCLE('',#1468,40.75);
#1468 = AXIS2_PLACEMENT_2D('',#1469,#1470);
#1469 = CARTESIAN_POINT('',(0.,0.));
#1470 = DIRECTION('',(1.,0.));
#1471 = ( GEOMETRIC_REPRESENTATION_CONTEXT(2) 
PARAMETRIC_REPRESENTATION_CONTEXT() REPRESENTATION_CONTEXT('2D SPACE',''
  ) );
#1472 = PCURVE('',#1473,#1478);
#1473 = CYLINDRICAL_SURFACE('',#1474,40.75);
#1474 = AXIS2_PLACEMENT_3D('',#1475,#1476,#1477);
#1475 = CARTESIAN_POINT('',(0.,0.,85.8));
#1476 = DIRECTION('',(0.,0.,1.));
#1477 = DIRECTION('',(1.,0.,0.));
#1478 = DEFINITIONAL_REPRESENTATION('',(#1479),#1483);
#1479 = LINE('',#1480,#1481);
#1480 = CARTESIAN_POINT('',(0.,4.));
#1481 = VECTOR('',#1482,1.);
#1482 = DIRECTION('',(1.,0.));
#1483 = ( GEOMETRIC_REPRESENTATION_CONTEXT(2) 
PARAMETRIC_REPRESENTATION_CONTEXT() REPRESENTATION_CONTEXT('2D SPACE',''
  ) );
#1484 = ORIENTED_EDGE('',*,*,#1485,.T.);
#1485 = EDGE_CURVE('',#1457,#1486,#1488,.T.);
#1486 = VERTEX_POINT('',#1487);
#1487 = CARTESIAN_POINT('',(-37.02446314495,23.402178623495,89.8));
#1488 = SURFACE_CURVE('',#1489,(#1493,#1500),.PCURVE_S1.);
#1489 = LINE('',#1490,#1491);
#1490 = CARTESIAN_POINT('',(-36.72383711216,17.661321801019,89.8));
#1491 = VECTOR('',#1492,1.);
#1492 = DIRECTION('',(-5.229440463894E-02,0.998631711515,0.));
#1493 = PCURVE('',#1127,#1494);
#1494 = DEFINITIONAL_REPRESENTATION('',(#1495),#1499);
#1495 = LINE('',#1496,#1497);
#1496 = CARTESIAN_POINT('',(-36.72383711216,17.661321801019));
#1497 = VECTOR('',#1498,1.);
#1498 = DIRECTION('',(-5.229440463894E-02,0.998631711515));
#1499 = ( GEOMETRIC_REPRESENTATION_CONTEXT(2) 
PARAMETRIC_REPRESENTATION_CONTEXT() REPRESENTATION_CONTEXT('2D SPACE',''
  ) );
#1500 = PCURVE('',#1501,#1506);
#1501 = PLANE('',#1502);
#1502 = AXIS2_PLACEMENT_3D('',#1503,#1504,#1505);
#1503 = CARTESIAN_POINT('',(-37.59544527545,34.305847307795,86.8));
#1504 = DIRECTION('',(-0.998631711515,-5.229440463894E-02,0.));
#1505 = DIRECTION('',(0.,0.,1.));
#1506 = DEFINITIONAL_REPRESENTATION('',(#1507),#1511);
#1507 = LINE('',#1508,#1509);
#1508 = CARTESIAN_POINT('',(3.,-16.66733122416));
#1509 = VECTOR('',#1510,1.);
#1510 = DIRECTION('',(0.,1.));
#1511 = ( GEOMETRIC_REPRESENTATION_CONTEXT(2) 
PARAMETRIC_REPRESENTATION_CONTEXT() REPRESENTATION_CONTEXT('2D SPACE',''
  ) );
#1512 = ORIENTED_EDGE('',*,*,#1513,.T.);
#1513 = EDGE_CURVE('',#1486,#1514,#1516,.T.);
#1514 = VERTEX_POINT('',#1515);
#1515 = CARTESIAN_POINT('',(-31.70990972408,25.593829828509,89.8));
#1516 = SURFACE_CURVE('',#1517,(#1521,#1528),.PCURVE_S1.);
#1517 = LINE('',#1518,#1519);
#1518 = CARTESIAN_POINT('',(-47.11844937351,19.239552843059,89.8));
#1519 = VECTOR('',#1520,1.);
#1520 = DIRECTION('',(0.924475516938,0.381241417716,0.));
#1521 = PCURVE('',#1127,#1522);
#1522 = DEFINITIONAL_REPRESENTATION('',(#1523),#1527);
#1523 = LINE('',#1524,#1525);
#1524 = CARTESIAN_POINT('',(-47.11844937351,19.239552843059));
#1525 = VECTOR('',#1526,1.);
#1526 = DIRECTION('',(0.924475516938,0.381241417716));
#1527 = ( GEOMETRIC_REPRESENTATION_CONTEXT(2) 
PARAMETRIC_REPRESENTATION_CONTEXT() REPRESENTATION_CONTEXT('2D SPACE',''
  ) );
#1528 = PCURVE('',#1529,#1534);
#1529 = PLANE('',#1530);
#1530 = AXIS2_PLACEMENT_3D('',#1531,#1532,#1533);
#1531 = CARTESIAN_POINT('',(19.859688006788,46.860446617999,86.8));
#1532 = DIRECTION('',(-0.381241417716,0.924475516938,0.));
#1533 = DIRECTION('',(0.,0.,1.));
#1534 = DEFINITIONAL_REPRESENTATION('',(#1535),#1539);
#1535 = LINE('',#1536,#1537);
#1536 = CARTESIAN_POINT('',(3.,-72.44987687954));
#1537 = VECTOR('',#1538,1.);
#1538 = DIRECTION('',(0.,1.));
#1539 = ( GEOMETRIC_REPRESENTATION_CONTEXT(2) 
PARAMETRIC_REPRESENTATION_CONTEXT() REPRESENTATION_CONTEXT('2D SPACE',''
  ) );
#1540 = ORIENTED_EDGE('',*,*,#1541,.F.);
#1541 = EDGE_CURVE('',#1542,#1514,#1544,.T.);
#1542 = VERTEX_POINT('',#1543);
#1543 = CARTESIAN_POINT('',(4.451148357354,40.506169632549,89.8));
#1544 = SURFACE_CURVE('',#1545,(#1550,#1557),.PCURVE_S1.);
#1545 = CIRCLE('',#1546,40.75);
#1546 = AXIS2_PLACEMENT_3D('',#1547,#1548,#1549);
#1547 = CARTESIAN_POINT('',(0.,0.,89.8));
#1548 = DIRECTION('',(0.,0.,1.));
#1549 = DIRECTION('',(1.,0.,-0.));
#1550 = PCURVE('',#1127,#1551);
#1551 = DEFINITIONAL_REPRESENTATION('',(#1552),#1556);
#1552 = CIRCLE('',#1553,40.75);
#1553 = AXIS2_PLACEMENT_2D('',#1554,#1555);
#1554 = CARTESIAN_POINT('',(0.,0.));
#1555 = DIRECTION('',(1.,0.));
#1556 = ( GEOMETRIC_REPRESENTATION_CONTEXT(2) 
PARAMETRIC_REPRESENTATION_CONTEXT() REPRESENTATION_CONTEXT('2D SPACE',''
  ) );
#1557 = PCURVE('',#1558,#1563);
#1558 = CYLINDRICAL_SURFACE('',#1559,40.75);
#1559 = AXIS2_PLACEMENT_3D('',#1560,#1561,#1562);
#1560 = CARTESIAN_POINT('',(0.,0.,85.8));
#1561 = DIRECTION('',(0.,0.,1.));
#1562 = DIRECTION('',(1.,0.,0.));
#1563 = DEFINITIONAL_REPRESENTATION('',(#1564),#1568);
#1564 = LINE('',#1565,#1566);
#1565 = CARTESIAN_POINT('',(0.,4.));
#1566 = VECTOR('',#1567,1.);
#1567 = DIRECTION('',(1.,0.));
#1568 = ( GEOMETRIC_REPRESENTATION_CONTEXT(2) 
PARAMETRIC_REPRESENTATION_CONTEXT() REPRESENTATION_CONTEXT('2D SPACE',''
  ) );
#1569 = ORIENTED_EDGE('',*,*,#1570,.T.);
#1570 = EDGE_CURVE('',#1542,#1571,#1573,.T.);
#1571 = VERTEX_POINT('',#1572);
#1572 = CARTESIAN_POINT('',(9.765701778226,42.697820837563,89.8));
#1573 = SURFACE_CURVE('',#1574,(#1578,#1585),.PCURVE_S1.);
#1574 = LINE('',#1575,#1576);
#1575 = CARTESIAN_POINT('',(4.451148357354,40.506169632549,89.8));
#1576 = VECTOR('',#1577,1.);
#1577 = DIRECTION('',(0.924475516938,0.381241417716,0.));
#1578 = PCURVE('',#1127,#1579);
#1579 = DEFINITIONAL_REPRESENTATION('',(#1580),#1584);
#1580 = LINE('',#1581,#1582);
#1581 = CARTESIAN_POINT('',(4.451148357354,40.506169632549));
#1582 = VECTOR('',#1583,1.);
#1583 = DIRECTION('',(0.924475516938,0.381241417716));
#1584 = ( GEOMETRIC_REPRESENTATION_CONTEXT(2) 
PARAMETRIC_REPRESENTATION_CONTEXT() REPRESENTATION_CONTEXT('2D SPACE',''
  ) );
#1585 = PCURVE('',#1586,#1591);
#1586 = PLANE('',#1587);
#1587 = AXIS2_PLACEMENT_3D('',#1588,#1589,#1590);
#1588 = CARTESIAN_POINT('',(19.859688006788,46.860446617999,86.8));
#1589 = DIRECTION('',(-0.381241417716,0.924475516938,0.));
#1590 = DIRECTION('',(0.,0.,1.));
#1591 = DEFINITIONAL_REPRESENTATION('',(#1592),#1596);
#1592 = LINE('',#1593,#1594);
#1593 = CARTESIAN_POINT('',(3.,-16.66733122416));
#1594 = VECTOR('',#1595,1.);
#1595 = DIRECTION('',(0.,1.));
#1596 = ( GEOMETRIC_REPRESENTATION_CONTEXT(2) 
PARAMETRIC_REPRESENTATION_CONTEXT() REPRESENTATION_CONTEXT('2D SPACE',''
  ) );
#1597 = ORIENTED_EDGE('',*,*,#1598,.T.);
#1598 = EDGE_CURVE('',#1571,#1118,#1599,.T.);
#1599 = SURFACE_CURVE('',#1600,(#1604,#1611),.PCURVE_S1.);
#1600 = LINE('',#1601,#1602);
#1601 = CARTESIAN_POINT('',(2.484744871955,50.834385094015,89.8));
#1602 = VECTOR('',#1603,1.);
#1603 = DIRECTION('',(0.666839269176,-0.745201576142,0.));
#1604 = PCURVE('',#1127,#1605);
#1605 = DEFINITIONAL_REPRESENTATION('',(#1606),#1610);
#1606 = LINE('',#1607,#1608);
#1607 = CARTESIAN_POINT('',(2.484744871955,50.834385094015));
#1608 = VECTOR('',#1609,1.);
#1609 = DIRECTION('',(0.666839269176,-0.745201576142));
#1610 = ( GEOMETRIC_REPRESENTATION_CONTEXT(2) 
PARAMETRIC_REPRESENTATION_CONTEXT() REPRESENTATION_CONTEXT('2D SPACE',''
  ) );
#1611 = PCURVE('',#1612,#1617);
#1612 = PLANE('',#1613);
#1613 = AXIS2_PLACEMENT_3D('',#1614,#1615,#1616);
#1614 = CARTESIAN_POINT('',(43.395195482459,5.11642323298,85.8));
#1615 = DIRECTION('',(0.745201576142,0.666839269176,0.));
#1616 = DIRECTION('',(0.,0.,1.));
#1617 = DEFINITIONAL_REPRESENTATION('',(#1618),#1622);
#1618 = LINE('',#1619,#1620);
#1619 = CARTESIAN_POINT('',(4.,-61.34979222362));
#1620 = VECTOR('',#1621,1.);
#1621 = DIRECTION('',(0.,1.));
#1622 = ( GEOMETRIC_REPRESENTATION_CONTEXT(2) 
PARAMETRIC_REPRESENTATION_CONTEXT() REPRESENTATION_CONTEXT('2D SPACE',''
  ) );
#1623 = ADVANCED_FACE('',(#1624),#1139,.F.);
#1624 = FACE_BOUND('',#1625,.F.);
#1625 = EDGE_LOOP('',(#1626,#1627,#1650,#1679));
#1626 = ORIENTED_EDGE('',*,*,#1115,.F.);
#1627 = ORIENTED_EDGE('',*,*,#1628,.T.);
#1628 = EDGE_CURVE('',#1116,#1629,#1631,.T.);
#1629 = VERTEX_POINT('',#1630);
#1630 = CARTESIAN_POINT('',(39.68273684957,9.265144150405,86.8));
#1631 = SURFACE_CURVE('',#1632,(#1636,#1643),.PCURVE_S1.);
#1632 = LINE('',#1633,#1634);
#1633 = CARTESIAN_POINT('',(39.68273684957,9.265144150405,89.8));
#1634 = VECTOR('',#1635,1.);
#1635 = DIRECTION('',(0.,-6.513308411134E-15,-1.));
#1636 = PCURVE('',#1139,#1637);
#1637 = DEFINITIONAL_REPRESENTATION('',(#1638),#1642);
#1638 = LINE('',#1639,#1640);
#1639 = CARTESIAN_POINT('',(0.229371470635,4.));
#1640 = VECTOR('',#1641,1.);
#1641 = DIRECTION('',(-0.,-1.));
#1642 = ( GEOMETRIC_REPRESENTATION_CONTEXT(2) 
PARAMETRIC_REPRESENTATION_CONTEXT() REPRESENTATION_CONTEXT('2D SPACE',''
  ) );
#1643 = PCURVE('',#1167,#1644);
#1644 = DEFINITIONAL_REPRESENTATION('',(#1645),#1649);
#1645 = LINE('',#1646,#1647);
#1646 = CARTESIAN_POINT('',(4.,-5.567246568241));
#1647 = VECTOR('',#1648,1.);
#1648 = DIRECTION('',(-1.,4.853727693877E-15));
#1649 = ( GEOMETRIC_REPRESENTATION_CONTEXT(2) 
PARAMETRIC_REPRESENTATION_CONTEXT() REPRESENTATION_CONTEXT('2D SPACE',''
  ) );
#1650 = ORIENTED_EDGE('',*,*,#1651,.T.);
#1651 = EDGE_CURVE('',#1629,#1652,#1654,.T.);
#1652 = VERTEX_POINT('',#1653);
#1653 = CARTESIAN_POINT('',(13.599175844593,38.413863595684,86.8));
#1654 = SURFACE_CURVE('',#1655,(#1660,#1667),.PCURVE_S1.);
#1655 = CIRCLE('',#1656,40.75);
#1656 = AXIS2_PLACEMENT_3D('',#1657,#1658,#1659);
#1657 = CARTESIAN_POINT('',(0.,0.,86.8));
#1658 = DIRECTION('',(0.,0.,1.));
#1659 = DIRECTION('',(1.,0.,-0.));
#1660 = PCURVE('',#1139,#1661);
#1661 = DEFINITIONAL_REPRESENTATION('',(#1662),#1666);
#1662 = LINE('',#1663,#1664);
#1663 = CARTESIAN_POINT('',(0.,1.));
#1664 = VECTOR('',#1665,1.);
#1665 = DIRECTION('',(1.,0.));
#1666 = ( GEOMETRIC_REPRESENTATION_CONTEXT(2) 
PARAMETRIC_REPRESENTATION_CONTEXT() REPRESENTATION_CONTEXT('2D SPACE',''
  ) );
#1667 = PCURVE('',#1668,#1673);
#1668 = PLANE('',#1669);
#1669 = AXIS2_PLACEMENT_3D('',#1670,#1671,#1672);
#1670 = CARTESIAN_POINT('',(0.,0.,86.8));
#1671 = DIRECTION('',(0.,0.,1.));
#1672 = DIRECTION('',(1.,0.,0.));
#1673 = DEFINITIONAL_REPRESENTATION('',(#1674),#1678);
#1674 = CIRCLE('',#1675,40.75);
#1675 = AXIS2_PLACEMENT_2D('',#1676,#1677);
#1676 = CARTESIAN_POINT('',(0.,0.));
#1677 = DIRECTION('',(1.,0.));
#1678 = ( GEOMETRIC_REPRESENTATION_CONTEXT(2) 
PARAMETRIC_REPRESENTATION_CONTEXT() REPRESENTATION_CONTEXT('2D SPACE',''
  ) );
#1679 = ORIENTED_EDGE('',*,*,#1680,.F.);
#1680 = EDGE_CURVE('',#1118,#1652,#1681,.T.);
#1681 = SURFACE_CURVE('',#1682,(#1686,#1693),.PCURVE_S1.);
#1682 = LINE('',#1683,#1684);
#1683 = CARTESIAN_POINT('',(13.599175844593,38.413863595684,89.8));
#1684 = VECTOR('',#1685,1.);
#1685 = DIRECTION('',(-4.736951571734E-15,2.368475785867E-15,-1.));
#1686 = PCURVE('',#1139,#1687);
#1687 = DEFINITIONAL_REPRESENTATION('',(#1688),#1692);
#1688 = LINE('',#1689,#1690);
#1689 = CARTESIAN_POINT('',(1.230547030929,4.));
#1690 = VECTOR('',#1691,1.);
#1691 = DIRECTION('',(-0.,-1.));
#1692 = ( GEOMETRIC_REPRESENTATION_CONTEXT(2) 
PARAMETRIC_REPRESENTATION_CONTEXT() REPRESENTATION_CONTEXT('2D SPACE',''
  ) );
#1693 = PCURVE('',#1612,#1694);
#1694 = DEFINITIONAL_REPRESENTATION('',(#1695),#1699);
#1695 = LINE('',#1696,#1697);
#1696 = CARTESIAN_POINT('',(4.,-44.68246099945));
#1697 = VECTOR('',#1698,1.);
#1698 = DIRECTION('',(-1.,-4.9237772129E-15));
#1699 = ( GEOMETRIC_REPRESENTATION_CONTEXT(2) 
PARAMETRIC_REPRESENTATION_CONTEXT() REPRESENTATION_CONTEXT('2D SPACE',''
  ) );
#1700 = ADVANCED_FACE('',(#1701),#1612,.F.);
#1701 = FACE_BOUND('',#1702,.F.);
#1702 = EDGE_LOOP('',(#1703,#1725,#1726,#1727,#1749,#1776));
#1703 = ORIENTED_EDGE('',*,*,#1704,.T.);
#1704 = EDGE_CURVE('',#1705,#1571,#1707,.T.);
#1705 = VERTEX_POINT('',#1706);
#1706 = CARTESIAN_POINT('',(9.765701778226,42.697820837563,87.8));
#1707 = SURFACE_CURVE('',#1708,(#1712,#1718),.PCURVE_S1.);
#1708 = LINE('',#1709,#1710);
#1709 = CARTESIAN_POINT('',(9.765701778226,42.697820837563,86.3));
#1710 = VECTOR('',#1711,1.);
#1711 = DIRECTION('',(0.,-0.,1.));
#1712 = PCURVE('',#1612,#1713);
#1713 = DEFINITIONAL_REPRESENTATION('',(#1714),#1717);
#1714 = B_SPLINE_CURVE_WITH_KNOTS('',1,(#1715,#1716),.UNSPECIFIED.,.F.,
  .F.,(2,2),(1.5,3.5),.PIECEWISE_BEZIER_KNOTS.);
#1715 = CARTESIAN_POINT('',(2.,-50.43118373305));
#1716 = CARTESIAN_POINT('',(4.,-50.43118373305));
#1717 = ( GEOMETRIC_REPRESENTATION_CONTEXT(2) 
PARAMETRIC_REPRESENTATION_CONTEXT() REPRESENTATION_CONTEXT('2D SPACE',''
  ) );
#1718 = PCURVE('',#1586,#1719);
#1719 = DEFINITIONAL_REPRESENTATION('',(#1720),#1724);
#1720 = LINE('',#1721,#1722);
#1721 = CARTESIAN_POINT('',(-0.5,-10.91860849057));
#1722 = VECTOR('',#1723,1.);
#1723 = DIRECTION('',(1.,0.));
#1724 = ( GEOMETRIC_REPRESENTATION_CONTEXT(2) 
PARAMETRIC_REPRESENTATION_CONTEXT() REPRESENTATION_CONTEXT('2D SPACE',''
  ) );
#1725 = ORIENTED_EDGE('',*,*,#1598,.T.);
#1726 = ORIENTED_EDGE('',*,*,#1680,.T.);
#1727 = ORIENTED_EDGE('',*,*,#1728,.T.);
#1728 = EDGE_CURVE('',#1652,#1729,#1731,.T.);
#1729 = VERTEX_POINT('',#1730);
#1730 = CARTESIAN_POINT('',(12.004783791993,40.195617498771,86.8));
#1731 = SURFACE_CURVE('',#1732,(#1736,#1743),.PCURVE_S1.);
#1732 = LINE('',#1733,#1734);
#1733 = CARTESIAN_POINT('',(35.01807591477,14.477963553012,86.8));
#1734 = VECTOR('',#1735,1.);
#1735 = DIRECTION('',(-0.666839269176,0.745201576142,0.));
#1736 = PCURVE('',#1612,#1737);
#1737 = DEFINITIONAL_REPRESENTATION('',(#1738),#1742);
#1738 = LINE('',#1739,#1740);
#1739 = CARTESIAN_POINT('',(1.,-12.56242689192));
#1740 = VECTOR('',#1741,1.);
#1741 = DIRECTION('',(0.,-1.));
#1742 = ( GEOMETRIC_REPRESENTATION_CONTEXT(2) 
PARAMETRIC_REPRESENTATION_CONTEXT() REPRESENTATION_CONTEXT('2D SPACE',''
  ) );
#1743 = PCURVE('',#1668,#1744);
#1744 = DEFINITIONAL_REPRESENTATION('',(#1745),#1748);
#1745 = B_SPLINE_CURVE_WITH_KNOTS('',1,(#1746,#1747),.UNSPECIFIED.,.F.,
  .F.,(2,2),(-10.39519477278,36.865242005001),.PIECEWISE_BEZIER_KNOTS.);
#1746 = CARTESIAN_POINT('',(41.95,6.731448024025));
#1747 = CARTESIAN_POINT('',(10.434884878156,41.95));
#1748 = ( GEOMETRIC_REPRESENTATION_CONTEXT(2) 
PARAMETRIC_REPRESENTATION_CONTEXT() REPRESENTATION_CONTEXT('2D SPACE',''
  ) );
#1749 = ORIENTED_EDGE('',*,*,#1750,.T.);
#1750 = EDGE_CURVE('',#1729,#1751,#1753,.T.);
#1751 = VERTEX_POINT('',#1752);
#1752 = CARTESIAN_POINT('',(12.004783791993,40.195617498771,87.8));
#1753 = SURFACE_CURVE('',#1754,(#1758,#1765),.PCURVE_S1.);
#1754 = LINE('',#1755,#1756);
#1755 = CARTESIAN_POINT('',(12.004783791993,40.195617498771,86.8));
#1756 = VECTOR('',#1757,1.);
#1757 = DIRECTION('',(0.,0.,1.));
#1758 = PCURVE('',#1612,#1759);
#1759 = DEFINITIONAL_REPRESENTATION('',(#1760),#1764);
#1760 = LINE('',#1761,#1762);
#1761 = CARTESIAN_POINT('',(1.,-47.07343004747));
#1762 = VECTOR('',#1763,1.);
#1763 = DIRECTION('',(1.,0.));
#1764 = ( GEOMETRIC_REPRESENTATION_CONTEXT(2) 
PARAMETRIC_REPRESENTATION_CONTEXT() REPRESENTATION_CONTEXT('2D SPACE',''
  ) );
#1765 = PCURVE('',#1766,#1771);
#1766 = CYLINDRICAL_SURFACE('',#1767,41.95);
#1767 = AXIS2_PLACEMENT_3D('',#1768,#1769,#1770);
#1768 = CARTESIAN_POINT('',(0.,0.,86.8));
#1769 = DIRECTION('',(0.,0.,1.));
#1770 = DIRECTION('',(1.,0.,0.));
#1771 = DEFINITIONAL_REPRESENTATION('',(#1772),#1775);
#1772 = B_SPLINE_CURVE_WITH_KNOTS('',1,(#1773,#1774),.UNSPECIFIED.,.F.,
  .F.,(2,2),(-6.000000070117E-07,3.0000006),.PIECEWISE_BEZIER_KNOTS.);
#1773 = CARTESIAN_POINT('',(1.280570241399,-6.000000070117E-07));
#1774 = CARTESIAN_POINT('',(1.280570241399,3.0000006));
#1775 = ( GEOMETRIC_REPRESENTATION_CONTEXT(2) 
PARAMETRIC_REPRESENTATION_CONTEXT() REPRESENTATION_CONTEXT('2D SPACE',''
  ) );
#1776 = ORIENTED_EDGE('',*,*,#1777,.T.);
#1777 = EDGE_CURVE('',#1751,#1705,#1778,.T.);
#1778 = SURFACE_CURVE('',#1779,(#1783,#1790),.PCURVE_S1.);
#1779 = LINE('',#1780,#1781);
#1780 = CARTESIAN_POINT('',(38.719062084644,10.34206326256,87.8));
#1781 = VECTOR('',#1782,1.);
#1782 = DIRECTION('',(-0.666839269176,0.745201576142,0.));
#1783 = PCURVE('',#1612,#1784);
#1784 = DEFINITIONAL_REPRESENTATION('',(#1785),#1789);
#1785 = LINE('',#1786,#1787);
#1786 = CARTESIAN_POINT('',(2.,-7.012384563963));
#1787 = VECTOR('',#1788,1.);
#1788 = DIRECTION('',(0.,-1.));
#1789 = ( GEOMETRIC_REPRESENTATION_CONTEXT(2) 
PARAMETRIC_REPRESENTATION_CONTEXT() REPRESENTATION_CONTEXT('2D SPACE',''
  ) );
#1790 = PCURVE('',#1791,#1796);
#1791 = PLANE('',#1792);
#1792 = AXIS2_PLACEMENT_3D('',#1793,#1794,#1795);
#1793 = CARTESIAN_POINT('',(0.,0.,87.8));
#1794 = DIRECTION('',(0.,0.,1.));
#1795 = DIRECTION('',(1.,0.,0.));
#1796 = DEFINITIONAL_REPRESENTATION('',(#1797),#1801);
#1797 = LINE('',#1798,#1799);
#1798 = CARTESIAN_POINT('',(38.719062084644,10.34206326256));
#1799 = VECTOR('',#1800,1.);
#1800 = DIRECTION('',(-0.666839269176,0.745201576142));
#1801 = ( GEOMETRIC_REPRESENTATION_CONTEXT(2) 
PARAMETRIC_REPRESENTATION_CONTEXT() REPRESENTATION_CONTEXT('2D SPACE',''
  ) );
#1802 = ADVANCED_FACE('',(#1803),#1586,.F.);
#1803 = FACE_BOUND('',#1804,.F.);
#1804 = EDGE_LOOP('',(#1805,#1806,#1829,#1856,#1883,#1904));
#1805 = ORIENTED_EDGE('',*,*,#1704,.F.);
#1806 = ORIENTED_EDGE('',*,*,#1807,.T.);
#1807 = EDGE_CURVE('',#1705,#1808,#1810,.T.);
#1808 = VERTEX_POINT('',#1809);
#1809 = CARTESIAN_POINT('',(6.661540703998,41.41770606213,87.8));
#1810 = SURFACE_CURVE('',#1811,(#1815,#1822),.PCURVE_S1.);
#1811 = LINE('',#1812,#1813);
#1812 = CARTESIAN_POINT('',(3.115153661712,39.955223174264,87.8));
#1813 = VECTOR('',#1814,1.);
#1814 = DIRECTION('',(-0.924475516938,-0.381241417716,0.));
#1815 = PCURVE('',#1586,#1816);
#1816 = DEFINITIONAL_REPRESENTATION('',(#1817),#1821);
#1817 = LINE('',#1818,#1819);
#1818 = CARTESIAN_POINT('',(1.,-18.11246921988));
#1819 = VECTOR('',#1820,1.);
#1820 = DIRECTION('',(0.,-1.));
#1821 = ( GEOMETRIC_REPRESENTATION_CONTEXT(2) 
PARAMETRIC_REPRESENTATION_CONTEXT() REPRESENTATION_CONTEXT('2D SPACE',''
  ) );
#1822 = PCURVE('',#1791,#1823);
#1823 = DEFINITIONAL_REPRESENTATION('',(#1824),#1828);
#1824 = LINE('',#1825,#1826);
#1825 = CARTESIAN_POINT('',(3.115153661712,39.955223174264));
#1826 = VECTOR('',#1827,1.);
#1827 = DIRECTION('',(-0.924475516938,-0.381241417716));
#1828 = ( GEOMETRIC_REPRESENTATION_CONTEXT(2) 
PARAMETRIC_REPRESENTATION_CONTEXT() REPRESENTATION_CONTEXT('2D SPACE',''
  ) );
#1829 = ORIENTED_EDGE('',*,*,#1830,.F.);
#1830 = EDGE_CURVE('',#1831,#1808,#1833,.T.);
#1831 = VERTEX_POINT('',#1832);
#1832 = CARTESIAN_POINT('',(6.661540703998,41.41770606213,86.8));
#1833 = SURFACE_CURVE('',#1834,(#1838,#1845),.PCURVE_S1.);
#1834 = LINE('',#1835,#1836);
#1835 = CARTESIAN_POINT('',(6.661540703998,41.41770606213,86.8));
#1836 = VECTOR('',#1837,1.);
#1837 = DIRECTION('',(0.,0.,1.));
#1838 = PCURVE('',#1586,#1839);
#1839 = DEFINITIONAL_REPRESENTATION('',(#1840),#1844);
#1840 = LINE('',#1841,#1842);
#1841 = CARTESIAN_POINT('',(0.,-14.27636217615));
#1842 = VECTOR('',#1843,1.);
#1843 = DIRECTION('',(1.,0.));
#1844 = ( GEOMETRIC_REPRESENTATION_CONTEXT(2) 
PARAMETRIC_REPRESENTATION_CONTEXT() REPRESENTATION_CONTEXT('2D SPACE',''
  ) );
#1845 = PCURVE('',#1846,#1851);
#1846 = CYLINDRICAL_SURFACE('',#1847,41.95);
#1847 = AXIS2_PLACEMENT_3D('',#1848,#1849,#1850);
#1848 = CARTESIAN_POINT('',(0.,0.,86.8));
#1849 = DIRECTION('',(0.,0.,1.));
#1850 = DIRECTION('',(1.,0.,0.));
#1851 = DEFINITIONAL_REPRESENTATION('',(#1852),#1855);
#1852 = B_SPLINE_CURVE_WITH_KNOTS('',1,(#1853,#1854),.UNSPECIFIED.,.F.,
  .F.,(2,2),(-6.000000070117E-07,3.0000006),.PIECEWISE_BEZIER_KNOTS.);
#1853 = CARTESIAN_POINT('',(1.411324096059,-6.000000070117E-07));
#1854 = CARTESIAN_POINT('',(1.411324096059,3.0000006));
#1855 = ( GEOMETRIC_REPRESENTATION_CONTEXT(2) 
PARAMETRIC_REPRESENTATION_CONTEXT() REPRESENTATION_CONTEXT('2D SPACE',''
  ) );
#1856 = ORIENTED_EDGE('',*,*,#1857,.T.);
#1857 = EDGE_CURVE('',#1831,#1858,#1860,.T.);
#1858 = VERTEX_POINT('',#1859);
#1859 = CARTESIAN_POINT('',(4.451148357354,40.506169632549,86.8));
#1860 = SURFACE_CURVE('',#1861,(#1865,#1872),.PCURVE_S1.);
#1861 = LINE('',#1862,#1863);
#1862 = CARTESIAN_POINT('',(-2.015724588457,37.839317168766,86.8));
#1863 = VECTOR('',#1864,1.);
#1864 = DIRECTION('',(-0.924475516938,-0.381241417716,0.));
#1865 = PCURVE('',#1586,#1866);
#1866 = DEFINITIONAL_REPRESENTATION('',(#1867),#1871);
#1867 = LINE('',#1868,#1869);
#1868 = CARTESIAN_POINT('',(0.,-23.66251154784));
#1869 = VECTOR('',#1870,1.);
#1870 = DIRECTION('',(0.,-1.));
#1871 = ( GEOMETRIC_REPRESENTATION_CONTEXT(2) 
PARAMETRIC_REPRESENTATION_CONTEXT() REPRESENTATION_CONTEXT('2D SPACE',''
  ) );
#1872 = PCURVE('',#1873,#1878);
#1873 = PLANE('',#1874);
#1874 = AXIS2_PLACEMENT_3D('',#1875,#1876,#1877);
#1875 = CARTESIAN_POINT('',(0.,0.,86.8));
#1876 = DIRECTION('',(0.,0.,1.));
#1877 = DIRECTION('',(1.,0.,0.));
#1878 = DEFINITIONAL_REPRESENTATION('',(#1879),#1882);
#1879 = B_SPLINE_CURVE_WITH_KNOTS('',1,(#1880,#1881),.UNSPECIFIED.,.F.,
  .F.,(2,2),(-10.78236162234,37.687280675774),.PIECEWISE_BEZIER_KNOTS.);
#1880 = CARTESIAN_POINT('',(7.952304746172,41.95));
#1881 = CARTESIAN_POINT('',(-36.85669287317,23.471364854056));
#1882 = ( GEOMETRIC_REPRESENTATION_CONTEXT(2) 
PARAMETRIC_REPRESENTATION_CONTEXT() REPRESENTATION_CONTEXT('2D SPACE',''
  ) );
#1883 = ORIENTED_EDGE('',*,*,#1884,.F.);
#1884 = EDGE_CURVE('',#1542,#1858,#1885,.T.);
#1885 = SURFACE_CURVE('',#1886,(#1890,#1897),.PCURVE_S1.);
#1886 = LINE('',#1887,#1888);
#1887 = CARTESIAN_POINT('',(4.451148357354,40.506169632549,89.8));
#1888 = VECTOR('',#1889,1.);
#1889 = DIRECTION('',(-1.480297366167E-15,0.,-1.));
#1890 = PCURVE('',#1586,#1891);
#1891 = DEFINITIONAL_REPRESENTATION('',(#1892),#1896);
#1892 = LINE('',#1893,#1894);
#1893 = CARTESIAN_POINT('',(3.,-16.66733122416));
#1894 = VECTOR('',#1895,1.);
#1895 = DIRECTION('',(-1.,-1.368498672809E-15));
#1896 = ( GEOMETRIC_REPRESENTATION_CONTEXT(2) 
PARAMETRIC_REPRESENTATION_CONTEXT() REPRESENTATION_CONTEXT('2D SPACE',''
  ) );
#1897 = PCURVE('',#1558,#1898);
#1898 = DEFINITIONAL_REPRESENTATION('',(#1899),#1903);
#1899 = LINE('',#1900,#1901);
#1900 = CARTESIAN_POINT('',(1.461347306528,4.));
#1901 = VECTOR('',#1902,1.);
#1902 = DIRECTION('',(-0.,-1.));
#1903 = ( GEOMETRIC_REPRESENTATION_CONTEXT(2) 
PARAMETRIC_REPRESENTATION_CONTEXT() REPRESENTATION_CONTEXT('2D SPACE',''
  ) );
#1904 = ORIENTED_EDGE('',*,*,#1570,.T.);
#1905 = ADVANCED_FACE('',(#1906),#1558,.F.);
#1906 = FACE_BOUND('',#1907,.F.);
#1907 = EDGE_LOOP('',(#1908,#1909,#1910,#1934));
#1908 = ORIENTED_EDGE('',*,*,#1541,.F.);
#1909 = ORIENTED_EDGE('',*,*,#1884,.T.);
#1910 = ORIENTED_EDGE('',*,*,#1911,.T.);
#1911 = EDGE_CURVE('',#1858,#1912,#1914,.T.);
#1912 = VERTEX_POINT('',#1913);
#1913 = CARTESIAN_POINT('',(-31.70990972408,25.593829828509,86.8));
#1914 = SURFACE_CURVE('',#1915,(#1920,#1927),.PCURVE_S1.);
#1915 = CIRCLE('',#1916,40.75);
#1916 = AXIS2_PLACEMENT_3D('',#1917,#1918,#1919);
#1917 = CARTESIAN_POINT('',(0.,0.,86.8));
#1918 = DIRECTION('',(0.,0.,1.));
#1919 = DIRECTION('',(1.,0.,-0.));
#1920 = PCURVE('',#1558,#1921);
#1921 = DEFINITIONAL_REPRESENTATION('',(#1922),#1926);
#1922 = LINE('',#1923,#1924);
#1923 = CARTESIAN_POINT('',(0.,1.));
#1924 = VECTOR('',#1925,1.);
#1925 = DIRECTION('',(1.,0.));
#1926 = ( GEOMETRIC_REPRESENTATION_CONTEXT(2) 
PARAMETRIC_REPRESENTATION_CONTEXT() REPRESENTATION_CONTEXT('2D SPACE',''
  ) );
#1927 = PCURVE('',#1873,#1928);
#1928 = DEFINITIONAL_REPRESENTATION('',(#1929),#1933);
#1929 = CIRCLE('',#1930,40.75);
#1930 = AXIS2_PLACEMENT_2D('',#1931,#1932);
#1931 = CARTESIAN_POINT('',(0.,0.));
#1932 = DIRECTION('',(1.,0.));
#1933 = ( GEOMETRIC_REPRESENTATION_CONTEXT(2) 
PARAMETRIC_REPRESENTATION_CONTEXT() REPRESENTATION_CONTEXT('2D SPACE',''
  ) );
#1934 = ORIENTED_EDGE('',*,*,#1935,.T.);
#1935 = EDGE_CURVE('',#1912,#1514,#1936,.T.);
#1936 = SURFACE_CURVE('',#1937,(#1941,#1948),.PCURVE_S1.);
#1937 = LINE('',#1938,#1939);
#1938 = CARTESIAN_POINT('',(-31.70990972408,25.593829828509,86.8));
#1939 = VECTOR('',#1940,1.);
#1940 = DIRECTION('',(-1.184237892934E-15,-2.368475785867E-15,1.));
#1941 = PCURVE('',#1558,#1942);
#1942 = DEFINITIONAL_REPRESENTATION('',(#1943),#1947);
#1943 = LINE('',#1944,#1945);
#1944 = CARTESIAN_POINT('',(2.462522866822,1.));
#1945 = VECTOR('',#1946,1.);
#1946 = DIRECTION('',(0.,1.));
#1947 = ( GEOMETRIC_REPRESENTATION_CONTEXT(2) 
PARAMETRIC_REPRESENTATION_CONTEXT() REPRESENTATION_CONTEXT('2D SPACE',''
  ) );
#1948 = PCURVE('',#1529,#1949);
#1949 = DEFINITIONAL_REPRESENTATION('',(#1950),#1954);
#1950 = LINE('',#1951,#1952);
#1951 = CARTESIAN_POINT('',(0.,-55.78254565538));
#1952 = VECTOR('',#1953,1.);
#1953 = DIRECTION('',(1.,-1.997760004678E-15));
#1954 = ( GEOMETRIC_REPRESENTATION_CONTEXT(2) 
PARAMETRIC_REPRESENTATION_CONTEXT() REPRESENTATION_CONTEXT('2D SPACE',''
  ) );
#1955 = ADVANCED_FACE('',(#1956),#1529,.F.);
#1956 = FACE_BOUND('',#1957,.F.);
#1957 = EDGE_LOOP('',(#1958,#1983,#2003,#2004,#2005,#2027));
#1958 = ORIENTED_EDGE('',*,*,#1959,.T.);
#1959 = EDGE_CURVE('',#1960,#1962,#1964,.T.);
#1960 = VERTEX_POINT('',#1961);
#1961 = CARTESIAN_POINT('',(-33.92030207072,24.682293398928,87.8));
#1962 = VERTEX_POINT('',#1963);
#1963 = CARTESIAN_POINT('',(-37.02446314495,23.402178623495,87.8));
#1964 = SURFACE_CURVE('',#1965,(#1969,#1976),.PCURVE_S1.);
#1965 = LINE('',#1966,#1967);
#1966 = CARTESIAN_POINT('',(3.115153661712,39.955223174264,87.8));
#1967 = VECTOR('',#1968,1.);
#1968 = DIRECTION('',(-0.924475516938,-0.381241417716,0.));
#1969 = PCURVE('',#1529,#1970);
#1970 = DEFINITIONAL_REPRESENTATION('',(#1971),#1975);
#1971 = LINE('',#1972,#1973);
#1972 = CARTESIAN_POINT('',(1.,-18.11246921988));
#1973 = VECTOR('',#1974,1.);
#1974 = DIRECTION('',(0.,-1.));
#1975 = ( GEOMETRIC_REPRESENTATION_CONTEXT(2) 
PARAMETRIC_REPRESENTATION_CONTEXT() REPRESENTATION_CONTEXT('2D SPACE',''
  ) );
#1976 = PCURVE('',#1791,#1977);
#1977 = DEFINITIONAL_REPRESENTATION('',(#1978),#1982);
#1978 = LINE('',#1979,#1980);
#1979 = CARTESIAN_POINT('',(3.115153661712,39.955223174264));
#1980 = VECTOR('',#1981,1.);
#1981 = DIRECTION('',(-0.924475516938,-0.381241417716));
#1982 = ( GEOMETRIC_REPRESENTATION_CONTEXT(2) 
PARAMETRIC_REPRESENTATION_CONTEXT() REPRESENTATION_CONTEXT('2D SPACE',''
  ) );
#1983 = ORIENTED_EDGE('',*,*,#1984,.T.);
#1984 = EDGE_CURVE('',#1962,#1486,#1985,.T.);
#1985 = SURFACE_CURVE('',#1986,(#1990,#1996),.PCURVE_S1.);
#1986 = LINE('',#1987,#1988);
#1987 = CARTESIAN_POINT('',(-37.02446314495,23.402178623495,86.8));
#1988 = VECTOR('',#1989,1.);
#1989 = DIRECTION('',(0.,0.,1.));
#1990 = PCURVE('',#1529,#1991);
#1991 = DEFINITIONAL_REPRESENTATION('',(#1992),#1995);
#1992 = B_SPLINE_CURVE_WITH_KNOTS('',1,(#1993,#1994),.UNSPECIFIED.,.F.,
  .F.,(2,2),(1.,3.),.PIECEWISE_BEZIER_KNOTS.);
#1993 = CARTESIAN_POINT('',(1.,-61.53126838897));
#1994 = CARTESIAN_POINT('',(3.,-61.53126838897));
#1995 = ( GEOMETRIC_REPRESENTATION_CONTEXT(2) 
PARAMETRIC_REPRESENTATION_CONTEXT() REPRESENTATION_CONTEXT('2D SPACE',''
  ) );
#1996 = PCURVE('',#1501,#1997);
#1997 = DEFINITIONAL_REPRESENTATION('',(#1998),#2002);
#1998 = LINE('',#1999,#2000);
#1999 = CARTESIAN_POINT('',(0.,-10.91860849057));
#2000 = VECTOR('',#2001,1.);
#2001 = DIRECTION('',(1.,0.));
#2002 = ( GEOMETRIC_REPRESENTATION_CONTEXT(2) 
PARAMETRIC_REPRESENTATION_CONTEXT() REPRESENTATION_CONTEXT('2D SPACE',''
  ) );
#2003 = ORIENTED_EDGE('',*,*,#1513,.T.);
#2004 = ORIENTED_EDGE('',*,*,#1935,.F.);
#2005 = ORIENTED_EDGE('',*,*,#2006,.T.);
#2006 = EDGE_CURVE('',#1912,#2007,#2009,.T.);
#2007 = VERTEX_POINT('',#2008);
#2008 = CARTESIAN_POINT('',(-33.92030207072,24.682293398928,86.8));
#2009 = SURFACE_CURVE('',#2010,(#2014,#2021),.PCURVE_S1.);
#2010 = LINE('',#2011,#2012);
#2011 = CARTESIAN_POINT('',(-2.015724588457,37.839317168766,86.8));
#2012 = VECTOR('',#2013,1.);
#2013 = DIRECTION('',(-0.924475516938,-0.381241417716,0.));
#2014 = PCURVE('',#1529,#2015);
#2015 = DEFINITIONAL_REPRESENTATION('',(#2016),#2020);
#2016 = LINE('',#2017,#2018);
#2017 = CARTESIAN_POINT('',(0.,-23.66251154784));
#2018 = VECTOR('',#2019,1.);
#2019 = DIRECTION('',(0.,-1.));
#2020 = ( GEOMETRIC_REPRESENTATION_CONTEXT(2) 
PARAMETRIC_REPRESENTATION_CONTEXT() REPRESENTATION_CONTEXT('2D SPACE',''
  ) );
#2021 = PCURVE('',#1873,#2022);
#2022 = DEFINITIONAL_REPRESENTATION('',(#2023),#2026);
#2023 = B_SPLINE_CURVE_WITH_KNOTS('',1,(#2024,#2025),.UNSPECIFIED.,.F.,
  .F.,(2,2),(-10.78236162234,37.687280675774),.PIECEWISE_BEZIER_KNOTS.);
#2024 = CARTESIAN_POINT('',(7.952304746172,41.95));
#2025 = CARTESIAN_POINT('',(-36.85669287317,23.471364854056));
#2026 = ( GEOMETRIC_REPRESENTATION_CONTEXT(2) 
PARAMETRIC_REPRESENTATION_CONTEXT() REPRESENTATION_CONTEXT('2D SPACE',''
  ) );
#2027 = ORIENTED_EDGE('',*,*,#2028,.T.);
#2028 = EDGE_CURVE('',#2007,#1960,#2029,.T.);
#2029 = SURFACE_CURVE('',#2030,(#2034,#2041),.PCURVE_S1.);
#2030 = LINE('',#2031,#2032);
#2031 = CARTESIAN_POINT('',(-33.92030207072,24.682293398928,86.8));
#2032 = VECTOR('',#2033,1.);
#2033 = DIRECTION('',(0.,0.,1.));
#2034 = PCURVE('',#1529,#2035);
#2035 = DEFINITIONAL_REPRESENTATION('',(#2036),#2040);
#2036 = LINE('',#2037,#2038);
#2037 = CARTESIAN_POINT('',(0.,-58.17351470339));
#2038 = VECTOR('',#2039,1.);
#2039 = DIRECTION('',(1.,0.));
#2040 = ( GEOMETRIC_REPRESENTATION_CONTEXT(2) 
PARAMETRIC_REPRESENTATION_CONTEXT() REPRESENTATION_CONTEXT('2D SPACE',''
  ) );
#2041 = PCURVE('',#1846,#2042);
#2042 = DEFINITIONAL_REPRESENTATION('',(#2043),#2046);
#2043 = B_SPLINE_CURVE_WITH_KNOTS('',1,(#2044,#2045),.UNSPECIFIED.,.F.,
  .F.,(2,2),(-6.000000070117E-07,3.0000006),.PIECEWISE_BEZIER_KNOTS.);
#2044 = CARTESIAN_POINT('',(2.512546077291,-6.000000070117E-07));
#2045 = CARTESIAN_POINT('',(2.512546077291,3.0000006));
#2046 = ( GEOMETRIC_REPRESENTATION_CONTEXT(2) 
PARAMETRIC_REPRESENTATION_CONTEXT() REPRESENTATION_CONTEXT('2D SPACE',''
  ) );
#2047 = ADVANCED_FACE('',(#2048),#1334,.T.);
#2048 = FACE_BOUND('',#2049,.T.);
#2049 = EDGE_LOOP('',(#2050,#2071,#2093,#2112));
#2050 = ORIENTED_EDGE('',*,*,#2051,.F.);
#2051 = EDGE_CURVE('',#2052,#1290,#2054,.T.);
#2052 = VERTEX_POINT('',#2053);
#2053 = CARTESIAN_POINT('',(-56.70249620117,42.479988518779,87.8));
#2054 = SURFACE_CURVE('',#2055,(#2059,#2065),.PCURVE_S1.);
#2055 = LINE('',#2056,#2057);
#2056 = CARTESIAN_POINT('',(-56.70249620117,42.479988518779,87.8));
#2057 = VECTOR('',#2058,1.);
#2058 = DIRECTION('',(0.,0.,1.));
#2059 = PCURVE('',#1334,#2060);
#2060 = DEFINITIONAL_REPRESENTATION('',(#2061),#2064);
#2061 = B_SPLINE_CURVE_WITH_KNOTS('',1,(#2062,#2063),.UNSPECIFIED.,.F.,
  .F.,(2,2),(-6.000000070117E-07,2.0000006),.PIECEWISE_BEZIER_KNOTS.);
#2062 = CARTESIAN_POINT('',(0.9999994,25.139049385211));
#2063 = CARTESIAN_POINT('',(3.0000006,25.139049385211));
#2064 = ( GEOMETRIC_REPRESENTATION_CONTEXT(2) 
PARAMETRIC_REPRESENTATION_CONTEXT() REPRESENTATION_CONTEXT('2D SPACE',''
  ) );
#2065 = PCURVE('',#1306,#2066);
#2066 = DEFINITIONAL_REPRESENTATION('',(#2067),#2070);
#2067 = B_SPLINE_CURVE_WITH_KNOTS('',1,(#2068,#2069),.UNSPECIFIED.,.F.,
  .F.,(2,2),(-6.000000070117E-07,2.0000006),.PIECEWISE_BEZIER_KNOTS.);
#2068 = CARTESIAN_POINT('',(2.498620929517,-6.000000070117E-07));
#2069 = CARTESIAN_POINT('',(2.498620929517,2.0000006));
#2070 = ( GEOMETRIC_REPRESENTATION_CONTEXT(2) 
PARAMETRIC_REPRESENTATION_CONTEXT() REPRESENTATION_CONTEXT('2D SPACE',''
  ) );
#2071 = ORIENTED_EDGE('',*,*,#2072,.T.);
#2072 = EDGE_CURVE('',#2052,#2073,#2075,.T.);
#2073 = VERTEX_POINT('',#2074);
#2074 = CARTESIAN_POINT('',(-52.99894930966,33.499226545071,87.8));
#2075 = SURFACE_CURVE('',#2076,(#2080,#2086),.PCURVE_S1.);
#2076 = LINE('',#2077,#2078);
#2077 = CARTESIAN_POINT('',(-40.30375903183,2.714552977794,87.8));
#2078 = VECTOR('',#2079,1.);
#2079 = DIRECTION('',(0.381241417716,-0.924475516938,0.));
#2080 = PCURVE('',#1334,#2081);
#2081 = DEFINITIONAL_REPRESENTATION('',(#2082),#2085);
#2082 = B_SPLINE_CURVE_WITH_KNOTS('',1,(#2083,#2084),.UNSPECIFIED.,.F.,
  .F.,(2,2),(-57.975,-17.875),.PIECEWISE_BEZIER_KNOTS.);
#2083 = CARTESIAN_POINT('',(1.,40.1));
#2084 = CARTESIAN_POINT('',(1.,0.));
#2085 = ( GEOMETRIC_REPRESENTATION_CONTEXT(2) 
PARAMETRIC_REPRESENTATION_CONTEXT() REPRESENTATION_CONTEXT('2D SPACE',''
  ) );
#2086 = PCURVE('',#1791,#2087);
#2087 = DEFINITIONAL_REPRESENTATION('',(#2088),#2092);
#2088 = LINE('',#2089,#2090);
#2089 = CARTESIAN_POINT('',(-40.30375903183,2.714552977794));
#2090 = VECTOR('',#2091,1.);
#2091 = DIRECTION('',(0.381241417716,-0.924475516938));
#2092 = ( GEOMETRIC_REPRESENTATION_CONTEXT(2) 
PARAMETRIC_REPRESENTATION_CONTEXT() REPRESENTATION_CONTEXT('2D SPACE',''
  ) );
#2093 = ORIENTED_EDGE('',*,*,#2094,.T.);
#2094 = EDGE_CURVE('',#2073,#1319,#2095,.T.);
#2095 = SURFACE_CURVE('',#2096,(#2100,#2106),.PCURVE_S1.);
#2096 = LINE('',#2097,#2098);
#2097 = CARTESIAN_POINT('',(-52.99894930966,33.499226545071,86.8));
#2098 = VECTOR('',#2099,1.);
#2099 = DIRECTION('',(0.,0.,1.));
#2100 = PCURVE('',#1334,#2101);
#2101 = DEFINITIONAL_REPRESENTATION('',(#2102),#2105);
#2102 = B_SPLINE_CURVE_WITH_KNOTS('',1,(#2103,#2104),.UNSPECIFIED.,.F.,
  .F.,(2,2),(1.,3.),.PIECEWISE_BEZIER_KNOTS.);
#2103 = CARTESIAN_POINT('',(1.,15.424609349574));
#2104 = CARTESIAN_POINT('',(3.,15.424609349574));
#2105 = ( GEOMETRIC_REPRESENTATION_CONTEXT(2) 
PARAMETRIC_REPRESENTATION_CONTEXT() REPRESENTATION_CONTEXT('2D SPACE',''
  ) );
#2106 = PCURVE('',#1361,#2107);
#2107 = DEFINITIONAL_REPRESENTATION('',(#2108),#2111);
#2108 = B_SPLINE_CURVE_WITH_KNOTS('',1,(#2109,#2110),.UNSPECIFIED.,.F.,
  .F.,(2,2),(1.,3.),.PIECEWISE_BEZIER_KNOTS.);
#2109 = CARTESIAN_POINT('',(1.,15.424609349574));
#2110 = CARTESIAN_POINT('',(3.,15.424609349574));
#2111 = ( GEOMETRIC_REPRESENTATION_CONTEXT(2) 
PARAMETRIC_REPRESENTATION_CONTEXT() REPRESENTATION_CONTEXT('2D SPACE',''
  ) );
#2112 = ORIENTED_EDGE('',*,*,#1318,.F.);
#2113 = ADVANCED_FACE('',(#2114),#1306,.T.);
#2114 = FACE_BOUND('',#2115,.T.);
#2115 = EDGE_LOOP('',(#2116,#2117,#2138,#2162,#2188,#2217,#2243,#2265));
#2116 = ORIENTED_EDGE('',*,*,#1289,.F.);
#2117 = ORIENTED_EDGE('',*,*,#2118,.F.);
#2118 = EDGE_CURVE('',#2119,#1263,#2121,.T.);
#2119 = VERTEX_POINT('',#2120);
#2120 = CARTESIAN_POINT('',(10.275641179126,70.100882293719,87.8));
#2121 = SURFACE_CURVE('',#2122,(#2126,#2132),.PCURVE_S1.);
#2122 = LINE('',#2123,#2124);
#2123 = CARTESIAN_POINT('',(10.275641179126,70.100882293719,87.8));
#2124 = VECTOR('',#2125,1.);
#2125 = DIRECTION('',(0.,0.,1.));
#2126 = PCURVE('',#1306,#2127);
#2127 = DEFINITIONAL_REPRESENTATION('',(#2128),#2131);
#2128 = B_SPLINE_CURVE_WITH_KNOTS('',1,(#2129,#2130),.UNSPECIFIED.,.F.,
  .F.,(2,2),(-6.000000070117E-07,2.0000006),.PIECEWISE_BEZIER_KNOTS.);
#2129 = CARTESIAN_POINT('',(1.425249243833,-6.000000070117E-07));
#2130 = CARTESIAN_POINT('',(1.425249243833,2.0000006));
#2131 = ( GEOMETRIC_REPRESENTATION_CONTEXT(2) 
PARAMETRIC_REPRESENTATION_CONTEXT() REPRESENTATION_CONTEXT('2D SPACE',''
  ) );
#2132 = PCURVE('',#1278,#2133);
#2133 = DEFINITIONAL_REPRESENTATION('',(#2134),#2137);
#2134 = B_SPLINE_CURVE_WITH_KNOTS('',1,(#2135,#2136),.UNSPECIFIED.,.F.,
  .F.,(2,2),(-6.000000070117E-07,2.0000006),.PIECEWISE_BEZIER_KNOTS.);
#2135 = CARTESIAN_POINT('',(0.9999994,25.139049385211));
#2136 = CARTESIAN_POINT('',(3.0000006,25.139049385211));
#2137 = ( GEOMETRIC_REPRESENTATION_CONTEXT(2) 
PARAMETRIC_REPRESENTATION_CONTEXT() REPRESENTATION_CONTEXT('2D SPACE',''
  ) );
#2138 = ORIENTED_EDGE('',*,*,#2139,.T.);
#2139 = EDGE_CURVE('',#2119,#2140,#2142,.T.);
#2140 = VERTEX_POINT('',#2141);
#2141 = CARTESIAN_POINT('',(2.148183186105,70.817425885152,87.8));
#2142 = SURFACE_CURVE('',#2143,(#2148,#2155),.PCURVE_S1.);
#2143 = CIRCLE('',#2144,70.85);
#2144 = AXIS2_PLACEMENT_3D('',#2145,#2146,#2147);
#2145 = CARTESIAN_POINT('',(0.,0.,87.8));
#2146 = DIRECTION('',(0.,0.,1.));
#2147 = DIRECTION('',(1.,0.,0.));
#2148 = PCURVE('',#1306,#2149);
#2149 = DEFINITIONAL_REPRESENTATION('',(#2150),#2154);
#2150 = LINE('',#2151,#2152);
#2151 = CARTESIAN_POINT('',(0.,0.));
#2152 = VECTOR('',#2153,1.);
#2153 = DIRECTION('',(1.,0.));
#2154 = ( GEOMETRIC_REPRESENTATION_CONTEXT(2) 
PARAMETRIC_REPRESENTATION_CONTEXT() REPRESENTATION_CONTEXT('2D SPACE',''
  ) );
#2155 = PCURVE('',#1791,#2156);
#2156 = DEFINITIONAL_REPRESENTATION('',(#2157),#2161);
#2157 = CIRCLE('',#2158,70.85);
#2158 = AXIS2_PLACEMENT_2D('',#2159,#2160);
#2159 = CARTESIAN_POINT('',(0.,0.));
#2160 = DIRECTION('',(1.,0.));
#2161 = ( GEOMETRIC_REPRESENTATION_CONTEXT(2) 
PARAMETRIC_REPRESENTATION_CONTEXT() REPRESENTATION_CONTEXT('2D SPACE',''
  ) );
#2162 = ORIENTED_EDGE('',*,*,#2163,.F.);
#2163 = EDGE_CURVE('',#2164,#2140,#2166,.T.);
#2164 = VERTEX_POINT('',#2165);
#2165 = CARTESIAN_POINT('',(2.148183186104,70.817425885152,83.8));
#2166 = SURFACE_CURVE('',#2167,(#2171,#2177),.PCURVE_S1.);
#2167 = LINE('',#2168,#2169);
#2168 = CARTESIAN_POINT('',(2.148183186104,70.817425885152,83.8));
#2169 = VECTOR('',#2170,1.);
#2170 = DIRECTION('',(0.,0.,1.));
#2171 = PCURVE('',#1306,#2172);
#2172 = DEFINITIONAL_REPRESENTATION('',(#2173),#2176);
#2173 = B_SPLINE_CURVE_WITH_KNOTS('',1,(#2174,#2175),.UNSPECIFIED.,.F.,
  .F.,(2,2),(-6.000000070117E-07,6.0000006),.PIECEWISE_BEZIER_KNOTS.);
#2174 = CARTESIAN_POINT('',(1.540471521374,-4.0000006));
#2175 = CARTESIAN_POINT('',(1.540471521374,2.0000006));
#2176 = ( GEOMETRIC_REPRESENTATION_CONTEXT(2) 
PARAMETRIC_REPRESENTATION_CONTEXT() REPRESENTATION_CONTEXT('2D SPACE',''
  ) );
#2177 = PCURVE('',#2178,#2183);
#2178 = PLANE('',#2179);
#2179 = AXIS2_PLACEMENT_3D('',#2180,#2181,#2182);
#2180 = CARTESIAN_POINT('',(14.581707032312,75.944845888702,82.8));
#2181 = DIRECTION('',(-0.381241417716,0.924475516938,0.));
#2182 = DIRECTION('',(0.,0.,1.));
#2183 = DEFINITIONAL_REPRESENTATION('',(#2184),#2187);
#2184 = B_SPLINE_CURVE_WITH_KNOTS('',1,(#2185,#2186),.UNSPECIFIED.,.F.,
  .F.,(2,2),(-6.000000070117E-07,6.0000006),.PIECEWISE_BEZIER_KNOTS.);
#2185 = CARTESIAN_POINT('',(0.9999994,-13.44927325646));
#2186 = CARTESIAN_POINT('',(7.0000006,-13.44927325646));
#2187 = ( GEOMETRIC_REPRESENTATION_CONTEXT(2) 
PARAMETRIC_REPRESENTATION_CONTEXT() REPRESENTATION_CONTEXT('2D SPACE',''
  ) );
#2188 = ORIENTED_EDGE('',*,*,#2189,.T.);
#2189 = EDGE_CURVE('',#2164,#2190,#2192,.T.);
#2190 = VERTEX_POINT('',#2191);
#2191 = CARTESIAN_POINT('',(-51.44269849684,48.717258454916,83.8));
#2192 = SURFACE_CURVE('',#2193,(#2198,#2205),.PCURVE_S1.);
#2193 = CIRCLE('',#2194,70.85);
#2194 = AXIS2_PLACEMENT_3D('',#2195,#2196,#2197);
#2195 = CARTESIAN_POINT('',(0.,0.,83.8));
#2196 = DIRECTION('',(0.,0.,1.));
#2197 = DIRECTION('',(1.,0.,0.));
#2198 = PCURVE('',#1306,#2199);
#2199 = DEFINITIONAL_REPRESENTATION('',(#2200),#2204);
#2200 = LINE('',#2201,#2202);
#2201 = CARTESIAN_POINT('',(0.,-4.));
#2202 = VECTOR('',#2203,1.);
#2203 = DIRECTION('',(1.,0.));
#2204 = ( GEOMETRIC_REPRESENTATION_CONTEXT(2) 
PARAMETRIC_REPRESENTATION_CONTEXT() REPRESENTATION_CONTEXT('2D SPACE',''
  ) );
#2205 = PCURVE('',#2206,#2211);
#2206 = PLANE('',#2207);
#2207 = AXIS2_PLACEMENT_3D('',#2208,#2209,#2210);
#2208 = CARTESIAN_POINT('',(0.,0.,83.8));
#2209 = DIRECTION('',(0.,0.,1.));
#2210 = DIRECTION('',(1.,0.,0.));
#2211 = DEFINITIONAL_REPRESENTATION('',(#2212),#2216);
#2212 = CIRCLE('',#2213,70.85);
#2213 = AXIS2_PLACEMENT_2D('',#2214,#2215);
#2214 = CARTESIAN_POINT('',(0.,0.));
#2215 = DIRECTION('',(1.,0.));
#2216 = ( GEOMETRIC_REPRESENTATION_CONTEXT(2) 
PARAMETRIC_REPRESENTATION_CONTEXT() REPRESENTATION_CONTEXT('2D SPACE',''
  ) );
#2217 = ORIENTED_EDGE('',*,*,#2218,.T.);
#2218 = EDGE_CURVE('',#2190,#2219,#2221,.T.);
#2219 = VERTEX_POINT('',#2220);
#2220 = CARTESIAN_POINT('',(-51.44269849684,48.717258454915,87.8));
#2221 = SURFACE_CURVE('',#2222,(#2226,#2232),.PCURVE_S1.);
#2222 = LINE('',#2223,#2224);
#2223 = CARTESIAN_POINT('',(-51.44269849684,48.717258454915,83.8));
#2224 = VECTOR('',#2225,1.);
#2225 = DIRECTION('',(0.,0.,1.));
#2226 = PCURVE('',#1306,#2227);
#2227 = DEFINITIONAL_REPRESENTATION('',(#2228),#2231);
#2228 = B_SPLINE_CURVE_WITH_KNOTS('',1,(#2229,#2230),.UNSPECIFIED.,.F.,
  .F.,(2,2),(-6.000000070117E-07,6.0000006),.PIECEWISE_BEZIER_KNOTS.);
#2229 = CARTESIAN_POINT('',(2.383398651976,-4.0000006));
#2230 = CARTESIAN_POINT('',(2.383398651976,2.0000006));
#2231 = ( GEOMETRIC_REPRESENTATION_CONTEXT(2) 
PARAMETRIC_REPRESENTATION_CONTEXT() REPRESENTATION_CONTEXT('2D SPACE',''
  ) );
#2232 = PCURVE('',#2233,#2238);
#2233 = PLANE('',#2234);
#2234 = AXIS2_PLACEMENT_3D('',#2235,#2236,#2237);
#2235 = CARTESIAN_POINT('',(14.581707032312,75.944845888702,82.8));
#2236 = DIRECTION('',(-0.381241417716,0.924475516938,0.));
#2237 = DIRECTION('',(0.,0.,1.));
#2238 = DEFINITIONAL_REPRESENTATION('',(#2239),#2242);
#2239 = B_SPLINE_CURVE_WITH_KNOTS('',1,(#2240,#2241),.UNSPECIFIED.,.F.,
  .F.,(2,2),(-6.000000070117E-07,6.0000006),.PIECEWISE_BEZIER_KNOTS.);
#2240 = CARTESIAN_POINT('',(0.9999994,-71.41823046633));
#2241 = CARTESIAN_POINT('',(7.0000006,-71.41823046633));
#2242 = ( GEOMETRIC_REPRESENTATION_CONTEXT(2) 
PARAMETRIC_REPRESENTATION_CONTEXT() REPRESENTATION_CONTEXT('2D SPACE',''
  ) );
#2243 = ORIENTED_EDGE('',*,*,#2244,.T.);
#2244 = EDGE_CURVE('',#2219,#2052,#2245,.T.);
#2245 = SURFACE_CURVE('',#2246,(#2251,#2258),.PCURVE_S1.);
#2246 = CIRCLE('',#2247,70.85);
#2247 = AXIS2_PLACEMENT_3D('',#2248,#2249,#2250);
#2248 = CARTESIAN_POINT('',(0.,0.,87.8));
#2249 = DIRECTION('',(0.,0.,1.));
#2250 = DIRECTION('',(1.,0.,0.));
#2251 = PCURVE('',#1306,#2252);
#2252 = DEFINITIONAL_REPRESENTATION('',(#2253),#2257);
#2253 = LINE('',#2254,#2255);
#2254 = CARTESIAN_POINT('',(0.,0.));
#2255 = VECTOR('',#2256,1.);
#2256 = DIRECTION('',(1.,0.));
#2257 = ( GEOMETRIC_REPRESENTATION_CONTEXT(2) 
PARAMETRIC_REPRESENTATION_CONTEXT() REPRESENTATION_CONTEXT('2D SPACE',''
  ) );
#2258 = PCURVE('',#1791,#2259);
#2259 = DEFINITIONAL_REPRESENTATION('',(#2260),#2264);
#2260 = CIRCLE('',#2261,70.85);
#2261 = AXIS2_PLACEMENT_2D('',#2262,#2263);
#2262 = CARTESIAN_POINT('',(0.,0.));
#2263 = DIRECTION('',(1.,0.));
#2264 = ( GEOMETRIC_REPRESENTATION_CONTEXT(2) 
PARAMETRIC_REPRESENTATION_CONTEXT() REPRESENTATION_CONTEXT('2D SPACE',''
  ) );
#2265 = ORIENTED_EDGE('',*,*,#2051,.T.);
#2266 = ADVANCED_FACE('',(#2267),#1278,.F.);
#2267 = FACE_BOUND('',#2268,.F.);
#2268 = EDGE_LOOP('',(#2269,#2270,#2292,#2311));
#2269 = ORIENTED_EDGE('',*,*,#2118,.F.);
#2270 = ORIENTED_EDGE('',*,*,#2271,.T.);
#2271 = EDGE_CURVE('',#2119,#2272,#2274,.T.);
#2272 = VERTEX_POINT('',#2273);
#2273 = CARTESIAN_POINT('',(13.979188070634,61.120120320011,87.8));
#2274 = SURFACE_CURVE('',#2275,(#2279,#2285),.PCURVE_S1.);
#2275 = LINE('',#2276,#2277);
#2276 = CARTESIAN_POINT('',(26.67437834847,30.335446752735,87.8));
#2277 = VECTOR('',#2278,1.);
#2278 = DIRECTION('',(0.381241417716,-0.924475516938,0.));
#2279 = PCURVE('',#1278,#2280);
#2280 = DEFINITIONAL_REPRESENTATION('',(#2281),#2284);
#2281 = B_SPLINE_CURVE_WITH_KNOTS('',1,(#2282,#2283),.UNSPECIFIED.,.F.,
  .F.,(2,2),(-43.82436582145,-17.875),.PIECEWISE_BEZIER_KNOTS.);
#2282 = CARTESIAN_POINT('',(1.,25.949365821456));
#2283 = CARTESIAN_POINT('',(1.,0.));
#2284 = ( GEOMETRIC_REPRESENTATION_CONTEXT(2) 
PARAMETRIC_REPRESENTATION_CONTEXT() REPRESENTATION_CONTEXT('2D SPACE',''
  ) );
#2285 = PCURVE('',#1791,#2286);
#2286 = DEFINITIONAL_REPRESENTATION('',(#2287),#2291);
#2287 = LINE('',#2288,#2289);
#2288 = CARTESIAN_POINT('',(26.67437834847,30.335446752735));
#2289 = VECTOR('',#2290,1.);
#2290 = DIRECTION('',(0.381241417716,-0.924475516938));
#2291 = ( GEOMETRIC_REPRESENTATION_CONTEXT(2) 
PARAMETRIC_REPRESENTATION_CONTEXT() REPRESENTATION_CONTEXT('2D SPACE',''
  ) );
#2292 = ORIENTED_EDGE('',*,*,#2293,.T.);
#2293 = EDGE_CURVE('',#2272,#1236,#2294,.T.);
#2294 = SURFACE_CURVE('',#2295,(#2299,#2305),.PCURVE_S1.);
#2295 = LINE('',#2296,#2297);
#2296 = CARTESIAN_POINT('',(13.979188070634,61.120120320011,86.8));
#2297 = VECTOR('',#2298,1.);
#2298 = DIRECTION('',(0.,0.,1.));
#2299 = PCURVE('',#1278,#2300);
#2300 = DEFINITIONAL_REPRESENTATION('',(#2301),#2304);
#2301 = B_SPLINE_CURVE_WITH_KNOTS('',1,(#2302,#2303),.UNSPECIFIED.,.F.,
  .F.,(2,2),(1.,3.),.PIECEWISE_BEZIER_KNOTS.);
#2302 = CARTESIAN_POINT('',(1.,15.424609349574));
#2303 = CARTESIAN_POINT('',(3.,15.424609349574));
#2304 = ( GEOMETRIC_REPRESENTATION_CONTEXT(2) 
PARAMETRIC_REPRESENTATION_CONTEXT() REPRESENTATION_CONTEXT('2D SPACE',''
  ) );
#2305 = PCURVE('',#1251,#2306);
#2306 = DEFINITIONAL_REPRESENTATION('',(#2307),#2310);
#2307 = B_SPLINE_CURVE_WITH_KNOTS('',1,(#2308,#2309),.UNSPECIFIED.,.F.,
  .F.,(2,2),(1.,3.),.PIECEWISE_BEZIER_KNOTS.);
#2308 = CARTESIAN_POINT('',(1.,15.424609349574));
#2309 = CARTESIAN_POINT('',(3.,15.424609349574));
#2310 = ( GEOMETRIC_REPRESENTATION_CONTEXT(2) 
PARAMETRIC_REPRESENTATION_CONTEXT() REPRESENTATION_CONTEXT('2D SPACE',''
  ) );
#2311 = ORIENTED_EDGE('',*,*,#1262,.F.);
#2312 = ADVANCED_FACE('',(#2313),#1251,.T.);
#2313 = FACE_BOUND('',#2314,.T.);
#2314 = EDGE_LOOP('',(#2315,#2336,#2356,#2357));
#2315 = ORIENTED_EDGE('',*,*,#2316,.F.);
#2316 = EDGE_CURVE('',#2317,#1207,#2319,.T.);
#2317 = VERTEX_POINT('',#2318);
#2318 = CARTESIAN_POINT('',(21.21840409653,67.59809041383,87.8));
#2319 = SURFACE_CURVE('',#2320,(#2324,#2330),.PCURVE_S1.);
#2320 = LINE('',#2321,#2322);
#2321 = CARTESIAN_POINT('',(21.21840409653,67.59809041383,87.8));
#2322 = VECTOR('',#2323,1.);
#2323 = DIRECTION('',(0.,0.,1.));
#2324 = PCURVE('',#1251,#2325);
#2325 = DEFINITIONAL_REPRESENTATION('',(#2326),#2329);
#2326 = B_SPLINE_CURVE_WITH_KNOTS('',1,(#2327,#2328),.UNSPECIFIED.,.F.,
  .F.,(2,2),(-6.000000070117E-07,2.0000006),.PIECEWISE_BEZIER_KNOTS.);
#2327 = CARTESIAN_POINT('',(0.9999994,25.139049385211));
#2328 = CARTESIAN_POINT('',(3.0000006,25.139049385211));
#2329 = ( GEOMETRIC_REPRESENTATION_CONTEXT(2) 
PARAMETRIC_REPRESENTATION_CONTEXT() REPRESENTATION_CONTEXT('2D SPACE',''
  ) );
#2330 = PCURVE('',#1223,#2331);
#2331 = DEFINITIONAL_REPRESENTATION('',(#2332),#2335);
#2332 = B_SPLINE_CURVE_WITH_KNOTS('',1,(#2333,#2334),.UNSPECIFIED.,.F.,
  .F.,(2,2),(-6.000000070117E-07,2.0000006),.PIECEWISE_BEZIER_KNOTS.);
#2333 = CARTESIAN_POINT('',(1.266645093624,-6.000000070117E-07));
#2334 = CARTESIAN_POINT('',(1.266645093624,2.0000006));
#2335 = ( GEOMETRIC_REPRESENTATION_CONTEXT(2) 
PARAMETRIC_REPRESENTATION_CONTEXT() REPRESENTATION_CONTEXT('2D SPACE',''
  ) );
#2336 = ORIENTED_EDGE('',*,*,#2337,.T.);
#2337 = EDGE_CURVE('',#2317,#2272,#2338,.T.);
#2338 = SURFACE_CURVE('',#2339,(#2343,#2349),.PCURVE_S1.);
#2339 = LINE('',#2340,#2341);
#2340 = CARTESIAN_POINT('',(-10.83573330158,38.914633157493,87.8));
#2341 = VECTOR('',#2342,1.);
#2342 = DIRECTION('',(-0.745201576142,-0.666839269176,0.));
#2343 = PCURVE('',#1251,#2344);
#2344 = DEFINITIONAL_REPRESENTATION('',(#2345),#2348);
#2345 = B_SPLINE_CURVE_WITH_KNOTS('',1,(#2346,#2347),.UNSPECIFIED.,.F.,
  .F.,(2,2),(-47.8906511939,-17.875),.PIECEWISE_BEZIER_KNOTS.);
#2346 = CARTESIAN_POINT('',(1.,30.015651193901));
#2347 = CARTESIAN_POINT('',(1.,0.));
#2348 = ( GEOMETRIC_REPRESENTATION_CONTEXT(2) 
PARAMETRIC_REPRESENTATION_CONTEXT() REPRESENTATION_CONTEXT('2D SPACE',''
  ) );
#2349 = PCURVE('',#1791,#2350);
#2350 = DEFINITIONAL_REPRESENTATION('',(#2351),#2355);
#2351 = LINE('',#2352,#2353);
#2352 = CARTESIAN_POINT('',(-10.83573330158,38.914633157493));
#2353 = VECTOR('',#2354,1.);
#2354 = DIRECTION('',(-0.745201576142,-0.666839269176));
#2355 = ( GEOMETRIC_REPRESENTATION_CONTEXT(2) 
PARAMETRIC_REPRESENTATION_CONTEXT() REPRESENTATION_CONTEXT('2D SPACE',''
  ) );
#2356 = ORIENTED_EDGE('',*,*,#2293,.T.);
#2357 = ORIENTED_EDGE('',*,*,#1235,.F.);
#2358 = ADVANCED_FACE('',(#2359),#1223,.T.);
#2359 = FACE_BOUND('',#2360,.T.);
#2360 = EDGE_LOOP('',(#2361,#2362,#2383,#2407,#2433,#2462,#2488,#2510));
#2361 = ORIENTED_EDGE('',*,*,#1206,.F.);
#2362 = ORIENTED_EDGE('',*,*,#2363,.F.);
#2363 = EDGE_CURVE('',#2364,#1180,#2366,.T.);
#2364 = VERTEX_POINT('',#2365);
#2365 = CARTESIAN_POINT('',(69.530827046782,13.60832797189,87.8));
#2366 = SURFACE_CURVE('',#2367,(#2371,#2377),.PCURVE_S1.);
#2367 = LINE('',#2368,#2369);
#2368 = CARTESIAN_POINT('',(69.530827046782,13.60832797189,87.8));
#2369 = VECTOR('',#2370,1.);
#2370 = DIRECTION('',(0.,0.,1.));
#2371 = PCURVE('',#1223,#2372);
#2372 = DEFINITIONAL_REPRESENTATION('',(#2373),#2376);
#2373 = B_SPLINE_CURVE_WITH_KNOTS('',1,(#2374,#2375),.UNSPECIFIED.,.F.,
  .F.,(2,2),(-6.000000070117E-07,2.0000006),.PIECEWISE_BEZIER_KNOTS.);
#2374 = CARTESIAN_POINT('',(0.19327340794,-6.000000070117E-07));
#2375 = CARTESIAN_POINT('',(0.19327340794,2.0000006));
#2376 = ( GEOMETRIC_REPRESENTATION_CONTEXT(2) 
PARAMETRIC_REPRESENTATION_CONTEXT() REPRESENTATION_CONTEXT('2D SPACE',''
  ) );
#2377 = PCURVE('',#1195,#2378);
#2378 = DEFINITIONAL_REPRESENTATION('',(#2379),#2382);
#2379 = B_SPLINE_CURVE_WITH_KNOTS('',1,(#2380,#2381),.UNSPECIFIED.,.F.,
  .F.,(2,2),(-6.000000070117E-07,2.0000006),.PIECEWISE_BEZIER_KNOTS.);
#2380 = CARTESIAN_POINT('',(0.9999994,25.139049385211));
#2381 = CARTESIAN_POINT('',(3.0000006,25.139049385211));
#2382 = ( GEOMETRIC_REPRESENTATION_CONTEXT(2) 
PARAMETRIC_REPRESENTATION_CONTEXT() REPRESENTATION_CONTEXT('2D SPACE',''
  ) );
#2383 = ORIENTED_EDGE('',*,*,#2384,.T.);
#2384 = EDGE_CURVE('',#2364,#2385,#2387,.T.);
#2385 = VERTEX_POINT('',#2386);
#2386 = CARTESIAN_POINT('',(67.505270427954,21.511879612177,87.8));
#2387 = SURFACE_CURVE('',#2388,(#2393,#2400),.PCURVE_S1.);
#2388 = CIRCLE('',#2389,70.85);
#2389 = AXIS2_PLACEMENT_3D('',#2390,#2391,#2392);
#2390 = CARTESIAN_POINT('',(0.,0.,87.8));
#2391 = DIRECTION('',(0.,0.,1.));
#2392 = DIRECTION('',(1.,0.,0.));
#2393 = PCURVE('',#1223,#2394);
#2394 = DEFINITIONAL_REPRESENTATION('',(#2395),#2399);
#2395 = LINE('',#2396,#2397);
#2396 = CARTESIAN_POINT('',(0.,0.));
#2397 = VECTOR('',#2398,1.);
#2398 = DIRECTION('',(1.,0.));
#2399 = ( GEOMETRIC_REPRESENTATION_CONTEXT(2) 
PARAMETRIC_REPRESENTATION_CONTEXT() REPRESENTATION_CONTEXT('2D SPACE',''
  ) );
#2400 = PCURVE('',#1791,#2401);
#2401 = DEFINITIONAL_REPRESENTATION('',(#2402),#2406);
#2402 = CIRCLE('',#2403,70.85);
#2403 = AXIS2_PLACEMENT_2D('',#2404,#2405);
#2404 = CARTESIAN_POINT('',(0.,0.));
#2405 = DIRECTION('',(1.,0.));
#2406 = ( GEOMETRIC_REPRESENTATION_CONTEXT(2) 
PARAMETRIC_REPRESENTATION_CONTEXT() REPRESENTATION_CONTEXT('2D SPACE',''
  ) );
#2407 = ORIENTED_EDGE('',*,*,#2408,.F.);
#2408 = EDGE_CURVE('',#2409,#2385,#2411,.T.);
#2409 = VERTEX_POINT('',#2410);
#2410 = CARTESIAN_POINT('',(67.505270427954,21.511879612177,83.8));
#2411 = SURFACE_CURVE('',#2412,(#2416,#2422),.PCURVE_S1.);
#2412 = LINE('',#2413,#2414);
#2413 = CARTESIAN_POINT('',(67.505270427954,21.511879612177,83.8));
#2414 = VECTOR('',#2415,1.);
#2415 = DIRECTION('',(0.,0.,1.));
#2416 = PCURVE('',#1223,#2417);
#2417 = DEFINITIONAL_REPRESENTATION('',(#2418),#2421);
#2418 = B_SPLINE_CURVE_WITH_KNOTS('',1,(#2419,#2420),.UNSPECIFIED.,.F.,
  .F.,(2,2),(-6.000000070117E-07,6.0000006),.PIECEWISE_BEZIER_KNOTS.);
#2419 = CARTESIAN_POINT('',(0.308495685481,-4.0000006));
#2420 = CARTESIAN_POINT('',(0.308495685481,2.0000006));
#2421 = ( GEOMETRIC_REPRESENTATION_CONTEXT(2) 
PARAMETRIC_REPRESENTATION_CONTEXT() REPRESENTATION_CONTEXT('2D SPACE',''
  ) );
#2422 = PCURVE('',#2423,#2428);
#2423 = PLANE('',#2424);
#2424 = AXIS2_PLACEMENT_3D('',#2425,#2426,#2427);
#2425 = CARTESIAN_POINT('',(76.473773977244,11.489459983494,82.8));
#2426 = DIRECTION('',(0.745201576142,0.666839269176,0.));
#2427 = DIRECTION('',(0.,0.,1.));
#2428 = DEFINITIONAL_REPRESENTATION('',(#2429),#2432);
#2429 = B_SPLINE_CURVE_WITH_KNOTS('',1,(#2430,#2431),.UNSPECIFIED.,.F.,
  .F.,(2,2),(-6.000000070117E-07,6.0000006),.PIECEWISE_BEZIER_KNOTS.);
#2430 = CARTESIAN_POINT('',(0.9999994,-13.44927325646));
#2431 = CARTESIAN_POINT('',(7.0000006,-13.44927325646));
#2432 = ( GEOMETRIC_REPRESENTATION_CONTEXT(2) 
PARAMETRIC_REPRESENTATION_CONTEXT() REPRESENTATION_CONTEXT('2D SPACE',''
  ) );
#2433 = ORIENTED_EDGE('',*,*,#2434,.T.);
#2434 = EDGE_CURVE('',#2409,#2435,#2437,.T.);
#2435 = VERTEX_POINT('',#2436);
#2436 = CARTESIAN_POINT('',(28.849293367224,64.710437892289,83.8));
#2437 = SURFACE_CURVE('',#2438,(#2443,#2450),.PCURVE_S1.);
#2438 = CIRCLE('',#2439,70.85);
#2439 = AXIS2_PLACEMENT_3D('',#2440,#2441,#2442);
#2440 = CARTESIAN_POINT('',(0.,0.,83.8));
#2441 = DIRECTION('',(0.,0.,1.));
#2442 = DIRECTION('',(1.,0.,0.));
#2443 = PCURVE('',#1223,#2444);
#2444 = DEFINITIONAL_REPRESENTATION('',(#2445),#2449);
#2445 = LINE('',#2446,#2447);
#2446 = CARTESIAN_POINT('',(0.,-4.));
#2447 = VECTOR('',#2448,1.);
#2448 = DIRECTION('',(1.,0.));
#2449 = ( GEOMETRIC_REPRESENTATION_CONTEXT(2) 
PARAMETRIC_REPRESENTATION_CONTEXT() REPRESENTATION_CONTEXT('2D SPACE',''
  ) );
#2450 = PCURVE('',#2451,#2456);
#2451 = PLANE('',#2452);
#2452 = AXIS2_PLACEMENT_3D('',#2453,#2454,#2455);
#2453 = CARTESIAN_POINT('',(0.,0.,83.8));
#2454 = DIRECTION('',(0.,0.,1.));
#2455 = DIRECTION('',(1.,0.,0.));
#2456 = DEFINITIONAL_REPRESENTATION('',(#2457),#2461);
#2457 = CIRCLE('',#2458,70.85);
#2458 = AXIS2_PLACEMENT_2D('',#2459,#2460);
#2459 = CARTESIAN_POINT('',(0.,0.));
#2460 = DIRECTION('',(1.,0.));
#2461 = ( GEOMETRIC_REPRESENTATION_CONTEXT(2) 
PARAMETRIC_REPRESENTATION_CONTEXT() REPRESENTATION_CONTEXT('2D SPACE',''
  ) );
#2462 = ORIENTED_EDGE('',*,*,#2463,.T.);
#2463 = EDGE_CURVE('',#2435,#2464,#2466,.T.);
#2464 = VERTEX_POINT('',#2465);
#2465 = CARTESIAN_POINT('',(28.849293367223,64.71043789229,87.8));
#2466 = SURFACE_CURVE('',#2467,(#2471,#2477),.PCURVE_S1.);
#2467 = LINE('',#2468,#2469);
#2468 = CARTESIAN_POINT('',(28.849293367224,64.710437892289,83.8));
#2469 = VECTOR('',#2470,1.);
#2470 = DIRECTION('',(0.,0.,1.));
#2471 = PCURVE('',#1223,#2472);
#2472 = DEFINITIONAL_REPRESENTATION('',(#2473),#2476);
#2473 = B_SPLINE_CURVE_WITH_KNOTS('',1,(#2474,#2475),.UNSPECIFIED.,.F.,
  .F.,(2,2),(-6.000000070117E-07,6.0000006),.PIECEWISE_BEZIER_KNOTS.);
#2474 = CARTESIAN_POINT('',(1.151422816084,-4.0000006));
#2475 = CARTESIAN_POINT('',(1.151422816084,2.0000006));
#2476 = ( GEOMETRIC_REPRESENTATION_CONTEXT(2) 
PARAMETRIC_REPRESENTATION_CONTEXT() REPRESENTATION_CONTEXT('2D SPACE',''
  ) );
#2477 = PCURVE('',#2478,#2483);
#2478 = PLANE('',#2479);
#2479 = AXIS2_PLACEMENT_3D('',#2480,#2481,#2482);
#2480 = CARTESIAN_POINT('',(76.473773977244,11.489459983494,82.8));
#2481 = DIRECTION('',(0.745201576142,0.666839269176,0.));
#2482 = DIRECTION('',(0.,0.,1.));
#2483 = DEFINITIONAL_REPRESENTATION('',(#2484),#2487);
#2484 = B_SPLINE_CURVE_WITH_KNOTS('',1,(#2485,#2486),.UNSPECIFIED.,.F.,
  .F.,(2,2),(-6.000000070117E-07,6.0000006),.PIECEWISE_BEZIER_KNOTS.);
#2485 = CARTESIAN_POINT('',(0.9999994,-71.41823046633));
#2486 = CARTESIAN_POINT('',(7.0000006,-71.41823046633));
#2487 = ( GEOMETRIC_REPRESENTATION_CONTEXT(2) 
PARAMETRIC_REPRESENTATION_CONTEXT() REPRESENTATION_CONTEXT('2D SPACE',''
  ) );
#2488 = ORIENTED_EDGE('',*,*,#2489,.T.);
#2489 = EDGE_CURVE('',#2464,#2317,#2490,.T.);
#2490 = SURFACE_CURVE('',#2491,(#2496,#2503),.PCURVE_S1.);
#2491 = CIRCLE('',#2492,70.85);
#2492 = AXIS2_PLACEMENT_3D('',#2493,#2494,#2495);
#2493 = CARTESIAN_POINT('',(0.,0.,87.8));
#2494 = DIRECTION('',(0.,0.,1.));
#2495 = DIRECTION('',(1.,0.,0.));
#2496 = PCURVE('',#1223,#2497);
#2497 = DEFINITIONAL_REPRESENTATION('',(#2498),#2502);
#2498 = LINE('',#2499,#2500);
#2499 = CARTESIAN_POINT('',(0.,0.));
#2500 = VECTOR('',#2501,1.);
#2501 = DIRECTION('',(1.,0.));
#2502 = ( GEOMETRIC_REPRESENTATION_CONTEXT(2) 
PARAMETRIC_REPRESENTATION_CONTEXT() REPRESENTATION_CONTEXT('2D SPACE',''
  ) );
#2503 = PCURVE('',#1791,#2504);
#2504 = DEFINITIONAL_REPRESENTATION('',(#2505),#2509);
#2505 = CIRCLE('',#2506,70.85);
#2506 = AXIS2_PLACEMENT_2D('',#2507,#2508);
#2507 = CARTESIAN_POINT('',(0.,0.));
#2508 = DIRECTION('',(1.,0.));
#2509 = ( GEOMETRIC_REPRESENTATION_CONTEXT(2) 
PARAMETRIC_REPRESENTATION_CONTEXT() REPRESENTATION_CONTEXT('2D SPACE',''
  ) );
#2510 = ORIENTED_EDGE('',*,*,#2316,.T.);
#2511 = ADVANCED_FACE('',(#2512),#1195,.F.);
#2512 = FACE_BOUND('',#2513,.F.);
#2513 = EDGE_LOOP('',(#2514,#2536,#2557,#2558));
#2514 = ORIENTED_EDGE('',*,*,#2515,.T.);
#2515 = EDGE_CURVE('',#2364,#2516,#2518,.T.);
#2516 = VERTEX_POINT('',#2517);
#2517 = CARTESIAN_POINT('',(50.797167822207,-3.155377347926,87.8));
#2518 = SURFACE_CURVE('',#2519,(#2523,#2529),.PCURVE_S1.);
#2519 = LINE('',#2520,#2521);
#2520 = CARTESIAN_POINT('',(37.476689648667,-15.07512928444,87.8));
#2521 = VECTOR('',#2522,1.);
#2522 = DIRECTION('',(-0.745201576142,-0.666839269176,0.));
#2523 = PCURVE('',#1195,#2524);
#2524 = DEFINITIONAL_REPRESENTATION('',(#2525),#2528);
#2525 = B_SPLINE_CURVE_WITH_KNOTS('',1,(#2526,#2527),.UNSPECIFIED.,.F.,
  .F.,(2,2),(-44.78427236306,-17.875),.PIECEWISE_BEZIER_KNOTS.);
#2526 = CARTESIAN_POINT('',(1.,26.909272363063));
#2527 = CARTESIAN_POINT('',(1.,0.));
#2528 = ( GEOMETRIC_REPRESENTATION_CONTEXT(2) 
PARAMETRIC_REPRESENTATION_CONTEXT() REPRESENTATION_CONTEXT('2D SPACE',''
  ) );
#2529 = PCURVE('',#1791,#2530);
#2530 = DEFINITIONAL_REPRESENTATION('',(#2531),#2535);
#2531 = LINE('',#2532,#2533);
#2532 = CARTESIAN_POINT('',(37.476689648667,-15.07512928444));
#2533 = VECTOR('',#2534,1.);
#2534 = DIRECTION('',(-0.745201576142,-0.666839269176));
#2535 = ( GEOMETRIC_REPRESENTATION_CONTEXT(2) 
PARAMETRIC_REPRESENTATION_CONTEXT() REPRESENTATION_CONTEXT('2D SPACE',''
  ) );
#2536 = ORIENTED_EDGE('',*,*,#2537,.T.);
#2537 = EDGE_CURVE('',#2516,#1152,#2538,.T.);
#2538 = SURFACE_CURVE('',#2539,(#2543,#2550),.PCURVE_S1.);
#2539 = LINE('',#2540,#2541);
#2540 = CARTESIAN_POINT('',(50.797167822207,-3.155377347926,86.8));
#2541 = VECTOR('',#2542,1.);
#2542 = DIRECTION('',(0.,0.,1.));
#2543 = PCURVE('',#1195,#2544);
#2544 = DEFINITIONAL_REPRESENTATION('',(#2545),#2549);
#2545 = LINE('',#2546,#2547);
#2546 = CARTESIAN_POINT('',(0.,0.));
#2547 = VECTOR('',#2548,1.);
#2548 = DIRECTION('',(1.,0.));
#2549 = ( GEOMETRIC_REPRESENTATION_CONTEXT(2) 
PARAMETRIC_REPRESENTATION_CONTEXT() REPRESENTATION_CONTEXT('2D SPACE',''
  ) );
#2550 = PCURVE('',#1167,#2551);
#2551 = DEFINITIONAL_REPRESENTATION('',(#2552),#2556);
#2552 = LINE('',#2553,#2554);
#2553 = CARTESIAN_POINT('',(1.,11.100084655923));
#2554 = VECTOR('',#2555,1.);
#2555 = DIRECTION('',(1.,0.));
#2556 = ( GEOMETRIC_REPRESENTATION_CONTEXT(2) 
PARAMETRIC_REPRESENTATION_CONTEXT() REPRESENTATION_CONTEXT('2D SPACE',''
  ) );
#2557 = ORIENTED_EDGE('',*,*,#1179,.F.);
#2558 = ORIENTED_EDGE('',*,*,#2363,.F.);
#2559 = ADVANCED_FACE('',(#2560),#1167,.F.);
#2560 = FACE_BOUND('',#2561,.F.);
#2561 = EDGE_LOOP('',(#2562,#2563,#2564,#2587,#2609,#2629));
#2562 = ORIENTED_EDGE('',*,*,#1151,.T.);
#2563 = ORIENTED_EDGE('',*,*,#2537,.F.);
#2564 = ORIENTED_EDGE('',*,*,#2565,.T.);
#2565 = EDGE_CURVE('',#2516,#2566,#2568,.T.);
#2566 = VERTEX_POINT('',#2567);
#2567 = CARTESIAN_POINT('',(41.27712890217,7.483390247318,87.8));
#2568 = SURFACE_CURVE('',#2569,(#2573,#2580),.PCURVE_S1.);
#2569 = LINE('',#2570,#2571);
#2570 = CARTESIAN_POINT('',(38.719062084644,10.34206326256,87.8));
#2571 = VECTOR('',#2572,1.);
#2572 = DIRECTION('',(-0.666839269176,0.745201576142,0.));
#2573 = PCURVE('',#1167,#2574);
#2574 = DEFINITIONAL_REPRESENTATION('',(#2575),#2579);
#2575 = LINE('',#2576,#2577);
#2576 = CARTESIAN_POINT('',(2.,-7.012384563963));
#2577 = VECTOR('',#2578,1.);
#2578 = DIRECTION('',(0.,-1.));
#2579 = ( GEOMETRIC_REPRESENTATION_CONTEXT(2) 
PARAMETRIC_REPRESENTATION_CONTEXT() REPRESENTATION_CONTEXT('2D SPACE',''
  ) );
#2580 = PCURVE('',#1791,#2581);
#2581 = DEFINITIONAL_REPRESENTATION('',(#2582),#2586);
#2582 = LINE('',#2583,#2584);
#2583 = CARTESIAN_POINT('',(38.719062084644,10.34206326256));
#2584 = VECTOR('',#2585,1.);
#2585 = DIRECTION('',(-0.666839269176,0.745201576142));
#2586 = ( GEOMETRIC_REPRESENTATION_CONTEXT(2) 
PARAMETRIC_REPRESENTATION_CONTEXT() REPRESENTATION_CONTEXT('2D SPACE',''
  ) );
#2587 = ORIENTED_EDGE('',*,*,#2588,.F.);
#2588 = EDGE_CURVE('',#2589,#2566,#2591,.T.);
#2589 = VERTEX_POINT('',#2590);
#2590 = CARTESIAN_POINT('',(41.27712890217,7.483390247318,86.8));
#2591 = SURFACE_CURVE('',#2592,(#2596,#2603),.PCURVE_S1.);
#2592 = LINE('',#2593,#2594);
#2593 = CARTESIAN_POINT('',(41.27712890217,7.483390247318,86.8));
#2594 = VECTOR('',#2595,1.);
#2595 = DIRECTION('',(0.,0.,1.));
#2596 = PCURVE('',#1167,#2597);
#2597 = DEFINITIONAL_REPRESENTATION('',(#2598),#2602);
#2598 = LINE('',#2599,#2600);
#2599 = CARTESIAN_POINT('',(1.,-3.176277520228));
#2600 = VECTOR('',#2601,1.);
#2601 = DIRECTION('',(1.,0.));
#2602 = ( GEOMETRIC_REPRESENTATION_CONTEXT(2) 
PARAMETRIC_REPRESENTATION_CONTEXT() REPRESENTATION_CONTEXT('2D SPACE',''
  ) );
#2603 = PCURVE('',#1766,#2604);
#2604 = DEFINITIONAL_REPRESENTATION('',(#2605),#2608);
#2605 = B_SPLINE_CURVE_WITH_KNOTS('',1,(#2606,#2607),.UNSPECIFIED.,.F.,
  .F.,(2,2),(-6.000000070117E-07,3.0000006),.PIECEWISE_BEZIER_KNOTS.);
#2606 = CARTESIAN_POINT('',(0.179348260166,-6.000000070117E-07));
#2607 = CARTESIAN_POINT('',(0.179348260166,3.0000006));
#2608 = ( GEOMETRIC_REPRESENTATION_CONTEXT(2) 
PARAMETRIC_REPRESENTATION_CONTEXT() REPRESENTATION_CONTEXT('2D SPACE',''
  ) );
#2609 = ORIENTED_EDGE('',*,*,#2610,.T.);
#2610 = EDGE_CURVE('',#2589,#1629,#2611,.T.);
#2611 = SURFACE_CURVE('',#2612,(#2616,#2623),.PCURVE_S1.);
#2612 = LINE('',#2613,#2614);
#2613 = CARTESIAN_POINT('',(35.01807591477,14.477963553012,86.8));
#2614 = VECTOR('',#2615,1.);
#2615 = DIRECTION('',(-0.666839269176,0.745201576142,0.));
#2616 = PCURVE('',#1167,#2617);
#2617 = DEFINITIONAL_REPRESENTATION('',(#2618),#2622);
#2618 = LINE('',#2619,#2620);
#2619 = CARTESIAN_POINT('',(1.,-12.56242689192));
#2620 = VECTOR('',#2621,1.);
#2621 = DIRECTION('',(0.,-1.));
#2622 = ( GEOMETRIC_REPRESENTATION_CONTEXT(2) 
PARAMETRIC_REPRESENTATION_CONTEXT() REPRESENTATION_CONTEXT('2D SPACE',''
  ) );
#2623 = PCURVE('',#1668,#2624);
#2624 = DEFINITIONAL_REPRESENTATION('',(#2625),#2628);
#2625 = B_SPLINE_CURVE_WITH_KNOTS('',1,(#2626,#2627),.UNSPECIFIED.,.F.,
  .F.,(2,2),(-10.39519477278,36.865242005001),.PIECEWISE_BEZIER_KNOTS.);
#2626 = CARTESIAN_POINT('',(41.95,6.731448024025));
#2627 = CARTESIAN_POINT('',(10.434884878156,41.95));
#2628 = ( GEOMETRIC_REPRESENTATION_CONTEXT(2) 
PARAMETRIC_REPRESENTATION_CONTEXT() REPRESENTATION_CONTEXT('2D SPACE',''
  ) );
#2629 = ORIENTED_EDGE('',*,*,#1628,.F.);
#2630 = ADVANCED_FACE('',(#2631),#1668,.F.);
#2631 = FACE_BOUND('',#2632,.F.);
#2632 = EDGE_LOOP('',(#2633,#2634,#2656,#2657));
#2633 = ORIENTED_EDGE('',*,*,#2610,.F.);
#2634 = ORIENTED_EDGE('',*,*,#2635,.T.);
#2635 = EDGE_CURVE('',#2589,#1729,#2636,.T.);
#2636 = SURFACE_CURVE('',#2637,(#2642,#2649),.PCURVE_S1.);
#2637 = CIRCLE('',#2638,41.95);
#2638 = AXIS2_PLACEMENT_3D('',#2639,#2640,#2641);
#2639 = CARTESIAN_POINT('',(0.,0.,86.8));
#2640 = DIRECTION('',(0.,0.,1.));
#2641 = DIRECTION('',(1.,0.,0.));
#2642 = PCURVE('',#1668,#2643);
#2643 = DEFINITIONAL_REPRESENTATION('',(#2644),#2648);
#2644 = CIRCLE('',#2645,41.95);
#2645 = AXIS2_PLACEMENT_2D('',#2646,#2647);
#2646 = CARTESIAN_POINT('',(0.,0.));
#2647 = DIRECTION('',(1.,0.));
#2648 = ( GEOMETRIC_REPRESENTATION_CONTEXT(2) 
PARAMETRIC_REPRESENTATION_CONTEXT() REPRESENTATION_CONTEXT('2D SPACE',''
  ) );
#2649 = PCURVE('',#1766,#2650);
#2650 = DEFINITIONAL_REPRESENTATION('',(#2651),#2655);
#2651 = LINE('',#2652,#2653);
#2652 = CARTESIAN_POINT('',(0.,0.));
#2653 = VECTOR('',#2654,1.);
#2654 = DIRECTION('',(1.,0.));
#2655 = ( GEOMETRIC_REPRESENTATION_CONTEXT(2) 
PARAMETRIC_REPRESENTATION_CONTEXT() REPRESENTATION_CONTEXT('2D SPACE',''
  ) );
#2656 = ORIENTED_EDGE('',*,*,#1728,.F.);
#2657 = ORIENTED_EDGE('',*,*,#1651,.F.);
#2658 = ADVANCED_FACE('',(#2659,#3107,#3223,#3338),#1791,.F.);
#2659 = FACE_BOUND('',#2660,.F.);
#2660 = EDGE_LOOP('',(#2661,#2662,#2663,#2685,#2714,#2734,#2735,#2736,
    #2737,#2738,#2760,#2789,#2809,#2810,#2811,#2833,#2857,#2884,#2913,
    #2940,#2964,#2986,#3009,#3038,#3059,#3060,#3082,#3083,#3084,#3106));
#2661 = ORIENTED_EDGE('',*,*,#2515,.F.);
#2662 = ORIENTED_EDGE('',*,*,#2384,.T.);
#2663 = ORIENTED_EDGE('',*,*,#2664,.F.);
#2664 = EDGE_CURVE('',#2665,#2385,#2667,.T.);
#2665 = VERTEX_POINT('',#2666);
#2666 = CARTESIAN_POINT('',(65.45729929427,23.800514051178,87.8));
#2667 = SURFACE_CURVE('',#2668,(#2672,#2679),.PCURVE_S1.);
#2668 = LINE('',#2669,#2670);
#2669 = CARTESIAN_POINT('',(62.325527937416,27.300309367864,87.8));
#2670 = VECTOR('',#2671,1.);
#2671 = DIRECTION('',(0.666839269176,-0.745201576142,0.));
#2672 = PCURVE('',#1791,#2673);
#2673 = DEFINITIONAL_REPRESENTATION('',(#2674),#2678);
#2674 = LINE('',#2675,#2676);
#2675 = CARTESIAN_POINT('',(62.325527937416,27.300309367864));
#2676 = VECTOR('',#2677,1.);
#2677 = DIRECTION('',(0.666839269176,-0.745201576142));
#2678 = ( GEOMETRIC_REPRESENTATION_CONTEXT(2) 
PARAMETRIC_REPRESENTATION_CONTEXT() REPRESENTATION_CONTEXT('2D SPACE',''
  ) );
#2679 = PCURVE('',#2423,#2680);
#2680 = DEFINITIONAL_REPRESENTATION('',(#2681),#2684);
#2681 = B_SPLINE_CURVE_WITH_KNOTS('',1,(#2682,#2683),.UNSPECIFIED.,.F.,
  .F.,(2,2),(4.696441109,7.767602674236),.PIECEWISE_BEZIER_KNOTS.);
#2682 = CARTESIAN_POINT('',(5.,-16.5204348217));
#2683 = CARTESIAN_POINT('',(5.,-13.44927325646));
#2684 = ( GEOMETRIC_REPRESENTATION_CONTEXT(2) 
PARAMETRIC_REPRESENTATION_CONTEXT() REPRESENTATION_CONTEXT('2D SPACE',''
  ) );
#2685 = ORIENTED_EDGE('',*,*,#2686,.T.);
#2686 = EDGE_CURVE('',#2665,#2687,#2689,.T.);
#2687 = VERTEX_POINT('',#2688);
#2688 = CARTESIAN_POINT('',(30.897264500908,62.421803453288,87.8));
#2689 = SURFACE_CURVE('',#2690,(#2695,#2702),.PCURVE_S1.);
#2690 = CIRCLE('',#2691,69.65);
#2691 = AXIS2_PLACEMENT_3D('',#2692,#2693,#2694);
#2692 = CARTESIAN_POINT('',(0.,0.,87.8));
#2693 = DIRECTION('',(0.,0.,1.));
#2694 = DIRECTION('',(1.,0.,-0.));
#2695 = PCURVE('',#1791,#2696);
#2696 = DEFINITIONAL_REPRESENTATION('',(#2697),#2701);
#2697 = CIRCLE('',#2698,69.65);
#2698 = AXIS2_PLACEMENT_2D('',#2699,#2700);
#2699 = CARTESIAN_POINT('',(0.,0.));
#2700 = DIRECTION('',(1.,0.));
#2701 = ( GEOMETRIC_REPRESENTATION_CONTEXT(2) 
PARAMETRIC_REPRESENTATION_CONTEXT() REPRESENTATION_CONTEXT('2D SPACE',''
  ) );
#2702 = PCURVE('',#2703,#2708);
#2703 = CYLINDRICAL_SURFACE('',#2704,69.65);
#2704 = AXIS2_PLACEMENT_3D('',#2705,#2706,#2707);
#2705 = CARTESIAN_POINT('',(0.,0.,82.8));
#2706 = DIRECTION('',(0.,0.,1.));
#2707 = DIRECTION('',(1.,0.,0.));
#2708 = DEFINITIONAL_REPRESENTATION('',(#2709),#2713);
#2709 = LINE('',#2710,#2711);
#2710 = CARTESIAN_POINT('',(0.,5.));
#2711 = VECTOR('',#2712,1.);
#2712 = DIRECTION('',(1.,0.));
#2713 = ( GEOMETRIC_REPRESENTATION_CONTEXT(2) 
PARAMETRIC_REPRESENTATION_CONTEXT() REPRESENTATION_CONTEXT('2D SPACE',''
  ) );
#2714 = ORIENTED_EDGE('',*,*,#2715,.F.);
#2715 = EDGE_CURVE('',#2464,#2687,#2716,.T.);
#2716 = SURFACE_CURVE('',#2717,(#2721,#2728),.PCURVE_S1.);
#2717 = LINE('',#2718,#2719);
#2718 = CARTESIAN_POINT('',(62.325527937416,27.300309367864,87.8));
#2719 = VECTOR('',#2720,1.);
#2720 = DIRECTION('',(0.666839269176,-0.745201576142,0.));
#2721 = PCURVE('',#1791,#2722);
#2722 = DEFINITIONAL_REPRESENTATION('',(#2723),#2727);
#2723 = LINE('',#2724,#2725);
#2724 = CARTESIAN_POINT('',(62.325527937416,27.300309367864));
#2725 = VECTOR('',#2726,1.);
#2726 = DIRECTION('',(0.666839269176,-0.745201576142));
#2727 = ( GEOMETRIC_REPRESENTATION_CONTEXT(2) 
PARAMETRIC_REPRESENTATION_CONTEXT() REPRESENTATION_CONTEXT('2D SPACE',''
  ) );
#2728 = PCURVE('',#2478,#2729);
#2729 = DEFINITIONAL_REPRESENTATION('',(#2730),#2733);
#2730 = B_SPLINE_CURVE_WITH_KNOTS('',1,(#2731,#2732),.UNSPECIFIED.,.F.,
  .F.,(2,2),(-50.20135453563,-47.1301929704),.PIECEWISE_BEZIER_KNOTS.);
#2731 = CARTESIAN_POINT('',(5.,-71.41823046633));
#2732 = CARTESIAN_POINT('',(5.,-68.34706890109));
#2733 = ( GEOMETRIC_REPRESENTATION_CONTEXT(2) 
PARAMETRIC_REPRESENTATION_CONTEXT() REPRESENTATION_CONTEXT('2D SPACE',''
  ) );
#2734 = ORIENTED_EDGE('',*,*,#2489,.T.);
#2735 = ORIENTED_EDGE('',*,*,#2337,.T.);
#2736 = ORIENTED_EDGE('',*,*,#2271,.F.);
#2737 = ORIENTED_EDGE('',*,*,#2139,.T.);
#2738 = ORIENTED_EDGE('',*,*,#2739,.F.);
#2739 = EDGE_CURVE('',#2740,#2140,#2742,.T.);
#2740 = VERTEX_POINT('',#2741);
#2741 = CARTESIAN_POINT('',(-0.691030489517,69.646571895985,87.8));
#2742 = SURFACE_CURVE('',#2743,(#2747,#2754),.PCURVE_S1.);
#2743 = LINE('',#2744,#2745);
#2744 = CARTESIAN_POINT('',(-5.032775311528,67.856094029368,87.8));
#2745 = VECTOR('',#2746,1.);
#2746 = DIRECTION('',(0.924475516938,0.381241417716,-0.));
#2747 = PCURVE('',#1791,#2748);
#2748 = DEFINITIONAL_REPRESENTATION('',(#2749),#2753);
#2749 = LINE('',#2750,#2751);
#2750 = CARTESIAN_POINT('',(-5.032775311528,67.856094029368));
#2751 = VECTOR('',#2752,1.);
#2752 = DIRECTION('',(0.924475516938,0.381241417716));
#2753 = ( GEOMETRIC_REPRESENTATION_CONTEXT(2) 
PARAMETRIC_REPRESENTATION_CONTEXT() REPRESENTATION_CONTEXT('2D SPACE',''
  ) );
#2754 = PCURVE('',#2178,#2755);
#2755 = DEFINITIONAL_REPRESENTATION('',(#2756),#2759);
#2756 = B_SPLINE_CURVE_WITH_KNOTS('',1,(#2757,#2758),.UNSPECIFIED.,.F.,
  .F.,(2,2),(4.696441109,7.767602674236),.PIECEWISE_BEZIER_KNOTS.);
#2757 = CARTESIAN_POINT('',(5.,-16.5204348217));
#2758 = CARTESIAN_POINT('',(5.,-13.44927325646));
#2759 = ( GEOMETRIC_REPRESENTATION_CONTEXT(2) 
PARAMETRIC_REPRESENTATION_CONTEXT() REPRESENTATION_CONTEXT('2D SPACE',''
  ) );
#2760 = ORIENTED_EDGE('',*,*,#2761,.T.);
#2761 = EDGE_CURVE('',#2740,#2762,#2764,.T.);
#2762 = VERTEX_POINT('',#2763);
#2763 = CARTESIAN_POINT('',(-48.60348482122,49.888112444082,87.8));
#2764 = SURFACE_CURVE('',#2765,(#2770,#2777),.PCURVE_S1.);
#2765 = CIRCLE('',#2766,69.65);
#2766 = AXIS2_PLACEMENT_3D('',#2767,#2768,#2769);
#2767 = CARTESIAN_POINT('',(0.,0.,87.8));
#2768 = DIRECTION('',(0.,0.,1.));
#2769 = DIRECTION('',(1.,0.,-0.));
#2770 = PCURVE('',#1791,#2771);
#2771 = DEFINITIONAL_REPRESENTATION('',(#2772),#2776);
#2772 = CIRCLE('',#2773,69.65);
#2773 = AXIS2_PLACEMENT_2D('',#2774,#2775);
#2774 = CARTESIAN_POINT('',(0.,0.));
#2775 = DIRECTION('',(1.,0.));
#2776 = ( GEOMETRIC_REPRESENTATION_CONTEXT(2) 
PARAMETRIC_REPRESENTATION_CONTEXT() REPRESENTATION_CONTEXT('2D SPACE',''
  ) );
#2777 = PCURVE('',#2778,#2783);
#2778 = CYLINDRICAL_SURFACE('',#2779,69.65);
#2779 = AXIS2_PLACEMENT_3D('',#2780,#2781,#2782);
#2780 = CARTESIAN_POINT('',(0.,0.,82.8));
#2781 = DIRECTION('',(0.,0.,1.));
#2782 = DIRECTION('',(1.,0.,0.));
#2783 = DEFINITIONAL_REPRESENTATION('',(#2784),#2788);
#2784 = LINE('',#2785,#2786);
#2785 = CARTESIAN_POINT('',(0.,5.));
#2786 = VECTOR('',#2787,1.);
#2787 = DIRECTION('',(1.,0.));
#2788 = ( GEOMETRIC_REPRESENTATION_CONTEXT(2) 
PARAMETRIC_REPRESENTATION_CONTEXT() REPRESENTATION_CONTEXT('2D SPACE',''
  ) );
#2789 = ORIENTED_EDGE('',*,*,#2790,.F.);
#2790 = EDGE_CURVE('',#2219,#2762,#2791,.T.);
#2791 = SURFACE_CURVE('',#2792,(#2796,#2803),.PCURVE_S1.);
#2792 = LINE('',#2793,#2794);
#2793 = CARTESIAN_POINT('',(-5.032775311528,67.856094029368,87.8));
#2794 = VECTOR('',#2795,1.);
#2795 = DIRECTION('',(0.924475516938,0.381241417716,-0.));
#2796 = PCURVE('',#1791,#2797);
#2797 = DEFINITIONAL_REPRESENTATION('',(#2798),#2802);
#2798 = LINE('',#2799,#2800);
#2799 = CARTESIAN_POINT('',(-5.032775311528,67.856094029368));
#2800 = VECTOR('',#2801,1.);
#2801 = DIRECTION('',(0.924475516938,0.381241417716));
#2802 = ( GEOMETRIC_REPRESENTATION_CONTEXT(2) 
PARAMETRIC_REPRESENTATION_CONTEXT() REPRESENTATION_CONTEXT('2D SPACE',''
  ) );
#2803 = PCURVE('',#2233,#2804);
#2804 = DEFINITIONAL_REPRESENTATION('',(#2805),#2808);
#2805 = B_SPLINE_CURVE_WITH_KNOTS('',1,(#2806,#2807),.UNSPECIFIED.,.F.,
  .F.,(2,2),(-50.20135453563,-47.1301929704),.PIECEWISE_BEZIER_KNOTS.);
#2806 = CARTESIAN_POINT('',(5.,-71.41823046633));
#2807 = CARTESIAN_POINT('',(5.,-68.34706890109));
#2808 = ( GEOMETRIC_REPRESENTATION_CONTEXT(2) 
PARAMETRIC_REPRESENTATION_CONTEXT() REPRESENTATION_CONTEXT('2D SPACE',''
  ) );
#2809 = ORIENTED_EDGE('',*,*,#2244,.T.);
#2810 = ORIENTED_EDGE('',*,*,#2072,.T.);
#2811 = ORIENTED_EDGE('',*,*,#2812,.F.);
#2812 = EDGE_CURVE('',#2813,#2073,#2815,.T.);
#2813 = VERTEX_POINT('',#2814);
#2814 = CARTESIAN_POINT('',(-62.70009718886,32.991215687006,87.8));
#2815 = SURFACE_CURVE('',#2816,(#2820,#2827),.PCURVE_S1.);
#2816 = LINE('',#2817,#2818);
#2817 = CARTESIAN_POINT('',(-19.74490343212,35.240609790716,87.8));
#2818 = VECTOR('',#2819,1.);
#2819 = DIRECTION('',(0.998631711515,5.229440463894E-02,-0.));
#2820 = PCURVE('',#1791,#2821);
#2821 = DEFINITIONAL_REPRESENTATION('',(#2822),#2826);
#2822 = LINE('',#2823,#2824);
#2823 = CARTESIAN_POINT('',(-19.74490343212,35.240609790716));
#2824 = VECTOR('',#2825,1.);
#2825 = DIRECTION('',(0.998631711515,5.229440463894E-02));
#2826 = ( GEOMETRIC_REPRESENTATION_CONTEXT(2) 
PARAMETRIC_REPRESENTATION_CONTEXT() REPRESENTATION_CONTEXT('2D SPACE',''
  ) );
#2827 = PCURVE('',#1361,#2828);
#2828 = DEFINITIONAL_REPRESENTATION('',(#2829),#2832);
#2829 = B_SPLINE_CURVE_WITH_KNOTS('',1,(#2830,#2831),.UNSPECIFIED.,.F.,
  .F.,(2,2),(-51.17511889377,-17.875),.PIECEWISE_BEZIER_KNOTS.);
#2830 = CARTESIAN_POINT('',(1.,33.300118893777));
#2831 = CARTESIAN_POINT('',(1.,0.));
#2832 = ( GEOMETRIC_REPRESENTATION_CONTEXT(2) 
PARAMETRIC_REPRESENTATION_CONTEXT() REPRESENTATION_CONTEXT('2D SPACE',''
  ) );
#2833 = ORIENTED_EDGE('',*,*,#2834,.T.);
#2834 = EDGE_CURVE('',#2813,#2835,#2837,.T.);
#2835 = VERTEX_POINT('',#2836);
#2836 = CARTESIAN_POINT('',(-66.07726620186,25.563986216712,87.8));
#2837 = SURFACE_CURVE('',#2838,(#2843,#2850),.PCURVE_S1.);
#2838 = CIRCLE('',#2839,70.85);
#2839 = AXIS2_PLACEMENT_3D('',#2840,#2841,#2842);
#2840 = CARTESIAN_POINT('',(0.,0.,87.8));
#2841 = DIRECTION('',(0.,0.,1.));
#2842 = DIRECTION('',(1.,0.,0.));
#2843 = PCURVE('',#1791,#2844);
#2844 = DEFINITIONAL_REPRESENTATION('',(#2845),#2849);
#2845 = CIRCLE('',#2846,70.85);
#2846 = AXIS2_PLACEMENT_2D('',#2847,#2848);
#2847 = CARTESIAN_POINT('',(0.,0.));
#2848 = DIRECTION('',(1.,0.));
#2849 = ( GEOMETRIC_REPRESENTATION_CONTEXT(2) 
PARAMETRIC_REPRESENTATION_CONTEXT() REPRESENTATION_CONTEXT('2D SPACE',''
  ) );
#2850 = PCURVE('',#1389,#2851);
#2851 = DEFINITIONAL_REPRESENTATION('',(#2852),#2856);
#2852 = LINE('',#2853,#2854);
#2853 = CARTESIAN_POINT('',(0.,0.));
#2854 = VECTOR('',#2855,1.);
#2855 = DIRECTION('',(1.,0.));
#2856 = ( GEOMETRIC_REPRESENTATION_CONTEXT(2) 
PARAMETRIC_REPRESENTATION_CONTEXT() REPRESENTATION_CONTEXT('2D SPACE',''
  ) );
#2857 = ORIENTED_EDGE('',*,*,#2858,.F.);
#2858 = EDGE_CURVE('',#2859,#2835,#2861,.T.);
#2859 = VERTEX_POINT('',#2860);
#2860 = CARTESIAN_POINT('',(-65.91666163625,22.49702688648,87.8));
#2861 = SURFACE_CURVE('',#2862,(#2866,#2873),.PCURVE_S1.);
#2862 = LINE('',#2863,#2864);
#2863 = CARTESIAN_POINT('',(-65.67106404454,17.80701186377,87.8));
#2864 = VECTOR('',#2865,1.);
#2865 = DIRECTION('',(-5.229440463894E-02,0.998631711515,0.));
#2866 = PCURVE('',#1791,#2867);
#2867 = DEFINITIONAL_REPRESENTATION('',(#2868),#2872);
#2868 = LINE('',#2869,#2870);
#2869 = CARTESIAN_POINT('',(-65.67106404454,17.80701186377));
#2870 = VECTOR('',#2871,1.);
#2871 = DIRECTION('',(-5.229440463894E-02,0.998631711515));
#2872 = ( GEOMETRIC_REPRESENTATION_CONTEXT(2) 
PARAMETRIC_REPRESENTATION_CONTEXT() REPRESENTATION_CONTEXT('2D SPACE',''
  ) );
#2873 = PCURVE('',#2874,#2879);
#2874 = PLANE('',#2875);
#2875 = AXIS2_PLACEMENT_3D('',#2876,#2877,#2878);
#2876 = CARTESIAN_POINT('',(-66.78058793963,38.994856987447,82.8));
#2877 = DIRECTION('',(-0.998631711515,-5.229440463894E-02,0.));
#2878 = DIRECTION('',(0.,0.,1.));
#2879 = DEFINITIONAL_REPRESENTATION('',(#2880),#2883);
#2880 = B_SPLINE_CURVE_WITH_KNOTS('',1,(#2881,#2882),.UNSPECIFIED.,.F.,
  .F.,(2,2),(4.696441109,7.767602674236),.PIECEWISE_BEZIER_KNOTS.);
#2881 = CARTESIAN_POINT('',(5.,-16.5204348217));
#2882 = CARTESIAN_POINT('',(5.,-13.44927325646));
#2883 = ( GEOMETRIC_REPRESENTATION_CONTEXT(2) 
PARAMETRIC_REPRESENTATION_CONTEXT() REPRESENTATION_CONTEXT('2D SPACE',''
  ) );
#2884 = ORIENTED_EDGE('',*,*,#2885,.T.);
#2885 = EDGE_CURVE('',#2859,#2886,#2888,.T.);
#2886 = VERTEX_POINT('',#2887);
#2887 = CARTESIAN_POINT('',(-63.20641866263,-29.25869340629,87.8));
#2888 = SURFACE_CURVE('',#2889,(#2894,#2901),.PCURVE_S1.);
#2889 = CIRCLE('',#2890,69.65);
#2890 = AXIS2_PLACEMENT_3D('',#2891,#2892,#2893);
#2891 = CARTESIAN_POINT('',(0.,0.,87.8));
#2892 = DIRECTION('',(0.,0.,1.));
#2893 = DIRECTION('',(1.,0.,-0.));
#2894 = PCURVE('',#1791,#2895);
#2895 = DEFINITIONAL_REPRESENTATION('',(#2896),#2900);
#2896 = CIRCLE('',#2897,69.65);
#2897 = AXIS2_PLACEMENT_2D('',#2898,#2899);
#2898 = CARTESIAN_POINT('',(0.,0.));
#2899 = DIRECTION('',(1.,0.));
#2900 = ( GEOMETRIC_REPRESENTATION_CONTEXT(2) 
PARAMETRIC_REPRESENTATION_CONTEXT() REPRESENTATION_CONTEXT('2D SPACE',''
  ) );
#2901 = PCURVE('',#2902,#2907);
#2902 = CYLINDRICAL_SURFACE('',#2903,69.65);
#2903 = AXIS2_PLACEMENT_3D('',#2904,#2905,#2906);
#2904 = CARTESIAN_POINT('',(0.,0.,82.8));
#2905 = DIRECTION('',(0.,0.,1.));
#2906 = DIRECTION('',(1.,0.,0.));
#2907 = DEFINITIONAL_REPRESENTATION('',(#2908),#2912);
#2908 = LINE('',#2909,#2910);
#2909 = CARTESIAN_POINT('',(0.,5.));
#2910 = VECTOR('',#2911,1.);
#2911 = DIRECTION('',(1.,0.));
#2912 = ( GEOMETRIC_REPRESENTATION_CONTEXT(2) 
PARAMETRIC_REPRESENTATION_CONTEXT() REPRESENTATION_CONTEXT('2D SPACE',''
  ) );
#2913 = ORIENTED_EDGE('',*,*,#2914,.F.);
#2914 = EDGE_CURVE('',#2915,#2886,#2917,.T.);
#2915 = VERTEX_POINT('',#2916);
#2916 = CARTESIAN_POINT('',(-63.04581409703,-32.32565273652,87.8));
#2917 = SURFACE_CURVE('',#2918,(#2922,#2929),.PCURVE_S1.);
#2918 = LINE('',#2919,#2920);
#2919 = CARTESIAN_POINT('',(-65.67106404454,17.80701186377,87.8));
#2920 = VECTOR('',#2921,1.);
#2921 = DIRECTION('',(-5.229440463894E-02,0.998631711515,0.));
#2922 = PCURVE('',#1791,#2923);
#2923 = DEFINITIONAL_REPRESENTATION('',(#2924),#2928);
#2924 = LINE('',#2925,#2926);
#2925 = CARTESIAN_POINT('',(-65.67106404454,17.80701186377));
#2926 = VECTOR('',#2927,1.);
#2927 = DIRECTION('',(-5.229440463894E-02,0.998631711515));
#2928 = ( GEOMETRIC_REPRESENTATION_CONTEXT(2) 
PARAMETRIC_REPRESENTATION_CONTEXT() REPRESENTATION_CONTEXT('2D SPACE',''
  ) );
#2929 = PCURVE('',#2930,#2935);
#2930 = PLANE('',#2931);
#2931 = AXIS2_PLACEMENT_3D('',#2932,#2933,#2934);
#2932 = CARTESIAN_POINT('',(-66.78058793963,38.994856987447,82.8));
#2933 = DIRECTION('',(-0.998631711515,-5.229440463894E-02,0.));
#2934 = DIRECTION('',(0.,0.,1.));
#2935 = DEFINITIONAL_REPRESENTATION('',(#2936),#2939);
#2936 = B_SPLINE_CURVE_WITH_KNOTS('',1,(#2937,#2938),.UNSPECIFIED.,.F.,
  .F.,(2,2),(-50.20135453563,-47.1301929704),.PIECEWISE_BEZIER_KNOTS.);
#2937 = CARTESIAN_POINT('',(5.,-71.41823046633));
#2938 = CARTESIAN_POINT('',(5.,-68.3470689011));
#2939 = ( GEOMETRIC_REPRESENTATION_CONTEXT(2) 
PARAMETRIC_REPRESENTATION_CONTEXT() REPRESENTATION_CONTEXT('2D SPACE',''
  ) );
#2940 = ORIENTED_EDGE('',*,*,#2941,.T.);
#2941 = EDGE_CURVE('',#2915,#2942,#2944,.T.);
#2942 = VERTEX_POINT('',#2943);
#2943 = CARTESIAN_POINT('',(-58.91137401128,-39.35952886026,87.8));
#2944 = SURFACE_CURVE('',#2945,(#2950,#2957),.PCURVE_S1.);
#2945 = CIRCLE('',#2946,70.85);
#2946 = AXIS2_PLACEMENT_3D('',#2947,#2948,#2949);
#2947 = CARTESIAN_POINT('',(0.,0.,87.8));
#2948 = DIRECTION('',(0.,0.,1.));
#2949 = DIRECTION('',(1.,0.,0.));
#2950 = PCURVE('',#1791,#2951);
#2951 = DEFINITIONAL_REPRESENTATION('',(#2952),#2956);
#2952 = CIRCLE('',#2953,70.85);
#2953 = AXIS2_PLACEMENT_2D('',#2954,#2955);
#2954 = CARTESIAN_POINT('',(0.,0.));
#2955 = DIRECTION('',(1.,0.));
#2956 = ( GEOMETRIC_REPRESENTATION_CONTEXT(2) 
PARAMETRIC_REPRESENTATION_CONTEXT() REPRESENTATION_CONTEXT('2D SPACE',''
  ) );
#2957 = PCURVE('',#1389,#2958);
#2958 = DEFINITIONAL_REPRESENTATION('',(#2959),#2963);
#2959 = LINE('',#2960,#2961);
#2960 = CARTESIAN_POINT('',(0.,0.));
#2961 = VECTOR('',#2962,1.);
#2962 = DIRECTION('',(1.,0.));
#2963 = ( GEOMETRIC_REPRESENTATION_CONTEXT(2) 
PARAMETRIC_REPRESENTATION_CONTEXT() REPRESENTATION_CONTEXT('2D SPACE',''
  ) );
#2964 = ORIENTED_EDGE('',*,*,#2965,.T.);
#2965 = EDGE_CURVE('',#2942,#2966,#2968,.T.);
#2966 = VERTEX_POINT('',#2967);
#2967 = CARTESIAN_POINT('',(-33.80672209787,-38.04489723947,87.8));
#2968 = SURFACE_CURVE('',#2969,(#2973,#2980),.PCURVE_S1.);
#2969 = LINE('',#2970,#2971);
#2970 = CARTESIAN_POINT('',(-15.95618025454,-37.11013475655,87.8));
#2971 = VECTOR('',#2972,1.);
#2972 = DIRECTION('',(0.998631711515,5.229440463894E-02,-0.));
#2973 = PCURVE('',#1791,#2974);
#2974 = DEFINITIONAL_REPRESENTATION('',(#2975),#2979);
#2975 = LINE('',#2976,#2977);
#2976 = CARTESIAN_POINT('',(-15.95618025454,-37.11013475655));
#2977 = VECTOR('',#2978,1.);
#2978 = DIRECTION('',(0.998631711515,5.229440463894E-02));
#2979 = ( GEOMETRIC_REPRESENTATION_CONTEXT(2) 
PARAMETRIC_REPRESENTATION_CONTEXT() REPRESENTATION_CONTEXT('2D SPACE',''
  ) );
#2980 = PCURVE('',#1417,#2981);
#2981 = DEFINITIONAL_REPRESENTATION('',(#2982),#2985);
#2982 = B_SPLINE_CURVE_WITH_KNOTS('',1,(#2983,#2984),.UNSPECIFIED.,.F.,
  .F.,(2,2),(-54.96903324067,-17.875),.PIECEWISE_BEZIER_KNOTS.);
#2983 = CARTESIAN_POINT('',(1.,37.094033240671));
#2984 = CARTESIAN_POINT('',(1.,0.));
#2985 = ( GEOMETRIC_REPRESENTATION_CONTEXT(2) 
PARAMETRIC_REPRESENTATION_CONTEXT() REPRESENTATION_CONTEXT('2D SPACE',''
  ) );
#2986 = ORIENTED_EDGE('',*,*,#2987,.F.);
#2987 = EDGE_CURVE('',#2988,#2966,#2990,.T.);
#2988 = VERTEX_POINT('',#2989);
#2989 = CARTESIAN_POINT('',(-34.55329595828,-23.7880692453,87.8));
#2990 = SURFACE_CURVE('',#2991,(#2995,#3002),.PCURVE_S1.);
#2991 = LINE('',#2992,#2993);
#2992 = CARTESIAN_POINT('',(-36.64826448105,16.218161170976,87.8));
#2993 = VECTOR('',#2994,1.);
#2994 = DIRECTION('',(5.229440463894E-02,-0.998631711515,0.));
#2995 = PCURVE('',#1791,#2996);
#2996 = DEFINITIONAL_REPRESENTATION('',(#2997),#3001);
#2997 = LINE('',#2998,#2999);
#2998 = CARTESIAN_POINT('',(-36.64826448105,16.218161170976));
#2999 = VECTOR('',#3000,1.);
#3000 = DIRECTION('',(5.229440463894E-02,-0.998631711515));
#3001 = ( GEOMETRIC_REPRESENTATION_CONTEXT(2) 
PARAMETRIC_REPRESENTATION_CONTEXT() REPRESENTATION_CONTEXT('2D SPACE',''
  ) );
#3002 = PCURVE('',#1444,#3003);
#3003 = DEFINITIONAL_REPRESENTATION('',(#3004),#3008);
#3004 = LINE('',#3005,#3006);
#3005 = CARTESIAN_POINT('',(1.,-18.11246921988));
#3006 = VECTOR('',#3007,1.);
#3007 = DIRECTION('',(0.,-1.));
#3008 = ( GEOMETRIC_REPRESENTATION_CONTEXT(2) 
PARAMETRIC_REPRESENTATION_CONTEXT() REPRESENTATION_CONTEXT('2D SPACE',''
  ) );
#3009 = ORIENTED_EDGE('',*,*,#3010,.F.);
#3010 = EDGE_CURVE('',#3011,#2988,#3013,.T.);
#3011 = VERTEX_POINT('',#3012);
#3012 = CARTESIAN_POINT('',(-36.84887141504,20.049019313616,87.8));
#3013 = SURFACE_CURVE('',#3014,(#3019,#3026),.PCURVE_S1.);
#3014 = CIRCLE('',#3015,41.95);
#3015 = AXIS2_PLACEMENT_3D('',#3016,#3017,#3018);
#3016 = CARTESIAN_POINT('',(0.,0.,87.8));
#3017 = DIRECTION('',(0.,0.,1.));
#3018 = DIRECTION('',(1.,0.,-0.));
#3019 = PCURVE('',#1791,#3020);
#3020 = DEFINITIONAL_REPRESENTATION('',(#3021),#3025);
#3021 = CIRCLE('',#3022,41.95);
#3022 = AXIS2_PLACEMENT_2D('',#3023,#3024);
#3023 = CARTESIAN_POINT('',(0.,0.));
#3024 = DIRECTION('',(1.,0.));
#3025 = ( GEOMETRIC_REPRESENTATION_CONTEXT(2) 
PARAMETRIC_REPRESENTATION_CONTEXT() REPRESENTATION_CONTEXT('2D SPACE',''
  ) );
#3026 = PCURVE('',#3027,#3032);
#3027 = CYLINDRICAL_SURFACE('',#3028,41.95);
#3028 = AXIS2_PLACEMENT_3D('',#3029,#3030,#3031);
#3029 = CARTESIAN_POINT('',(0.,0.,86.8));
#3030 = DIRECTION('',(0.,0.,1.));
#3031 = DIRECTION('',(1.,0.,0.));
#3032 = DEFINITIONAL_REPRESENTATION('',(#3033),#3037);
#3033 = LINE('',#3034,#3035);
#3034 = CARTESIAN_POINT('',(0.,1.));
#3035 = VECTOR('',#3036,1.);
#3036 = DIRECTION('',(1.,0.));
#3037 = ( GEOMETRIC_REPRESENTATION_CONTEXT(2) 
PARAMETRIC_REPRESENTATION_CONTEXT() REPRESENTATION_CONTEXT('2D SPACE',''
  ) );
#3038 = ORIENTED_EDGE('',*,*,#3039,.F.);
#3039 = EDGE_CURVE('',#1962,#3011,#3040,.T.);
#3040 = SURFACE_CURVE('',#3041,(#3045,#3052),.PCURVE_S1.);
#3041 = LINE('',#3042,#3043);
#3042 = CARTESIAN_POINT('',(-36.64826448105,16.218161170976,87.8));
#3043 = VECTOR('',#3044,1.);
#3044 = DIRECTION('',(5.229440463894E-02,-0.998631711515,0.));
#3045 = PCURVE('',#1791,#3046);
#3046 = DEFINITIONAL_REPRESENTATION('',(#3047),#3051);
#3047 = LINE('',#3048,#3049);
#3048 = CARTESIAN_POINT('',(-36.64826448105,16.218161170976));
#3049 = VECTOR('',#3050,1.);
#3050 = DIRECTION('',(5.229440463894E-02,-0.998631711515));
#3051 = ( GEOMETRIC_REPRESENTATION_CONTEXT(2) 
PARAMETRIC_REPRESENTATION_CONTEXT() REPRESENTATION_CONTEXT('2D SPACE',''
  ) );
#3052 = PCURVE('',#1501,#3053);
#3053 = DEFINITIONAL_REPRESENTATION('',(#3054),#3058);
#3054 = LINE('',#3055,#3056);
#3055 = CARTESIAN_POINT('',(1.,-18.11246921988));
#3056 = VECTOR('',#3057,1.);
#3057 = DIRECTION('',(0.,-1.));
#3058 = ( GEOMETRIC_REPRESENTATION_CONTEXT(2) 
PARAMETRIC_REPRESENTATION_CONTEXT() REPRESENTATION_CONTEXT('2D SPACE',''
  ) );
#3059 = ORIENTED_EDGE('',*,*,#1959,.F.);
#3060 = ORIENTED_EDGE('',*,*,#3061,.F.);
#3061 = EDGE_CURVE('',#1808,#1960,#3062,.T.);
#3062 = SURFACE_CURVE('',#3063,(#3068,#3075),.PCURVE_S1.);
#3063 = CIRCLE('',#3064,41.95);
#3064 = AXIS2_PLACEMENT_3D('',#3065,#3066,#3067);
#3065 = CARTESIAN_POINT('',(0.,0.,87.8));
#3066 = DIRECTION('',(0.,0.,1.));
#3067 = DIRECTION('',(1.,0.,-0.));
#3068 = PCURVE('',#1791,#3069);
#3069 = DEFINITIONAL_REPRESENTATION('',(#3070),#3074);
#3070 = CIRCLE('',#3071,41.95);
#3071 = AXIS2_PLACEMENT_2D('',#3072,#3073);
#3072 = CARTESIAN_POINT('',(0.,0.));
#3073 = DIRECTION('',(1.,0.));
#3074 = ( GEOMETRIC_REPRESENTATION_CONTEXT(2) 
PARAMETRIC_REPRESENTATION_CONTEXT() REPRESENTATION_CONTEXT('2D SPACE',''
  ) );
#3075 = PCURVE('',#1846,#3076);
#3076 = DEFINITIONAL_REPRESENTATION('',(#3077),#3081);
#3077 = LINE('',#3078,#3079);
#3078 = CARTESIAN_POINT('',(0.,1.));
#3079 = VECTOR('',#3080,1.);
#3080 = DIRECTION('',(1.,0.));
#3081 = ( GEOMETRIC_REPRESENTATION_CONTEXT(2) 
PARAMETRIC_REPRESENTATION_CONTEXT() REPRESENTATION_CONTEXT('2D SPACE',''
  ) );
#3082 = ORIENTED_EDGE('',*,*,#1807,.F.);
#3083 = ORIENTED_EDGE('',*,*,#1777,.F.);
#3084 = ORIENTED_EDGE('',*,*,#3085,.F.);
#3085 = EDGE_CURVE('',#2566,#1751,#3086,.T.);
#3086 = SURFACE_CURVE('',#3087,(#3092,#3099),.PCURVE_S1.);
#3087 = CIRCLE('',#3088,41.95);
#3088 = AXIS2_PLACEMENT_3D('',#3089,#3090,#3091);
#3089 = CARTESIAN_POINT('',(0.,0.,87.8));
#3090 = DIRECTION('',(0.,0.,1.));
#3091 = DIRECTION('',(1.,0.,-0.));
#3092 = PCURVE('',#1791,#3093);
#3093 = DEFINITIONAL_REPRESENTATION('',(#3094),#3098);
#3094 = CIRCLE('',#3095,41.95);
#3095 = AXIS2_PLACEMENT_2D('',#3096,#3097);
#3096 = CARTESIAN_POINT('',(0.,0.));
#3097 = DIRECTION('',(1.,0.));
#3098 = ( GEOMETRIC_REPRESENTATION_CONTEXT(2) 
PARAMETRIC_REPRESENTATION_CONTEXT() REPRESENTATION_CONTEXT('2D SPACE',''
  ) );
#3099 = PCURVE('',#1766,#3100);
#3100 = DEFINITIONAL_REPRESENTATION('',(#3101),#3105);
#3101 = LINE('',#3102,#3103);
#3102 = CARTESIAN_POINT('',(0.,1.));
#3103 = VECTOR('',#3104,1.);
#3104 = DIRECTION('',(1.,0.));
#3105 = ( GEOMETRIC_REPRESENTATION_CONTEXT(2) 
PARAMETRIC_REPRESENTATION_CONTEXT() REPRESENTATION_CONTEXT('2D SPACE',''
  ) );
#3106 = ORIENTED_EDGE('',*,*,#2565,.F.);
#3107 = FACE_BOUND('',#3108,.F.);
#3108 = EDGE_LOOP('',(#3109,#3139,#3168,#3196));
#3109 = ORIENTED_EDGE('',*,*,#3110,.F.);
#3110 = EDGE_CURVE('',#3111,#3113,#3115,.T.);
#3111 = VERTEX_POINT('',#3112);
#3112 = CARTESIAN_POINT('',(-37.40589852657,29.194199002875,87.8));
#3113 = VERTEX_POINT('',#3114);
#3114 = CARTESIAN_POINT('',(-35.06300124408,30.160378707124,87.8));
#3115 = SURFACE_CURVE('',#3116,(#3120,#3127),.PCURVE_S1.);
#3116 = LINE('',#3117,#3118);
#3117 = CARTESIAN_POINT('',(-37.40589852657,29.194199002875,87.8));
#3118 = VECTOR('',#3119,1.);
#3119 = DIRECTION('',(0.924475516938,0.381241417716,0.));
#3120 = PCURVE('',#1791,#3121);
#3121 = DEFINITIONAL_REPRESENTATION('',(#3122),#3126);
#3122 = LINE('',#3123,#3124);
#3123 = CARTESIAN_POINT('',(-37.40589852657,29.194199002875));
#3124 = VECTOR('',#3125,1.);
#3125 = DIRECTION('',(0.924475516938,0.381241417716));
#3126 = ( GEOMETRIC_REPRESENTATION_CONTEXT(2) 
PARAMETRIC_REPRESENTATION_CONTEXT() REPRESENTATION_CONTEXT('2D SPACE',''
  ) );
#3127 = PCURVE('',#3128,#3133);
#3128 = PLANE('',#3129);
#3129 = AXIS2_PLACEMENT_3D('',#3130,#3131,#3132);
#3130 = CARTESIAN_POINT('',(10.546400897184,48.969090041236,78.8));
#3131 = DIRECTION('',(-0.381241417716,0.924475516938,0.));
#3132 = DIRECTION('',(0.,0.,1.));
#3133 = DEFINITIONAL_REPRESENTATION('',(#3134),#3138);
#3134 = LINE('',#3135,#3136);
#3135 = CARTESIAN_POINT('',(9.,-51.86973429279));
#3136 = VECTOR('',#3137,1.);
#3137 = DIRECTION('',(0.,1.));
#3138 = ( GEOMETRIC_REPRESENTATION_CONTEXT(2) 
PARAMETRIC_REPRESENTATION_CONTEXT() REPRESENTATION_CONTEXT('2D SPACE',''
  ) );
#3139 = ORIENTED_EDGE('',*,*,#3140,.F.);
#3140 = EDGE_CURVE('',#3141,#3111,#3143,.T.);
#3141 = VERTEX_POINT('',#3142);
#3142 = CARTESIAN_POINT('',(5.953481564969,47.075031144499,87.8));
#3143 = SURFACE_CURVE('',#3144,(#3149,#3156),.PCURVE_S1.);
#3144 = CIRCLE('',#3145,47.45);
#3145 = AXIS2_PLACEMENT_3D('',#3146,#3147,#3148);
#3146 = CARTESIAN_POINT('',(0.,0.,87.8));
#3147 = DIRECTION('',(0.,-0.,1.));
#3148 = DIRECTION('',(0.125468526132,0.992097600516,0.));
#3149 = PCURVE('',#1791,#3150);
#3150 = DEFINITIONAL_REPRESENTATION('',(#3151),#3155);
#3151 = CIRCLE('',#3152,47.45);
#3152 = AXIS2_PLACEMENT_2D('',#3153,#3154);
#3153 = CARTESIAN_POINT('',(0.,0.));
#3154 = DIRECTION('',(0.125468526132,0.992097600516));
#3155 = ( GEOMETRIC_REPRESENTATION_CONTEXT(2) 
PARAMETRIC_REPRESENTATION_CONTEXT() REPRESENTATION_CONTEXT('2D SPACE',''
  ) );
#3156 = PCURVE('',#3157,#3162);
#3157 = CYLINDRICAL_SURFACE('',#3158,47.45);
#3158 = AXIS2_PLACEMENT_3D('',#3159,#3160,#3161);
#3159 = CARTESIAN_POINT('',(0.,0.,79.8));
#3160 = DIRECTION('',(0.,0.,1.));
#3161 = DIRECTION('',(1.,0.,0.));
#3162 = DEFINITIONAL_REPRESENTATION('',(#3163),#3167);
#3163 = LINE('',#3164,#3165);
#3164 = CARTESIAN_POINT('',(1.444996251607,8.));
#3165 = VECTOR('',#3166,1.);
#3166 = DIRECTION('',(1.,0.));
#3167 = ( GEOMETRIC_REPRESENTATION_CONTEXT(2) 
PARAMETRIC_REPRESENTATION_CONTEXT() REPRESENTATION_CONTEXT('2D SPACE',''
  ) );
#3168 = ORIENTED_EDGE('',*,*,#3169,.F.);
#3169 = EDGE_CURVE('',#3170,#3141,#3172,.T.);
#3170 = VERTEX_POINT('',#3171);
#3171 = CARTESIAN_POINT('',(3.61058428248,46.108851440251,87.8));
#3172 = SURFACE_CURVE('',#3173,(#3177,#3184),.PCURVE_S1.);
#3173 = LINE('',#3174,#3175);
#3174 = CARTESIAN_POINT('',(3.61058428248,46.108851440251,87.8));
#3175 = VECTOR('',#3176,1.);
#3176 = DIRECTION('',(0.924475516938,0.381241417716,0.));
#3177 = PCURVE('',#1791,#3178);
#3178 = DEFINITIONAL_REPRESENTATION('',(#3179),#3183);
#3179 = LINE('',#3180,#3181);
#3180 = CARTESIAN_POINT('',(3.61058428248,46.108851440251));
#3181 = VECTOR('',#3182,1.);
#3182 = DIRECTION('',(0.924475516938,0.381241417716));
#3183 = ( GEOMETRIC_REPRESENTATION_CONTEXT(2) 
PARAMETRIC_REPRESENTATION_CONTEXT() REPRESENTATION_CONTEXT('2D SPACE',''
  ) );
#3184 = PCURVE('',#3185,#3190);
#3185 = PLANE('',#3186);
#3186 = AXIS2_PLACEMENT_3D('',#3187,#3188,#3189);
#3187 = CARTESIAN_POINT('',(10.546400897184,48.969090041236,78.8));
#3188 = DIRECTION('',(-0.381241417716,0.924475516938,0.));
#3189 = DIRECTION('',(0.,0.,1.));
#3190 = DEFINITIONAL_REPRESENTATION('',(#3191),#3195);
#3191 = LINE('',#3192,#3193);
#3192 = CARTESIAN_POINT('',(9.,-7.502434069512));
#3193 = VECTOR('',#3194,1.);
#3194 = DIRECTION('',(0.,1.));
#3195 = ( GEOMETRIC_REPRESENTATION_CONTEXT(2) 
PARAMETRIC_REPRESENTATION_CONTEXT() REPRESENTATION_CONTEXT('2D SPACE',''
  ) );
#3196 = ORIENTED_EDGE('',*,*,#3197,.T.);
#3197 = EDGE_CURVE('',#3170,#3113,#3198,.T.);
#3198 = SURFACE_CURVE('',#3199,(#3204,#3211),.PCURVE_S1.);
#3199 = CIRCLE('',#3200,46.25);
#3200 = AXIS2_PLACEMENT_3D('',#3201,#3202,#3203);
#3201 = CARTESIAN_POINT('',(0.,0.,87.8));
#3202 = DIRECTION('',(0.,0.,1.));
#3203 = DIRECTION('',(1.,0.,-0.));
#3204 = PCURVE('',#1791,#3205);
#3205 = DEFINITIONAL_REPRESENTATION('',(#3206),#3210);
#3206 = CIRCLE('',#3207,46.25);
#3207 = AXIS2_PLACEMENT_2D('',#3208,#3209);
#3208 = CARTESIAN_POINT('',(0.,0.));
#3209 = DIRECTION('',(1.,0.));
#3210 = ( GEOMETRIC_REPRESENTATION_CONTEXT(2) 
PARAMETRIC_REPRESENTATION_CONTEXT() REPRESENTATION_CONTEXT('2D SPACE',''
  ) );
#3211 = PCURVE('',#3212,#3217);
#3212 = CYLINDRICAL_SURFACE('',#3213,46.25);
#3213 = AXIS2_PLACEMENT_3D('',#3214,#3215,#3216);
#3214 = CARTESIAN_POINT('',(0.,0.,78.8));
#3215 = DIRECTION('',(0.,0.,1.));
#3216 = DIRECTION('',(1.,0.,0.));
#3217 = DEFINITIONAL_REPRESENTATION('',(#3218),#3222);
#3218 = LINE('',#3219,#3220);
#3219 = CARTESIAN_POINT('',(0.,9.));
#3220 = VECTOR('',#3221,1.);
#3221 = DIRECTION('',(1.,0.));
#3222 = ( GEOMETRIC_REPRESENTATION_CONTEXT(2) 
PARAMETRIC_REPRESENTATION_CONTEXT() REPRESENTATION_CONTEXT('2D SPACE',''
  ) );
#3223 = FACE_BOUND('',#3224,.F.);
#3224 = EDGE_LOOP('',(#3225,#3255,#3284,#3311));
#3225 = ORIENTED_EDGE('',*,*,#3226,.F.);
#3226 = EDGE_CURVE('',#3227,#3229,#3231,.T.);
#3227 = VERTEX_POINT('',#3228);
#3228 = CARTESIAN_POINT('',(15.101650975725,44.982692647366,87.8));
#3229 = VERTEX_POINT('',#3230);
#3230 = CARTESIAN_POINT('',(16.791620999793,43.094129115221,87.8));
#3231 = SURFACE_CURVE('',#3232,(#3236,#3243),.PCURVE_S1.);
#3232 = LINE('',#3233,#3234);
#3233 = CARTESIAN_POINT('',(15.101650975725,44.982692647366,87.8));
#3234 = VECTOR('',#3235,1.);
#3235 = DIRECTION('',(0.666839269176,-0.745201576142,0.));
#3236 = PCURVE('',#1791,#3237);
#3237 = DEFINITIONAL_REPRESENTATION('',(#3238),#3242);
#3238 = LINE('',#3239,#3240);
#3239 = CARTESIAN_POINT('',(15.101650975725,44.982692647366));
#3240 = VECTOR('',#3241,1.);
#3241 = DIRECTION('',(0.666839269176,-0.745201576142));
#3242 = ( GEOMETRIC_REPRESENTATION_CONTEXT(2) 
PARAMETRIC_REPRESENTATION_CONTEXT() REPRESENTATION_CONTEXT('2D SPACE',''
  ) );
#3243 = PCURVE('',#3244,#3249);
#3244 = PLANE('',#3245);
#3245 = AXIS2_PLACEMENT_3D('',#3246,#3247,#3248);
#3246 = CARTESIAN_POINT('',(49.690426683889,6.329284898302,78.8));
#3247 = DIRECTION('',(0.745201576142,0.666839269176,0.));
#3248 = DIRECTION('',(0.,0.,1.));
#3249 = DEFINITIONAL_REPRESENTATION('',(#3250),#3254);
#3250 = LINE('',#3251,#3252);
#3251 = CARTESIAN_POINT('',(9.,-51.86973429279));
#3252 = VECTOR('',#3253,1.);
#3253 = DIRECTION('',(0.,1.));
#3254 = ( GEOMETRIC_REPRESENTATION_CONTEXT(2) 
PARAMETRIC_REPRESENTATION_CONTEXT() REPRESENTATION_CONTEXT('2D SPACE',''
  ) );
#3255 = ORIENTED_EDGE('',*,*,#3256,.F.);
#3256 = EDGE_CURVE('',#3257,#3227,#3259,.T.);
#3257 = VERTEX_POINT('',#3258);
#3258 = CARTESIAN_POINT('',(46.377479056001,10.03154705966,87.8));
#3259 = SURFACE_CURVE('',#3260,(#3265,#3272),.PCURVE_S1.);
#3260 = CIRCLE('',#3261,47.45);
#3261 = AXIS2_PLACEMENT_3D('',#3262,#3263,#3264);
#3262 = CARTESIAN_POINT('',(0.,0.,87.8));
#3263 = DIRECTION('',(0.,0.,1.));
#3264 = DIRECTION('',(0.977396818883,0.211413004419,-0.));
#3265 = PCURVE('',#1791,#3266);
#3266 = DEFINITIONAL_REPRESENTATION('',(#3267),#3271);
#3267 = CIRCLE('',#3268,47.45);
#3268 = AXIS2_PLACEMENT_2D('',#3269,#3270);
#3269 = CARTESIAN_POINT('',(0.,0.));
#3270 = DIRECTION('',(0.977396818883,0.211413004419));
#3271 = ( GEOMETRIC_REPRESENTATION_CONTEXT(2) 
PARAMETRIC_REPRESENTATION_CONTEXT() REPRESENTATION_CONTEXT('2D SPACE',''
  ) );
#3272 = PCURVE('',#3273,#3278);
#3273 = CYLINDRICAL_SURFACE('',#3274,47.45);
#3274 = AXIS2_PLACEMENT_3D('',#3275,#3276,#3277);
#3275 = CARTESIAN_POINT('',(0.,0.,79.8));
#3276 = DIRECTION('',(0.,0.,1.));
#3277 = DIRECTION('',(1.,0.,0.));
#3278 = DEFINITIONAL_REPRESENTATION('',(#3279),#3283);
#3279 = LINE('',#3280,#3281);
#3280 = CARTESIAN_POINT('',(0.213020415714,8.));
#3281 = VECTOR('',#3282,1.);
#3282 = DIRECTION('',(1.,0.));
#3283 = ( GEOMETRIC_REPRESENTATION_CONTEXT(2) 
PARAMETRIC_REPRESENTATION_CONTEXT() REPRESENTATION_CONTEXT('2D SPACE',''
  ) );
#3284 = ORIENTED_EDGE('',*,*,#3285,.F.);
#3285 = EDGE_CURVE('',#3286,#3257,#3288,.T.);
#3286 = VERTEX_POINT('',#3287);
#3287 = CARTESIAN_POINT('',(44.687509031933,11.920110591805,87.8));
#3288 = SURFACE_CURVE('',#3289,(#3293,#3300),.PCURVE_S1.);
#3289 = LINE('',#3290,#3291);
#3290 = CARTESIAN_POINT('',(40.214995849876,16.918202375908,87.8));
#3291 = VECTOR('',#3292,1.);
#3292 = DIRECTION('',(0.666839269176,-0.745201576142,0.));
#3293 = PCURVE('',#1791,#3294);
#3294 = DEFINITIONAL_REPRESENTATION('',(#3295),#3299);
#3295 = LINE('',#3296,#3297);
#3296 = CARTESIAN_POINT('',(40.214995849876,16.918202375908));
#3297 = VECTOR('',#3298,1.);
#3298 = DIRECTION('',(0.666839269176,-0.745201576142));
#3299 = ( GEOMETRIC_REPRESENTATION_CONTEXT(2) 
PARAMETRIC_REPRESENTATION_CONTEXT() REPRESENTATION_CONTEXT('2D SPACE',''
  ) );
#3300 = PCURVE('',#3301,#3306);
#3301 = PLANE('',#3302);
#3302 = AXIS2_PLACEMENT_3D('',#3303,#3304,#3305);
#3303 = CARTESIAN_POINT('',(49.690426683889,6.329284898302,78.8));
#3304 = DIRECTION('',(0.745201576142,0.666839269176,0.));
#3305 = DIRECTION('',(0.,0.,1.));
#3306 = DEFINITIONAL_REPRESENTATION('',(#3307),#3310);
#3307 = B_SPLINE_CURVE_WITH_KNOTS('',1,(#3308,#3309),.UNSPECIFIED.,.F.,
  .F.,(2,2),(6.70703329692,9.241332193498),.PIECEWISE_BEZIER_KNOTS.);
#3308 = CARTESIAN_POINT('',(9.,-7.502434069512));
#3309 = CARTESIAN_POINT('',(9.,-4.968135172934));
#3310 = ( GEOMETRIC_REPRESENTATION_CONTEXT(2) 
PARAMETRIC_REPRESENTATION_CONTEXT() REPRESENTATION_CONTEXT('2D SPACE',''
  ) );
#3311 = ORIENTED_EDGE('',*,*,#3312,.T.);
#3312 = EDGE_CURVE('',#3286,#3229,#3313,.T.);
#3313 = SURFACE_CURVE('',#3314,(#3319,#3326),.PCURVE_S1.);
#3314 = CIRCLE('',#3315,46.25);
#3315 = AXIS2_PLACEMENT_3D('',#3316,#3317,#3318);
#3316 = CARTESIAN_POINT('',(0.,0.,87.8));
#3317 = DIRECTION('',(0.,0.,1.));
#3318 = DIRECTION('',(1.,0.,-0.));
#3319 = PCURVE('',#1791,#3320);
#3320 = DEFINITIONAL_REPRESENTATION('',(#3321),#3325);
#3321 = CIRCLE('',#3322,46.25);
#3322 = AXIS2_PLACEMENT_2D('',#3323,#3324);
#3323 = CARTESIAN_POINT('',(0.,0.));
#3324 = DIRECTION('',(1.,0.));
#3325 = ( GEOMETRIC_REPRESENTATION_CONTEXT(2) 
PARAMETRIC_REPRESENTATION_CONTEXT() REPRESENTATION_CONTEXT('2D SPACE',''
  ) );
#3326 = PCURVE('',#3327,#3332);
#3327 = CYLINDRICAL_SURFACE('',#3328,46.25);
#3328 = AXIS2_PLACEMENT_3D('',#3329,#3330,#3331);
#3329 = CARTESIAN_POINT('',(0.,0.,78.8));
#3330 = DIRECTION('',(0.,0.,1.));
#3331 = DIRECTION('',(1.,0.,0.));
#3332 = DEFINITIONAL_REPRESENTATION('',(#3333),#3337);
#3333 = LINE('',#3334,#3335);
#3334 = CARTESIAN_POINT('',(0.,9.));
#3335 = VECTOR('',#3336,1.);
#3336 = DIRECTION('',(1.,0.));
#3337 = ( GEOMETRIC_REPRESENTATION_CONTEXT(2) 
PARAMETRIC_REPRESENTATION_CONTEXT() REPRESENTATION_CONTEXT('2D SPACE',''
  ) );
#3338 = FACE_BOUND('',#3339,.F.);
#3339 = EDGE_LOOP('',(#3340,#3370,#3399,#3426));
#3340 = ORIENTED_EDGE('',*,*,#3341,.F.);
#3341 = EDGE_CURVE('',#3342,#3344,#3346,.T.);
#3342 = VERTEX_POINT('',#3343);
#3343 = CARTESIAN_POINT('',(-42.28737404931,18.730736664992,87.8));
#3344 = VERTEX_POINT('',#3345);
#3345 = CARTESIAN_POINT('',(-42.41990370128,21.261567909573,87.8));
#3346 = SURFACE_CURVE('',#3347,(#3351,#3358),.PCURVE_S1.);
#3347 = LINE('',#3348,#3349);
#3348 = CARTESIAN_POINT('',(-42.28737404931,18.730736664992,87.8));
#3349 = VECTOR('',#3350,1.);
#3350 = DIRECTION('',(-5.229440463894E-02,0.998631711515,0.));
#3351 = PCURVE('',#1791,#3352);
#3352 = DEFINITIONAL_REPRESENTATION('',(#3353),#3357);
#3353 = LINE('',#3354,#3355);
#3354 = CARTESIAN_POINT('',(-42.28737404931,18.730736664992));
#3355 = VECTOR('',#3356,1.);
#3356 = DIRECTION('',(-5.229440463894E-02,0.998631711515));
#3357 = ( GEOMETRIC_REPRESENTATION_CONTEXT(2) 
PARAMETRIC_REPRESENTATION_CONTEXT() REPRESENTATION_CONTEXT('2D SPACE',''
  ) );
#3358 = PCURVE('',#3359,#3364);
#3359 = PLANE('',#3360);
#3360 = AXIS2_PLACEMENT_3D('',#3361,#3362,#3363);
#3361 = CARTESIAN_POINT('',(-42.67970937232,26.222905240358,78.8));
#3362 = DIRECTION('',(-0.998631711515,-5.229440463894E-02,0.));
#3363 = DIRECTION('',(0.,0.,1.));
#3364 = DEFINITIONAL_REPRESENTATION('',(#3365),#3369);
#3365 = LINE('',#3366,#3367);
#3366 = CARTESIAN_POINT('',(9.,-7.502434069512));
#3367 = VECTOR('',#3368,1.);
#3368 = DIRECTION('',(0.,1.));
#3369 = ( GEOMETRIC_REPRESENTATION_CONTEXT(2) 
PARAMETRIC_REPRESENTATION_CONTEXT() REPRESENTATION_CONTEXT('2D SPACE',''
  ) );
#3370 = ORIENTED_EDGE('',*,*,#3371,.T.);
#3371 = EDGE_CURVE('',#3342,#3372,#3374,.T.);
#3372 = VERTEX_POINT('',#3373);
#3373 = CARTESIAN_POINT('',(-40.09974215067,-23.0450250477,87.8));
#3374 = SURFACE_CURVE('',#3375,(#3380,#3387),.PCURVE_S1.);
#3375 = CIRCLE('',#3376,46.25);
#3376 = AXIS2_PLACEMENT_3D('',#3377,#3378,#3379);
#3377 = CARTESIAN_POINT('',(0.,0.,87.8));
#3378 = DIRECTION('',(0.,0.,1.));
#3379 = DIRECTION('',(1.,0.,-0.));
#3380 = PCURVE('',#1791,#3381);
#3381 = DEFINITIONAL_REPRESENTATION('',(#3382),#3386);
#3382 = CIRCLE('',#3383,46.25);
#3383 = AXIS2_PLACEMENT_2D('',#3384,#3385);
#3384 = CARTESIAN_POINT('',(0.,0.));
#3385 = DIRECTION('',(1.,0.));
#3386 = ( GEOMETRIC_REPRESENTATION_CONTEXT(2) 
PARAMETRIC_REPRESENTATION_CONTEXT() REPRESENTATION_CONTEXT('2D SPACE',''
  ) );
#3387 = PCURVE('',#3388,#3393);
#3388 = CYLINDRICAL_SURFACE('',#3389,46.25);
#3389 = AXIS2_PLACEMENT_3D('',#3390,#3391,#3392);
#3390 = CARTESIAN_POINT('',(0.,0.,78.8));
#3391 = DIRECTION('',(0.,0.,1.));
#3392 = DIRECTION('',(1.,0.,0.));
#3393 = DEFINITIONAL_REPRESENTATION('',(#3394),#3398);
#3394 = LINE('',#3395,#3396);
#3395 = CARTESIAN_POINT('',(0.,9.));
#3396 = VECTOR('',#3397,1.);
#3397 = DIRECTION('',(1.,0.));
#3398 = ( GEOMETRIC_REPRESENTATION_CONTEXT(2) 
PARAMETRIC_REPRESENTATION_CONTEXT() REPRESENTATION_CONTEXT('2D SPACE',''
  ) );
#3399 = ORIENTED_EDGE('',*,*,#3400,.F.);
#3400 = EDGE_CURVE('',#3401,#3372,#3403,.T.);
#3401 = VERTEX_POINT('',#3402);
#3402 = CARTESIAN_POINT('',(-39.9672124987,-25.57585629228,87.8));
#3403 = SURFACE_CURVE('',#3404,(#3408,#3415),.PCURVE_S1.);
#3404 = LINE('',#3405,#3406);
#3405 = CARTESIAN_POINT('',(-41.93663373615,12.032880524501,87.8));
#3406 = VECTOR('',#3407,1.);
#3407 = DIRECTION('',(-5.229440463894E-02,0.998631711515,0.));
#3408 = PCURVE('',#1791,#3409);
#3409 = DEFINITIONAL_REPRESENTATION('',(#3410),#3414);
#3410 = LINE('',#3411,#3412);
#3411 = CARTESIAN_POINT('',(-41.93663373615,12.032880524501));
#3412 = VECTOR('',#3413,1.);
#3413 = DIRECTION('',(-5.229440463894E-02,0.998631711515));
#3414 = ( GEOMETRIC_REPRESENTATION_CONTEXT(2) 
PARAMETRIC_REPRESENTATION_CONTEXT() REPRESENTATION_CONTEXT('2D SPACE',''
  ) );
#3415 = PCURVE('',#3416,#3421);
#3416 = PLANE('',#3417);
#3417 = AXIS2_PLACEMENT_3D('',#3418,#3419,#3420);
#3418 = CARTESIAN_POINT('',(-42.67970937232,26.222905240358,78.8));
#3419 = DIRECTION('',(-0.998631711515,-5.229440463894E-02,0.));
#3420 = DIRECTION('',(0.,0.,1.));
#3421 = DEFINITIONAL_REPRESENTATION('',(#3422),#3425);
#3422 = B_SPLINE_CURVE_WITH_KNOTS('',1,(#3423,#3424),.UNSPECIFIED.,.F.,
  .F.,(2,2),(-37.66026692636,-35.12596802978),.PIECEWISE_BEZIER_KNOTS.);
#3423 = CARTESIAN_POINT('',(9.,-51.86973429279));
#3424 = CARTESIAN_POINT('',(9.,-49.33543539621));
#3425 = ( GEOMETRIC_REPRESENTATION_CONTEXT(2) 
PARAMETRIC_REPRESENTATION_CONTEXT() REPRESENTATION_CONTEXT('2D SPACE',''
  ) );
#3426 = ORIENTED_EDGE('',*,*,#3427,.F.);
#3427 = EDGE_CURVE('',#3344,#3401,#3428,.T.);
#3428 = SURFACE_CURVE('',#3429,(#3434,#3441),.PCURVE_S1.);
#3429 = CIRCLE('',#3430,47.45);
#3430 = AXIS2_PLACEMENT_3D('',#3431,#3432,#3433);
#3431 = CARTESIAN_POINT('',(0.,0.,87.8));
#3432 = DIRECTION('',(0.,0.,1.));
#3433 = DIRECTION('',(-0.893991648078,0.448083622963,0.));
#3434 = PCURVE('',#1791,#3435);
#3435 = DEFINITIONAL_REPRESENTATION('',(#3436),#3440);
#3436 = CIRCLE('',#3437,47.45);
#3437 = AXIS2_PLACEMENT_2D('',#3438,#3439);
#3438 = CARTESIAN_POINT('',(0.,0.));
#3439 = DIRECTION('',(-0.893991648078,0.448083622963));
#3440 = ( GEOMETRIC_REPRESENTATION_CONTEXT(2) 
PARAMETRIC_REPRESENTATION_CONTEXT() REPRESENTATION_CONTEXT('2D SPACE',''
  ) );
#3441 = PCURVE('',#3442,#3447);
#3442 = CYLINDRICAL_SURFACE('',#3443,47.45);
#3443 = AXIS2_PLACEMENT_3D('',#3444,#3445,#3446);
#3444 = CARTESIAN_POINT('',(0.,0.,79.8));
#3445 = DIRECTION('',(0.,0.,1.));
#3446 = DIRECTION('',(1.,0.,0.));
#3447 = DEFINITIONAL_REPRESENTATION('',(#3448),#3452);
#3448 = LINE('',#3449,#3450);
#3449 = CARTESIAN_POINT('',(2.6769720875,8.));
#3450 = VECTOR('',#3451,1.);
#3451 = DIRECTION('',(1.,0.));
#3452 = ( GEOMETRIC_REPRESENTATION_CONTEXT(2) 
PARAMETRIC_REPRESENTATION_CONTEXT() REPRESENTATION_CONTEXT('2D SPACE',''
  ) );
#3453 = ADVANCED_FACE('',(#3454),#1766,.T.);
#3454 = FACE_BOUND('',#3455,.T.);
#3455 = EDGE_LOOP('',(#3456,#3457,#3458,#3459));
#3456 = ORIENTED_EDGE('',*,*,#3085,.F.);
#3457 = ORIENTED_EDGE('',*,*,#2588,.F.);
#3458 = ORIENTED_EDGE('',*,*,#2635,.T.);
#3459 = ORIENTED_EDGE('',*,*,#1750,.T.);
#3460 = ADVANCED_FACE('',(#3461),#1846,.T.);
#3461 = FACE_BOUND('',#3462,.T.);
#3462 = EDGE_LOOP('',(#3463,#3464,#3465,#3487));
#3463 = ORIENTED_EDGE('',*,*,#3061,.F.);
#3464 = ORIENTED_EDGE('',*,*,#1830,.F.);
#3465 = ORIENTED_EDGE('',*,*,#3466,.T.);
#3466 = EDGE_CURVE('',#1831,#2007,#3467,.T.);
#3467 = SURFACE_CURVE('',#3468,(#3473,#3480),.PCURVE_S1.);
#3468 = CIRCLE('',#3469,41.95);
#3469 = AXIS2_PLACEMENT_3D('',#3470,#3471,#3472);
#3470 = CARTESIAN_POINT('',(0.,0.,86.8));
#3471 = DIRECTION('',(0.,0.,1.));
#3472 = DIRECTION('',(1.,0.,0.));
#3473 = PCURVE('',#1846,#3474);
#3474 = DEFINITIONAL_REPRESENTATION('',(#3475),#3479);
#3475 = LINE('',#3476,#3477);
#3476 = CARTESIAN_POINT('',(0.,0.));
#3477 = VECTOR('',#3478,1.);
#3478 = DIRECTION('',(1.,0.));
#3479 = ( GEOMETRIC_REPRESENTATION_CONTEXT(2) 
PARAMETRIC_REPRESENTATION_CONTEXT() REPRESENTATION_CONTEXT('2D SPACE',''
  ) );
#3480 = PCURVE('',#1873,#3481);
#3481 = DEFINITIONAL_REPRESENTATION('',(#3482),#3486);
#3482 = CIRCLE('',#3483,41.95);
#3483 = AXIS2_PLACEMENT_2D('',#3484,#3485);
#3484 = CARTESIAN_POINT('',(0.,0.));
#3485 = DIRECTION('',(1.,0.));
#3486 = ( GEOMETRIC_REPRESENTATION_CONTEXT(2) 
PARAMETRIC_REPRESENTATION_CONTEXT() REPRESENTATION_CONTEXT('2D SPACE',''
  ) );
#3487 = ORIENTED_EDGE('',*,*,#2028,.T.);
#3488 = ADVANCED_FACE('',(#3489),#1873,.F.);
#3489 = FACE_BOUND('',#3490,.F.);
#3490 = EDGE_LOOP('',(#3491,#3492,#3493,#3494));
#3491 = ORIENTED_EDGE('',*,*,#1857,.F.);
#3492 = ORIENTED_EDGE('',*,*,#3466,.T.);
#3493 = ORIENTED_EDGE('',*,*,#2006,.F.);
#3494 = ORIENTED_EDGE('',*,*,#1911,.F.);
#3495 = ADVANCED_FACE('',(#3496),#1501,.F.);
#3496 = FACE_BOUND('',#3497,.F.);
#3497 = EDGE_LOOP('',(#3498,#3499,#3500,#3522,#3549,#3570));
#3498 = ORIENTED_EDGE('',*,*,#1984,.F.);
#3499 = ORIENTED_EDGE('',*,*,#3039,.T.);
#3500 = ORIENTED_EDGE('',*,*,#3501,.F.);
#3501 = EDGE_CURVE('',#3502,#3011,#3504,.T.);
#3502 = VERTEX_POINT('',#3503);
#3503 = CARTESIAN_POINT('',(-36.84887141504,20.049019313616,86.8));
#3504 = SURFACE_CURVE('',#3505,(#3509,#3516),.PCURVE_S1.);
#3505 = LINE('',#3506,#3507);
#3506 = CARTESIAN_POINT('',(-36.84887141504,20.049019313616,86.8));
#3507 = VECTOR('',#3508,1.);
#3508 = DIRECTION('',(0.,0.,1.));
#3509 = PCURVE('',#1501,#3510);
#3510 = DEFINITIONAL_REPRESENTATION('',(#3511),#3515);
#3511 = LINE('',#3512,#3513);
#3512 = CARTESIAN_POINT('',(0.,-14.27636217615));
#3513 = VECTOR('',#3514,1.);
#3514 = DIRECTION('',(1.,0.));
#3515 = ( GEOMETRIC_REPRESENTATION_CONTEXT(2) 
PARAMETRIC_REPRESENTATION_CONTEXT() REPRESENTATION_CONTEXT('2D SPACE',''
  ) );
#3516 = PCURVE('',#3027,#3517);
#3517 = DEFINITIONAL_REPRESENTATION('',(#3518),#3521);
#3518 = B_SPLINE_CURVE_WITH_KNOTS('',1,(#3519,#3520),.UNSPECIFIED.,.F.,
  .F.,(2,2),(-6.000000070117E-07,3.0000006),.PIECEWISE_BEZIER_KNOTS.);
#3519 = CARTESIAN_POINT('',(2.643299931951,-6.000000070117E-07));
#3520 = CARTESIAN_POINT('',(2.643299931951,3.0000006));
#3521 = ( GEOMETRIC_REPRESENTATION_CONTEXT(2) 
PARAMETRIC_REPRESENTATION_CONTEXT() REPRESENTATION_CONTEXT('2D SPACE',''
  ) );
#3522 = ORIENTED_EDGE('',*,*,#3523,.T.);
#3523 = EDGE_CURVE('',#3502,#3524,#3526,.T.);
#3524 = VERTEX_POINT('',#3525);
#3525 = CARTESIAN_POINT('',(-36.72383711216,17.661321801019,86.8));
#3526 = SURFACE_CURVE('',#3527,(#3531,#3538),.PCURVE_S1.);
#3527 = LINE('',#3528,#3529);
#3528 = CARTESIAN_POINT('',(-36.35802832179,10.675712902023,86.8));
#3529 = VECTOR('',#3530,1.);
#3530 = DIRECTION('',(5.229440463894E-02,-0.998631711515,0.));
#3531 = PCURVE('',#1501,#3532);
#3532 = DEFINITIONAL_REPRESENTATION('',(#3533),#3537);
#3533 = LINE('',#3534,#3535);
#3534 = CARTESIAN_POINT('',(0.,-23.66251154784));
#3535 = VECTOR('',#3536,1.);
#3536 = DIRECTION('',(0.,-1.));
#3537 = ( GEOMETRIC_REPRESENTATION_CONTEXT(2) 
PARAMETRIC_REPRESENTATION_CONTEXT() REPRESENTATION_CONTEXT('2D SPACE',''
  ) );
#3538 = PCURVE('',#3539,#3544);
#3539 = PLANE('',#3540);
#3540 = AXIS2_PLACEMENT_3D('',#3541,#3542,#3543);
#3541 = CARTESIAN_POINT('',(0.,0.,86.8));
#3542 = DIRECTION('',(0.,0.,1.));
#3543 = DIRECTION('',(1.,0.,0.));
#3544 = DEFINITIONAL_REPRESENTATION('',(#3545),#3548);
#3545 = B_SPLINE_CURVE_WITH_KNOTS('',1,(#3546,#3547),.UNSPECIFIED.,.F.,
  .F.,(2,2),(-12.56242689192,37.687280675774),.PIECEWISE_BEZIER_KNOTS.);
#3546 = CARTESIAN_POINT('',(-37.01497295692,23.220950769888));
#3547 = CARTESIAN_POINT('',(-34.38719441639,-26.96000070157));
#3548 = ( GEOMETRIC_REPRESENTATION_CONTEXT(2) 
PARAMETRIC_REPRESENTATION_CONTEXT() REPRESENTATION_CONTEXT('2D SPACE',''
  ) );
#3549 = ORIENTED_EDGE('',*,*,#3550,.F.);
#3550 = EDGE_CURVE('',#1457,#3524,#3551,.T.);
#3551 = SURFACE_CURVE('',#3552,(#3556,#3563),.PCURVE_S1.);
#3552 = LINE('',#3553,#3554);
#3553 = CARTESIAN_POINT('',(-36.72383711216,17.661321801019,89.8));
#3554 = VECTOR('',#3555,1.);
#3555 = DIRECTION('',(-2.368475785867E-15,-2.368475785867E-15,-1.));
#3556 = PCURVE('',#1501,#3557);
#3557 = DEFINITIONAL_REPRESENTATION('',(#3558),#3562);
#3558 = LINE('',#3559,#3560);
#3559 = CARTESIAN_POINT('',(3.,-16.66733122416));
#3560 = VECTOR('',#3561,1.);
#3561 = DIRECTION('',(-1.,-2.241376996599E-15));
#3562 = ( GEOMETRIC_REPRESENTATION_CONTEXT(2) 
PARAMETRIC_REPRESENTATION_CONTEXT() REPRESENTATION_CONTEXT('2D SPACE',''
  ) );
#3563 = PCURVE('',#1473,#3564);
#3564 = DEFINITIONAL_REPRESENTATION('',(#3565),#3569);
#3565 = LINE('',#3566,#3567);
#3566 = CARTESIAN_POINT('',(2.693323142421,4.));
#3567 = VECTOR('',#3568,1.);
#3568 = DIRECTION('',(-0.,-1.));
#3569 = ( GEOMETRIC_REPRESENTATION_CONTEXT(2) 
PARAMETRIC_REPRESENTATION_CONTEXT() REPRESENTATION_CONTEXT('2D SPACE',''
  ) );
#3570 = ORIENTED_EDGE('',*,*,#1485,.T.);
#3571 = ADVANCED_FACE('',(#3572),#1361,.F.);
#3572 = FACE_BOUND('',#3573,.F.);
#3573 = EDGE_LOOP('',(#3574,#3593,#3594,#3595));
#3574 = ORIENTED_EDGE('',*,*,#3575,.F.);
#3575 = EDGE_CURVE('',#2813,#1346,#3576,.T.);
#3576 = SURFACE_CURVE('',#3577,(#3581,#3587),.PCURVE_S1.);
#3577 = LINE('',#3578,#3579);
#3578 = CARTESIAN_POINT('',(-62.70009718886,32.991215687006,87.8));
#3579 = VECTOR('',#3580,1.);
#3580 = DIRECTION('',(0.,0.,1.));
#3581 = PCURVE('',#1361,#3582);
#3582 = DEFINITIONAL_REPRESENTATION('',(#3583),#3586);
#3583 = B_SPLINE_CURVE_WITH_KNOTS('',1,(#3584,#3585),.UNSPECIFIED.,.F.,
  .F.,(2,2),(-6.000000070117E-07,2.0000006),.PIECEWISE_BEZIER_KNOTS.);
#3584 = CARTESIAN_POINT('',(0.9999994,25.139049385211));
#3585 = CARTESIAN_POINT('',(3.0000006,25.139049385211));
#3586 = ( GEOMETRIC_REPRESENTATION_CONTEXT(2) 
PARAMETRIC_REPRESENTATION_CONTEXT() REPRESENTATION_CONTEXT('2D SPACE',''
  ) );
#3587 = PCURVE('',#1389,#3588);
#3588 = DEFINITIONAL_REPRESENTATION('',(#3589),#3592);
#3589 = B_SPLINE_CURVE_WITH_KNOTS('',1,(#3590,#3591),.UNSPECIFIED.,.F.,
  .F.,(2,2),(-6.000000070117E-07,2.0000006),.PIECEWISE_BEZIER_KNOTS.);
#3590 = CARTESIAN_POINT('',(2.657225079726,-6.000000070117E-07));
#3591 = CARTESIAN_POINT('',(2.657225079726,2.0000006));
#3592 = ( GEOMETRIC_REPRESENTATION_CONTEXT(2) 
PARAMETRIC_REPRESENTATION_CONTEXT() REPRESENTATION_CONTEXT('2D SPACE',''
  ) );
#3593 = ORIENTED_EDGE('',*,*,#2812,.T.);
#3594 = ORIENTED_EDGE('',*,*,#2094,.T.);
#3595 = ORIENTED_EDGE('',*,*,#1345,.F.);
#3596 = ADVANCED_FACE('',(#3597),#2178,.F.);
#3597 = FACE_BOUND('',#3598,.F.);
#3598 = EDGE_LOOP('',(#3599,#3600,#3621,#3640));
#3599 = ORIENTED_EDGE('',*,*,#2163,.F.);
#3600 = ORIENTED_EDGE('',*,*,#3601,.T.);
#3601 = EDGE_CURVE('',#2164,#3602,#3604,.T.);
#3602 = VERTEX_POINT('',#3603);
#3603 = CARTESIAN_POINT('',(-0.691030489517,69.646571895985,83.8));
#3604 = SURFACE_CURVE('',#3605,(#3609,#3615),.PCURVE_S1.);
#3605 = LINE('',#3606,#3607);
#3606 = CARTESIAN_POINT('',(-5.032775311528,67.856094029368,83.8));
#3607 = VECTOR('',#3608,1.);
#3608 = DIRECTION('',(-0.924475516938,-0.381241417716,0.));
#3609 = PCURVE('',#2178,#3610);
#3610 = DEFINITIONAL_REPRESENTATION('',(#3611),#3614);
#3611 = B_SPLINE_CURVE_WITH_KNOTS('',1,(#3612,#3613),.UNSPECIFIED.,.F.,
  .F.,(2,2),(-7.85304489886,63.650627792099),.PIECEWISE_BEZIER_KNOTS.);
#3612 = CARTESIAN_POINT('',(1.,-13.36383103184));
#3613 = CARTESIAN_POINT('',(1.,-84.86750372279));
#3614 = ( GEOMETRIC_REPRESENTATION_CONTEXT(2) 
PARAMETRIC_REPRESENTATION_CONTEXT() REPRESENTATION_CONTEXT('2D SPACE',''
  ) );
#3615 = PCURVE('',#2206,#3616);
#3616 = DEFINITIONAL_REPRESENTATION('',(#3617),#3620);
#3617 = B_SPLINE_CURVE_WITH_KNOTS('',1,(#3618,#3619),.UNSPECIFIED.,.F.,
  .F.,(2,2),(-7.85304489886,63.650627792099),.PIECEWISE_BEZIER_KNOTS.);
#3618 = CARTESIAN_POINT('',(2.227172430882,70.85));
#3619 = CARTESIAN_POINT('',(-63.87622234305,43.589838451365));
#3620 = ( GEOMETRIC_REPRESENTATION_CONTEXT(2) 
PARAMETRIC_REPRESENTATION_CONTEXT() REPRESENTATION_CONTEXT('2D SPACE',''
  ) );
#3621 = ORIENTED_EDGE('',*,*,#3622,.T.);
#3622 = EDGE_CURVE('',#3602,#2740,#3623,.T.);
#3623 = SURFACE_CURVE('',#3624,(#3628,#3634),.PCURVE_S1.);
#3624 = LINE('',#3625,#3626);
#3625 = CARTESIAN_POINT('',(-0.691030489517,69.646571895985,82.8));
#3626 = VECTOR('',#3627,1.);
#3627 = DIRECTION('',(0.,0.,1.));
#3628 = PCURVE('',#2178,#3629);
#3629 = DEFINITIONAL_REPRESENTATION('',(#3630),#3633);
#3630 = B_SPLINE_CURVE_WITH_KNOTS('',1,(#3631,#3632),.UNSPECIFIED.,.F.,
  .F.,(2,2),(0.9999994,7.0000006),.PIECEWISE_BEZIER_KNOTS.);
#3631 = CARTESIAN_POINT('',(0.9999994,-16.5204348217));
#3632 = CARTESIAN_POINT('',(7.0000006,-16.5204348217));
#3633 = ( GEOMETRIC_REPRESENTATION_CONTEXT(2) 
PARAMETRIC_REPRESENTATION_CONTEXT() REPRESENTATION_CONTEXT('2D SPACE',''
  ) );
#3634 = PCURVE('',#2778,#3635);
#3635 = DEFINITIONAL_REPRESENTATION('',(#3636),#3639);
#3636 = B_SPLINE_CURVE_WITH_KNOTS('',1,(#3637,#3638),.UNSPECIFIED.,.F.,
  .F.,(2,2),(0.9999994,7.0000006),.PIECEWISE_BEZIER_KNOTS.);
#3637 = CARTESIAN_POINT('',(1.580717961067,0.9999994));
#3638 = CARTESIAN_POINT('',(1.580717961067,7.0000006));
#3639 = ( GEOMETRIC_REPRESENTATION_CONTEXT(2) 
PARAMETRIC_REPRESENTATION_CONTEXT() REPRESENTATION_CONTEXT('2D SPACE',''
  ) );
#3640 = ORIENTED_EDGE('',*,*,#2739,.T.);
#3641 = ADVANCED_FACE('',(#3642),#2206,.F.);
#3642 = FACE_BOUND('',#3643,.F.);
#3643 = EDGE_LOOP('',(#3644,#3645,#3646,#3667));
#3644 = ORIENTED_EDGE('',*,*,#3601,.F.);
#3645 = ORIENTED_EDGE('',*,*,#2189,.T.);
#3646 = ORIENTED_EDGE('',*,*,#3647,.F.);
#3647 = EDGE_CURVE('',#3648,#2190,#3650,.T.);
#3648 = VERTEX_POINT('',#3649);
#3649 = CARTESIAN_POINT('',(-48.60348482122,49.888112444082,83.8));
#3650 = SURFACE_CURVE('',#3651,(#3655,#3661),.PCURVE_S1.);
#3651 = LINE('',#3652,#3653);
#3652 = CARTESIAN_POINT('',(-5.032775311528,67.856094029368,83.8));
#3653 = VECTOR('',#3654,1.);
#3654 = DIRECTION('',(-0.924475516938,-0.381241417716,0.));
#3655 = PCURVE('',#2206,#3656);
#3656 = DEFINITIONAL_REPRESENTATION('',(#3657),#3660);
#3657 = B_SPLINE_CURVE_WITH_KNOTS('',1,(#3658,#3659),.UNSPECIFIED.,.F.,
  .F.,(2,2),(-7.85304489886,63.650627792099),.PIECEWISE_BEZIER_KNOTS.);
#3658 = CARTESIAN_POINT('',(2.227172430882,70.85));
#3659 = CARTESIAN_POINT('',(-63.87622234305,43.589838451365));
#3660 = ( GEOMETRIC_REPRESENTATION_CONTEXT(2) 
PARAMETRIC_REPRESENTATION_CONTEXT() REPRESENTATION_CONTEXT('2D SPACE',''
  ) );
#3661 = PCURVE('',#2233,#3662);
#3662 = DEFINITIONAL_REPRESENTATION('',(#3663),#3666);
#3663 = B_SPLINE_CURVE_WITH_KNOTS('',1,(#3664,#3665),.UNSPECIFIED.,.F.,
  .F.,(2,2),(-7.85304489886,63.650627792099),.PIECEWISE_BEZIER_KNOTS.);
#3664 = CARTESIAN_POINT('',(1.,-13.36383103184));
#3665 = CARTESIAN_POINT('',(1.,-84.86750372279));
#3666 = ( GEOMETRIC_REPRESENTATION_CONTEXT(2) 
PARAMETRIC_REPRESENTATION_CONTEXT() REPRESENTATION_CONTEXT('2D SPACE',''
  ) );
#3667 = ORIENTED_EDGE('',*,*,#3668,.F.);
#3668 = EDGE_CURVE('',#3602,#3648,#3669,.T.);
#3669 = SURFACE_CURVE('',#3670,(#3675,#3682),.PCURVE_S1.);
#3670 = CIRCLE('',#3671,69.65);
#3671 = AXIS2_PLACEMENT_3D('',#3672,#3673,#3674);
#3672 = CARTESIAN_POINT('',(0.,0.,83.8));
#3673 = DIRECTION('',(0.,0.,1.));
#3674 = DIRECTION('',(1.,0.,-0.));
#3675 = PCURVE('',#2206,#3676);
#3676 = DEFINITIONAL_REPRESENTATION('',(#3677),#3681);
#3677 = CIRCLE('',#3678,69.65);
#3678 = AXIS2_PLACEMENT_2D('',#3679,#3680);
#3679 = CARTESIAN_POINT('',(0.,0.));
#3680 = DIRECTION('',(1.,0.));
#3681 = ( GEOMETRIC_REPRESENTATION_CONTEXT(2) 
PARAMETRIC_REPRESENTATION_CONTEXT() REPRESENTATION_CONTEXT('2D SPACE',''
  ) );
#3682 = PCURVE('',#2778,#3683);
#3683 = DEFINITIONAL_REPRESENTATION('',(#3684),#3688);
#3684 = LINE('',#3685,#3686);
#3685 = CARTESIAN_POINT('',(0.,1.));
#3686 = VECTOR('',#3687,1.);
#3687 = DIRECTION('',(1.,0.));
#3688 = ( GEOMETRIC_REPRESENTATION_CONTEXT(2) 
PARAMETRIC_REPRESENTATION_CONTEXT() REPRESENTATION_CONTEXT('2D SPACE',''
  ) );
#3689 = ADVANCED_FACE('',(#3690),#2233,.F.);
#3690 = FACE_BOUND('',#3691,.F.);
#3691 = EDGE_LOOP('',(#3692,#3711,#3712,#3713));
#3692 = ORIENTED_EDGE('',*,*,#3693,.F.);
#3693 = EDGE_CURVE('',#3648,#2762,#3694,.T.);
#3694 = SURFACE_CURVE('',#3695,(#3699,#3705),.PCURVE_S1.);
#3695 = LINE('',#3696,#3697);
#3696 = CARTESIAN_POINT('',(-48.60348482122,49.888112444082,82.8));
#3697 = VECTOR('',#3698,1.);
#3698 = DIRECTION('',(0.,0.,1.));
#3699 = PCURVE('',#2233,#3700);
#3700 = DEFINITIONAL_REPRESENTATION('',(#3701),#3704);
#3701 = B_SPLINE_CURVE_WITH_KNOTS('',1,(#3702,#3703),.UNSPECIFIED.,.F.,
  .F.,(2,2),(0.9999994,7.0000006),.PIECEWISE_BEZIER_KNOTS.);
#3702 = CARTESIAN_POINT('',(0.9999994,-68.3470689011));
#3703 = CARTESIAN_POINT('',(7.0000006,-68.3470689011));
#3704 = ( GEOMETRIC_REPRESENTATION_CONTEXT(2) 
PARAMETRIC_REPRESENTATION_CONTEXT() REPRESENTATION_CONTEXT('2D SPACE',''
  ) );
#3705 = PCURVE('',#2778,#3706);
#3706 = DEFINITIONAL_REPRESENTATION('',(#3707),#3710);
#3707 = B_SPLINE_CURVE_WITH_KNOTS('',1,(#3708,#3709),.UNSPECIFIED.,.F.,
  .F.,(2,2),(0.9999994,7.0000006),.PIECEWISE_BEZIER_KNOTS.);
#3708 = CARTESIAN_POINT('',(2.343152212284,0.9999994));
#3709 = CARTESIAN_POINT('',(2.343152212284,7.0000006));
#3710 = ( GEOMETRIC_REPRESENTATION_CONTEXT(2) 
PARAMETRIC_REPRESENTATION_CONTEXT() REPRESENTATION_CONTEXT('2D SPACE',''
  ) );
#3711 = ORIENTED_EDGE('',*,*,#3647,.T.);
#3712 = ORIENTED_EDGE('',*,*,#2218,.T.);
#3713 = ORIENTED_EDGE('',*,*,#2790,.T.);
#3714 = ADVANCED_FACE('',(#3715),#2423,.F.);
#3715 = FACE_BOUND('',#3716,.F.);
#3716 = EDGE_LOOP('',(#3717,#3718,#3739,#3758));
#3717 = ORIENTED_EDGE('',*,*,#2408,.F.);
#3718 = ORIENTED_EDGE('',*,*,#3719,.T.);
#3719 = EDGE_CURVE('',#2409,#3720,#3722,.T.);
#3720 = VERTEX_POINT('',#3721);
#3721 = CARTESIAN_POINT('',(65.45729929427,23.800514051178,83.8));
#3722 = SURFACE_CURVE('',#3723,(#3727,#3733),.PCURVE_S1.);
#3723 = LINE('',#3724,#3725);
#3724 = CARTESIAN_POINT('',(62.325527937416,27.300309367864,83.8));
#3725 = VECTOR('',#3726,1.);
#3726 = DIRECTION('',(-0.666839269176,0.745201576142,0.));
#3727 = PCURVE('',#2423,#3728);
#3728 = DEFINITIONAL_REPRESENTATION('',(#3729),#3732);
#3729 = B_SPLINE_CURVE_WITH_KNOTS('',1,(#3730,#3731),.UNSPECIFIED.,.F.,
  .F.,(2,2),(-12.7833984239,58.440148312072),.PIECEWISE_BEZIER_KNOTS.);
#3730 = CARTESIAN_POINT('',(1.,-8.433477506794));
#3731 = CARTESIAN_POINT('',(1.,-79.65702424277));
#3732 = ( GEOMETRIC_REPRESENTATION_CONTEXT(2) 
PARAMETRIC_REPRESENTATION_CONTEXT() REPRESENTATION_CONTEXT('2D SPACE',''
  ) );
#3733 = PCURVE('',#2451,#3734);
#3734 = DEFINITIONAL_REPRESENTATION('',(#3735),#3738);
#3735 = B_SPLINE_CURVE_WITH_KNOTS('',1,(#3736,#3737),.UNSPECIFIED.,.F.,
  .F.,(2,2),(-12.7833984239,58.440148312072),.PIECEWISE_BEZIER_KNOTS.);
#3736 = CARTESIAN_POINT('',(70.85,17.774100713916));
#3737 = CARTESIAN_POINT('',(23.355342146453,70.85));
#3738 = ( GEOMETRIC_REPRESENTATION_CONTEXT(2) 
PARAMETRIC_REPRESENTATION_CONTEXT() REPRESENTATION_CONTEXT('2D SPACE',''
  ) );
#3739 = ORIENTED_EDGE('',*,*,#3740,.T.);
#3740 = EDGE_CURVE('',#3720,#2665,#3741,.T.);
#3741 = SURFACE_CURVE('',#3742,(#3746,#3752),.PCURVE_S1.);
#3742 = LINE('',#3743,#3744);
#3743 = CARTESIAN_POINT('',(65.45729929427,23.800514051178,82.8));
#3744 = VECTOR('',#3745,1.);
#3745 = DIRECTION('',(0.,0.,1.));
#3746 = PCURVE('',#2423,#3747);
#3747 = DEFINITIONAL_REPRESENTATION('',(#3748),#3751);
#3748 = B_SPLINE_CURVE_WITH_KNOTS('',1,(#3749,#3750),.UNSPECIFIED.,.F.,
  .F.,(2,2),(0.9999994,7.0000006),.PIECEWISE_BEZIER_KNOTS.);
#3749 = CARTESIAN_POINT('',(0.9999994,-16.5204348217));
#3750 = CARTESIAN_POINT('',(7.0000006,-16.5204348217));
#3751 = ( GEOMETRIC_REPRESENTATION_CONTEXT(2) 
PARAMETRIC_REPRESENTATION_CONTEXT() REPRESENTATION_CONTEXT('2D SPACE',''
  ) );
#3752 = PCURVE('',#2703,#3753);
#3753 = DEFINITIONAL_REPRESENTATION('',(#3754),#3757);
#3754 = B_SPLINE_CURVE_WITH_KNOTS('',1,(#3755,#3756),.UNSPECIFIED.,.F.,
  .F.,(2,2),(0.9999994,7.0000006),.PIECEWISE_BEZIER_KNOTS.);
#3755 = CARTESIAN_POINT('',(0.348742125174,0.9999994));
#3756 = CARTESIAN_POINT('',(0.348742125174,7.0000006));
#3757 = ( GEOMETRIC_REPRESENTATION_CONTEXT(2) 
PARAMETRIC_REPRESENTATION_CONTEXT() REPRESENTATION_CONTEXT('2D SPACE',''
  ) );
#3758 = ORIENTED_EDGE('',*,*,#2664,.T.);
#3759 = ADVANCED_FACE('',(#3760),#2451,.F.);
#3760 = FACE_BOUND('',#3761,.F.);
#3761 = EDGE_LOOP('',(#3762,#3763,#3764,#3785));
#3762 = ORIENTED_EDGE('',*,*,#3719,.F.);
#3763 = ORIENTED_EDGE('',*,*,#2434,.T.);
#3764 = ORIENTED_EDGE('',*,*,#3765,.F.);
#3765 = EDGE_CURVE('',#3766,#2435,#3768,.T.);
#3766 = VERTEX_POINT('',#3767);
#3767 = CARTESIAN_POINT('',(30.897264500908,62.421803453288,83.8));
#3768 = SURFACE_CURVE('',#3769,(#3773,#3779),.PCURVE_S1.);
#3769 = LINE('',#3770,#3771);
#3770 = CARTESIAN_POINT('',(62.325527937416,27.300309367864,83.8));
#3771 = VECTOR('',#3772,1.);
#3772 = DIRECTION('',(-0.666839269176,0.745201576142,0.));
#3773 = PCURVE('',#2451,#3774);
#3774 = DEFINITIONAL_REPRESENTATION('',(#3775),#3778);
#3775 = B_SPLINE_CURVE_WITH_KNOTS('',1,(#3776,#3777),.UNSPECIFIED.,.F.,
  .F.,(2,2),(-12.7833984239,58.440148312072),.PIECEWISE_BEZIER_KNOTS.);
#3776 = CARTESIAN_POINT('',(70.85,17.774100713916));
#3777 = CARTESIAN_POINT('',(23.355342146453,70.85));
#3778 = ( GEOMETRIC_REPRESENTATION_CONTEXT(2) 
PARAMETRIC_REPRESENTATION_CONTEXT() REPRESENTATION_CONTEXT('2D SPACE',''
  ) );
#3779 = PCURVE('',#2478,#3780);
#3780 = DEFINITIONAL_REPRESENTATION('',(#3781),#3784);
#3781 = B_SPLINE_CURVE_WITH_KNOTS('',1,(#3782,#3783),.UNSPECIFIED.,.F.,
  .F.,(2,2),(-12.7833984239,58.440148312072),.PIECEWISE_BEZIER_KNOTS.);
#3782 = CARTESIAN_POINT('',(1.,-8.433477506794));
#3783 = CARTESIAN_POINT('',(1.,-79.65702424277));
#3784 = ( GEOMETRIC_REPRESENTATION_CONTEXT(2) 
PARAMETRIC_REPRESENTATION_CONTEXT() REPRESENTATION_CONTEXT('2D SPACE',''
  ) );
#3785 = ORIENTED_EDGE('',*,*,#3786,.F.);
#3786 = EDGE_CURVE('',#3720,#3766,#3787,.T.);
#3787 = SURFACE_CURVE('',#3788,(#3793,#3800),.PCURVE_S1.);
#3788 = CIRCLE('',#3789,69.65);
#3789 = AXIS2_PLACEMENT_3D('',#3790,#3791,#3792);
#3790 = CARTESIAN_POINT('',(0.,0.,83.8));
#3791 = DIRECTION('',(0.,0.,1.));
#3792 = DIRECTION('',(1.,0.,-0.));
#3793 = PCURVE('',#2451,#3794);
#3794 = DEFINITIONAL_REPRESENTATION('',(#3795),#3799);
#3795 = CIRCLE('',#3796,69.65);
#3796 = AXIS2_PLACEMENT_2D('',#3797,#3798);
#3797 = CARTESIAN_POINT('',(0.,0.));
#3798 = DIRECTION('',(1.,0.));
#3799 = ( GEOMETRIC_REPRESENTATION_CONTEXT(2) 
PARAMETRIC_REPRESENTATION_CONTEXT() REPRESENTATION_CONTEXT('2D SPACE',''
  ) );
#3800 = PCURVE('',#2703,#3801);
#3801 = DEFINITIONAL_REPRESENTATION('',(#3802),#3806);
#3802 = LINE('',#3803,#3804);
#3803 = CARTESIAN_POINT('',(0.,1.));
#3804 = VECTOR('',#3805,1.);
#3805 = DIRECTION('',(1.,0.));
#3806 = ( GEOMETRIC_REPRESENTATION_CONTEXT(2) 
PARAMETRIC_REPRESENTATION_CONTEXT() REPRESENTATION_CONTEXT('2D SPACE',''
  ) );
#3807 = ADVANCED_FACE('',(#3808),#2478,.F.);
#3808 = FACE_BOUND('',#3809,.F.);
#3809 = EDGE_LOOP('',(#3810,#3829,#3830,#3831));
#3810 = ORIENTED_EDGE('',*,*,#3811,.F.);
#3811 = EDGE_CURVE('',#3766,#2687,#3812,.T.);
#3812 = SURFACE_CURVE('',#3813,(#3817,#3823),.PCURVE_S1.);
#3813 = LINE('',#3814,#3815);
#3814 = CARTESIAN_POINT('',(30.897264500908,62.421803453288,82.8));
#3815 = VECTOR('',#3816,1.);
#3816 = DIRECTION('',(0.,0.,1.));
#3817 = PCURVE('',#2478,#3818);
#3818 = DEFINITIONAL_REPRESENTATION('',(#3819),#3822);
#3819 = B_SPLINE_CURVE_WITH_KNOTS('',1,(#3820,#3821),.UNSPECIFIED.,.F.,
  .F.,(2,2),(0.9999994,7.0000006),.PIECEWISE_BEZIER_KNOTS.);
#3820 = CARTESIAN_POINT('',(0.9999994,-68.3470689011));
#3821 = CARTESIAN_POINT('',(7.0000006,-68.3470689011));
#3822 = ( GEOMETRIC_REPRESENTATION_CONTEXT(2) 
PARAMETRIC_REPRESENTATION_CONTEXT() REPRESENTATION_CONTEXT('2D SPACE',''
  ) );
#3823 = PCURVE('',#2703,#3824);
#3824 = DEFINITIONAL_REPRESENTATION('',(#3825),#3828);
#3825 = B_SPLINE_CURVE_WITH_KNOTS('',1,(#3826,#3827),.UNSPECIFIED.,.F.,
  .F.,(2,2),(0.9999994,7.0000006),.PIECEWISE_BEZIER_KNOTS.);
#3826 = CARTESIAN_POINT('',(1.111176376391,0.9999994));
#3827 = CARTESIAN_POINT('',(1.111176376391,7.0000006));
#3828 = ( GEOMETRIC_REPRESENTATION_CONTEXT(2) 
PARAMETRIC_REPRESENTATION_CONTEXT() REPRESENTATION_CONTEXT('2D SPACE',''
  ) );
#3829 = ORIENTED_EDGE('',*,*,#3765,.T.);
#3830 = ORIENTED_EDGE('',*,*,#2463,.T.);
#3831 = ORIENTED_EDGE('',*,*,#2715,.T.);
#3832 = ADVANCED_FACE('',(#3833),#3128,.F.);
#3833 = FACE_BOUND('',#3834,.F.);
#3834 = EDGE_LOOP('',(#3835,#3856,#3882,#3901));
#3835 = ORIENTED_EDGE('',*,*,#3836,.F.);
#3836 = EDGE_CURVE('',#3837,#3113,#3839,.T.);
#3837 = VERTEX_POINT('',#3838);
#3838 = CARTESIAN_POINT('',(-35.06300124408,30.160378707124,79.8));
#3839 = SURFACE_CURVE('',#3840,(#3844,#3850),.PCURVE_S1.);
#3840 = LINE('',#3841,#3842);
#3841 = CARTESIAN_POINT('',(-35.06300124408,30.160378707124,78.8));
#3842 = VECTOR('',#3843,1.);
#3843 = DIRECTION('',(0.,0.,1.));
#3844 = PCURVE('',#3128,#3845);
#3845 = DEFINITIONAL_REPRESENTATION('',(#3846),#3849);
#3846 = B_SPLINE_CURVE_WITH_KNOTS('',1,(#3847,#3848),.UNSPECIFIED.,.F.,
  .F.,(2,2),(0.9999994,11.0000006),.PIECEWISE_BEZIER_KNOTS.);
#3847 = CARTESIAN_POINT('',(0.9999994,-49.33543539621));
#3848 = CARTESIAN_POINT('',(11.0000006,-49.33543539621));
#3849 = ( GEOMETRIC_REPRESENTATION_CONTEXT(2) 
PARAMETRIC_REPRESENTATION_CONTEXT() REPRESENTATION_CONTEXT('2D SPACE',''
  ) );
#3850 = PCURVE('',#3212,#3851);
#3851 = DEFINITIONAL_REPRESENTATION('',(#3852),#3855);
#3852 = B_SPLINE_CURVE_WITH_KNOTS('',1,(#3853,#3854),.UNSPECIFIED.,.F.,
  .F.,(2,2),(0.9999994,11.0000006),.PIECEWISE_BEZIER_KNOTS.);
#3853 = CARTESIAN_POINT('',(2.431220047037,0.9999994));
#3854 = CARTESIAN_POINT('',(2.431220047037,11.0000006));
#3855 = ( GEOMETRIC_REPRESENTATION_CONTEXT(2) 
PARAMETRIC_REPRESENTATION_CONTEXT() REPRESENTATION_CONTEXT('2D SPACE',''
  ) );
#3856 = ORIENTED_EDGE('',*,*,#3857,.T.);
#3857 = EDGE_CURVE('',#3837,#3858,#3860,.T.);
#3858 = VERTEX_POINT('',#3859);
#3859 = CARTESIAN_POINT('',(-37.40589852657,29.194199002875,79.8));
#3860 = SURFACE_CURVE('',#3861,(#3865,#3871),.PCURVE_S1.);
#3861 = LINE('',#3862,#3863);
#3862 = CARTESIAN_POINT('',(-2.58990379181,43.551852557462,79.8));
#3863 = VECTOR('',#3864,1.);
#3864 = DIRECTION('',(-0.924475516938,-0.381241417716,0.));
#3865 = PCURVE('',#3128,#3866);
#3866 = DEFINITIONAL_REPRESENTATION('',(#3867),#3870);
#3867 = B_SPLINE_CURVE_WITH_KNOTS('',1,(#3868,#3869),.UNSPECIFIED.,.F.,
  .F.,(2,2),(-10.22487920092,42.628402099296),.PIECEWISE_BEZIER_KNOTS.);
#3868 = CARTESIAN_POINT('',(1.,-3.984588165511));
#3869 = CARTESIAN_POINT('',(1.,-56.83786946572));
#3870 = ( GEOMETRIC_REPRESENTATION_CONTEXT(2) 
PARAMETRIC_REPRESENTATION_CONTEXT() REPRESENTATION_CONTEXT('2D SPACE',''
  ) );
#3871 = PCURVE('',#3872,#3877);
#3872 = PLANE('',#3873);
#3873 = AXIS2_PLACEMENT_3D('',#3874,#3875,#3876);
#3874 = CARTESIAN_POINT('',(0.,0.,79.8));
#3875 = DIRECTION('',(0.,0.,1.));
#3876 = DIRECTION('',(1.,0.,0.));
#3877 = DEFINITIONAL_REPRESENTATION('',(#3878),#3881);
#3878 = B_SPLINE_CURVE_WITH_KNOTS('',1,(#3879,#3880),.UNSPECIFIED.,.F.,
  .F.,(2,2),(-10.22487920092,42.628402099296),.PIECEWISE_BEZIER_KNOTS.);
#3879 = CARTESIAN_POINT('',(6.862746693089,47.45));
#3880 = CARTESIAN_POINT('',(-41.99881785879,27.300140106139));
#3881 = ( GEOMETRIC_REPRESENTATION_CONTEXT(2) 
PARAMETRIC_REPRESENTATION_CONTEXT() REPRESENTATION_CONTEXT('2D SPACE',''
  ) );
#3882 = ORIENTED_EDGE('',*,*,#3883,.T.);
#3883 = EDGE_CURVE('',#3858,#3111,#3884,.T.);
#3884 = SURFACE_CURVE('',#3885,(#3889,#3895),.PCURVE_S1.);
#3885 = LINE('',#3886,#3887);
#3886 = CARTESIAN_POINT('',(-37.40589852657,29.194199002875,79.8));
#3887 = VECTOR('',#3888,1.);
#3888 = DIRECTION('',(0.,0.,1.));
#3889 = PCURVE('',#3128,#3890);
#3890 = DEFINITIONAL_REPRESENTATION('',(#3891),#3894);
#3891 = B_SPLINE_CURVE_WITH_KNOTS('',1,(#3892,#3893),.UNSPECIFIED.,.F.,
  .F.,(2,2),(-6.000000070117E-07,10.0000006),.PIECEWISE_BEZIER_KNOTS.);
#3892 = CARTESIAN_POINT('',(0.9999994,-51.86973429279));
#3893 = CARTESIAN_POINT('',(11.0000006,-51.86973429279));
#3894 = ( GEOMETRIC_REPRESENTATION_CONTEXT(2) 
PARAMETRIC_REPRESENTATION_CONTEXT() REPRESENTATION_CONTEXT('2D SPACE',''
  ) );
#3895 = PCURVE('',#3157,#3896);
#3896 = DEFINITIONAL_REPRESENTATION('',(#3897),#3900);
#3897 = B_SPLINE_CURVE_WITH_KNOTS('',1,(#3898,#3899),.UNSPECIFIED.,.F.,
  .F.,(2,2),(-6.000000070117E-07,10.0000006),.PIECEWISE_BEZIER_KNOTS.);
#3898 = CARTESIAN_POINT('',(2.478873921743,-6.000000070117E-07));
#3899 = CARTESIAN_POINT('',(2.478873921743,10.0000006));
#3900 = ( GEOMETRIC_REPRESENTATION_CONTEXT(2) 
PARAMETRIC_REPRESENTATION_CONTEXT() REPRESENTATION_CONTEXT('2D SPACE',''
  ) );
#3901 = ORIENTED_EDGE('',*,*,#3110,.T.);
#3902 = ADVANCED_FACE('',(#3903),#3212,.F.);
#3903 = FACE_BOUND('',#3904,.F.);
#3904 = EDGE_LOOP('',(#3905,#3906,#3927,#3949));
#3905 = ORIENTED_EDGE('',*,*,#3197,.F.);
#3906 = ORIENTED_EDGE('',*,*,#3907,.F.);
#3907 = EDGE_CURVE('',#3908,#3170,#3910,.T.);
#3908 = VERTEX_POINT('',#3909);
#3909 = CARTESIAN_POINT('',(3.61058428248,46.108851440251,79.8));
#3910 = SURFACE_CURVE('',#3911,(#3915,#3921),.PCURVE_S1.);
#3911 = LINE('',#3912,#3913);
#3912 = CARTESIAN_POINT('',(3.61058428248,46.108851440251,78.8));
#3913 = VECTOR('',#3914,1.);
#3914 = DIRECTION('',(0.,0.,1.));
#3915 = PCURVE('',#3212,#3916);
#3916 = DEFINITIONAL_REPRESENTATION('',(#3917),#3920);
#3917 = B_SPLINE_CURVE_WITH_KNOTS('',1,(#3918,#3919),.UNSPECIFIED.,.F.,
  .F.,(2,2),(0.9999994,11.0000006),.PIECEWISE_BEZIER_KNOTS.);
#3918 = CARTESIAN_POINT('',(1.492650126313,0.9999994));
#3919 = CARTESIAN_POINT('',(1.492650126313,11.0000006));
#3920 = ( GEOMETRIC_REPRESENTATION_CONTEXT(2) 
PARAMETRIC_REPRESENTATION_CONTEXT() REPRESENTATION_CONTEXT('2D SPACE',''
  ) );
#3921 = PCURVE('',#3185,#3922);
#3922 = DEFINITIONAL_REPRESENTATION('',(#3923),#3926);
#3923 = B_SPLINE_CURVE_WITH_KNOTS('',1,(#3924,#3925),.UNSPECIFIED.,.F.,
  .F.,(2,2),(0.9999994,11.0000006),.PIECEWISE_BEZIER_KNOTS.);
#3924 = CARTESIAN_POINT('',(0.9999994,-7.502434069512));
#3925 = CARTESIAN_POINT('',(11.0000006,-7.502434069512));
#3926 = ( GEOMETRIC_REPRESENTATION_CONTEXT(2) 
PARAMETRIC_REPRESENTATION_CONTEXT() REPRESENTATION_CONTEXT('2D SPACE',''
  ) );
#3927 = ORIENTED_EDGE('',*,*,#3928,.T.);
#3928 = EDGE_CURVE('',#3908,#3837,#3929,.T.);
#3929 = SURFACE_CURVE('',#3930,(#3935,#3942),.PCURVE_S1.);
#3930 = CIRCLE('',#3931,46.25);
#3931 = AXIS2_PLACEMENT_3D('',#3932,#3933,#3934);
#3932 = CARTESIAN_POINT('',(0.,0.,79.8));
#3933 = DIRECTION('',(0.,0.,1.));
#3934 = DIRECTION('',(1.,0.,-0.));
#3935 = PCURVE('',#3212,#3936);
#3936 = DEFINITIONAL_REPRESENTATION('',(#3937),#3941);
#3937 = LINE('',#3938,#3939);
#3938 = CARTESIAN_POINT('',(0.,1.));
#3939 = VECTOR('',#3940,1.);
#3940 = DIRECTION('',(1.,0.));
#3941 = ( GEOMETRIC_REPRESENTATION_CONTEXT(2) 
PARAMETRIC_REPRESENTATION_CONTEXT() REPRESENTATION_CONTEXT('2D SPACE',''
  ) );
#3942 = PCURVE('',#3872,#3943);
#3943 = DEFINITIONAL_REPRESENTATION('',(#3944),#3948);
#3944 = CIRCLE('',#3945,46.25);
#3945 = AXIS2_PLACEMENT_2D('',#3946,#3947);
#3946 = CARTESIAN_POINT('',(0.,0.));
#3947 = DIRECTION('',(1.,0.));
#3948 = ( GEOMETRIC_REPRESENTATION_CONTEXT(2) 
PARAMETRIC_REPRESENTATION_CONTEXT() REPRESENTATION_CONTEXT('2D SPACE',''
  ) );
#3949 = ORIENTED_EDGE('',*,*,#3836,.T.);
#3950 = ADVANCED_FACE('',(#3951),#3185,.F.);
#3951 = FACE_BOUND('',#3952,.F.);
#3952 = EDGE_LOOP('',(#3953,#3974,#3993,#3994));
#3953 = ORIENTED_EDGE('',*,*,#3954,.F.);
#3954 = EDGE_CURVE('',#3955,#3141,#3957,.T.);
#3955 = VERTEX_POINT('',#3956);
#3956 = CARTESIAN_POINT('',(5.953481564969,47.075031144499,79.8));
#3957 = SURFACE_CURVE('',#3958,(#3962,#3968),.PCURVE_S1.);
#3958 = LINE('',#3959,#3960);
#3959 = CARTESIAN_POINT('',(5.953481564969,47.075031144499,79.8));
#3960 = VECTOR('',#3961,1.);
#3961 = DIRECTION('',(0.,0.,1.));
#3962 = PCURVE('',#3185,#3963);
#3963 = DEFINITIONAL_REPRESENTATION('',(#3964),#3967);
#3964 = B_SPLINE_CURVE_WITH_KNOTS('',1,(#3965,#3966),.UNSPECIFIED.,.F.,
  .F.,(2,2),(-6.000000070117E-07,10.0000006),.PIECEWISE_BEZIER_KNOTS.);
#3965 = CARTESIAN_POINT('',(0.9999994,-4.968135172934));
#3966 = CARTESIAN_POINT('',(11.0000006,-4.968135172934));
#3967 = ( GEOMETRIC_REPRESENTATION_CONTEXT(2) 
PARAMETRIC_REPRESENTATION_CONTEXT() REPRESENTATION_CONTEXT('2D SPACE',''
  ) );
#3968 = PCURVE('',#3157,#3969);
#3969 = DEFINITIONAL_REPRESENTATION('',(#3970),#3973);
#3970 = B_SPLINE_CURVE_WITH_KNOTS('',1,(#3971,#3972),.UNSPECIFIED.,.F.,
  .F.,(2,2),(-6.000000070117E-07,10.0000006),.PIECEWISE_BEZIER_KNOTS.);
#3971 = CARTESIAN_POINT('',(1.444996251607,-6.000000070117E-07));
#3972 = CARTESIAN_POINT('',(1.444996251607,10.0000006));
#3973 = ( GEOMETRIC_REPRESENTATION_CONTEXT(2) 
PARAMETRIC_REPRESENTATION_CONTEXT() REPRESENTATION_CONTEXT('2D SPACE',''
  ) );
#3974 = ORIENTED_EDGE('',*,*,#3975,.T.);
#3975 = EDGE_CURVE('',#3955,#3908,#3976,.T.);
#3976 = SURFACE_CURVE('',#3977,(#3981,#3987),.PCURVE_S1.);
#3977 = LINE('',#3978,#3979);
#3978 = CARTESIAN_POINT('',(-2.58990379181,43.551852557462,79.8));
#3979 = VECTOR('',#3980,1.);
#3980 = DIRECTION('',(-0.924475516938,-0.381241417716,0.));
#3981 = PCURVE('',#3185,#3982);
#3982 = DEFINITIONAL_REPRESENTATION('',(#3983),#3986);
#3983 = B_SPLINE_CURVE_WITH_KNOTS('',1,(#3984,#3985),.UNSPECIFIED.,.F.,
  .F.,(2,2),(-10.22487920092,42.628402099296),.PIECEWISE_BEZIER_KNOTS.);
#3984 = CARTESIAN_POINT('',(1.,-3.984588165511));
#3985 = CARTESIAN_POINT('',(1.,-56.83786946572));
#3986 = ( GEOMETRIC_REPRESENTATION_CONTEXT(2) 
PARAMETRIC_REPRESENTATION_CONTEXT() REPRESENTATION_CONTEXT('2D SPACE',''
  ) );
#3987 = PCURVE('',#3872,#3988);
#3988 = DEFINITIONAL_REPRESENTATION('',(#3989),#3992);
#3989 = B_SPLINE_CURVE_WITH_KNOTS('',1,(#3990,#3991),.UNSPECIFIED.,.F.,
  .F.,(2,2),(-10.22487920092,42.628402099296),.PIECEWISE_BEZIER_KNOTS.);
#3990 = CARTESIAN_POINT('',(6.862746693089,47.45));
#3991 = CARTESIAN_POINT('',(-41.99881785879,27.300140106139));
#3992 = ( GEOMETRIC_REPRESENTATION_CONTEXT(2) 
PARAMETRIC_REPRESENTATION_CONTEXT() REPRESENTATION_CONTEXT('2D SPACE',''
  ) );
#3993 = ORIENTED_EDGE('',*,*,#3907,.T.);
#3994 = ORIENTED_EDGE('',*,*,#3169,.T.);
#3995 = ADVANCED_FACE('',(#3996),#3157,.T.);
#3996 = FACE_BOUND('',#3997,.T.);
#3997 = EDGE_LOOP('',(#3998,#3999,#4000,#4001));
#3998 = ORIENTED_EDGE('',*,*,#3883,.T.);
#3999 = ORIENTED_EDGE('',*,*,#3140,.F.);
#4000 = ORIENTED_EDGE('',*,*,#3954,.F.);
#4001 = ORIENTED_EDGE('',*,*,#4002,.T.);
#4002 = EDGE_CURVE('',#3955,#3858,#4003,.T.);
#4003 = SURFACE_CURVE('',#4004,(#4009,#4016),.PCURVE_S1.);
#4004 = CIRCLE('',#4005,47.45);
#4005 = AXIS2_PLACEMENT_3D('',#4006,#4007,#4008);
#4006 = CARTESIAN_POINT('',(0.,0.,79.8));
#4007 = DIRECTION('',(0.,0.,1.));
#4008 = DIRECTION('',(1.,0.,0.));
#4009 = PCURVE('',#3157,#4010);
#4010 = DEFINITIONAL_REPRESENTATION('',(#4011),#4015);
#4011 = LINE('',#4012,#4013);
#4012 = CARTESIAN_POINT('',(0.,0.));
#4013 = VECTOR('',#4014,1.);
#4014 = DIRECTION('',(1.,0.));
#4015 = ( GEOMETRIC_REPRESENTATION_CONTEXT(2) 
PARAMETRIC_REPRESENTATION_CONTEXT() REPRESENTATION_CONTEXT('2D SPACE',''
  ) );
#4016 = PCURVE('',#3872,#4017);
#4017 = DEFINITIONAL_REPRESENTATION('',(#4018),#4022);
#4018 = CIRCLE('',#4019,47.45);
#4019 = AXIS2_PLACEMENT_2D('',#4020,#4021);
#4020 = CARTESIAN_POINT('',(0.,0.));
#4021 = DIRECTION('',(1.,0.));
#4022 = ( GEOMETRIC_REPRESENTATION_CONTEXT(2) 
PARAMETRIC_REPRESENTATION_CONTEXT() REPRESENTATION_CONTEXT('2D SPACE',''
  ) );
#4023 = ADVANCED_FACE('',(#4024),#2778,.F.);
#4024 = FACE_BOUND('',#4025,.F.);
#4025 = EDGE_LOOP('',(#4026,#4027,#4028,#4029));
#4026 = ORIENTED_EDGE('',*,*,#2761,.F.);
#4027 = ORIENTED_EDGE('',*,*,#3622,.F.);
#4028 = ORIENTED_EDGE('',*,*,#3668,.T.);
#4029 = ORIENTED_EDGE('',*,*,#3693,.T.);
#4030 = ADVANCED_FACE('',(#4031),#2703,.F.);
#4031 = FACE_BOUND('',#4032,.F.);
#4032 = EDGE_LOOP('',(#4033,#4034,#4035,#4036));
#4033 = ORIENTED_EDGE('',*,*,#2686,.F.);
#4034 = ORIENTED_EDGE('',*,*,#3740,.F.);
#4035 = ORIENTED_EDGE('',*,*,#3786,.T.);
#4036 = ORIENTED_EDGE('',*,*,#3811,.T.);
#4037 = ADVANCED_FACE('',(#4038),#3244,.F.);
#4038 = FACE_BOUND('',#4039,.F.);
#4039 = EDGE_LOOP('',(#4040,#4061,#4087,#4106));
#4040 = ORIENTED_EDGE('',*,*,#4041,.F.);
#4041 = EDGE_CURVE('',#4042,#3229,#4044,.T.);
#4042 = VERTEX_POINT('',#4043);
#4043 = CARTESIAN_POINT('',(16.791620999793,43.094129115221,79.8));
#4044 = SURFACE_CURVE('',#4045,(#4049,#4055),.PCURVE_S1.);
#4045 = LINE('',#4046,#4047);
#4046 = CARTESIAN_POINT('',(16.791620999793,43.094129115221,78.8));
#4047 = VECTOR('',#4048,1.);
#4048 = DIRECTION('',(0.,0.,1.));
#4049 = PCURVE('',#3244,#4050);
#4050 = DEFINITIONAL_REPRESENTATION('',(#4051),#4054);
#4051 = B_SPLINE_CURVE_WITH_KNOTS('',1,(#4052,#4053),.UNSPECIFIED.,.F.,
  .F.,(2,2),(0.9999994,11.0000006),.PIECEWISE_BEZIER_KNOTS.);
#4052 = CARTESIAN_POINT('',(0.9999994,-49.33543539621));
#4053 = CARTESIAN_POINT('',(11.0000006,-49.33543539621));
#4054 = ( GEOMETRIC_REPRESENTATION_CONTEXT(2) 
PARAMETRIC_REPRESENTATION_CONTEXT() REPRESENTATION_CONTEXT('2D SPACE',''
  ) );
#4055 = PCURVE('',#3327,#4056);
#4056 = DEFINITIONAL_REPRESENTATION('',(#4057),#4060);
#4057 = B_SPLINE_CURVE_WITH_KNOTS('',1,(#4058,#4059),.UNSPECIFIED.,.F.,
  .F.,(2,2),(0.9999994,11.0000006),.PIECEWISE_BEZIER_KNOTS.);
#4058 = CARTESIAN_POINT('',(1.199244211145,0.9999994));
#4059 = CARTESIAN_POINT('',(1.199244211145,11.0000006));
#4060 = ( GEOMETRIC_REPRESENTATION_CONTEXT(2) 
PARAMETRIC_REPRESENTATION_CONTEXT() REPRESENTATION_CONTEXT('2D SPACE',''
  ) );
#4061 = ORIENTED_EDGE('',*,*,#4062,.T.);
#4062 = EDGE_CURVE('',#4042,#4063,#4065,.T.);
#4063 = VERTEX_POINT('',#4064);
#4064 = CARTESIAN_POINT('',(15.101650975725,44.982692647366,79.8));
#4065 = SURFACE_CURVE('',#4066,(#4070,#4076),.PCURVE_S1.);
#4066 = LINE('',#4067,#4068);
#4067 = CARTESIAN_POINT('',(40.214995849876,16.918202375908,79.8));
#4068 = VECTOR('',#4069,1.);
#4069 = DIRECTION('',(-0.666839269176,0.745201576142,0.));
#4070 = PCURVE('',#3244,#4071);
#4071 = DEFINITIONAL_REPRESENTATION('',(#4072),#4075);
#4072 = B_SPLINE_CURVE_WITH_KNOTS('',1,(#4073,#4074),.UNSPECIFIED.,.F.,
  .F.,(2,2),(-10.84969719774,40.971193032298),.PIECEWISE_BEZIER_KNOTS.);
#4073 = CARTESIAN_POINT('',(1.,-3.35977016869));
#4074 = CARTESIAN_POINT('',(1.,-55.18066039873));
#4075 = ( GEOMETRIC_REPRESENTATION_CONTEXT(2) 
PARAMETRIC_REPRESENTATION_CONTEXT() REPRESENTATION_CONTEXT('2D SPACE',''
  ) );
#4076 = PCURVE('',#4077,#4082);
#4077 = PLANE('',#4078);
#4078 = AXIS2_PLACEMENT_3D('',#4079,#4080,#4081);
#4079 = CARTESIAN_POINT('',(0.,0.,79.8));
#4080 = DIRECTION('',(0.,0.,1.));
#4081 = DIRECTION('',(1.,0.,0.));
#4082 = DEFINITIONAL_REPRESENTATION('',(#4083),#4086);
#4083 = B_SPLINE_CURVE_WITH_KNOTS('',1,(#4084,#4085),.UNSPECIFIED.,.F.,
  .F.,(2,2),(-10.84969719774,40.971193032298),.PIECEWISE_BEZIER_KNOTS.);
#4084 = CARTESIAN_POINT('',(47.45,8.832990923485));
#4085 = CARTESIAN_POINT('',(12.893795430946,47.45));
#4086 = ( GEOMETRIC_REPRESENTATION_CONTEXT(2) 
PARAMETRIC_REPRESENTATION_CONTEXT() REPRESENTATION_CONTEXT('2D SPACE',''
  ) );
#4087 = ORIENTED_EDGE('',*,*,#4088,.T.);
#4088 = EDGE_CURVE('',#4063,#3227,#4089,.T.);
#4089 = SURFACE_CURVE('',#4090,(#4094,#4100),.PCURVE_S1.);
#4090 = LINE('',#4091,#4092);
#4091 = CARTESIAN_POINT('',(15.101650975725,44.982692647366,79.8));
#4092 = VECTOR('',#4093,1.);
#4093 = DIRECTION('',(0.,0.,1.));
#4094 = PCURVE('',#3244,#4095);
#4095 = DEFINITIONAL_REPRESENTATION('',(#4096),#4099);
#4096 = B_SPLINE_CURVE_WITH_KNOTS('',1,(#4097,#4098),.UNSPECIFIED.,.F.,
  .F.,(2,2),(-6.000000070117E-07,10.0000006),.PIECEWISE_BEZIER_KNOTS.);
#4097 = CARTESIAN_POINT('',(0.9999994,-51.86973429279));
#4098 = CARTESIAN_POINT('',(11.0000006,-51.86973429279));
#4099 = ( GEOMETRIC_REPRESENTATION_CONTEXT(2) 
PARAMETRIC_REPRESENTATION_CONTEXT() REPRESENTATION_CONTEXT('2D SPACE',''
  ) );
#4100 = PCURVE('',#3273,#4101);
#4101 = DEFINITIONAL_REPRESENTATION('',(#4102),#4105);
#4102 = B_SPLINE_CURVE_WITH_KNOTS('',1,(#4103,#4104),.UNSPECIFIED.,.F.,
  .F.,(2,2),(-6.000000070117E-07,10.0000006),.PIECEWISE_BEZIER_KNOTS.);
#4103 = CARTESIAN_POINT('',(1.24689808585,-6.000000070117E-07));
#4104 = CARTESIAN_POINT('',(1.24689808585,10.0000006));
#4105 = ( GEOMETRIC_REPRESENTATION_CONTEXT(2) 
PARAMETRIC_REPRESENTATION_CONTEXT() REPRESENTATION_CONTEXT('2D SPACE',''
  ) );
#4106 = ORIENTED_EDGE('',*,*,#3226,.T.);
#4107 = ADVANCED_FACE('',(#4108),#3273,.T.);
#4108 = FACE_BOUND('',#4109,.T.);
#4109 = EDGE_LOOP('',(#4110,#4111,#4132,#4154));
#4110 = ORIENTED_EDGE('',*,*,#3256,.F.);
#4111 = ORIENTED_EDGE('',*,*,#4112,.F.);
#4112 = EDGE_CURVE('',#4113,#3257,#4115,.T.);
#4113 = VERTEX_POINT('',#4114);
#4114 = CARTESIAN_POINT('',(46.377479056001,10.03154705966,79.8));
#4115 = SURFACE_CURVE('',#4116,(#4120,#4126),.PCURVE_S1.);
#4116 = LINE('',#4117,#4118);
#4117 = CARTESIAN_POINT('',(46.377479056001,10.03154705966,79.8));
#4118 = VECTOR('',#4119,1.);
#4119 = DIRECTION('',(0.,0.,1.));
#4120 = PCURVE('',#3273,#4121);
#4121 = DEFINITIONAL_REPRESENTATION('',(#4122),#4125);
#4122 = B_SPLINE_CURVE_WITH_KNOTS('',1,(#4123,#4124),.UNSPECIFIED.,.F.,
  .F.,(2,2),(-6.000000070117E-07,10.0000006),.PIECEWISE_BEZIER_KNOTS.);
#4123 = CARTESIAN_POINT('',(0.213020415714,-6.000000070117E-07));
#4124 = CARTESIAN_POINT('',(0.213020415714,10.0000006));
#4125 = ( GEOMETRIC_REPRESENTATION_CONTEXT(2) 
PARAMETRIC_REPRESENTATION_CONTEXT() REPRESENTATION_CONTEXT('2D SPACE',''
  ) );
#4126 = PCURVE('',#3301,#4127);
#4127 = DEFINITIONAL_REPRESENTATION('',(#4128),#4131);
#4128 = B_SPLINE_CURVE_WITH_KNOTS('',1,(#4129,#4130),.UNSPECIFIED.,.F.,
  .F.,(2,2),(-6.000000070117E-07,10.0000006),.PIECEWISE_BEZIER_KNOTS.);
#4129 = CARTESIAN_POINT('',(0.9999994,-4.968135172934));
#4130 = CARTESIAN_POINT('',(11.0000006,-4.968135172934));
#4131 = ( GEOMETRIC_REPRESENTATION_CONTEXT(2) 
PARAMETRIC_REPRESENTATION_CONTEXT() REPRESENTATION_CONTEXT('2D SPACE',''
  ) );
#4132 = ORIENTED_EDGE('',*,*,#4133,.T.);
#4133 = EDGE_CURVE('',#4113,#4063,#4134,.T.);
#4134 = SURFACE_CURVE('',#4135,(#4140,#4147),.PCURVE_S1.);
#4135 = CIRCLE('',#4136,47.45);
#4136 = AXIS2_PLACEMENT_3D('',#4137,#4138,#4139);
#4137 = CARTESIAN_POINT('',(0.,0.,79.8));
#4138 = DIRECTION('',(0.,0.,1.));
#4139 = DIRECTION('',(1.,0.,0.));
#4140 = PCURVE('',#3273,#4141);
#4141 = DEFINITIONAL_REPRESENTATION('',(#4142),#4146);
#4142 = LINE('',#4143,#4144);
#4143 = CARTESIAN_POINT('',(0.,0.));
#4144 = VECTOR('',#4145,1.);
#4145 = DIRECTION('',(1.,0.));
#4146 = ( GEOMETRIC_REPRESENTATION_CONTEXT(2) 
PARAMETRIC_REPRESENTATION_CONTEXT() REPRESENTATION_CONTEXT('2D SPACE',''
  ) );
#4147 = PCURVE('',#4077,#4148);
#4148 = DEFINITIONAL_REPRESENTATION('',(#4149),#4153);
#4149 = CIRCLE('',#4150,47.45);
#4150 = AXIS2_PLACEMENT_2D('',#4151,#4152);
#4151 = CARTESIAN_POINT('',(0.,0.));
#4152 = DIRECTION('',(1.,0.));
#4153 = ( GEOMETRIC_REPRESENTATION_CONTEXT(2) 
PARAMETRIC_REPRESENTATION_CONTEXT() REPRESENTATION_CONTEXT('2D SPACE',''
  ) );
#4154 = ORIENTED_EDGE('',*,*,#4088,.T.);
#4155 = ADVANCED_FACE('',(#4156),#3327,.F.);
#4156 = FACE_BOUND('',#4157,.F.);
#4157 = EDGE_LOOP('',(#4158,#4159,#4180,#4202));
#4158 = ORIENTED_EDGE('',*,*,#3312,.F.);
#4159 = ORIENTED_EDGE('',*,*,#4160,.F.);
#4160 = EDGE_CURVE('',#4161,#3286,#4163,.T.);
#4161 = VERTEX_POINT('',#4162);
#4162 = CARTESIAN_POINT('',(44.687509031933,11.920110591805,79.8));
#4163 = SURFACE_CURVE('',#4164,(#4168,#4174),.PCURVE_S1.);
#4164 = LINE('',#4165,#4166);
#4165 = CARTESIAN_POINT('',(44.687509031933,11.920110591805,78.8));
#4166 = VECTOR('',#4167,1.);
#4167 = DIRECTION('',(0.,0.,1.));
#4168 = PCURVE('',#3327,#4169);
#4169 = DEFINITIONAL_REPRESENTATION('',(#4170),#4173);
#4170 = B_SPLINE_CURVE_WITH_KNOTS('',1,(#4171,#4172),.UNSPECIFIED.,.F.,
  .F.,(2,2),(0.9999994,11.0000006),.PIECEWISE_BEZIER_KNOTS.);
#4171 = CARTESIAN_POINT('',(0.26067429042,0.9999994));
#4172 = CARTESIAN_POINT('',(0.26067429042,11.0000006));
#4173 = ( GEOMETRIC_REPRESENTATION_CONTEXT(2) 
PARAMETRIC_REPRESENTATION_CONTEXT() REPRESENTATION_CONTEXT('2D SPACE',''
  ) );
#4174 = PCURVE('',#3301,#4175);
#4175 = DEFINITIONAL_REPRESENTATION('',(#4176),#4179);
#4176 = B_SPLINE_CURVE_WITH_KNOTS('',1,(#4177,#4178),.UNSPECIFIED.,.F.,
  .F.,(2,2),(0.9999994,11.0000006),.PIECEWISE_BEZIER_KNOTS.);
#4177 = CARTESIAN_POINT('',(0.9999994,-7.502434069512));
#4178 = CARTESIAN_POINT('',(11.0000006,-7.502434069512));
#4179 = ( GEOMETRIC_REPRESENTATION_CONTEXT(2) 
PARAMETRIC_REPRESENTATION_CONTEXT() REPRESENTATION_CONTEXT('2D SPACE',''
  ) );
#4180 = ORIENTED_EDGE('',*,*,#4181,.T.);
#4181 = EDGE_CURVE('',#4161,#4042,#4182,.T.);
#4182 = SURFACE_CURVE('',#4183,(#4188,#4195),.PCURVE_S1.);
#4183 = CIRCLE('',#4184,46.25);
#4184 = AXIS2_PLACEMENT_3D('',#4185,#4186,#4187);
#4185 = CARTESIAN_POINT('',(0.,0.,79.8));
#4186 = DIRECTION('',(0.,0.,1.));
#4187 = DIRECTION('',(1.,0.,-0.));
#4188 = PCURVE('',#3327,#4189);
#4189 = DEFINITIONAL_REPRESENTATION('',(#4190),#4194);
#4190 = LINE('',#4191,#4192);
#4191 = CARTESIAN_POINT('',(0.,1.));
#4192 = VECTOR('',#4193,1.);
#4193 = DIRECTION('',(1.,0.));
#4194 = ( GEOMETRIC_REPRESENTATION_CONTEXT(2) 
PARAMETRIC_REPRESENTATION_CONTEXT() REPRESENTATION_CONTEXT('2D SPACE',''
  ) );
#4195 = PCURVE('',#4077,#4196);
#4196 = DEFINITIONAL_REPRESENTATION('',(#4197),#4201);
#4197 = CIRCLE('',#4198,46.25);
#4198 = AXIS2_PLACEMENT_2D('',#4199,#4200);
#4199 = CARTESIAN_POINT('',(0.,0.));
#4200 = DIRECTION('',(1.,0.));
#4201 = ( GEOMETRIC_REPRESENTATION_CONTEXT(2) 
PARAMETRIC_REPRESENTATION_CONTEXT() REPRESENTATION_CONTEXT('2D SPACE',''
  ) );
#4202 = ORIENTED_EDGE('',*,*,#4041,.T.);
#4203 = ADVANCED_FACE('',(#4204),#3301,.F.);
#4204 = FACE_BOUND('',#4205,.F.);
#4205 = EDGE_LOOP('',(#4206,#4207,#4226,#4227));
#4206 = ORIENTED_EDGE('',*,*,#4112,.F.);
#4207 = ORIENTED_EDGE('',*,*,#4208,.T.);
#4208 = EDGE_CURVE('',#4113,#4161,#4209,.T.);
#4209 = SURFACE_CURVE('',#4210,(#4214,#4220),.PCURVE_S1.);
#4210 = LINE('',#4211,#4212);
#4211 = CARTESIAN_POINT('',(40.214995849876,16.918202375908,79.8));
#4212 = VECTOR('',#4213,1.);
#4213 = DIRECTION('',(-0.666839269176,0.745201576142,0.));
#4214 = PCURVE('',#3301,#4215);
#4215 = DEFINITIONAL_REPRESENTATION('',(#4216),#4219);
#4216 = B_SPLINE_CURVE_WITH_KNOTS('',1,(#4217,#4218),.UNSPECIFIED.,.F.,
  .F.,(2,2),(-10.84969719774,40.971193032298),.PIECEWISE_BEZIER_KNOTS.);
#4217 = CARTESIAN_POINT('',(1.,-3.35977016869));
#4218 = CARTESIAN_POINT('',(1.,-55.18066039873));
#4219 = ( GEOMETRIC_REPRESENTATION_CONTEXT(2) 
PARAMETRIC_REPRESENTATION_CONTEXT() REPRESENTATION_CONTEXT('2D SPACE',''
  ) );
#4220 = PCURVE('',#4077,#4221);
#4221 = DEFINITIONAL_REPRESENTATION('',(#4222),#4225);
#4222 = B_SPLINE_CURVE_WITH_KNOTS('',1,(#4223,#4224),.UNSPECIFIED.,.F.,
  .F.,(2,2),(-10.84969719774,40.971193032298),.PIECEWISE_BEZIER_KNOTS.);
#4223 = CARTESIAN_POINT('',(47.45,8.832990923485));
#4224 = CARTESIAN_POINT('',(12.893795430946,47.45));
#4225 = ( GEOMETRIC_REPRESENTATION_CONTEXT(2) 
PARAMETRIC_REPRESENTATION_CONTEXT() REPRESENTATION_CONTEXT('2D SPACE',''
  ) );
#4226 = ORIENTED_EDGE('',*,*,#4160,.T.);
#4227 = ORIENTED_EDGE('',*,*,#3285,.T.);
#4228 = ADVANCED_FACE('',(#4229),#1444,.F.);
#4229 = FACE_BOUND('',#4230,.F.);
#4230 = EDGE_LOOP('',(#4231,#4232,#4255,#4277,#4297,#4298));
#4231 = ORIENTED_EDGE('',*,*,#1428,.T.);
#4232 = ORIENTED_EDGE('',*,*,#4233,.F.);
#4233 = EDGE_CURVE('',#4234,#1429,#4236,.T.);
#4234 = VERTEX_POINT('',#4235);
#4235 = CARTESIAN_POINT('',(-34.67833026116,-21.4003717327,86.8));
#4236 = SURFACE_CURVE('',#4237,(#4241,#4248),.PCURVE_S1.);
#4237 = LINE('',#4238,#4239);
#4238 = CARTESIAN_POINT('',(-34.67833026116,-21.4003717327,86.8));
#4239 = VECTOR('',#4240,1.);
#4240 = DIRECTION('',(0.,0.,1.));
#4241 = PCURVE('',#1444,#4242);
#4242 = DEFINITIONAL_REPRESENTATION('',(#4243),#4247);
#4243 = LINE('',#4244,#4245);
#4244 = CARTESIAN_POINT('',(0.,-55.78254565538));
#4245 = VECTOR('',#4246,1.);
#4246 = DIRECTION('',(1.,0.));
#4247 = ( GEOMETRIC_REPRESENTATION_CONTEXT(2) 
PARAMETRIC_REPRESENTATION_CONTEXT() REPRESENTATION_CONTEXT('2D SPACE',''
  ) );
#4248 = PCURVE('',#1473,#4249);
#4249 = DEFINITIONAL_REPRESENTATION('',(#4250),#4254);
#4250 = LINE('',#4251,#4252);
#4251 = CARTESIAN_POINT('',(3.694498702715,1.));
#4252 = VECTOR('',#4253,1.);
#4253 = DIRECTION('',(0.,1.));
#4254 = ( GEOMETRIC_REPRESENTATION_CONTEXT(2) 
PARAMETRIC_REPRESENTATION_CONTEXT() REPRESENTATION_CONTEXT('2D SPACE',''
  ) );
#4255 = ORIENTED_EDGE('',*,*,#4256,.T.);
#4256 = EDGE_CURVE('',#4234,#4257,#4259,.T.);
#4257 = VERTEX_POINT('',#4258);
#4258 = CARTESIAN_POINT('',(-34.55329595828,-23.7880692453,86.8));
#4259 = SURFACE_CURVE('',#4260,(#4264,#4271),.PCURVE_S1.);
#4260 = LINE('',#4261,#4262);
#4261 = CARTESIAN_POINT('',(-36.35802832179,10.675712902023,86.8));
#4262 = VECTOR('',#4263,1.);
#4263 = DIRECTION('',(5.229440463894E-02,-0.998631711515,0.));
#4264 = PCURVE('',#1444,#4265);
#4265 = DEFINITIONAL_REPRESENTATION('',(#4266),#4270);
#4266 = LINE('',#4267,#4268);
#4267 = CARTESIAN_POINT('',(0.,-23.66251154784));
#4268 = VECTOR('',#4269,1.);
#4269 = DIRECTION('',(0.,-1.));
#4270 = ( GEOMETRIC_REPRESENTATION_CONTEXT(2) 
PARAMETRIC_REPRESENTATION_CONTEXT() REPRESENTATION_CONTEXT('2D SPACE',''
  ) );
#4271 = PCURVE('',#3539,#4272);
#4272 = DEFINITIONAL_REPRESENTATION('',(#4273),#4276);
#4273 = B_SPLINE_CURVE_WITH_KNOTS('',1,(#4274,#4275),.UNSPECIFIED.,.F.,
  .F.,(2,2),(-12.56242689192,37.687280675774),.PIECEWISE_BEZIER_KNOTS.);
#4274 = CARTESIAN_POINT('',(-37.01497295692,23.220950769888));
#4275 = CARTESIAN_POINT('',(-34.38719441639,-26.96000070157));
#4276 = ( GEOMETRIC_REPRESENTATION_CONTEXT(2) 
PARAMETRIC_REPRESENTATION_CONTEXT() REPRESENTATION_CONTEXT('2D SPACE',''
  ) );
#4277 = ORIENTED_EDGE('',*,*,#4278,.T.);
#4278 = EDGE_CURVE('',#4257,#2988,#4279,.T.);
#4279 = SURFACE_CURVE('',#4280,(#4284,#4291),.PCURVE_S1.);
#4280 = LINE('',#4281,#4282);
#4281 = CARTESIAN_POINT('',(-34.55329595828,-23.7880692453,86.8));
#4282 = VECTOR('',#4283,1.);
#4283 = DIRECTION('',(0.,0.,1.));
#4284 = PCURVE('',#1444,#4285);
#4285 = DEFINITIONAL_REPRESENTATION('',(#4286),#4290);
#4286 = LINE('',#4287,#4288);
#4287 = CARTESIAN_POINT('',(0.,-58.17351470339));
#4288 = VECTOR('',#4289,1.);
#4289 = DIRECTION('',(1.,0.));
#4290 = ( GEOMETRIC_REPRESENTATION_CONTEXT(2) 
PARAMETRIC_REPRESENTATION_CONTEXT() REPRESENTATION_CONTEXT('2D SPACE',''
  ) );
#4291 = PCURVE('',#3027,#4292);
#4292 = DEFINITIONAL_REPRESENTATION('',(#4293),#4296);
#4293 = B_SPLINE_CURVE_WITH_KNOTS('',1,(#4294,#4295),.UNSPECIFIED.,.F.,
  .F.,(2,2),(-6.000000070117E-07,3.0000006),.PIECEWISE_BEZIER_KNOTS.);
#4294 = CARTESIAN_POINT('',(3.744521913184,-6.000000070117E-07));
#4295 = CARTESIAN_POINT('',(3.744521913184,3.0000006));
#4296 = ( GEOMETRIC_REPRESENTATION_CONTEXT(2) 
PARAMETRIC_REPRESENTATION_CONTEXT() REPRESENTATION_CONTEXT('2D SPACE',''
  ) );
#4297 = ORIENTED_EDGE('',*,*,#2987,.T.);
#4298 = ORIENTED_EDGE('',*,*,#4299,.T.);
#4299 = EDGE_CURVE('',#2966,#1402,#4300,.T.);
#4300 = SURFACE_CURVE('',#4301,(#4305,#4312),.PCURVE_S1.);
#4301 = LINE('',#4302,#4303);
#4302 = CARTESIAN_POINT('',(-33.80672209787,-38.04489723947,86.8));
#4303 = VECTOR('',#4304,1.);
#4304 = DIRECTION('',(0.,0.,1.));
#4305 = PCURVE('',#1444,#4306);
#4306 = DEFINITIONAL_REPRESENTATION('',(#4307),#4311);
#4307 = LINE('',#4308,#4309);
#4308 = CARTESIAN_POINT('',(0.,-72.44987687954));
#4309 = VECTOR('',#4310,1.);
#4310 = DIRECTION('',(1.,0.));
#4311 = ( GEOMETRIC_REPRESENTATION_CONTEXT(2) 
PARAMETRIC_REPRESENTATION_CONTEXT() REPRESENTATION_CONTEXT('2D SPACE',''
  ) );
#4312 = PCURVE('',#1417,#4313);
#4313 = DEFINITIONAL_REPRESENTATION('',(#4314),#4318);
#4314 = LINE('',#4315,#4316);
#4315 = CARTESIAN_POINT('',(0.,0.));
#4316 = VECTOR('',#4317,1.);
#4317 = DIRECTION('',(1.,0.));
#4318 = ( GEOMETRIC_REPRESENTATION_CONTEXT(2) 
PARAMETRIC_REPRESENTATION_CONTEXT() REPRESENTATION_CONTEXT('2D SPACE',''
  ) );
#4319 = ADVANCED_FACE('',(#4320),#1417,.T.);
#4320 = FACE_BOUND('',#4321,.T.);
#4321 = EDGE_LOOP('',(#4322,#4323,#4324,#4325));
#4322 = ORIENTED_EDGE('',*,*,#2965,.T.);
#4323 = ORIENTED_EDGE('',*,*,#4299,.T.);
#4324 = ORIENTED_EDGE('',*,*,#1401,.F.);
#4325 = ORIENTED_EDGE('',*,*,#4326,.F.);
#4326 = EDGE_CURVE('',#2942,#1373,#4327,.T.);
#4327 = SURFACE_CURVE('',#4328,(#4332,#4338),.PCURVE_S1.);
#4328 = LINE('',#4329,#4330);
#4329 = CARTESIAN_POINT('',(-58.91137401128,-39.35952886026,87.8));
#4330 = VECTOR('',#4331,1.);
#4331 = DIRECTION('',(0.,0.,1.));
#4332 = PCURVE('',#1417,#4333);
#4333 = DEFINITIONAL_REPRESENTATION('',(#4334),#4337);
#4334 = B_SPLINE_CURVE_WITH_KNOTS('',1,(#4335,#4336),.UNSPECIFIED.,.F.,
  .F.,(2,2),(-6.000000070117E-07,2.0000006),.PIECEWISE_BEZIER_KNOTS.);
#4335 = CARTESIAN_POINT('',(0.9999994,25.139049385211));
#4336 = CARTESIAN_POINT('',(3.0000006,25.139049385211));
#4337 = ( GEOMETRIC_REPRESENTATION_CONTEXT(2) 
PARAMETRIC_REPRESENTATION_CONTEXT() REPRESENTATION_CONTEXT('2D SPACE',''
  ) );
#4338 = PCURVE('',#1389,#4339);
#4339 = DEFINITIONAL_REPRESENTATION('',(#4340),#4343);
#4340 = B_SPLINE_CURVE_WITH_KNOTS('',1,(#4341,#4342),.UNSPECIFIED.,.F.,
  .F.,(2,2),(-6.000000070117E-07,2.0000006),.PIECEWISE_BEZIER_KNOTS.);
#4341 = CARTESIAN_POINT('',(3.73059676541,-6.000000070117E-07));
#4342 = CARTESIAN_POINT('',(3.73059676541,2.0000006));
#4343 = ( GEOMETRIC_REPRESENTATION_CONTEXT(2) 
PARAMETRIC_REPRESENTATION_CONTEXT() REPRESENTATION_CONTEXT('2D SPACE',''
  ) );
#4344 = ADVANCED_FACE('',(#4345),#1389,.T.);
#4345 = FACE_BOUND('',#4346,.T.);
#4346 = EDGE_LOOP('',(#4347,#4348,#4349,#4350,#4371,#4400,#4419,#4420));
#4347 = ORIENTED_EDGE('',*,*,#1372,.F.);
#4348 = ORIENTED_EDGE('',*,*,#3575,.F.);
#4349 = ORIENTED_EDGE('',*,*,#2834,.T.);
#4350 = ORIENTED_EDGE('',*,*,#4351,.F.);
#4351 = EDGE_CURVE('',#4352,#2835,#4354,.T.);
#4352 = VERTEX_POINT('',#4353);
#4353 = CARTESIAN_POINT('',(-66.07726620186,25.563986216711,83.8));
#4354 = SURFACE_CURVE('',#4355,(#4359,#4365),.PCURVE_S1.);
#4355 = LINE('',#4356,#4357);
#4356 = CARTESIAN_POINT('',(-66.07726620186,25.563986216711,83.8));
#4357 = VECTOR('',#4358,1.);
#4358 = DIRECTION('',(0.,0.,1.));
#4359 = PCURVE('',#1389,#4360);
#4360 = DEFINITIONAL_REPRESENTATION('',(#4361),#4364);
#4361 = B_SPLINE_CURVE_WITH_KNOTS('',1,(#4362,#4363),.UNSPECIFIED.,.F.,
  .F.,(2,2),(-6.000000070117E-07,6.0000006),.PIECEWISE_BEZIER_KNOTS.);
#4362 = CARTESIAN_POINT('',(2.772447357266,-4.0000006));
#4363 = CARTESIAN_POINT('',(2.772447357266,2.0000006));
#4364 = ( GEOMETRIC_REPRESENTATION_CONTEXT(2) 
PARAMETRIC_REPRESENTATION_CONTEXT() REPRESENTATION_CONTEXT('2D SPACE',''
  ) );
#4365 = PCURVE('',#2874,#4366);
#4366 = DEFINITIONAL_REPRESENTATION('',(#4367),#4370);
#4367 = B_SPLINE_CURVE_WITH_KNOTS('',1,(#4368,#4369),.UNSPECIFIED.,.F.,
  .F.,(2,2),(-6.000000070117E-07,6.0000006),.PIECEWISE_BEZIER_KNOTS.);
#4368 = CARTESIAN_POINT('',(0.9999994,-13.44927325646));
#4369 = CARTESIAN_POINT('',(7.0000006,-13.44927325646));
#4370 = ( GEOMETRIC_REPRESENTATION_CONTEXT(2) 
PARAMETRIC_REPRESENTATION_CONTEXT() REPRESENTATION_CONTEXT('2D SPACE',''
  ) );
#4371 = ORIENTED_EDGE('',*,*,#4372,.T.);
#4372 = EDGE_CURVE('',#4352,#4373,#4375,.T.);
#4373 = VERTEX_POINT('',#4374);
#4374 = CARTESIAN_POINT('',(-63.04581409703,-32.32565273652,83.8));
#4375 = SURFACE_CURVE('',#4376,(#4381,#4388),.PCURVE_S1.);
#4376 = CIRCLE('',#4377,70.85);
#4377 = AXIS2_PLACEMENT_3D('',#4378,#4379,#4380);
#4378 = CARTESIAN_POINT('',(0.,0.,83.8));
#4379 = DIRECTION('',(0.,0.,1.));
#4380 = DIRECTION('',(1.,0.,0.));
#4381 = PCURVE('',#1389,#4382);
#4382 = DEFINITIONAL_REPRESENTATION('',(#4383),#4387);
#4383 = LINE('',#4384,#4385);
#4384 = CARTESIAN_POINT('',(0.,-4.));
#4385 = VECTOR('',#4386,1.);
#4386 = DIRECTION('',(1.,0.));
#4387 = ( GEOMETRIC_REPRESENTATION_CONTEXT(2) 
PARAMETRIC_REPRESENTATION_CONTEXT() REPRESENTATION_CONTEXT('2D SPACE',''
  ) );
#4388 = PCURVE('',#4389,#4394);
#4389 = PLANE('',#4390);
#4390 = AXIS2_PLACEMENT_3D('',#4391,#4392,#4393);
#4391 = CARTESIAN_POINT('',(0.,0.,83.8));
#4392 = DIRECTION('',(0.,0.,1.));
#4393 = DIRECTION('',(1.,0.,0.));
#4394 = DEFINITIONAL_REPRESENTATION('',(#4395),#4399);
#4395 = CIRCLE('',#4396,70.85);
#4396 = AXIS2_PLACEMENT_2D('',#4397,#4398);
#4397 = CARTESIAN_POINT('',(0.,0.));
#4398 = DIRECTION('',(1.,0.));
#4399 = ( GEOMETRIC_REPRESENTATION_CONTEXT(2) 
PARAMETRIC_REPRESENTATION_CONTEXT() REPRESENTATION_CONTEXT('2D SPACE',''
  ) );
#4400 = ORIENTED_EDGE('',*,*,#4401,.T.);
#4401 = EDGE_CURVE('',#4373,#2915,#4402,.T.);
#4402 = SURFACE_CURVE('',#4403,(#4407,#4413),.PCURVE_S1.);
#4403 = LINE('',#4404,#4405);
#4404 = CARTESIAN_POINT('',(-63.04581409703,-32.32565273652,83.8));
#4405 = VECTOR('',#4406,1.);
#4406 = DIRECTION('',(0.,0.,1.));
#4407 = PCURVE('',#1389,#4408);
#4408 = DEFINITIONAL_REPRESENTATION('',(#4409),#4412);
#4409 = B_SPLINE_CURVE_WITH_KNOTS('',1,(#4410,#4411),.UNSPECIFIED.,.F.,
  .F.,(2,2),(-6.000000070117E-07,6.0000006),.PIECEWISE_BEZIER_KNOTS.);
#4410 = CARTESIAN_POINT('',(3.615374487869,-4.0000006));
#4411 = CARTESIAN_POINT('',(3.615374487869,2.0000006));
#4412 = ( GEOMETRIC_REPRESENTATION_CONTEXT(2) 
PARAMETRIC_REPRESENTATION_CONTEXT() REPRESENTATION_CONTEXT('2D SPACE',''
  ) );
#4413 = PCURVE('',#2930,#4414);
#4414 = DEFINITIONAL_REPRESENTATION('',(#4415),#4418);
#4415 = B_SPLINE_CURVE_WITH_KNOTS('',1,(#4416,#4417),.UNSPECIFIED.,.F.,
  .F.,(2,2),(-6.000000070117E-07,6.0000006),.PIECEWISE_BEZIER_KNOTS.);
#4416 = CARTESIAN_POINT('',(0.9999994,-71.41823046633));
#4417 = CARTESIAN_POINT('',(7.0000006,-71.41823046633));
#4418 = ( GEOMETRIC_REPRESENTATION_CONTEXT(2) 
PARAMETRIC_REPRESENTATION_CONTEXT() REPRESENTATION_CONTEXT('2D SPACE',''
  ) );
#4419 = ORIENTED_EDGE('',*,*,#2941,.T.);
#4420 = ORIENTED_EDGE('',*,*,#4326,.T.);
#4421 = ADVANCED_FACE('',(#4422),#3359,.F.);
#4422 = FACE_BOUND('',#4423,.F.);
#4423 = EDGE_LOOP('',(#4424,#4445,#4471,#4490));
#4424 = ORIENTED_EDGE('',*,*,#4425,.F.);
#4425 = EDGE_CURVE('',#4426,#3344,#4428,.T.);
#4426 = VERTEX_POINT('',#4427);
#4427 = CARTESIAN_POINT('',(-42.41990370128,21.261567909573,79.8));
#4428 = SURFACE_CURVE('',#4429,(#4433,#4439),.PCURVE_S1.);
#4429 = LINE('',#4430,#4431);
#4430 = CARTESIAN_POINT('',(-42.41990370128,21.261567909573,79.8));
#4431 = VECTOR('',#4432,1.);
#4432 = DIRECTION('',(0.,0.,1.));
#4433 = PCURVE('',#3359,#4434);
#4434 = DEFINITIONAL_REPRESENTATION('',(#4435),#4438);
#4435 = B_SPLINE_CURVE_WITH_KNOTS('',1,(#4436,#4437),.UNSPECIFIED.,.F.,
  .F.,(2,2),(-6.000000070117E-07,10.0000006),.PIECEWISE_BEZIER_KNOTS.);
#4436 = CARTESIAN_POINT('',(0.9999994,-4.968135172934));
#4437 = CARTESIAN_POINT('',(11.0000006,-4.968135172934));
#4438 = ( GEOMETRIC_REPRESENTATION_CONTEXT(2) 
PARAMETRIC_REPRESENTATION_CONTEXT() REPRESENTATION_CONTEXT('2D SPACE',''
  ) );
#4439 = PCURVE('',#3442,#4440);
#4440 = DEFINITIONAL_REPRESENTATION('',(#4441),#4444);
#4441 = B_SPLINE_CURVE_WITH_KNOTS('',1,(#4442,#4443),.UNSPECIFIED.,.F.,
  .F.,(2,2),(-6.000000070117E-07,10.0000006),.PIECEWISE_BEZIER_KNOTS.);
#4442 = CARTESIAN_POINT('',(2.6769720875,-6.000000070117E-07));
#4443 = CARTESIAN_POINT('',(2.6769720875,10.0000006));
#4444 = ( GEOMETRIC_REPRESENTATION_CONTEXT(2) 
PARAMETRIC_REPRESENTATION_CONTEXT() REPRESENTATION_CONTEXT('2D SPACE',''
  ) );
#4445 = ORIENTED_EDGE('',*,*,#4446,.T.);
#4446 = EDGE_CURVE('',#4426,#4447,#4449,.T.);
#4447 = VERTEX_POINT('',#4448);
#4448 = CARTESIAN_POINT('',(-42.28737404931,18.730736664992,79.8));
#4449 = SURFACE_CURVE('',#4450,(#4454,#4460),.PCURVE_S1.);
#4450 = LINE('',#4451,#4452);
#4451 = CARTESIAN_POINT('',(-41.93663373615,12.032880524501,79.8));
#4452 = VECTOR('',#4453,1.);
#4453 = DIRECTION('',(5.229440463894E-02,-0.998631711515,0.));
#4454 = PCURVE('',#3359,#4455);
#4455 = DEFINITIONAL_REPRESENTATION('',(#4456),#4459);
#4456 = B_SPLINE_CURVE_WITH_KNOTS('',1,(#4457,#4458),.UNSPECIFIED.,.F.,
  .F.,(2,2),(-14.20946736643,42.628402099296),.PIECEWISE_BEZIER_KNOTS.);
#4457 = CARTESIAN_POINT('',(1.,0.));
#4458 = CARTESIAN_POINT('',(1.,-56.83786946572));
#4459 = ( GEOMETRIC_REPRESENTATION_CONTEXT(2) 
PARAMETRIC_REPRESENTATION_CONTEXT() REPRESENTATION_CONTEXT('2D SPACE',''
  ) );
#4460 = PCURVE('',#4461,#4466);
#4461 = PLANE('',#4462);
#4462 = AXIS2_PLACEMENT_3D('',#4463,#4464,#4465);
#4463 = CARTESIAN_POINT('',(0.,0.,79.8));
#4464 = DIRECTION('',(0.,0.,1.));
#4465 = DIRECTION('',(1.,0.,0.));
#4466 = DEFINITIONAL_REPRESENTATION('',(#4467),#4470);
#4467 = B_SPLINE_CURVE_WITH_KNOTS('',1,(#4468,#4469),.UNSPECIFIED.,.F.,
  .F.,(2,2),(-14.20946736643,42.628402099296),.PIECEWISE_BEZIER_KNOTS.);
#4468 = CARTESIAN_POINT('',(-42.67970937232,26.222905240358));
#4469 = CARTESIAN_POINT('',(-39.70740682766,-30.53719362307));
#4470 = ( GEOMETRIC_REPRESENTATION_CONTEXT(2) 
PARAMETRIC_REPRESENTATION_CONTEXT() REPRESENTATION_CONTEXT('2D SPACE',''
  ) );
#4471 = ORIENTED_EDGE('',*,*,#4472,.T.);
#4472 = EDGE_CURVE('',#4447,#3342,#4473,.T.);
#4473 = SURFACE_CURVE('',#4474,(#4478,#4484),.PCURVE_S1.);
#4474 = LINE('',#4475,#4476);
#4475 = CARTESIAN_POINT('',(-42.28737404931,18.730736664992,78.8));
#4476 = VECTOR('',#4477,1.);
#4477 = DIRECTION('',(0.,0.,1.));
#4478 = PCURVE('',#3359,#4479);
#4479 = DEFINITIONAL_REPRESENTATION('',(#4480),#4483);
#4480 = B_SPLINE_CURVE_WITH_KNOTS('',1,(#4481,#4482),.UNSPECIFIED.,.F.,
  .F.,(2,2),(0.9999994,11.0000006),.PIECEWISE_BEZIER_KNOTS.);
#4481 = CARTESIAN_POINT('',(0.9999994,-7.502434069512));
#4482 = CARTESIAN_POINT('',(11.0000006,-7.502434069512));
#4483 = ( GEOMETRIC_REPRESENTATION_CONTEXT(2) 
PARAMETRIC_REPRESENTATION_CONTEXT() REPRESENTATION_CONTEXT('2D SPACE',''
  ) );
#4484 = PCURVE('',#3388,#4485);
#4485 = DEFINITIONAL_REPRESENTATION('',(#4486),#4489);
#4486 = B_SPLINE_CURVE_WITH_KNOTS('',1,(#4487,#4488),.UNSPECIFIED.,.F.,
  .F.,(2,2),(0.9999994,11.0000006),.PIECEWISE_BEZIER_KNOTS.);
#4487 = CARTESIAN_POINT('',(2.724625962205,0.9999994));
#4488 = CARTESIAN_POINT('',(2.724625962205,11.0000006));
#4489 = ( GEOMETRIC_REPRESENTATION_CONTEXT(2) 
PARAMETRIC_REPRESENTATION_CONTEXT() REPRESENTATION_CONTEXT('2D SPACE',''
  ) );
#4490 = ORIENTED_EDGE('',*,*,#3341,.T.);
#4491 = ADVANCED_FACE('',(#4492),#3442,.T.);
#4492 = FACE_BOUND('',#4493,.T.);
#4493 = EDGE_LOOP('',(#4494,#4515,#4516,#4517));
#4494 = ORIENTED_EDGE('',*,*,#4495,.T.);
#4495 = EDGE_CURVE('',#4496,#3401,#4498,.T.);
#4496 = VERTEX_POINT('',#4497);
#4497 = CARTESIAN_POINT('',(-39.9672124987,-25.57585629228,79.8));
#4498 = SURFACE_CURVE('',#4499,(#4503,#4509),.PCURVE_S1.);
#4499 = LINE('',#4500,#4501);
#4500 = CARTESIAN_POINT('',(-39.9672124987,-25.57585629228,79.8));
#4501 = VECTOR('',#4502,1.);
#4502 = DIRECTION('',(0.,0.,1.));
#4503 = PCURVE('',#3442,#4504);
#4504 = DEFINITIONAL_REPRESENTATION('',(#4505),#4508);
#4505 = B_SPLINE_CURVE_WITH_KNOTS('',1,(#4506,#4507),.UNSPECIFIED.,.F.,
  .F.,(2,2),(-6.000000070117E-07,10.0000006),.PIECEWISE_BEZIER_KNOTS.);
#4506 = CARTESIAN_POINT('',(3.710849757636,-6.000000070117E-07));
#4507 = CARTESIAN_POINT('',(3.710849757636,10.0000006));
#4508 = ( GEOMETRIC_REPRESENTATION_CONTEXT(2) 
PARAMETRIC_REPRESENTATION_CONTEXT() REPRESENTATION_CONTEXT('2D SPACE',''
  ) );
#4509 = PCURVE('',#3416,#4510);
#4510 = DEFINITIONAL_REPRESENTATION('',(#4511),#4514);
#4511 = B_SPLINE_CURVE_WITH_KNOTS('',1,(#4512,#4513),.UNSPECIFIED.,.F.,
  .F.,(2,2),(-6.000000070117E-07,10.0000006),.PIECEWISE_BEZIER_KNOTS.);
#4512 = CARTESIAN_POINT('',(0.9999994,-51.86973429279));
#4513 = CARTESIAN_POINT('',(11.0000006,-51.86973429279));
#4514 = ( GEOMETRIC_REPRESENTATION_CONTEXT(2) 
PARAMETRIC_REPRESENTATION_CONTEXT() REPRESENTATION_CONTEXT('2D SPACE',''
  ) );
#4515 = ORIENTED_EDGE('',*,*,#3427,.F.);
#4516 = ORIENTED_EDGE('',*,*,#4425,.F.);
#4517 = ORIENTED_EDGE('',*,*,#4518,.T.);
#4518 = EDGE_CURVE('',#4426,#4496,#4519,.T.);
#4519 = SURFACE_CURVE('',#4520,(#4525,#4532),.PCURVE_S1.);
#4520 = CIRCLE('',#4521,47.45);
#4521 = AXIS2_PLACEMENT_3D('',#4522,#4523,#4524);
#4522 = CARTESIAN_POINT('',(0.,0.,79.8));
#4523 = DIRECTION('',(0.,0.,1.));
#4524 = DIRECTION('',(1.,0.,0.));
#4525 = PCURVE('',#3442,#4526);
#4526 = DEFINITIONAL_REPRESENTATION('',(#4527),#4531);
#4527 = LINE('',#4528,#4529);
#4528 = CARTESIAN_POINT('',(0.,0.));
#4529 = VECTOR('',#4530,1.);
#4530 = DIRECTION('',(1.,0.));
#4531 = ( GEOMETRIC_REPRESENTATION_CONTEXT(2) 
PARAMETRIC_REPRESENTATION_CONTEXT() REPRESENTATION_CONTEXT('2D SPACE',''
  ) );
#4532 = PCURVE('',#4461,#4533);
#4533 = DEFINITIONAL_REPRESENTATION('',(#4534),#4538);
#4534 = CIRCLE('',#4535,47.45);
#4535 = AXIS2_PLACEMENT_2D('',#4536,#4537);
#4536 = CARTESIAN_POINT('',(0.,0.));
#4537 = DIRECTION('',(1.,0.));
#4538 = ( GEOMETRIC_REPRESENTATION_CONTEXT(2) 
PARAMETRIC_REPRESENTATION_CONTEXT() REPRESENTATION_CONTEXT('2D SPACE',''
  ) );
#4539 = ADVANCED_FACE('',(#4540),#3872,.F.);
#4540 = FACE_BOUND('',#4541,.F.);
#4541 = EDGE_LOOP('',(#4542,#4543,#4544,#4545));
#4542 = ORIENTED_EDGE('',*,*,#3975,.F.);
#4543 = ORIENTED_EDGE('',*,*,#4002,.T.);
#4544 = ORIENTED_EDGE('',*,*,#3857,.F.);
#4545 = ORIENTED_EDGE('',*,*,#3928,.F.);
#4546 = ADVANCED_FACE('',(#4547),#4077,.F.);
#4547 = FACE_BOUND('',#4548,.F.);
#4548 = EDGE_LOOP('',(#4549,#4550,#4551,#4552));
#4549 = ORIENTED_EDGE('',*,*,#4208,.F.);
#4550 = ORIENTED_EDGE('',*,*,#4133,.T.);
#4551 = ORIENTED_EDGE('',*,*,#4062,.F.);
#4552 = ORIENTED_EDGE('',*,*,#4181,.F.);
#4553 = ADVANCED_FACE('',(#4554),#1473,.F.);
#4554 = FACE_BOUND('',#4555,.F.);
#4555 = EDGE_LOOP('',(#4556,#4557,#4558,#4580));
#4556 = ORIENTED_EDGE('',*,*,#1456,.F.);
#4557 = ORIENTED_EDGE('',*,*,#3550,.T.);
#4558 = ORIENTED_EDGE('',*,*,#4559,.T.);
#4559 = EDGE_CURVE('',#3524,#4234,#4560,.T.);
#4560 = SURFACE_CURVE('',#4561,(#4566,#4573),.PCURVE_S1.);
#4561 = CIRCLE('',#4562,40.75);
#4562 = AXIS2_PLACEMENT_3D('',#4563,#4564,#4565);
#4563 = CARTESIAN_POINT('',(0.,0.,86.8));
#4564 = DIRECTION('',(0.,0.,1.));
#4565 = DIRECTION('',(1.,0.,-0.));
#4566 = PCURVE('',#1473,#4567);
#4567 = DEFINITIONAL_REPRESENTATION('',(#4568),#4572);
#4568 = LINE('',#4569,#4570);
#4569 = CARTESIAN_POINT('',(0.,1.));
#4570 = VECTOR('',#4571,1.);
#4571 = DIRECTION('',(1.,0.));
#4572 = ( GEOMETRIC_REPRESENTATION_CONTEXT(2) 
PARAMETRIC_REPRESENTATION_CONTEXT() REPRESENTATION_CONTEXT('2D SPACE',''
  ) );
#4573 = PCURVE('',#3539,#4574);
#4574 = DEFINITIONAL_REPRESENTATION('',(#4575),#4579);
#4575 = CIRCLE('',#4576,40.75);
#4576 = AXIS2_PLACEMENT_2D('',#4577,#4578);
#4577 = CARTESIAN_POINT('',(0.,0.));
#4578 = DIRECTION('',(1.,0.));
#4579 = ( GEOMETRIC_REPRESENTATION_CONTEXT(2) 
PARAMETRIC_REPRESENTATION_CONTEXT() REPRESENTATION_CONTEXT('2D SPACE',''
  ) );
#4580 = ORIENTED_EDGE('',*,*,#4233,.T.);
#4581 = ADVANCED_FACE('',(#4582),#3416,.F.);
#4582 = FACE_BOUND('',#4583,.F.);
#4583 = EDGE_LOOP('',(#4584,#4605,#4624,#4625));
#4584 = ORIENTED_EDGE('',*,*,#4585,.F.);
#4585 = EDGE_CURVE('',#4586,#3372,#4588,.T.);
#4586 = VERTEX_POINT('',#4587);
#4587 = CARTESIAN_POINT('',(-40.09974215067,-23.0450250477,79.8));
#4588 = SURFACE_CURVE('',#4589,(#4593,#4599),.PCURVE_S1.);
#4589 = LINE('',#4590,#4591);
#4590 = CARTESIAN_POINT('',(-40.09974215067,-23.0450250477,78.8));
#4591 = VECTOR('',#4592,1.);
#4592 = DIRECTION('',(0.,0.,1.));
#4593 = PCURVE('',#3416,#4594);
#4594 = DEFINITIONAL_REPRESENTATION('',(#4595),#4598);
#4595 = B_SPLINE_CURVE_WITH_KNOTS('',1,(#4596,#4597),.UNSPECIFIED.,.F.,
  .F.,(2,2),(0.9999994,11.0000006),.PIECEWISE_BEZIER_KNOTS.);
#4596 = CARTESIAN_POINT('',(0.9999994,-49.33543539621));
#4597 = CARTESIAN_POINT('',(11.0000006,-49.33543539621));
#4598 = ( GEOMETRIC_REPRESENTATION_CONTEXT(2) 
PARAMETRIC_REPRESENTATION_CONTEXT() REPRESENTATION_CONTEXT('2D SPACE',''
  ) );
#4599 = PCURVE('',#3388,#4600);
#4600 = DEFINITIONAL_REPRESENTATION('',(#4601),#4604);
#4601 = B_SPLINE_CURVE_WITH_KNOTS('',1,(#4602,#4603),.UNSPECIFIED.,.F.,
  .F.,(2,2),(0.9999994,11.0000006),.PIECEWISE_BEZIER_KNOTS.);
#4602 = CARTESIAN_POINT('',(3.66319588293,0.9999994));
#4603 = CARTESIAN_POINT('',(3.66319588293,11.0000006));
#4604 = ( GEOMETRIC_REPRESENTATION_CONTEXT(2) 
PARAMETRIC_REPRESENTATION_CONTEXT() REPRESENTATION_CONTEXT('2D SPACE',''
  ) );
#4605 = ORIENTED_EDGE('',*,*,#4606,.T.);
#4606 = EDGE_CURVE('',#4586,#4496,#4607,.T.);
#4607 = SURFACE_CURVE('',#4608,(#4612,#4618),.PCURVE_S1.);
#4608 = LINE('',#4609,#4610);
#4609 = CARTESIAN_POINT('',(-41.93663373615,12.032880524501,79.8));
#4610 = VECTOR('',#4611,1.);
#4611 = DIRECTION('',(5.229440463894E-02,-0.998631711515,0.));
#4612 = PCURVE('',#3416,#4613);
#4613 = DEFINITIONAL_REPRESENTATION('',(#4614),#4617);
#4614 = B_SPLINE_CURVE_WITH_KNOTS('',1,(#4615,#4616),.UNSPECIFIED.,.F.,
  .F.,(2,2),(-14.20946736643,42.628402099296),.PIECEWISE_BEZIER_KNOTS.);
#4615 = CARTESIAN_POINT('',(1.,0.));
#4616 = CARTESIAN_POINT('',(1.,-56.83786946572));
#4617 = ( GEOMETRIC_REPRESENTATION_CONTEXT(2) 
PARAMETRIC_REPRESENTATION_CONTEXT() REPRESENTATION_CONTEXT('2D SPACE',''
  ) );
#4618 = PCURVE('',#4461,#4619);
#4619 = DEFINITIONAL_REPRESENTATION('',(#4620),#4623);
#4620 = B_SPLINE_CURVE_WITH_KNOTS('',1,(#4621,#4622),.UNSPECIFIED.,.F.,
  .F.,(2,2),(-14.20946736643,42.628402099296),.PIECEWISE_BEZIER_KNOTS.);
#4621 = CARTESIAN_POINT('',(-42.67970937232,26.222905240358));
#4622 = CARTESIAN_POINT('',(-39.70740682766,-30.53719362307));
#4623 = ( GEOMETRIC_REPRESENTATION_CONTEXT(2) 
PARAMETRIC_REPRESENTATION_CONTEXT() REPRESENTATION_CONTEXT('2D SPACE',''
  ) );
#4624 = ORIENTED_EDGE('',*,*,#4495,.T.);
#4625 = ORIENTED_EDGE('',*,*,#3400,.T.);
#4626 = ADVANCED_FACE('',(#4627),#3388,.F.);
#4627 = FACE_BOUND('',#4628,.F.);
#4628 = EDGE_LOOP('',(#4629,#4630,#4631,#4653));
#4629 = ORIENTED_EDGE('',*,*,#3371,.F.);
#4630 = ORIENTED_EDGE('',*,*,#4472,.F.);
#4631 = ORIENTED_EDGE('',*,*,#4632,.T.);
#4632 = EDGE_CURVE('',#4447,#4586,#4633,.T.);
#4633 = SURFACE_CURVE('',#4634,(#4639,#4646),.PCURVE_S1.);
#4634 = CIRCLE('',#4635,46.25);
#4635 = AXIS2_PLACEMENT_3D('',#4636,#4637,#4638);
#4636 = CARTESIAN_POINT('',(0.,0.,79.8));
#4637 = DIRECTION('',(0.,0.,1.));
#4638 = DIRECTION('',(1.,0.,-0.));
#4639 = PCURVE('',#3388,#4640);
#4640 = DEFINITIONAL_REPRESENTATION('',(#4641),#4645);
#4641 = LINE('',#4642,#4643);
#4642 = CARTESIAN_POINT('',(0.,1.));
#4643 = VECTOR('',#4644,1.);
#4644 = DIRECTION('',(1.,0.));
#4645 = ( GEOMETRIC_REPRESENTATION_CONTEXT(2) 
PARAMETRIC_REPRESENTATION_CONTEXT() REPRESENTATION_CONTEXT('2D SPACE',''
  ) );
#4646 = PCURVE('',#4461,#4647);
#4647 = DEFINITIONAL_REPRESENTATION('',(#4648),#4652);
#4648 = CIRCLE('',#4649,46.25);
#4649 = AXIS2_PLACEMENT_2D('',#4650,#4651);
#4650 = CARTESIAN_POINT('',(0.,0.));
#4651 = DIRECTION('',(1.,0.));
#4652 = ( GEOMETRIC_REPRESENTATION_CONTEXT(2) 
PARAMETRIC_REPRESENTATION_CONTEXT() REPRESENTATION_CONTEXT('2D SPACE',''
  ) );
#4653 = ORIENTED_EDGE('',*,*,#4585,.T.);
#4654 = ADVANCED_FACE('',(#4655),#3027,.T.);
#4655 = FACE_BOUND('',#4656,.T.);
#4656 = EDGE_LOOP('',(#4657,#4658,#4659,#4681));
#4657 = ORIENTED_EDGE('',*,*,#3010,.F.);
#4658 = ORIENTED_EDGE('',*,*,#3501,.F.);
#4659 = ORIENTED_EDGE('',*,*,#4660,.T.);
#4660 = EDGE_CURVE('',#3502,#4257,#4661,.T.);
#4661 = SURFACE_CURVE('',#4662,(#4667,#4674),.PCURVE_S1.);
#4662 = CIRCLE('',#4663,41.95);
#4663 = AXIS2_PLACEMENT_3D('',#4664,#4665,#4666);
#4664 = CARTESIAN_POINT('',(0.,0.,86.8));
#4665 = DIRECTION('',(0.,0.,1.));
#4666 = DIRECTION('',(1.,0.,0.));
#4667 = PCURVE('',#3027,#4668);
#4668 = DEFINITIONAL_REPRESENTATION('',(#4669),#4673);
#4669 = LINE('',#4670,#4671);
#4670 = CARTESIAN_POINT('',(0.,0.));
#4671 = VECTOR('',#4672,1.);
#4672 = DIRECTION('',(1.,0.));
#4673 = ( GEOMETRIC_REPRESENTATION_CONTEXT(2) 
PARAMETRIC_REPRESENTATION_CONTEXT() REPRESENTATION_CONTEXT('2D SPACE',''
  ) );
#4674 = PCURVE('',#3539,#4675);
#4675 = DEFINITIONAL_REPRESENTATION('',(#4676),#4680);
#4676 = CIRCLE('',#4677,41.95);
#4677 = AXIS2_PLACEMENT_2D('',#4678,#4679);
#4678 = CARTESIAN_POINT('',(0.,0.));
#4679 = DIRECTION('',(1.,0.));
#4680 = ( GEOMETRIC_REPRESENTATION_CONTEXT(2) 
PARAMETRIC_REPRESENTATION_CONTEXT() REPRESENTATION_CONTEXT('2D SPACE',''
  ) );
#4681 = ORIENTED_EDGE('',*,*,#4278,.T.);
#4682 = ADVANCED_FACE('',(#4683),#2930,.F.);
#4683 = FACE_BOUND('',#4684,.F.);
#4684 = EDGE_LOOP('',(#4685,#4706,#4725,#4726));
#4685 = ORIENTED_EDGE('',*,*,#4686,.F.);
#4686 = EDGE_CURVE('',#4687,#2886,#4689,.T.);
#4687 = VERTEX_POINT('',#4688);
#4688 = CARTESIAN_POINT('',(-63.20641866263,-29.25869340629,83.8));
#4689 = SURFACE_CURVE('',#4690,(#4694,#4700),.PCURVE_S1.);
#4690 = LINE('',#4691,#4692);
#4691 = CARTESIAN_POINT('',(-63.20641866263,-29.25869340629,82.8));
#4692 = VECTOR('',#4693,1.);
#4693 = DIRECTION('',(0.,0.,1.));
#4694 = PCURVE('',#2930,#4695);
#4695 = DEFINITIONAL_REPRESENTATION('',(#4696),#4699);
#4696 = B_SPLINE_CURVE_WITH_KNOTS('',1,(#4697,#4698),.UNSPECIFIED.,.F.,
  .F.,(2,2),(0.9999994,7.0000006),.PIECEWISE_BEZIER_KNOTS.);
#4697 = CARTESIAN_POINT('',(0.9999994,-68.3470689011));
#4698 = CARTESIAN_POINT('',(7.0000006,-68.3470689011));
#4699 = ( GEOMETRIC_REPRESENTATION_CONTEXT(2) 
PARAMETRIC_REPRESENTATION_CONTEXT() REPRESENTATION_CONTEXT('2D SPACE',''
  ) );
#4700 = PCURVE('',#2902,#4701);
#4701 = DEFINITIONAL_REPRESENTATION('',(#4702),#4705);
#4702 = B_SPLINE_CURVE_WITH_KNOTS('',1,(#4703,#4704),.UNSPECIFIED.,.F.,
  .F.,(2,2),(0.9999994,7.0000006),.PIECEWISE_BEZIER_KNOTS.);
#4703 = CARTESIAN_POINT('',(3.575128048176,0.9999994));
#4704 = CARTESIAN_POINT('',(3.575128048176,7.0000006));
#4705 = ( GEOMETRIC_REPRESENTATION_CONTEXT(2) 
PARAMETRIC_REPRESENTATION_CONTEXT() REPRESENTATION_CONTEXT('2D SPACE',''
  ) );
#4706 = ORIENTED_EDGE('',*,*,#4707,.T.);
#4707 = EDGE_CURVE('',#4687,#4373,#4708,.T.);
#4708 = SURFACE_CURVE('',#4709,(#4713,#4719),.PCURVE_S1.);
#4709 = LINE('',#4710,#4711);
#4710 = CARTESIAN_POINT('',(-65.67106404454,17.80701186377,83.8));
#4711 = VECTOR('',#4712,1.);
#4712 = DIRECTION('',(5.229440463894E-02,-0.998631711515,0.));
#4713 = PCURVE('',#2930,#4714);
#4714 = DEFINITIONAL_REPRESENTATION('',(#4715),#4718);
#4715 = B_SPLINE_CURVE_WITH_KNOTS('',1,(#4716,#4717),.UNSPECIFIED.,.F.,
  .F.,(2,2),(-21.2168759307,63.650627792099),.PIECEWISE_BEZIER_KNOTS.);
#4716 = CARTESIAN_POINT('',(1.,0.));
#4717 = CARTESIAN_POINT('',(1.,-84.86750372279));
#4718 = ( GEOMETRIC_REPRESENTATION_CONTEXT(2) 
PARAMETRIC_REPRESENTATION_CONTEXT() REPRESENTATION_CONTEXT('2D SPACE',''
  ) );
#4719 = PCURVE('',#4389,#4720);
#4720 = DEFINITIONAL_REPRESENTATION('',(#4721),#4724);
#4721 = B_SPLINE_CURVE_WITH_KNOTS('',1,(#4722,#4723),.UNSPECIFIED.,.F.,
  .F.,(2,2),(-21.2168759307,63.650627792099),.PIECEWISE_BEZIER_KNOTS.);
#4722 = CARTESIAN_POINT('',(-66.78058793963,38.994856987447));
#4723 = CARTESIAN_POINT('',(-62.34249235925,-45.75652350726));
#4724 = ( GEOMETRIC_REPRESENTATION_CONTEXT(2) 
PARAMETRIC_REPRESENTATION_CONTEXT() REPRESENTATION_CONTEXT('2D SPACE',''
  ) );
#4725 = ORIENTED_EDGE('',*,*,#4401,.T.);
#4726 = ORIENTED_EDGE('',*,*,#2914,.T.);
#4727 = ADVANCED_FACE('',(#4728),#2902,.F.);
#4728 = FACE_BOUND('',#4729,.F.);
#4729 = EDGE_LOOP('',(#4730,#4731,#4752,#4774));
#4730 = ORIENTED_EDGE('',*,*,#2885,.F.);
#4731 = ORIENTED_EDGE('',*,*,#4732,.F.);
#4732 = EDGE_CURVE('',#4733,#2859,#4735,.T.);
#4733 = VERTEX_POINT('',#4734);
#4734 = CARTESIAN_POINT('',(-65.91666163625,22.49702688648,83.8));
#4735 = SURFACE_CURVE('',#4736,(#4740,#4746),.PCURVE_S1.);
#4736 = LINE('',#4737,#4738);
#4737 = CARTESIAN_POINT('',(-65.91666163625,22.49702688648,82.8));
#4738 = VECTOR('',#4739,1.);
#4739 = DIRECTION('',(0.,0.,1.));
#4740 = PCURVE('',#2902,#4741);
#4741 = DEFINITIONAL_REPRESENTATION('',(#4742),#4745);
#4742 = B_SPLINE_CURVE_WITH_KNOTS('',1,(#4743,#4744),.UNSPECIFIED.,.F.,
  .F.,(2,2),(0.9999994,7.0000006),.PIECEWISE_BEZIER_KNOTS.);
#4743 = CARTESIAN_POINT('',(2.812693796959,0.9999994));
#4744 = CARTESIAN_POINT('',(2.812693796959,7.0000006));
#4745 = ( GEOMETRIC_REPRESENTATION_CONTEXT(2) 
PARAMETRIC_REPRESENTATION_CONTEXT() REPRESENTATION_CONTEXT('2D SPACE',''
  ) );
#4746 = PCURVE('',#2874,#4747);
#4747 = DEFINITIONAL_REPRESENTATION('',(#4748),#4751);
#4748 = B_SPLINE_CURVE_WITH_KNOTS('',1,(#4749,#4750),.UNSPECIFIED.,.F.,
  .F.,(2,2),(0.9999994,7.0000006),.PIECEWISE_BEZIER_KNOTS.);
#4749 = CARTESIAN_POINT('',(0.9999994,-16.5204348217));
#4750 = CARTESIAN_POINT('',(7.0000006,-16.5204348217));
#4751 = ( GEOMETRIC_REPRESENTATION_CONTEXT(2) 
PARAMETRIC_REPRESENTATION_CONTEXT() REPRESENTATION_CONTEXT('2D SPACE',''
  ) );
#4752 = ORIENTED_EDGE('',*,*,#4753,.T.);
#4753 = EDGE_CURVE('',#4733,#4687,#4754,.T.);
#4754 = SURFACE_CURVE('',#4755,(#4760,#4767),.PCURVE_S1.);
#4755 = CIRCLE('',#4756,69.65);
#4756 = AXIS2_PLACEMENT_3D('',#4757,#4758,#4759);
#4757 = CARTESIAN_POINT('',(0.,0.,83.8));
#4758 = DIRECTION('',(0.,0.,1.));
#4759 = DIRECTION('',(1.,0.,-0.));
#4760 = PCURVE('',#2902,#4761);
#4761 = DEFINITIONAL_REPRESENTATION('',(#4762),#4766);
#4762 = LINE('',#4763,#4764);
#4763 = CARTESIAN_POINT('',(0.,1.));
#4764 = VECTOR('',#4765,1.);
#4765 = DIRECTION('',(1.,0.));
#4766 = ( GEOMETRIC_REPRESENTATION_CONTEXT(2) 
PARAMETRIC_REPRESENTATION_CONTEXT() REPRESENTATION_CONTEXT('2D SPACE',''
  ) );
#4767 = PCURVE('',#4389,#4768);
#4768 = DEFINITIONAL_REPRESENTATION('',(#4769),#4773);
#4769 = CIRCLE('',#4770,69.65);
#4770 = AXIS2_PLACEMENT_2D('',#4771,#4772);
#4771 = CARTESIAN_POINT('',(0.,0.));
#4772 = DIRECTION('',(1.,0.));
#4773 = ( GEOMETRIC_REPRESENTATION_CONTEXT(2) 
PARAMETRIC_REPRESENTATION_CONTEXT() REPRESENTATION_CONTEXT('2D SPACE',''
  ) );
#4774 = ORIENTED_EDGE('',*,*,#4686,.T.);
#4775 = ADVANCED_FACE('',(#4776),#2874,.F.);
#4776 = FACE_BOUND('',#4777,.F.);
#4777 = EDGE_LOOP('',(#4778,#4779,#4798,#4799));
#4778 = ORIENTED_EDGE('',*,*,#4351,.F.);
#4779 = ORIENTED_EDGE('',*,*,#4780,.T.);
#4780 = EDGE_CURVE('',#4352,#4733,#4781,.T.);
#4781 = SURFACE_CURVE('',#4782,(#4786,#4792),.PCURVE_S1.);
#4782 = LINE('',#4783,#4784);
#4783 = CARTESIAN_POINT('',(-65.67106404454,17.80701186377,83.8));
#4784 = VECTOR('',#4785,1.);
#4785 = DIRECTION('',(5.229440463894E-02,-0.998631711515,0.));
#4786 = PCURVE('',#2874,#4787);
#4787 = DEFINITIONAL_REPRESENTATION('',(#4788),#4791);
#4788 = B_SPLINE_CURVE_WITH_KNOTS('',1,(#4789,#4790),.UNSPECIFIED.,.F.,
  .F.,(2,2),(-21.2168759307,63.650627792099),.PIECEWISE_BEZIER_KNOTS.);
#4789 = CARTESIAN_POINT('',(1.,0.));
#4790 = CARTESIAN_POINT('',(1.,-84.86750372279));
#4791 = ( GEOMETRIC_REPRESENTATION_CONTEXT(2) 
PARAMETRIC_REPRESENTATION_CONTEXT() REPRESENTATION_CONTEXT('2D SPACE',''
  ) );
#4792 = PCURVE('',#4389,#4793);
#4793 = DEFINITIONAL_REPRESENTATION('',(#4794),#4797);
#4794 = B_SPLINE_CURVE_WITH_KNOTS('',1,(#4795,#4796),.UNSPECIFIED.,.F.,
  .F.,(2,2),(-21.2168759307,63.650627792099),.PIECEWISE_BEZIER_KNOTS.);
#4795 = CARTESIAN_POINT('',(-66.78058793963,38.994856987447));
#4796 = CARTESIAN_POINT('',(-62.34249235925,-45.75652350726));
#4797 = ( GEOMETRIC_REPRESENTATION_CONTEXT(2) 
PARAMETRIC_REPRESENTATION_CONTEXT() REPRESENTATION_CONTEXT('2D SPACE',''
  ) );
#4798 = ORIENTED_EDGE('',*,*,#4732,.T.);
#4799 = ORIENTED_EDGE('',*,*,#2858,.T.);
#4800 = ADVANCED_FACE('',(#4801),#4461,.F.);
#4801 = FACE_BOUND('',#4802,.F.);
#4802 = EDGE_LOOP('',(#4803,#4804,#4805,#4806));
#4803 = ORIENTED_EDGE('',*,*,#4446,.F.);
#4804 = ORIENTED_EDGE('',*,*,#4518,.T.);
#4805 = ORIENTED_EDGE('',*,*,#4606,.F.);
#4806 = ORIENTED_EDGE('',*,*,#4632,.F.);
#4807 = ADVANCED_FACE('',(#4808),#3539,.F.);
#4808 = FACE_BOUND('',#4809,.F.);
#4809 = EDGE_LOOP('',(#4810,#4811,#4812,#4813));
#4810 = ORIENTED_EDGE('',*,*,#3523,.F.);
#4811 = ORIENTED_EDGE('',*,*,#4660,.T.);
#4812 = ORIENTED_EDGE('',*,*,#4256,.F.);
#4813 = ORIENTED_EDGE('',*,*,#4559,.F.);
#4814 = ADVANCED_FACE('',(#4815),#4389,.F.);
#4815 = FACE_BOUND('',#4816,.F.);
#4816 = EDGE_LOOP('',(#4817,#4818,#4819,#4820));
#4817 = ORIENTED_EDGE('',*,*,#4780,.F.);
#4818 = ORIENTED_EDGE('',*,*,#4372,.T.);
#4819 = ORIENTED_EDGE('',*,*,#4707,.F.);
#4820 = ORIENTED_EDGE('',*,*,#4753,.F.);
#4821 = ( GEOMETRIC_REPRESENTATION_CONTEXT(3) 
GLOBAL_UNCERTAINTY_ASSIGNED_CONTEXT((#4825)) 
GLOBAL_UNIT_ASSIGNED_CONTEXT((#4822,#4823,#4824)) REPRESENTATION_CONTEXT
('Context #1','3D Context with UNIT and UNCERTAINTY') );
#4822 = ( LENGTH_UNIT() NAMED_UNIT(*) SI_UNIT(.MILLI.,.METRE.) );
#4823 = ( NAMED_UNIT(*) PLANE_ANGLE_UNIT() SI_UNIT($,.RADIAN.) );
#4824 = ( NAMED_UNIT(*) SI_UNIT($,.STERADIAN.) SOLID_ANGLE_UNIT() );
#4825 = UNCERTAINTY_MEASURE_WITH_UNIT(LENGTH_MEASURE(2.E-07),#4822,
  'distance_accuracy_value','confusion accuracy');
#4826 = PRODUCT_RELATED_PRODUCT_CATEGORY('part',$,(#7));
ENDSEC;
END-ISO-10303-21;
